time,gate_loss_unconstrained,phase
1948-10-01,0.021839477,spinup1
1948-10-02,0.017528271,spinup1
1948-10-03,0.017790759,spinup1
1948-10-04,0.02487603,spinup1
1948-10-05,0.0056801396,spinup1
1948-10-06,0.009781578,spinup1
1948-10-07,0.0016474033,spinup1
1948-10-08,0.023481172,spinup1
1948-10-09,0.017100058,spinup1
1948-10-10,0.0032066605,spinup1
1948-10-11,0.0008576872,spinup1
1948-10-12,0.018060787,spinup1
1948-10-13,0.017363604,spinup1
1948-10-14,0.005185565,spinup1
1948-10-15,0.008613902,spinup1
1948-10-16,0.009148292,spinup1
1948-10-17,0.0015260844,spinup1
1948-10-18,0.010852004,spinup1
1948-10-19,0.009103711,spinup1
1948-10-20,0.004512295,spinup1
1948-10-21,0.0074471673,spinup1
1948-10-22,0.0043087606,spinup1
1948-10-23,0.006951974,spinup1
1948-10-24,0.0018001426,spinup1
1948-10-25,0.0022001925,spinup1
1948-10-26,0.0022190423,spinup1
1948-10-27,0.0049369275,spinup1
1948-10-28,0.008592811,spinup1
1948-10-29,0.008923047,spinup1
1948-10-30,0.0031026332,spinup1
1948-10-31,0.001465828,spinup1
1948-11-01,0.00072075275,spinup1
1948-11-02,0.0067866873,spinup1
1948-11-03,0.0010115536,spinup1
1948-11-04,0.003502121,spinup1
1948-11-05,0.0011506417,spinup1
1948-11-06,0.005728634,spinup1
1948-11-07,0.0037734471,spinup1
1948-11-08,0.0024718908,spinup1
1948-11-09,0.000818026,spinup1
1948-11-10,0.004018896,spinup1
1948-11-11,0.0016770046,spinup1
1948-11-12,0.0014176227,spinup1
1948-11-13,0.0010807766,spinup1
1948-11-14,0.0009304264,spinup1
1948-11-15,0.0014780684,spinup1
1948-11-16,0.00062022987,spinup1
1948-11-17,0.0015939713,spinup1
1948-11-18,0.0008141618,spinup1
1948-11-19,0.002998603,spinup1
1948-11-20,0.005032103,spinup1
1948-11-21,0.0009883379,spinup1
1948-11-22,0.00064642983,spinup1
1948-11-23,0.00067332544,spinup1
1948-11-24,0.0023050697,spinup1
1948-11-25,0.0033553252,spinup1
1948-11-26,0.00058491394,spinup1
1948-11-27,0.00057392253,spinup1
1948-11-28,0.0007362531,spinup1
1948-11-29,0.0015636765,spinup1
1948-11-30,0.0018648605,spinup1
1948-12-01,0.0022748061,spinup1
1948-12-02,0.0009366103,spinup1
1948-12-03,0.0024758938,spinup1
1948-12-04,0.0009815617,spinup1
1948-12-05,0.00096109504,spinup1
1948-12-06,0.0021958796,spinup1
1948-12-07,0.000550413,spinup1
1948-12-08,0.0021519167,spinup1
1948-12-09,0.002863983,spinup1
1948-12-10,0.0022266272,spinup1
1948-12-11,0.0019759545,spinup1
1948-12-12,0.0008303004,spinup1
1948-12-13,0.0006034575,spinup1
1948-12-14,0.00072405126,spinup1
1948-12-15,0.0011432522,spinup1
1948-12-16,0.00060241803,spinup1
1948-12-17,0.0006704304,spinup1
1948-12-18,0.00052818237,spinup1
1948-12-19,0.0008366862,spinup1
1948-12-20,0.0018811952,spinup1
1948-12-21,0.0011628643,spinup1
1948-12-22,0.001020025,spinup1
1948-12-23,0.001208065,spinup1
1948-12-24,0.0008922454,spinup1
1948-12-25,0.0007901283,spinup1
1948-12-26,0.0007865985,spinup1
1948-12-27,0.0009675645,spinup1
1948-12-28,0.0009902099,spinup1
1948-12-29,0.00086101546,spinup1
1948-12-30,0.0012854264,spinup1
1948-12-31,0.0014394261,spinup1
1949-01-01,0.0011822003,spinup1
1949-01-02,0.0010213414,spinup1
1949-01-03,0.0008483624,spinup1
1949-01-04,0.00074807915,spinup1
1949-01-05,0.0007060034,spinup1
1949-01-06,0.0013766439,spinup1
1949-01-07,0.0010028061,spinup1
1949-01-08,0.0014558099,spinup1
1949-01-09,0.0024457143,spinup1
1949-01-10,0.003057956,spinup1
1949-01-11,0.0017464391,spinup1
1949-01-12,0.00088452466,spinup1
1949-01-13,0.0007069161,spinup1
1949-01-14,0.00088795647,spinup1
1949-01-15,0.0025527375,spinup1
1949-01-16,0.0017181243,spinup1
1949-01-17,0.00054592174,spinup1
1949-01-18,0.0009445399,spinup1
1949-01-19,0.00083697436,spinup1
1949-01-20,0.0010041005,spinup1
1949-01-21,0.00054913305,spinup1
1949-01-22,0.00052754476,spinup1
1949-01-23,0.0010956469,spinup1
1949-01-24,0.0012827816,spinup1
1949-01-25,0.0007456989,spinup1
1949-01-26,0.00065631024,spinup1
1949-01-27,0.001051907,spinup1
1949-01-28,0.0016587271,spinup1
1949-01-29,0.0010286559,spinup1
1949-01-30,0.0005844095,spinup1
1949-01-31,0.0004835246,spinup1
1949-02-01,0.00055844587,spinup1
1949-02-02,0.0020683457,spinup1
1949-02-03,0.0006519131,spinup1
1949-02-04,0.00055050827,spinup1
1949-02-05,0.00059201696,spinup1
1949-02-06,0.0005646929,spinup1
1949-02-07,0.0009573823,spinup1
1949-02-08,0.0006037178,spinup1
1949-02-09,0.00060700567,spinup1
1949-02-10,0.005392415,spinup1
1949-02-11,0.0034230263,spinup1
1949-02-12,0.0051747346,spinup1
1949-02-13,0.0015537943,spinup1
1949-02-14,0.0015381626,spinup1
1949-02-15,0.0011894314,spinup1
1949-02-16,0.0008455922,spinup1
1949-02-17,0.0017575326,spinup1
1949-02-18,0.0008394998,spinup1
1949-02-19,0.00091031473,spinup1
1949-02-20,0.0012082724,spinup1
1949-02-21,0.00074415916,spinup1
1949-02-22,0.0010292755,spinup1
1949-02-23,0.002241681,spinup1
1949-02-24,0.0008858953,spinup1
1949-02-25,0.004174888,spinup1
1949-02-26,0.0008792119,spinup1
1949-02-27,0.00080662634,spinup1
1949-02-28,0.007371477,spinup1
1949-03-01,0.003942709,spinup1
1949-03-02,0.0030936995,spinup1
1949-03-03,0.0048654675,spinup1
1949-03-04,0.0068770964,spinup1
1949-03-05,0.0017973724,spinup1
1949-03-06,0.0011054825,spinup1
1949-03-07,0.004694711,spinup1
1949-03-08,0.005228237,spinup1
1949-03-09,0.0012675672,spinup1
1949-03-10,0.006419742,spinup1
1949-03-11,0.0059285867,spinup1
1949-03-12,0.0025581752,spinup1
1949-03-13,0.001054623,spinup1
1949-03-14,0.0006260851,spinup1
1949-03-15,0.0054303748,spinup1
1949-03-16,0.0036030442,spinup1
1949-03-17,0.0018554763,spinup1
1949-03-18,0.0015376356,spinup1
1949-03-19,0.003023131,spinup1
1949-03-20,0.012352331,spinup1
1949-03-21,0.002369819,spinup1
1949-03-22,0.008815981,spinup1
1949-03-23,0.0025388685,spinup1
1949-03-24,0.0015868869,spinup1
1949-03-25,0.0025449267,spinup1
1949-03-26,0.0022294782,spinup1
1949-03-27,0.0007465345,spinup1
1949-03-28,0.0014717466,spinup1
1949-03-29,0.00088110554,spinup1
1949-03-30,0.0011303604,spinup1
1949-03-31,0.009615623,spinup1
1949-04-01,0.013303493,spinup1
1949-04-02,0.0011006484,spinup1
1949-04-03,0.0015913789,spinup1
1949-04-04,0.001418109,spinup1
1949-04-05,0.002360345,spinup1
1949-04-06,0.04578476,spinup1
1949-04-07,0.041983165,spinup1
1949-04-08,0.0037049258,spinup1
1949-04-09,0.0017884774,spinup1
1949-04-10,0.00080669596,spinup1
1949-04-11,0.0026836926,spinup1
1949-04-12,0.0010914181,spinup1
1949-04-13,0.016100546,spinup1
1949-04-14,0.030472405,spinup1
1949-04-15,0.012293461,spinup1
1949-04-16,0.031866197,spinup1
1949-04-17,0.036920734,spinup1
1949-04-18,0.054372665,spinup1
1949-04-19,0.010832814,spinup1
1949-04-20,0.001244814,spinup1
1949-04-21,0.0008269478,spinup1
1949-04-22,0.00065225025,spinup1
1949-04-23,0.001830105,spinup1
1949-04-24,0.008749321,spinup1
1949-04-25,0.04204925,spinup1
1949-04-26,0.0025791614,spinup1
1949-04-27,0.001148963,spinup1
1949-04-28,0.0021028903,spinup1
1949-04-29,0.0023637672,spinup1
1949-04-30,0.0022315704,spinup1
1949-05-01,0.0016438805,spinup1
1949-05-02,0.0020053766,spinup1
1949-05-03,0.044326108,spinup1
1949-05-04,0.045938,spinup1
1949-05-05,0.051310636,spinup1
1949-05-06,0.07815113,spinup1
1949-05-07,0.046872012,spinup1
1949-05-08,0.06147065,spinup1
1949-05-09,0.008089055,spinup1
1949-05-10,0.010152661,spinup1
1949-05-11,0.055086765,spinup1
1949-05-12,0.027737096,spinup1
1949-05-13,0.06215874,spinup1
1949-05-14,0.051310636,spinup1
1949-05-15,0.06251816,spinup1
1949-05-16,0.07141991,spinup1
1949-05-17,0.04841762,spinup1
1949-05-18,0.044495635,spinup1
1949-05-19,0.06833074,spinup1
1949-05-20,0.009647663,spinup1
1949-05-21,0.007639005,spinup1
1949-05-22,0.019975103,spinup1
1949-05-23,0.006523299,spinup1
1949-05-24,0.013616019,spinup1
1949-05-25,0.0636455,spinup1
1949-05-26,0.0029110673,spinup1
1949-05-27,0.017439745,spinup1
1949-05-28,0.001118958,spinup1
1949-05-29,0.0013113901,spinup1
1949-05-30,0.004216926,spinup1
1949-05-31,0.002375682,spinup1
1949-06-01,0.011557645,spinup1
1949-06-02,0.08500512,spinup1
1949-06-03,0.098571464,spinup1
1949-06-04,0.07662001,spinup1
1949-06-05,0.09227254,spinup1
1949-06-06,0.09879805,spinup1
1949-06-07,0.06869911,spinup1
1949-06-08,0.012006775,spinup1
1949-06-09,0.017958941,spinup1
1949-06-10,0.0024799022,spinup1
1949-06-11,0.001920681,spinup1
1949-06-12,0.0024046022,spinup1
1949-06-13,0.0043521062,spinup1
1949-06-14,0.0024169257,spinup1
1949-06-15,0.002901689,spinup1
1949-06-16,0.10293286,spinup1
1949-06-17,0.091247045,spinup1
1949-06-18,0.019277152,spinup1
1949-06-19,0.0035696954,spinup1
1949-06-20,0.030724887,spinup1
1949-06-21,0.0040080696,spinup1
1949-06-22,0.010805826,spinup1
1949-06-23,0.007745263,spinup1
1949-06-24,0.0031680278,spinup1
1949-06-25,0.020331312,spinup1
1949-06-26,0.035287544,spinup1
1949-06-27,0.029878274,spinup1
1949-06-28,0.036847934,spinup1
1949-06-29,0.035755724,spinup1
1949-06-30,0.009997018,spinup1
1949-07-01,0.023424406,spinup1
1949-07-02,0.02462795,spinup1
1949-07-03,0.0016933054,spinup1
1949-07-04,0.017534994,spinup1
1949-07-05,0.041033555,spinup1
1949-07-06,0.048136633,spinup1
1949-07-07,0.04122133,spinup1
1949-07-08,0.027421677,spinup1
1949-07-09,0.05626441,spinup1
1949-07-10,0.007144048,spinup1
1949-07-11,0.0048891767,spinup1
1949-07-12,0.005529631,spinup1
1949-07-13,0.004146508,spinup1
1949-07-14,0.004383328,spinup1
1949-07-15,0.0008737059,spinup1
1949-07-16,0.0008826994,spinup1
1949-07-17,0.0010817064,spinup1
1949-07-18,0.009323363,spinup1
1949-07-19,0.019683564,spinup1
1949-07-20,0.03951292,spinup1
1949-07-21,0.0076408917,spinup1
1949-07-22,0.009112611,spinup1
1949-07-23,0.0016973685,spinup1
1949-07-24,0.0033573145,spinup1
1949-07-25,0.0036905569,spinup1
1949-07-26,0.045971468,spinup1
1949-07-27,0.004720782,spinup1
1949-07-28,0.021167096,spinup1
1949-07-29,0.055399343,spinup1
1949-07-30,0.022730056,spinup1
1949-07-31,0.008249741,spinup1
1949-08-01,0.0011666664,spinup1
1949-08-02,0.008592811,spinup1
1949-08-03,0.02391496,spinup1
1949-08-04,0.010363969,spinup1
1949-08-05,0.0074422634,spinup1
1949-08-06,0.0147984885,spinup1
1949-08-07,0.006751401,spinup1
1949-08-08,0.013696798,spinup1
1949-08-09,0.027093614,spinup1
1949-08-10,0.05238165,spinup1
1949-08-11,0.05314374,spinup1
1949-08-12,0.030597392,spinup1
1949-08-13,0.009874746,spinup1
1949-08-14,0.021857323,spinup1
1949-08-15,0.013916527,spinup1
1949-08-16,0.0031760954,spinup1
1949-08-17,0.0040741414,spinup1
1949-08-18,0.008503372,spinup1
1949-08-19,0.018511219,spinup1
1949-08-20,0.05156253,spinup1
1949-08-21,0.0050561726,spinup1
1949-08-22,0.0075970166,spinup1
1949-08-23,0.0063130422,spinup1
1949-08-24,0.011498569,spinup1
1949-08-25,0.020515274,spinup1
1949-08-26,0.013203903,spinup1
1949-08-27,0.047922198,spinup1
1949-08-28,0.05232185,spinup1
1949-08-29,0.035377055,spinup1
1949-08-30,0.021950003,spinup1
1949-08-31,0.010877349,spinup1
1949-09-01,0.022251401,spinup1
1949-09-02,0.067926645,spinup1
1949-09-03,0.0033118536,spinup1
1949-09-04,0.00092922687,spinup1
1949-09-05,0.0038951093,spinup1
1949-09-06,0.0017739999,spinup1
1949-09-07,0.026526466,spinup1
1949-09-08,0.021406805,spinup1
1949-09-09,0.010929963,spinup1
1949-09-10,0.035958037,spinup1
1949-09-11,0.004063855,spinup1
1949-09-12,0.023885256,spinup1
1949-09-13,0.0014159211,spinup1
1949-09-14,0.0037772716,spinup1
1949-09-15,0.004964298,spinup1
1949-09-16,0.011242473,spinup1
1949-09-17,0.004788178,spinup1
1949-09-18,0.0037740832,spinup1
1949-09-19,0.0059960512,spinup1
1949-09-20,0.026158005,spinup1
1949-09-21,0.0027471823,spinup1
1949-09-22,0.0012648504,spinup1
1949-09-23,0.03655044,spinup1
1949-09-24,0.023930702,spinup1
1949-09-25,0.013014993,spinup1
1949-09-26,0.02480392,spinup1
1949-09-27,0.0026939816,spinup1
1949-09-28,0.00934993,spinup1
1949-09-29,0.028882615,spinup1
1949-09-30,0.023340309,spinup1
1948-10-01,0.021839477,spinup2
1948-10-02,0.017528271,spinup2
1948-10-03,0.017790759,spinup2
1948-10-04,0.02487603,spinup2
1948-10-05,0.0056801396,spinup2
1948-10-06,0.009781578,spinup2
1948-10-07,0.0016474033,spinup2
1948-10-08,0.023481172,spinup2
1948-10-09,0.017100058,spinup2
1948-10-10,0.0032066605,spinup2
1948-10-11,0.0008576872,spinup2
1948-10-12,0.018060787,spinup2
1948-10-13,0.017363604,spinup2
1948-10-14,0.005185565,spinup2
1948-10-15,0.008613902,spinup2
1948-10-16,0.009148292,spinup2
1948-10-17,0.0015260844,spinup2
1948-10-18,0.010852004,spinup2
1948-10-19,0.009103711,spinup2
1948-10-20,0.004512295,spinup2
1948-10-21,0.0074471673,spinup2
1948-10-22,0.0043087606,spinup2
1948-10-23,0.006951974,spinup2
1948-10-24,0.0018001426,spinup2
1948-10-25,0.0022001925,spinup2
1948-10-26,0.0022190423,spinup2
1948-10-27,0.0049369275,spinup2
1948-10-28,0.008592811,spinup2
1948-10-29,0.008923047,spinup2
1948-10-30,0.0031026332,spinup2
1948-10-31,0.001465828,spinup2
1948-11-01,0.00072075275,spinup2
1948-11-02,0.0067866873,spinup2
1948-11-03,0.0010115536,spinup2
1948-11-04,0.003502121,spinup2
1948-11-05,0.0011506417,spinup2
1948-11-06,0.005728634,spinup2
1948-11-07,0.0037734471,spinup2
1948-11-08,0.0024718908,spinup2
1948-11-09,0.000818026,spinup2
1948-11-10,0.004018896,spinup2
1948-11-11,0.0016770046,spinup2
1948-11-12,0.0014176227,spinup2
1948-11-13,0.0010807766,spinup2
1948-11-14,0.0009304264,spinup2
1948-11-15,0.0014780684,spinup2
1948-11-16,0.00062022987,spinup2
1948-11-17,0.0015939713,spinup2
1948-11-18,0.0008141618,spinup2
1948-11-19,0.002998603,spinup2
1948-11-20,0.005032103,spinup2
1948-11-21,0.0009883379,spinup2
1948-11-22,0.00064642983,spinup2
1948-11-23,0.00067332544,spinup2
1948-11-24,0.0023050697,spinup2
1948-11-25,0.0033553252,spinup2
1948-11-26,0.00058491394,spinup2
1948-11-27,0.00057392253,spinup2
1948-11-28,0.0007362531,spinup2
1948-11-29,0.0015636765,spinup2
1948-11-30,0.0018648605,spinup2
1948-12-01,0.0022748061,spinup2
1948-12-02,0.0009366103,spinup2
1948-12-03,0.0024758938,spinup2
1948-12-04,0.0009815617,spinup2
1948-12-05,0.00096109504,spinup2
1948-12-06,0.0021958796,spinup2
1948-12-07,0.000550413,spinup2
1948-12-08,0.0021519167,spinup2
1948-12-09,0.002863983,spinup2
1948-12-10,0.0022266272,spinup2
1948-12-11,0.0019759545,spinup2
1948-12-12,0.0008303004,spinup2
1948-12-13,0.0006034575,spinup2
1948-12-14,0.00072405126,spinup2
1948-12-15,0.0011432522,spinup2
1948-12-16,0.00060241803,spinup2
1948-12-17,0.0006704304,spinup2
1948-12-18,0.00052818237,spinup2
1948-12-19,0.0008366862,spinup2
1948-12-20,0.0018811952,spinup2
1948-12-21,0.0011628643,spinup2
1948-12-22,0.001020025,spinup2
1948-12-23,0.001208065,spinup2
1948-12-24,0.0008922454,spinup2
1948-12-25,0.0007901283,spinup2
1948-12-26,0.0007865985,spinup2
1948-12-27,0.0009675645,spinup2
1948-12-28,0.0009902099,spinup2
1948-12-29,0.00086101546,spinup2
1948-12-30,0.0012854264,spinup2
1948-12-31,0.0014394261,spinup2
1949-01-01,0.0011822003,spinup2
1949-01-02,0.0010213414,spinup2
1949-01-03,0.0008483624,spinup2
1949-01-04,0.00074807915,spinup2
1949-01-05,0.0007060034,spinup2
1949-01-06,0.0013766439,spinup2
1949-01-07,0.0010028061,spinup2
1949-01-08,0.0014558099,spinup2
1949-01-09,0.0024457143,spinup2
1949-01-10,0.003057956,spinup2
1949-01-11,0.0017464391,spinup2
1949-01-12,0.00088452466,spinup2
1949-01-13,0.0007069161,spinup2
1949-01-14,0.00088795647,spinup2
1949-01-15,0.0025527375,spinup2
1949-01-16,0.0017181243,spinup2
1949-01-17,0.00054592174,spinup2
1949-01-18,0.0009445399,spinup2
1949-01-19,0.00083697436,spinup2
1949-01-20,0.0010041005,spinup2
1949-01-21,0.00054913305,spinup2
1949-01-22,0.00052754476,spinup2
1949-01-23,0.0010956469,spinup2
1949-01-24,0.0012827816,spinup2
1949-01-25,0.0007456989,spinup2
1949-01-26,0.00065631024,spinup2
1949-01-27,0.001051907,spinup2
1949-01-28,0.0016587271,spinup2
1949-01-29,0.0010286559,spinup2
1949-01-30,0.0005844095,spinup2
1949-01-31,0.0004835246,spinup2
1949-02-01,0.00055844587,spinup2
1949-02-02,0.0020683457,spinup2
1949-02-03,0.0006519131,spinup2
1949-02-04,0.00055050827,spinup2
1949-02-05,0.00059201696,spinup2
1949-02-06,0.0005646929,spinup2
1949-02-07,0.0009573823,spinup2
1949-02-08,0.0006037178,spinup2
1949-02-09,0.00060700567,spinup2
1949-02-10,0.005392415,spinup2
1949-02-11,0.0034230263,spinup2
1949-02-12,0.0051747346,spinup2
1949-02-13,0.0015537943,spinup2
1949-02-14,0.0015381626,spinup2
1949-02-15,0.0011894314,spinup2
1949-02-16,0.0008455922,spinup2
1949-02-17,0.0017575326,spinup2
1949-02-18,0.0008394998,spinup2
1949-02-19,0.00091031473,spinup2
1949-02-20,0.0012082724,spinup2
1949-02-21,0.00074415916,spinup2
1949-02-22,0.0010292755,spinup2
1949-02-23,0.002241681,spinup2
1949-02-24,0.0008858953,spinup2
1949-02-25,0.004174888,spinup2
1949-02-26,0.0008792119,spinup2
1949-02-27,0.00080662634,spinup2
1949-02-28,0.007371477,spinup2
1949-03-01,0.003942709,spinup2
1949-03-02,0.0030936995,spinup2
1949-03-03,0.0048654675,spinup2
1949-03-04,0.0068770964,spinup2
1949-03-05,0.0017973724,spinup2
1949-03-06,0.0011054825,spinup2
1949-03-07,0.004694711,spinup2
1949-03-08,0.005228237,spinup2
1949-03-09,0.0012675672,spinup2
1949-03-10,0.006419742,spinup2
1949-03-11,0.0059285867,spinup2
1949-03-12,0.0025581752,spinup2
1949-03-13,0.001054623,spinup2
1949-03-14,0.0006260851,spinup2
1949-03-15,0.0054303748,spinup2
1949-03-16,0.0036030442,spinup2
1949-03-17,0.0018554763,spinup2
1949-03-18,0.0015376356,spinup2
1949-03-19,0.003023131,spinup2
1949-03-20,0.012352331,spinup2
1949-03-21,0.002369819,spinup2
1949-03-22,0.008815981,spinup2
1949-03-23,0.0025388685,spinup2
1949-03-24,0.0015868869,spinup2
1949-03-25,0.0025449267,spinup2
1949-03-26,0.0022294782,spinup2
1949-03-27,0.0007465345,spinup2
1949-03-28,0.0014717466,spinup2
1949-03-29,0.00088110554,spinup2
1949-03-30,0.0011303604,spinup2
1949-03-31,0.009615623,spinup2
1949-04-01,0.013303493,spinup2
1949-04-02,0.0011006484,spinup2
1949-04-03,0.0015913789,spinup2
1949-04-04,0.001418109,spinup2
1949-04-05,0.002360345,spinup2
1949-04-06,0.04578476,spinup2
1949-04-07,0.041983165,spinup2
1949-04-08,0.0037049258,spinup2
1949-04-09,0.0017884774,spinup2
1949-04-10,0.00080669596,spinup2
1949-04-11,0.0026836926,spinup2
1949-04-12,0.0010914181,spinup2
1949-04-13,0.016100546,spinup2
1949-04-14,0.030472405,spinup2
1949-04-15,0.012293461,spinup2
1949-04-16,0.031866197,spinup2
1949-04-17,0.036920734,spinup2
1949-04-18,0.054372665,spinup2
1949-04-19,0.010832814,spinup2
1949-04-20,0.001244814,spinup2
1949-04-21,0.0008269478,spinup2
1949-04-22,0.00065225025,spinup2
1949-04-23,0.001830105,spinup2
1949-04-24,0.008749321,spinup2
1949-04-25,0.04204925,spinup2
1949-04-26,0.0025791614,spinup2
1949-04-27,0.001148963,spinup2
1949-04-28,0.0021028903,spinup2
1949-04-29,0.0023637672,spinup2
1949-04-30,0.0022315704,spinup2
1949-05-01,0.0016438805,spinup2
1949-05-02,0.0020053766,spinup2
1949-05-03,0.044326108,spinup2
1949-05-04,0.045938,spinup2
1949-05-05,0.051310636,spinup2
1949-05-06,0.07815113,spinup2
1949-05-07,0.046872012,spinup2
1949-05-08,0.06147065,spinup2
1949-05-09,0.008089055,spinup2
1949-05-10,0.010152661,spinup2
1949-05-11,0.055086765,spinup2
1949-05-12,0.027737096,spinup2
1949-05-13,0.06215874,spinup2
1949-05-14,0.051310636,spinup2
1949-05-15,0.06251816,spinup2
1949-05-16,0.07141991,spinup2
1949-05-17,0.04841762,spinup2
1949-05-18,0.044495635,spinup2
1949-05-19,0.06833074,spinup2
1949-05-20,0.009647663,spinup2
1949-05-21,0.007639005,spinup2
1949-05-22,0.019975103,spinup2
1949-05-23,0.006523299,spinup2
1949-05-24,0.013616019,spinup2
1949-05-25,0.0636455,spinup2
1949-05-26,0.0029110673,spinup2
1949-05-27,0.017439745,spinup2
1949-05-28,0.001118958,spinup2
1949-05-29,0.0013113901,spinup2
1949-05-30,0.004216926,spinup2
1949-05-31,0.002375682,spinup2
1949-06-01,0.011557645,spinup2
1949-06-02,0.08500512,spinup2
1949-06-03,0.098571464,spinup2
1949-06-04,0.07662001,spinup2
1949-06-05,0.09227254,spinup2
1949-06-06,0.09879805,spinup2
1949-06-07,0.06869911,spinup2
1949-06-08,0.012006775,spinup2
1949-06-09,0.017958941,spinup2
1949-06-10,0.0024799022,spinup2
1949-06-11,0.001920681,spinup2
1949-06-12,0.0024046022,spinup2
1949-06-13,0.0043521062,spinup2
1949-06-14,0.0024169257,spinup2
1949-06-15,0.002901689,spinup2
1949-06-16,0.10293286,spinup2
1949-06-17,0.091247045,spinup2
1949-06-18,0.019277152,spinup2
1949-06-19,0.0035696954,spinup2
1949-06-20,0.030724887,spinup2
1949-06-21,0.0040080696,spinup2
1949-06-22,0.010805826,spinup2
1949-06-23,0.007745263,spinup2
1949-06-24,0.0031680278,spinup2
1949-06-25,0.020331312,spinup2
1949-06-26,0.035287544,spinup2
1949-06-27,0.029878274,spinup2
1949-06-28,0.036847934,spinup2
1949-06-29,0.035755724,spinup2
1949-06-30,0.009997018,spinup2
1949-07-01,0.023424406,spinup2
1949-07-02,0.02462795,spinup2
1949-07-03,0.0016933054,spinup2
1949-07-04,0.017534994,spinup2
1949-07-05,0.041033555,spinup2
1949-07-06,0.048136633,spinup2
1949-07-07,0.04122133,spinup2
1949-07-08,0.027421677,spinup2
1949-07-09,0.05626441,spinup2
1949-07-10,0.007144048,spinup2
1949-07-11,0.0048891767,spinup2
1949-07-12,0.005529631,spinup2
1949-07-13,0.004146508,spinup2
1949-07-14,0.004383328,spinup2
1949-07-15,0.0008737059,spinup2
1949-07-16,0.0008826994,spinup2
1949-07-17,0.0010817064,spinup2
1949-07-18,0.009323363,spinup2
1949-07-19,0.019683564,spinup2
1949-07-20,0.03951292,spinup2
1949-07-21,0.0076408917,spinup2
1949-07-22,0.009112611,spinup2
1949-07-23,0.0016973685,spinup2
1949-07-24,0.0033573145,spinup2
1949-07-25,0.0036905569,spinup2
1949-07-26,0.045971468,spinup2
1949-07-27,0.004720782,spinup2
1949-07-28,0.021167096,spinup2
1949-07-29,0.055399343,spinup2
1949-07-30,0.022730056,spinup2
1949-07-31,0.008249741,spinup2
1949-08-01,0.0011666664,spinup2
1949-08-02,0.008592811,spinup2
1949-08-03,0.02391496,spinup2
1949-08-04,0.010363969,spinup2
1949-08-05,0.0074422634,spinup2
1949-08-06,0.0147984885,spinup2
1949-08-07,0.006751401,spinup2
1949-08-08,0.013696798,spinup2
1949-08-09,0.027093614,spinup2
1949-08-10,0.05238165,spinup2
1949-08-11,0.05314374,spinup2
1949-08-12,0.030597392,spinup2
1949-08-13,0.009874746,spinup2
1949-08-14,0.021857323,spinup2
1949-08-15,0.013916527,spinup2
1949-08-16,0.0031760954,spinup2
1949-08-17,0.0040741414,spinup2
1949-08-18,0.008503372,spinup2
1949-08-19,0.018511219,spinup2
1949-08-20,0.05156253,spinup2
1949-08-21,0.0050561726,spinup2
1949-08-22,0.0075970166,spinup2
1949-08-23,0.0063130422,spinup2
1949-08-24,0.011498569,spinup2
1949-08-25,0.020515274,spinup2
1949-08-26,0.013203903,spinup2
1949-08-27,0.047922198,spinup2
1949-08-28,0.05232185,spinup2
1949-08-29,0.035377055,spinup2
1949-08-30,0.021950003,spinup2
1949-08-31,0.010877349,spinup2
1949-09-01,0.022251401,spinup2
1949-09-02,0.067926645,spinup2
1949-09-03,0.0033118536,spinup2
1949-09-04,0.00092922687,spinup2
1949-09-05,0.0038951093,spinup2
1949-09-06,0.0017739999,spinup2
1949-09-07,0.026526466,spinup2
1949-09-08,0.021406805,spinup2
1949-09-09,0.010929963,spinup2
1949-09-10,0.035958037,spinup2
1949-09-11,0.004063855,spinup2
1949-09-12,0.023885256,spinup2
1949-09-13,0.0014159211,spinup2
1949-09-14,0.0037772716,spinup2
1949-09-15,0.004964298,spinup2
1949-09-16,0.011242473,spinup2
1949-09-17,0.004788178,spinup2
1949-09-18,0.0037740832,spinup2
1949-09-19,0.0059960512,spinup2
1949-09-20,0.026158005,spinup2
1949-09-21,0.0027471823,spinup2
1949-09-22,0.0012648504,spinup2
1949-09-23,0.03655044,spinup2
1949-09-24,0.023930702,spinup2
1949-09-25,0.013014993,spinup2
1949-09-26,0.02480392,spinup2
1949-09-27,0.0026939816,spinup2
1949-09-28,0.00934993,spinup2
1949-09-29,0.028882615,spinup2
1949-09-30,0.023340309,spinup2
1948-10-01,0.021839477,spinup3
1948-10-02,0.017528271,spinup3
1948-10-03,0.017790759,spinup3
1948-10-04,0.02487603,spinup3
1948-10-05,0.0056801396,spinup3
1948-10-06,0.009781578,spinup3
1948-10-07,0.0016474033,spinup3
1948-10-08,0.023481172,spinup3
1948-10-09,0.017100058,spinup3
1948-10-10,0.0032066605,spinup3
1948-10-11,0.0008576872,spinup3
1948-10-12,0.018060787,spinup3
1948-10-13,0.017363604,spinup3
1948-10-14,0.005185565,spinup3
1948-10-15,0.008613902,spinup3
1948-10-16,0.009148292,spinup3
1948-10-17,0.0015260844,spinup3
1948-10-18,0.010852004,spinup3
1948-10-19,0.009103711,spinup3
1948-10-20,0.004512295,spinup3
1948-10-21,0.0074471673,spinup3
1948-10-22,0.0043087606,spinup3
1948-10-23,0.006951974,spinup3
1948-10-24,0.0018001426,spinup3
1948-10-25,0.0022001925,spinup3
1948-10-26,0.0022190423,spinup3
1948-10-27,0.0049369275,spinup3
1948-10-28,0.008592811,spinup3
1948-10-29,0.008923047,spinup3
1948-10-30,0.0031026332,spinup3
1948-10-31,0.001465828,spinup3
1948-11-01,0.00072075275,spinup3
1948-11-02,0.0067866873,spinup3
1948-11-03,0.0010115536,spinup3
1948-11-04,0.003502121,spinup3
1948-11-05,0.0011506417,spinup3
1948-11-06,0.005728634,spinup3
1948-11-07,0.0037734471,spinup3
1948-11-08,0.0024718908,spinup3
1948-11-09,0.000818026,spinup3
1948-11-10,0.004018896,spinup3
1948-11-11,0.0016770046,spinup3
1948-11-12,0.0014176227,spinup3
1948-11-13,0.0010807766,spinup3
1948-11-14,0.0009304264,spinup3
1948-11-15,0.0014780684,spinup3
1948-11-16,0.00062022987,spinup3
1948-11-17,0.0015939713,spinup3
1948-11-18,0.0008141618,spinup3
1948-11-19,0.002998603,spinup3
1948-11-20,0.005032103,spinup3
1948-11-21,0.0009883379,spinup3
1948-11-22,0.00064642983,spinup3
1948-11-23,0.00067332544,spinup3
1948-11-24,0.0023050697,spinup3
1948-11-25,0.0033553252,spinup3
1948-11-26,0.00058491394,spinup3
1948-11-27,0.00057392253,spinup3
1948-11-28,0.0007362531,spinup3
1948-11-29,0.0015636765,spinup3
1948-11-30,0.0018648605,spinup3
1948-12-01,0.0022748061,spinup3
1948-12-02,0.0009366103,spinup3
1948-12-03,0.0024758938,spinup3
1948-12-04,0.0009815617,spinup3
1948-12-05,0.00096109504,spinup3
1948-12-06,0.0021958796,spinup3
1948-12-07,0.000550413,spinup3
1948-12-08,0.0021519167,spinup3
1948-12-09,0.002863983,spinup3
1948-12-10,0.0022266272,spinup3
1948-12-11,0.0019759545,spinup3
1948-12-12,0.0008303004,spinup3
1948-12-13,0.0006034575,spinup3
1948-12-14,0.00072405126,spinup3
1948-12-15,0.0011432522,spinup3
1948-12-16,0.00060241803,spinup3
1948-12-17,0.0006704304,spinup3
1948-12-18,0.00052818237,spinup3
1948-12-19,0.0008366862,spinup3
1948-12-20,0.0018811952,spinup3
1948-12-21,0.0011628643,spinup3
1948-12-22,0.001020025,spinup3
1948-12-23,0.001208065,spinup3
1948-12-24,0.0008922454,spinup3
1948-12-25,0.0007901283,spinup3
1948-12-26,0.0007865985,spinup3
1948-12-27,0.0009675645,spinup3
1948-12-28,0.0009902099,spinup3
1948-12-29,0.00086101546,spinup3
1948-12-30,0.0012854264,spinup3
1948-12-31,0.0014394261,spinup3
1949-01-01,0.0011822003,spinup3
1949-01-02,0.0010213414,spinup3
1949-01-03,0.0008483624,spinup3
1949-01-04,0.00074807915,spinup3
1949-01-05,0.0007060034,spinup3
1949-01-06,0.0013766439,spinup3
1949-01-07,0.0010028061,spinup3
1949-01-08,0.0014558099,spinup3
1949-01-09,0.0024457143,spinup3
1949-01-10,0.003057956,spinup3
1949-01-11,0.0017464391,spinup3
1949-01-12,0.00088452466,spinup3
1949-01-13,0.0007069161,spinup3
1949-01-14,0.00088795647,spinup3
1949-01-15,0.0025527375,spinup3
1949-01-16,0.0017181243,spinup3
1949-01-17,0.00054592174,spinup3
1949-01-18,0.0009445399,spinup3
1949-01-19,0.00083697436,spinup3
1949-01-20,0.0010041005,spinup3
1949-01-21,0.00054913305,spinup3
1949-01-22,0.00052754476,spinup3
1949-01-23,0.0010956469,spinup3
1949-01-24,0.0012827816,spinup3
1949-01-25,0.0007456989,spinup3
1949-01-26,0.00065631024,spinup3
1949-01-27,0.001051907,spinup3
1949-01-28,0.0016587271,spinup3
1949-01-29,0.0010286559,spinup3
1949-01-30,0.0005844095,spinup3
1949-01-31,0.0004835246,spinup3
1949-02-01,0.00055844587,spinup3
1949-02-02,0.0020683457,spinup3
1949-02-03,0.0006519131,spinup3
1949-02-04,0.00055050827,spinup3
1949-02-05,0.00059201696,spinup3
1949-02-06,0.0005646929,spinup3
1949-02-07,0.0009573823,spinup3
1949-02-08,0.0006037178,spinup3
1949-02-09,0.00060700567,spinup3
1949-02-10,0.005392415,spinup3
1949-02-11,0.0034230263,spinup3
1949-02-12,0.0051747346,spinup3
1949-02-13,0.0015537943,spinup3
1949-02-14,0.0015381626,spinup3
1949-02-15,0.0011894314,spinup3
1949-02-16,0.0008455922,spinup3
1949-02-17,0.0017575326,spinup3
1949-02-18,0.0008394998,spinup3
1949-02-19,0.00091031473,spinup3
1949-02-20,0.0012082724,spinup3
1949-02-21,0.00074415916,spinup3
1949-02-22,0.0010292755,spinup3
1949-02-23,0.002241681,spinup3
1949-02-24,0.0008858953,spinup3
1949-02-25,0.004174888,spinup3
1949-02-26,0.0008792119,spinup3
1949-02-27,0.00080662634,spinup3
1949-02-28,0.007371477,spinup3
1949-03-01,0.003942709,spinup3
1949-03-02,0.0030936995,spinup3
1949-03-03,0.0048654675,spinup3
1949-03-04,0.0068770964,spinup3
1949-03-05,0.0017973724,spinup3
1949-03-06,0.0011054825,spinup3
1949-03-07,0.004694711,spinup3
1949-03-08,0.005228237,spinup3
1949-03-09,0.0012675672,spinup3
1949-03-10,0.006419742,spinup3
1949-03-11,0.0059285867,spinup3
1949-03-12,0.0025581752,spinup3
1949-03-13,0.001054623,spinup3
1949-03-14,0.0006260851,spinup3
1949-03-15,0.0054303748,spinup3
1949-03-16,0.0036030442,spinup3
1949-03-17,0.0018554763,spinup3
1949-03-18,0.0015376356,spinup3
1949-03-19,0.003023131,spinup3
1949-03-20,0.012352331,spinup3
1949-03-21,0.002369819,spinup3
1949-03-22,0.008815981,spinup3
1949-03-23,0.0025388685,spinup3
1949-03-24,0.0015868869,spinup3
1949-03-25,0.0025449267,spinup3
1949-03-26,0.0022294782,spinup3
1949-03-27,0.0007465345,spinup3
1949-03-28,0.0014717466,spinup3
1949-03-29,0.00088110554,spinup3
1949-03-30,0.0011303604,spinup3
1949-03-31,0.009615623,spinup3
1949-04-01,0.013303493,spinup3
1949-04-02,0.0011006484,spinup3
1949-04-03,0.0015913789,spinup3
1949-04-04,0.001418109,spinup3
1949-04-05,0.002360345,spinup3
1949-04-06,0.04578476,spinup3
1949-04-07,0.041983165,spinup3
1949-04-08,0.0037049258,spinup3
1949-04-09,0.0017884774,spinup3
1949-04-10,0.00080669596,spinup3
1949-04-11,0.0026836926,spinup3
1949-04-12,0.0010914181,spinup3
1949-04-13,0.016100546,spinup3
1949-04-14,0.030472405,spinup3
1949-04-15,0.012293461,spinup3
1949-04-16,0.031866197,spinup3
1949-04-17,0.036920734,spinup3
1949-04-18,0.054372665,spinup3
1949-04-19,0.010832814,spinup3
1949-04-20,0.001244814,spinup3
1949-04-21,0.0008269478,spinup3
1949-04-22,0.00065225025,spinup3
1949-04-23,0.001830105,spinup3
1949-04-24,0.008749321,spinup3
1949-04-25,0.04204925,spinup3
1949-04-26,0.0025791614,spinup3
1949-04-27,0.001148963,spinup3
1949-04-28,0.0021028903,spinup3
1949-04-29,0.0023637672,spinup3
1949-04-30,0.0022315704,spinup3
1949-05-01,0.0016438805,spinup3
1949-05-02,0.0020053766,spinup3
1949-05-03,0.044326108,spinup3
1949-05-04,0.045938,spinup3
1949-05-05,0.051310636,spinup3
1949-05-06,0.07815113,spinup3
1949-05-07,0.046872012,spinup3
1949-05-08,0.06147065,spinup3
1949-05-09,0.008089055,spinup3
1949-05-10,0.010152661,spinup3
1949-05-11,0.055086765,spinup3
1949-05-12,0.027737096,spinup3
1949-05-13,0.06215874,spinup3
1949-05-14,0.051310636,spinup3
1949-05-15,0.06251816,spinup3
1949-05-16,0.07141991,spinup3
1949-05-17,0.04841762,spinup3
1949-05-18,0.044495635,spinup3
1949-05-19,0.06833074,spinup3
1949-05-20,0.009647663,spinup3
1949-05-21,0.007639005,spinup3
1949-05-22,0.019975103,spinup3
1949-05-23,0.006523299,spinup3
1949-05-24,0.013616019,spinup3
1949-05-25,0.0636455,spinup3
1949-05-26,0.0029110673,spinup3
1949-05-27,0.017439745,spinup3
1949-05-28,0.001118958,spinup3
1949-05-29,0.0013113901,spinup3
1949-05-30,0.004216926,spinup3
1949-05-31,0.002375682,spinup3
1949-06-01,0.011557645,spinup3
1949-06-02,0.08500512,spinup3
1949-06-03,0.098571464,spinup3
1949-06-04,0.07662001,spinup3
1949-06-05,0.09227254,spinup3
1949-06-06,0.09879805,spinup3
1949-06-07,0.06869911,spinup3
1949-06-08,0.012006775,spinup3
1949-06-09,0.017958941,spinup3
1949-06-10,0.0024799022,spinup3
1949-06-11,0.001920681,spinup3
1949-06-12,0.0024046022,spinup3
1949-06-13,0.0043521062,spinup3
1949-06-14,0.0024169257,spinup3
1949-06-15,0.002901689,spinup3
1949-06-16,0.10293286,spinup3
1949-06-17,0.091247045,spinup3
1949-06-18,0.019277152,spinup3
1949-06-19,0.0035696954,spinup3
1949-06-20,0.030724887,spinup3
1949-06-21,0.0040080696,spinup3
1949-06-22,0.010805826,spinup3
1949-06-23,0.007745263,spinup3
1949-06-24,0.0031680278,spinup3
1949-06-25,0.020331312,spinup3
1949-06-26,0.035287544,spinup3
1949-06-27,0.029878274,spinup3
1949-06-28,0.036847934,spinup3
1949-06-29,0.035755724,spinup3
1949-06-30,0.009997018,spinup3
1949-07-01,0.023424406,spinup3
1949-07-02,0.02462795,spinup3
1949-07-03,0.0016933054,spinup3
1949-07-04,0.017534994,spinup3
1949-07-05,0.041033555,spinup3
1949-07-06,0.048136633,spinup3
1949-07-07,0.04122133,spinup3
1949-07-08,0.027421677,spinup3
1949-07-09,0.05626441,spinup3
1949-07-10,0.007144048,spinup3
1949-07-11,0.0048891767,spinup3
1949-07-12,0.005529631,spinup3
1949-07-13,0.004146508,spinup3
1949-07-14,0.004383328,spinup3
1949-07-15,0.0008737059,spinup3
1949-07-16,0.0008826994,spinup3
1949-07-17,0.0010817064,spinup3
1949-07-18,0.009323363,spinup3
1949-07-19,0.019683564,spinup3
1949-07-20,0.03951292,spinup3
1949-07-21,0.0076408917,spinup3
1949-07-22,0.009112611,spinup3
1949-07-23,0.0016973685,spinup3
1949-07-24,0.0033573145,spinup3
1949-07-25,0.0036905569,spinup3
1949-07-26,0.045971468,spinup3
1949-07-27,0.004720782,spinup3
1949-07-28,0.021167096,spinup3
1949-07-29,0.055399343,spinup3
1949-07-30,0.022730056,spinup3
1949-07-31,0.008249741,spinup3
1949-08-01,0.0011666664,spinup3
1949-08-02,0.008592811,spinup3
1949-08-03,0.02391496,spinup3
1949-08-04,0.010363969,spinup3
1949-08-05,0.0074422634,spinup3
1949-08-06,0.0147984885,spinup3
1949-08-07,0.006751401,spinup3
1949-08-08,0.013696798,spinup3
1949-08-09,0.027093614,spinup3
1949-08-10,0.05238165,spinup3
1949-08-11,0.05314374,spinup3
1949-08-12,0.030597392,spinup3
1949-08-13,0.009874746,spinup3
1949-08-14,0.021857323,spinup3
1949-08-15,0.013916527,spinup3
1949-08-16,0.0031760954,spinup3
1949-08-17,0.0040741414,spinup3
1949-08-18,0.008503372,spinup3
1949-08-19,0.018511219,spinup3
1949-08-20,0.05156253,spinup3
1949-08-21,0.0050561726,spinup3
1949-08-22,0.0075970166,spinup3
1949-08-23,0.0063130422,spinup3
1949-08-24,0.011498569,spinup3
1949-08-25,0.020515274,spinup3
1949-08-26,0.013203903,spinup3
1949-08-27,0.047922198,spinup3
1949-08-28,0.05232185,spinup3
1949-08-29,0.035377055,spinup3
1949-08-30,0.021950003,spinup3
1949-08-31,0.010877349,spinup3
1949-09-01,0.022251401,spinup3
1949-09-02,0.067926645,spinup3
1949-09-03,0.0033118536,spinup3
1949-09-04,0.00092922687,spinup3
1949-09-05,0.0038951093,spinup3
1949-09-06,0.0017739999,spinup3
1949-09-07,0.026526466,spinup3
1949-09-08,0.021406805,spinup3
1949-09-09,0.010929963,spinup3
1949-09-10,0.035958037,spinup3
1949-09-11,0.004063855,spinup3
1949-09-12,0.023885256,spinup3
1949-09-13,0.0014159211,spinup3
1949-09-14,0.0037772716,spinup3
1949-09-15,0.004964298,spinup3
1949-09-16,0.011242473,spinup3
1949-09-17,0.004788178,spinup3
1949-09-18,0.0037740832,spinup3
1949-09-19,0.0059960512,spinup3
1949-09-20,0.026158005,spinup3
1949-09-21,0.0027471823,spinup3
1949-09-22,0.0012648504,spinup3
1949-09-23,0.03655044,spinup3
1949-09-24,0.023930702,spinup3
1949-09-25,0.013014993,spinup3
1949-09-26,0.02480392,spinup3
1949-09-27,0.0026939816,spinup3
1949-09-28,0.00934993,spinup3
1949-09-29,0.028882615,spinup3
1949-09-30,0.023340309,spinup3
1948-10-01,0.021839477,simulation
1948-10-02,0.017528271,simulation
1948-10-03,0.017790759,simulation
1948-10-04,0.02487603,simulation
1948-10-05,0.0056801396,simulation
1948-10-06,0.009781578,simulation
1948-10-07,0.0016474033,simulation
1948-10-08,0.023481172,simulation
1948-10-09,0.017100058,simulation
1948-10-10,0.0032066605,simulation
1948-10-11,0.0008576872,simulation
1948-10-12,0.018060787,simulation
1948-10-13,0.017363604,simulation
1948-10-14,0.005185565,simulation
1948-10-15,0.008613902,simulation
1948-10-16,0.009148292,simulation
1948-10-17,0.0015260844,simulation
1948-10-18,0.010852004,simulation
1948-10-19,0.009103711,simulation
1948-10-20,0.004512295,simulation
1948-10-21,0.0074471673,simulation
1948-10-22,0.0043087606,simulation
1948-10-23,0.006951974,simulation
1948-10-24,0.0018001426,simulation
1948-10-25,0.0022001925,simulation
1948-10-26,0.0022190423,simulation
1948-10-27,0.0049369275,simulation
1948-10-28,0.008592811,simulation
1948-10-29,0.008923047,simulation
1948-10-30,0.0031026332,simulation
1948-10-31,0.001465828,simulation
1948-11-01,0.00072075275,simulation
1948-11-02,0.0067866873,simulation
1948-11-03,0.0010115536,simulation
1948-11-04,0.003502121,simulation
1948-11-05,0.0011506417,simulation
1948-11-06,0.005728634,simulation
1948-11-07,0.0037734471,simulation
1948-11-08,0.0024718908,simulation
1948-11-09,0.000818026,simulation
1948-11-10,0.004018896,simulation
1948-11-11,0.0016770046,simulation
1948-11-12,0.0014176227,simulation
1948-11-13,0.0010807766,simulation
1948-11-14,0.0009304264,simulation
1948-11-15,0.0014780684,simulation
1948-11-16,0.00062022987,simulation
1948-11-17,0.0015939713,simulation
1948-11-18,0.0008141618,simulation
1948-11-19,0.002998603,simulation
1948-11-20,0.005032103,simulation
1948-11-21,0.0009883379,simulation
1948-11-22,0.00064642983,simulation
1948-11-23,0.00067332544,simulation
1948-11-24,0.0023050697,simulation
1948-11-25,0.0033553252,simulation
1948-11-26,0.00058491394,simulation
1948-11-27,0.00057392253,simulation
1948-11-28,0.0007362531,simulation
1948-11-29,0.0015636765,simulation
1948-11-30,0.0018648605,simulation
1948-12-01,0.0022748061,simulation
1948-12-02,0.0009366103,simulation
1948-12-03,0.0024758938,simulation
1948-12-04,0.0009815617,simulation
1948-12-05,0.00096109504,simulation
1948-12-06,0.0021958796,simulation
1948-12-07,0.000550413,simulation
1948-12-08,0.0021519167,simulation
1948-12-09,0.002863983,simulation
1948-12-10,0.0022266272,simulation
1948-12-11,0.0019759545,simulation
1948-12-12,0.0008303004,simulation
1948-12-13,0.0006034575,simulation
1948-12-14,0.00072405126,simulation
1948-12-15,0.0011432522,simulation
1948-12-16,0.00060241803,simulation
1948-12-17,0.0006704304,simulation
1948-12-18,0.00052818237,simulation
1948-12-19,0.0008366862,simulation
1948-12-20,0.0018811952,simulation
1948-12-21,0.0011628643,simulation
1948-12-22,0.001020025,simulation
1948-12-23,0.001208065,simulation
1948-12-24,0.0008922454,simulation
1948-12-25,0.0007901283,simulation
1948-12-26,0.0007865985,simulation
1948-12-27,0.0009675645,simulation
1948-12-28,0.0009902099,simulation
1948-12-29,0.00086101546,simulation
1948-12-30,0.0012854264,simulation
1948-12-31,0.0014394261,simulation
1949-01-01,0.0011822003,simulation
1949-01-02,0.0010213414,simulation
1949-01-03,0.0008483624,simulation
1949-01-04,0.00074807915,simulation
1949-01-05,0.0007060034,simulation
1949-01-06,0.0013766439,simulation
1949-01-07,0.0010028061,simulation
1949-01-08,0.0014558099,simulation
1949-01-09,0.0024457143,simulation
1949-01-10,0.003057956,simulation
1949-01-11,0.0017464391,simulation
1949-01-12,0.00088452466,simulation
1949-01-13,0.0007069161,simulation
1949-01-14,0.00088795647,simulation
1949-01-15,0.0025527375,simulation
1949-01-16,0.0017181243,simulation
1949-01-17,0.00054592174,simulation
1949-01-18,0.0009445399,simulation
1949-01-19,0.00083697436,simulation
1949-01-20,0.0010041005,simulation
1949-01-21,0.00054913305,simulation
1949-01-22,0.00052754476,simulation
1949-01-23,0.0010956469,simulation
1949-01-24,0.0012827816,simulation
1949-01-25,0.0007456989,simulation
1949-01-26,0.00065631024,simulation
1949-01-27,0.001051907,simulation
1949-01-28,0.0016587271,simulation
1949-01-29,0.0010286559,simulation
1949-01-30,0.0005844095,simulation
1949-01-31,0.0004835246,simulation
1949-02-01,0.00055844587,simulation
1949-02-02,0.0020683457,simulation
1949-02-03,0.0006519131,simulation
1949-02-04,0.00055050827,simulation
1949-02-05,0.00059201696,simulation
1949-02-06,0.0005646929,simulation
1949-02-07,0.0009573823,simulation
1949-02-08,0.0006037178,simulation
1949-02-09,0.00060700567,simulation
1949-02-10,0.005392415,simulation
1949-02-11,0.0034230263,simulation
1949-02-12,0.0051747346,simulation
1949-02-13,0.0015537943,simulation
1949-02-14,0.0015381626,simulation
1949-02-15,0.0011894314,simulation
1949-02-16,0.0008455922,simulation
1949-02-17,0.0017575326,simulation
1949-02-18,0.0008394998,simulation
1949-02-19,0.00091031473,simulation
1949-02-20,0.0012082724,simulation
1949-02-21,0.00074415916,simulation
1949-02-22,0.0010292755,simulation
1949-02-23,0.002241681,simulation
1949-02-24,0.0008858953,simulation
1949-02-25,0.004174888,simulation
1949-02-26,0.0008792119,simulation
1949-02-27,0.00080662634,simulation
1949-02-28,0.007371477,simulation
1949-03-01,0.003942709,simulation
1949-03-02,0.0030936995,simulation
1949-03-03,0.0048654675,simulation
1949-03-04,0.0068770964,simulation
1949-03-05,0.0017973724,simulation
1949-03-06,0.0011054825,simulation
1949-03-07,0.004694711,simulation
1949-03-08,0.005228237,simulation
1949-03-09,0.0012675672,simulation
1949-03-10,0.006419742,simulation
1949-03-11,0.0059285867,simulation
1949-03-12,0.0025581752,simulation
1949-03-13,0.001054623,simulation
1949-03-14,0.0006260851,simulation
1949-03-15,0.0054303748,simulation
1949-03-16,0.0036030442,simulation
1949-03-17,0.0018554763,simulation
1949-03-18,0.0015376356,simulation
1949-03-19,0.003023131,simulation
1949-03-20,0.012352331,simulation
1949-03-21,0.002369819,simulation
1949-03-22,0.008815981,simulation
1949-03-23,0.0025388685,simulation
1949-03-24,0.0015868869,simulation
1949-03-25,0.0025449267,simulation
1949-03-26,0.0022294782,simulation
1949-03-27,0.0007465345,simulation
1949-03-28,0.0014717466,simulation
1949-03-29,0.00088110554,simulation
1949-03-30,0.0011303604,simulation
1949-03-31,0.009615623,simulation
1949-04-01,0.013303493,simulation
1949-04-02,0.0011006484,simulation
1949-04-03,0.0015913789,simulation
1949-04-04,0.001418109,simulation
1949-04-05,0.002360345,simulation
1949-04-06,0.04578476,simulation
1949-04-07,0.041983165,simulation
1949-04-08,0.0037049258,simulation
1949-04-09,0.0017884774,simulation
1949-04-10,0.00080669596,simulation
1949-04-11,0.0026836926,simulation
1949-04-12,0.0010914181,simulation
1949-04-13,0.016100546,simulation
1949-04-14,0.030472405,simulation
1949-04-15,0.012293461,simulation
1949-04-16,0.031866197,simulation
1949-04-17,0.036920734,simulation
1949-04-18,0.054372665,simulation
1949-04-19,0.010832814,simulation
1949-04-20,0.001244814,simulation
1949-04-21,0.0008269478,simulation
1949-04-22,0.00065225025,simulation
1949-04-23,0.001830105,simulation
1949-04-24,0.008749321,simulation
1949-04-25,0.04204925,simulation
1949-04-26,0.0025791614,simulation
1949-04-27,0.001148963,simulation
1949-04-28,0.0021028903,simulation
1949-04-29,0.0023637672,simulation
1949-04-30,0.0022315704,simulation
1949-05-01,0.0016438805,simulation
1949-05-02,0.0020053766,simulation
1949-05-03,0.044326108,simulation
1949-05-04,0.045938,simulation
1949-05-05,0.051310636,simulation
1949-05-06,0.07815113,simulation
1949-05-07,0.046872012,simulation
1949-05-08,0.06147065,simulation
1949-05-09,0.008089055,simulation
1949-05-10,0.010152661,simulation
1949-05-11,0.055086765,simulation
1949-05-12,0.027737096,simulation
1949-05-13,0.06215874,simulation
1949-05-14,0.051310636,simulation
1949-05-15,0.06251816,simulation
1949-05-16,0.07141991,simulation
1949-05-17,0.04841762,simulation
1949-05-18,0.044495635,simulation
1949-05-19,0.06833074,simulation
1949-05-20,0.009647663,simulation
1949-05-21,0.007639005,simulation
1949-05-22,0.019975103,simulation
1949-05-23,0.006523299,simulation
1949-05-24,0.013616019,simulation
1949-05-25,0.0636455,simulation
1949-05-26,0.0029110673,simulation
1949-05-27,0.017439745,simulation
1949-05-28,0.001118958,simulation
1949-05-29,0.0013113901,simulation
1949-05-30,0.004216926,simulation
1949-05-31,0.002375682,simulation
1949-06-01,0.011557645,simulation
1949-06-02,0.08500512,simulation
1949-06-03,0.098571464,simulation
1949-06-04,0.07662001,simulation
1949-06-05,0.09227254,simulation
1949-06-06,0.09879805,simulation
1949-06-07,0.06869911,simulation
1949-06-08,0.012006775,simulation
1949-06-09,0.017958941,simulation
1949-06-10,0.0024799022,simulation
1949-06-11,0.001920681,simulation
1949-06-12,0.0024046022,simulation
1949-06-13,0.0043521062,simulation
1949-06-14,0.0024169257,simulation
1949-06-15,0.002901689,simulation
1949-06-16,0.10293286,simulation
1949-06-17,0.091247045,simulation
1949-06-18,0.019277152,simulation
1949-06-19,0.0035696954,simulation
1949-06-20,0.030724887,simulation
1949-06-21,0.0040080696,simulation
1949-06-22,0.010805826,simulation
1949-06-23,0.007745263,simulation
1949-06-24,0.0031680278,simulation
1949-06-25,0.020331312,simulation
1949-06-26,0.035287544,simulation
1949-06-27,0.029878274,simulation
1949-06-28,0.036847934,simulation
1949-06-29,0.035755724,simulation
1949-06-30,0.009997018,simulation
1949-07-01,0.023424406,simulation
1949-07-02,0.02462795,simulation
1949-07-03,0.0016933054,simulation
1949-07-04,0.017534994,simulation
1949-07-05,0.041033555,simulation
1949-07-06,0.048136633,simulation
1949-07-07,0.04122133,simulation
1949-07-08,0.027421677,simulation
1949-07-09,0.05626441,simulation
1949-07-10,0.007144048,simulation
1949-07-11,0.0048891767,simulation
1949-07-12,0.005529631,simulation
1949-07-13,0.004146508,simulation
1949-07-14,0.004383328,simulation
1949-07-15,0.0008737059,simulation
1949-07-16,0.0008826994,simulation
1949-07-17,0.0010817064,simulation
1949-07-18,0.009323363,simulation
1949-07-19,0.019683564,simulation
1949-07-20,0.03951292,simulation
1949-07-21,0.0076408917,simulation
1949-07-22,0.009112611,simulation
1949-07-23,0.0016973685,simulation
1949-07-24,0.0033573145,simulation
1949-07-25,0.0036905569,simulation
1949-07-26,0.045971468,simulation
1949-07-27,0.004720782,simulation
1949-07-28,0.021167096,simulation
1949-07-29,0.055399343,simulation
1949-07-30,0.022730056,simulation
1949-07-31,0.008249741,simulation
1949-08-01,0.0011666664,simulation
1949-08-02,0.008592811,simulation
1949-08-03,0.02391496,simulation
1949-08-04,0.010363969,simulation
1949-08-05,0.0074422634,simulation
1949-08-06,0.0147984885,simulation
1949-08-07,0.006751401,simulation
1949-08-08,0.013696798,simulation
1949-08-09,0.027093614,simulation
1949-08-10,0.05238165,simulation
1949-08-11,0.05314374,simulation
1949-08-12,0.030597392,simulation
1949-08-13,0.009874746,simulation
1949-08-14,0.021857323,simulation
1949-08-15,0.013916527,simulation
1949-08-16,0.0031760954,simulation
1949-08-17,0.0040741414,simulation
1949-08-18,0.008503372,simulation
1949-08-19,0.018511219,simulation
1949-08-20,0.05156253,simulation
1949-08-21,0.0050561726,simulation
1949-08-22,0.0075970166,simulation
1949-08-23,0.0063130422,simulation
1949-08-24,0.011498569,simulation
1949-08-25,0.020515274,simulation
1949-08-26,0.013203903,simulation
1949-08-27,0.047922198,simulation
1949-08-28,0.05232185,simulation
1949-08-29,0.035377055,simulation
1949-08-30,0.021950003,simulation
1949-08-31,0.010877349,simulation
1949-09-01,0.022251401,simulation
1949-09-02,0.067926645,simulation
1949-09-03,0.0033118536,simulation
1949-09-04,0.00092922687,simulation
1949-09-05,0.0038951093,simulation
1949-09-06,0.0017739999,simulation
1949-09-07,0.026526466,simulation
1949-09-08,0.021406805,simulation
1949-09-09,0.010929963,simulation
1949-09-10,0.035958037,simulation
1949-09-11,0.004063855,simulation
1949-09-12,0.023885256,simulation
1949-09-13,0.0014159211,simulation
1949-09-14,0.0037772716,simulation
1949-09-15,0.004964298,simulation
1949-09-16,0.011242473,simulation
1949-09-17,0.004788178,simulation
1949-09-18,0.0037740832,simulation
1949-09-19,0.0059960512,simulation
1949-09-20,0.026158005,simulation
1949-09-21,0.0027471823,simulation
1949-09-22,0.0012648504,simulation
1949-09-23,0.03655044,simulation
1949-09-24,0.023930702,simulation
1949-09-25,0.013014993,simulation
1949-09-26,0.02480392,simulation
1949-09-27,0.0026939816,simulation
1949-09-28,0.00934993,simulation
1949-09-29,0.028882615,simulation
1949-09-30,0.023340309,simulation
1949-10-01,0.0019275886,simulation
1949-10-02,0.00088103,simulation
1949-10-03,0.00095171685,simulation
1949-10-04,0.00096748106,simulation
1949-10-05,0.003126934,simulation
1949-10-06,0.010687298,simulation
1949-10-07,0.0033829922,simulation
1949-10-08,0.0008169706,simulation
1949-10-09,0.002188584,simulation
1949-10-10,0.009357535,simulation
1949-10-11,0.010156766,simulation
1949-10-12,0.0031974337,simulation
1949-10-13,0.001265936,simulation
1949-10-14,0.0026227604,simulation
1949-10-15,0.0007352392,simulation
1949-10-16,0.0014165288,simulation
1949-10-17,0.0110022435,simulation
1949-10-18,0.0013579943,simulation
1949-10-19,0.010135438,simulation
1949-10-20,0.004701808,simulation
1949-10-21,0.0021919482,simulation
1949-10-22,0.0025870758,simulation
1949-10-23,0.006622961,simulation
1949-10-24,0.0035062702,simulation
1949-10-25,0.00079353753,simulation
1949-10-26,0.0040447228,simulation
1949-10-27,0.006506557,simulation
1949-10-28,0.00071223464,simulation
1949-10-29,0.0009896987,simulation
1949-10-30,0.000892399,simulation
1949-10-31,0.0007176551,simulation
1949-11-01,0.0047613485,simulation
1949-11-02,0.00623491,simulation
1949-11-03,0.005572702,simulation
1949-11-04,0.004262962,simulation
1949-11-05,0.0057977727,simulation
1949-11-06,0.004022963,simulation
1949-11-07,0.00403111,simulation
1949-11-08,0.0031642704,simulation
1949-11-09,0.0048434944,simulation
1949-11-10,0.0026974208,simulation
1949-11-11,0.0042286566,simulation
1949-11-12,0.00090523757,simulation
1949-11-13,0.0028532986,simulation
1949-11-14,0.0038296038,simulation
1949-11-15,0.0046872324,simulation
1949-11-16,0.005483218,simulation
1949-11-17,0.0043462543,simulation
1949-11-18,0.0030753855,simulation
1949-11-19,0.004062486,simulation
1949-11-20,0.004516847,simulation
1949-11-21,0.007774601,simulation
1949-11-22,0.0018831261,simulation
1949-11-23,0.0009138461,simulation
1949-11-24,0.0012866409,simulation
1949-11-25,0.006953696,simulation
1949-11-26,0.0042422037,simulation
1949-11-27,0.001614444,simulation
1949-11-28,0.0016420521,simulation
1949-11-29,0.0018629482,simulation
1949-11-30,0.00718425,simulation
1949-12-01,0.0031399522,simulation
1949-12-02,0.0012112851,simulation
1949-12-03,0.0025538234,simulation
1949-12-04,0.0008668895,simulation
1949-12-05,0.0021003787,simulation
1949-12-06,0.0011933198,simulation
1949-12-07,0.00087280374,simulation
1949-12-08,0.0018903854,simulation
1949-12-09,0.0011401133,simulation
1949-12-10,0.0006157017,simulation
1949-12-11,0.0011023519,simulation
1949-12-12,0.0011767303,simulation
1949-12-13,0.0006489979,simulation
1949-12-14,0.00059181283,simulation
1949-12-15,0.0010672993,simulation
1949-12-16,0.001662708,simulation
1949-12-17,0.0008204946,simulation
1949-12-18,0.000725675,simulation
1949-12-19,0.0010592568,simulation
1949-12-20,0.0014558099,simulation
1949-12-21,0.0014288507,simulation
1949-12-22,0.00068567996,simulation
1949-12-23,0.0018129675,simulation
1949-12-24,0.0018055399,simulation
1949-12-25,0.0012050595,simulation
1949-12-26,0.00061756227,simulation
1949-12-27,0.00060752913,simulation
1949-12-28,0.0027488165,simulation
1949-12-29,0.0020465602,simulation
1949-12-30,0.001921174,simulation
1949-12-31,0.0015600628,simulation
1950-01-01,0.0008585735,simulation
1950-01-02,0.0010202883,simulation
1950-01-03,0.0016440216,simulation
1950-01-04,0.0008401502,simulation
1950-01-05,0.000775434,simulation
1950-01-06,0.00060413434,simulation
1950-01-07,0.0018396768,simulation
1950-01-08,0.0011926024,simulation
1950-01-09,0.0011005535,simulation
1950-01-10,0.0007526681,simulation
1950-01-11,0.00053009944,simulation
1950-01-12,0.00091873383,simulation
1950-01-13,0.0015415937,simulation
1950-01-14,0.0006739062,simulation
1950-01-15,0.00093427656,simulation
1950-01-16,0.0005996198,simulation
1950-01-17,0.00062387617,simulation
1950-01-18,0.0011475815,simulation
1950-01-19,0.00082275824,simulation
1950-01-20,0.00059467717,simulation
1950-01-21,0.00059632,simulation
1950-01-22,0.0012314196,simulation
1950-01-23,0.0016544715,simulation
1950-01-24,0.002402964,simulation
1950-01-25,0.0020912539,simulation
1950-01-26,0.002101276,simulation
1950-01-27,0.0005274996,simulation
1950-01-28,0.0007088067,simulation
1950-01-29,0.0012065095,simulation
1950-01-30,0.0023939717,simulation
1950-01-31,0.0020327982,simulation
1950-02-01,0.0021826169,simulation
1950-02-02,0.00077770796,simulation
1950-02-03,0.001513581,simulation
1950-02-04,0.0013417811,simulation
1950-02-05,0.003761042,simulation
1950-02-06,0.0019891672,simulation
1950-02-07,0.0011653642,simulation
1950-02-08,0.0013321453,simulation
1950-02-09,0.00070363475,simulation
1950-02-10,0.0005806423,simulation
1950-02-11,0.0007659429,simulation
1950-02-12,0.0016334966,simulation
1950-02-13,0.0007460843,simulation
1950-02-14,0.00080954854,simulation
1950-02-15,0.0043236474,simulation
1950-02-16,0.0044839494,simulation
1950-02-17,0.003838988,simulation
1950-02-18,0.0047581536,simulation
1950-02-19,0.004338949,simulation
1950-02-20,0.0049901432,simulation
1950-02-21,0.0026270025,simulation
1950-02-22,0.0008769451,simulation
1950-02-23,0.0044602724,simulation
1950-02-24,0.0052326093,simulation
1950-02-25,0.0038882152,simulation
1950-02-26,0.0068753907,simulation
1950-02-27,0.0050232643,simulation
1950-02-28,0.0019345197,simulation
1950-03-01,0.0059816046,simulation
1950-03-02,0.0043502767,simulation
1950-03-03,0.0007945632,simulation
1950-03-04,0.00055791624,simulation
1950-03-05,0.0005933967,simulation
1950-03-06,0.0005570988,simulation
1950-03-07,0.0033956151,simulation
1950-03-08,0.019221764,simulation
1950-03-09,0.00462393,simulation
1950-03-10,0.00785679,simulation
1950-03-11,0.0051033637,simulation
1950-03-12,0.0019418082,simulation
1950-03-13,0.00085702294,simulation
1950-03-14,0.007884584,simulation
1950-03-15,0.0007137704,simulation
1950-03-16,0.0019155985,simulation
1950-03-17,0.0071895863,simulation
1950-03-18,0.016384717,simulation
1950-03-19,0.0015251688,simulation
1950-03-20,0.005935005,simulation
1950-03-21,0.0011939347,simulation
1950-03-22,0.033299744,simulation
1950-03-23,0.021721344,simulation
1950-03-24,0.0051544295,simulation
1950-03-25,0.0036653883,simulation
1950-03-26,0.0030185175,simulation
1950-03-27,0.0035309691,simulation
1950-03-28,0.013484469,simulation
1950-03-29,0.044146083,simulation
1950-03-30,0.015869945,simulation
1950-03-31,0.0025408135,simulation
1950-04-01,0.00067769137,simulation
1950-04-02,0.0043594334,simulation
1950-04-03,0.002926433,simulation
1950-04-04,0.0012723639,simulation
1950-04-05,0.03256054,simulation
1950-04-06,0.01861577,simulation
1950-04-07,0.010804087,simulation
1950-04-08,0.026148608,simulation
1950-04-09,0.01778667,simulation
1950-04-10,0.007784827,simulation
1950-04-11,0.0119513245,simulation
1950-04-12,0.004390337,simulation
1950-04-13,0.0027706325,simulation
1950-04-14,0.031081839,simulation
1950-04-15,0.026176801,simulation
1950-04-16,0.014056291,simulation
1950-04-17,0.0011447262,simulation
1950-04-18,0.0031538259,simulation
1950-04-19,0.0064448155,simulation
1950-04-20,0.056514833,simulation
1950-04-21,0.03869759,simulation
1950-04-22,0.016200636,simulation
1950-04-23,0.018146502,simulation
1950-04-24,0.0039440393,simulation
1950-04-25,0.0026700324,simulation
1950-04-26,0.035563666,simulation
1950-04-27,0.0037265809,simulation
1950-04-28,0.0035920965,simulation
1950-04-29,0.0011657646,simulation
1950-04-30,0.0015029807,simulation
1950-05-01,0.00076746166,simulation
1950-05-02,0.0010216926,simulation
1950-05-03,0.0027476482,simulation
1950-05-04,0.0031693715,simulation
1950-05-05,0.009956643,simulation
1950-05-06,0.0063990084,simulation
1950-05-07,0.0055536744,simulation
1950-05-08,0.0100416085,simulation
1950-05-09,0.006574855,simulation
1950-05-10,0.013818237,simulation
1950-05-11,0.002919979,simulation
1950-05-12,0.0019944424,simulation
1950-05-13,0.0007765031,simulation
1950-05-14,0.008673214,simulation
1950-05-15,0.006818765,simulation
1950-05-16,0.048394654,simulation
1950-05-17,0.04955327,simulation
1950-05-18,0.014934482,simulation
1950-05-19,0.032279268,simulation
1950-05-20,0.007819447,simulation
1950-05-21,0.0018983203,simulation
1950-05-22,0.0117619,simulation
1950-05-23,0.017493354,simulation
1950-05-24,0.041383475,simulation
1950-05-25,0.041877557,simulation
1950-05-26,0.036189873,simulation
1950-05-27,0.0064368024,simulation
1950-05-28,0.0034970883,simulation
1950-05-29,0.058748163,simulation
1950-05-30,0.004883852,simulation
1950-05-31,0.041276198,simulation
1950-06-01,0.0021983157,simulation
1950-06-02,0.0011536112,simulation
1950-06-03,0.0014910479,simulation
1950-06-04,0.002721611,simulation
1950-06-05,0.031680714,simulation
1950-06-06,0.0013883844,simulation
1950-06-07,0.002608295,simulation
1950-06-08,0.012466874,simulation
1950-06-09,0.009642187,simulation
1950-06-10,0.004990979,simulation
1950-06-11,0.012044197,simulation
1950-06-12,0.098301455,simulation
1950-06-13,0.102504514,simulation
1950-06-14,0.07482633,simulation
1950-06-15,0.07726911,simulation
1950-06-16,0.09244825,simulation
1950-06-17,0.0747066,simulation
1950-06-18,0.06940399,simulation
1950-06-19,0.01569099,simulation
1950-06-20,0.0015169571,simulation
1950-06-21,0.0038286352,simulation
1950-06-22,0.009842002,simulation
1950-06-23,0.033220768,simulation
1950-06-24,0.11543334,simulation
1950-06-25,0.08814984,simulation
1950-06-26,0.06556227,simulation
1950-06-27,0.06961176,simulation
1950-06-28,0.10388929,simulation
1950-06-29,0.05684015,simulation
1950-06-30,0.03570824,simulation
1950-07-01,0.111471176,simulation
1950-07-02,0.013357239,simulation
1950-07-03,0.03696691,simulation
1950-07-04,0.02023833,simulation
1950-07-05,0.012994386,simulation
1950-07-06,0.0026607383,simulation
1950-07-07,0.009645318,simulation
1950-07-08,0.043048263,simulation
1950-07-09,0.078916386,simulation
1950-07-10,0.014443484,simulation
1950-07-11,0.008368114,simulation
1950-07-12,0.001414465,simulation
1950-07-13,0.016364451,simulation
1950-07-14,0.0018039955,simulation
1950-07-15,0.0021370922,simulation
1950-07-16,0.0103740115,simulation
1950-07-17,0.015194416,simulation
1950-07-18,0.034041837,simulation
1950-07-19,0.06242824,simulation
1950-07-20,0.09633655,simulation
1950-07-21,0.03698149,simulation
1950-07-22,0.040321376,simulation
1950-07-23,0.032310184,simulation
1950-07-24,0.018879373,simulation
1950-07-25,0.0032995362,simulation
1950-07-26,0.0014896431,simulation
1950-07-27,0.003199331,simulation
1950-07-28,0.001459809,simulation
1950-07-29,0.0015759146,simulation
1950-07-30,0.0026596063,simulation
1950-07-31,0.011227148,simulation
1950-08-01,0.08174327,simulation
1950-08-02,0.09082563,simulation
1950-08-03,0.021343086,simulation
1950-08-04,0.06444141,simulation
1950-08-05,0.005054903,simulation
1950-08-06,0.052089006,simulation
1950-08-07,0.09226614,simulation
1950-08-08,0.03304751,simulation
1950-08-09,0.012813287,simulation
1950-08-10,0.015945248,simulation
1950-08-11,0.017652327,simulation
1950-08-12,0.046060804,simulation
1950-08-13,0.042067762,simulation
1950-08-14,0.028362384,simulation
1950-08-15,0.04627054,simulation
1950-08-16,0.004724744,simulation
1950-08-17,0.021163933,simulation
1950-08-18,0.036000982,simulation
1950-08-19,0.0021772229,simulation
1950-08-20,0.0039623748,simulation
1950-08-21,0.06657689,simulation
1950-08-22,0.041028343,simulation
1950-08-23,0.060759686,simulation
1950-08-24,0.05185072,simulation
1950-08-25,0.009362101,simulation
1950-08-26,0.008322345,simulation
1950-08-27,0.044148806,simulation
1950-08-28,0.017818006,simulation
1950-08-29,0.0043789074,simulation
1950-08-30,0.0012533927,simulation
1950-08-31,0.004165407,simulation
1950-09-01,0.0075297914,simulation
1950-09-02,0.0012248822,simulation
1950-09-03,0.03571298,simulation
1950-09-04,0.026367243,simulation
1950-09-05,0.016677158,simulation
1950-09-06,0.06281068,simulation
1950-09-07,0.0015458261,simulation
1950-09-08,0.001970055,simulation
1950-09-09,0.0021699893,simulation
1950-09-10,0.014047447,simulation
1950-09-11,0.010411757,simulation
1950-09-12,0.039675802,simulation
1950-09-13,0.0018847365,simulation
1950-09-14,0.0015623367,simulation
1950-09-15,0.003540537,simulation
1950-09-16,0.002614961,simulation
1950-09-17,0.0025032402,simulation
1950-09-18,0.026636856,simulation
1950-09-19,0.005124332,simulation
1950-09-20,0.024305621,simulation
1950-09-21,0.003179058,simulation
1950-09-22,0.004859354,simulation
1950-09-23,0.0033852838,simulation
1950-09-24,0.017489329,simulation
1950-09-25,0.0043601664,simulation
1950-09-26,0.0016279112,simulation
1950-09-27,0.0010298947,simulation
1950-09-28,0.0015055597,simulation
1950-09-29,0.0012089986,simulation
1950-09-30,0.001158776,simulation
1950-10-01,0.0016248466,simulation
1950-10-02,0.008872257,simulation
1950-10-03,0.022380205,simulation
1950-10-04,0.001986959,simulation
1950-10-05,0.021448307,simulation
1950-10-06,0.02058462,simulation
1950-10-07,0.011754378,simulation
1950-10-08,0.0013900519,simulation
1950-10-09,0.0153491935,simulation
1950-10-10,0.013424957,simulation
1950-10-11,0.017678043,simulation
1950-10-12,0.025697136,simulation
1950-10-13,0.019141829,simulation
1950-10-14,0.01992701,simulation
1950-10-15,0.020264208,simulation
1950-10-16,0.024872424,simulation
1950-10-17,0.0068884776,simulation
1950-10-18,0.0011261916,simulation
1950-10-19,0.0021431202,simulation
1950-10-20,0.001289626,simulation
1950-10-21,0.00068976864,simulation
1950-10-22,0.0025064396,simulation
1950-10-23,0.0043491796,simulation
1950-10-24,0.006037082,simulation
1950-10-25,0.006011032,simulation
1950-10-26,0.01074079,simulation
1950-10-27,0.011838283,simulation
1950-10-28,0.001528178,simulation
1950-10-29,0.006526542,simulation
1950-10-30,0.005537481,simulation
1950-10-31,0.0063067568,simulation
1950-11-01,0.006951974,simulation
1950-11-02,0.004229013,simulation
1950-11-03,0.0006429846,simulation
1950-11-04,0.00090492604,simulation
1950-11-05,0.003429115,simulation
1950-11-06,0.005561093,simulation
1950-11-07,0.0058804266,simulation
1950-11-08,0.004778149,simulation
1950-11-09,0.0019499571,simulation
1950-11-10,0.00124856,simulation
1950-11-11,0.0020081194,simulation
1950-11-12,0.0028654435,simulation
1950-11-13,0.0030187736,simulation
1950-11-14,0.003091863,simulation
1950-11-15,0.0023657826,simulation
1950-11-16,0.00069693755,simulation
1950-11-17,0.0024336611,simulation
1950-11-18,0.0020174037,simulation
1950-11-19,0.0023161012,simulation
1950-11-20,0.0013110522,simulation
1950-11-21,0.0031079005,simulation
1950-11-22,0.0021816853,simulation
1950-11-23,0.003074864,simulation
1950-11-24,0.0013184987,simulation
1950-11-25,0.0017643125,simulation
1950-11-26,0.0024324167,simulation
1950-11-27,0.003351351,simulation
1950-11-28,0.0022717048,simulation
1950-11-29,0.0017929189,simulation
1950-11-30,0.0018511973,simulation
1950-12-01,0.0027892978,simulation
1950-12-02,0.0011080503,simulation
1950-12-03,0.000712112,simulation
1950-12-04,0.0009220599,simulation
1950-12-05,0.0010406644,simulation
1950-12-06,0.0005337699,simulation
1950-12-07,0.001185047,simulation
1950-12-08,0.00080454524,simulation
1950-12-09,0.0016288869,simulation
1950-12-10,0.0049813753,simulation
1950-12-11,0.0008366862,simulation
1950-12-12,0.0015751041,simulation
1950-12-13,0.0009107844,simulation
1950-12-14,0.00052987074,simulation
1950-12-15,0.00050974067,simulation
1950-12-16,0.0006627329,simulation
1950-12-17,0.0022740304,simulation
1950-12-18,0.0014919429,simulation
1950-12-19,0.0013351203,simulation
1950-12-20,0.0009768456,simulation
1950-12-21,0.0007323314,simulation
1950-12-22,0.0012639822,simulation
1950-12-23,0.0015968403,simulation
1950-12-24,0.0014287285,simulation
1950-12-25,0.0019963167,simulation
1950-12-26,0.0007459559,simulation
1950-12-27,0.0008442828,simulation
1950-12-28,0.00048256625,simulation
1950-12-29,0.00048603446,simulation
1950-12-30,0.00057032093,simulation
1950-12-31,0.001432777,simulation
1951-01-01,0.0008164782,simulation
1951-01-02,0.00094161916,simulation
1951-01-03,0.0005899279,simulation
1951-01-04,0.0016831892,simulation
1951-01-05,0.0020277693,simulation
1951-01-06,0.00085158163,simulation
1951-01-07,0.0012518873,simulation
1951-01-08,0.0014893878,simulation
1951-01-09,0.0016428959,simulation
1951-01-10,0.00084065675,simulation
1951-01-11,0.0015466207,simulation
1951-01-12,0.0010064344,simulation
1951-01-13,0.0010010831,simulation
1951-01-14,0.0007952476,simulation
1951-01-15,0.0041970927,simulation
1951-01-16,0.0024035776,simulation
1951-01-17,0.0015059465,simulation
1951-01-18,0.0013221245,simulation
1951-01-19,0.0017655203,simulation
1951-01-20,0.0015890632,simulation
1951-01-21,0.0032044875,simulation
1951-01-22,0.0015237322,simulation
1951-01-23,0.0008619055,simulation
1951-01-24,0.0029246944,simulation
1951-01-25,0.0017450944,simulation
1951-01-26,0.0023766952,simulation
1951-01-27,0.0022843305,simulation
1951-01-28,0.0020028083,simulation
1951-01-29,0.0005065408,simulation
1951-01-30,0.00048507066,simulation
1951-01-31,0.00047710128,simulation
1951-02-01,0.00063248584,simulation
1951-02-02,0.0009793695,simulation
1951-02-03,0.0010867377,simulation
1951-02-04,0.0011015945,simulation
1951-02-05,0.0009899542,simulation
1951-02-06,0.00086309284,simulation
1951-02-07,0.0026263327,simulation
1951-02-08,0.0029466273,simulation
1951-02-09,0.0006956175,simulation
1951-02-10,0.0005913028,simulation
1951-02-11,0.002166104,simulation
1951-02-12,0.001785878,simulation
1951-02-13,0.0012859785,simulation
1951-02-14,0.002527869,simulation
1951-02-15,0.00077764073,simulation
1951-02-16,0.001917565,simulation
1951-02-17,0.001653905,simulation
1951-02-18,0.0017608446,simulation
1951-02-19,0.0018730108,simulation
1951-02-20,0.0011685715,simulation
1951-02-21,0.009791094,simulation
1951-02-22,0.0035053801,simulation
1951-02-23,0.0023157063,simulation
1951-02-24,0.0031844513,simulation
1951-02-25,0.0034352145,simulation
1951-02-26,0.0023768977,simulation
1951-02-27,0.0023186698,simulation
1951-02-28,0.0022478083,simulation
1951-03-01,0.0014864543,simulation
1951-03-02,0.0035199376,simulation
1951-03-03,0.0028102342,simulation
1951-03-04,0.0011096703,simulation
1951-03-05,0.0010429034,simulation
1951-03-06,0.0031763639,simulation
1951-03-07,0.0028708023,simulation
1951-03-08,0.0034097272,simulation
1951-03-09,0.004362367,simulation
1951-03-10,0.0033721263,simulation
1951-03-11,0.0012986226,simulation
1951-03-12,0.0007706408,simulation
1951-03-13,0.0012078575,simulation
1951-03-14,0.0046227654,simulation
1951-03-15,0.0067704227,simulation
1951-03-16,0.007270693,simulation
1951-03-17,0.0026492209,simulation
1951-03-18,0.00070606405,simulation
1951-03-19,0.0008455192,simulation
1951-03-20,0.00081873056,simulation
1951-03-21,0.010372337,simulation
1951-03-22,0.01577289,simulation
1951-03-23,0.004317832,simulation
1951-03-24,0.0066852258,simulation
1951-03-25,0.0030921258,simulation
1951-03-26,0.002584874,simulation
1951-03-27,0.0013137549,simulation
1951-03-28,0.00067774963,simulation
1951-03-29,0.0034576696,simulation
1951-03-30,0.020552233,simulation
1951-03-31,0.027796183,simulation
1951-04-01,0.0068879076,simulation
1951-04-02,0.0027020117,simulation
1951-04-03,0.0077989153,simulation
1951-04-04,0.022969179,simulation
1951-04-05,0.0023307577,simulation
1951-04-06,0.0007940161,simulation
1951-04-07,0.0021861584,simulation
1951-04-08,0.023577778,simulation
1951-04-09,0.0033250633,simulation
1951-04-10,0.02180544,simulation
1951-04-11,0.0013420111,simulation
1951-04-12,0.024257835,simulation
1951-04-13,0.04019275,simulation
1951-04-14,0.05937488,simulation
1951-04-15,0.0318203,simulation
1951-04-16,0.019296128,simulation
1951-04-17,0.025314093,simulation
1951-04-18,0.0041217846,simulation
1951-04-19,0.010941391,simulation
1951-04-20,0.016336633,simulation
1951-04-21,0.0014001032,simulation
1951-04-22,0.005425843,simulation
1951-04-23,0.047731075,simulation
1951-04-24,0.059624363,simulation
1951-04-25,0.0057453653,simulation
1951-04-26,0.0050684614,simulation
1951-04-27,0.011714974,simulation
1951-04-28,0.016771339,simulation
1951-04-29,0.004265473,simulation
1951-04-30,0.019104147,simulation
1951-05-01,0.042673606,simulation
1951-05-02,0.0067162896,simulation
1951-05-03,0.0116869025,simulation
1951-05-04,0.05788942,simulation
1951-05-05,0.06413371,simulation
1951-05-06,0.002282579,simulation
1951-05-07,0.015383912,simulation
1951-05-08,0.004729899,simulation
1951-05-09,0.0056405016,simulation
1951-05-10,0.001887478,simulation
1951-05-11,0.008492254,simulation
1951-05-12,0.015277584,simulation
1951-05-13,0.057980087,simulation
1951-05-14,0.088048816,simulation
1951-05-15,0.08527823,simulation
1951-05-16,0.060848806,simulation
1951-05-17,0.079913974,simulation
1951-05-18,0.058606796,simulation
1951-05-19,0.07297182,simulation
1951-05-20,0.024107888,simulation
1951-05-21,0.052074105,simulation
1951-05-22,0.014424242,simulation
1951-05-23,0.015952673,simulation
1951-05-24,0.023829425,simulation
1951-05-25,0.010036735,simulation
1951-05-26,0.032516126,simulation
1951-05-27,0.11995438,simulation
1951-05-28,0.059750833,simulation
1951-05-29,0.065061316,simulation
1951-05-30,0.05867588,simulation
1951-05-31,0.08939768,simulation
1951-06-01,0.05268406,simulation
1951-06-02,0.0070976117,simulation
1951-06-03,0.115032904,simulation
1951-06-04,0.0067486083,simulation
1951-06-05,0.013353017,simulation
1951-06-06,0.053306453,simulation
1951-06-07,0.038258057,simulation
1951-06-08,0.049083438,simulation
1951-06-09,0.04030335,simulation
1951-06-10,0.0145971365,simulation
1951-06-11,0.02780801,simulation
1951-06-12,0.0066059767,simulation
1951-06-13,0.011157982,simulation
1951-06-14,0.004494889,simulation
1951-06-15,0.0022251084,simulation
1951-06-16,0.0024521796,simulation
1951-06-17,0.0046041743,simulation
1951-06-18,0.019931514,simulation
1951-06-19,0.012840761,simulation
1951-06-20,0.006689102,simulation
1951-06-21,0.02480392,simulation
1951-06-22,0.08329943,simulation
1951-06-23,0.07327069,simulation
1951-06-24,0.06763458,simulation
1951-06-25,0.049431242,simulation
1951-06-26,0.07483299,simulation
1951-06-27,0.0760708,simulation
1951-06-28,0.025966896,simulation
1951-06-29,0.0083914315,simulation
1951-06-30,0.005339969,simulation
1951-07-01,0.0069255917,simulation
1951-07-02,0.0022701556,simulation
1951-07-03,0.014929821,simulation
1951-07-04,0.039742082,simulation
1951-07-05,0.051136166,simulation
1951-07-06,0.08009673,simulation
1951-07-07,0.051826924,simulation
1951-07-08,0.06852473,simulation
1951-07-09,0.033676155,simulation
1951-07-10,0.08852744,simulation
1951-07-11,0.093352795,simulation
1951-07-12,0.07806128,simulation
1951-07-13,0.008213328,simulation
1951-07-14,0.04614743,simulation
1951-07-15,0.070662074,simulation
1951-07-16,0.050406028,simulation
1951-07-17,0.109842226,simulation
1951-07-18,0.10183031,simulation
1951-07-19,0.04304289,simulation
1951-07-20,0.09362261,simulation
1951-07-21,0.08088727,simulation
1951-07-22,0.016307583,simulation
1951-07-23,0.016058173,simulation
1951-07-24,0.015254975,simulation
1951-07-25,0.01768617,simulation
1951-07-26,0.032948803,simulation
1951-07-27,0.0051548607,simulation
1951-07-28,0.0025216371,simulation
1951-07-29,0.0079619875,simulation
1951-07-30,0.038415007,simulation
1951-07-31,0.036415543,simulation
1951-08-01,0.057054345,simulation
1951-08-02,0.053321518,simulation
1951-08-03,0.037523955,simulation
1951-08-04,0.09903952,simulation
1951-08-05,0.11045948,simulation
1951-08-06,0.081126265,simulation
1951-08-07,0.054967448,simulation
1951-08-08,0.009712829,simulation
1951-08-09,0.06617841,simulation
1951-08-10,0.06847212,simulation
1951-08-11,0.08692537,simulation
1951-08-12,0.10429132,simulation
1951-08-13,0.102471955,simulation
1951-08-14,0.10496335,simulation
1951-08-15,0.065930486,simulation
1951-08-16,0.07954164,simulation
1951-08-17,0.05264208,simulation
1951-08-18,0.021549152,simulation
1951-08-19,0.057477493,simulation
1951-08-20,0.068541184,simulation
1951-08-21,0.05321001,simulation
1951-08-22,0.0062868944,simulation
1951-08-23,0.09955446,simulation
1951-08-24,0.10680857,simulation
1951-08-25,0.06575445,simulation
1951-08-26,0.06913045,simulation
1951-08-27,0.0898607,simulation
1951-08-28,0.073526464,simulation
1951-08-29,0.074028276,simulation
1951-08-30,0.08525191,simulation
1951-08-31,0.07852049,simulation
1951-09-01,0.033446774,simulation
1951-09-02,0.07883989,simulation
1951-09-03,0.058399674,simulation
1951-09-04,0.043841563,simulation
1951-09-05,0.05601754,simulation
1951-09-06,0.03315994,simulation
1951-09-07,0.065539464,simulation
1951-09-08,0.055491414,simulation
1951-09-09,0.06935786,simulation
1951-09-10,0.0047677425,simulation
1951-09-11,0.008077125,simulation
1951-09-12,0.004485833,simulation
1951-09-13,0.0013432787,simulation
1951-09-14,0.0009416999,simulation
1951-09-15,0.013847657,simulation
1951-09-16,0.00862799,simulation
1951-09-17,0.012316979,simulation
1951-09-18,0.05369001,simulation
1951-09-19,0.044816576,simulation
1951-09-20,0.002315904,simulation
1951-09-21,0.0011068131,simulation
1951-09-22,0.0014084126,simulation
1951-09-23,0.0017407689,simulation
1951-09-24,0.00625254,simulation
1951-09-25,0.0013583442,simulation
1951-09-26,0.0013570628,simulation
1951-09-27,0.004370446,simulation
1951-09-28,0.026843363,simulation
1951-09-29,0.039451953,simulation
1951-09-30,0.01009291,simulation
1951-10-01,0.014946163,simulation
1951-10-02,0.030820766,simulation
1951-10-03,0.025501356,simulation
1951-10-04,0.018984271,simulation
1951-10-05,0.022484686,simulation
1951-10-06,0.027756777,simulation
1951-10-07,0.0039490317,simulation
1951-10-08,0.010018884,simulation
1951-10-09,0.0134780845,simulation
1951-10-10,0.015777795,simulation
1951-10-11,0.0126565825,simulation
1951-10-12,0.013382599,simulation
1951-10-13,0.015537992,simulation
1951-10-14,0.0038872315,simulation
1951-10-15,0.017607745,simulation
1951-10-16,0.013894627,simulation
1951-10-17,0.015744733,simulation
1951-10-18,0.0077331765,simulation
1951-10-19,0.0073435837,simulation
1951-10-20,0.010879975,simulation
1951-10-21,0.006342452,simulation
1951-10-22,0.0013579943,simulation
1951-10-23,0.001197529,simulation
1951-10-24,0.0031648069,simulation
1951-10-25,0.0018669347,simulation
1951-10-26,0.003645928,simulation
1951-10-27,0.0015425183,simulation
1951-10-28,0.0013147702,simulation
1951-10-29,0.0011389387,simulation
1951-10-30,0.002867391,simulation
1951-10-31,0.0017981417,simulation
1951-11-01,0.0006306892,simulation
1951-11-02,0.0007619297,simulation
1951-11-03,0.0030226188,simulation
1951-11-04,0.00401551,simulation
1951-11-05,0.0064882454,simulation
1951-11-06,0.0011547016,simulation
1951-11-07,0.0043579675,simulation
1951-11-08,0.0028630106,simulation
1951-11-09,0.0030639286,simulation
1951-11-10,0.00215302,simulation
1951-11-11,0.0048728143,simulation
1951-11-12,0.0010766975,simulation
1951-11-13,0.0018445604,simulation
1951-11-14,0.005995551,simulation
1951-11-15,0.0022175286,simulation
1951-11-16,0.0011247414,simulation
1951-11-17,0.0019110196,simulation
1951-11-18,0.00208537,simulation
1951-11-19,0.00212418,simulation
1951-11-20,0.0027029307,simulation
1951-11-21,0.0029103258,simulation
1951-11-22,0.0019954648,simulation
1951-11-23,0.0010446978,simulation
1951-11-24,0.00091321726,simulation
1951-11-25,0.0016227613,simulation
1951-11-26,0.0010222199,simulation
1951-11-27,0.0009173118,simulation
1951-11-28,0.00076330866,simulation
1951-11-29,0.0019766297,simulation
1951-11-30,0.000890941,simulation
1951-12-01,0.002377505,simulation
1951-12-02,0.0009310669,simulation
1951-12-03,0.00061453524,simulation
1951-12-04,0.0021768513,simulation
1951-12-05,0.0047581536,simulation
1951-12-06,0.0017104952,simulation
1951-12-07,0.0011310402,simulation
1951-12-08,0.0015292267,simulation
1951-12-09,0.0006680658,simulation
1951-12-10,0.00077764073,simulation
1951-12-11,0.001986959,simulation
1951-12-12,0.0025610065,simulation
1951-12-13,0.0010716196,simulation
1951-12-14,0.00086763623,simulation
1951-12-15,0.0023815602,simulation
1951-12-16,0.0015206011,simulation
1951-12-17,0.0016222055,simulation
1951-12-18,0.0020818114,simulation
1951-12-19,0.001515398,simulation
1951-12-20,0.0006215143,simulation
1951-12-21,0.0014124041,simulation
1951-12-22,0.0016732755,simulation
1951-12-23,0.0019266004,simulation
1951-12-24,0.0013648857,simulation
1951-12-25,0.0010291866,simulation
1951-12-26,0.0012058882,simulation
1951-12-27,0.0021917608,simulation
1951-12-28,0.0018204263,simulation
1951-12-29,0.00092938635,simulation
1951-12-30,0.0012030953,simulation
1951-12-31,0.0022188534,simulation
1952-01-01,0.0018304179,simulation
1952-01-02,0.0009829979,simulation
1952-01-03,0.00065045373,simulation
1952-01-04,0.0006094702,simulation
1952-01-05,0.0006424306,simulation
1952-01-06,0.00096101215,simulation
1952-01-07,0.0011053877,simulation
1952-01-08,0.0007075257,simulation
1952-01-09,0.00087272876,simulation
1952-01-10,0.0024858231,simulation
1952-01-11,0.0010284791,simulation
1952-01-12,0.0009559833,simulation
1952-01-13,0.0010814272,simulation
1952-01-14,0.0009767619,simulation
1952-01-15,0.00078497437,simulation
1952-01-16,0.0009170754,simulation
1952-01-17,0.0010446978,simulation
1952-01-18,0.0012602981,simulation
1952-01-19,0.0011055772,simulation
1952-01-20,0.0014117991,simulation
1952-01-21,0.0013234863,simulation
1952-01-22,0.0016982404,simulation
1952-01-23,0.00244613,simulation
1952-01-24,0.0011896357,simulation
1952-01-25,0.00095057144,simulation
1952-01-26,0.0013397106,simulation
1952-01-27,0.001084033,simulation
1952-01-28,0.0024154843,simulation
1952-01-29,0.0021509994,simulation
1952-01-30,0.0018781417,simulation
1952-01-31,0.0016816045,simulation
1952-02-01,0.0010124235,simulation
1952-02-02,0.00063467014,simulation
1952-02-03,0.0029614228,simulation
1952-02-04,0.00092778914,simulation
1952-02-05,0.0028306036,simulation
1952-02-06,0.0031769022,simulation
1952-02-07,0.0038044741,simulation
1952-02-08,0.005623594,simulation
1952-02-09,0.0017216576,simulation
1952-02-10,0.0015863434,simulation
1952-02-11,0.0022464662,simulation
1952-02-12,0.0016036939,simulation
1952-02-13,0.001565955,simulation
1952-02-14,0.0038231444,simulation
1952-02-15,0.0022579911,simulation
1952-02-16,0.00077817665,simulation
1952-02-17,0.0012909548,simulation
1952-02-18,0.0024609675,simulation
1952-02-19,0.0011040582,simulation
1952-02-20,0.0033110133,simulation
1952-02-21,0.005206859,simulation
1952-02-22,0.0008323044,simulation
1952-02-23,0.00059657724,simulation
1952-02-24,0.0007088067,simulation
1952-02-25,0.00084362924,simulation
1952-02-26,0.00066227623,simulation
1952-02-27,0.004982627,simulation
1952-02-28,0.0010960236,simulation
1952-02-29,0.006887339,simulation
1952-03-01,0.0013429333,simulation
1952-03-02,0.0010843123,simulation
1952-03-03,0.0008554752,simulation
1952-03-04,0.0063256305,simulation
1952-03-05,0.0015065923,simulation
1952-03-06,0.010344743,simulation
1952-03-07,0.0118989535,simulation
1952-03-08,0.010455533,simulation
1952-03-09,0.0014314259,simulation
1952-03-10,0.00090593897,simulation
1952-03-11,0.0022722865,simulation
1952-03-12,0.0011701785,simulation
1952-03-13,0.005057019,simulation
1952-03-14,0.0013190648,simulation
1952-03-15,0.014327229,simulation
1952-03-16,0.0023894887,simulation
1952-03-17,0.001580511,simulation
1952-03-18,0.002017231,simulation
1952-03-19,0.011368491,simulation
1952-03-20,0.0072917063,simulation
1952-03-21,0.0019906966,simulation
1952-03-22,0.0012878564,simulation
1952-03-23,0.0012276195,simulation
1952-03-24,0.013346682,simulation
1952-03-25,0.0030213362,simulation
1952-03-26,0.013248896,simulation
1952-03-27,0.021504283,simulation
1952-03-28,0.004617335,simulation
1952-03-29,0.009614843,simulation
1952-03-30,0.003321123,simulation
1952-03-31,0.000782275,simulation
1952-04-01,0.012675698,simulation
1952-04-02,0.04585995,simulation
1952-04-03,0.020435385,simulation
1952-04-04,0.012367088,simulation
1952-04-05,0.024162482,simulation
1952-04-06,0.025674919,simulation
1952-04-07,0.023567412,simulation
1952-04-08,0.03635302,simulation
1952-04-09,0.005906918,simulation
1952-04-10,0.0012810212,simulation
1952-04-11,0.0046899864,simulation
1952-04-12,0.0014749042,simulation
1952-04-13,0.0137119265,simulation
1952-04-14,0.0347398,simulation
1952-04-15,0.038712632,simulation
1952-04-16,0.048938908,simulation
1952-04-17,0.0027408837,simulation
1952-04-18,0.0015350028,simulation
1952-04-19,0.0027408837,simulation
1952-04-20,0.0012708359,simulation
1952-04-21,0.0071257907,simulation
1952-04-22,0.0014059991,simulation
1952-04-23,0.0008611637,simulation
1952-04-24,0.01652079,simulation
1952-04-25,0.0078716455,simulation
1952-04-26,0.02584755,simulation
1952-04-27,0.06133654,simulation
1952-04-28,0.058685314,simulation
1952-04-29,0.073297255,simulation
1952-04-30,0.07938536,simulation
1952-05-01,0.025905302,simulation
1952-05-02,0.0051630605,simulation
1952-05-03,0.06644619,simulation
1952-05-04,0.08349775,simulation
1952-05-05,0.071035884,simulation
1952-05-06,0.04423604,simulation
1952-05-07,0.0562675,simulation
1952-05-08,0.04585995,simulation
1952-05-09,0.018000172,simulation
1952-05-10,0.0048891767,simulation
1952-05-11,0.09148787,simulation
1952-05-12,0.06675018,simulation
1952-05-13,0.07072821,simulation
1952-05-14,0.06980646,simulation
1952-05-15,0.033669326,simulation
1952-05-16,0.010762426,simulation
1952-05-17,0.022005435,simulation
1952-05-18,0.008095027,simulation
1952-05-19,0.00084522815,simulation
1952-05-20,0.0016101631,simulation
1952-05-21,0.036502216,simulation
1952-05-22,0.008177734,simulation
1952-05-23,0.021504283,simulation
1952-05-24,0.051387634,simulation
1952-05-25,0.0013016353,simulation
1952-05-26,0.032830182,simulation
1952-05-27,0.02443699,simulation
1952-05-28,0.0013582273,simulation
1952-05-29,0.003917517,simulation
1952-05-30,0.006927881,simulation
1952-05-31,0.054366577,simulation
1952-06-01,0.09307617,simulation
1952-06-02,0.09897843,simulation
1952-06-03,0.0060612266,simulation
1952-06-04,0.08329283,simulation
1952-06-05,0.011858159,simulation
1952-06-06,0.019049186,simulation
1952-06-07,0.015186123,simulation
1952-06-08,0.00966333,simulation
1952-06-09,0.015149442,simulation
1952-06-10,0.03635302,simulation
1952-06-11,0.059956554,simulation
1952-06-12,0.10020334,simulation
1952-06-13,0.07629047,simulation
1952-06-14,0.088683575,simulation
1952-06-15,0.09484236,simulation
1952-06-16,0.07042075,simulation
1952-06-17,0.036801867,simulation
1952-06-18,0.009884347,simulation
1952-06-19,0.01295942,simulation
1952-06-20,0.023674704,simulation
1952-06-21,0.04884942,simulation
1952-06-22,0.015821962,simulation
1952-06-23,0.06372626,simulation
1952-06-24,0.07370921,simulation
1952-06-25,0.050838165,simulation
1952-06-26,0.04525768,simulation
1952-06-27,0.067562416,simulation
1952-06-28,0.0037865308,simulation
1952-06-29,0.010762426,simulation
1952-06-30,0.013248896,simulation
1952-07-01,0.074430555,simulation
1952-07-02,0.062229298,simulation
1952-07-03,0.040929474,simulation
1952-07-04,0.017872626,simulation
1952-07-05,0.07185722,simulation
1952-07-06,0.092282146,simulation
1952-07-07,0.05878274,simulation
1952-07-08,0.023513917,simulation
1952-07-09,0.0027481166,simulation
1952-07-10,0.015898304,simulation
1952-07-11,0.01728776,simulation
1952-07-12,0.019685054,simulation
1952-07-13,0.020964094,simulation
1952-07-14,0.014894849,simulation
1952-07-15,0.0010435309,simulation
1952-07-16,0.0010631791,simulation
1952-07-17,0.012738256,simulation
1952-07-18,0.032830182,simulation
1952-07-19,0.024326889,simulation
1952-07-20,0.033458095,simulation
1952-07-21,0.037027705,simulation
1952-07-22,0.004010774,simulation
1952-07-23,0.0754651,simulation
1952-07-24,0.09493992,simulation
1952-07-25,0.07763193,simulation
1952-07-26,0.0044986675,simulation
1952-07-27,0.04256425,simulation
1952-07-28,0.08082752,simulation
1952-07-29,0.032830182,simulation
1952-07-30,0.017164623,simulation
1952-07-31,0.026021123,simulation
1952-08-01,0.0042147967,simulation
1952-08-02,0.018128503,simulation
1952-08-03,0.015407897,simulation
1952-08-04,0.04272968,simulation
1952-08-05,0.059075367,simulation
1952-08-06,0.026843363,simulation
1952-08-07,0.03303852,simulation
1952-08-08,0.032210883,simulation
1952-08-09,0.0040003057,simulation
1952-08-10,0.01578392,simulation
1952-08-11,0.014222989,simulation
1952-08-12,0.0051230458,simulation
1952-08-13,0.00797245,simulation
1952-08-14,0.033952434,simulation
1952-08-15,0.02744314,simulation
1952-08-16,0.037710886,simulation
1952-08-17,0.07525881,simulation
1952-08-18,0.028300367,simulation
1952-08-19,0.016560404,simulation
1952-08-20,0.022259641,simulation
1952-08-21,0.0073290714,simulation
1952-08-22,0.035760477,simulation
1952-08-23,0.00891432,simulation
1952-08-24,0.006124025,simulation
1952-08-25,0.0046293684,simulation
1952-08-26,0.017164623,simulation
1952-08-27,0.092282146,simulation
1952-08-28,0.076084115,simulation
1952-08-29,0.05751802,simulation
1952-08-30,0.045086443,simulation
1952-08-31,0.0063815145,simulation
1952-09-01,0.0042812955,simulation
1952-09-02,0.0058916956,simulation
1952-09-03,0.03539357,simulation
1952-09-04,0.06422761,simulation
1952-09-05,0.033598807,simulation
1952-09-06,0.030339377,simulation
1952-09-07,0.005494213,simulation
1952-09-08,0.023195019,simulation
1952-09-09,0.0062999553,simulation
1952-09-10,0.042479046,simulation
1952-09-11,0.0577114,simulation
1952-09-12,0.0033915932,simulation
1952-09-13,0.0013727531,simulation
1952-09-14,0.00095057144,simulation
1952-09-15,0.00705321,simulation
1952-09-16,0.04884942,simulation
1952-09-17,0.016600097,simulation
1952-09-18,0.0008207772,simulation
1952-09-19,0.0009840976,simulation
1952-09-20,0.0014022661,simulation
1952-09-21,0.0018631079,simulation
1952-09-22,0.05703571,simulation
1952-09-23,0.042812534,simulation
1952-09-24,0.0031928304,simulation
1952-09-25,0.019823652,simulation
1952-09-26,0.046206165,simulation
1952-09-27,0.037787315,simulation
1952-09-28,0.03539357,simulation
1952-09-29,0.035174686,simulation
1952-09-30,0.028176656,simulation
1952-10-01,0.025905302,simulation
1952-10-02,0.039102588,simulation
1952-10-03,0.046292953,simulation
1952-10-04,0.02672466,simulation
1952-10-05,0.012275852,simulation
1952-10-06,0.005906918,simulation
1952-10-07,0.007595767,simulation
1952-10-08,0.022310775,simulation
1952-10-09,0.0018337086,simulation
1952-10-10,0.015333657,simulation
1952-10-11,0.013412236,simulation
1952-10-12,0.0137119265,simulation
1952-10-13,0.012336607,simulation
1952-10-14,0.0052033765,simulation
1952-10-15,0.006999236,simulation
1952-10-16,0.014573138,simulation
1952-10-17,0.017830288,simulation
1952-10-18,0.023782408,simulation
1952-10-19,0.026371032,simulation
1952-10-20,0.03200638,simulation
1952-10-21,0.01218523,simulation
1952-10-22,0.0043601664,simulation
1952-10-23,0.010288929,simulation
1952-10-24,0.013645054,simulation
1952-10-25,0.01165423,simulation
1952-10-26,0.011061629,simulation
1952-10-27,0.009375809,simulation
1952-10-28,0.016441822,simulation
1952-10-29,0.008282236,simulation
1952-10-30,0.0014709898,simulation
1952-10-31,0.0023519117,simulation
1952-11-01,0.0030372723,simulation
1952-11-02,0.0042368504,simulation
1952-11-03,0.0027919065,simulation
1952-11-04,0.006045622,simulation
1952-11-05,0.0020441138,simulation
1952-11-06,0.003321123,simulation
1952-11-07,0.009073364,simulation
1952-11-08,0.004394399,simulation
1952-11-09,0.0011154062,simulation
1952-11-10,0.0005799419,simulation
1952-11-11,0.0025057988,simulation
1952-11-12,0.004021268,simulation
1952-11-13,0.0031677599,simulation
1952-11-14,0.0029818537,simulation
1952-11-15,0.005696735,simulation
1952-11-16,0.0017115199,simulation
1952-11-17,0.001234172,simulation
1952-11-18,0.000877398,simulation
1952-11-19,0.005494213,simulation
1952-11-20,0.004116927,simulation
1952-11-21,0.003669416,simulation
1952-11-22,0.002726475,simulation
1952-11-23,0.003218095,simulation
1952-11-24,0.001614444,simulation
1952-11-25,0.0008497515,simulation
1952-11-26,0.0017069854,simulation
1952-11-27,0.0013367254,simulation
1952-11-28,0.0019030322,simulation
1952-11-29,0.0008520215,simulation
1952-11-30,0.00069000636,simulation
1952-12-01,0.0009946474,simulation
1952-12-02,0.00066290447,simulation
1952-12-03,0.00061841455,simulation
1952-12-04,0.0008704035,simulation
1952-12-05,0.0032012302,simulation
1952-12-06,0.0024599195,simulation
1952-12-07,0.0010187984,simulation
1952-12-08,0.0009710661,simulation
1952-12-09,0.0011485683,simulation
1952-12-10,0.0055084457,simulation
1952-12-11,0.002769926,simulation
1952-12-12,0.002132537,simulation
1952-12-13,0.0019131447,simulation
1952-12-14,0.0016622815,simulation
1952-12-15,0.0017436018,simulation
1952-12-16,0.0018680528,simulation
1952-12-17,0.0010187984,simulation
1952-12-18,0.0014515722,simulation
1952-12-19,0.001112439,simulation
1952-12-20,0.002613849,simulation
1952-12-21,0.0010324656,simulation
1952-12-22,0.0011795633,simulation
1952-12-23,0.0010947996,simulation
1952-12-24,0.00061841455,simulation
1952-12-25,0.00082737504,simulation
1952-12-26,0.0008868109,simulation
1952-12-27,0.0007949051,simulation
1952-12-28,0.0015513991,simulation
1952-12-29,0.00068816607,simulation
1952-12-30,0.0006317774,simulation
1952-12-31,0.0013051028,simulation
1953-01-01,0.0013331741,simulation
1953-01-02,0.003382705,simulation
1953-01-03,0.0028891482,simulation
1953-01-04,0.0022843305,simulation
1953-01-05,0.0028891482,simulation
1953-01-06,0.002486034,simulation
1953-01-07,0.0010297181,simulation
1953-01-08,0.00090835866,simulation
1953-01-09,0.00097625796,simulation
1953-01-10,0.00084522815,simulation
1953-01-11,0.0027992711,simulation
1953-01-12,0.002566025,simulation
1953-01-13,0.0014593087,simulation
1953-01-14,0.0016447258,simulation
1953-01-15,0.0013582273,simulation
1953-01-16,0.001688963,simulation
1953-01-17,0.00058305083,simulation
1953-01-18,0.0025592635,simulation
1953-01-19,0.0020225795,simulation
1953-01-20,0.0019489566,simulation
1953-01-21,0.0030855762,simulation
1953-01-22,0.0008520215,simulation
1953-01-23,0.0012708359,simulation
1953-01-24,0.0033037302,simulation
1953-01-25,0.0037766339,simulation
1953-01-26,0.003806401,simulation
1953-01-27,0.0012017528,simulation
1953-01-28,0.0012308914,simulation
1953-01-29,0.0046899864,simulation
1953-01-30,0.0037766339,simulation
1953-01-31,0.0013948292,simulation
1953-02-01,0.00082958606,simulation
1953-02-02,0.00097625796,simulation
1953-02-03,0.0010977201,simulation
1953-02-04,0.0022424469,simulation
1953-02-05,0.0013225783,simulation
1953-02-06,0.00071438553,simulation
1953-02-07,0.0030613309,simulation
1953-02-08,0.0053123776,simulation
1953-02-09,0.0015513991,simulation
1953-02-10,0.002224729,simulation
1953-02-11,0.00271214,simulation
1953-02-12,0.0019131447,simulation
1953-02-13,0.0030936995,simulation
1953-02-14,0.00074756396,simulation
1953-02-15,0.0053538177,simulation
1953-02-16,0.0019080818,simulation
1953-02-17,0.0023208444,simulation
1953-02-18,0.0029120564,simulation
1953-02-19,0.0008407293,simulation
1953-02-20,0.0015350028,simulation
1953-02-21,0.0010745712,simulation
1953-02-22,0.0012912876,simulation
1953-02-23,0.0008429758,simulation
1953-02-24,0.0005586385,simulation
1953-02-25,0.00054828107,simulation
1953-02-26,0.0017436018,simulation
1953-02-27,0.0072175176,simulation
1953-02-28,0.0022903765,simulation
1953-03-01,0.0010831946,simulation
1953-03-02,0.0019438012,simulation
1953-03-03,0.002093397,simulation
1953-03-04,0.0020549658,simulation
1953-03-05,0.0061398214,simulation
1953-03-06,0.0022603043,simulation
1953-03-07,0.0019284118,simulation
1953-03-08,0.013779099,simulation
1953-03-09,0.0030054818,simulation
1953-03-10,0.0008542979,simulation
1953-03-11,0.00092055334,simulation
1953-03-12,0.0010324656,simulation
1953-03-13,0.0018730108,simulation
1953-03-14,0.0011006484,simulation
1953-03-15,0.003649936,simulation
1953-03-16,0.004965961,simulation
1953-03-17,0.004417365,simulation
1953-03-18,0.0010297181,simulation
1953-03-19,0.0027192982,simulation
1953-03-20,0.0008611637,simulation
1953-03-21,0.0024794799,simulation
1953-03-22,0.0049788724,simulation
1953-03-23,0.005623594,simulation
1953-03-24,0.019319514,simulation
1953-03-25,0.034308743,simulation
1953-03-26,0.011596561,simulation
1953-03-27,0.00192331,simulation
1953-03-28,0.018474601,simulation
1953-03-29,0.026371032,simulation
1953-03-30,0.00464143,simulation
1953-03-31,0.0014907921,simulation
1953-04-01,0.0037667626,simulation
1953-04-02,0.00090352574,simulation
1953-04-03,0.023195019,simulation
1953-04-04,0.023782408,simulation
1953-04-05,0.0035184498,simulation
1953-04-06,0.0009011184,simulation
1953-04-07,0.0049918164,simulation
1953-04-08,0.0037470935,simulation
1953-04-09,0.001234172,simulation
1953-04-10,0.026962485,simulation
1953-04-11,0.0074422634,simulation
1953-04-12,0.0027408837,simulation
1953-04-13,0.034667697,simulation
1953-04-14,0.013678452,simulation
1953-04-15,0.009375809,simulation
1953-04-16,0.058685314,simulation
1953-04-17,0.0123976385,simulation
1953-04-18,0.0046656476,simulation
1953-04-19,0.040929474,simulation
1953-04-20,0.03234777,simulation
1953-04-21,0.041171733,simulation
1953-04-22,0.029114807,simulation
1953-04-23,0.010211915,simulation
1953-04-24,0.002121281,simulation
1953-04-25,0.015222889,simulation
1953-04-26,0.06807115,simulation
1953-04-27,0.028549071,simulation
1953-04-28,0.007851628,simulation
1953-04-29,0.0014400436,simulation
1953-04-30,0.04389856,simulation
1953-05-01,0.001843457,simulation
1953-05-02,0.0024599195,simulation
1953-05-03,0.0041601486,simulation
1953-05-04,0.0010187984,simulation
1953-05-05,0.0010603499,simulation
1953-05-06,0.011858159,simulation
1953-05-07,0.0577114,simulation
1953-05-08,0.04965799,simulation
1953-05-09,0.012065352,simulation
1953-05-10,0.037787315,simulation
1953-05-11,0.039652854,simulation
1953-05-12,0.027564343,simulation
1953-05-13,0.0010860844,simulation
1953-05-14,0.0015107294,simulation
1953-05-15,0.00100531,simulation
1953-05-16,0.0044058673,simulation
1953-05-17,0.0066493414,simulation
1953-05-18,0.0012146179,simulation
1953-05-19,0.005465853,simulation
1953-05-20,0.027869187,simulation
1953-05-21,0.024053393,simulation
1953-05-22,0.027262107,simulation
1953-05-23,0.03126471,simulation
1953-05-24,0.029560748,simulation
1953-05-25,0.05147949,simulation
1953-05-26,0.07773511,simulation
1953-05-27,0.09138835,simulation
1953-05-28,0.11281014,simulation
1953-05-29,0.07453364,simulation
1953-05-30,0.05175556,simulation
1953-05-31,0.010110064,simulation
1953-06-01,0.065738164,simulation
1953-06-02,0.12057452,simulation
1953-06-03,0.09503742,simulation
1953-06-04,0.021753658,simulation
1953-06-05,0.0068396647,simulation
1953-06-06,0.024658412,simulation
1953-06-07,0.031465698,simulation
1953-06-08,0.013055268,simulation
1953-06-09,0.047870807,simulation
1953-06-10,0.0626274,simulation
1953-06-11,0.012927612,simulation
1953-06-12,0.010186364,simulation
1953-06-13,0.07267973,simulation
1953-06-14,0.080106705,simulation
1953-06-15,0.043311723,simulation
1953-06-16,0.030208886,simulation
1953-06-17,0.08676169,simulation
1953-06-18,0.09069037,simulation
1953-06-19,0.09415778,simulation
1953-06-20,0.060153022,simulation
1953-06-21,0.09039051,simulation
1953-06-22,0.007615165,simulation
1953-06-23,0.053053465,simulation
1953-06-24,0.01918394,simulation
1953-06-25,0.0076736384,simulation
1953-06-26,0.009614843,simulation
1953-06-27,0.002383185,simulation
1953-06-28,0.0010106837,simulation
1953-06-29,0.028424516,simulation
1953-06-30,0.04884942,simulation
1953-07-01,0.02111028,simulation
1953-07-02,0.047165897,simulation
1953-07-03,0.050564554,simulation
1953-07-04,0.059466418,simulation
1953-07-05,0.047517624,simulation
1953-07-06,0.07216554,simulation
1953-07-07,0.066547476,simulation
1953-07-08,0.03106466,simulation
1953-07-09,0.06888673,simulation
1953-07-10,0.026547372,simulation
1953-07-11,0.012769637,simulation
1953-07-12,0.01708296,simulation
1953-07-13,0.0011547016,simulation
1953-07-14,0.001133375,simulation
1953-07-15,0.005623594,simulation
1953-07-16,0.0009556544,simulation
1953-07-17,0.0020768405,simulation
1953-07-18,0.016245853,simulation
1953-07-19,0.0037667626,simulation
1953-07-20,0.001051907,simulation
1953-07-21,0.0017762781,simulation
1953-07-22,0.0052576032,simulation
1953-07-23,0.0015721386,simulation
1953-07-24,0.009399459,simulation
1953-07-25,0.015186123,simulation
1953-07-26,0.051112518,simulation
1953-07-27,0.10630121,simulation
1953-07-28,0.039652854,simulation
1953-07-29,0.059270788,simulation
1953-07-30,0.0048764898,simulation
1953-07-31,0.004901893,simulation
1953-08-01,0.011683167,simulation
1953-08-02,0.01391433,simulation
1953-08-03,0.019639043,simulation
1953-08-04,0.034023494,simulation
1953-08-05,0.05314676,simulation
1953-08-06,0.05550369,simulation
1953-08-07,0.06493135,simulation
1953-08-08,0.07185722,simulation
1953-08-09,0.03957394,simulation
1953-08-10,0.08123908,simulation
1953-08-11,0.07062571,simulation
1953-08-12,0.03973189,simulation
1953-08-13,0.052588142,simulation
1953-08-14,0.05147949,simulation
1953-08-15,0.026312454,simulation
1953-08-16,0.034308743,simulation
1953-08-17,0.0091423355,simulation
1953-08-18,0.011116848,simulation
1953-08-19,0.00891432,simulation
1953-08-20,0.022106824,simulation
1953-08-21,0.0010631791,simulation
1953-08-22,0.0010324656,simulation
1953-08-23,0.0018730108,simulation
1953-08-24,0.0022603043,simulation
1953-08-25,0.0009304264,simulation
1953-08-26,0.0012113889,simulation
1953-08-27,0.002017231,simulation
1953-08-28,0.0025323925,simulation
1953-08-29,0.005726724,simulation
1953-08-30,0.004337489,simulation
1953-08-31,0.056076117,simulation
1953-09-01,0.033669326,simulation
1953-09-02,0.007851628,simulation
1953-09-03,0.010366478,simulation
1953-09-04,0.0012374613,simulation
1953-09-05,0.016481265,simulation
1953-09-06,0.08390729,simulation
1953-09-07,0.0750492,simulation
1953-09-08,0.06807115,simulation
1953-09-09,0.060349695,simulation
1953-09-10,0.058685314,simulation
1953-09-11,0.018649789,simulation
1953-09-12,0.009494622,simulation
1953-09-13,0.002726475,simulation
1953-09-14,0.003602435,simulation
1953-09-15,0.037710886,simulation
1953-09-16,0.03423727,simulation
1953-09-17,0.023890497,simulation
1953-09-18,0.01878211,simulation
1953-09-19,0.029624872,simulation
1953-09-20,0.03717879,simulation
1953-09-21,0.06084243,simulation
1953-09-22,0.079797626,simulation
1953-09-23,0.038171053,simulation
1953-09-24,0.0020549658,simulation
1953-09-25,0.0034183948,simulation
1953-09-26,0.019319514,simulation
1953-09-27,0.037558343,simulation
1953-09-28,0.041090887,simulation
1953-09-29,0.043646477,simulation
1953-09-30,0.028238457,simulation
1953-10-01,0.0032012302,simulation
1953-10-02,0.005771271,simulation
1953-10-03,0.012215369,simulation
1953-10-04,0.020150267,simulation
1953-10-05,0.013216447,simulation
1953-10-06,0.013445122,simulation
1953-10-07,0.014967198,simulation
1953-10-08,0.01913893,simulation
1953-10-09,0.024714015,simulation
1953-10-10,0.02111028,simulation
1953-10-11,0.022310775,simulation
1953-10-12,0.0026978792,simulation
1953-10-13,0.019004453,simulation
1953-10-14,0.017494695,simulation
1953-10-15,0.015407897,simulation
1953-10-16,0.01720558,simulation
1953-10-17,0.019547291,simulation
1953-10-18,0.017411664,simulation
1953-10-19,0.006045622,simulation
1953-10-20,0.01475109,simulation
1953-10-21,0.00995906,simulation
1953-10-22,0.0051899045,simulation
1953-10-23,0.002098945,simulation
1953-10-24,0.0015721386,simulation
1953-10-25,0.009542543,simulation
1953-10-26,0.00090835866,simulation
1953-10-27,0.0020333184,simulation
1953-10-28,0.010951953,simulation
1953-10-29,0.01280109,simulation
1953-10-30,0.0017715733,simulation
1953-10-31,0.0010242433,simulation
1953-11-01,0.0011363977,simulation
1953-11-02,0.004021268,simulation
1953-11-03,0.0018047678,simulation
1953-11-04,0.0006593718,simulation
1953-11-05,0.005876513,simulation
1953-11-06,0.008603351,simulation
1953-11-07,0.0013016353,simulation
1953-11-08,0.000782275,simulation
1953-11-09,0.007595767,simulation
1953-11-10,0.006235427,simulation
1953-11-11,0.004605334,simulation
1953-11-12,0.0048386236,simulation
1953-11-13,0.004569509,simulation
1953-11-14,0.0045104004,simulation
1953-11-15,0.0012374613,simulation
1953-11-16,0.0009455153,simulation
1953-11-17,0.0018979949,simulation
1953-11-18,0.0012211014,simulation
1953-11-19,0.0006664559,simulation
1953-11-20,0.0024340744,simulation
1953-11-21,0.0010242433,simulation
1953-11-22,0.003826373,simulation
1953-11-23,0.002566025,simulation
1953-11-24,0.0027919065,simulation
1953-11-25,0.005149689,simulation
1953-11-26,0.004751374,simulation
1953-11-27,0.0029120564,simulation
1953-11-28,0.0016316797,simulation
1953-11-29,0.0008542979,simulation
1953-11-30,0.00077810953,simulation
1953-12-01,0.0032864267,simulation
1953-12-02,0.0009379007,simulation
1953-12-03,0.0007719029,simulation
1953-12-04,0.0010491075,simulation
1953-12-05,0.00087506033,simulation
1953-12-06,0.0035930076,simulation
1953-12-07,0.0014709898,simulation
1953-12-08,0.00075963646,simulation
1953-12-09,0.0010324656,simulation
1953-12-10,0.0013837473,simulation
1953-12-11,0.000654108,simulation
1953-12-12,0.0006151181,simulation
1953-12-13,0.00059406227,simulation
1953-12-14,0.0036983592,simulation
1953-12-15,0.002160935,simulation
1953-12-16,0.002486034,simulation
1953-12-17,0.0016844859,simulation
1953-12-18,0.0011639632,simulation
1953-12-19,0.0008497515,simulation
1953-12-20,0.0008120614,simulation
1953-12-21,0.0013016353,simulation
1953-12-22,0.0018095595,simulation
1953-12-23,0.0018095595,simulation
1953-12-24,0.0023086097,simulation
1953-12-25,0.002466424,simulation
1953-12-26,0.0017622005,simulation
1953-12-27,0.0009455153,simulation
1953-12-28,0.00058305083,simulation
1953-12-29,0.00053667807,simulation
1953-12-30,0.0007495623,simulation
1953-12-31,0.0022306184,simulation
1954-01-01,0.002049533,simulation
1954-01-02,0.0011921929,simulation
1954-01-03,0.0019284118,simulation
1954-01-04,0.0007949051,simulation
1954-01-05,0.0024340744,simulation
1954-01-06,0.0015472838,simulation
1954-01-07,0.0024599195,simulation
1954-01-08,0.002017231,simulation
1954-01-09,0.0010435309,simulation
1954-01-10,0.00061183906,simulation
1954-01-11,0.0021100838,simulation
1954-01-12,0.0008963242,simulation
1954-01-13,0.0009254768,simulation
1954-01-14,0.0012674585,simulation
1954-01-15,0.00068632996,simulation
1954-01-16,0.0012473813,simulation
1954-01-17,0.00081423204,simulation
1954-01-18,0.0008680844,simulation
1954-01-19,0.001244066,simulation
1954-01-20,0.0012742219,simulation
1954-01-21,0.0009659012,simulation
1954-01-22,0.0007677923,simulation
1954-01-23,0.00056013395,simulation
1954-01-24,0.0008891797,simulation
1954-01-25,0.0009304264,simulation
1954-01-26,0.00082516985,simulation
1954-01-27,0.00091810175,simulation
1954-01-28,0.0026978792,simulation
1954-01-29,0.0016979504,simulation
1954-01-30,0.00085886905,simulation
1954-01-31,0.0015721386,simulation
1954-02-01,0.0038869036,simulation
1954-02-02,0.002950632,simulation
1954-02-03,0.00771286,simulation
1954-02-04,0.0055657336,simulation
1954-02-05,0.0051097744,simulation
1954-02-06,0.006030059,simulation
1954-02-07,0.0034817394,simulation
1954-02-08,0.0033915932,simulation
1954-02-09,0.006927881,simulation
1954-02-10,0.001964508,simulation
1954-02-11,0.0032520848,simulation
1954-02-12,0.0066493414,simulation
1954-02-13,0.0030213362,simulation
1954-02-14,0.0019438012,simulation
1954-02-15,0.0023025163,simulation
1954-02-16,0.0034544524,simulation
1954-02-17,0.0065813963,simulation
1954-02-18,0.003029294,simulation
1954-02-19,0.0014362208,simulation
1954-02-20,0.0052033765,simulation
1954-02-21,0.0079927575,simulation
1954-02-22,0.008198534,simulation
1954-02-23,0.0013727531,simulation
1954-02-24,0.0092350645,simulation
1954-02-25,0.0110892095,simulation
1954-02-26,0.0025057988,simulation
1954-02-27,0.002466424,simulation
1954-02-28,0.0055513587,simulation
1954-03-01,0.007615165,simulation
1954-03-02,0.0022722865,simulation
1954-03-03,0.008846965,simulation
1954-03-04,0.005756386,simulation
1954-03-05,0.0007949051,simulation
1954-03-06,0.0024729427,simulation
1954-03-07,0.007017182,simulation
1954-03-08,0.0010889819,simulation
1954-03-09,0.0052986317,simulation
1954-03-10,0.011683167,simulation
1954-03-11,0.008959493,simulation
1954-03-12,0.0026485447,simulation
1954-03-13,0.0013120648,simulation
1954-03-14,0.014257658,simulation
1954-03-15,0.008959493,simulation
1954-03-16,0.007235997,simulation
1954-03-17,0.0021723981,simulation
1954-03-18,0.0013331741,simulation
1954-03-19,0.003897082,simulation
1954-03-20,0.008690941,simulation
1954-03-21,0.010340569,simulation
1954-03-22,0.010762426,simulation
1954-03-23,0.0018385764,simulation
1954-03-24,0.0019906966,simulation
1954-03-25,0.0009379007,simulation
1954-03-26,0.0009556544,simulation
1954-03-27,0.00083402556,simulation
1954-03-28,0.0008474866,simulation
1954-03-29,0.0013051028,simulation
1954-03-30,0.0029044,simulation
1954-03-31,0.010870353,simulation
1954-04-01,0.023621008,simulation
1954-04-02,0.0041819243,simulation
1954-04-03,0.0057861935,simulation
1954-04-04,0.0040423363,simulation
1954-04-05,0.01663987,simulation
1954-04-06,0.0034363777,simulation
1954-04-07,0.017411664,simulation
1954-04-08,0.0017999882,simulation
1954-04-09,0.002178152,simulation
1954-04-10,0.004605334,simulation
1954-04-11,0.0046899864,simulation
1954-04-12,0.009119291,simulation
1954-04-13,0.026606364,simulation
1954-04-14,0.015745956,simulation
1954-04-15,0.0016316797,simulation
1954-04-16,0.0017715733,simulation
1954-04-17,0.043228276,simulation
1954-04-18,0.046032865,simulation
1954-04-19,0.015898304,simulation
1954-04-20,0.014679677,simulation
1954-04-21,0.023142215,simulation
1954-04-22,0.003979451,simulation
1954-04-23,0.0023519117,simulation
1954-04-24,0.009399459,simulation
1954-04-25,0.011312121,simulation
1954-04-26,0.012738256,simulation
1954-04-27,0.00944693,simulation
1954-04-28,0.006030059,simulation
1954-04-29,0.014967198,simulation
1954-04-30,0.015076307,simulation
1954-05-01,0.019685054,simulation
1954-05-02,0.014573138,simulation
1954-05-03,0.00092794874,simulation
1954-05-04,0.04965799,simulation
1954-05-05,0.050564554,simulation
1954-05-06,0.058685314,simulation
1954-05-07,0.011172324,simulation
1954-05-08,0.055218447,simulation
1954-05-09,0.0068748225,simulation
1954-05-10,0.0053123776,simulation
1954-05-11,0.012428258,simulation
1954-05-12,0.0011213636,simulation
1954-05-13,0.0010803125,simulation
1954-05-14,0.027625099,simulation
1954-05-15,0.03040479,simulation
1954-05-16,0.021504283,simulation
1954-05-17,0.011976153,simulation
1954-05-18,0.026547372,simulation
1954-05-19,0.004702202,simulation
1954-05-20,0.079797626,simulation
1954-05-21,0.06827486,simulation
1954-05-22,0.06432801,simulation
1954-05-23,0.0071075787,simulation
1954-05-24,0.025219051,simulation
1954-05-25,0.002011896,simulation
1954-05-26,0.00095057144,simulation
1954-05-27,0.004545775,simulation
1954-05-28,0.01578392,simulation
1954-05-29,0.022259641,simulation
1954-05-30,0.019639043,simulation
1954-05-31,0.02780801,simulation
1954-06-01,0.04440535,simulation
1954-06-02,0.03289952,simulation
1954-06-03,0.026962485,simulation
1954-06-04,0.10603639,simulation
1954-06-05,0.029882437,simulation
1954-06-06,0.054744452,simulation
1954-06-07,0.027022207,simulation
1954-06-08,0.03153291,simulation
1954-06-09,0.03855738,simulation
1954-06-10,0.06392667,simulation
1954-06-11,0.06990877,simulation
1954-06-12,0.0898898,simulation
1954-06-13,0.060349695,simulation
1954-06-14,0.021208204,simulation
1954-06-15,0.010237528,simulation
1954-06-16,0.0042701424,simulation
1954-06-17,0.019593123,simulation
1954-06-18,0.0055513587,simulation
1954-06-19,0.010655494,simulation
1954-06-20,0.034380324,simulation
1954-06-21,0.01720558,simulation
1954-06-22,0.024769725,simulation
1954-06-23,0.014786917,simulation
1954-06-24,0.05102099,simulation
1954-06-25,0.05221731,simulation
1954-06-26,0.08103334,simulation
1954-06-27,0.00409548,simulation
1954-06-28,0.06553621,simulation
1954-06-29,0.08978953,simulation
1954-06-30,0.1204344,simulation
1954-07-01,0.0054800157,simulation
1954-07-02,0.008177734,simulation
1954-07-03,0.013678452,simulation
1954-07-04,0.01052321,simulation
1954-07-05,0.003708057,simulation
1954-07-06,0.010789316,simulation
1954-07-07,0.0035369464,simulation
1954-07-08,0.022723347,simulation
1954-07-09,0.011539151,simulation
1954-07-10,0.03126471,simulation
1954-07-11,0.006267612,simulation
1954-07-12,0.092083886,simulation
1954-07-13,0.021753658,simulation
1954-07-14,0.04165897,simulation
1954-07-15,0.03153291,simulation
1954-07-16,0.06203053,simulation
1954-07-17,0.006927881,simulation
1954-07-18,0.011061629,simulation
1954-07-19,0.011312121,simulation
1954-07-20,0.009834828,simulation
1954-07-21,0.011284033,simulation
1954-07-22,0.05212481,simulation
1954-07-23,0.05849065,simulation
1954-07-24,0.009050481,simulation
1954-07-25,0.015821962,simulation
1954-07-26,0.030078832,simulation
1954-07-27,0.0039690617,simulation
1954-07-28,0.0026695787,simulation
1954-07-29,0.0009379007,simulation
1954-07-30,0.0043829596,simulation
1954-07-31,0.038094096,simulation
1954-08-01,0.071138486,simulation
1954-08-02,0.056363292,simulation
1954-08-03,0.041414894,simulation
1954-08-04,0.01708296,simulation
1954-08-05,0.04423604,simulation
1954-08-06,0.0341659,simulation
1954-08-07,0.041090887,simulation
1954-08-08,0.004901893,simulation
1954-08-09,0.040048998,simulation
1954-08-10,0.0068748225,simulation
1954-08-11,0.095621064,simulation
1954-08-12,0.09158734,simulation
1954-08-13,0.075774595,simulation
1954-08-14,0.049387693,simulation
1954-08-15,0.02533241,simulation
1954-08-16,0.044151537,simulation
1954-08-17,0.024326889,simulation
1954-08-18,0.014502495,simulation
1954-08-19,0.008823898,simulation
1954-08-20,0.010655494,simulation
1954-08-21,0.0229844,simulation
1954-08-22,0.010979276,simulation
1954-08-23,0.0030613309,simulation
1954-08-24,0.0137119265,simulation
1954-08-25,0.022619616,simulation
1954-08-26,0.015745956,simulation
1954-08-27,0.0063324585,simulation
1954-08-28,0.009859557,simulation
1954-08-29,0.0577114,simulation
1954-08-30,0.09019034,simulation
1954-08-31,0.067156024,simulation
1954-09-01,0.088683575,simulation
1954-09-02,0.074946076,simulation
1954-09-03,0.06960188,simulation
1954-09-04,0.0577114,simulation
1954-09-05,0.0088016065,simulation
1954-09-06,0.0023269856,simulation
1954-09-07,0.025560332,simulation
1954-09-08,0.026079178,simulation
1954-09-09,0.033739947,simulation
1954-09-10,0.039811015,simulation
1954-09-11,0.035686888,simulation
1954-09-12,0.067562416,simulation
1954-09-13,0.05703571,simulation
1954-09-14,0.021854073,simulation
1954-09-15,0.008115631,simulation
1954-09-16,0.0009107844,simulation
1954-09-17,0.0021045073,simulation
1954-09-18,0.016481265,simulation
1954-09-19,0.018649789,simulation
1954-09-20,0.0229844,simulation
1954-09-21,0.011006666,simulation
1954-09-22,0.058880225,simulation
1954-09-23,0.054933824,simulation
1954-09-24,0.01578392,simulation
1954-09-25,0.01941035,simulation
1954-09-26,0.00944693,simulation
1954-09-27,0.018128503,simulation
1954-09-28,0.0044636475,simulation
1954-09-29,0.009375809,simulation
1954-09-30,0.010470724,simulation
1954-10-01,0.0037372976,simulation
1954-10-02,0.023944693,simulation
1954-10-03,0.008324389,simulation
1954-10-04,0.017619895,simulation
1954-10-05,0.018959798,simulation
1954-10-06,0.018042864,simulation
1954-10-07,0.0048386236,simulation
1954-10-08,0.002586415,simulation
1954-10-09,0.0053123776,simulation
1954-10-10,0.006108268,simulation
1954-10-11,0.0069813305,simulation
1954-10-12,0.0015107294,simulation
1954-10-13,0.0009919998,simulation
1954-10-14,0.0075571123,simulation
1954-10-15,0.032622788,simulation
1954-10-16,0.013314018,simulation
1954-10-17,0.010708838,simulation
1954-10-18,0.011006666,simulation
1954-10-19,0.015296655,simulation
1954-10-20,0.013119524,simulation
1954-10-21,0.0068748225,simulation
1954-10-22,0.004417365,simulation
1954-10-23,0.0040003057,simulation
1954-10-24,0.006963472,simulation
1954-10-25,0.009352211,simulation
1954-10-26,0.0026415694,simulation
1954-10-27,0.0035836042,simulation
1954-10-28,0.0007864631,simulation
1954-10-29,0.0060925474,simulation
1954-10-30,0.001580511,simulation
1954-10-31,0.0058462564,simulation
1954-11-01,0.004751374,simulation
1954-11-02,0.004545775,simulation
1954-11-03,0.003927774,simulation
1954-11-04,0.0006754174,simulation
1954-11-05,0.002333342,simulation
1954-11-06,0.0040003057,simulation
1954-11-07,0.004545775,simulation
1954-11-08,0.0041928547,simulation
1954-11-09,0.0016447258,simulation
1954-11-10,0.0019854323,simulation
1954-11-11,0.0013120648,simulation
1954-11-12,0.005395568,simulation
1954-11-13,0.00464143,simulation
1954-11-14,0.0010435309,simulation
1954-11-15,0.00061020645,simulation
1954-11-16,0.0010717119,simulation
1954-11-17,0.0026836926,simulation
1954-11-18,0.002049533,simulation
1954-11-19,0.0060925474,simulation
1954-11-20,0.0046899864,simulation
1954-11-21,0.0040317886,simulation
1954-11-22,0.003013399,simulation
1954-11-23,0.0033386047,simulation
1954-11-24,0.0060612266,simulation
1954-11-25,0.003640387,simulation
1954-11-26,0.004084797,simulation
1954-11-27,0.0013402851,simulation
1954-11-28,0.003382705,simulation
1954-11-29,0.00705321,simulation
1954-11-30,0.002370627,simulation
1954-12-01,0.0026836926,simulation
1954-12-02,0.0009230122,simulation
1954-12-03,0.0010774381,simulation
1954-12-04,0.0014059991,simulation
1954-12-05,0.0036983592,simulation
1954-12-06,0.0052849213,simulation
1954-12-07,0.0023894887,simulation
1954-12-08,0.0017024613,simulation
1954-12-09,0.0051899045,simulation
1954-12-10,0.0030774737,simulation
1954-12-11,0.0026836926,simulation
1954-12-12,0.00068632996,simulation
1954-12-13,0.0007991601,simulation
1954-12-14,0.0018680528,simulation
1954-12-15,0.0031677599,simulation
1954-12-16,0.0025592635,simulation
1954-12-17,0.00078436645,simulation
1954-12-18,0.0032520848,simulation
1954-12-19,0.0024729427,simulation
1954-12-20,0.001447719,simulation
1954-12-21,0.0020604131,simulation
1954-12-22,0.00273367,simulation
1954-12-23,0.0014172577,simulation
1954-12-24,0.0008844483,simulation
1954-12-25,0.0026000966,simulation
1954-12-26,0.00075761095,simulation
1954-12-27,0.00072592474,simulation
1954-12-28,0.00081640773,simulation
1954-12-29,0.0020768405,simulation
1954-12-30,0.0017115199,simulation
1954-12-31,0.000677224,simulation
1955-01-01,0.00061183906,simulation
1955-01-02,0.000597298,simulation
1955-01-03,0.00070115365,simulation
1955-01-04,0.0009582056,simulation
1955-01-05,0.0018483504,simulation
1955-01-06,0.0012607309,simulation
1955-01-07,0.0014554352,simulation
1955-01-08,0.0011154062,simulation
1955-01-09,0.0008497515,simulation
1955-01-10,0.00097625796,simulation
1955-01-11,0.001413495,simulation
1955-01-12,0.0007906727,simulation
1955-01-13,0.0040529114,simulation
1955-01-14,0.001506721,simulation
1955-01-15,0.0006402745,simulation
1955-01-16,0.0005169586,simulation
1955-01-17,0.0006558579,simulation
1955-01-18,0.00083848875,simulation
1955-01-19,0.0013085795,simulation
1955-01-20,0.0015513991,simulation
1955-01-21,0.00062841,simulation
1955-01-22,0.0012178554,simulation
1955-01-23,0.0006471543,simulation
1955-01-24,0.0022188534,simulation
1955-01-25,0.0029044,simulation
1955-01-26,0.0020225795,simulation
1955-01-27,0.00068267307,simulation
1955-01-28,0.0020012688,simulation
1955-01-29,0.0031100097,simulation
1955-01-30,0.0024212527,simulation
1955-01-31,0.0015638102,simulation
1955-02-01,0.0017436018,simulation
1955-02-02,0.0017389826,simulation
1955-02-03,0.0012049563,simulation
1955-02-04,0.0009814774,simulation
1955-02-05,0.00064198783,simulation
1955-02-06,0.00077396637,simulation
1955-02-07,0.0015973883,simulation
1955-02-08,0.0041384827,simulation
1955-02-09,0.003897082,simulation
1955-02-10,0.002314719,simulation
1955-02-11,0.0051764655,simulation
1955-02-12,0.003897082,simulation
1955-02-13,0.0036213626,simulation
1955-02-14,0.002769926,simulation
1955-02-15,0.0045576273,simulation
1955-02-16,0.0027919065,simulation
1955-02-17,0.0020441138,simulation
1955-02-18,0.000677224,simulation
1955-02-19,0.0009011184,simulation
1955-02-20,0.00093540235,simulation
1955-02-21,0.00058461115,simulation
1955-02-22,0.00058305083,simulation
1955-02-23,0.001824011,simulation
1955-02-24,0.0016755689,simulation
1955-02-25,0.0059221773,simulation
1955-02-26,0.0015763191,simulation
1955-02-27,0.0025796006,simulation
1955-02-28,0.002049533,simulation
1955-03-01,0.0016666984,simulation
1955-03-02,0.003989864,simulation
1955-03-03,0.0031677599,simulation
1955-03-04,0.0026276733,simulation
1955-03-05,0.006316187,simulation
1955-03-06,0.003979451,simulation
1955-03-07,0.0032692114,simulation
1955-03-08,0.010575941,simulation
1955-03-09,0.0027192982,simulation
1955-03-10,0.0042924783,simulation
1955-03-11,0.0120952185,simulation
1955-03-12,0.01578392,simulation
1955-03-13,0.004348814,simulation
1955-03-14,0.005937475,simulation
1955-03-15,0.010843277,simulation
1955-03-16,0.0071623474,simulation
1955-03-17,0.007891708,simulation
1955-03-18,0.006497395,simulation
1955-03-19,0.0035836042,simulation
1955-03-20,0.0079927575,simulation
1955-03-21,0.0040423363,simulation
1955-03-22,0.0052168816,simulation
1955-03-23,0.006857222,simulation
1955-03-24,0.010789316,simulation
1955-03-25,0.012769637,simulation
1955-03-26,0.0028967648,simulation
1955-03-27,0.00595281,simulation
1955-03-28,0.0030774737,simulation
1955-03-29,0.00566737,simulation
1955-03-30,0.011228049,simulation
1955-03-31,0.012065352,simulation
1955-04-01,0.0009840976,simulation
1955-04-02,0.0287367,simulation
1955-04-03,0.0287367,simulation
1955-04-04,0.0013618442,simulation
1955-04-05,0.018562017,simulation
1955-04-06,0.015519865,simulation
1955-04-07,0.0019697177,simulation
1955-04-08,0.0021438517,simulation
1955-04-09,0.0007182116,simulation
1955-04-10,0.00063686224,simulation
1955-04-11,0.010160874,simulation
1955-04-12,0.0019906966,simulation
1955-04-13,0.00944693,simulation
1955-04-14,0.04381444,simulation
1955-04-15,0.022056082,simulation
1955-04-16,0.0057415357,simulation
1955-04-17,0.024769725,simulation
1955-04-18,0.012245577,simulation
1955-04-19,0.0028891482,simulation
1955-04-20,0.0042812955,simulation
1955-04-21,0.008156981,simulation
1955-04-22,0.024825532,simulation
1955-04-23,0.004394399,simulation
1955-04-24,0.03027408,simulation
1955-04-25,0.055980545,simulation
1955-04-26,0.0135452915,simulation
1955-04-27,0.0076932246,simulation
1955-04-28,0.026312454,simulation
1955-04-29,0.016799815,simulation
1955-04-30,0.0626274,simulation
1955-05-01,0.041740533,simulation
1955-05-02,0.067867555,simulation
1955-05-03,0.048670687,simulation
1955-05-04,0.043311723,simulation
1955-05-05,0.045343436,simulation
1955-05-06,0.02672466,simulation
1955-05-07,0.018257633,simulation
1955-05-08,0.016560404,simulation
1955-05-09,0.01218523,simulation
1955-05-10,0.0096876575,simulation
1955-05-11,0.0046778014,simulation
1955-05-12,0.0027192982,simulation
1955-05-13,0.009712041,simulation
1955-05-14,0.030339377,simulation
1955-05-15,0.018959798,simulation
1955-05-16,0.0027772337,simulation
1955-05-17,0.002440512,simulation
1955-05-18,0.004417365,simulation
1955-05-19,0.0027845614,simulation
1955-05-20,0.010789316,simulation
1955-05-21,0.032622788,simulation
1955-05-22,0.07288553,simulation
1955-05-23,0.003218095,simulation
1955-05-24,0.021954887,simulation
1955-05-25,0.049118157,simulation
1955-05-26,0.039024387,simulation
1955-05-27,0.025789903,simulation
1955-05-28,0.038712632,simulation
1955-05-29,0.011116848,simulation
1955-05-30,0.0868632,simulation
1955-05-31,0.043144938,simulation
1955-06-01,0.09532954,simulation
1955-06-02,0.0703183,simulation
1955-06-03,0.031398594,simulation
1955-06-04,0.035320505,simulation
1955-06-05,0.014257658,simulation
1955-06-06,0.0039587,simulation
1955-06-07,0.047253694,simulation
1955-06-08,0.010708838,simulation
1955-06-09,0.0043601664,simulation
1955-06-10,0.0019749426,simulation
1955-06-11,0.061633643,simulation
1955-06-12,0.08175321,simulation
1955-06-13,0.08472519,simulation
1955-06-14,0.018474601,simulation
1955-06-15,0.011917023,simulation
1955-06-16,0.025049794,simulation
1955-06-17,0.067562416,simulation
1955-06-18,0.10076436,simulation
1955-06-19,0.09726223,simulation
1955-06-20,0.102614,simulation
1955-06-21,0.085948616,simulation
1955-06-22,0.06523361,simulation
1955-06-23,0.024769725,simulation
1955-06-24,0.03001396,simulation
1955-06-25,0.017370276,simulation
1955-06-26,0.026137343,simulation
1955-06-27,0.009470749,simulation
1955-06-28,0.008345542,simulation
1955-06-29,0.0067179576,simulation
1955-06-30,0.008115631,simulation
1955-07-01,0.010444572,simulation
1955-07-02,0.02443699,simulation
1955-07-03,0.01391433,simulation
1955-07-04,0.01913893,simulation
1955-07-05,0.03949513,simulation
1955-07-06,0.05742143,simulation
1955-07-07,0.060153022,simulation
1955-07-08,0.03106466,simulation
1955-07-09,0.015557344,simulation
1955-07-10,0.004702202,simulation
1955-07-11,0.011312121,simulation
1955-07-12,0.0022543352,simulation
1955-07-13,0.0013474335,simulation
1955-07-14,0.002440512,simulation
1955-07-15,0.0028066547,simulation
1955-07-16,0.003013399,simulation
1955-07-17,0.0055801454,simulation
1955-07-18,0.0057415357,simulation
1955-07-19,0.022413326,simulation
1955-07-20,0.0287367,simulation
1955-07-21,0.0043149265,simulation
1955-07-22,0.0030372723,simulation
1955-07-23,0.012520524,simulation
1955-07-24,0.019963069,simulation
1955-07-25,0.04256425,simulation
1955-07-26,0.016560404,simulation
1955-07-27,0.0013438546,simulation
1955-07-28,0.022362001,simulation
1955-07-29,0.011712166,simulation
1955-07-30,0.0030936995,simulation
1955-07-31,0.032968964,simulation
1955-08-01,0.0012607309,simulation
1955-08-02,0.0010918868,simulation
1955-08-03,0.0019801797,simulation
1955-08-04,0.052681047,simulation
1955-08-05,0.010160874,simulation
1955-08-06,0.016206907,simulation
1955-08-07,0.01708296,simulation
1955-08-08,0.011256008,simulation
1955-08-09,0.0039587,simulation
1955-08-10,0.050655674,simulation
1955-08-11,0.05751802,simulation
1955-08-12,0.012065352,simulation
1955-08-13,0.014822817,simulation
1955-08-14,0.023195019,simulation
1955-08-15,0.016840009,simulation
1955-08-16,0.05985841,simulation
1955-08-17,0.085745044,simulation
1955-08-18,0.06685159,simulation
1955-08-19,0.08020974,simulation
1955-08-20,0.07660006,simulation
1955-08-21,0.07536196,simulation
1955-08-22,0.07825095,simulation
1955-08-23,0.046032865,simulation
1955-08-24,0.0064807185,simulation
1955-08-25,0.04577363,simulation
1955-08-26,0.001933529,simulation
1955-08-27,0.0014400436,simulation
1955-08-28,0.0055657336,simulation
1955-08-29,0.014153869,simulation
1955-08-30,0.02573236,simulation
1955-08-31,0.003649936,simulation
1955-09-01,0.001843457,simulation
1955-09-02,0.0092350645,simulation
1955-09-03,0.019639043,simulation
1955-09-04,0.0014670858,simulation
1955-09-05,0.0008055851,simulation
1955-09-06,0.0013296333,simulation
1955-09-07,0.008846965,simulation
1955-09-08,0.032210883,simulation
1955-09-09,0.021753658,simulation
1955-09-10,0.009760984,simulation
1955-09-11,0.023300918,simulation
1955-09-12,0.001716067,simulation
1955-09-13,0.0015513991,simulation
1955-09-14,0.0016622815,simulation
1955-09-15,0.010314718,simulation
1955-09-16,0.005756386,simulation
1955-09-17,0.005057019,simulation
1955-09-18,0.014016545,simulation
1955-09-19,0.033881497,simulation
1955-09-20,0.038017254,simulation
1955-09-21,0.018693805,simulation
1955-09-22,0.0041928547,simulation
1955-09-23,0.0026485447,simulation
1955-09-24,0.006615285,simulation
1955-09-25,0.011368491,simulation
1955-09-26,0.02744314,simulation
1955-09-27,0.015370736,simulation
1955-09-28,0.017042257,simulation
1955-09-29,0.012832615,simulation
1955-09-30,0.021504283,simulation
1955-10-01,0.006076868,simulation
1955-10-02,0.027322346,simulation
1955-10-03,0.010110064,simulation
1955-10-04,0.004247919,simulation
1955-10-05,0.014257658,simulation
1955-10-06,0.002726475,simulation
1955-10-07,0.0009893583,simulation
1955-10-08,0.008074476,simulation
1955-10-09,0.019274233,simulation
1955-10-10,0.012367088,simulation
1955-10-11,0.021753658,simulation
1955-10-12,0.008959493,simulation
1955-10-13,0.0053538177,simulation
1955-10-14,0.022208607,simulation
1955-10-15,0.012582383,simulation
1955-10-16,0.00944693,simulation
1955-10-17,0.015222889,simulation
1955-10-18,0.013023248,simulation
1955-10-19,0.010816267,simulation
1955-10-20,0.01041848,simulation
1955-10-21,0.00995906,simulation
1955-10-22,0.010034299,simulation
1955-10-23,0.00775227,simulation
1955-10-24,0.008516594,simulation
1955-10-25,0.0120952185,simulation
1955-10-26,0.009542543,simulation
1955-10-27,0.009909194,simulation
1955-10-28,0.005043913,simulation
1955-10-29,0.00966333,simulation
1955-10-30,0.008936879,simulation
1955-10-31,0.008282236,simulation
1955-11-01,0.0031181953,simulation
1955-11-02,0.001964508,simulation
1955-11-03,0.010135438,simulation
1955-11-04,0.005339969,simulation
1955-11-05,0.0029351425,simulation
1955-11-06,0.0016101631,simulation
1955-11-07,0.0014210304,simulation
1955-11-08,0.0028214797,simulation
1955-11-09,0.0014709898,simulation
1955-11-10,0.0012243562,simulation
1955-11-11,0.0028289207,simulation
1955-11-12,0.001518778,simulation
1955-11-13,0.0018929726,simulation
1955-11-14,0.0014022661,simulation
1955-11-15,0.0023768977,simulation
1955-11-16,0.00135462,simulation
1955-11-17,0.006787249,simulation
1955-11-18,0.0019182197,simulation
1955-11-19,0.0041601486,simulation
1955-11-20,0.003640387,simulation
1955-11-21,0.00092055334,simulation
1955-11-22,0.0013296333,simulation
1955-11-23,0.002121281,simulation
1955-11-24,0.00082958606,simulation
1955-11-25,0.00066113577,simulation
1955-11-26,0.0020279419,simulation
1955-11-27,0.00073372014,simulation
1955-11-28,0.001933529,simulation
1955-11-29,0.003472621,simulation
1955-11-30,0.0023581341,simulation
1955-12-01,0.0009840976,simulation
1955-12-02,0.00069185195,simulation
1955-12-03,0.0011273532,simulation
1955-12-04,0.0009254768,simulation
1955-12-05,0.0012540385,simulation
1955-12-06,0.001506721,simulation
1955-12-07,0.0016979504,simulation
1955-12-08,0.0031844513,simulation
1955-12-09,0.0033037302,simulation
1955-12-10,0.001351022,simulation
1955-12-11,0.0010435309,simulation
1955-12-12,0.0024276562,simulation
1955-12-13,0.002082345,simulation
1955-12-14,0.0011670669,simulation
1955-12-15,0.0012810212,simulation
1955-12-16,0.0018288534,simulation
1955-12-17,0.00076984486,simulation
1955-12-18,0.00070115365,simulation
1955-12-19,0.0013261006,simulation
1955-12-20,0.0008077381,simulation
1955-12-21,0.0008611637,simulation
1955-12-22,0.0011827083,simulation
1955-12-23,0.0013296333,simulation
1955-12-24,0.002132537,simulation
1955-12-25,0.001614444,simulation
1955-12-26,0.0008704035,simulation
1955-12-27,0.0012708359,simulation
1955-12-28,0.0012407592,simulation
1955-12-29,0.0009404859,simulation
1955-12-30,0.0017715733,simulation
1955-12-31,0.0024794799,simulation
1956-01-01,0.0018829656,simulation
1956-01-02,0.0013331741,simulation
1956-01-03,0.0012776171,simulation
1956-01-04,0.0031844513,simulation
1956-01-05,0.0023025163,simulation
1956-01-06,0.0019182197,simulation
1956-01-07,0.0018879626,simulation
1956-01-08,0.0031181953,simulation
1956-01-09,0.003243555,simulation
1956-01-10,0.003806401,simulation
1956-01-11,0.0032265591,simulation
1956-01-12,0.0008820915,simulation
1956-01-13,0.0026766264,simulation
1956-01-14,0.0022603043,simulation
1956-01-15,0.001447719,simulation
1956-01-16,0.0026069637,simulation
1956-01-17,0.0023768977,simulation
1956-01-18,0.00078018947,simulation
1956-01-19,0.00066113577,simulation
1956-01-20,0.0015350028,simulation
1956-01-21,0.0008963242,simulation
1956-01-22,0.00071438553,simulation
1956-01-23,0.00062841,simulation
1956-01-24,0.0006233923,simulation
1956-01-25,0.001506721,simulation
1956-01-26,0.002586415,simulation
1956-01-27,0.00087506033,simulation
1956-01-28,0.0012640903,simulation
1956-01-29,0.0013402851,simulation
1956-01-30,0.0009788639,simulation
1956-01-31,0.00097625796,simulation
1956-02-01,0.0007105798,simulation
1956-02-02,0.001413495,simulation
1956-02-03,0.0007415995,simulation
1956-02-04,0.00052251806,simulation
1956-02-05,0.00055122067,simulation
1956-02-06,0.0031511537,simulation
1956-02-07,0.0014515722,simulation
1956-02-08,0.0007182116,simulation
1956-02-09,0.00060857745,simulation
1956-02-10,0.00058774475,simulation
1956-02-11,0.0015513991,simulation
1956-02-12,0.0019697177,simulation
1956-02-13,0.002093397,simulation
1956-02-14,0.00097625796,simulation
1956-02-15,0.0008055851,simulation
1956-02-16,0.0009659012,simulation
1956-02-17,0.0010215171,simulation
1956-02-18,0.0034005048,simulation
1956-02-19,0.001502723,simulation
1956-02-20,0.0012947277,simulation
1956-02-21,0.002138187,simulation
1956-02-22,0.0071257907,simulation
1956-02-23,0.0016844859,simulation
1956-02-24,0.002726475,simulation
1956-02-25,0.0022306184,simulation
1956-02-26,0.005652743,simulation
1956-02-27,0.0018730108,simulation
1956-02-28,0.020964094,simulation
1956-02-29,0.0087350495,simulation
1956-03-01,0.001614444,simulation
1956-03-02,0.0010160861,simulation
1956-03-03,0.0010026337,simulation
1956-03-04,0.0023269856,simulation
1956-03-05,0.0016934501,simulation
1956-03-06,0.009352211,simulation
1956-03-07,0.0027481166,simulation
1956-03-08,0.0113967685,simulation
1956-03-09,0.0074232835,simulation
1956-03-10,0.001173299,simulation
1956-03-11,0.0011006484,simulation
1956-03-12,0.0006506217,simulation
1956-03-13,0.0024084984,simulation
1956-03-14,0.0007760354,simulation
1956-03-15,0.00066823873,simulation
1956-03-16,0.008473523,simulation
1956-03-17,0.012927612,simulation
1956-03-18,0.007791868,simulation
1956-03-19,0.021061456,simulation
1956-03-20,0.012520524,simulation
1956-03-21,0.0014788287,simulation
1956-03-22,0.0011764269,simulation
1956-03-23,0.0071257907,simulation
1956-03-24,0.013151758,simulation
1956-03-25,0.025275676,simulation
1956-03-26,0.013880412,simulation
1956-03-27,0.0042590178,simulation
1956-03-28,0.005999044,simulation
1956-03-29,0.0010660159,simulation
1956-03-30,0.026312454,simulation
1956-03-31,0.026253972,simulation
1956-04-01,0.0015721386,simulation
1956-04-02,0.002769926,simulation
1956-04-03,0.002525718,simulation
1956-04-04,0.0028513605,simulation
1956-04-05,0.002138187,simulation
1956-04-06,0.022259641,simulation
1956-04-07,0.009494622,simulation
1956-04-08,0.0020012688,simulation
1956-04-09,0.0051764655,simulation
1956-04-10,0.0011795633,simulation
1956-04-11,0.012428258,simulation
1956-04-12,0.026137343,simulation
1956-04-13,0.024937456,simulation
1956-04-14,0.003979451,simulation
1956-04-15,0.0031346325,simulation
1956-04-16,0.054839104,simulation
1956-04-17,0.008603351,simulation
1956-04-18,0.003013399,simulation
1956-04-19,0.046206165,simulation
1956-04-20,0.003045271,simulation
1956-04-21,0.0016490968,simulation
1956-04-22,0.0007677923,simulation
1956-04-23,0.0032606372,simulation
1956-04-24,0.0010269769,simulation
1956-04-25,0.0021897056,simulation
1956-04-26,0.0022903765,simulation
1956-04-27,0.002613849,simulation
1956-04-28,0.0061874483,simulation
1956-04-29,0.0039690617,simulation
1956-04-30,0.00891432,simulation
1956-05-01,0.0052033765,simulation
1956-05-02,0.0009531096,simulation
1956-05-03,0.0007719029,simulation
1956-05-04,0.0013225783,simulation
1956-05-05,0.009736484,simulation
1956-05-06,0.0052712467,simulation
1956-05-07,0.023407223,simulation
1956-05-08,0.05917304,simulation
1956-05-09,0.009004879,simulation
1956-05-10,0.004593362,simulation
1956-05-11,0.0100594945,simulation
1956-05-12,0.014016545,simulation
1956-05-13,0.021904437,simulation
1956-05-14,0.026021123,simulation
1956-05-15,0.015370736,simulation
1956-05-16,0.026606364,simulation
1956-05-17,0.074946076,simulation
1956-05-18,0.0828827,simulation
1956-05-19,0.06594027,simulation
1956-05-20,0.08543936,simulation
1956-05-21,0.07401831,simulation
1956-05-22,0.08134195,simulation
1956-05-23,0.03635302,simulation
1956-05-24,0.008712969,simulation
1956-05-25,0.006045622,simulation
1956-05-26,0.012306195,simulation
1956-05-27,0.0022722865,simulation
1956-05-28,0.0055657336,simulation
1956-05-29,0.0015513991,simulation
1956-05-30,0.0021045073,simulation
1956-05-31,0.0035369464,simulation
1956-06-01,0.0036790392,simulation
1956-06-02,0.09973372,simulation
1956-06-03,0.0031844513,simulation
1956-06-04,0.0029120564,simulation
1956-06-05,0.005149689,simulation
1956-06-06,0.09973372,simulation
1956-06-07,0.09278,simulation
1956-06-08,0.08767378,simulation
1956-06-09,0.05147949,simulation
1956-06-10,0.0031511537,simulation
1956-06-11,0.008690941,simulation
1956-06-12,0.0009230122,simulation
1956-06-13,0.0010860844,simulation
1956-06-14,0.0027553663,simulation
1956-06-15,0.0019959759,simulation
1956-06-16,0.0035000476,simulation
1956-06-17,0.0013948292,simulation
1956-06-18,0.0028066547,simulation
1956-06-19,0.0041061896,simulation
1956-06-20,0.035907976,simulation
1956-06-21,0.039024387,simulation
1956-06-22,0.033952434,simulation
1956-06-23,0.02324792,simulation
1956-06-24,0.040367745,simulation
1956-06-25,0.0523099,simulation
1956-06-26,0.04157752,simulation
1956-06-27,0.060448144,simulation
1956-06-28,0.0076932246,simulation
1956-06-29,0.009834828,simulation
1956-06-30,0.01165423,simulation
1956-07-01,0.018562017,simulation
1956-07-02,0.026253972,simulation
1956-07-03,0.056459144,simulation
1956-07-04,0.081856005,simulation
1956-07-05,0.030535908,simulation
1956-07-06,0.03546673,simulation
1956-07-07,0.031131234,simulation
1956-07-08,0.008559869,simulation
1956-07-09,0.001688963,simulation
1956-07-10,0.0041819243,simulation
1956-07-11,0.016206907,simulation
1956-07-12,0.03717879,simulation
1956-07-13,0.03763457,simulation
1956-07-14,0.039024387,simulation
1956-07-15,0.046903044,simulation
1956-07-16,0.06483069,simulation
1956-07-17,0.018870775,simulation
1956-07-18,0.054272294,simulation
1956-07-19,0.024881447,simulation
1956-07-20,0.021208204,simulation
1956-07-21,0.0048010424,simulation
1956-07-22,0.003243555,simulation
1956-07-23,0.0067525185,simulation
1956-07-24,0.039811015,simulation
1956-07-25,0.005057019,simulation
1956-07-26,0.0034183948,simulation
1956-07-27,0.0026625493,simulation
1956-07-28,0.043061685,simulation
1956-07-29,0.022362001,simulation
1956-07-30,0.013216447,simulation
1956-07-31,0.0072175176,simulation
1956-08-01,0.004901893,simulation
1956-08-02,0.009375809,simulation
1956-08-03,0.029560748,simulation
1956-08-04,0.004617335,simulation
1956-08-05,0.008219384,simulation
1956-08-06,0.06133654,simulation
1956-08-07,0.06084243,simulation
1956-08-08,0.06432801,simulation
1956-08-09,0.07680642,simulation
1956-08-10,0.06563717,simulation
1956-08-11,0.037254486,simulation
1956-08-12,0.044575047,simulation
1956-08-13,0.01286421,simulation
1956-08-14,0.0030936995,simulation
1956-08-15,0.019501548,simulation
1956-08-16,0.06173279,simulation
1956-08-17,0.07062571,simulation
1956-08-18,0.032210883,simulation
1956-08-19,0.019274233,simulation
1956-08-20,0.00634877,simulation
1956-08-21,0.0033473803,simulation
1956-08-22,0.069499634,simulation
1956-08-23,0.024658412,simulation
1956-08-24,0.003836397,simulation
1956-08-25,0.0012540385,simulation
1956-08-26,0.0014400436,simulation
1956-08-27,0.0012049563,simulation
1956-08-28,0.0018680528,simulation
1956-08-29,0.012520524,simulation
1956-08-30,0.0043261936,simulation
1956-08-31,0.006804678,simulation
1956-09-01,0.009027653,simulation
1956-09-02,0.027082026,simulation
1956-09-03,0.02010333,simulation
1956-09-04,0.012738256,simulation
1956-09-05,0.015222889,simulation
1956-09-06,0.01218523,simulation
1956-09-07,0.004813539,simulation
1956-09-08,0.034452002,simulation
1956-09-09,0.019916505,simulation
1956-09-10,0.036502216,simulation
1956-09-11,0.04965799,simulation
1956-09-12,0.024547491,simulation
1956-09-13,0.025219051,simulation
1956-09-14,0.035907976,simulation
1956-09-15,0.034023494,simulation
1956-09-16,0.011510546,simulation
1956-09-17,0.012489701,simulation
1956-09-18,0.04929777,simulation
1956-09-19,0.011340273,simulation
1956-09-20,0.017370276,simulation
1956-09-21,0.04182218,simulation
1956-09-22,0.005230423,simulation
1956-09-23,0.0011577806,simulation
1956-09-24,0.0045104004,simulation
1956-09-25,0.05175556,simulation
1956-09-26,0.05175556,simulation
1956-09-27,0.023890497,simulation
1956-09-28,0.018085642,simulation
1956-09-29,0.0042258105,simulation
1956-09-30,0.00071438553,simulation
1956-10-01,0.002017231,simulation
1956-10-02,0.0011154062,simulation
1956-10-03,0.0043261936,simulation
1956-10-04,0.0074043497,simulation
1956-10-05,0.0052986317,simulation
1956-10-06,0.021553962,simulation
1956-10-07,0.032210883,simulation
1956-10-08,0.026253972,simulation
1956-10-09,0.01973116,simulation
1956-10-10,0.0071075787,simulation
1956-10-11,0.01280109,simulation
1956-10-12,0.0068396647,simulation
1956-10-13,0.013445122,simulation
1956-10-14,0.012275852,simulation
1956-10-15,0.014608577,simulation
1956-10-16,0.003917517,simulation
1956-10-17,0.0031844513,simulation
1956-10-18,0.015708076,simulation
1956-10-19,0.00071248016,simulation
1956-10-20,0.0049918164,simulation
1956-10-21,0.0061398214,simulation
1956-10-22,0.0019906966,simulation
1956-10-23,0.011256008,simulation
1956-10-24,0.013678452,simulation
1956-10-25,0.00464143,simulation
1956-10-26,0.0019386574,simulation
1956-10-27,0.0013261006,simulation
1956-10-28,0.007811742,simulation
1956-10-29,0.004788579,simulation
1956-10-30,0.0022843305,simulation
1956-10-31,0.008690941,simulation
1956-11-01,0.007537855,simulation
1956-11-02,0.003938056,simulation
1956-11-03,0.002098945,simulation
1956-11-04,0.0032864267,simulation
1956-11-05,0.0016490968,simulation
1956-11-06,0.0010603499,simulation
1956-11-07,0.0009254768,simulation
1956-11-08,0.006804678,simulation
1956-11-09,0.0049146423,simulation
1956-11-10,0.0041819243,simulation
1956-11-11,0.003927774,simulation
1956-11-12,0.003509237,simulation
1956-11-13,0.0031428824,simulation
1956-11-14,0.0027553663,simulation
1956-11-15,0.0013764078,simulation
1956-11-16,0.0010688602,simulation
1956-11-17,0.0014400436,simulation
1956-11-18,0.004851215,simulation
1956-11-19,0.0021723981,simulation
1956-11-20,0.002769926,simulation
1956-11-21,0.0023581341,simulation
1956-11-22,0.0072917063,simulation
1956-11-23,0.0037667626,simulation
1956-11-24,0.0042590178,simulation
1956-11-25,0.0054376335,simulation
1956-11-26,0.0028438605,simulation
1956-11-27,0.0025124212,simulation
1956-11-28,0.002166659,simulation
1956-11-29,0.0011006484,simulation
1956-11-30,0.002566025,simulation
1956-12-01,0.0028664172,simulation
1956-12-02,0.003013399,simulation
1956-12-03,0.0020549658,simulation
1956-12-04,0.0011183812,simulation
1956-12-05,0.0011006484,simulation
1956-12-06,0.001843457,simulation
1956-12-07,0.0029897091,simulation
1956-12-08,0.0009710661,simulation
1956-12-09,0.0010324656,simulation
1956-12-10,0.0015309306,simulation
1956-12-11,0.0009254768,simulation
1956-12-12,0.0010947996,simulation
1956-12-13,0.00059247663,simulation
1956-12-14,0.0005468174,simulation
1956-12-15,0.0012844343,simulation
1956-12-16,0.0026276733,simulation
1956-12-17,0.0016273538,simulation
1956-12-18,0.0008429758,simulation
1956-12-19,0.00059889624,simulation
1956-12-20,0.0006402745,simulation
1956-12-21,0.00061676407,simulation
1956-12-22,0.0007719029,simulation
1956-12-23,0.00064198783,simulation
1956-12-24,0.0021723981,simulation
1956-12-25,0.0022543352,simulation
1956-12-26,0.0022662866,simulation
1956-12-27,0.0036790392,simulation
1956-12-28,0.006030059,simulation
1956-12-29,0.0040003057,simulation
1956-12-30,0.0035184498,simulation
1956-12-31,0.0029274265,simulation
1957-01-01,0.0015638102,simulation
1957-01-02,0.0020012688,simulation
1957-01-03,0.0013582273,simulation
1957-01-04,0.0010379837,simulation
1957-01-05,0.0012211014,simulation
1957-01-06,0.0005439012,simulation
1957-01-07,0.0010918868,simulation
1957-01-08,0.0010324656,simulation
1957-01-09,0.0020065764,simulation
1957-01-10,0.0024599195,simulation
1957-01-11,0.0020713503,simulation
1957-01-12,0.00090835866,simulation
1957-01-13,0.0009999645,simulation
1957-01-14,0.00082297064,simulation
1957-01-15,0.000716296,simulation
1957-01-16,0.0006300914,simulation
1957-01-17,0.0012708359,simulation
1957-01-18,0.0019749426,simulation
1957-01-19,0.0024926052,simulation
1957-01-20,0.0007760354,simulation
1957-01-21,0.00090352574,simulation
1957-01-22,0.0009329115,simulation
1957-01-23,0.00093540235,simulation
1957-01-24,0.00076370355,simulation
1957-01-25,0.0005526966,simulation
1957-01-26,0.00068632996,simulation
1957-01-27,0.0015847137,simulation
1957-01-28,0.0012507054,simulation
1957-01-29,0.0012146179,simulation
1957-01-30,0.0015596622,simulation
1957-01-31,0.0026978792,simulation
1957-02-01,0.0019749426,simulation
1957-02-02,0.00061183906,simulation
1957-02-03,0.0022843305,simulation
1957-02-04,0.0026907767,simulation
1957-02-05,0.0011303604,simulation
1957-02-06,0.0010575281,simulation
1957-02-07,0.0028214797,simulation
1957-02-08,0.0028967648,simulation
1957-02-09,0.0023269856,simulation
1957-02-10,0.002613849,simulation
1957-02-11,0.0026555378,simulation
1957-02-12,0.0009867247,simulation
1957-02-13,0.006365122,simulation
1957-02-14,0.004593362,simulation
1957-02-15,0.0023086097,simulation
1957-02-16,0.0010575281,simulation
1957-02-17,0.0018879626,simulation
1957-02-18,0.0010660159,simulation
1957-02-19,0.0007864631,simulation
1957-02-20,0.0014631919,simulation
1957-02-21,0.004901893,simulation
1957-02-22,0.0031346325,simulation
1957-02-23,0.000716296,simulation
1957-02-24,0.0009867247,simulation
1957-02-25,0.0012878564,simulation
1957-02-26,0.0032950672,simulation
1957-02-27,0.00089871796,simulation
1957-02-28,0.0033915932,simulation
1957-03-01,0.008156981,simulation
1957-03-02,0.005756386,simulation
1957-03-03,0.0007991601,simulation
1957-03-04,0.0017668807,simulation
1957-03-05,0.00082737504,simulation
1957-03-06,0.00571195,simulation
1957-03-07,0.00095057144,simulation
1957-03-08,0.0061398214,simulation
1957-03-09,0.010655494,simulation
1957-03-10,0.0028289207,simulation
1957-03-11,0.0014286056,simulation
1957-03-12,0.00068632996,simulation
1957-03-13,0.0009919998,simulation
1957-03-14,0.003029294,simulation
1957-03-15,0.028674053,simulation
1957-03-16,0.006124025,simulation
1957-03-17,0.0012507054,simulation
1957-03-18,0.0013948292,simulation
1957-03-19,0.0022722865,simulation
1957-03-20,0.00192331,simulation
1957-03-21,0.0016016355,simulation
1957-03-22,0.0070351744,simulation
1957-03-23,0.0011921929,simulation
1957-03-24,0.002082345,simulation
1957-03-25,0.013645054,simulation
1957-03-26,0.009884347,simulation
1957-03-27,0.012306195,simulation
1957-03-28,0.00096848054,simulation
1957-03-29,0.014257658,simulation
1957-03-30,0.0029044,simulation
1957-03-31,0.0031428824,simulation
1957-04-01,0.034812026,simulation
1957-04-02,0.0041601486,simulation
1957-04-03,0.0034183948,simulation
1957-04-04,0.0011065281,simulation
1957-04-05,0.031735186,simulation
1957-04-06,0.0036213626,simulation
1957-04-07,0.0013800727,simulation
1957-04-08,0.0021269016,simulation
1957-04-09,0.020964094,simulation
1957-04-10,0.001814364,simulation
1957-04-11,0.0051630605,simulation
1957-04-12,0.013151758,simulation
1957-04-13,0.0055513587,simulation
1957-04-14,0.0061556594,simulation
1957-04-15,0.039652854,simulation
1957-04-16,0.0010324656,simulation
1957-04-17,0.003917517,simulation
1957-04-18,0.013281422,simulation
1957-04-19,0.013023248,simulation
1957-04-20,0.0025932468,simulation
1957-04-21,0.005339969,simulation
1957-04-22,0.0024926052,simulation
1957-04-23,0.009399459,simulation
1957-04-24,0.004851215,simulation
1957-04-25,0.007235997,simulation
1957-04-26,0.0060612266,simulation
1957-04-27,0.008757182,simulation
1957-04-28,0.0041493024,simulation
1957-04-29,0.00634877,simulation
1957-04-30,0.0016058937,simulation
1957-05-01,0.0015107294,simulation
1957-05-02,0.005756386,simulation
1957-05-03,0.0050701587,simulation
1957-05-04,0.009305187,simulation
1957-05-05,0.02672466,simulation
1957-05-06,0.018737912,simulation
1957-05-07,0.0087350495,simulation
1957-05-08,0.01295942,simulation
1957-05-09,0.0016490968,simulation
1957-05-10,0.0020713503,simulation
1957-05-11,0.013678452,simulation
1957-05-12,0.010496937,simulation
1957-05-13,0.012644524,simulation
1957-05-14,0.014327229,simulation
1957-05-15,0.009590687,simulation
1957-05-16,0.019319514,simulation
1957-05-17,0.046728276,simulation
1957-05-18,0.027022207,simulation
1957-05-19,0.016090572,simulation
1957-05-20,0.029753445,simulation
1957-05-21,0.04681562,simulation
1957-05-22,0.03241636,simulation
1957-05-23,0.008690941,simulation
1957-05-24,0.009518555,simulation
1957-05-25,0.019274233,simulation
1957-05-26,0.0042038118,simulation
1957-05-27,0.023621008,simulation
1957-05-28,0.004417365,simulation
1957-05-29,0.06827486,simulation
1957-05-30,0.045172025,simulation
1957-05-31,0.022827478,simulation
1957-06-01,0.0018095595,simulation
1957-06-02,0.002486034,simulation
1957-06-03,0.0014286056,simulation
1957-06-04,0.005057019,simulation
1957-06-05,0.0037865308,simulation
1957-06-06,0.0024148675,simulation
1957-06-07,0.002858879,simulation
1957-06-08,0.011368491,simulation
1957-06-09,0.019916505,simulation
1957-06-10,0.036952317,simulation
1957-06-11,0.041414894,simulation
1957-06-12,0.051847737,simulation
1957-06-13,0.04012852,simulation
1957-06-14,0.051295836,simulation
1957-06-15,0.019274233,simulation
1957-06-16,0.058102082,simulation
1957-06-17,0.01652079,simulation
1957-06-18,0.011172324,simulation
1957-06-19,0.049207933,simulation
1957-06-20,0.03126471,simulation
1957-06-21,0.0052986317,simulation
1957-06-22,0.011946553,simulation
1957-06-23,0.0138128,simulation
1957-06-24,0.004788579,simulation
1957-06-25,0.0024926052,simulation
1957-06-26,0.0028739746,simulation
1957-06-27,0.0032350458,simulation
1957-06-28,0.013678452,simulation
1957-06-29,0.029305292,simulation
1957-06-30,0.017042257,simulation
1957-07-01,0.04256425,simulation
1957-07-02,0.042479046,simulation
1957-07-03,0.0055945925,simulation
1957-07-04,0.009614843,simulation
1957-07-05,0.06796933,simulation
1957-07-06,0.11944171,simulation
1957-07-07,0.118719876,simulation
1957-07-08,0.061633643,simulation
1957-07-09,0.05502862,simulation
1957-07-10,0.055598922,simulation
1957-07-11,0.043311723,simulation
1957-07-12,0.12015291,simulation
1957-07-13,0.091786124,simulation
1957-07-14,0.04012852,simulation
1957-07-15,0.04483033,simulation
1957-07-16,0.017745871,simulation
1957-07-17,0.022931993,simulation
1957-07-18,0.0087350495,simulation
1957-07-19,0.00998408,simulation
1957-07-20,0.002769926,simulation
1957-07-21,0.0019182197,simulation
1957-07-22,0.004116927,simulation
1957-07-23,0.0076541016,simulation
1957-07-24,0.009494622,simulation
1957-07-25,0.016090572,simulation
1957-07-26,0.037330296,simulation
1957-07-27,0.03949513,simulation
1957-07-28,0.035907976,simulation
1957-07-29,0.06705452,simulation
1957-07-30,0.0071990844,simulation
1957-07-31,0.00195931,simulation
1957-08-01,0.0020878639,simulation
1957-08-02,0.0015889273,simulation
1957-08-03,0.004593362,simulation
1957-08-04,0.019916505,simulation
1957-08-05,0.013445122,simulation
1957-08-06,0.09610571,simulation
1957-08-07,0.02994918,simulation
1957-08-08,0.017042257,simulation
1957-08-09,0.0015390858,simulation
1957-08-10,0.010735602,simulation
1957-08-11,0.011228049,simulation
1957-08-12,0.009188591,simulation
1957-08-13,0.0040741414,simulation
1957-08-14,0.016323999,simulation
1957-08-15,0.024769725,simulation
1957-08-16,0.03106466,simulation
1957-08-17,0.0238364,simulation
1957-08-18,0.005522715,simulation
1957-08-19,0.03126471,simulation
1957-08-20,0.08605036,simulation
1957-08-21,0.08308781,simulation
1957-08-22,0.073503226,simulation
1957-08-23,0.08564316,simulation
1957-08-24,0.07721919,simulation
1957-08-25,0.036952317,simulation
1957-08-26,0.05333358,simulation
1957-08-27,0.06292652,simulation
1957-08-28,0.04272968,simulation
1957-08-29,0.006927881,simulation
1957-08-30,0.0025124212,simulation
1957-08-31,0.0028513605,simulation
1957-09-01,0.0043601664,simulation
1957-09-02,0.011741231,simulation
1957-09-03,0.003989864,simulation
1957-09-04,0.0017115199,simulation
1957-09-05,0.0057415357,simulation
1957-09-06,0.025905302,simulation
1957-09-07,0.013779099,simulation
1957-09-08,0.008409304,simulation
1957-09-09,0.0048764898,simulation
1957-09-10,0.02346052,simulation
1957-09-11,0.0012540385,simulation
1957-09-12,0.0025525193,simulation
1957-09-13,0.0017389826,simulation
1957-09-14,0.0017115199,simulation
1957-09-15,0.00081640773,simulation
1957-09-16,0.0016273538,simulation
1957-09-17,0.0008680844,simulation
1957-09-18,0.0012878564,simulation
1957-09-19,0.004726726,simulation
1957-09-20,0.0023269856,simulation
1957-09-21,0.0088016065,simulation
1957-09-22,0.0043149265,simulation
1957-09-23,0.0009840976,simulation
1957-09-24,0.005652743,simulation
1957-09-25,0.0013051028,simulation
1957-09-26,0.00075963646,simulation
1957-09-27,0.0009582056,simulation
1957-09-28,0.0009304264,simulation
1957-09-29,0.001051907,simulation
1957-09-30,0.0008055851,simulation
1957-10-01,0.0014788287,simulation
1957-10-02,0.001933529,simulation
1957-10-03,0.00966333,simulation
1957-10-04,0.01720558,simulation
1957-10-05,0.012489701,simulation
1957-10-06,0.0137119265,simulation
1957-10-07,0.015112835,simulation
1957-10-08,0.01913893,simulation
1957-10-09,0.019004453,simulation
1957-10-10,0.011596561,simulation
1957-10-11,0.023142215,simulation
1957-10-12,0.018474601,simulation
1957-10-13,0.0019131447,simulation
1957-10-14,0.0010603499,simulation
1957-10-15,0.0008565805,simulation
1957-10-16,0.0011273532,simulation
1957-10-17,0.0090963,simulation
1957-10-18,0.02130652,simulation
1957-10-19,0.015632542,simulation
1957-10-20,0.0029428771,simulation
1957-10-21,0.0015638102,simulation
1957-10-22,0.0010026337,simulation
1957-10-23,0.0010269769,simulation
1957-10-24,0.005326155,simulation
1957-10-25,0.0011516305,simulation
1957-10-26,0.0014987356,simulation
1957-10-27,0.00595281,simulation
1957-10-28,0.0034454034,simulation
1957-10-29,0.0043715485,simulation
1957-10-30,0.00083848875,simulation
1957-10-31,0.0030855762,simulation
1957-11-01,0.0017762781,simulation
1957-11-02,0.002466424,simulation
1957-11-03,0.0027192982,simulation
1957-11-04,0.004348814,simulation
1957-11-05,0.0013618442,simulation
1957-11-06,0.0010889819,simulation
1957-11-07,0.0010215171,simulation
1957-11-08,0.0010187984,simulation
1957-11-09,0.0061874483,simulation
1957-11-10,0.0019182197,simulation
1957-11-11,0.0026766264,simulation
1957-11-12,0.0008362542,simulation
1957-11-13,0.0006736158,simulation
1957-11-14,0.0040423363,simulation
1957-11-15,0.001234172,simulation
1957-11-16,0.0016058937,simulation
1957-11-17,0.0012776171,simulation
1957-11-18,0.00083402556,simulation
1957-11-19,0.0037766339,simulation
1957-11-20,0.0040423363,simulation
1957-11-21,0.0019131447,simulation
1957-11-22,0.00078436645,simulation
1957-11-23,0.0005799419,simulation
1957-11-24,0.00054535706,simulation
1957-11-25,0.00087506033,simulation
1957-11-26,0.0023086097,simulation
1957-11-27,0.0009230122,simulation
1957-11-28,0.00082958606,simulation
1957-11-29,0.0009304264,simulation
1957-11-30,0.006108268,simulation
1957-12-01,0.0023643726,simulation
1957-12-02,0.0022783002,simulation
1957-12-03,0.0006754174,simulation
1957-12-04,0.003013399,simulation
1957-12-05,0.0021897056,simulation
1957-12-06,0.0017297801,simulation
1957-12-07,0.00057377416,simulation
1957-12-08,0.0016016355,simulation
1957-12-09,0.0014907921,simulation
1957-12-10,0.0027192982,simulation
1957-12-11,0.0036118869,simulation
1957-12-12,0.001716067,simulation
1957-12-13,0.001824011,simulation
1957-12-14,0.0008797418,simulation
1957-12-15,0.0011577806,simulation
1957-12-16,0.00089393643,simulation
1957-12-17,0.001580511,simulation
1957-12-18,0.00083848875,simulation
1957-12-19,0.0007201321,simulation
1957-12-20,0.004751374,simulation
1957-12-21,0.002486034,simulation
1957-12-22,0.0010977201,simulation
1957-12-23,0.001964508,simulation
1957-12-24,0.0010803125,simulation
1957-12-25,0.0007677923,simulation
1957-12-26,0.0030855762,simulation
1957-12-27,0.00089871796,simulation
1957-12-28,0.0013654708,simulation
1957-12-29,0.002160935,simulation
1957-12-30,0.0012878564,simulation
1957-12-31,0.0012674585,simulation
1958-01-01,0.0015638102,simulation
1958-01-02,0.0015973883,simulation
1958-01-03,0.001964508,simulation
1958-01-04,0.0011670669,simulation
1958-01-05,0.0013837473,simulation
1958-01-06,0.00060695317,simulation
1958-01-07,0.0019080818,simulation
1958-01-08,0.001843457,simulation
1958-01-09,0.0009156558,simulation
1958-01-10,0.001112439,simulation
1958-01-11,0.0012081683,simulation
1958-01-12,0.0006300914,simulation
1958-01-13,0.0009788639,simulation
1958-01-14,0.0012640903,simulation
1958-01-15,0.0010631791,simulation
1958-01-16,0.0023581341,simulation
1958-01-17,0.0015147484,simulation
1958-01-18,0.00135462,simulation
1958-01-19,0.0008497515,simulation
1958-01-20,0.00068632996,simulation
1958-01-21,0.0013800727,simulation
1958-01-22,0.0009840976,simulation
1958-01-23,0.00074756396,simulation
1958-01-24,0.0012912876,simulation
1958-01-25,0.0011701785,simulation
1958-01-26,0.0049146423,simulation
1958-01-27,0.0020333184,simulation
1958-01-28,0.0014631919,simulation
1958-01-29,0.0009429973,simulation
1958-01-30,0.0023643726,simulation
1958-01-31,0.0021495314,simulation
1958-02-01,0.0073854616,simulation
1958-02-02,0.0057415357,simulation
1958-02-03,0.0041601486,simulation
1958-02-04,0.0035555381,simulation
1958-02-05,0.00091321726,simulation
1958-02-06,0.0012473813,simulation
1958-02-07,0.0028140575,simulation
1958-02-08,0.0040529114,simulation
1958-02-09,0.001506721,simulation
1958-02-10,0.0007906727,simulation
1958-02-11,0.0014438762,simulation
1958-02-12,0.0007049091,simulation
1958-02-13,0.0022662866,simulation
1958-02-14,0.0006844994,simulation
1958-02-15,0.0010660159,simulation
1958-02-16,0.0031928304,simulation
1958-02-17,0.001124355,simulation
1958-02-18,0.0026978792,simulation
1958-02-19,0.0013296333,simulation
1958-02-20,0.0049146423,simulation
1958-02-21,0.0020387091,simulation
1958-02-22,0.00076370355,simulation
1958-02-23,0.00065761217,simulation
1958-02-24,0.0010269769,simulation
1958-02-25,0.00065236265,simulation
1958-02-26,0.0011154062,simulation
1958-02-27,0.019229038,simulation
1958-02-28,0.017328974,simulation
1958-03-01,0.005726724,simulation
1958-03-02,0.015407897,simulation
1958-03-03,0.011596561,simulation
1958-03-04,0.0044752914,simulation
1958-03-05,0.00095057144,simulation
1958-03-06,0.00064888597,simulation
1958-03-07,0.0017343754,simulation
1958-03-08,0.00074756396,simulation
1958-03-09,0.011596561,simulation
1958-03-10,0.009073364,simulation
1958-03-11,0.008647042,simulation
1958-03-12,0.0009710661,simulation
1958-03-13,0.0013582273,simulation
1958-03-14,0.00670074,simulation
1958-03-15,0.009352211,simulation
1958-03-16,0.004751374,simulation
1958-03-17,0.0009710661,simulation
1958-03-18,0.0010774381,simulation
1958-03-19,0.014188393,simulation
1958-03-20,0.016560404,simulation
1958-03-21,0.010314718,simulation
1958-03-22,0.008690941,simulation
1958-03-23,0.0008611637,simulation
1958-03-24,0.0011035843,simulation
1958-03-25,0.00087272876,simulation
1958-03-26,0.0010860844,simulation
1958-03-27,0.00089871796,simulation
1958-03-28,0.0073290714,simulation
1958-03-29,0.0035184498,simulation
1958-03-30,0.006076868,simulation
1958-03-31,0.014537777,simulation
1958-04-01,0.0014438762,simulation
1958-04-02,0.001933529,simulation
1958-04-03,0.0042258105,simulation
1958-04-04,0.008033517,simulation
1958-04-05,0.0028214797,simulation
1958-04-06,0.0229844,simulation
1958-04-07,0.053240135,simulation
1958-04-08,0.005465853,simulation
1958-04-09,0.00076370355,simulation
1958-04-10,0.0030936995,simulation
1958-04-11,0.021553962,simulation
1958-04-12,0.0024991934,simulation
1958-04-13,0.005451726,simulation
1958-04-14,0.0008077381,simulation
1958-04-15,0.017001638,simulation
1958-04-16,0.013779099,simulation
1958-04-17,0.0029818537,simulation
1958-04-18,0.002545793,simulation
1958-04-19,0.013023248,simulation
1958-04-20,0.0057861935,simulation
1958-04-21,0.0074232835,simulation
1958-04-22,0.03554001,simulation
1958-04-23,0.010366478,simulation
1958-04-24,0.012065352,simulation
1958-04-25,0.0034635249,simulation
1958-04-26,0.006171533,simulation
1958-04-27,0.008936879,simulation
1958-04-28,0.008136283,simulation
1958-04-29,0.005999044,simulation
1958-04-30,0.0058462564,simulation
1958-05-01,0.0048764898,simulation
1958-05-02,0.0076541016,simulation
1958-05-03,0.0031100097,simulation
1958-05-04,0.0021269016,simulation
1958-05-05,0.018214494,simulation
1958-05-06,0.029368995,simulation
1958-05-07,0.060153022,simulation
1958-05-08,0.008668966,simulation
1958-05-09,0.00464143,simulation
1958-05-10,0.0014670858,simulation
1958-05-11,0.0053123776,simulation
1958-05-12,0.044915605,simulation
1958-05-13,0.026079178,simulation
1958-05-14,0.026902873,simulation
1958-05-15,0.004702202,simulation
1958-05-16,0.0042812955,simulation
1958-05-17,0.0011273532,simulation
1958-05-18,0.0010215171,simulation
1958-05-19,0.0044636475,simulation
1958-05-20,0.0026836926,simulation
1958-05-21,0.0042368504,simulation
1958-05-22,0.0012507054,simulation
1958-05-23,0.0048386236,simulation
1958-05-24,0.005696735,simulation
1958-05-25,0.036801867,simulation
1958-05-26,0.0761873,simulation
1958-05-27,0.0703183,simulation
1958-05-28,0.032553874,simulation
1958-05-29,0.03539357,simulation
1958-05-30,0.04182218,simulation
1958-05-31,0.041496146,simulation
1958-06-01,0.055123497,simulation
1958-06-02,0.05314676,simulation
1958-06-03,0.055218447,simulation
1958-06-04,0.014292407,simulation
1958-06-05,0.020818772,simulation
1958-06-06,0.031197922,simulation
1958-06-07,0.04165897,simulation
1958-06-08,0.02861151,simulation
1958-06-09,0.06362613,simulation
1958-06-10,0.036130037,simulation
1958-06-11,0.041414894,simulation
1958-06-12,0.0523099,simulation
1958-06-13,0.024769725,simulation
1958-06-14,0.008625171,simulation
1958-06-15,0.0024729427,simulation
1958-06-16,0.005937475,simulation
1958-06-17,0.0046656476,simulation
1958-06-18,0.017370276,simulation
1958-06-19,0.015557344,simulation
1958-06-20,0.018300852,simulation
1958-06-21,0.0027992711,simulation
1958-06-22,0.0010831946,simulation
1958-06-23,0.035320505,simulation
1958-06-24,0.09716623,simulation
1958-06-25,0.022879688,simulation
1958-06-26,0.0026346126,simulation
1958-06-27,0.003917517,simulation
1958-06-28,0.10924714,simulation
1958-06-29,0.10479003,simulation
1958-06-30,0.058296233,simulation
1958-07-01,0.032622788,simulation
1958-07-02,0.03855738,simulation
1958-07-03,0.0804157,simulation
1958-07-04,0.049207933,simulation
1958-07-05,0.04432065,simulation
1958-07-06,0.01578392,simulation
1958-07-07,0.0032606372,simulation
1958-07-08,0.0022722865,simulation
1958-07-09,0.0015596622,simulation
1958-07-10,0.0064309337,simulation
1958-07-11,0.0071990844,simulation
1958-07-12,0.0238364,simulation
1958-07-13,0.004813539,simulation
1958-07-14,0.023142215,simulation
1958-07-15,0.027141951,simulation
1958-07-16,0.019501548,simulation
1958-07-17,0.010628914,simulation
1958-07-18,0.0068748225,simulation
1958-07-19,0.024547491,simulation
1958-07-20,0.018605858,simulation
1958-07-21,0.002248384,simulation
1958-07-22,0.0018680528,simulation
1958-07-23,0.0028815507,simulation
1958-07-24,0.017001638,simulation
1958-07-25,0.015898304,simulation
1958-07-26,0.010160874,simulation
1958-07-27,0.008473523,simulation
1958-07-28,0.040287912,simulation
1958-07-29,0.068376765,simulation
1958-07-30,0.025219051,simulation
1958-07-31,0.010186364,simulation
1958-08-01,0.030799441,simulation
1958-08-02,0.04432065,simulation
1958-08-03,0.00995906,simulation
1958-08-04,0.018915242,simulation
1958-08-05,0.088885024,simulation
1958-08-06,0.07721919,simulation
1958-08-07,0.08441868,simulation
1958-08-08,0.009566585,simulation
1958-08-09,0.00705321,simulation
1958-08-10,0.018562017,simulation
1958-08-11,0.0523099,simulation
1958-08-12,0.02427198,simulation
1958-08-13,0.013119524,simulation
1958-08-14,0.019274233,simulation
1958-08-15,0.006999236,simulation
1958-08-16,0.008282236,simulation
1958-08-17,0.010314718,simulation
1958-08-18,0.00978554,simulation
1958-08-19,0.07886983,simulation
1958-08-20,0.06332602,simulation
1958-08-21,0.011539151,simulation
1958-08-22,0.0017904668,simulation
1958-08-23,0.0011795633,simulation
1958-08-24,0.00090593897,simulation
1958-08-25,0.0012507054,simulation
1958-08-26,0.06422761,simulation
1958-08-27,0.061534546,simulation
1958-08-28,0.068376765,simulation
1958-08-29,0.043646477,simulation
1958-08-30,0.039890245,simulation
1958-08-31,0.028176656,simulation
1958-09-01,0.046641037,simulation
1958-09-02,0.0044058673,simulation
1958-09-03,0.0021955047,simulation
1958-09-04,0.0011608683,simulation
1958-09-05,0.0013190648,simulation
1958-09-06,0.0014400436,simulation
1958-09-07,0.0015679689,simulation
1958-09-08,0.0015679689,simulation
1958-09-09,0.064629495,simulation
1958-09-10,0.044575047,simulation
1958-09-11,0.008219384,simulation
1958-09-12,0.0048010424,simulation
1958-09-13,0.0021438517,simulation
1958-09-14,0.0013727531,simulation
1958-09-15,0.0050047906,simulation
1958-09-16,0.0044288915,simulation
1958-09-17,0.0026978792,simulation
1958-09-18,0.0052168816,simulation
1958-09-19,0.0022662866,simulation
1958-09-20,0.0012017528,simulation
1958-09-21,0.0008542979,simulation
1958-09-22,0.0010889819,simulation
1958-09-23,0.0025057988,simulation
1958-09-24,0.009258384,simulation
1958-09-25,0.0060612266,simulation
1958-09-26,0.0033915932,simulation
1958-09-27,0.0060612266,simulation
1958-09-28,0.051204134,simulation
1958-09-29,0.01728776,simulation
1958-09-30,0.0025525193,simulation
1958-10-01,0.0009788639,simulation
1958-10-02,0.002166659,simulation
1958-10-03,0.0011154062,simulation
1958-10-04,0.0025592635,simulation
1958-10-05,0.0036213626,simulation
1958-10-06,0.019916505,simulation
1958-10-07,0.014644085,simulation
1958-10-08,0.004593362,simulation
1958-10-09,0.005831186,simulation
1958-10-10,0.013645054,simulation
1958-10-11,0.047694046,simulation
1958-10-12,0.010870353,simulation
1958-10-13,0.019501548,simulation
1958-10-14,0.004171023,simulation
1958-10-15,0.0013051028,simulation
1958-10-16,0.0010463155,simulation
1958-10-17,0.0009455153,simulation
1958-10-18,0.009119291,simulation
1958-10-19,0.022310775,simulation
1958-10-20,0.014679677,simulation
1958-10-21,0.011200153,simulation
1958-10-22,0.0030213362,simulation
1958-10-23,0.004653523,simulation
1958-10-24,0.012991298,simulation
1958-10-25,0.014050761,simulation
1958-10-26,0.012675698,simulation
1958-10-27,0.0031181953,simulation
1958-10-28,0.0017436018,simulation
1958-10-29,0.0008915549,simulation
1958-10-30,0.0008611637,simulation
1958-10-31,0.0006454278,simulation
1958-11-01,0.002098945,simulation
1958-11-02,0.00195931,simulation
1958-11-03,0.0008362542,simulation
1958-11-04,0.00059889624,simulation
1958-11-05,0.00062172866,simulation
1958-11-06,0.0011213636,simulation
1958-11-07,0.0074994788,simulation
1958-11-08,0.003329853,simulation
1958-11-09,0.004702202,simulation
1958-11-10,0.0100594945,simulation
1958-11-11,0.0071623474,simulation
1958-11-12,0.005726724,simulation
1958-11-13,0.002440512,simulation
1958-11-14,0.0009404859,simulation
1958-11-15,0.0012878564,simulation
1958-11-16,0.0013367254,simulation
1958-11-17,0.0019182197,simulation
1958-11-18,0.0014987356,simulation
1958-11-19,0.0017482331,simulation
1958-11-20,0.0020878639,simulation
1958-11-21,0.0054376335,simulation
1958-11-22,0.0035369464,simulation
1958-11-23,0.0015847137,simulation
1958-11-24,0.0009304264,simulation
1958-11-25,0.0010160861,simulation
1958-11-26,0.0024340744,simulation
1958-11-27,0.0014947588,simulation
1958-11-28,0.0008868109,simulation
1958-11-29,0.0024991934,simulation
1958-11-30,0.0029897091,simulation
1958-12-01,0.0015679689,simulation
1958-12-02,0.0012178554,simulation
1958-12-03,0.001824011,simulation
1958-12-04,0.0036118869,simulation
1958-12-05,0.0017809952,simulation
1958-12-06,0.0017809952,simulation
1958-12-07,0.0018581758,simulation
1958-12-08,0.0011363977,simulation
1958-12-09,0.0013225783,simulation
1958-12-10,0.0007719029,simulation
1958-12-11,0.0021723981,simulation
1958-12-12,0.0022424469,simulation
1958-12-13,0.00090352574,simulation
1958-12-14,0.0020225795,simulation
1958-12-15,0.0018979949,simulation
1958-12-16,0.0021552257,simulation
1958-12-17,0.0023395158,simulation
1958-12-18,0.002224729,simulation
1958-12-19,0.0016101631,simulation
1958-12-20,0.00091321726,simulation
1958-12-21,0.0022543352,simulation
1958-12-22,0.0013874322,simulation
1958-12-23,0.0006808522,simulation
1958-12-24,0.0011035843,simulation
1958-12-25,0.0009736581,simulation
1958-12-26,0.0008520215,simulation
1958-12-27,0.000597298,simulation
1958-12-28,0.00064888597,simulation
1958-12-29,0.0010242433,simulation
1958-12-30,0.000597298,simulation
1958-12-31,0.0005586385,simulation
1959-01-01,0.00065761217,simulation
1959-01-02,0.0006250604,simulation
1959-01-03,0.000554176,simulation
1959-01-04,0.0010463155,simulation
1959-01-05,0.0017904668,simulation
1959-01-06,0.0010860844,simulation
1959-01-07,0.0009254768,simulation
1959-01-08,0.0008963242,simulation
1959-01-09,0.0026625493,simulation
1959-01-10,0.0018680528,simulation
1959-01-11,0.002121281,simulation
1959-01-12,0.001933529,simulation
1959-01-13,0.001518778,simulation
1959-01-14,0.0010660159,simulation
1959-01-15,0.0006718184,simulation
1959-01-16,0.0024991934,simulation
1959-01-17,0.0008077381,simulation
1959-01-18,0.002093397,simulation
1959-01-19,0.0015513991,simulation
1959-01-20,0.0008704035,simulation
1959-01-21,0.0011065281,simulation
1959-01-22,0.002017231,simulation
1959-01-23,0.0017762781,simulation
1959-01-24,0.0009840976,simulation
1959-01-25,0.00273367,simulation
1959-01-26,0.0026207524,simulation
1959-01-27,0.0016058937,simulation
1959-01-28,0.002132537,simulation
1959-01-29,0.00072398875,simulation
1959-01-30,0.00057377416,simulation
1959-01-31,0.00068267307,simulation
1959-02-01,0.00066823873,simulation
1959-02-02,0.0005661558,simulation
1959-02-03,0.00052672665,simulation
1959-02-04,0.0006300914,simulation
1959-02-05,0.0020333184,simulation
1959-02-06,0.00097625796,simulation
1959-02-07,0.0009429973,simulation
1959-02-08,0.0005571471,simulation
1959-02-09,0.0008474866,simulation
1959-02-10,0.001112439,simulation
1959-02-11,0.0010660159,simulation
1959-02-12,0.0008497515,simulation
1959-02-13,0.0009736581,simulation
1959-02-14,0.0009556544,simulation
1959-02-15,0.0010133818,simulation
1959-02-16,0.0052033765,simulation
1959-02-17,0.0035000476,simulation
1959-02-18,0.0022188534,simulation
1959-02-19,0.001720626,simulation
1959-02-20,0.0015679689,simulation
1959-02-21,0.0014907921,simulation
1959-02-22,0.0032692114,simulation
1959-02-23,0.0008362542,simulation
1959-02-24,0.00062172866,simulation
1959-02-25,0.0006844994,simulation
1959-02-26,0.0006134764,simulation
1959-02-27,0.0008797418,simulation
1959-02-28,0.0011094796,simulation
1959-03-01,0.0048386236,simulation
1959-03-02,0.008603351,simulation
1959-03-03,0.0051899045,simulation
1959-03-04,0.0017482331,simulation
1959-03-05,0.0017904668,simulation
1959-03-06,0.0054376335,simulation
1959-03-07,0.006787249,simulation
1959-03-08,0.0030936995,simulation
1959-03-09,0.0037964536,simulation
1959-03-10,0.0023208444,simulation
1959-03-11,0.0013051028,simulation
1959-03-12,0.011858159,simulation
1959-03-13,0.009470749,simulation
1959-03-14,0.00082737504,simulation
1959-03-15,0.03073339,simulation
1959-03-16,0.005537018,simulation
1959-03-17,0.0018095595,simulation
1959-03-18,0.0018680528,simulation
1959-03-19,0.0021100838,simulation
1959-03-20,0.0013800727,simulation
1959-03-21,0.011256008,simulation
1959-03-22,0.02672466,simulation
1959-03-23,0.021803815,simulation
1959-03-24,0.010237528,simulation
1959-03-25,0.0014709898,simulation
1959-03-26,0.0015763191,simulation
1959-03-27,0.012065352,simulation
1959-03-28,0.0011701785,simulation
1959-03-29,0.006735218,simulation
1959-03-30,0.0012810212,simulation
1959-03-31,0.0024276562,simulation
1959-04-01,0.002466424,simulation
1959-04-02,0.028988356,simulation
1959-04-03,0.03200638,simulation
1959-04-04,0.050110213,simulation
1959-04-05,0.0090963,simulation
1959-04-06,0.0049530845,simulation
1959-04-07,0.003364997,simulation
1959-04-08,0.0031346325,simulation
1959-04-09,0.0007719029,simulation
1959-04-10,0.00083180325,simulation
1959-04-11,0.00083848875,simulation
1959-04-12,0.0013618442,simulation
1959-04-13,0.012125156,simulation
1959-04-14,0.0020441138,simulation
1959-04-15,0.00271214,simulation
1959-04-16,0.0036886877,simulation
1959-04-17,0.0007991601,simulation
1959-04-18,0.0015973883,simulation
1959-04-19,0.008581584,simulation
1959-04-20,0.002178152,simulation
1959-04-21,0.0010631791,simulation
1959-04-22,0.013248896,simulation
1959-04-23,0.045946356,simulation
1959-04-24,0.040848922,simulation
1959-04-25,0.025219051,simulation
1959-04-26,0.0051097744,simulation
1959-04-27,0.003640387,simulation
1959-04-28,0.0066835666,simulation
1959-04-29,0.008959493,simulation
1959-04-30,0.014679677,simulation
1959-05-01,0.017453132,simulation
1959-05-02,0.004653523,simulation
1959-05-03,0.014362129,simulation
1959-05-04,0.029114807,simulation
1959-05-05,0.022413326,simulation
1959-05-06,0.0046293684,simulation
1959-05-07,0.080518685,simulation
1959-05-08,0.028176656,simulation
1959-05-09,0.032622788,simulation
1959-05-10,0.024937456,simulation
1959-05-11,0.003218095,simulation
1959-05-12,0.0009893583,simulation
1959-05-13,0.017370276,simulation
1959-05-14,0.044575047,simulation
1959-05-15,0.013379426,simulation
1959-05-16,0.055408537,simulation
1959-05-17,0.03106466,simulation
1959-05-18,0.005831186,simulation
1959-05-19,0.0037766339,simulation
1959-05-20,0.0037470935,simulation
1959-05-21,0.0032265591,simulation
1959-05-22,0.017001638,simulation
1959-05-23,0.0070894123,simulation
1959-05-24,0.0032520848,simulation
1959-05-25,0.005043913,simulation
1959-05-26,0.01918394,simulation
1959-05-27,0.019501548,simulation
1959-05-28,0.016481265,simulation
1959-05-29,0.0012640903,simulation
1959-05-30,0.0016316797,simulation
1959-05-31,0.00090835866,simulation
1959-06-01,0.0062193945,simulation
1959-06-02,0.035613384,simulation
1959-06-03,0.032691807,simulation
1959-06-04,0.002586415,simulation
1959-06-05,0.00634877,simulation
1959-06-06,0.0016534807,simulation
1959-06-07,0.0041384827,simulation
1959-06-08,0.0011608683,simulation
1959-06-09,0.036952317,simulation
1959-06-10,0.019274233,simulation
1959-06-11,0.0148587935,simulation
1959-06-12,0.0043261936,simulation
1959-06-13,0.0010133818,simulation
1959-06-14,0.0016844859,simulation
1959-06-15,0.0042590178,simulation
1959-06-16,0.013346682,simulation
1959-06-17,0.07804464,simulation
1959-06-18,0.108045556,simulation
1959-06-19,0.12413434,simulation
1959-06-20,0.11289079,simulation
1959-06-21,0.07732238,simulation
1959-06-22,0.03126471,simulation
1959-06-23,0.03352839,simulation
1959-06-24,0.017536344,simulation
1959-06-25,0.020197295,simulation
1959-06-26,0.04389856,simulation
1959-06-27,0.035686888,simulation
1959-06-28,0.012336607,simulation
1959-06-29,0.059662286,simulation
1959-06-30,0.0440671,simulation
1959-07-01,0.016013414,simulation
1959-07-02,0.010549545,simulation
1959-07-03,0.002919731,simulation
1959-07-04,0.01720558,simulation
1959-07-05,0.02130652,simulation
1959-07-06,0.0058916956,simulation
1959-07-07,0.0043829596,simulation
1959-07-08,0.0055945925,simulation
1959-07-09,0.00998408,simulation
1959-07-10,0.005326155,simulation
1959-07-11,0.008033517,simulation
1959-07-12,0.0074422634,simulation
1959-07-13,0.0100594945,simulation
1959-07-14,0.017830288,simulation
1959-07-15,0.03331781,simulation
1959-07-16,0.029051526,simulation
1959-07-17,0.023674704,simulation
1959-07-18,0.029753445,simulation
1959-07-19,0.008156981,simulation
1959-07-20,0.016759701,simulation
1959-07-21,0.027991856,simulation
1959-07-22,0.0051899045,simulation
1959-07-23,0.014537777,simulation
1959-07-24,0.0024599195,simulation
1959-07-25,0.004813539,simulation
1959-07-26,0.0025323925,simulation
1959-07-27,0.0054095555,simulation
1959-07-28,0.022362001,simulation
1959-07-29,0.027746938,simulation
1959-07-30,0.0072730915,simulation
1959-07-31,0.0022603043,simulation
1959-08-01,0.0058916956,simulation
1959-08-02,0.010288929,simulation
1959-08-03,0.0062515,simulation
1959-08-04,0.03234777,simulation
1959-08-05,0.020626323,simulation
1959-08-06,0.038094096,simulation
1959-08-07,0.025275676,simulation
1959-08-08,0.021454697,simulation
1959-08-09,0.0064309337,simulation
1959-08-10,0.01475109,simulation
1959-08-11,0.053708155,simulation
1959-08-12,0.08787603,simulation
1959-08-13,0.0052576032,simulation
1959-08-14,0.0038565227,simulation
1959-08-15,0.004394399,simulation
1959-08-16,0.009392586,simulation
1959-08-17,0.007908574,simulation
1959-08-18,0.010908889,simulation
1959-08-19,0.016469808,simulation
1959-08-20,0.019242153,simulation
1959-08-21,0.028941551,simulation
1959-08-22,0.02171166,simulation
1959-08-23,0.05213972,simulation
1959-08-24,0.048898485,simulation
1959-08-25,0.032553874,simulation
1959-08-26,0.014208466,simulation
1959-08-27,0.023316327,simulation
1959-08-28,0.024633331,simulation
1959-08-29,0.03391811,simulation
1959-08-30,0.007865181,simulation
1959-08-31,0.013373081,simulation
1959-09-01,0.021382893,simulation
1959-09-02,0.021865444,simulation
1959-09-03,0.010269003,simulation
1959-09-04,0.022713294,simulation
1959-09-05,0.021815158,simulation
1959-09-06,0.022751866,simulation
1959-09-07,0.0424285,simulation
1959-09-08,0.027583933,simulation
1959-09-09,0.008504068,simulation
1959-09-10,0.0036317832,simulation
1959-09-11,0.014608577,simulation
1959-09-12,0.0014037105,simulation
1959-09-13,0.00080081355,simulation
1959-09-14,0.0006573291,simulation
1959-09-15,0.00074711355,simulation
1959-09-16,0.0010441587,simulation
1959-09-17,0.014935653,simulation
1959-09-18,0.016289923,simulation
1959-09-19,0.012194944,simulation
1959-09-20,0.04616701,simulation
1959-09-21,0.011286749,simulation
1959-09-22,0.028222494,simulation
1959-09-23,0.016598815,simulation
1959-09-24,0.026171165,simulation
1959-09-25,0.009905183,simulation
1959-09-26,0.0017428563,simulation
1959-09-27,0.0035963499,simulation
1959-09-28,0.007086485,simulation
1959-09-29,0.014721108,simulation
1959-09-30,0.009696305,simulation
1959-10-01,0.0110945515,simulation
1959-10-02,0.020490661,simulation
1959-10-03,0.0060996423,simulation
1959-10-04,0.011587284,simulation
1959-10-05,0.001986959,simulation
1959-10-06,0.0008328059,simulation
1959-10-07,0.0017159204,simulation
1959-10-08,0.0023405126,simulation
1959-10-09,0.014243113,simulation
1959-10-10,0.0028513605,simulation
1959-10-11,0.005038426,simulation
1959-10-12,0.0039868387,simulation
1959-10-13,0.0018755745,simulation
1959-10-14,0.0006730352,simulation
1959-10-15,0.010220172,simulation
1959-10-16,0.00070825743,simulation
1959-10-17,0.0006390619,simulation
1959-10-18,0.0133203305,simulation
1959-10-19,0.0055773538,simulation
1959-10-20,0.001000481,simulation
1959-10-21,0.00069705804,simulation
1959-10-22,0.0006897094,simulation
1959-10-23,0.0010588014,simulation
1959-10-24,0.015575509,simulation
1959-10-25,0.012848915,simulation
1959-10-26,0.015742287,simulation
1959-10-27,0.0016086466,simulation
1959-10-28,0.0010611706,simulation
1959-10-29,0.0006316685,simulation
1959-10-30,0.000575806,simulation
1959-10-31,0.000614429,simulation
1959-11-01,0.00077223516,simulation
1959-11-02,0.003475853,simulation
1959-11-03,0.0047925957,simulation
1959-11-04,0.0017640115,simulation
1959-11-05,0.0024885756,simulation
1959-11-06,0.0015932883,simulation
1959-11-07,0.0043149265,simulation
1959-11-08,0.0026707132,simulation
1959-11-09,0.0042347116,simulation
1959-11-10,0.0029048931,simulation
1959-11-11,0.0015521967,simulation
1959-11-12,0.0050089825,simulation
1959-11-13,0.0009790327,simulation
1959-11-14,0.00061326486,simulation
1959-11-15,0.00067495194,simulation
1959-11-16,0.0006300373,simulation
1959-11-17,0.0016645599,simulation
1959-11-18,0.0034994555,simulation
1959-11-19,0.0025410305,simulation
1959-11-20,0.0022777182,simulation
1959-11-21,0.0017518268,simulation
1959-11-22,0.0010679418,simulation
1959-11-23,0.0007445438,simulation
1959-11-24,0.0060849558,simulation
1959-11-25,0.0058447965,simulation
1959-11-26,0.004424799,simulation
1959-11-27,0.0007435823,simulation
1959-11-28,0.0026823233,simulation
1959-11-29,0.0018621514,simulation
1959-11-30,0.0019903565,simulation
1959-12-01,0.0017182716,simulation
1959-12-02,0.0019292366,simulation
1959-12-03,0.00252271,simulation
1959-12-04,0.0009386269,simulation
1959-12-05,0.0008394998,simulation
1959-12-06,0.002731579,simulation
1959-12-07,0.0024943047,simulation
1959-12-08,0.0026507983,simulation
1959-12-09,0.00094779517,simulation
1959-12-10,0.0014825097,simulation
1959-12-11,0.00073157484,simulation
1959-12-12,0.00084661174,simulation
1959-12-13,0.0011120568,simulation
1959-12-14,0.0012089986,simulation
1959-12-15,0.0009224563,simulation
1959-12-16,0.0008316596,simulation
1959-12-17,0.00087762426,simulation
1959-12-18,0.0014164071,simulation
1959-12-19,0.0027160635,simulation
1959-12-20,0.00120765,simulation
1959-12-21,0.0021336293,simulation
1959-12-22,0.0013199705,simulation
1959-12-23,0.0010104234,simulation
1959-12-24,0.0008581302,simulation
1959-12-25,0.00058365415,simulation
1959-12-26,0.00071611104,simulation
1959-12-27,0.000840006,simulation
1959-12-28,0.001693161,simulation
1959-12-29,0.0021811277,simulation
1959-12-30,0.0008138816,simulation
1959-12-31,0.0008562117,simulation
1960-01-01,0.00064771256,simulation
1960-01-02,0.0005511259,simulation
1960-01-03,0.001306335,simulation
1960-01-04,0.0010927314,simulation
1960-01-05,0.00078450114,simulation
1960-01-06,0.0005021027,simulation
1960-01-07,0.00061453524,simulation
1960-01-08,0.0010837533,simulation
1960-01-09,0.0008661442,simulation
1960-01-10,0.0008584998,simulation
1960-01-11,0.0009149474,simulation
1960-01-12,0.0007390486,simulation
1960-01-13,0.0007825445,simulation
1960-01-14,0.0009374972,simulation
1960-01-15,0.0025785025,simulation
1960-01-16,0.00094089063,simulation
1960-01-17,0.00054979644,simulation
1960-01-18,0.0015887917,simulation
1960-01-19,0.0009988472,simulation
1960-01-20,0.0017593378,simulation
1960-01-21,0.001846928,simulation
1960-01-22,0.001452817,simulation
1960-01-23,0.0011873902,simulation
1960-01-24,0.001118477,simulation
1960-01-25,0.0020301952,simulation
1960-01-26,0.0009238859,simulation
1960-01-27,0.0009135313,simulation
1960-01-28,0.00061660446,simulation
1960-01-29,0.00067106634,simulation
1960-01-30,0.00072044256,simulation
1960-01-31,0.0005774965,simulation
1960-02-01,0.0005465815,simulation
1960-02-02,0.0005439477,simulation
1960-02-03,0.00079189945,simulation
1960-02-04,0.0025496965,simulation
1960-02-05,0.0012196347,simulation
1960-02-06,0.000989018,simulation
1960-02-07,0.0013131916,simulation
1960-02-08,0.0034192633,simulation
1960-02-09,0.0017446468,simulation
1960-02-10,0.008979965,simulation
1960-02-11,0.003952363,simulation
1960-02-12,0.001319404,simulation
1960-02-13,0.00060679635,simulation
1960-02-14,0.0016994035,simulation
1960-02-15,0.0008541509,simulation
1960-02-16,0.0006265169,simulation
1960-02-17,0.0025401656,simulation
1960-02-18,0.0011950633,simulation
1960-02-19,0.0028102342,simulation
1960-02-20,0.0013509066,simulation
1960-02-21,0.00056909304,simulation
1960-02-22,0.004120743,simulation
1960-02-23,0.004532812,simulation
1960-02-24,0.0012356563,simulation
1960-02-25,0.00091117644,simulation
1960-02-26,0.0023797352,simulation
1960-02-27,0.0008660694,simulation
1960-02-28,0.0010648252,simulation
1960-02-29,0.0015803758,simulation
1960-03-01,0.0011219423,simulation
1960-03-02,0.00057744706,simulation
1960-03-03,0.001904822,simulation
1960-03-04,0.0035636642,simulation
1960-03-05,0.00223977,simulation
1960-03-06,0.0018863493,simulation
1960-03-07,0.0008612376,simulation
1960-03-08,0.0016242902,simulation
1960-03-09,0.0010883271,simulation
1960-03-10,0.0036382347,simulation
1960-03-11,0.00083812786,simulation
1960-03-12,0.0064458842,simulation
1960-03-13,0.0020421953,simulation
1960-03-14,0.0009683139,simulation
1960-03-15,0.00055642694,simulation
1960-03-16,0.006057195,simulation
1960-03-17,0.001353923,simulation
1960-03-18,0.007883936,simulation
1960-03-19,0.021966292,simulation
1960-03-20,0.011915118,simulation
1960-03-21,0.014537777,simulation
1960-03-22,0.020618599,simulation
1960-03-23,0.00790273,simulation
1960-03-24,0.0017305209,simulation
1960-03-25,0.0016679836,simulation
1960-03-26,0.003074343,simulation
1960-03-27,0.00079854124,simulation
1960-03-28,0.0013715755,simulation
1960-03-29,0.0011908629,simulation
1960-03-30,0.04486333,simulation
1960-03-31,0.024705037,simulation
1960-04-01,0.0051131956,simulation
1960-04-02,0.0012451344,simulation
1960-04-03,0.0015292267,simulation
1960-04-04,0.0030879322,simulation
1960-04-05,0.043906704,simulation
1960-04-06,0.057172444,simulation
1960-04-07,0.06994508,simulation
1960-04-08,0.0039407145,simulation
1960-04-09,0.002167583,simulation
1960-04-10,0.033959318,simulation
1960-04-11,0.038459934,simulation
1960-04-12,0.03206345,simulation
1960-04-13,0.003649936,simulation
1960-04-14,0.008207945,simulation
1960-04-15,0.007832947,simulation
1960-04-16,0.015052785,simulation
1960-04-17,0.001540405,simulation
1960-04-18,0.024848966,simulation
1960-04-19,0.05004298,simulation
1960-04-20,0.031062527,simulation
1960-04-21,0.005059983,simulation
1960-04-22,0.005152274,simulation
1960-04-23,0.008891813,simulation
1960-04-24,0.00953712,simulation
1960-04-25,0.0071064048,simulation
1960-04-26,0.006153613,simulation
1960-04-27,0.014168341,simulation
1960-04-28,0.036775213,simulation
1960-04-29,0.009079279,simulation
1960-04-30,0.0058035697,simulation
1960-05-01,0.013412236,simulation
1960-05-02,0.0028178864,simulation
1960-05-03,0.042298306,simulation
1960-05-04,0.0048895846,simulation
1960-05-05,0.001539218,simulation
1960-05-06,0.00124044,simulation
1960-05-07,0.0028327694,simulation
1960-05-08,0.06729689,simulation
1960-05-09,0.015098684,simulation
1960-05-10,0.035599183,simulation
1960-05-11,0.0035666781,simulation
1960-05-12,0.005211214,simulation
1960-05-13,0.037511677,simulation
1960-05-14,0.050914787,simulation
1960-05-15,0.03646368,simulation
1960-05-16,0.012646534,simulation
1960-05-17,0.019312203,simulation
1960-05-18,0.034304123,simulation
1960-05-19,0.013554916,simulation
1960-05-20,0.033245575,simulation
1960-05-21,0.0141605465,simulation
1960-05-22,0.034847002,simulation
1960-05-23,0.039044574,simulation
1960-05-24,0.021700364,simulation
1960-05-25,0.034301817,simulation
1960-05-26,0.03609654,simulation
1960-05-27,0.08631279,simulation
1960-05-28,0.026212547,simulation
1960-05-29,0.03783669,simulation
1960-05-30,0.069978096,simulation
1960-05-31,0.043646477,simulation
1960-06-01,0.006253577,simulation
1960-06-02,0.003431728,simulation
1960-06-03,0.05056161,simulation
1960-06-04,0.041127384,simulation
1960-06-05,0.07021259,simulation
1960-06-06,0.097602345,simulation
1960-06-07,0.092859685,simulation
1960-06-08,0.04742672,simulation
1960-06-09,0.070883684,simulation
1960-06-10,0.08876481,simulation
1960-06-11,0.099666916,simulation
1960-06-12,0.07258018,simulation
1960-06-13,0.018648364,simulation
1960-06-14,0.07613072,simulation
1960-06-15,0.07836077,simulation
1960-06-16,0.096168175,simulation
1960-06-17,0.019775867,simulation
1960-06-18,0.1159028,simulation
1960-06-19,0.1038338,simulation
1960-06-20,0.055651173,simulation
1960-06-21,0.06268848,simulation
1960-06-22,0.06693994,simulation
1960-06-23,0.042890135,simulation
1960-06-24,0.018310618,simulation
1960-06-25,0.00459722,simulation
1960-06-26,0.009799828,simulation
1960-06-27,0.0053556073,simulation
1960-06-28,0.08018648,simulation
1960-06-29,0.06904479,simulation
1960-06-30,0.085679285,simulation
1960-07-01,0.071168266,simulation
1960-07-02,0.09076446,simulation
1960-07-03,0.09373041,simulation
1960-07-04,0.020352699,simulation
1960-07-05,0.004789382,simulation
1960-07-06,0.05027705,simulation
1960-07-07,0.08815308,simulation
1960-07-08,0.054631572,simulation
1960-07-09,0.047440916,simulation
1960-07-10,0.066246964,simulation
1960-07-11,0.053908017,simulation
1960-07-12,0.07987406,simulation
1960-07-13,0.11185009,simulation
1960-07-14,0.08549854,simulation
1960-07-15,0.0989815,simulation
1960-07-16,0.008846241,simulation
1960-07-17,0.006475885,simulation
1960-07-18,0.0149882585,simulation
1960-07-19,0.027330127,simulation
1960-07-20,0.061448295,simulation
1960-07-21,0.078497194,simulation
1960-07-22,0.06837019,simulation
1960-07-23,0.031702492,simulation
1960-07-24,0.037814464,simulation
1960-07-25,0.05853144,simulation
1960-07-26,0.09143329,simulation
1960-07-27,0.045715213,simulation
1960-07-28,0.07731239,simulation
1960-07-29,0.09883479,simulation
1960-07-30,0.019320972,simulation
1960-07-31,0.01946179,simulation
1960-08-01,0.034336433,simulation
1960-08-02,0.0058628297,simulation
1960-08-03,0.006886768,simulation
1960-08-04,0.007949582,simulation
1960-08-05,0.007800838,simulation
1960-08-06,0.006107759,simulation
1960-08-07,0.037565716,simulation
1960-08-08,0.050767474,simulation
1960-08-09,0.023494957,simulation
1960-08-10,0.0033239366,simulation
1960-08-11,0.0008720529,simulation
1960-08-12,0.0010714354,simulation
1960-08-13,0.0018584935,simulation
1960-08-14,0.0011645638,simulation
1960-08-15,0.0062400894,simulation
1960-08-16,0.026212547,simulation
1960-08-17,0.015654437,simulation
1960-08-18,0.0079862,simulation
1960-08-19,0.0012899577,simulation
1960-08-20,0.0035848164,simulation
1960-08-21,0.002615407,simulation
1960-08-22,0.0008794391,simulation
1960-08-23,0.0071422774,simulation
1960-08-24,0.027709553,simulation
1960-08-25,0.036485348,simulation
1960-08-26,0.009305944,simulation
1960-08-27,0.008037474,simulation
1960-08-28,0.01085113,simulation
1960-08-29,0.030210994,simulation
1960-08-30,0.03816857,simulation
1960-08-31,0.059703402,simulation
1960-09-01,0.047369946,simulation
1960-09-02,0.040133666,simulation
1960-09-03,0.049344163,simulation
1960-09-04,0.043268632,simulation
1960-09-05,0.039790582,simulation
1960-09-06,0.04294101,simulation
1960-09-07,0.050007913,simulation
1960-09-08,0.032551646,simulation
1960-09-09,0.0014288507,simulation
1960-09-10,0.0042701424,simulation
1960-09-11,0.0010023754,simulation
1960-09-12,0.05362045,simulation
1960-09-13,0.031491704,simulation
1960-09-14,0.0015273925,simulation
1960-09-15,0.0016771477,simulation
1960-09-16,0.0009783589,simulation
1960-09-17,0.005785231,simulation
1960-09-18,0.024166007,simulation
1960-09-19,0.040226165,simulation
1960-09-20,0.028292373,simulation
1960-09-21,0.02552899,simulation
1960-09-22,0.045127843,simulation
1960-09-23,0.010043233,simulation
1960-09-24,0.010535095,simulation
1960-09-25,0.0045779585,simulation
1960-09-26,0.0009073431,simulation
1960-09-27,0.0020969752,simulation
1960-09-28,0.000769911,simulation
1960-09-29,0.0019815334,simulation
1960-09-30,0.02654928,simulation
1960-10-01,0.029037256,simulation
1960-10-02,0.013317176,simulation
1960-10-03,0.0019146166,simulation
1960-10-04,0.0031076362,simulation
1960-10-05,0.0010903868,simulation
1960-10-06,0.0008221209,simulation
1960-10-07,0.0016617123,simulation
1960-10-08,0.0046609496,simulation
1960-10-09,0.008659058,simulation
1960-10-10,0.012742298,simulation
1960-10-11,0.009947779,simulation
1960-10-12,0.009494622,simulation
1960-10-13,0.0045871944,simulation
1960-10-14,0.0011634637,simulation
1960-10-15,0.002757007,simulation
1960-10-16,0.0065049394,simulation
1960-10-17,0.0052620014,simulation
1960-10-18,0.0040399525,simulation
1960-10-19,0.00086905627,simulation
1960-10-20,0.0010319332,simulation
1960-10-21,0.0038977398,simulation
1960-10-22,0.0069450797,simulation
1960-10-23,0.005630164,simulation
1960-10-24,0.008257179,simulation
1960-10-25,0.008813105,simulation
1960-10-26,0.00084188796,simulation
1960-10-27,0.0031442149,simulation
1960-10-28,0.0084762955,simulation
1960-10-29,0.0023184714,simulation
1960-10-30,0.00062479096,simulation
1960-10-31,0.0062618908,simulation
1960-11-01,0.0059652054,simulation
1960-11-02,0.0062900274,simulation
1960-11-03,0.0065498427,simulation
1960-11-04,0.005060408,simulation
1960-11-05,0.0040762015,simulation
1960-11-06,0.00453967,simulation
1960-11-07,0.0032708733,simulation
1960-11-08,0.002273837,simulation
1960-11-09,0.001337413,simulation
1960-11-10,0.0010025478,simulation
1960-11-11,0.0029246944,simulation
1960-11-12,0.0014246912,simulation
1960-11-13,0.00088688696,simulation
1960-11-14,0.0042447033,simulation
1960-11-15,0.003825082,simulation
1960-11-16,0.00066502154,simulation
1960-11-17,0.0009169962,simulation
1960-11-18,0.0006427632,simulation
1960-11-19,0.0033973397,simulation
1960-11-20,0.0018808737,simulation
1960-11-21,0.0017011506,simulation
1960-11-22,0.00070563814,simulation
1960-11-23,0.00066462037,simulation
1960-11-24,0.0006652508,simulation
1960-11-25,0.0014998926,simulation
1960-11-26,0.0022016948,simulation
1960-11-27,0.0007389213,simulation
1960-11-28,0.00078180386,simulation
1960-11-29,0.0054303748,simulation
1960-11-30,0.0028920937,simulation
1960-12-01,0.0036235058,simulation
1960-12-02,0.0020512838,simulation
1960-12-03,0.001817937,simulation
1960-12-04,0.0015689088,simulation
1960-12-05,0.0029209715,simulation
1960-12-06,0.0011212676,simulation
1960-12-07,0.00054460514,simulation
1960-12-08,0.0006365877,simulation
1960-12-09,0.001082357,simulation
1960-12-10,0.00093959615,simulation
1960-12-11,0.0021261757,simulation
1960-12-12,0.0017503286,simulation
1960-12-13,0.0012181693,simulation
1960-12-14,0.00055955467,simulation
1960-12-15,0.00049287535,simulation
1960-12-16,0.002107204,simulation
1960-12-17,0.0015556582,simulation
1960-12-18,0.0012514575,simulation
1960-12-19,0.0015389535,simulation
1960-12-20,0.0005995162,simulation
1960-12-21,0.0019764614,simulation
1960-12-22,0.0007218711,simulation
1960-12-23,0.0015915157,simulation
1960-12-24,0.0006493335,simulation
1960-12-25,0.00067891885,simulation
1960-12-26,0.00096225296,simulation
1960-12-27,0.0007326467,simulation
1960-12-28,0.0006164452,simulation
1960-12-29,0.00067326723,simulation
1960-12-30,0.00061602023,simulation
1960-12-31,0.00067408034,simulation
1961-01-01,0.00076074956,simulation
1961-01-02,0.00061729597,simulation
1961-01-03,0.0019262711,simulation
1961-01-04,0.0013705167,simulation
1961-01-05,0.0006876325,simulation
1961-01-06,0.0006377959,simulation
1961-01-07,0.0005467701,simulation
1961-01-08,0.0009876583,simulation
1961-01-09,0.0022952643,simulation
1961-01-10,0.0015050437,simulation
1961-01-11,0.001247274,simulation
1961-01-12,0.001451696,simulation
1961-01-13,0.0006989824,simulation
1961-01-14,0.00055117323,simulation
1961-01-15,0.00064726616,simulation
1961-01-16,0.0010601677,simulation
1961-01-17,0.0013506748,simulation
1961-01-18,0.002237479,simulation
1961-01-19,0.0010891691,simulation
1961-01-20,0.00228589,simulation
1961-01-21,0.0019149437,simulation
1961-01-22,0.0010682169,simulation
1961-01-23,0.0013010766,simulation
1961-01-24,0.00050745916,simulation
1961-01-25,0.0006058032,simulation
1961-01-26,0.0005224729,simulation
1961-01-27,0.0009739937,simulation
1961-01-28,0.00065315026,simulation
1961-01-29,0.0015545923,simulation
1961-01-30,0.0017845033,simulation
1961-01-31,0.0014571829,simulation
1961-02-01,0.0013971042,simulation
1961-02-02,0.00058556977,simulation
1961-02-03,0.0012008242,simulation
1961-02-04,0.0017477849,simulation
1961-02-05,0.00226339,simulation
1961-02-06,0.0006187345,simulation
1961-02-07,0.00063461554,simulation
1961-02-08,0.0007642955,simulation
1961-02-09,0.0009769299,simulation
1961-02-10,0.0021662891,simulation
1961-02-11,0.0034363777,simulation
1961-02-12,0.0026639083,simulation
1961-02-13,0.002076486,simulation
1961-02-14,0.0010357552,simulation
1961-02-15,0.001016698,simulation
1961-02-16,0.0019688767,simulation
1961-02-17,0.00068810664,simulation
1961-02-18,0.0009455153,simulation
1961-02-19,0.00064038514,simulation
1961-02-20,0.0006378511,simulation
1961-02-21,0.0005644982,simulation
1961-02-22,0.0008740817,simulation
1961-02-23,0.0040131416,simulation
1961-02-24,0.0005930901,simulation
1961-02-25,0.005531477,simulation
1961-02-26,0.0095751295,simulation
1961-02-27,0.0010401278,simulation
1961-02-28,0.004092031,simulation
1961-03-01,0.00093082694,simulation
1961-03-02,0.004963883,simulation
1961-03-03,0.0022165827,simulation
1961-03-04,0.00143499,simulation
1961-03-05,0.0011308457,simulation
1961-03-06,0.0009103929,simulation
1961-03-07,0.0026999454,simulation
1961-03-08,0.023878273,simulation
1961-03-09,0.015722726,simulation
1961-03-10,0.0076377504,simulation
1961-03-11,0.0010080802,simulation
1961-03-12,0.0025085746,simulation
1961-03-13,0.0022686075,simulation
1961-03-14,0.02164879,simulation
1961-03-15,0.018859314,simulation
1961-03-16,0.0014243245,simulation
1961-03-17,0.00070333196,simulation
1961-03-18,0.008946357,simulation
1961-03-19,0.003656418,simulation
1961-03-20,0.00082908646,simulation
1961-03-21,0.0065297894,simulation
1961-03-22,0.013911048,simulation
1961-03-23,0.015625251,simulation
1961-03-24,0.011082974,simulation
1961-03-25,0.0059320414,simulation
1961-03-26,0.025071576,simulation
1961-03-27,0.0011936275,simulation
1961-03-28,0.00088956224,simulation
1961-03-29,0.00063456077,simulation
1961-03-30,0.0006356558,simulation
1961-03-31,0.0018958874,simulation
1961-04-01,0.0076522133,simulation
1961-04-02,0.025745347,simulation
1961-04-03,0.0029991122,simulation
1961-04-04,0.019610882,simulation
1961-04-05,0.023104804,simulation
1961-04-06,0.0011479759,simulation
1961-04-07,0.026497984,simulation
1961-04-08,0.0023151136,simulation
1961-04-09,0.0058926768,simulation
1961-04-10,0.006131155,simulation
1961-04-11,0.003599695,simulation
1961-04-12,0.0032249193,simulation
1961-04-13,0.022547904,simulation
1961-04-14,0.016962409,simulation
1961-04-15,0.0024471723,simulation
1961-04-16,0.03701554,simulation
1961-04-17,0.047694046,simulation
1961-04-18,0.03271187,simulation
1961-04-19,0.038682554,simulation
1961-04-20,0.05060275,simulation
1961-04-21,0.01672354,simulation
1961-04-22,0.006675823,simulation
1961-04-23,0.008089055,simulation
1961-04-24,0.007677427,simulation
1961-04-25,0.0049830447,simulation
1961-04-26,0.006098121,simulation
1961-04-27,0.01752693,simulation
1961-04-28,0.057521123,simulation
1961-04-29,0.011636531,simulation
1961-04-30,0.004686839,simulation
1961-05-01,0.0016330775,simulation
1961-05-02,0.0031271982,simulation
1961-05-03,0.027991856,simulation
1961-05-04,0.032054666,simulation
1961-05-05,0.03295776,simulation
1961-05-06,0.012363153,simulation
1961-05-07,0.012222183,simulation
1961-05-08,0.002382779,simulation
1961-05-09,0.01714352,simulation
1961-05-10,0.018415589,simulation
1961-05-11,0.014152759,simulation
1961-05-12,0.028506834,simulation
1961-05-13,0.03353975,simulation
1961-05-14,0.0057405806,simulation
1961-05-15,0.022098636,simulation
1961-05-16,0.0758944,simulation
1961-05-17,0.024688892,simulation
1961-05-18,0.0050031147,simulation
1961-05-19,0.061934434,simulation
1961-05-20,0.0067029605,simulation
1961-05-21,0.0052549685,simulation
1961-05-22,0.008854906,simulation
1961-05-23,0.0028943056,simulation
1961-05-24,0.0018255716,simulation
1961-05-25,0.003261466,simulation
1961-05-26,0.001507755,simulation
1961-05-27,0.071201354,simulation
1961-05-28,0.06473981,simulation
1961-05-29,0.07408145,simulation
1961-05-30,0.067038134,simulation
1961-05-31,0.06354863,simulation
1961-06-01,0.06717568,simulation
1961-06-02,0.050994433,simulation
1961-06-03,0.04514165,simulation
1961-06-04,0.061221644,simulation
1961-06-05,0.053659756,simulation
1961-06-06,0.048601594,simulation
1961-06-07,0.005068037,simulation
1961-06-08,0.022930304,simulation
1961-06-09,0.01438356,simulation
1961-06-10,0.0037702618,simulation
1961-06-11,0.0034524074,simulation
1961-06-12,0.0035483297,simulation
1961-06-13,0.005731498,simulation
1961-06-14,0.0047765467,simulation
1961-06-15,0.0022769412,simulation
1961-06-16,0.0013416662,simulation
1961-06-17,0.0007884291,simulation
1961-06-18,0.00080746,simulation
1961-06-19,0.00073245727,simulation
1961-06-20,0.0008884912,simulation
1961-06-21,0.02152671,simulation
1961-06-22,0.07135366,simulation
1961-06-23,0.034660723,simulation
1961-06-24,0.012831597,simulation
1961-06-25,0.0017513777,simulation
1961-06-26,0.0010853381,simulation
1961-06-27,0.0483057,simulation
1961-06-28,0.052567184,simulation
1961-06-29,0.050796937,simulation
1961-06-30,0.03741111,simulation
1961-07-01,0.032928627,simulation
1961-07-02,0.03651427,simulation
1961-07-03,0.008482536,simulation
1961-07-04,0.030837825,simulation
1961-07-05,0.07082413,simulation
1961-07-06,0.024048124,simulation
1961-07-07,0.005010241,simulation
1961-07-08,0.002525718,simulation
1961-07-09,0.0029194832,simulation
1961-07-10,0.002946127,simulation
1961-07-11,0.00083913875,simulation
1961-07-12,0.001938327,simulation
1961-07-13,0.015302621,simulation
1961-07-14,0.0077388976,simulation
1961-07-15,0.015546453,simulation
1961-07-16,0.012103902,simulation
1961-07-17,0.0055282474,simulation
1961-07-18,0.04016705,simulation
1961-07-19,0.027107142,simulation
1961-07-20,0.023183085,simulation
1961-07-21,0.03577235,simulation
1961-07-22,0.012791952,simulation
1961-07-23,0.011184883,simulation
1961-07-24,0.018746462,simulation
1961-07-25,0.034903016,simulation
1961-07-26,0.045288105,simulation
1961-07-27,0.020413924,simulation
1961-07-28,0.027302906,simulation
1961-07-29,0.038963925,simulation
1961-07-30,0.0371422,simulation
1961-07-31,0.009756238,simulation
1961-08-01,0.04575694,simulation
1961-08-02,0.038662504,simulation
1961-08-03,0.02374067,simulation
1961-08-04,0.021549152,simulation
1961-08-05,0.04697926,simulation
1961-08-06,0.031667657,simulation
1961-08-07,0.0015332936,simulation
1961-08-08,0.00778163,simulation
1961-08-09,0.009869946,simulation
1961-08-10,0.051761515,simulation
1961-08-11,0.025654558,simulation
1961-08-12,0.025536362,simulation
1961-08-13,0.024678122,simulation
1961-08-14,0.0086526945,simulation
1961-08-15,0.0041489527,simulation
1961-08-16,0.0034048245,simulation
1961-08-17,0.020914001,simulation
1961-08-18,0.027396336,simulation
1961-08-19,0.05870102,simulation
1961-08-20,0.02619185,simulation
1961-08-21,0.005497883,simulation
1961-08-22,0.02485077,simulation
1961-08-23,0.022666415,simulation
1961-08-24,0.012383832,simulation
1961-08-25,0.006269173,simulation
1961-08-26,0.004247919,simulation
1961-08-27,0.010546143,simulation
1961-08-28,0.006838533,simulation
1961-08-29,0.008445155,simulation
1961-08-30,0.015551293,simulation
1961-08-31,0.006086981,simulation
1961-09-01,0.01192654,simulation
1961-09-02,0.0051247603,simulation
1961-09-03,0.0046468885,simulation
1961-09-04,0.012104869,simulation
1961-09-05,0.028242448,simulation
1961-09-06,0.021701973,simulation
1961-09-07,0.013046999,simulation
1961-09-08,0.015221703,simulation
1961-09-09,0.0037635828,simulation
1961-09-10,0.002614517,simulation
1961-09-11,0.0009401624,simulation
1961-09-12,0.0011179969,simulation
1961-09-13,0.0016959162,simulation
1961-09-14,0.0023413107,simulation
1961-09-15,0.011310305,simulation
1961-09-16,0.030164791,simulation
1961-09-17,0.035214636,simulation
1961-09-18,0.02014572,simulation
1961-09-19,0.01874931,simulation
1961-09-20,0.020742545,simulation
1961-09-21,0.003993567,simulation
1961-09-22,0.0057295887,simulation
1961-09-23,0.020668104,simulation
1961-09-24,0.01766991,simulation
1961-09-25,0.031923085,simulation
1961-09-26,0.020352699,simulation
1961-09-27,0.02443521,simulation
1961-09-28,0.005583404,simulation
1961-09-29,0.03432028,simulation
1961-09-30,0.008274102,simulation
1961-10-01,0.0020880424,simulation
1961-10-02,0.0008820915,simulation
1961-10-03,0.0064336006,simulation
1961-10-04,0.019735623,simulation
1961-10-05,0.01708822,simulation
1961-10-06,0.011109708,simulation
1961-10-07,0.0018046128,simulation
1961-10-08,0.0022094094,simulation
1961-10-09,0.014208466,simulation
1961-10-10,0.017958941,simulation
1961-10-11,0.015365947,simulation
1961-10-12,0.021154454,simulation
1961-10-13,0.003702736,simulation
1961-10-14,0.028779197,simulation
1961-10-15,0.018971313,simulation
1961-10-16,0.012873395,simulation
1961-10-17,0.013228999,simulation
1961-10-18,0.011330278,simulation
1961-10-19,0.0070009707,simulation
1961-10-20,0.009018097,simulation
1961-10-21,0.0060576997,simulation
1961-10-22,0.006684674,simulation
1961-10-23,0.007188991,simulation
1961-10-24,0.0063741053,simulation
1961-10-25,0.0043524737,simulation
1961-10-26,0.011914167,simulation
1961-10-27,0.0092470925,simulation
1961-10-28,0.0013682853,simulation
1961-10-29,0.0025921434,simulation
1961-10-30,0.004681336,simulation
1961-10-31,0.002729953,simulation
1961-11-01,0.0025796006,simulation
1961-11-02,0.003997946,simulation
1961-11-03,0.0007382851,simulation
1961-11-04,0.00053340197,simulation
1961-11-05,0.0006084203,simulation
1961-11-06,0.0011633635,simulation
1961-11-07,0.00913341,simulation
1961-11-08,0.0065934015,simulation
1961-11-09,0.0038428786,simulation
1961-11-10,0.0009926824,simulation
1961-11-11,0.0015905614,simulation
1961-11-12,0.0017458416,simulation
1961-11-13,0.0006264631,simulation
1961-11-14,0.0005647417,simulation
1961-11-15,0.00068994676,simulation
1961-11-16,0.007777156,simulation
1961-11-17,0.0016443032,simulation
1961-11-18,0.00075227924,simulation
1961-11-19,0.0017689981,simulation
1961-11-20,0.003028523,simulation
1961-11-21,0.0013507903,simulation
1961-11-22,0.0009584531,simulation
1961-11-23,0.0007876829,simulation
1961-11-24,0.0028042705,simulation
1961-11-25,0.0028159716,simulation
1961-11-26,0.001421274,simulation
1961-11-27,0.00077396637,simulation
1961-11-28,0.0010700552,simulation
1961-11-29,0.0025780653,simulation
1961-11-30,0.0016506518,simulation
1961-12-01,0.0011902489,simulation
1961-12-02,0.0012378864,simulation
1961-12-03,0.0012885197,simulation
1961-12-04,0.001242785,simulation
1961-12-05,0.0005635742,simulation
1961-12-06,0.0005104888,simulation
1961-12-07,0.0017996803,simulation
1961-12-08,0.0011152145,simulation
1961-12-09,0.0008615341,simulation
1961-12-10,0.0005826483,simulation
1961-12-11,0.0006423196,simulation
1961-12-12,0.0005833523,simulation
1961-12-13,0.0018707693,simulation
1961-12-14,0.00049577537,simulation
1961-12-15,0.00047582653,simulation
1961-12-16,0.00050974067,simulation
1961-12-17,0.000515178,simulation
1961-12-18,0.0006467641,simulation
1961-12-19,0.0027332052,simulation
1961-12-20,0.0014375763,simulation
1961-12-21,0.0013220106,simulation
1961-12-22,0.001780234,simulation
1961-12-23,0.0032661667,simulation
1961-12-24,0.0012442796,simulation
1961-12-25,0.0014311806,simulation
1961-12-26,0.0014137374,simulation
1961-12-27,0.0007003686,simulation
1961-12-28,0.0012226754,simulation
1961-12-29,0.0014375763,simulation
1961-12-30,0.0017970649,simulation
1961-12-31,0.00061953516,simulation
1962-01-01,0.0007462129,simulation
1962-01-02,0.001414465,simulation
1962-01-03,0.0017427069,simulation
1962-01-04,0.0010319332,simulation
1962-01-05,0.0005792423,simulation
1962-01-06,0.00065309415,simulation
1962-01-07,0.0007244878,simulation
1962-01-08,0.0015761838,simulation
1962-01-09,0.00063264923,simulation
1962-01-10,0.001039055,simulation
1962-01-11,0.000772834,simulation
1962-01-12,0.00087747327,simulation
1962-01-13,0.0011130127,simulation
1962-01-14,0.0009385464,simulation
1962-01-15,0.0013402851,simulation
1962-01-16,0.001352414,simulation
1962-01-17,0.0015036252,simulation
1962-01-18,0.0005826987,simulation
1962-01-19,0.0005136691,simulation
1962-01-20,0.0005613429,simulation
1962-01-21,0.00076984486,simulation
1962-01-22,0.0006759999,simulation
1962-01-23,0.0005026663,simulation
1962-01-24,0.00071162137,simulation
1962-01-25,0.00077030895,simulation
1962-01-26,0.0007893123,simulation
1962-01-27,0.00057645194,simulation
1962-01-28,0.004661342,simulation
1962-01-29,0.0026023095,simulation
1962-01-30,0.004883852,simulation
1962-01-31,0.00323258,simulation
1962-02-01,0.0035594478,simulation
1962-02-02,0.002423523,simulation
1962-02-03,0.0012669144,simulation
1962-02-04,0.0007765031,simulation
1962-02-05,0.0010210783,simulation
1962-02-06,0.004634034,simulation
1962-02-07,0.0029798294,simulation
1962-02-08,0.00091912935,simulation
1962-02-09,0.0026503473,simulation
1962-02-10,0.0034175273,simulation
1962-02-11,0.0041003134,simulation
1962-02-12,0.0051747346,simulation
1962-02-13,0.008669673,simulation
1962-02-14,0.00094567804,simulation
1962-02-15,0.0008078079,simulation
1962-02-16,0.0007286187,simulation
1962-02-17,0.001707131,simulation
1962-02-18,0.0008356786,simulation
1962-02-19,0.0092132995,simulation
1962-02-20,0.0032110114,simulation
1962-02-21,0.00086532446,simulation
1962-02-22,0.00097458035,simulation
1962-02-23,0.0015323746,simulation
1962-02-24,0.005710998,simulation
1962-02-25,0.0013729879,simulation
1962-02-26,0.00232124,simulation
1962-02-27,0.0038254037,simulation
1962-02-28,0.00070685503,simulation
1962-03-01,0.0007141394,simulation
1962-03-02,0.0005742192,simulation
1962-03-03,0.000626193,simulation
1962-03-04,0.00078099646,simulation
1962-03-05,0.0071599837,simulation
1962-03-06,0.005330607,simulation
1962-03-07,0.0012293071,simulation
1962-03-08,0.0010537169,simulation
1962-03-09,0.0012748784,simulation
1962-03-10,0.0008439198,simulation
1962-03-11,0.000969814,simulation
1962-03-12,0.016630884,simulation
1962-03-13,0.004391075,simulation
1962-03-14,0.0009863849,simulation
1962-03-15,0.0022045134,simulation
1962-03-16,0.012754443,simulation
1962-03-17,0.008524952,simulation
1962-03-18,0.011242473,simulation
1962-03-19,0.0048687314,simulation
1962-03-20,0.0012303635,simulation
1962-03-21,0.012590386,simulation
1962-03-22,0.0016304223,simulation
1962-03-23,0.019214481,simulation
1962-03-24,0.01490883,simulation
1962-03-25,0.01840297,simulation
1962-03-26,0.0058725993,simulation
1962-03-27,0.023939444,simulation
1962-03-28,0.015987359,simulation
1962-03-29,0.010232564,simulation
1962-03-30,0.0027635773,simulation
1962-03-31,0.0007032108,simulation
1962-04-01,0.022842621,simulation
1962-04-02,0.017778505,simulation
1962-04-03,0.008942711,simulation
1962-04-04,0.0022872544,simulation
1962-04-05,0.00074172724,simulation
1962-04-06,0.0014375763,simulation
1962-04-07,0.0013364955,simulation
1962-04-08,0.03064834,simulation
1962-04-09,0.011340273,simulation
1962-04-10,0.00307904,simulation
1962-04-11,0.0027093743,simulation
1962-04-12,0.0016567395,simulation
1962-04-13,0.039675802,simulation
1962-04-14,0.036758266,simulation
1962-04-15,0.034730494,simulation
1962-04-16,0.030293033,simulation
1962-04-17,0.0017153333,simulation
1962-04-18,0.0059488495,simulation
1962-04-19,0.035123058,simulation
1962-04-20,0.048610236,simulation
1962-04-21,0.07620727,simulation
1962-04-22,0.03608698,simulation
1962-04-23,0.00746006,simulation
1962-04-24,0.0014321625,simulation
1962-04-25,0.001981873,simulation
1962-04-26,0.009973582,simulation
1962-04-27,0.012934787,simulation
1962-04-28,0.0020262108,simulation
1962-04-29,0.011615136,simulation
1962-04-30,0.019013101,simulation
1962-05-01,0.005041802,simulation
1962-05-02,0.048881166,simulation
1962-05-03,0.005231735,simulation
1962-05-04,0.04787651,simulation
1962-05-05,0.051189356,simulation
1962-05-06,0.06550692,simulation
1962-05-07,0.052666057,simulation
1962-05-08,0.09394898,simulation
1962-05-09,0.07467,simulation
1962-05-10,0.031088274,simulation
1962-05-11,0.08179632,simulation
1962-05-12,0.07694289,simulation
1962-05-13,0.078264266,simulation
1962-05-14,0.029063776,simulation
1962-05-15,0.045506913,simulation
1962-05-16,0.08492608,simulation
1962-05-17,0.07063893,simulation
1962-05-18,0.065061316,simulation
1962-05-19,0.09648918,simulation
1962-05-20,0.054302685,simulation
1962-05-21,0.07916587,simulation
1962-05-22,0.06747716,simulation
1962-05-23,0.0097649405,simulation
1962-05-24,0.011083866,simulation
1962-05-25,0.03362836,simulation
1962-05-26,0.019482398,simulation
1962-05-27,0.05123667,simulation
1962-05-28,0.10366129,simulation
1962-05-29,0.011031459,simulation
1962-05-30,0.002241681,simulation
1962-05-31,0.0022562593,simulation
1962-06-01,0.0034962012,simulation
1962-06-02,0.015748398,simulation
1962-06-03,0.016665572,simulation
1962-06-04,0.007413506,simulation
1962-06-05,0.013176766,simulation
1962-06-06,0.0077969935,simulation
1962-06-07,0.03423036,simulation
1962-06-08,0.0090807555,simulation
1962-06-09,0.01276761,simulation
1962-06-10,0.017263869,simulation
1962-06-11,0.004701808,simulation
1962-06-12,0.007822014,simulation
1962-06-13,0.007878113,simulation
1962-06-14,0.015744733,simulation
1962-06-15,0.08168026,simulation
1962-06-16,0.06983615,simulation
1962-06-17,0.030034875,simulation
1962-06-18,0.040994503,simulation
1962-06-19,0.017386286,simulation
1962-06-20,0.0072264527,simulation
1962-06-21,0.11062373,simulation
1962-06-22,0.10183926,simulation
1962-06-23,0.03577711,simulation
1962-06-24,0.012947097,simulation
1962-06-25,0.028835941,simulation
1962-06-26,0.03013542,simulation
1962-06-27,0.009359816,simulation
1962-06-28,0.006866867,simulation
1962-06-29,0.0037246929,simulation
1962-06-30,0.03504805,simulation
1962-07-01,0.059286546,simulation
1962-07-02,0.06492161,simulation
1962-07-03,0.061912026,simulation
1962-07-04,0.040007994,simulation
1962-07-05,0.07627716,simulation
1962-07-06,0.0149555085,simulation
1962-07-07,0.06940399,simulation
1962-07-08,0.07934212,simulation
1962-07-09,0.07735567,simulation
1962-07-10,0.057085413,simulation
1962-07-11,0.019621251,simulation
1962-07-12,0.020663451,simulation
1962-07-13,0.032861486,simulation
1962-07-14,0.07932883,simulation
1962-07-15,0.050979674,simulation
1962-07-16,0.03000768,simulation
1962-07-17,0.05827117,simulation
1962-07-18,0.09561796,simulation
1962-07-19,0.12743461,simulation
1962-07-20,0.11108751,simulation
1962-07-21,0.047256514,simulation
1962-07-22,0.08004025,simulation
1962-07-23,0.067270674,simulation
1962-07-24,0.054707818,simulation
1962-07-25,0.033596538,simulation
1962-07-26,0.016923266,simulation
1962-07-27,0.021111855,simulation
1962-07-28,0.008580883,simulation
1962-07-29,0.005977625,simulation
1962-07-30,0.04557628,simulation
1962-07-31,0.07069845,simulation
1962-08-01,0.045249395,simulation
1962-08-02,0.008055955,simulation
1962-08-03,0.004815557,simulation
1962-08-04,0.016911529,simulation
1962-08-05,0.025087932,simulation
1962-08-06,0.08362659,simulation
1962-08-07,0.086735524,simulation
1962-08-08,0.101606615,simulation
1962-08-09,0.12321941,simulation
1962-08-10,0.092173465,simulation
1962-08-11,0.1101488,simulation
1962-08-12,0.109760605,simulation
1962-08-13,0.033439975,simulation
1962-08-14,0.03215142,simulation
1962-08-15,0.012351347,simulation
1962-08-16,0.0075465445,simulation
1962-08-17,0.0691601,simulation
1962-08-18,0.06447708,simulation
1962-08-19,0.06206578,simulation
1962-08-20,0.03452148,simulation
1962-08-21,0.0094438605,simulation
1962-08-22,0.012129989,simulation
1962-08-23,0.021531513,simulation
1962-08-24,0.011285842,simulation
1962-08-25,0.0022118601,simulation
1962-08-26,0.00790273,simulation
1962-08-27,0.04324443,simulation
1962-08-28,0.041273605,simulation
1962-08-29,0.006309376,simulation
1962-08-30,0.02726988,simulation
1962-08-31,0.020734774,simulation
1962-09-01,0.028795404,simulation
1962-09-02,0.030293033,simulation
1962-09-03,0.036840655,simulation
1962-09-04,0.042954415,simulation
1962-09-05,0.0071694446,simulation
1962-09-06,0.009961479,simulation
1962-09-07,0.0035348535,simulation
1962-09-08,0.0033964773,simulation
1962-09-09,0.007705887,simulation
1962-09-10,0.01142695,simulation
1962-09-11,0.02486701,simulation
1962-09-12,0.02622949,simulation
1962-09-13,0.032411925,simulation
1962-09-14,0.011308493,simulation
1962-09-15,0.0032197305,simulation
1962-09-16,0.005752071,simulation
1962-09-17,0.008668966,simulation
1962-09-18,0.015081015,simulation
1962-09-19,0.03662526,simulation
1962-09-20,0.040228736,simulation
1962-09-21,0.046931263,simulation
1962-09-22,0.024836347,simulation
1962-09-23,0.030423794,simulation
1962-09-24,0.015324094,simulation
1962-09-25,0.011659828,simulation
1962-09-26,0.0011067183,simulation
1962-09-27,0.023035213,simulation
1962-09-28,0.018800674,simulation
1962-09-29,0.028672032,simulation
1962-09-30,0.028890746,simulation
1962-10-01,0.0012247767,simulation
1962-10-02,0.0027066101,simulation
1962-10-03,0.006328256,simulation
1962-10-04,0.026939401,simulation
1962-10-05,0.019249436,simulation
1962-10-06,0.032819,simulation
1962-10-07,0.0036849498,simulation
1962-10-08,0.001648815,simulation
1962-10-09,0.002640896,simulation
1962-10-10,0.01639486,simulation
1962-10-11,0.008236912,simulation
1962-10-12,0.008108978,simulation
1962-10-13,0.0054813875,simulation
1962-10-14,0.0052950904,simulation
1962-10-15,0.0039026742,simulation
1962-10-16,0.003976767,simulation
1962-10-17,0.0055885287,simulation
1962-10-18,0.013948326,simulation
1962-10-19,0.01667201,simulation
1962-10-20,0.009072624,simulation
1962-10-21,0.0013352352,simulation
1962-10-22,0.00950774,simulation
1962-10-23,0.013964802,simulation
1962-10-24,0.0033990662,simulation
1962-10-25,0.0072365953,simulation
1962-10-26,0.0032355941,simulation
1962-10-27,0.0040084072,simulation
1962-10-28,0.005556455,simulation
1962-10-29,0.0010513646,simulation
1962-10-30,0.0027546645,simulation
1962-10-31,0.013804093,simulation
1962-11-01,0.001061444,simulation
1962-11-02,0.0011907604,simulation
1962-11-03,0.0006868625,simulation
1962-11-04,0.0029996221,simulation
1962-11-05,0.004344792,simulation
1962-11-06,0.0022369071,simulation
1962-11-07,0.00079353753,simulation
1962-11-08,0.0007882257,simulation
1962-11-09,0.004894095,simulation
1962-11-10,0.0039234688,simulation
1962-11-11,0.0036787286,simulation
1962-11-12,0.0024430074,simulation
1962-11-13,0.0055587734,simulation
1962-11-14,0.004289951,simulation
1962-11-15,0.0027614634,simulation
1962-11-16,0.0019604827,simulation
1962-11-17,0.00077938405,simulation
1962-11-18,0.00073733204,simulation
1962-11-19,0.0010680339,simulation
1962-11-20,0.0005515062,simulation
1962-11-21,0.0011357142,simulation
1962-11-22,0.0048630205,simulation
1962-11-23,0.0036366978,simulation
1962-11-24,0.0014669597,simulation
1962-11-25,0.0009447834,simulation
1962-11-26,0.0012782753,simulation
1962-11-27,0.001089918,simulation
1962-11-28,0.001444619,simulation
1962-11-29,0.0006510148,simulation
1962-11-30,0.0020224073,simulation
1962-12-01,0.0018794267,simulation
1962-12-02,0.0024233172,simulation
1962-12-03,0.0020149928,simulation
1962-12-04,0.0017234264,simulation
1962-12-05,0.001942473,simulation
1962-12-06,0.0030437214,simulation
1962-12-07,0.0019761238,simulation
1962-12-08,0.0016972235,simulation
1962-12-09,0.0029767964,simulation
1962-12-10,0.0029423772,simulation
1962-12-11,0.0013099277,simulation
1962-12-12,0.001446602,simulation
1962-12-13,0.0013472025,simulation
1962-12-14,0.0019584736,simulation
1962-12-15,0.00068792887,simulation
1962-12-16,0.00068497134,simulation
1962-12-17,0.00086287025,simulation
1962-12-18,0.00075943995,simulation
1962-12-19,0.00056532637,simulation
1962-12-20,0.00072430086,simulation
1962-12-21,0.0005927832,simulation
1962-12-22,0.00067100866,simulation
1962-12-23,0.0019033576,simulation
1962-12-24,0.0006033535,simulation
1962-12-25,0.0004992519,simulation
1962-12-26,0.00056342856,simulation
1962-12-27,0.000518522,simulation
1962-12-28,0.000526681,simulation
1962-12-29,0.00092047435,simulation
1962-12-30,0.0015338192,simulation
1962-12-31,0.0018794267,simulation
1963-01-01,0.0012473813,simulation
1963-01-02,0.0008441375,simulation
1963-01-03,0.0015611323,simulation
1963-01-04,0.0010268003,simulation
1963-01-05,0.00059165957,simulation
1963-01-06,0.0005370023,simulation
1963-01-07,0.00074872375,simulation
1963-01-08,0.001964843,simulation
1963-01-09,0.0012128459,simulation
1963-01-10,0.002038013,simulation
1963-01-11,0.00059838017,simulation
1963-01-12,0.0005349681,simulation
1963-01-13,0.0006785676,simulation
1963-01-14,0.0007578069,simulation
1963-01-15,0.0011573829,simulation
1963-01-16,0.0014411546,simulation
1963-01-17,0.00064537197,simulation
1963-01-18,0.00050440396,simulation
1963-01-19,0.00047710128,simulation
1963-01-20,0.0005466288,simulation
1963-01-21,0.0016050687,simulation
1963-01-22,0.0017283006,simulation
1963-01-23,0.00075898215,simulation
1963-01-24,0.0013483594,simulation
1963-01-25,0.00097265386,simulation
1963-01-26,0.0008453738,simulation
1963-01-27,0.0015314554,simulation
1963-01-28,0.0018534156,simulation
1963-01-29,0.0007723681,simulation
1963-01-30,0.00053353986,simulation
1963-01-31,0.0006520815,simulation
1963-02-01,0.0008293004,simulation
1963-02-02,0.0012268816,simulation
1963-02-03,0.0044077197,simulation
1963-02-04,0.0017635582,simulation
1963-02-05,0.003989864,simulation
1963-02-06,0.0040768883,simulation
1963-02-07,0.0046061077,simulation
1963-02-08,0.00079449464,simulation
1963-02-09,0.001991377,simulation
1963-02-10,0.0010098151,simulation
1963-02-11,0.0007556561,simulation
1963-02-12,0.0025861952,simulation
1963-02-13,0.003649936,simulation
1963-02-14,0.005886304,simulation
1963-02-15,0.0020903607,simulation
1963-02-16,0.0032287468,simulation
1963-02-17,0.0022682208,simulation
1963-02-18,0.00082410494,simulation
1963-02-19,0.0007123577,simulation
1963-02-20,0.0030383032,simulation
1963-02-21,0.0012147224,simulation
1963-02-22,0.002992502,simulation
1963-02-23,0.0015270005,simulation
1963-02-24,0.0039347364,simulation
1963-02-25,0.0010491975,simulation
1963-02-26,0.0026281206,simulation
1963-02-27,0.0069462294,simulation
1963-02-28,0.003732881,simulation
1963-03-01,0.0010195868,simulation
1963-03-02,0.002871047,simulation
1963-03-03,0.0068374025,simulation
1963-03-04,0.0012177511,simulation
1963-03-05,0.0008401502,simulation
1963-03-06,0.00791247,simulation
1963-03-07,0.009860358,simulation
1963-03-08,0.004245776,simulation
1963-03-09,0.0020472594,simulation
1963-03-10,0.008388686,simulation
1963-03-11,0.0024413436,simulation
1963-03-12,0.0011562901,simulation
1963-03-13,0.012620434,simulation
1963-03-14,0.0016459934,simulation
1963-03-15,0.00417946,simulation
1963-03-16,0.0017576833,simulation
1963-03-17,0.00661638,simulation
1963-03-18,0.0047450005,simulation
1963-03-19,0.0032107397,simulation
1963-03-20,0.033252344,simulation
1963-03-21,0.026323782,simulation
1963-03-22,0.012154189,simulation
1963-03-23,0.01662703,simulation
1963-03-24,0.00861883,simulation
1963-03-25,0.0021290812,simulation
1963-03-26,0.035139486,simulation
1963-03-27,0.026024863,simulation
1963-03-28,0.01860444,simulation
1963-03-29,0.02804938,simulation
1963-03-30,0.032982424,simulation
1963-03-31,0.018645532,simulation
1963-04-01,0.036369845,simulation
1963-04-02,0.027308732,simulation
1963-04-03,0.0065601636,simulation
1963-04-04,0.01789999,simulation
1963-04-05,0.006727418,simulation
1963-04-06,0.0013600935,simulation
1963-04-07,0.003222461,simulation
1963-04-08,0.015502962,simulation
1963-04-09,0.001986959,simulation
1963-04-10,0.010432781,simulation
1963-04-11,0.0022736427,simulation
1963-04-12,0.006192075,simulation
1963-04-13,0.055485275,simulation
1963-04-14,0.032685127,simulation
1963-04-15,0.02125573,simulation
1963-04-16,0.055396263,simulation
1963-04-17,0.050312214,simulation
1963-04-18,0.010065193,simulation
1963-04-19,0.0053435396,simulation
1963-04-20,0.00097357464,simulation
1963-04-21,0.0041507,simulation
1963-04-22,0.015350392,simulation
1963-04-23,0.003809295,simulation
1963-04-24,0.0021469647,simulation
1963-04-25,0.0015285712,simulation
1963-04-26,0.003898397,simulation
1963-04-27,0.0017288922,simulation
1963-04-28,0.0022911578,simulation
1963-04-29,0.009607045,simulation
1963-04-30,0.05501945,simulation
1963-05-01,0.014493403,simulation
1963-05-02,0.009336259,simulation
1963-05-03,0.026452443,simulation
1963-05-04,0.013088398,simulation
1963-05-05,0.024561781,simulation
1963-05-06,0.017894514,simulation
1963-05-07,0.056982916,simulation
1963-05-08,0.054894093,simulation
1963-05-09,0.04849808,simulation
1963-05-10,0.04314762,simulation
1963-05-11,0.043508608,simulation
1963-05-12,0.05612549,simulation
1963-05-13,0.011737477,simulation
1963-05-14,0.022302516,simulation
1963-05-15,0.058158416,simulation
1963-05-16,0.013535669,simulation
1963-05-17,0.032901764,simulation
1963-05-18,0.0064389375,simulation
1963-05-19,0.0043678745,simulation
1963-05-20,0.0038565227,simulation
1963-05-21,0.011074076,simulation
1963-05-22,0.025334235,simulation
1963-05-23,0.043733113,simulation
1963-05-24,0.024542136,simulation
1963-05-25,0.008053972,simulation
1963-05-26,0.013702202,simulation
1963-05-27,0.015899535,simulation
1963-05-28,0.003501232,simulation
1963-05-29,0.022381864,simulation
1963-05-30,0.042383306,simulation
1963-05-31,0.037767597,simulation
1963-06-01,0.11505299,simulation
1963-06-02,0.06678616,simulation
1963-06-03,0.07222855,simulation
1963-06-04,0.056682028,simulation
1963-06-05,0.026881741,simulation
1963-06-06,0.065598086,simulation
1963-06-07,0.09932928,simulation
1963-06-08,0.103294834,simulation
1963-06-09,0.08691229,simulation
1963-06-10,0.01085899,simulation
1963-06-11,0.100287974,simulation
1963-06-12,0.05161892,simulation
1963-06-13,0.0943284,simulation
1963-06-14,0.0770827,simulation
1963-06-15,0.037851505,simulation
1963-06-16,0.052020457,simulation
1963-06-17,0.0009991056,simulation
1963-06-18,0.002390914,simulation
1963-06-19,0.0064871684,simulation
1963-06-20,0.0016946109,simulation
1963-06-21,0.0010455067,simulation
1963-06-22,0.0046301447,simulation
1963-06-23,0.004881806,simulation
1963-06-24,0.0034085733,simulation
1963-06-25,0.013070791,simulation
1963-06-26,0.0071552587,simulation
1963-06-27,0.010005111,simulation
1963-06-28,0.0093636215,simulation
1963-06-29,0.013744393,simulation
1963-06-30,0.010202018,simulation
1963-07-01,0.04225584,simulation
1963-07-02,0.019192658,simulation
1963-07-03,0.012715016,simulation
1963-07-04,0.07601423,simulation
1963-07-05,0.09376526,simulation
1963-07-06,0.08401952,simulation
1963-07-07,0.07829755,simulation
1963-07-08,0.0032650603,simulation
1963-07-09,0.011505016,simulation
1963-07-10,0.06396547,simulation
1963-07-11,0.07008705,simulation
1963-07-12,0.038981553,simulation
1963-07-13,0.0025557808,simulation
1963-07-14,0.003832837,simulation
1963-07-15,0.011737477,simulation
1963-07-16,0.008152303,simulation
1963-07-17,0.017882198,simulation
1963-07-18,0.024839956,simulation
1963-07-19,0.024917575,simulation
1963-07-20,0.08025624,simulation
1963-07-21,0.013686004,simulation
1963-07-22,0.04966963,simulation
1963-07-23,0.0044749156,simulation
1963-07-24,0.010437834,simulation
1963-07-25,0.0015651503,simulation
1963-07-26,0.00466056,simulation
1963-07-27,0.008846965,simulation
1963-07-28,0.021906056,simulation
1963-07-29,0.0133308675,simulation
1963-07-30,0.0064458842,simulation
1963-07-31,0.0021465984,simulation
1963-08-01,0.05245343,simulation
1963-08-02,0.07204287,simulation
1963-08-03,0.060848806,simulation
1963-08-04,0.083662935,simulation
1963-08-05,0.066279605,simulation
1963-08-06,0.07528876,simulation
1963-08-07,0.032489493,simulation
1963-08-08,0.015502962,simulation
1963-08-09,0.017374275,simulation
1963-08-10,0.027010633,simulation
1963-08-11,0.009215548,simulation
1963-08-12,0.04013624,simulation
1963-08-13,0.0062868944,simulation
1963-08-14,0.0011971176,simulation
1963-08-15,0.029990964,simulation
1963-08-16,0.039019354,simulation
1963-08-17,0.04875137,simulation
1963-08-18,0.03777252,simulation
1963-08-19,0.02646762,simulation
1963-08-20,0.0028231582,simulation
1963-08-21,0.027466562,simulation
1963-08-22,0.027731193,simulation
1963-08-23,0.042147167,simulation
1963-08-24,0.05701086,simulation
1963-08-25,0.028097052,simulation
1963-08-26,0.04012597,simulation
1963-08-27,0.03643719,simulation
1963-08-28,0.026902873,simulation
1963-08-29,0.00626293,simulation
1963-08-30,0.01769972,simulation
1963-08-31,0.07322752,simulation
1963-09-01,0.08235303,simulation
1963-09-02,0.06242824,simulation
1963-09-03,0.0287367,simulation
1963-09-04,0.014295772,simulation
1963-09-05,0.010328888,simulation
1963-09-06,0.036562487,simulation
1963-09-07,0.008860685,simulation
1963-09-08,0.063232504,simulation
1963-09-09,0.06571536,simulation
1963-09-10,0.053835306,simulation
1963-09-11,0.039823778,simulation
1963-09-12,0.026524574,simulation
1963-09-13,0.00705321,simulation
1963-09-14,0.0010584375,simulation
1963-09-15,0.000864952,simulation
1963-09-16,0.0012273038,simulation
1963-09-17,0.0012025787,simulation
1963-09-18,0.0016215106,simulation
1963-09-19,0.055669628,simulation
1963-09-20,0.052723043,simulation
1963-09-21,0.025047977,simulation
1963-09-22,0.07753541,simulation
1963-09-23,0.009544093,simulation
1963-09-24,0.012063428,simulation
1963-09-25,0.030133316,simulation
1963-09-26,0.0031442149,simulation
1963-09-27,0.0007897883,simulation
1963-09-28,0.0008625732,simulation
1963-09-29,0.008662595,simulation
1963-09-30,0.031359676,simulation
1963-10-01,0.013410118,simulation
1963-10-02,0.0067894952,simulation
1963-10-03,0.030101877,simulation
1963-10-04,0.04210216,simulation
1963-10-05,0.008897619,simulation
1963-10-06,0.023256466,simulation
1963-10-07,0.028384417,simulation
1963-10-08,0.027074302,simulation
1963-10-09,0.036874622,simulation
1963-10-10,0.031815927,simulation
1963-10-11,0.027060784,simulation
1963-10-12,0.027678115,simulation
1963-10-13,0.027406074,simulation
1963-10-14,0.01599976,simulation
1963-10-15,0.020469148,simulation
1963-10-16,0.01078324,simulation
1963-10-17,0.015731279,simulation
1963-10-18,0.018165905,simulation
1963-10-19,0.022350425,simulation
1963-10-20,0.008419632,simulation
1963-10-21,0.007791228,simulation
1963-10-22,0.0044203363,simulation
1963-10-23,0.004513053,simulation
1963-10-24,0.0018224518,simulation
1963-10-25,0.0011897382,simulation
1963-10-26,0.0035477297,simulation
1963-10-27,0.0015402733,simulation
1963-10-28,0.0094915405,simulation
1963-10-29,0.014172793,simulation
1963-10-30,0.008546584,simulation
1963-10-31,0.015300229,simulation
1963-11-01,0.0017976798,simulation
1963-11-02,0.005774157,simulation
1963-11-03,0.0021028903,simulation
1963-11-04,0.0023060532,simulation
1963-11-05,0.0016098875,simulation
1963-11-06,0.0015410653,simulation
1963-11-07,0.006127081,simulation
1963-11-08,0.0012980653,simulation
1963-11-09,0.0009119607,simulation
1963-11-10,0.0040882397,simulation
1963-11-11,0.006286374,simulation
1963-11-12,0.008672507,simulation
1963-11-13,0.004693924,simulation
1963-11-14,0.002767808,simulation
1963-11-15,0.0021261757,simulation
1963-11-16,0.0074245064,simulation
1963-11-17,0.005994554,simulation
1963-11-18,0.0022956554,simulation
1963-11-19,0.0048764898,simulation
1963-11-20,0.0008086428,simulation
1963-11-21,0.0014111942,simulation
1963-11-22,0.0011285165,simulation
1963-11-23,0.0011258046,simulation
1963-11-24,0.0033809883,simulation
1963-11-25,0.0015142292,simulation
1963-11-26,0.00070557755,simulation
1963-11-27,0.00071870664,simulation
1963-11-28,0.00058089284,simulation
1963-11-29,0.0068680025,simulation
1963-11-30,0.0057305438,simulation
1963-12-01,0.0017102024,simulation
1963-12-02,0.00088140887,simulation
1963-12-03,0.0023617542,simulation
1963-12-04,0.0028528138,simulation
1963-12-05,0.0021594602,simulation
1963-12-06,0.00089864084,simulation
1963-12-07,0.0025505647,simulation
1963-12-08,0.0060005416,simulation
1963-12-09,0.0032306628,simulation
1963-12-10,0.0011421721,simulation
1963-12-11,0.00067054597,simulation
1963-12-12,0.0005704193,simulation
1963-12-13,0.0005191485,simulation
1963-12-14,0.00066113577,simulation
1963-12-15,0.0010286559,simulation
1963-12-16,0.00089201535,simulation
1963-12-17,0.0013435091,simulation
1963-12-18,0.0013010766,simulation
1963-12-19,0.0015902888,simulation
1963-12-20,0.0008197182,simulation
1963-12-21,0.0008608673,simulation
1963-12-22,0.00062759785,simulation
1963-12-23,0.00056659547,simulation
1963-12-24,0.0010607145,simulation
1963-12-25,0.0015950638,simulation
1963-12-26,0.0017907732,simulation
1963-12-27,0.0013767624,simulation
1963-12-28,0.00125846,simulation
1963-12-29,0.0019828891,simulation
1963-12-30,0.0018918398,simulation
1963-12-31,0.00073214236,simulation
1964-01-01,0.0016258212,simulation
1964-01-02,0.0025182036,simulation
1964-01-03,0.0017005684,simulation
1964-01-04,0.00073207915,simulation
1964-01-05,0.0009865547,simulation
1964-01-06,0.0005760542,simulation
1964-01-07,0.0006844403,simulation
1964-01-08,0.00057501195,simulation
1964-01-09,0.0010375374,simulation
1964-01-10,0.0012137837,simulation
1964-01-11,0.0007711715,simulation
1964-01-12,0.0008656224,simulation
1964-01-13,0.0011633635,simulation
1964-01-14,0.0013017466,simulation
1964-01-15,0.0008625732,simulation
1964-01-16,0.0005743185,simulation
1964-01-17,0.0024555244,simulation
1964-01-18,0.0011879004,simulation
1964-01-19,0.0016780095,simulation
1964-01-20,0.008217365,simulation
1964-01-21,0.0029443768,simulation
1964-01-22,0.00083216105,simulation
1964-01-23,0.0005577238,simulation
1964-01-24,0.00086532446,simulation
1964-01-25,0.0017711183,simulation
1964-01-26,0.0034439461,simulation
1964-01-27,0.00086621847,simulation
1964-01-28,0.003457962,simulation
1964-01-29,0.0012445997,simulation
1964-01-30,0.0014109515,simulation
1964-01-31,0.0012895149,simulation
1964-02-01,0.004208769,simulation
1964-02-02,0.0011059578,simulation
1964-02-03,0.0029483787,simulation
1964-02-04,0.0012086874,simulation
1964-02-05,0.0018762159,simulation
1964-02-06,0.0013339752,simulation
1964-02-07,0.0009588656,simulation
1964-02-08,0.0035987825,simulation
1964-02-09,0.0059890724,simulation
1964-02-10,0.005273008,simulation
1964-02-11,0.0037699435,simulation
1964-02-12,0.0014859447,simulation
1964-02-13,0.0006518567,simulation
1964-02-14,0.0022599185,simulation
1964-02-15,0.0018819992,simulation
1964-02-16,0.0021480643,simulation
1964-02-17,0.0021857854,simulation
1964-02-18,0.00054418243,simulation
1964-02-19,0.002306249,simulation
1964-02-20,0.0023141275,simulation
1964-02-21,0.0006709507,simulation
1964-02-22,0.0020855474,simulation
1964-02-23,0.0030564002,simulation
1964-02-24,0.002226057,simulation
1964-02-25,0.0006205504,simulation
1964-02-26,0.00061115396,simulation
1964-02-27,0.0005402078,simulation
1964-02-28,0.0055066077,simulation
1964-02-29,0.0014827637,simulation
1964-03-01,0.0008026774,simulation
1964-03-02,0.0009776865,simulation
1964-03-03,0.0018907076,simulation
1964-03-04,0.0020395804,simulation
1964-03-05,0.011454443,simulation
1964-03-06,0.010564863,simulation
1964-03-07,0.0011692746,simulation
1964-03-08,0.0037136986,simulation
1964-03-09,0.001823699,simulation
1964-03-10,0.003908275,simulation
1964-03-11,0.0046951063,simulation
1964-03-12,0.016138017,simulation
1964-03-13,0.0022315704,simulation
1964-03-14,0.0009546687,simulation
1964-03-15,0.0034462789,simulation
1964-03-16,0.0049212356,simulation
1964-03-17,0.017438408,simulation
1964-03-18,0.0041527986,simulation
1964-03-19,0.002135269,simulation
1964-03-20,0.009910799,simulation
1964-03-21,0.0019195327,simulation
1964-03-22,0.008348275,simulation
1964-03-23,0.0021102645,simulation
1964-03-24,0.0013830353,simulation
1964-03-25,0.0017756704,simulation
1964-03-26,0.0050161197,simulation
1964-03-27,0.014718798,simulation
1964-03-28,0.0020101785,simulation
1964-03-29,0.009631242,simulation
1964-03-30,0.010533399,simulation
1964-03-31,0.014894849,simulation
1964-04-01,0.005569914,simulation
1964-04-02,0.003569393,simulation
1964-04-03,0.0015177372,simulation
1964-04-04,0.005131196,simulation
1964-04-05,0.0010137298,simulation
1964-04-06,0.0022346177,simulation
1964-04-07,0.0015729468,simulation
1964-04-08,0.0040830765,simulation
1964-04-09,0.016997708,simulation
1964-04-10,0.025113387,simulation
1964-04-11,0.036765523,simulation
1964-04-12,0.0013817308,simulation
1964-04-13,0.00097340724,simulation
1964-04-14,0.0036598183,simulation
1964-04-15,0.049759917,simulation
1964-04-16,0.06011181,simulation
1964-04-17,0.010734738,simulation
1964-04-18,0.0036595082,simulation
1964-04-19,0.025551118,simulation
1964-04-20,0.023672976,simulation
1964-04-21,0.004750178,simulation
1964-04-22,0.0017970649,simulation
1964-04-23,0.017092166,simulation
1964-04-24,0.002556433,simulation
1964-04-25,0.0017172422,simulation
1964-04-26,0.0011351289,simulation
1964-04-27,0.07804129,simulation
1964-04-28,0.0101732,simulation
1964-04-29,0.030561335,simulation
1964-04-30,0.0043102102,simulation
1964-05-01,0.008662595,simulation
1964-05-02,0.015300229,simulation
1964-05-03,0.046598837,simulation
1964-05-04,0.01746787,simulation
1964-05-05,0.048128054,simulation
1964-05-06,0.008249065,simulation
1964-05-07,0.035938952,simulation
1964-05-08,0.008150969,simulation
1964-05-09,0.005681088,simulation
1964-05-10,0.0056631193,simulation
1964-05-11,0.009315785,simulation
1964-05-12,0.0011465962,simulation
1964-05-13,0.08389079,simulation
1964-05-14,0.06287824,simulation
1964-05-15,0.039029445,simulation
1964-05-16,0.08077106,simulation
1964-05-17,0.084962316,simulation
1964-05-18,0.09236201,simulation
1964-05-19,0.06838991,simulation
1964-05-20,0.08724916,simulation
1964-05-21,0.051032797,simulation
1964-05-22,0.01538032,simulation
1964-05-23,0.0030080334,simulation
1964-05-24,0.009079279,simulation
1964-05-25,0.06631553,simulation
1964-05-26,0.091343395,simulation
1964-05-27,0.06805473,simulation
1964-05-28,0.01114724,simulation
1964-05-29,0.014812381,simulation
1964-05-30,0.0020110374,simulation
1964-05-31,0.0009947332,simulation
1964-06-01,0.0015557918,simulation
1964-06-02,0.05968126,simulation
1964-06-03,0.061342932,simulation
1964-06-04,0.006523299,simulation
1964-06-05,0.09381597,simulation
1964-06-06,0.023614088,simulation
1964-06-07,0.054190233,simulation
1964-06-08,0.10910996,simulation
1964-06-09,0.041556504,simulation
1964-06-10,0.013828039,simulation
1964-06-11,0.042327512,simulation
1964-06-12,0.06784131,simulation
1964-06-13,0.046091523,simulation
1964-06-14,0.049002483,simulation
1964-06-15,0.03507616,simulation
1964-06-16,0.003088456,simulation
1964-06-17,0.04649208,simulation
1964-06-18,0.034814354,simulation
1964-06-19,0.045862738,simulation
1964-06-20,0.05295423,simulation
1964-06-21,0.080465525,simulation
1964-06-22,0.035280485,simulation
1964-06-23,0.048736952,simulation
1964-06-24,0.012937866,simulation
1964-06-25,0.022795524,simulation
1964-06-26,0.010989872,simulation
1964-06-27,0.0045092637,simulation
1964-06-28,0.002121281,simulation
1964-06-29,0.008197189,simulation
1964-06-30,0.0021319906,simulation
1964-07-01,0.007521738,simulation
1964-07-02,0.0067866873,simulation
1964-07-03,0.0010351323,simulation
1964-07-04,0.011460871,simulation
1964-07-05,0.06484693,simulation
1964-07-06,0.061346103,simulation
1964-07-07,0.07705275,simulation
1964-07-08,0.069186464,simulation
1964-07-09,0.0017516774,simulation
1964-07-10,0.006264491,simulation
1964-07-11,0.0044786767,simulation
1964-07-12,0.0026388748,simulation
1964-07-13,0.004522921,simulation
1964-07-14,0.05290014,simulation
1964-07-15,0.014815858,simulation
1964-07-16,0.029942924,simulation
1964-07-17,0.07462675,simulation
1964-07-18,0.05558971,simulation
1964-07-19,0.04239127,simulation
1964-07-20,0.019877516,simulation
1964-07-21,0.06196967,simulation
1964-07-22,0.017641509,simulation
1964-07-23,0.032636136,simulation
1964-07-24,0.028996503,simulation
1964-07-25,0.044959657,simulation
1964-07-26,0.045940787,simulation
1964-07-27,0.031691603,simulation
1964-07-28,0.010091279,simulation
1964-07-29,0.0042672683,simulation
1964-07-30,0.0029826134,simulation
1964-07-31,0.0058234213,simulation
1964-08-01,0.0052234298,simulation
1964-08-02,0.00653412,simulation
1964-08-03,0.02505342,simulation
1964-08-04,0.038454935,simulation
1964-08-05,0.007999974,simulation
1964-08-06,0.021731032,simulation
1964-08-07,0.032202065,simulation
1964-08-08,0.005311045,simulation
1964-08-09,0.02737295,simulation
1964-08-10,0.009161705,simulation
1964-08-11,0.0073885047,simulation
1964-08-12,0.0026102937,simulation
1964-08-13,0.009942144,simulation
1964-08-14,0.012312076,simulation
1964-08-15,0.0062090717,simulation
1964-08-16,0.0025714908,simulation
1964-08-17,0.0015553924,simulation
1964-08-18,0.006067276,simulation
1964-08-19,0.02638427,simulation
1964-08-20,0.040978897,simulation
1964-08-21,0.020512193,simulation
1964-08-22,0.0034776188,simulation
1964-08-23,0.0023439068,simulation
1964-08-24,0.0089719165,simulation
1964-08-25,0.0049701235,simulation
1964-08-26,0.004097896,simulation
1964-08-27,0.053038422,simulation
1964-08-28,0.04849808,simulation
1964-08-29,0.045023028,simulation
1964-08-30,0.045832098,simulation
1964-08-31,0.03964268,simulation
1964-09-01,0.053935315,simulation
1964-09-02,0.08936528,simulation
1964-09-03,0.07191357,simulation
1964-09-04,0.036867328,simulation
1964-09-05,0.030599505,simulation
1964-09-06,0.0031874224,simulation
1964-09-07,0.0016410677,simulation
1964-09-08,0.032356605,simulation
1964-09-09,0.07331387,simulation
1964-09-10,0.0074055693,simulation
1964-09-11,0.01453322,simulation
1964-09-12,0.021067752,simulation
1964-09-13,0.06568929,simulation
1964-09-14,0.047816593,simulation
1964-09-15,0.02129381,simulation
1964-09-16,0.008687394,simulation
1964-09-17,0.0014502035,simulation
1964-09-18,0.001655605,simulation
1964-09-19,0.0031084276,simulation
1964-09-20,0.00727729,simulation
1964-09-21,0.037137322,simulation
1964-09-22,0.040848922,simulation
1964-09-23,0.032736402,simulation
1964-09-24,0.04272968,simulation
1964-09-25,0.012189115,simulation
1964-09-26,0.025042534,simulation
1964-09-27,0.005884835,simulation
1964-09-28,0.00091282435,simulation
1964-09-29,0.00074730645,simulation
1964-09-30,0.0008457378,simulation
1964-10-01,0.0016843422,simulation
1964-10-02,0.001020025,simulation
1964-10-03,0.001094141,simulation
1964-10-04,0.0011247414,simulation
1964-10-05,0.03577473,simulation
1964-10-06,0.017815283,simulation
1964-10-07,0.011902757,simulation
1964-10-08,0.013582759,simulation
1964-10-09,0.010692464,simulation
1964-10-10,0.014487723,simulation
1964-10-11,0.011965639,simulation
1964-10-12,0.0072515314,simulation
1964-10-13,0.0021247235,simulation
1964-10-14,0.0007624544,simulation
1964-10-15,0.00095664134,simulation
1964-10-16,0.010656353,simulation
1964-10-17,0.013891347,simulation
1964-10-18,0.0076308413,simulation
1964-10-19,0.0062338747,simulation
1964-10-20,0.009551068,simulation
1964-10-21,0.012355281,simulation
1964-10-22,0.011892304,simulation
1964-10-23,0.015110477,simulation
1964-10-24,0.010070079,simulation
1964-10-25,0.009405571,simulation
1964-10-26,0.0052330475,simulation
1964-10-27,0.0020651694,simulation
1964-10-28,0.000932029,simulation
1964-10-29,0.0038649929,simulation
1964-10-30,0.008515897,simulation
1964-10-31,0.0048932745,simulation
1964-11-01,0.004072768,simulation
1964-11-02,0.0059940564,simulation
1964-11-03,0.0059756353,simulation
1964-11-04,0.0016184587,simulation
1964-11-05,0.0020827004,simulation
1964-11-06,0.003509237,simulation
1964-11-07,0.001168873,simulation
1964-11-08,0.0032598085,simulation
1964-11-09,0.003605786,simulation
1964-11-10,0.005133773,simulation
1964-11-11,0.0030753855,simulation
1964-11-12,0.0022199894,simulation
1964-11-13,0.004829304,simulation
1964-11-14,0.001275754,simulation
1964-11-15,0.0043601664,simulation
1964-11-16,0.0026711677,simulation
1964-11-17,0.0022522218,simulation
1964-11-18,0.0015651503,simulation
1964-11-19,0.0010553489,simulation
1964-11-20,0.0007277409,simulation
1964-11-21,0.0035588462,simulation
1964-11-22,0.0013592767,simulation
1964-11-23,0.0009928527,simulation
1964-11-24,0.0005847622,simulation
1964-11-25,0.0013323739,simulation
1964-11-26,0.0024618064,simulation
1964-11-27,0.0013308884,simulation
1964-11-28,0.0014068438,simulation
1964-11-29,0.0030403656,simulation
1964-11-30,0.0031253435,simulation
1964-12-01,0.002589498,simulation
1964-12-02,0.0020600613,simulation
1964-12-03,0.0015319803,simulation
1964-12-04,0.00080607086,simulation
1964-12-05,0.00086592033,simulation
1964-12-06,0.0011441362,simulation
1964-12-07,0.0009303466,simulation
1964-12-08,0.0014773085,simulation
1964-12-09,0.0011991754,simulation
1964-12-10,0.0012497393,simulation
1964-12-11,0.0005660095,simulation
1964-12-12,0.00077463314,simulation
1964-12-13,0.00062538404,simulation
1964-12-14,0.0020706432,simulation
1964-12-15,0.0019373326,simulation
1964-12-16,0.0025270085,simulation
1964-12-17,0.00086502655,simulation
1964-12-18,0.0016358765,simulation
1964-12-19,0.0008844483,simulation
1964-12-20,0.0004780075,simulation
1964-12-21,0.0004735331,simulation
1964-12-22,0.00064648536,simulation
1964-12-23,0.0012097257,simulation
1964-12-24,0.0023653796,simulation
1964-12-25,0.0013896946,simulation
1964-12-26,0.0007804586,simulation
1964-12-27,0.0005932947,simulation
1964-12-28,0.0012561932,simulation
1964-12-29,0.00081038533,simulation
1964-12-30,0.00091368833,simulation
1964-12-31,0.00091573485,simulation
1965-01-01,0.001506721,simulation
1965-01-02,0.0009018945,simulation
1965-01-03,0.00084690336,simulation
1965-01-04,0.0020925042,simulation
1965-01-05,0.0016622815,simulation
1965-01-06,0.0010734635,simulation
1965-01-07,0.0016021843,simulation
1965-01-08,0.0013634815,simulation
1965-01-09,0.0011372763,simulation
1965-01-10,0.0006362036,simulation
1965-01-11,0.0016754259,simulation
1965-01-12,0.0014233476,simulation
1965-01-13,0.0006643913,simulation
1965-01-14,0.0018596058,simulation
1965-01-15,0.0006503978,simulation
1965-01-16,0.0016172114,simulation
1965-01-17,0.0017315574,simulation
1965-01-18,0.0020029799,simulation
1965-01-19,0.0018921632,simulation
1965-01-20,0.00084486476,simulation
1965-01-21,0.0016452892,simulation
1965-01-22,0.0011643631,simulation
1965-01-23,0.00068208505,simulation
1965-01-24,0.0016781535,simulation
1965-01-25,0.005247504,simulation
1965-01-26,0.0060310615,simulation
1965-01-27,0.002566244,simulation
1965-01-28,0.0040896176,simulation
1965-01-29,0.0034500705,simulation
1965-01-30,0.001196912,simulation
1965-01-31,0.0014901538,simulation
1965-02-01,0.00074319815,simulation
1965-02-02,0.0023545194,simulation
1965-02-03,0.0011470891,simulation
1965-02-04,0.0015242546,simulation
1965-02-05,0.0015908339,simulation
1965-02-06,0.0007529274,simulation
1965-02-07,0.0005393232,simulation
1965-02-08,0.00068396865,simulation
1965-02-09,0.0019370015,simulation
1965-02-10,0.00076357165,simulation
1965-02-11,0.0017358601,simulation
1965-02-12,0.0010184477,simulation
1965-02-13,0.0014046738,simulation
1965-02-14,0.0025255037,simulation
1965-02-15,0.0016951902,simulation
1965-02-16,0.0007180257,simulation
1965-02-17,0.0005766508,simulation
1965-02-18,0.004949351,simulation
1965-02-19,0.0052016354,simulation
1965-02-20,0.002971747,simulation
1965-02-21,0.00348616,simulation
1965-02-22,0.0022612675,simulation
1965-02-23,0.0040542777,simulation
1965-02-24,0.0007378403,simulation
1965-02-25,0.003959702,simulation
1965-02-26,0.0055759572,simulation
1965-02-27,0.0039003706,simulation
1965-02-28,0.0012605144,simulation
1965-03-01,0.0010179224,simulation
1965-03-02,0.0008020555,simulation
1965-03-03,0.00060361344,simulation
1965-03-04,0.0017462892,simulation
1965-03-05,0.0021454995,simulation
1965-03-06,0.0011950633,simulation
1965-03-07,0.00093814253,simulation
1965-03-08,0.0047845654,simulation
1965-03-09,0.0018575403,simulation
1965-03-10,0.001429586,simulation
1965-03-11,0.0009608469,simulation
1965-03-12,0.0005238266,simulation
1965-03-13,0.0010033242,simulation
1965-03-14,0.006645488,simulation
1965-03-15,0.004702202,simulation
1965-03-16,0.008225448,simulation
1965-03-17,0.0020825225,simulation
1965-03-18,0.0050850324,simulation
1965-03-19,0.0027845614,simulation
1965-03-20,0.007786748,simulation
1965-03-21,0.004347351,simulation
1965-03-22,0.016953267,simulation
1965-03-23,0.0009999645,simulation
1965-03-24,0.00530927,simulation
1965-03-25,0.0012326896,simulation
1965-03-26,0.0006536007,simulation
1965-03-27,0.00068988785,simulation
1965-03-28,0.0028035564,simulation
1965-03-29,0.0010106837,simulation
1965-03-30,0.0006100482,simulation
1965-03-31,0.0034708583,simulation
1965-04-01,0.012654572,simulation
1965-04-02,0.00291651,simulation
1965-04-03,0.0011882064,simulation
1965-04-04,0.0041928547,simulation
1965-04-05,0.0032509828,simulation
1965-04-06,0.0025492634,simulation
1965-04-07,0.0028380686,simulation
1965-04-08,0.0033453968,simulation
1965-04-09,0.002979324,simulation
1965-04-10,0.002230239,simulation
1965-04-11,0.0038195977,simulation
1965-04-12,0.0031423494,simulation
1965-04-13,0.018421207,simulation
1965-04-14,0.0051410794,simulation
1965-04-15,0.0016300031,simulation
1965-04-16,0.050186276,simulation
1965-04-17,0.04801363,simulation
1965-04-18,0.02060314,simulation
1965-04-19,0.0052483827,simulation
1965-04-20,0.0035033056,simulation
1965-04-21,0.050802823,simulation
1965-04-22,0.034336433,simulation
1965-04-23,0.026450558,simulation
1965-04-24,0.043928437,simulation
1965-04-25,0.0039165253,simulation
1965-04-26,0.0023121557,simulation
1965-04-27,0.0009259551,simulation
1965-04-28,0.010037548,simulation
1965-04-29,0.0403394,simulation
1965-04-30,0.04480559,simulation
1965-05-01,0.057817563,simulation
1965-05-02,0.06516206,simulation
1965-05-03,0.04832004,simulation
1965-05-04,0.04430972,simulation
1965-05-05,0.017548444,simulation
1965-05-06,0.011993371,simulation
1965-05-07,0.039813578,simulation
1965-05-08,0.022561232,simulation
1965-05-09,0.0110376645,simulation
1965-05-10,0.013185111,simulation
1965-05-11,0.0073690475,simulation
1965-05-12,0.04797076,simulation
1965-05-13,0.010094544,simulation
1965-05-14,0.007314588,simulation
1965-05-15,0.03064621,simulation
1965-05-16,0.0070777144,simulation
1965-05-17,0.008346225,simulation
1965-05-18,0.009236567,simulation
1965-05-19,0.005062101,simulation
1965-05-20,0.0024320022,simulation
1965-05-21,0.0026198607,simulation
1965-05-22,0.0012619222,simulation
1965-05-23,0.0032309368,simulation
1965-05-24,0.013543149,simulation
1965-05-25,0.06466841,simulation
1965-05-26,0.021157611,simulation
1965-05-27,0.0028886576,simulation
1965-05-28,0.0017655203,simulation
1965-05-29,0.03550927,simulation
1965-05-30,0.09232688,simulation
1965-05-31,0.044083443,simulation
1965-06-01,0.10516806,simulation
1965-06-02,0.03272748,simulation
1965-06-03,0.06467166,simulation
1965-06-04,0.040765878,simulation
1965-06-05,0.036118064,simulation
1965-06-06,0.003229842,simulation
1965-06-07,0.001772786,simulation
1965-06-08,0.019795265,simulation
1965-06-09,0.03801228,simulation
1965-06-10,0.0013136425,simulation
1965-06-11,0.0028159716,simulation
1965-06-12,0.008155647,simulation
1965-06-13,0.036881898,simulation
1965-06-14,0.004159448,simulation
1965-06-15,0.0034471527,simulation
1965-06-16,0.016205654,simulation
1965-06-17,0.0063371896,simulation
1965-06-18,0.01600721,simulation
1965-06-19,0.0984089,simulation
1965-06-20,0.08143153,simulation
1965-06-21,0.07573134,simulation
1965-06-22,0.10567061,simulation
1965-06-23,0.023045385,simulation
1965-06-24,0.0054553696,simulation
1965-06-25,0.046021707,simulation
1965-06-26,0.062460348,simulation
1965-06-27,0.0030803466,simulation
1965-06-28,0.013702202,simulation
1965-06-29,0.03745032,simulation
1965-06-30,0.043754794,simulation
1965-07-01,0.009984889,simulation
1965-07-02,0.06515232,simulation
1965-07-03,0.057658356,simulation
1965-07-04,0.029974246,simulation
1965-07-05,0.011842066,simulation
1965-07-06,0.018138194,simulation
1965-07-07,0.0061592404,simulation
1965-07-08,0.010124793,simulation
1965-07-09,0.016773922,simulation
1965-07-10,0.00412352,simulation
1965-07-11,0.031982254,simulation
1965-07-12,0.055700373,simulation
1965-07-13,0.022093724,simulation
1965-07-14,0.009349172,simulation
1965-07-15,0.013086325,simulation
1965-07-16,0.0054408126,simulation
1965-07-17,0.016094308,simulation
1965-07-18,0.063991345,simulation
1965-07-19,0.05118049,simulation
1965-07-20,0.028392434,simulation
1965-07-21,0.04227441,simulation
1965-07-22,0.016143022,simulation
1965-07-23,0.0042529283,simulation
1965-07-24,0.0026887176,simulation
1965-07-25,0.010317219,simulation
1965-07-26,0.024939267,simulation
1965-07-27,0.0050769527,simulation
1965-07-28,0.008604054,simulation
1965-07-29,0.0018157616,simulation
1965-07-30,0.029325828,simulation
1965-07-31,0.03570111,simulation
1965-08-01,0.005887285,simulation
1965-08-02,0.039747197,simulation
1965-08-03,0.011313935,simulation
1965-08-04,0.0033519182,simulation
1965-08-05,0.011992414,simulation
1965-08-06,0.0032606372,simulation
1965-08-07,0.0073103663,simulation
1965-08-08,0.0033807014,simulation
1965-08-09,0.014045235,simulation
1965-08-10,0.0067224083,simulation
1965-08-11,0.013040797,simulation
1965-08-12,0.003046046,simulation
1965-08-13,0.0023848105,simulation
1965-08-14,0.016001001,simulation
1965-08-15,0.052399576,simulation
1965-08-16,0.049390603,simulation
1965-08-17,0.004970956,simulation
1965-08-18,0.014177245,simulation
1965-08-19,0.0066130953,simulation
1965-08-20,0.0119704185,simulation
1965-08-21,0.0036666272,simulation
1965-08-22,0.0031621247,simulation
1965-08-23,0.00957591,simulation
1965-08-24,0.006409632,simulation
1965-08-25,0.013439817,simulation
1965-08-26,0.02764472,simulation
1965-08-27,0.036024857,simulation
1965-08-28,0.0081516355,simulation
1965-08-29,0.029575216,simulation
1965-08-30,0.031303532,simulation
1965-08-31,0.0238678,simulation
1965-09-01,0.021571616,simulation
1965-09-02,0.0071275565,simulation
1965-09-03,0.004231861,simulation
1965-09-04,0.0027567733,simulation
1965-09-05,0.004749382,simulation
1965-09-06,0.03137049,simulation
1965-09-07,0.064681396,simulation
1965-09-08,0.060880627,simulation
1965-09-09,0.025564028,simulation
1965-09-10,0.0017033365,simulation
1965-09-11,0.0021265387,simulation
1965-09-12,0.0045020706,simulation
1965-09-13,0.024300307,simulation
1965-09-14,0.041323274,simulation
1965-09-15,0.033938706,simulation
1965-09-16,0.0219207,simulation
1965-09-17,0.012257287,simulation
1965-09-18,0.012421336,simulation
1965-09-19,0.008759325,simulation
1965-09-20,0.0037432986,simulation
1965-09-21,0.007208591,simulation
1965-09-22,0.0039593684,simulation
1965-09-23,0.00091117644,simulation
1965-09-24,0.002187651,simulation
1965-09-25,0.012929665,simulation
1965-09-26,0.0021638873,simulation
1965-09-27,0.0028771493,simulation
1965-09-28,0.0047382396,simulation
1965-09-29,0.0008165483,simulation
1965-09-30,0.0012989567,simulation
1965-10-01,0.0012049563,simulation
1965-10-02,0.00460572,simulation
1965-10-03,0.0033587357,simulation
1965-10-04,0.0015923338,simulation
1965-10-05,0.001487091,simulation
1965-10-06,0.00082304166,simulation
1965-10-07,0.0024930297,simulation
1965-10-08,0.021742342,simulation
1965-10-09,0.015936594,simulation
1965-10-10,0.022020128,simulation
1965-10-11,0.0026094054,simulation
1965-10-12,0.0011577806,simulation
1965-10-13,0.011279509,simulation
1965-10-14,0.01639739,simulation
1965-10-15,0.0030244144,simulation
1965-10-16,0.010976628,simulation
1965-10-17,0.014193967,simulation
1965-10-18,0.014465023,simulation
1965-10-19,0.0010870182,simulation
1965-10-20,0.0015591279,simulation
1965-10-21,0.011526225,simulation
1965-10-22,0.0010793846,simulation
1965-10-23,0.011948461,simulation
1965-10-24,0.011754378,simulation
1965-10-25,0.005512125,simulation
1965-10-26,0.0058740666,simulation
1965-10-27,0.007334512,simulation
1965-10-28,0.007356913,simulation
1965-10-29,0.007060203,simulation
1965-10-30,0.005357396,simulation
1965-10-31,0.0060879914,simulation
1965-11-01,0.009638276,simulation
1965-11-02,0.002548396,simulation
1965-11-03,0.0011867785,simulation
1965-11-04,0.0010349539,simulation
1965-11-05,0.0008777,simulation
1965-11-06,0.000863836,simulation
1965-11-07,0.0025965592,simulation
1965-11-08,0.0024974917,simulation
1965-11-09,0.00069813954,simulation
1965-11-10,0.0007683215,simulation
1965-11-11,0.0015373728,simulation
1965-11-12,0.00062489894,simulation
1965-11-13,0.0010959292,simulation
1965-11-14,0.0030182614,simulation
1965-11-15,0.0014978364,simulation
1965-11-16,0.0011965011,simulation
1965-11-17,0.0046797646,simulation
1965-11-18,0.0017569311,simulation
1965-11-19,0.0009887633,simulation
1965-11-20,0.0011395258,simulation
1965-11-21,0.0014827637,simulation
1965-11-22,0.0036734492,simulation
1965-11-23,0.0007721688,simulation
1965-11-24,0.001852464,simulation
1965-11-25,0.0016793029,simulation
1965-11-26,0.0046899864,simulation
1965-11-27,0.004471156,simulation
1965-11-28,0.0007602905,simulation
1965-11-29,0.0019062882,simulation
1965-11-30,0.00200589,simulation
1965-12-01,0.0014648238,simulation
1965-12-02,0.0015028522,simulation
1965-12-03,0.0005823973,simulation
1965-12-04,0.0029127982,simulation
1965-12-05,0.0014467266,simulation
1965-12-06,0.0040013185,simulation
1965-12-07,0.0026125154,simulation
1965-12-08,0.0017427069,simulation
1965-12-09,0.0008496781,simulation
1965-12-10,0.0015336882,simulation
1965-12-11,0.0011293892,simulation
1965-12-12,0.00089956913,simulation
1965-12-13,0.0016917115,simulation
1965-12-14,0.0005429636,simulation
1965-12-15,0.00049121975,simulation
1965-12-16,0.00048127698,simulation
1965-12-17,0.00054165383,simulation
1965-12-18,0.00048881,simulation
1965-12-19,0.00088841456,simulation
1965-12-20,0.0016367172,simulation
1965-12-21,0.0016940299,simulation
1965-12-22,0.0012985108,simulation
1965-12-23,0.0018145198,simulation
1965-12-24,0.0008619055,simulation
1965-12-25,0.001282121,simulation
1965-12-26,0.0016137523,simulation
1965-12-27,0.0012156612,simulation
1965-12-28,0.000812971,simulation
1965-12-29,0.0018296352,simulation
1965-12-30,0.0012549,simulation
1965-12-31,0.0012797025,simulation
1966-01-01,0.0009011962,simulation
1966-01-02,0.00069645746,simulation
1966-01-03,0.0007756342,simulation
1966-01-04,0.00067477766,simulation
1966-01-05,0.00047862684,simulation
1966-01-06,0.0018392054,simulation
1966-01-07,0.0012692005,simulation
1966-01-08,0.0023429089,simulation
1966-01-09,0.001991377,simulation
1966-01-10,0.00089864084,simulation
1966-01-11,0.0020939338,simulation
1966-01-12,0.0013432787,simulation
1966-01-13,0.0005478555,simulation
1966-01-14,0.0004732878,simulation
1966-01-15,0.0005068028,simulation
1966-01-16,0.0014462305,simulation
1966-01-17,0.0014229813,simulation
1966-01-18,0.00091754884,simulation
1966-01-19,0.0010775309,simulation
1966-01-20,0.0006377959,simulation
1966-01-21,0.0007790485,simulation
1966-01-22,0.00056231185,simulation
1966-01-23,0.001084033,simulation
1966-01-24,0.0007277409,simulation
1966-01-25,0.00051910384,simulation
1966-01-26,0.0007239266,simulation
1966-01-27,0.00143499,simulation
1966-01-28,0.0012077534,simulation
1966-01-29,0.0008101063,simulation
1966-01-30,0.0012688739,simulation
1966-01-31,0.0010306033,simulation
1966-02-01,0.0035223207,simulation
1966-02-02,0.000854445,simulation
1966-02-03,0.0015350028,simulation
1966-02-04,0.0020277693,simulation
1966-02-05,0.00194979,simulation
1966-02-06,0.001643036,simulation
1966-02-07,0.0023783154,simulation
1966-02-08,0.0022529904,simulation
1966-02-09,0.0017216576,simulation
1966-02-10,0.0006052809,simulation
1966-02-11,0.0007463414,simulation
1966-02-12,0.0005543195,simulation
1966-02-13,0.001992909,simulation
1966-02-14,0.0014211526,simulation
1966-02-15,0.0005351527,simulation
1966-02-16,0.0005122532,simulation
1966-02-17,0.0032830872,simulation
1966-02-18,0.00090360374,simulation
1966-02-19,0.0038718467,simulation
1966-02-20,0.004406979,simulation
1966-02-21,0.0060879914,simulation
1966-02-22,0.0018941052,simulation
1966-02-23,0.0011806785,simulation
1966-02-24,0.0005465815,simulation
1966-02-25,0.002970234,simulation
1966-02-26,0.0011327909,simulation
1966-02-27,0.00055008096,simulation
1966-02-28,0.0007716371,simulation
1966-03-01,0.0052783005,simulation
1966-03-02,0.0016912777,simulation
1966-03-03,0.0007105798,simulation
1966-03-04,0.0050304183,simulation
1966-03-05,0.010001875,simulation
1966-03-06,0.0072181127,simulation
1966-03-07,0.0037645365,simulation
1966-03-08,0.0018190261,simulation
1966-03-09,0.007784827,simulation
1966-03-10,0.013344573,simulation
1966-03-11,0.011011974,simulation
1966-03-12,0.0015270005,simulation
1966-03-13,0.0007086237,simulation
1966-03-14,0.0008624247,simulation
1966-03-15,0.0011122478,simulation
1966-03-16,0.003557342,simulation
1966-03-17,0.0022641623,simulation
1966-03-18,0.0020474338,simulation
1966-03-19,0.015655654,simulation
1966-03-20,0.0055084457,simulation
1966-03-21,0.006065763,simulation
1966-03-22,0.005475443,simulation
1966-03-23,0.0011327909,simulation
1966-03-24,0.010008351,simulation
1966-03-25,0.0016375582,simulation
1966-03-26,0.0038636876,simulation
1966-03-27,0.012199803,simulation
1966-03-28,0.0022508772,simulation
1966-03-29,0.0008543717,simulation
1966-03-30,0.01848164,simulation
1966-03-31,0.05406877,simulation
1966-04-01,0.059871063,simulation
1966-04-02,0.03532521,simulation
1966-04-03,0.0022680268,simulation
1966-04-04,0.016173061,simulation
1966-04-05,0.017908208,simulation
1966-04-06,0.012327771,simulation
1966-04-07,0.020323673,simulation
1966-04-08,0.018625686,simulation
1966-04-09,0.052540217,simulation
1966-04-10,0.027684003,simulation
1966-04-11,0.0072395788,simulation
1966-04-12,0.004718405,simulation
1966-04-13,0.00807249,simulation
1966-04-14,0.00086898124,simulation
1966-04-15,0.01285911,simulation
1966-04-16,0.025481114,simulation
1966-04-17,0.04317718,simulation
1966-04-18,0.0011565877,simulation
1966-04-19,0.0016067192,simulation
1966-04-20,0.007122264,simulation
1966-04-21,0.00082403416,simulation
1966-04-22,0.001444619,simulation
1966-04-23,0.0037290996,simulation
1966-04-24,0.0015986203,simulation
1966-04-25,0.0015579258,simulation
1966-04-26,0.0020736514,simulation
1966-04-27,0.009125977,simulation
1966-04-28,0.003770899,simulation
1966-04-29,0.0029289187,simulation
1966-04-30,0.006171533,simulation
1966-05-01,0.0018642227,simulation
1966-05-02,0.0008254541,simulation
1966-05-03,0.0029861594,simulation
1966-05-04,0.0034873406,simulation
1966-05-05,0.0038464472,simulation
1966-05-06,0.0011972206,simulation
1966-05-07,0.0054731574,simulation
1966-05-08,0.022362001,simulation
1966-05-09,0.064522475,simulation
1966-05-10,0.064980075,simulation
1966-05-11,0.006681906,simulation
1966-05-12,0.0021735106,simulation
1966-05-13,0.0012268816,simulation
1966-05-14,0.002238052,simulation
1966-05-15,0.028514879,simulation
1966-05-16,0.0096078245,simulation
1966-05-17,0.002118747,simulation
1966-05-18,0.0026406709,simulation
1966-05-19,0.0010934828,simulation
1966-05-20,0.0028186038,simulation
1966-05-21,0.0015215138,simulation
1966-05-22,0.03174391,simulation
1966-05-23,0.03419352,simulation
1966-05-24,0.0031000033,simulation
1966-05-25,0.0056777727,simulation
1966-05-26,0.0027495183,simulation
1966-05-27,0.013037698,simulation
1966-05-28,0.016185591,simulation
1966-05-29,0.05460413,simulation
1966-05-30,0.020157842,simulation
1966-05-31,0.10920325,simulation
1966-06-01,0.09542052,simulation
1966-06-02,0.02124939,simulation
1966-06-03,0.012842798,simulation
1966-06-04,0.038345195,simulation
1966-06-05,0.029701546,simulation
1966-06-06,0.015653227,simulation
1966-06-07,0.0020441138,simulation
1966-06-08,0.075325355,simulation
1966-06-09,0.0057129017,simulation
1966-06-10,0.0809769,simulation
1966-06-11,0.035384133,simulation
1966-06-12,0.061588895,simulation
1966-06-13,0.0021247235,simulation
1966-06-14,0.00323121,simulation
1966-06-15,0.013522854,simulation
1966-06-16,0.0044192234,simulation
1966-06-17,0.0048082946,simulation
1966-06-18,0.008715103,simulation
1966-06-19,0.017213523,simulation
1966-06-20,0.054649875,simulation
1966-06-21,0.008377709,simulation
1966-06-22,0.0022481917,simulation
1966-06-23,0.025786191,simulation
1966-06-24,0.04622015,simulation
1966-06-25,0.09331783,simulation
1966-06-26,0.096165046,simulation
1966-06-27,0.09903341,simulation
1966-06-28,0.0043836967,simulation
1966-06-29,0.011921782,simulation
1966-06-30,0.02521358,simulation
1966-07-01,0.019683564,simulation
1966-07-02,0.0045488314,simulation
1966-07-03,0.019579804,simulation
1966-07-04,0.020976638,simulation
1966-07-05,0.021437127,simulation
1966-07-06,0.07349325,simulation
1966-07-07,0.08073123,simulation
1966-07-08,0.047634255,simulation
1966-07-09,0.07048023,simulation
1966-07-10,0.056295298,simulation
1966-07-11,0.085892804,simulation
1966-07-12,0.097203396,simulation
1966-07-13,0.06292652,simulation
1966-07-14,0.030091396,simulation
1966-07-15,0.116473764,simulation
1966-07-16,0.01693369,simulation
1966-07-17,0.003058735,simulation
1966-07-18,0.025961293,simulation
1966-07-19,0.006587396,simulation
1966-07-20,0.004123869,simulation
1966-07-21,0.012243626,simulation
1966-07-22,0.061467458,simulation
1966-07-23,0.017217493,simulation
1966-07-24,0.046211764,simulation
1966-07-25,0.059021838,simulation
1966-07-26,0.031969104,simulation
1966-07-27,0.033367544,simulation
1966-07-28,0.08110303,simulation
1966-07-29,0.06508081,simulation
1966-07-30,0.003172328,simulation
1966-07-31,0.016642438,simulation
1966-08-01,0.03690617,simulation
1966-08-02,0.006110807,simulation
1966-08-03,0.0013849351,simulation
1966-08-04,0.011425118,simulation
1966-08-05,0.008309411,simulation
1966-08-06,0.034868006,simulation
1966-08-07,0.03938597,simulation
1966-08-08,0.048363075,simulation
1966-08-09,0.029061731,simulation
1966-08-10,0.0039218147,simulation
1966-08-11,0.0040464276,simulation
1966-08-12,0.0028608222,simulation
1966-08-13,0.012601397,simulation
1966-08-14,0.0151671795,simulation
1966-08-15,0.017077705,simulation
1966-08-16,0.04050964,simulation
1966-08-17,0.0074563744,simulation
1966-08-18,0.015423509,simulation
1966-08-19,0.009407865,simulation
1966-08-20,0.008055955,simulation
1966-08-21,0.0049410653,simulation
1966-08-22,0.005535171,simulation
1966-08-23,0.07278593,simulation
1966-08-24,0.050526373,simulation
1966-08-25,0.010557204,simulation
1966-08-26,0.055408537,simulation
1966-08-27,0.01730503,simulation
1966-08-28,0.0014745246,simulation
1966-08-29,0.002366388,simulation
1966-08-30,0.0066410876,simulation
1966-08-31,0.0073405593,simulation
1966-09-01,0.014090594,simulation
1966-09-02,0.0067446996,simulation
1966-09-03,0.0265702,simulation
1966-09-04,0.011337547,simulation
1966-09-05,0.01180239,simulation
1966-09-06,0.030341491,simulation
1966-09-07,0.023567412,simulation
1966-09-08,0.038337722,simulation
1966-09-09,0.012378906,simulation
1966-09-10,0.0015663578,simulation
1966-09-11,0.0021301717,simulation
1966-09-12,0.0009504894,simulation
1966-09-13,0.0017050868,simulation
1966-09-14,0.026386155,simulation
1966-09-15,0.0029311574,simulation
1966-09-16,0.0010996083,simulation
1966-09-17,0.00096250157,simulation
1966-09-18,0.0024027587,simulation
1966-09-19,0.0052712467,simulation
1966-09-20,0.004485833,simulation
1966-09-21,0.0029991122,simulation
1966-09-22,0.019252352,simulation
1966-09-23,0.022839261,simulation
1966-09-24,0.03135536,simulation
1966-09-25,0.021236708,simulation
1966-09-26,0.015575509,simulation
1966-09-27,0.0010167852,simulation
1966-09-28,0.0017805379,simulation
1966-09-29,0.017010799,simulation
1966-09-30,0.008446537,simulation
1966-10-01,0.005123474,simulation
1966-10-02,0.015846556,simulation
1966-10-03,0.019771395,simulation
1966-10-04,0.02249632,simulation
1966-10-05,0.0061331927,simulation
1966-10-06,0.02210519,simulation
1966-10-07,0.0109141525,simulation
1966-10-08,0.009980043,simulation
1966-10-09,0.0021037888,simulation
1966-10-10,0.0041847425,simulation
1966-10-11,0.010021317,simulation
1966-10-12,0.0040659113,simulation
1966-10-13,0.0009883379,simulation
1966-10-14,0.004296452,simulation
1966-10-15,0.0015863434,simulation
1966-10-16,0.00916469,simulation
1966-10-17,0.0018884464,simulation
1966-10-18,0.0006207114,simulation
1966-10-19,0.0010980974,simulation
1966-10-20,0.0060155313,simulation
1966-10-21,0.0063413996,simulation
1966-10-22,0.007037497,simulation
1966-10-23,0.0015125438,simulation
1966-10-24,0.008349641,simulation
1966-10-25,0.010956353,simulation
1966-10-26,0.00953712,simulation
1966-10-27,0.006444279,simulation
1966-10-28,0.006242681,simulation
1966-10-29,0.0069565694,simulation
1966-10-30,0.004129082,simulation
1966-10-31,0.0021971907,simulation
1966-11-01,0.00084799755,simulation
1966-11-02,0.00095705304,simulation
1966-11-03,0.0026449426,simulation
1966-11-04,0.004391444,simulation
1966-11-05,0.0014475954,simulation
1966-11-06,0.004396987,simulation
1966-11-07,0.0015647485,simulation
1966-11-08,0.0014733878,simulation
1966-11-09,0.0033383227,simulation
1966-11-10,0.0020784377,simulation
1966-11-11,0.00060684857,simulation
1966-11-12,0.000634889,simulation
1966-11-13,0.0048200013,simulation
1966-11-14,0.0019484576,simulation
1966-11-15,0.002683236,simulation
1966-11-16,0.0031669538,simulation
1966-11-17,0.003364713,simulation
1966-11-18,0.0029909783,simulation
1966-11-19,0.0013284923,simulation
1966-11-20,0.0015182575,simulation
1966-11-21,0.0033219666,simulation
1966-11-22,0.0010027202,simulation
1966-11-23,0.00294088,simulation
1966-11-24,0.002971747,simulation
1966-11-25,0.0028327694,simulation
1966-11-26,0.0011352262,simulation
1966-11-27,0.001684919,simulation
1966-11-28,0.010022127,simulation
1966-11-29,0.0043565016,simulation
1966-11-30,0.00154861,simulation
1966-12-01,0.002895535,simulation
1966-12-02,0.0010529022,simulation
1966-12-03,0.0006043427,simulation
1966-12-04,0.0007368871,simulation
1966-12-05,0.0010987584,simulation
1966-12-06,0.00089063443,simulation
1966-12-07,0.0017524265,simulation
1966-12-08,0.0016149969,simulation
1966-12-09,0.00055331615,simulation
1966-12-10,0.00064470485,simulation
1966-12-11,0.00082516985,simulation
1966-12-12,0.00078450114,simulation
1966-12-13,0.0006758831,simulation
1966-12-14,0.0012587844,simulation
1966-12-15,0.0013739305,simulation
1966-12-16,0.001716508,simulation
1966-12-17,0.00075989816,simulation
1966-12-18,0.0009673151,simulation
1966-12-19,0.00087981735,simulation
1966-12-20,0.0014874738,simulation
1966-12-21,0.00070484815,simulation
1966-12-22,0.000748208,simulation
1966-12-23,0.0005512683,simulation
1966-12-24,0.0015116363,simulation
1966-12-25,0.000796138,simulation
1966-12-26,0.0006402198,simulation
1966-12-27,0.000864952,simulation
1966-12-28,0.00062635477,simulation
1966-12-29,0.0015009211,simulation
1966-12-30,0.0005969373,simulation
1966-12-31,0.0005045346,simulation
1967-01-01,0.0005159788,simulation
1967-01-02,0.0006376863,simulation
1967-01-03,0.00096640014,simulation
1967-01-04,0.0018233872,simulation
1967-01-05,0.0023285728,simulation
1967-01-06,0.0018379475,simulation
1967-01-07,0.0010705148,simulation
1967-01-08,0.0014690993,simulation
1967-01-09,0.0010305144,simulation
1967-01-10,0.0012428913,simulation
1967-01-11,0.001257272,simulation
1967-01-12,0.0010207272,simulation
1967-01-13,0.0006680658,simulation
1967-01-14,0.0005236912,simulation
1967-01-15,0.0017256405,simulation
1967-01-16,0.0018294791,simulation
1967-01-17,0.0012213112,simulation
1967-01-18,0.00074243004,simulation
1967-01-19,0.000548849,simulation
1967-01-20,0.0007960696,simulation
1967-01-21,0.0019257767,simulation
1967-01-22,0.00079237664,simulation
1967-01-23,0.00078416365,simulation
1967-01-24,0.0017262312,simulation
1967-01-25,0.0013082423,simulation
1967-01-26,0.00079278613,simulation
1967-01-27,0.0018499315,simulation
1967-01-28,0.0019188765,simulation
1967-01-29,0.0018080125,simulation
1967-01-30,0.0015054302,simulation
1967-01-31,0.0011874926,simulation
1967-02-01,0.0013639494,simulation
1967-02-02,0.00089101796,simulation
1967-02-03,0.00074045063,simulation
1967-02-04,0.00096673274,simulation
1967-02-05,0.002970234,simulation
1967-02-06,0.00058774475,simulation
1967-02-07,0.0010242433,simulation
1967-02-08,0.0020869724,simulation
1967-02-09,0.002232142,simulation
1967-02-10,0.0017527273,simulation
1967-02-11,0.0010088603,simulation
1967-02-12,0.001318725,simulation
1967-02-13,0.003414347,simulation
1967-02-14,0.003775359,simulation
1967-02-15,0.0022601108,simulation
1967-02-16,0.0016669846,simulation
1967-02-17,0.00060382165,simulation
1967-02-18,0.0006222113,simulation
1967-02-19,0.00074988534,simulation
1967-02-20,0.0006883438,simulation
1967-02-21,0.0055973926,simulation
1967-02-22,0.0010916053,simulation
1967-02-23,0.0049959985,simulation
1967-02-24,0.0061113145,simulation
1967-02-25,0.003539639,simulation
1967-02-26,0.002463484,simulation
1967-02-27,0.0012702903,simulation
1967-02-28,0.006729088,simulation
1967-03-01,0.006026048,simulation
1967-03-02,0.012029791,simulation
1967-03-03,0.0046625156,simulation
1967-03-04,0.0030803466,simulation
1967-03-05,0.0030029328,simulation
1967-03-06,0.0011895339,simulation
1967-03-07,0.0043087606,simulation
1967-03-08,0.0024326243,simulation
1967-03-09,0.0021990668,simulation
1967-03-10,0.001158776,simulation
1967-03-11,0.011023482,simulation
1967-03-12,0.01974754,simulation
1967-03-13,0.013202858,simulation
1967-03-14,0.0070322687,simulation
1967-03-15,0.0033065293,simulation
1967-03-16,0.010976628,simulation
1967-03-17,0.0047541643,simulation
1967-03-18,0.0072228787,simulation
1967-03-19,0.018830689,simulation
1967-03-20,0.0013526462,simulation
1967-03-21,0.008839028,simulation
1967-03-22,0.020097278,simulation
1967-03-23,0.020857755,simulation
1967-03-24,0.0032998146,simulation
1967-03-25,0.0030383032,simulation
1967-03-26,0.0010686764,simulation
1967-03-27,0.0020667573,simulation
1967-03-28,0.0071257907,simulation
1967-03-29,0.016121767,simulation
1967-03-30,0.010711425,simulation
1967-03-31,0.019536957,simulation
1967-04-01,0.039393585,simulation
1967-04-02,0.025104294,simulation
1967-04-03,0.01929175,simulation
1967-04-04,0.026299246,simulation
1967-04-05,0.024717603,simulation
1967-04-06,0.0342557,simulation
1967-04-07,0.0060421037,simulation
1967-04-08,0.016065644,simulation
1967-04-09,0.0135634765,simulation
1967-04-10,0.009703384,simulation
1967-04-11,0.0012269872,simulation
1967-04-12,0.007926124,simulation
1967-04-13,0.011330278,simulation
1967-04-14,0.00094494596,simulation
1967-04-15,0.015297847,simulation
1967-04-16,0.0043287426,simulation
1967-04-17,0.005612819,simulation
1967-04-18,0.0037347728,simulation
1967-04-19,0.029272448,simulation
1967-04-20,0.009209552,simulation
1967-04-21,0.0018381045,simulation
1967-04-22,0.00901736,simulation
1967-04-23,0.0046394826,simulation
1967-04-24,0.032085422,simulation
1967-04-25,0.0018714091,simulation
1967-04-26,0.0023507094,simulation
1967-04-27,0.019141829,simulation
1967-04-28,0.0051445207,simulation
1967-04-29,0.007966562,simulation
1967-04-30,0.0034879302,simulation
1967-05-01,0.00223119,simulation
1967-05-02,0.056802914,simulation
1967-05-03,0.019640528,simulation
1967-05-04,0.0012808013,simulation
1967-05-05,0.0012247767,simulation
1967-05-06,0.0031155525,simulation
1967-05-07,0.011494886,simulation
1967-05-08,0.04318793,simulation
1967-05-09,0.019313667,simulation
1967-05-10,0.0055569187,simulation
1967-05-11,0.1020268,simulation
1967-05-12,0.02594822,simulation
1967-05-13,0.014677377,simulation
1967-05-14,0.0644933,simulation
1967-05-15,0.0028747066,simulation
1967-05-16,0.03874775,simulation
1967-05-17,0.074101396,simulation
1967-05-18,0.07305484,simulation
1967-05-19,0.07265318,simulation
1967-05-20,0.0017299285,simulation
1967-05-21,0.0010127717,simulation
1967-05-22,0.0009318686,simulation
1967-05-23,0.051494304,simulation
1967-05-24,0.0728324,simulation
1967-05-25,0.07813117,simulation
1967-05-26,0.09644871,simulation
1967-05-27,0.06765097,simulation
1967-05-28,0.026845284,simulation
1967-05-29,0.016955879,simulation
1967-05-30,0.0041668112,simulation
1967-05-31,0.0027713396,simulation
1967-06-01,0.00088224374,simulation
1967-06-02,0.0017033365,simulation
1967-06-03,0.0021007375,simulation
1967-06-04,0.0137943085,simulation
1967-06-05,0.013418598,simulation
1967-06-06,0.012459933,simulation
1967-06-07,0.028911058,simulation
1967-06-08,0.017605042,simulation
1967-06-09,0.0722385,simulation
1967-06-10,0.029303238,simulation
1967-06-11,0.023232553,simulation
1967-06-12,0.03646609,simulation
1967-06-13,0.04622015,simulation
1967-06-14,0.051945973,simulation
1967-06-15,0.0819223,simulation
1967-06-16,0.054381803,simulation
1967-06-17,0.07048686,simulation
1967-06-18,0.09016454,simulation
1967-06-19,0.06747716,simulation
1967-06-20,0.024554636,simulation
1967-06-21,0.057100955,simulation
1967-06-22,0.013242609,simulation
1967-06-23,0.015932884,simulation
1967-06-24,0.04651453,simulation
1967-06-25,0.049225304,simulation
1967-06-26,0.016806293,simulation
1967-06-27,0.0061648716,simulation
1967-06-28,0.018706603,simulation
1967-06-29,0.05492772,simulation
1967-06-30,0.023539793,simulation
1967-07-01,0.031081839,simulation
1967-07-02,0.0047873748,simulation
1967-07-03,0.041346826,simulation
1967-07-04,0.009898769,simulation
1967-07-05,0.005031682,simulation
1967-07-06,0.0013876695,simulation
1967-07-07,0.0052155745,simulation
1967-07-08,0.021672945,simulation
1967-07-09,0.0016176275,simulation
1967-07-10,0.0049647153,simulation
1967-07-11,0.003492063,simulation
1967-07-12,0.013922002,simulation
1967-07-13,0.0023238142,simulation
1967-07-14,0.041782662,simulation
1967-07-15,0.06379411,simulation
1967-07-16,0.0148715805,simulation
1967-07-17,0.009118549,simulation
1967-07-18,0.01578392,simulation
1967-07-19,0.0011893295,simulation
1967-07-20,0.0012279354,simulation
1967-07-21,0.002791432,simulation
1967-07-22,0.0050952565,simulation
1967-07-23,0.016474903,simulation
1967-07-24,0.010394129,simulation
1967-07-25,0.012708957,simulation
1967-07-26,0.006211136,simulation
1967-07-27,0.07421444,simulation
1967-07-28,0.0057186172,simulation
1967-07-29,0.0031073736,simulation
1967-07-30,0.02785931,simulation
1967-07-31,0.030375233,simulation
1967-08-01,0.026039835,simulation
1967-08-02,0.002082345,simulation
1967-08-03,0.0074031297,simulation
1967-08-04,0.0024361499,simulation
1967-08-05,0.009538668,simulation
1967-08-06,0.044102505,simulation
1967-08-07,0.04472867,simulation
1967-08-08,0.0018610377,simulation
1967-08-09,0.0016869393,simulation
1967-08-10,0.0013957866,simulation
1967-08-11,0.02499358,simulation
1967-08-12,0.022713294,simulation
1967-08-13,0.04895047,simulation
1967-08-14,0.045437597,simulation
1967-08-15,0.00869449,simulation
1967-08-16,0.0013417811,simulation
1967-08-17,0.005943902,simulation
1967-08-18,0.013823683,simulation
1967-08-19,0.001609336,simulation
1967-08-20,0.0013272393,simulation
1967-08-21,0.0062540974,simulation
1967-08-22,0.0044218246,simulation
1967-08-23,0.0014014242,simulation
1967-08-24,0.0019828891,simulation
1967-08-25,0.0011420745,simulation
1967-08-26,0.00094315945,simulation
1967-08-27,0.00094804,simulation
1967-08-28,0.0013561317,simulation
1967-08-29,0.06824856,simulation
1967-08-30,0.060992107,simulation
1967-08-31,0.0035387422,simulation
1967-09-01,0.0018409367,simulation
1967-09-02,0.0022403437,simulation
1967-09-03,0.00091984106,simulation
1967-09-04,0.000856654,simulation
1967-09-05,0.0010396806,simulation
1967-09-06,0.00074383855,simulation
1967-09-07,0.0007572846,simulation
1967-09-08,0.0029551445,simulation
1967-09-09,0.0027383217,simulation
1967-09-10,0.008765048,simulation
1967-09-11,0.002061469,simulation
1967-09-12,0.0015841707,simulation
1967-09-13,0.0015549923,simulation
1967-09-14,0.024538571,simulation
1967-09-15,0.022566233,simulation
1967-09-16,0.022317378,simulation
1967-09-17,0.030754693,simulation
1967-09-18,0.02794432,simulation
1967-09-19,0.0012289907,simulation
1967-09-20,0.0016042442,simulation
1967-09-21,0.0010300719,simulation
1967-09-22,0.025127945,simulation
1967-09-23,0.027231066,simulation
1967-09-24,0.024563573,simulation
1967-09-25,0.020197295,simulation
1967-09-26,0.02510066,simulation
1967-09-27,0.0008263785,simulation
1967-09-28,0.0014966818,simulation
1967-09-29,0.011413222,simulation
1967-09-30,0.014000013,simulation
1967-10-01,0.019159246,simulation
1967-10-02,0.019916505,simulation
1967-10-03,0.0034334708,simulation
1967-10-04,0.021478683,simulation
1967-10-05,0.0220185,simulation
1967-10-06,0.015621608,simulation
1967-10-07,0.015083371,simulation
1967-10-08,0.0013816127,simulation
1967-10-09,0.00733028,simulation
1967-10-10,0.016054444,simulation
1967-10-11,0.0036793507,simulation
1967-10-12,0.0058725993,simulation
1967-10-13,0.019144734,simulation
1967-10-14,0.019879017,simulation
1967-10-15,0.0054553696,simulation
1967-10-16,0.0009846904,simulation
1967-10-17,0.0011534132,simulation
1967-10-18,0.013744393,simulation
1967-10-19,0.00740862,simulation
1967-10-20,0.008502679,simulation
1967-10-21,0.011099007,simulation
1967-10-22,0.0020416717,simulation
1967-10-23,0.007813023,simulation
1967-10-24,0.0012073386,simulation
1967-10-25,0.012268034,simulation
1967-10-26,0.003222461,simulation
1967-10-27,0.0033675623,simulation
1967-10-28,0.007861308,simulation
1967-10-29,0.00864351,simulation
1967-10-30,0.0011241613,simulation
1967-10-31,0.00085820426,simulation
1967-11-01,0.00065107073,simulation
1967-11-02,0.002814775,simulation
1967-11-03,0.0014593087,simulation
1967-11-04,0.0021908267,simulation
1967-11-05,0.0030463047,simulation
1967-11-06,0.002891112,simulation
1967-11-07,0.0030215923,simulation
1967-11-08,0.0036453118,simulation
1967-11-09,0.004093755,simulation
1967-11-10,0.0035050844,simulation
1967-11-11,0.0024048067,simulation
1967-11-12,0.0014544373,simulation
1967-11-13,0.0036045671,simulation
1967-11-14,0.0056702057,simulation
1967-11-15,0.0028605794,simulation
1967-11-16,0.0023072327,simulation
1967-11-17,0.001251028,simulation
1967-11-18,0.0046715247,simulation
1967-11-19,0.0030157017,simulation
1967-11-20,0.001069687,simulation
1967-11-21,0.0015768595,simulation
1967-11-22,0.0014497064,simulation
1967-11-23,0.0009666493,simulation
1967-11-24,0.0011706814,simulation
1967-11-25,0.0043356656,simulation
1967-11-26,0.00079278613,simulation
1967-11-27,0.0010869245,simulation
1967-11-28,0.0012868616,simulation
1967-11-29,0.0011248378,simulation
1967-11-30,0.0026058545,simulation
1967-12-01,0.0018945915,simulation
1967-12-02,0.0009386269,simulation
1967-12-03,0.0015434439,simulation
1967-12-04,0.0019180563,simulation
1967-12-05,0.0009014291,simulation
1967-12-06,0.0008731795,simulation
1967-12-07,0.00088292744,simulation
1967-12-08,0.00067512656,simulation
1967-12-09,0.00060491596,simulation
1967-12-10,0.00054432364,simulation
1967-12-11,0.0009353217,simulation
1967-12-12,0.0027054606,simulation
1967-12-13,0.0016195679,simulation
1967-12-14,0.0006806761,simulation
1967-12-15,0.00051950687,simulation
1967-12-16,0.0010672993,simulation
1967-12-17,0.00078126544,simulation
1967-12-18,0.00069807953,simulation
1967-12-19,0.0006231774,simulation
1967-12-20,0.0011626645,simulation
1967-12-21,0.0013115022,simulation
1967-12-22,0.0013272393,simulation
1967-12-23,0.0019643395,simulation
1967-12-24,0.0015390858,simulation
1967-12-25,0.0012906227,simulation
1967-12-26,0.0019688767,simulation
1967-12-27,0.0005947286,simulation
1967-12-28,0.00064071675,simulation
1967-12-29,0.00064626284,simulation
1967-12-30,0.00073873054,simulation
1967-12-31,0.00054352585,simulation
1968-01-01,0.0005419813,simulation
1968-01-02,0.0005009781,simulation
1968-01-03,0.000544981,simulation
1968-01-04,0.0009054715,simulation
1968-01-05,0.0008882621,simulation
1968-01-06,0.0006304174,simulation
1968-01-07,0.0010339759,simulation
1968-01-08,0.0009785271,simulation
1968-01-09,0.00055960304,simulation
1968-01-10,0.0005104888,simulation
1968-01-11,0.00053718785,simulation
1968-01-12,0.0005064532,simulation
1968-01-13,0.0006798555,simulation
1968-01-14,0.0005974524,simulation
1968-01-15,0.0010910425,simulation
1968-01-16,0.00094315945,simulation
1968-01-17,0.0016235952,simulation
1968-01-18,0.002520563,simulation
1968-01-19,0.001823699,simulation
1968-01-20,0.00085628557,simulation
1968-01-21,0.0023805462,simulation
1968-01-22,0.0007716371,simulation
1968-01-23,0.0005630398,simulation
1968-01-24,0.0019017312,simulation
1968-01-25,0.0018642227,simulation
1968-01-26,0.0027304175,simulation
1968-01-27,0.0009980748,simulation
1968-01-28,0.0007999866,simulation
1968-01-29,0.0012899577,simulation
1968-01-30,0.00082780246,simulation
1968-01-31,0.000938304,simulation
1968-02-01,0.000840874,simulation
1968-02-02,0.003492063,simulation
1968-02-03,0.0022730606,simulation
1968-02-04,0.0028414459,simulation
1968-02-05,0.0024031682,simulation
1968-02-06,0.0033684177,simulation
1968-02-07,0.002207713,simulation
1968-02-08,0.002279272,simulation
1968-02-09,0.0024681047,simulation
1968-02-10,0.0017299285,simulation
1968-02-11,0.0016705565,simulation
1968-02-12,0.0029294158,simulation
1968-02-13,0.0015023372,simulation
1968-02-14,0.0009003438,simulation
1968-02-15,0.000532712,simulation
1968-02-16,0.0006254375,simulation
1968-02-17,0.0013642999,simulation
1968-02-18,0.0011879004,simulation
1968-02-19,0.0020514594,simulation
1968-02-20,0.002536492,simulation
1968-02-21,0.0008315879,simulation
1968-02-22,0.0012435318,simulation
1968-02-23,0.000988678,simulation
1968-02-24,0.0038728267,simulation
1968-02-25,0.003082698,simulation
1968-02-26,0.0028404805,simulation
1968-02-27,0.0036006088,simulation
1968-02-28,0.0005932434,simulation
1968-02-29,0.0007976478,simulation
1968-03-01,0.004788178,simulation
1968-03-02,0.0013842221,simulation
1968-03-03,0.005226489,simulation
1968-03-04,0.0038051165,simulation
1968-03-05,0.0013086916,simulation
1968-03-06,0.001678584,simulation
1968-03-07,0.0088411905,simulation
1968-03-08,0.010473258,simulation
1968-03-09,0.0013824427,simulation
1968-03-10,0.0033118536,simulation
1968-03-11,0.0010095545,simulation
1968-03-12,0.0009310669,simulation
1968-03-13,0.008808792,simulation
1968-03-14,0.0018768576,simulation
1968-03-15,0.0012473813,simulation
1968-03-16,0.0016138902,simulation
1968-03-17,0.0019124907,simulation
1968-03-18,0.0035558383,simulation
1968-03-19,0.007323033,simulation
1968-03-20,0.0036663173,simulation
1968-03-21,0.00077469967,simulation
1968-03-22,0.00060643017,simulation
1968-03-23,0.0010438897,simulation
1968-03-24,0.007057288,simulation
1968-03-25,0.013165299,simulation
1968-03-26,0.008291736,simulation
1968-03-27,0.0069640474,simulation
1968-03-28,0.0048159612,simulation
1968-03-29,0.0017998348,simulation
1968-03-30,0.0020360989,simulation
1968-03-31,0.0045668227,simulation
1968-04-01,0.0012967291,simulation
1968-04-02,0.0009637438,simulation
1968-04-03,0.001639944,simulation
1968-04-04,0.0011559919,simulation
1968-04-05,0.022542907,simulation
1968-04-06,0.023472568,simulation
1968-04-07,0.0027949929,simulation
1968-04-08,0.0008870397,simulation
1968-04-09,0.00080219365,simulation
1968-04-10,0.0011036788,simulation
1968-04-11,0.0390597,simulation
1968-04-12,0.0078406725,simulation
1968-04-13,0.0016109908,simulation
1968-04-14,0.004034509,simulation
1968-04-15,0.057580374,simulation
1968-04-16,0.033193734,simulation
1968-04-17,0.006491472,simulation
1968-04-18,0.006714066,simulation
1968-04-19,0.0049010715,simulation
1968-04-20,0.0040199123,simulation
1968-04-21,0.0021970037,simulation
1968-04-22,0.0011888187,simulation
1968-04-23,0.0014482156,simulation
1968-04-24,0.021573223,simulation
1968-04-25,0.056452952,simulation
1968-04-26,0.045213453,simulation
1968-04-27,0.0029945346,simulation
1968-04-28,0.0018741315,simulation
1968-04-29,0.0013975836,simulation
1968-04-30,0.05827745,simulation
1968-05-01,0.05220537,simulation
1968-05-02,0.04351941,simulation
1968-05-03,0.02517346,simulation
1968-05-04,0.0009346787,simulation
1968-05-05,0.0685083,simulation
1968-05-06,0.02723494,simulation
1968-05-07,0.02540759,simulation
1968-05-08,0.0019766297,simulation
1968-05-09,0.0035003435,simulation
1968-05-10,0.003084529,simulation
1968-05-11,0.0012652847,simulation
1968-05-12,0.0026091828,simulation
1968-05-13,0.0051678126,simulation
1968-05-14,0.013254139,simulation
1968-05-15,0.00458065,simulation
1968-05-16,0.00857177,simulation
1968-05-17,0.0013791259,simulation
1968-05-18,0.0041134604,simulation
1968-05-19,0.07673318,simulation
1968-05-20,0.06559158,simulation
1968-05-21,0.021824887,simulation
1968-05-22,0.06326474,simulation
1968-05-23,0.10750088,simulation
1968-05-24,0.0052668415,simulation
1968-05-25,0.0063725193,simulation
1968-05-26,0.003004717,simulation
1968-05-27,0.008818858,simulation
1968-05-28,0.04018247,simulation
1968-05-29,0.08884281,simulation
1968-05-30,0.007862599,simulation
1968-05-31,0.008523558,simulation
1968-06-01,0.06851487,simulation
1968-06-02,0.012080758,simulation
1968-06-03,0.0042658322,simulation
1968-06-04,0.09216704,simulation
1968-06-05,0.0071854354,simulation
1968-06-06,0.090629146,simulation
1968-06-07,0.08727202,simulation
1968-06-08,0.050817546,simulation
1968-06-09,0.07630712,simulation
1968-06-10,0.07655011,simulation
1968-06-11,0.06304885,simulation
1968-06-12,0.050300494,simulation
1968-06-13,0.108774245,simulation
1968-06-14,0.08695482,simulation
1968-06-15,0.05276804,simulation
1968-06-16,0.015945248,simulation
1968-06-17,0.008466596,simulation
1968-06-18,0.0076264483,simulation
1968-06-19,0.0018241666,simulation
1968-06-20,0.0022304286,simulation
1968-06-21,0.0011282255,simulation
1968-06-22,0.0016734191,simulation
1968-06-23,0.008616013,simulation
1968-06-24,0.010800609,simulation
1968-06-25,0.0076685925,simulation
1968-06-26,0.008412056,simulation
1968-06-27,0.08660122,simulation
1968-06-28,0.11080104,simulation
1968-06-29,0.079711184,simulation
1968-06-30,0.0737524,simulation
1968-07-01,0.05406573,simulation
1968-07-02,0.039087456,simulation
1968-07-03,0.005555065,simulation
1968-07-04,0.090571135,simulation
1968-07-05,0.07902951,simulation
1968-07-06,0.013271973,simulation
1968-07-07,0.006493626,simulation
1968-07-08,0.0015619355,simulation
1968-07-09,0.005079079,simulation
1968-07-10,0.013271973,simulation
1968-07-11,0.018571908,simulation
1968-07-12,0.0069427863,simulation
1968-07-13,0.0046660383,simulation
1968-07-14,0.002718836,simulation
1968-07-15,0.007807249,simulation
1968-07-16,0.009400987,simulation
1968-07-17,0.035308726,simulation
1968-07-18,0.005438088,simulation
1968-07-19,0.010966047,simulation
1968-07-20,0.009065237,simulation
1968-07-21,0.015288309,simulation
1968-07-22,0.0021473311,simulation
1968-07-23,0.00695427,simulation
1968-07-24,0.013882603,simulation
1968-07-25,0.056298383,simulation
1968-07-26,0.052795045,simulation
1968-07-27,0.07848058,simulation
1968-07-28,0.048907146,simulation
1968-07-29,0.0061823097,simulation
1968-07-30,0.015025772,simulation
1968-07-31,0.058757596,simulation
1968-08-01,0.055771124,simulation
1968-08-02,0.03081863,simulation
1968-08-03,0.038002387,simulation
1968-08-04,0.0300286,simulation
1968-08-05,0.02167779,simulation
1968-08-06,0.002564715,simulation
1968-08-07,0.005572238,simulation
1968-08-08,0.014775348,simulation
1968-08-09,0.04869662,simulation
1968-08-10,0.018317597,simulation
1968-08-11,0.0040413146,simulation
1968-08-12,0.0026411202,simulation
1968-08-13,0.0040686526,simulation
1968-08-14,0.003956698,simulation
1968-08-15,0.006258772,simulation
1968-08-16,0.0109457895,simulation
1968-08-17,0.031124786,simulation
1968-08-18,0.02250796,simulation
1968-08-19,0.005445812,simulation
1968-08-20,0.006030059,simulation
1968-08-21,0.040108006,simulation
1968-08-22,0.051580332,simulation
1968-08-23,0.05424494,simulation
1968-08-24,0.032021742,simulation
1968-08-25,0.028073214,simulation
1968-08-26,0.07273946,simulation
1968-08-27,0.08570558,simulation
1968-08-28,0.04748636,simulation
1968-08-29,0.007086485,simulation
1968-08-30,0.004113113,simulation
1968-08-31,0.0060612266,simulation
1968-09-01,0.044553146,simulation
1968-09-02,0.0019942713,simulation
1968-09-03,0.0012509202,simulation
1968-09-04,0.0033578828,simulation
1968-09-05,0.003929099,simulation
1968-09-06,0.012501624,simulation
1968-09-07,0.02747633,simulation
1968-09-08,0.055276666,simulation
1968-09-09,0.0031407508,simulation
1968-09-10,0.036429975,simulation
1968-09-11,0.0060255458,simulation
1968-09-12,0.045537423,simulation
1968-09-13,0.040825557,simulation
1968-09-14,0.0041953265,simulation
1968-09-15,0.0013313452,simulation
1968-09-16,0.00233573,simulation
1968-09-17,0.0018351208,simulation
1968-09-18,0.024454784,simulation
1968-09-19,0.031217298,simulation
1968-09-20,0.025828948,simulation
1968-09-21,0.032928627,simulation
1968-09-22,0.03177226,simulation
1968-09-23,0.04274303,simulation
1968-09-24,0.017072449,simulation
1968-09-25,0.0026965034,simulation
1968-09-26,0.0013280364,simulation
1968-09-27,0.036605936,simulation
1968-09-28,0.02575462,simulation
1968-09-29,0.0108302,simulation
1968-09-30,0.023946442,simulation
1968-10-01,0.01794384,simulation
1968-10-02,0.022634655,simulation
1968-10-03,0.0028205211,simulation
1968-10-04,0.035287544,simulation
1968-10-05,0.0035083466,simulation
1968-10-06,0.0011085267,simulation
1968-10-07,0.00083942775,simulation
1968-10-08,0.0017910796,simulation
1968-10-09,0.0035896678,simulation
1968-10-10,0.000841743,simulation
1968-10-11,0.0010669325,simulation
1968-10-12,0.005747759,simulation
1968-10-13,0.002719529,simulation
1968-10-14,0.008705147,simulation
1968-10-15,0.022118296,simulation
1968-10-16,0.0059478595,simulation
1968-10-17,0.0023785187,simulation
1968-10-18,0.015220516,simulation
1968-10-19,0.0166373,simulation
1968-10-20,0.0019246256,simulation
1968-10-21,0.005608141,simulation
1968-10-22,0.0015600628,simulation
1968-10-23,0.012086541,simulation
1968-10-24,0.0078181615,simulation
1968-10-25,0.008046048,simulation
1968-10-26,0.0074153366,simulation
1968-10-27,0.011586356,simulation
1968-10-28,0.009380381,simulation
1968-10-29,0.0059079016,simulation
1968-10-30,0.007268894,simulation
1968-10-31,0.006894745,simulation
1968-11-01,0.0092696855,simulation
1968-11-02,0.008563368,simulation
1968-11-03,0.00079285464,simulation
1968-11-04,0.00073657,simulation
1968-11-05,0.000783219,simulation
1968-11-06,0.00061300077,simulation
1968-11-07,0.0007887011,simulation
1968-11-08,0.0020891114,simulation
1968-11-09,0.00077576813,simulation
1968-11-10,0.0014863265,simulation
1968-11-11,0.0007348589,simulation
1968-11-12,0.0010303378,simulation
1968-11-13,0.002375682,simulation
1968-11-14,0.0022682208,simulation
1968-11-15,0.0013939919,simulation
1968-11-16,0.004377802,simulation
1968-11-17,0.0010718037,simulation
1968-11-18,0.004729503,simulation
1968-11-19,0.002908596,simulation
1968-11-20,0.0023015356,simulation
1968-11-21,0.0030785175,simulation
1968-11-22,0.0019866196,simulation
1968-11-23,0.0010235391,simulation
1968-11-24,0.0008197886,simulation
1968-11-25,0.002753963,simulation
1968-11-26,0.0013161246,simulation
1968-11-27,0.001558994,simulation
1968-11-28,0.0064860927,simulation
1968-11-29,0.0009919998,simulation
1968-11-30,0.0008517282,simulation
1968-12-01,0.0006662834,simulation
1968-12-02,0.0009315481,simulation
1968-12-03,0.000790945,simulation
1968-12-04,0.002876172,simulation
1968-12-05,0.0025879566,simulation
1968-12-06,0.0006784511,simulation
1968-12-07,0.004116233,simulation
1968-12-08,0.0021037888,simulation
1968-12-09,0.0010427237,simulation
1968-12-10,0.0015834922,simulation
1968-12-11,0.0011593734,simulation
1968-12-12,0.001547682,simulation
1968-12-13,0.0009186546,simulation
1968-12-14,0.0027859807,simulation
1968-12-15,0.0014704855,simulation
1968-12-16,0.0009824904,simulation
1968-12-17,0.0015195591,simulation
1968-12-18,0.0010041005,simulation
1968-12-19,0.0011907604,simulation
1968-12-20,0.0009961027,simulation
1968-12-21,0.0006612498,simulation
1968-12-22,0.0007692483,simulation
1968-12-23,0.0026577974,simulation
1968-12-24,0.001481112,simulation
1968-12-25,0.001656598,simulation
1968-12-26,0.0013125158,simulation
1968-12-27,0.00090360374,simulation
1968-12-28,0.0022344277,simulation
1968-12-29,0.0011970146,simulation
1968-12-30,0.0006261389,simulation
1968-12-31,0.00062205025,simulation
1969-01-01,0.0013503269,simulation
1969-01-02,0.0006196952,simulation
1969-01-03,0.0005981739,simulation
1969-01-04,0.0012464176,simulation
1969-01-05,0.0010254773,simulation
1969-01-06,0.0010236269,simulation
1969-01-07,0.0008736305,simulation
1969-01-08,0.0014064816,simulation
1969-01-09,0.0013368397,simulation
1969-01-10,0.0014217616,simulation
1969-01-11,0.0016561721,simulation
1969-01-12,0.00093178835,simulation
1969-01-13,0.0015565917,simulation
1969-01-14,0.0016367172,simulation
1969-01-15,0.0019294018,simulation
1969-01-16,0.0009149474,simulation
1969-01-17,0.0007466631,simulation
1969-01-18,0.0006767577,simulation
1969-01-19,0.00063183194,simulation
1969-01-20,0.0005758558,simulation
1969-01-21,0.0006837917,simulation
1969-01-22,0.0007174078,simulation
1969-01-23,0.0016402248,simulation
1969-01-24,0.0009149474,simulation
1969-01-25,0.0015563251,simulation
1969-01-26,0.0012678938,simulation
1969-01-27,0.0018293223,simulation
1969-01-28,0.0008674869,simulation
1969-01-29,0.0010195868,simulation
1969-01-30,0.0009280283,simulation
1969-01-31,0.0006525876,simulation
1969-02-01,0.00086629327,simulation
1969-02-02,0.00087996875,simulation
1969-02-03,0.003084268,simulation
1969-02-04,0.002032624,simulation
1969-02-05,0.0010730026,simulation
1969-02-06,0.001995124,simulation
1969-02-07,0.00093781983,simulation
1969-02-08,0.00317771,simulation
1969-02-09,0.0015563251,simulation
1969-02-10,0.0009089057,simulation
1969-02-11,0.002116759,simulation
1969-02-12,0.0046200496,simulation
1969-02-13,0.004979706,simulation
1969-02-14,0.0013071203,simulation
1969-02-15,0.0005866814,simulation
1969-02-16,0.0006371917,simulation
1969-02-17,0.0007648226,simulation
1969-02-18,0.0038344543,simulation
1969-02-19,0.0018907076,simulation
1969-02-20,0.0012738936,simulation
1969-02-21,0.0014064816,simulation
1969-02-22,0.00066812354,simulation
1969-02-23,0.0015821364,simulation
1969-02-24,0.003970736,simulation
1969-02-25,0.0044531557,simulation
1969-02-26,0.0035202352,simulation
1969-02-27,0.0032697662,simulation
1969-02-28,0.00395403,simulation
1969-03-01,0.00091282435,simulation
1969-03-02,0.0048589464,simulation
1969-03-03,0.0006364233,simulation
1969-03-04,0.0056848773,simulation
1969-03-05,0.0012901798,simulation
1969-03-06,0.0006417111,simulation
1969-03-07,0.0026189694,simulation
1969-03-08,0.0014806044,simulation
1969-03-09,0.0030349533,simulation
1969-03-10,0.004161901,simulation
1969-03-11,0.002683465,simulation
1969-03-12,0.0011779435,simulation
1969-03-13,0.0053712884,simulation
1969-03-14,0.0013713401,simulation
1969-03-15,0.0012758633,simulation
1969-03-16,0.00068361487,simulation
1969-03-17,0.00080600136,simulation
1969-03-18,0.00074711355,simulation
1969-03-19,0.015518653,simulation
1969-03-20,0.0070363353,simulation
1969-03-21,0.013840028,simulation
1969-03-22,0.003462353,simulation
1969-03-23,0.0015859362,simulation
1969-03-24,0.026171165,simulation
1969-03-25,0.0022045134,simulation
1969-03-26,0.016531004,simulation
1969-03-27,0.0052016354,simulation
1969-03-28,0.022725027,simulation
1969-03-29,0.009635931,simulation
1969-03-30,0.0008578348,simulation
1969-03-31,0.0032336756,simulation
1969-04-01,0.024042848,simulation
1969-04-02,0.0030631488,simulation
1969-04-03,0.0042758957,simulation
1969-04-04,0.0032656135,simulation
1969-04-05,0.0011863711,simulation
1969-04-06,0.00094389013,simulation
1969-04-07,0.006871981,simulation
1969-04-08,0.0019932496,simulation
1969-04-09,0.0028097567,simulation
1969-04-10,0.0023431077,simulation
1969-04-11,0.014710738,simulation
1969-04-12,0.001910693,simulation
1969-04-13,0.00089925964,simulation
1969-04-14,0.004543103,simulation
1969-04-15,0.005432642,simulation
1969-04-16,0.0025214215,simulation
1969-04-17,0.00088910304,simulation
1969-04-18,0.006462475,simulation
1969-04-19,0.0017753666,simulation
1969-04-20,0.0036456203,simulation
1969-04-21,0.036458865,simulation
1969-04-22,0.057639636,simulation
1969-04-23,0.043741256,simulation
1969-04-24,0.042670943,simulation
1969-04-25,0.045028538,simulation
1969-04-26,0.07301168,simulation
1969-04-27,0.020021787,simulation
1969-04-28,0.0030626296,simulation
1969-04-29,0.036937736,simulation
1969-04-30,0.056388006,simulation
1969-05-01,0.0051669483,simulation
1969-05-02,0.027914638,simulation
1969-05-03,0.008545886,simulation
1969-05-04,0.00226339,simulation
1969-05-05,0.023092909,simulation
1969-05-06,0.0020623498,simulation
1969-05-07,0.0014892597,simulation
1969-05-08,0.00094535266,simulation
1969-05-09,0.08400632,simulation
1969-05-10,0.07872013,simulation
1969-05-11,0.035513997,simulation
1969-05-12,0.06875506,simulation
1969-05-13,0.010456374,simulation
1969-05-14,0.0019144532,simulation
1969-05-15,0.0032911627,simulation
1969-05-16,0.0020953643,simulation
1969-05-17,0.0010640933,simulation
1969-05-18,0.0063193343,simulation
1969-05-19,0.0057895696,simulation
1969-05-20,0.046970796,simulation
1969-05-21,0.085905954,simulation
1969-05-22,0.076503515,simulation
1969-05-23,0.07208265,simulation
1969-05-24,0.006731316,simulation
1969-05-25,0.003695549,simulation
1969-05-26,0.03623062,simulation
1969-05-27,0.026762905,simulation
1969-05-28,0.03726915,simulation
1969-05-29,0.05197874,simulation
1969-05-30,0.035167642,simulation
1969-05-31,0.0736494,simulation
1969-06-01,0.06936773,simulation
1969-06-02,0.0021122464,simulation
1969-06-03,0.020446124,simulation
1969-06-04,0.0025145612,simulation
1969-06-05,0.014542334,simulation
1969-06-06,0.09958183,simulation
1969-06-07,0.08015655,simulation
1969-06-08,0.025717523,simulation
1969-06-09,0.055519063,simulation
1969-06-10,0.07341683,simulation
1969-06-11,0.069918685,simulation
1969-06-12,0.04832291,simulation
1969-06-13,0.05359928,simulation
1969-06-14,0.055980545,simulation
1969-06-15,0.03111619,simulation
1969-06-16,0.022624627,simulation
1969-06-17,0.09683432,simulation
1969-06-18,0.06049262,simulation
1969-06-19,0.0073163947,simulation
1969-06-20,0.012975865,simulation
1969-06-21,0.023113305,simulation
1969-06-22,0.06195365,simulation
1969-06-23,0.03183778,simulation
1969-06-24,0.008165679,simulation
1969-06-25,0.05290014,simulation
1969-06-26,0.03226603,simulation
1969-06-27,0.057817563,simulation
1969-06-28,0.090941526,simulation
1969-06-29,0.116698556,simulation
1969-06-30,0.0952479,simulation
1969-07-01,0.025348896,simulation
1969-07-02,0.08054525,simulation
1969-07-03,0.111548185,simulation
1969-07-04,0.122240014,simulation
1969-07-05,0.050970823,simulation
1969-07-06,0.013587045,simulation
1969-07-07,0.029430749,simulation
1969-07-08,0.047802344,simulation
1969-07-09,0.030599505,simulation
1969-07-10,0.01607561,simulation
1969-07-11,0.026950939,simulation
1969-07-12,0.011485685,simulation
1969-07-13,0.04417332,simulation
1969-07-14,0.05422365,simulation
1969-07-15,0.058352657,simulation
1969-07-16,0.014680829,simulation
1969-07-17,0.0025160606,simulation
1969-07-18,0.0011824038,simulation
1969-07-19,0.0035690912,simulation
1969-07-20,0.044761613,simulation
1969-07-21,0.047685485,simulation
1969-07-22,0.019249436,simulation
1969-07-23,0.007361158,simulation
1969-07-24,0.0132971825,simulation
1969-07-25,0.003327598,simulation
1969-07-26,0.0012599733,simulation
1969-07-27,0.0027739308,simulation
1969-07-28,0.008266652,simulation
1969-07-29,0.024065688,simulation
1969-07-30,0.028799461,simulation
1969-07-31,0.013266724,simulation
1969-08-01,0.012257287,simulation
1969-08-02,0.041801102,simulation
1969-08-03,0.041354682,simulation
1969-08-04,0.06803829,simulation
1969-08-05,0.026109181,simulation
1969-08-06,0.06663901,simulation
1969-08-07,0.05021555,simulation
1969-08-08,0.06615884,simulation
1969-08-09,0.03739396,simulation
1969-08-10,0.0155597655,simulation
1969-08-11,0.09851934,simulation
1969-08-12,0.06595004,simulation
1969-08-13,0.06412401,simulation
1969-08-14,0.00634561,simulation
1969-08-15,0.032144815,simulation
1969-08-16,0.030352034,simulation
1969-08-17,0.007542198,simulation
1969-08-18,0.001283222,simulation
1969-08-19,0.010587029,simulation
1969-08-20,0.030041147,simulation
1969-08-21,0.023230843,simulation
1969-08-22,0.011590067,simulation
1969-08-23,0.0010675747,simulation
1969-08-24,0.0029398804,simulation
1969-08-25,0.007997349,simulation
1969-08-26,0.0042626034,simulation
1969-08-27,0.0049813753,simulation
1969-08-28,0.078490555,simulation
1969-08-29,0.06620127,simulation
1969-08-30,0.051452797,simulation
1969-08-31,0.0016315395,simulation
1969-09-01,0.0029624286,simulation
1969-09-02,0.02545352,simulation
1969-09-03,0.0031319752,simulation
1969-09-04,0.004938997,simulation
1969-09-05,0.0027777061,simulation
1969-09-06,0.022904987,simulation
1969-09-07,0.020470686,simulation
1969-09-08,0.0040882397,simulation
1969-09-09,0.012351347,simulation
1969-09-10,0.0059182364,simulation
1969-09-11,0.0022691877,simulation
1969-09-12,0.043424938,simulation
1969-09-13,0.041661594,simulation
1969-09-14,0.00824839,simulation
1969-09-15,0.03208103,simulation
1969-09-16,0.020686688,simulation
1969-09-17,0.006866867,simulation
1969-09-18,0.01758886,simulation
1969-09-19,0.0028832653,simulation
1969-09-20,0.0010713434,simulation
1969-09-21,0.0011965011,simulation
1969-09-22,0.0010914181,simulation
1969-09-23,0.0013822049,simulation
1969-09-24,0.004518364,simulation
1969-09-25,0.020326732,simulation
1969-09-26,0.037357222,simulation
1969-09-27,0.033712585,simulation
1969-09-28,0.03606546,simulation
1969-09-29,0.041656345,simulation
1969-09-30,0.0038947803,simulation
1969-10-01,0.00093323214,simulation
1969-10-02,0.008183768,simulation
1969-10-03,0.008275457,simulation
1969-10-04,0.01274837,simulation
1969-10-05,0.009359816,simulation
1969-10-06,0.001036557,simulation
1969-10-07,0.0010099888,simulation
1969-10-08,0.0033143796,simulation
1969-10-09,0.016211933,simulation
1969-10-10,0.0024921808,simulation
1969-10-11,0.006269173,simulation
1969-10-12,0.008421696,simulation
1969-10-13,0.0014066024,simulation
1969-10-14,0.0009428351,simulation
1969-10-15,0.00095573644,simulation
1969-10-16,0.008488784,simulation
1969-10-17,0.013025315,simulation
1969-10-18,0.015254975,simulation
1969-10-19,0.0129583925,simulation
1969-10-20,0.0008599787,simulation
1969-10-21,0.0009516352,simulation
1969-10-22,0.016854294,simulation
1969-10-23,0.01952367,simulation
1969-10-24,0.0012609472,simulation
1969-10-25,0.004682908,simulation
1969-10-26,0.005264641,simulation
1969-10-27,0.0049431357,simulation
1969-10-28,0.0059434064,simulation
1969-10-29,0.0030244144,simulation
1969-10-30,0.005050674,simulation
1969-10-31,0.00078999257,simulation
1969-11-01,0.0006886998,simulation
1969-11-02,0.0053533693,simulation
1969-11-03,0.0011996907,simulation
1969-11-04,0.0011284193,simulation
1969-11-05,0.0039165253,simulation
1969-11-06,0.0027725173,simulation
1969-11-07,0.0018233872,simulation
1969-11-08,0.002699026,simulation
1969-11-09,0.004727123,simulation
1969-11-10,0.005367252,simulation
1969-11-11,0.0046648644,simulation
1969-11-12,0.0038823155,simulation
1969-11-13,0.0010374484,simulation
1969-11-14,0.0031479495,simulation
1969-11-15,0.0026429181,simulation
1969-11-16,0.003058735,simulation
1969-11-17,0.0044348533,simulation
1969-11-18,0.0010613531,simulation
1969-11-19,0.004136044,simulation
1969-11-20,0.0030141661,simulation
1969-11-21,0.0034305668,simulation
1969-11-22,0.0031530242,simulation
1969-11-23,0.0011332773,simulation
1969-11-24,0.0017404711,simulation
1969-11-25,0.0010298947,simulation
1969-11-26,0.0007352392,simulation
1969-11-27,0.00058708625,simulation
1969-11-28,0.0014215179,simulation
1969-11-29,0.0012106613,simulation
1969-11-30,0.0022666738,simulation
1969-12-01,0.003086623,simulation
1969-12-02,0.0024498838,simulation
1969-12-03,0.003211284,simulation
1969-12-04,0.0027091436,simulation
1969-12-05,0.0010121622,simulation
1969-12-06,0.0005919661,simulation
1969-12-07,0.00073321507,simulation
1969-12-08,0.0006128421,simulation
1969-12-09,0.00078375865,simulation
1969-12-10,0.001013643,simulation
1969-12-11,0.001146892,simulation
1969-12-12,0.0017084461,simulation
1969-12-13,0.001968204,simulation
1969-12-14,0.0025440603,simulation
1969-12-15,0.0019341899,simulation
1969-12-16,0.0017823675,simulation
1969-12-17,0.001408655,simulation
1969-12-18,0.00096998084,simulation
1969-12-19,0.0006670878,simulation
1969-12-20,0.0009152623,simulation
1969-12-21,0.0006259771,simulation
1969-12-22,0.0010345094,simulation
1969-12-23,0.0022372887,simulation
1969-12-24,0.0015947906,simulation
1969-12-25,0.0007984038,simulation
1969-12-26,0.0015280474,simulation
1969-12-27,0.0018773396,simulation
1969-12-28,0.001371223,simulation
1969-12-29,0.00082659174,simulation
1969-12-30,0.00052049354,simulation
1969-12-31,0.0005404871,simulation
1970-01-01,0.0012912876,simulation
1970-01-02,0.0012352321,simulation
1970-01-03,0.0010251243,simulation
1970-01-04,0.0010896368,simulation
1970-01-05,0.0007565674,simulation
1970-01-06,0.00053436874,simulation
1970-01-07,0.0011713853,simulation
1970-01-08,0.0012239357,simulation
1970-01-09,0.0010910425,simulation
1970-01-10,0.00091172557,simulation
1970-01-11,0.0005094769,simulation
1970-01-12,0.0005440418,simulation
1970-01-13,0.0014314259,simulation
1970-01-14,0.0010167852,simulation
1970-01-15,0.0009785271,simulation
1970-01-16,0.0007435823,simulation
1970-01-17,0.00058325165,simulation
1970-01-18,0.0005602306,simulation
1970-01-19,0.00053257425,simulation
1970-01-20,0.0005285469,simulation
1970-01-21,0.0011360071,simulation
1970-01-22,0.0011494562,simulation
1970-01-23,0.0010290097,simulation
1970-01-24,0.0024392637,simulation
1970-01-25,0.0009991913,simulation
1970-01-26,0.0019192046,simulation
1970-01-27,0.0028960265,simulation
1970-01-28,0.001463819,simulation
1970-01-29,0.0015005349,simulation
1970-01-30,0.0035829984,simulation
1970-01-31,0.0018535736,simulation
1970-02-01,0.0008658456,simulation
1970-02-02,0.00199359,simulation
1970-02-03,0.0024340744,simulation
1970-02-04,0.0018370048,simulation
1970-02-05,0.0010073871,simulation
1970-02-06,0.0011771346,simulation
1970-02-07,0.0019252836,simulation
1970-02-08,0.0009215046,simulation
1970-02-09,0.0030254403,simulation
1970-02-10,0.0033581671,simulation
1970-02-11,0.0027441478,simulation
1970-02-12,0.003915205,simulation
1970-02-13,0.0010595303,simulation
1970-02-14,0.0011129173,simulation
1970-02-15,0.0009524535,simulation
1970-02-16,0.0005995162,simulation
1970-02-17,0.0027137538,simulation
1970-02-18,0.006577034,simulation
1970-02-19,0.0052756546,simulation
1970-02-20,0.0065917633,simulation
1970-02-21,0.0041430164,simulation
1970-02-22,0.0025649338,simulation
1970-02-23,0.0007893123,simulation
1970-02-24,0.00059058954,simulation
1970-02-25,0.00091023627,simulation
1970-02-26,0.0040549617,simulation
1970-02-27,0.0037913295,simulation
1970-02-28,0.0014694768,simulation
1970-03-01,0.0033604424,simulation
1970-03-02,0.0019074287,simulation
1970-03-03,0.00088856794,simulation
1970-03-04,0.0006684114,simulation
1970-03-05,0.00072592474,simulation
1970-03-06,0.0013701644,simulation
1970-03-07,0.00075715425,simulation
1970-03-08,0.0011128214,simulation
1970-03-09,0.012107763,simulation
1970-03-10,0.0056806137,simulation
1970-03-11,0.0006756505,simulation
1970-03-12,0.0006680081,simulation
1970-03-13,0.0015350028,simulation
1970-03-14,0.0052016354,simulation
1970-03-15,0.008617422,simulation
1970-03-16,0.0032570485,simulation
1970-03-17,0.0019492906,simulation
1970-03-18,0.004081012,simulation
1970-03-19,0.00082780246,simulation
1970-03-20,0.001011727,simulation
1970-03-21,0.0005880997,simulation
1970-03-22,0.0014028677,simulation
1970-03-23,0.00932488,simulation
1970-03-24,0.03827796,simulation
1970-03-25,0.010174844,simulation
1970-03-26,0.0033225294,simulation
1970-03-27,0.009897165,simulation
1970-03-28,0.0017527273,simulation
1970-03-29,0.0017143055,simulation
1970-03-30,0.0017431546,simulation
1970-03-31,0.003430276,simulation
1970-04-01,0.00703343,simulation
1970-04-02,0.02524279,simulation
1970-04-03,0.019545814,simulation
1970-04-04,0.0035597496,simulation
1970-04-05,0.0019228166,simulation
1970-04-06,0.030215193,simulation
1970-04-07,0.019933019,simulation
1970-04-08,0.01470613,simulation
1970-04-09,0.0013328312,simulation
1970-04-10,0.0007960696,simulation
1970-04-11,0.00071303296,simulation
1970-04-12,0.002774403,simulation
1970-04-13,0.004951839,simulation
1970-04-14,0.039793137,simulation
1970-04-15,0.00846521,simulation
1970-04-16,0.0011407994,simulation
1970-04-17,0.0021127877,simulation
1970-04-18,0.0024544785,simulation
1970-04-19,0.0019131447,simulation
1970-04-20,0.020378698,simulation
1970-04-21,0.06238652,simulation
1970-04-22,0.0071664876,simulation
1970-04-23,0.0075279325,simulation
1970-04-24,0.0014929662,simulation
1970-04-25,0.0017221,simulation
1970-04-26,0.0013875508,simulation
1970-04-27,0.0025182036,simulation
1970-04-28,0.0034817394,simulation
1970-04-29,0.00370211,simulation
1970-04-30,0.022611268,simulation
1970-05-01,0.0024691552,simulation
1970-05-02,0.0007986788,simulation
1970-05-03,0.0017028986,simulation
1970-05-04,0.047990765,simulation
1970-05-05,0.054299645,simulation
1970-05-06,0.030244626,simulation
1970-05-07,0.032660622,simulation
1970-05-08,0.093219325,simulation
1970-05-09,0.0059320414,simulation
1970-05-10,0.008340761,simulation
1970-05-11,0.011709359,simulation
1970-05-12,0.020775182,simulation
1970-05-13,0.016034538,simulation
1970-05-14,0.04166422,simulation
1970-05-15,0.022424933,simulation
1970-05-16,0.0015809175,simulation
1970-05-17,0.025593558,simulation
1970-05-18,0.03402808,simulation
1970-05-19,0.0063831024,simulation
1970-05-20,0.0035823928,simulation
1970-05-21,0.02128111,simulation
1970-05-22,0.025046159,simulation
1970-05-23,0.013915429,simulation
1970-05-24,0.043565348,simulation
1970-05-25,0.017096108,simulation
1970-05-26,0.039274488,simulation
1970-05-27,0.027871167,simulation
1970-05-28,0.011879015,simulation
1970-05-29,0.0051123397,simulation
1970-05-30,0.0012611639,simulation
1970-05-31,0.0047665415,simulation
1970-06-01,0.0012856476,simulation
1970-06-02,0.0011717882,simulation
1970-06-03,0.018497128,simulation
1970-06-04,0.013283519,simulation
1970-06-05,0.025623122,simulation
1970-06-06,0.015089262,simulation
1970-06-07,0.04859585,simulation
1970-06-08,0.06128865,simulation
1970-06-09,0.02373024,simulation
1970-06-10,0.002473575,simulation
1970-06-11,0.024910346,simulation
1970-06-12,0.008463825,simulation
1970-06-13,0.009156486,simulation
1970-06-14,0.0055917944,simulation
1970-06-15,0.0042364947,simulation
1970-06-16,0.035247553,simulation
1970-06-17,0.08335233,simulation
1970-06-18,0.08895973,simulation
1970-06-19,0.082180776,simulation
1970-06-20,0.03634101,simulation
1970-06-21,0.019141829,simulation
1970-06-22,0.017055376,simulation
1970-06-23,0.008852737,simulation
1970-06-24,0.0010387873,simulation
1970-06-25,0.0028438605,simulation
1970-06-26,0.026954789,simulation
1970-06-27,0.0038031898,simulation
1970-06-28,0.06674038,simulation
1970-06-29,0.065845706,simulation
1970-06-30,0.07663665,simulation
1970-07-01,0.024780514,simulation
1970-07-02,0.071433134,simulation
1970-07-03,0.046951033,simulation
1970-07-04,0.011063407,simulation
1970-07-05,0.034591056,simulation
1970-07-06,0.04636581,simulation
1970-07-07,0.08362659,simulation
1970-07-08,0.0015683714,simulation
1970-07-09,0.006574855,simulation
1970-07-10,0.01927569,simulation
1970-07-11,0.008101004,simulation
1970-07-12,0.015279973,simulation
1970-07-13,0.015945248,simulation
1970-07-14,0.046259344,simulation
1970-07-15,0.005302177,simulation
1970-07-16,0.00402059,simulation
1970-07-17,0.00461811,simulation
1970-07-18,0.030746175,simulation
1970-07-19,0.009362101,simulation
1970-07-20,0.0039928937,simulation
1970-07-21,0.0009232503,simulation
1970-07-22,0.0010458662,simulation
1970-07-23,0.0049150554,simulation
1970-07-24,0.0059632193,simulation
1970-07-25,0.001327353,simulation
1970-07-26,0.013798654,simulation
1970-07-27,0.029401923,simulation
1970-07-28,0.013461063,simulation
1970-07-29,0.03396848,simulation
1970-07-30,0.053935315,simulation
1970-07-31,0.050632153,simulation
1970-08-01,0.04075292,simulation
1970-08-02,0.037098322,simulation
1970-08-03,0.023026736,simulation
1970-08-04,0.0071111,simulation
1970-08-05,0.013064577,simulation
1970-08-06,0.008511718,simulation
1970-08-07,0.0039844867,simulation
1970-08-08,0.0023680015,simulation
1970-08-09,0.0037922896,simulation
1970-08-10,0.001103869,simulation
1970-08-11,0.008165679,simulation
1970-08-12,0.0048459307,simulation
1970-08-13,0.02627471,simulation
1970-08-14,0.035967577,simulation
1970-08-15,0.028366392,simulation
1970-08-16,0.009778407,simulation
1970-08-17,0.007341769,simulation
1970-08-18,0.00600154,simulation
1970-08-19,0.0051721367,simulation
1970-08-20,0.009994591,simulation
1970-08-21,0.0054699606,simulation
1970-08-22,0.0058550253,simulation
1970-08-23,0.001714746,simulation
1970-08-24,0.00740069,simulation
1970-08-25,0.032356605,simulation
1970-08-26,0.008974111,simulation
1970-08-27,0.0028178864,simulation
1970-08-28,0.00389084,simulation
1970-08-29,0.003654565,simulation
1970-08-30,0.017423697,simulation
1970-08-31,0.008050008,simulation
1970-09-01,0.0048139426,simulation
1970-09-02,0.006118429,simulation
1970-09-03,0.0021893317,simulation
1970-09-04,0.0076446626,simulation
1970-09-05,0.011770367,simulation
1970-09-06,0.027752845,simulation
1970-09-07,0.015254975,simulation
1970-09-08,0.0047649434,simulation
1970-09-09,0.0343526,simulation
1970-09-10,0.02847268,simulation
1970-09-11,0.011611422,simulation
1970-09-12,0.017843936,simulation
1970-09-13,0.03206126,simulation
1970-09-14,0.050057586,simulation
1970-09-15,0.024780514,simulation
1970-09-16,0.009299893,simulation
1970-09-17,0.00846729,simulation
1970-09-18,0.011219044,simulation
1970-09-19,0.032100815,simulation
1970-09-20,0.020499893,simulation
1970-09-21,0.019674657,simulation
1970-09-22,0.019017426,simulation
1970-09-23,0.0023665903,simulation
1970-09-24,0.0018330815,simulation
1970-09-25,0.0019941016,simulation
1970-09-26,0.015011697,simulation
1970-09-27,0.0011025416,simulation
1970-09-28,0.022587907,simulation
1970-09-29,0.028974101,simulation
1970-09-30,0.022266233,simulation
1970-10-01,0.020478372,simulation
1970-10-02,0.0051721367,simulation
1970-10-03,0.008398302,simulation
1970-10-04,0.030330952,simulation
1970-10-05,0.003641617,simulation
1970-10-06,0.0013180461,simulation
1970-10-07,0.0010037553,simulation
1970-10-08,0.003289212,simulation
1970-10-09,0.0067329877,simulation
1970-10-10,0.0116328085,simulation
1970-10-11,0.001983228,simulation
1970-10-12,0.00074936886,simulation
1970-10-13,0.001446602,simulation
1970-10-14,0.003451531,simulation
1970-10-15,0.0008871158,simulation
1970-10-16,0.014870415,simulation
1970-10-17,0.0031346325,simulation
1970-10-18,0.000825312,simulation
1970-10-19,0.00071156025,simulation
1970-10-20,0.0007023024,simulation
1970-10-21,0.0011514332,simulation
1970-10-22,0.0077893077,simulation
1970-10-23,0.0010284791,simulation
1970-10-24,0.0033887238,simulation
1970-10-25,0.005902004,simulation
1970-10-26,0.0114847645,simulation
1970-10-27,0.0024175427,simulation
1970-10-28,0.00082035334,simulation
1970-10-29,0.0026453924,simulation
1970-10-30,0.005665008,simulation
1970-10-31,0.006017034,simulation
1970-11-01,0.001806003,simulation
1970-11-02,0.0010444283,simulation
1970-11-03,0.0020795024,simulation
1970-11-04,0.0014029879,simulation
1970-11-05,0.0042218985,simulation
1970-11-06,0.005069734,simulation
1970-11-07,0.003920492,simulation
1970-11-08,0.003229021,simulation
1970-11-09,0.0012758633,simulation
1970-11-10,0.0028330095,simulation
1970-11-11,0.0008826994,simulation
1970-11-12,0.0006515198,simulation
1970-11-13,0.0016209554,simulation
1970-11-14,0.0005348761,simulation
1970-11-15,0.0008557702,simulation
1970-11-16,0.0026067428,simulation
1970-11-17,0.0016149969,simulation
1970-11-18,0.0037357192,simulation
1970-11-19,0.0011250312,simulation
1970-11-20,0.00419886,simulation
1970-11-21,0.0031782486,simulation
1970-11-22,0.0011108151,simulation
1970-11-23,0.004671133,simulation
1970-11-24,0.0019690443,simulation
1970-11-25,0.002030368,simulation
1970-11-26,0.0021711006,simulation
1970-11-27,0.001186677,simulation
1970-11-28,0.00073270965,simulation
1970-11-29,0.0017281532,simulation
1970-11-30,0.0025877357,simulation
1970-12-01,0.0014126472,simulation
1970-12-02,0.0010672993,simulation
1970-12-03,0.0008000553,simulation
1970-12-04,0.005462204,simulation
1970-12-05,0.0012966183,simulation
1970-12-06,0.006077372,simulation
1970-12-07,0.0027706325,simulation
1970-12-08,0.0024494654,simulation
1970-12-09,0.0015674316,simulation
1970-12-10,0.0013093655,simulation
1970-12-11,0.0007091731,simulation
1970-12-12,0.00072093913,simulation
1970-12-13,0.0007769044,simulation
1970-12-14,0.0012839928,simulation
1970-12-15,0.00072149845,simulation
1970-12-16,0.0011642635,simulation
1970-12-17,0.001846928,simulation
1970-12-18,0.0011644635,simulation
1970-12-19,0.00085739157,simulation
1970-12-20,0.00079387944,simulation
1970-12-21,0.0023297651,simulation
1970-12-22,0.0010548952,simulation
1970-12-23,0.0010212539,simulation
1970-12-24,0.0025992116,simulation
1970-12-25,0.0015406697,simulation
1970-12-26,0.0014961689,simulation
1970-12-27,0.0017265268,simulation
1970-12-28,0.00089247595,simulation
1970-12-29,0.0006135292,simulation
1970-12-30,0.00059232325,simulation
1970-12-31,0.00072561234,simulation
1971-01-01,0.0015666255,simulation
1971-01-02,0.0018135878,simulation
1971-01-03,0.0017159204,simulation
1971-01-04,0.0010153004,simulation
1971-01-05,0.0010945172,simulation
1971-01-06,0.0013833916,simulation
1971-01-07,0.00086778525,simulation
1971-01-08,0.0005189694,simulation
1971-01-09,0.00054371357,simulation
1971-01-10,0.0006129478,simulation
1971-01-11,0.0010918868,simulation
1971-01-12,0.0008035071,simulation
1971-01-13,0.0006641053,simulation
1971-01-14,0.0008858953,simulation
1971-01-15,0.0012805815,simulation
1971-01-16,0.0013356934,simulation
1971-01-17,0.0014706113,simulation
1971-01-18,0.00070145587,simulation
1971-01-19,0.0024202222,simulation
1971-01-20,0.0016069943,simulation
1971-01-21,0.0019541276,simulation
1971-01-22,0.0010995141,simulation
1971-01-23,0.0007644932,simulation
1971-01-24,0.00073676056,simulation
1971-01-25,0.0008432661,simulation
1971-01-26,0.005908394,simulation
1971-01-27,0.0029209715,simulation
1971-01-28,0.0023835914,simulation
1971-01-29,0.0014353595,simulation
1971-01-30,0.0013498636,simulation
1971-01-31,0.0011817948,simulation
1971-02-01,0.0034556226,simulation
1971-02-02,0.0016023217,simulation
1971-02-03,0.0013447779,simulation
1971-02-04,0.0007139547,simulation
1971-02-05,0.0032766978,simulation
1971-02-06,0.0034233169,simulation
1971-02-07,0.0013427022,simulation
1971-02-08,0.0010033242,simulation
1971-02-09,0.0013676983,simulation
1971-02-10,0.002244743,simulation
1971-02-11,0.002903167,simulation
1971-02-12,0.00076772604,simulation
1971-02-13,0.0013266698,simulation
1971-02-14,0.0025822362,simulation
1971-02-15,0.002043067,simulation
1971-02-16,0.0040389313,simulation
1971-02-17,0.0037262659,simulation
1971-02-18,0.0030093107,simulation
1971-02-19,0.0012813509,simulation
1971-02-20,0.0013282644,simulation
1971-02-21,0.0011191502,simulation
1971-02-22,0.0053533693,simulation
1971-02-23,0.00584285,simulation
1971-02-24,0.0021761083,simulation
1971-02-25,0.0047733434,simulation
1971-02-26,0.00081360125,simulation
1971-02-27,0.012845855,simulation
1971-02-28,0.0012127422,simulation
1971-03-01,0.000757676,simulation
1971-03-02,0.0005727361,simulation
1971-03-03,0.00085048267,simulation
1971-03-04,0.0046472773,simulation
1971-03-05,0.004686839,simulation
1971-03-06,0.0013209899,simulation
1971-03-07,0.0061026844,simulation
1971-03-08,0.006473736,simulation
1971-03-09,0.0047485856,simulation
1971-03-10,0.004366772,simulation
1971-03-11,0.00938877,simulation
1971-03-12,0.0017877122,simulation
1971-03-13,0.0006894717,simulation
1971-03-14,0.0022344277,simulation
1971-03-15,0.034106124,simulation
1971-03-16,0.018298054,simulation
1971-03-17,0.013198683,simulation
1971-03-18,0.0040057055,simulation
1971-03-19,0.023294073,simulation
1971-03-20,0.014202891,simulation
1971-03-21,0.0013831543,simulation
1971-03-22,0.0022192323,simulation
1971-03-23,0.0022069598,simulation
1971-03-24,0.01124969,simulation
1971-03-25,0.0010322882,simulation
1971-03-26,0.00082495704,simulation
1971-03-27,0.015513823,simulation
1971-03-28,0.0011430559,simulation
1971-03-29,0.01693369,simulation
1971-03-30,0.019017426,simulation
1971-03-31,0.011978064,simulation
1971-04-01,0.0012112851,simulation
1971-04-02,0.023098003,simulation
1971-04-03,0.022921862,simulation
1971-04-04,0.019420628,simulation
1971-04-05,0.0029831198,simulation
1971-04-06,0.0031330383,simulation
1971-04-07,0.024397869,simulation
1971-04-08,0.015979925,simulation
1971-04-09,0.038544867,simulation
1971-04-10,0.025828948,simulation
1971-04-11,0.046531394,simulation
1971-04-12,0.07132055,simulation
1971-04-13,0.026604468,simulation
1971-04-14,0.021845965,simulation
1971-04-15,0.013283519,simulation
1971-04-16,0.02123037,simulation
1971-04-17,0.005418598,simulation
1971-04-18,0.0021751798,simulation
1971-04-19,0.041574888,simulation
1971-04-20,0.0019295663,simulation
1971-04-21,0.0012843237,simulation
1971-04-22,0.0011091934,simulation
1971-04-23,0.008003914,simulation
1971-04-24,0.051165704,simulation
1971-04-25,0.01020779,simulation
1971-04-26,0.0027938057,simulation
1971-04-27,0.0016395232,simulation
1971-04-28,0.036646996,simulation
1971-04-29,0.0012577045,simulation
1971-04-30,0.0006487181,simulation
1971-05-01,0.03855988,simulation
1971-05-02,0.008857795,simulation
1971-05-03,0.010178957,simulation
1971-05-04,0.044681992,simulation
1971-05-05,0.002515419,simulation
1971-05-06,0.002343308,simulation
1971-05-07,0.003072518,simulation
1971-05-08,0.01085637,simulation
1971-05-09,0.0010914181,simulation
1971-05-10,0.0016706991,simulation
1971-05-11,0.0016764305,simulation
1971-05-12,0.0006960975,simulation
1971-05-13,0.0010069539,simulation
1971-05-14,0.008307368,simulation
1971-05-15,0.01417168,simulation
1971-05-16,0.058628775,simulation
1971-05-17,0.08064157,simulation
1971-05-18,0.028678099,simulation
1971-05-19,0.0049039465,simulation
1971-05-20,0.0014775618,simulation
1971-05-21,0.08361668,simulation
1971-05-22,0.0108791,simulation
1971-05-23,0.018077355,simulation
1971-05-24,0.0027206857,simulation
1971-05-25,0.04589896,simulation
1971-05-26,0.05436353,simulation
1971-05-27,0.0022748061,simulation
1971-05-28,0.0032099232,simulation
1971-05-29,0.04004131,simulation
1971-05-30,0.024854383,simulation
1971-05-31,0.022913417,simulation
1971-06-01,0.01478344,simulation
1971-06-02,0.044555876,simulation
1971-06-03,0.039089985,simulation
1971-06-04,0.056190293,simulation
1971-06-05,0.05818033,simulation
1971-06-06,0.006136761,simulation
1971-06-07,0.0052125216,simulation
1971-06-08,0.04601332,simulation
1971-06-09,0.016150523,simulation
1971-06-10,0.012405533,simulation
1971-06-11,0.03834022,simulation
1971-06-12,0.022136334,simulation
1971-06-13,0.02568788,simulation
1971-06-14,0.10588227,simulation
1971-06-15,0.07162528,simulation
1971-06-16,0.05039723,simulation
1971-06-17,0.014645236,simulation
1971-06-18,0.048892718,simulation
1971-06-19,0.012208558,simulation
1971-06-20,0.0138008315,simulation
1971-06-21,0.0074791294,simulation
1971-06-22,0.009180367,simulation
1971-06-23,0.053883776,simulation
1971-06-24,0.044249672,simulation
1971-06-25,0.018355345,simulation
1971-06-26,0.054891042,simulation
1971-06-27,0.003187152,simulation
1971-06-28,0.024332207,simulation
1971-06-29,0.022706589,simulation
1971-06-30,0.007941755,simulation
1971-07-01,0.010496937,simulation
1971-07-02,0.0020605887,simulation
1971-07-03,0.008442393,simulation
1971-07-04,0.010724372,simulation
1971-07-05,0.01775266,simulation
1971-07-06,0.005291994,simulation
1971-07-07,0.0077223764,simulation
1971-07-08,0.014485448,simulation
1971-07-09,0.038123876,simulation
1971-07-10,0.007129322,simulation
1971-07-11,0.044451848,simulation
1971-07-12,0.029616592,simulation
1971-07-13,0.026814606,simulation
1971-07-14,0.018644111,simulation
1971-07-15,0.06208501,simulation
1971-07-16,0.049329665,simulation
1971-07-17,0.0033726974,simulation
1971-07-18,0.033801533,simulation
1971-07-19,0.026505569,simulation
1971-07-20,0.0016876617,simulation
1971-07-21,0.025326908,simulation
1971-07-22,0.060788322,simulation
1971-07-23,0.0019131447,simulation
1971-07-24,0.0017226895,simulation
1971-07-25,0.0012775077,simulation
1971-07-26,0.0030981638,simulation
1971-07-27,0.0018567459,simulation
1971-07-28,0.0029048931,simulation
1971-07-29,0.002465163,simulation
1971-07-30,0.003036757,simulation
1971-07-31,0.0011481737,simulation
1971-08-01,0.00190694,simulation
1971-08-02,0.0016375582,simulation
1971-08-03,0.0072187083,simulation
1971-08-04,0.015394706,simulation
1971-08-05,0.018733637,simulation
1971-08-06,0.0043940297,simulation
1971-08-07,0.0037152674,simulation
1971-08-08,0.009760984,simulation
1971-08-09,0.002635734,simulation
1971-08-10,0.0042791353,simulation
1971-08-11,0.010778902,simulation
1971-08-12,0.028779197,simulation
1971-08-13,0.042804517,simulation
1971-08-14,0.030290928,simulation
1971-08-15,0.031081839,simulation
1971-08-16,0.041614294,simulation
1971-08-17,0.016569357,simulation
1971-08-18,0.031191451,simulation
1971-08-19,0.031099014,simulation
1971-08-20,0.035395928,simulation
1971-08-21,0.005682983,simulation
1971-08-22,0.005287573,simulation
1971-08-23,0.0026465172,simulation
1971-08-24,0.02209536,simulation
1971-08-25,0.014255422,simulation
1971-08-26,0.04280985,simulation
1971-08-27,0.05783005,simulation
1971-08-28,0.04626495,simulation
1971-08-29,0.05874502,simulation
1971-08-30,0.0014788287,simulation
1971-08-31,0.0021829894,simulation
1971-09-01,0.0009868094,simulation
1971-09-02,0.0028277196,simulation
1971-09-03,0.009623431,simulation
1971-09-04,0.0062874155,simulation
1971-09-05,0.002097512,simulation
1971-09-06,0.0058006705,simulation
1971-09-07,0.026883662,simulation
1971-09-08,0.021419568,simulation
1971-09-09,0.0078368075,simulation
1971-09-10,0.0085935155,simulation
1971-09-11,0.0024039873,simulation
1971-09-12,0.019417694,simulation
1971-09-13,0.04881192,simulation
1971-09-14,0.052843083,simulation
1971-09-15,0.004040293,simulation
1971-09-16,0.0007673295,simulation
1971-09-17,0.0016492383,simulation
1971-09-18,0.005430827,simulation
1971-09-19,0.0010483863,simulation
1971-09-20,0.0008346001,simulation
1971-09-21,0.002188771,simulation
1971-09-22,0.013900101,simulation
1971-09-23,0.0031863414,simulation
1971-09-24,0.005488255,simulation
1971-09-25,0.008538903,simulation
1971-09-26,0.0027866918,simulation
1971-09-27,0.0027040807,simulation
1971-09-28,0.016001001,simulation
1971-09-29,0.018380547,simulation
1971-09-30,0.015318128,simulation
1971-10-01,0.018523905,simulation
1971-10-02,0.017080331,simulation
1971-10-03,0.009425464,simulation
1971-10-04,0.0038584755,simulation
1971-10-05,0.0019038452,simulation
1971-10-06,0.011201052,simulation
1971-10-07,0.024640488,simulation
1971-10-08,0.010748575,simulation
1971-10-09,0.0011727951,simulation
1971-10-10,0.01893823,simulation
1971-10-11,0.012603399,simulation
1971-10-12,0.009934902,simulation
1971-10-13,0.0012546845,simulation
1971-10-14,0.0048552826,simulation
1971-10-15,0.004042677,simulation
1971-10-16,0.0030488898,simulation
1971-10-17,0.0022026335,simulation
1971-10-18,0.0010864577,simulation
1971-10-19,0.016770044,simulation
1971-10-20,0.00085224136,simulation
1971-10-21,0.00089316757,simulation
1971-10-22,0.0020533868,simulation
1971-10-23,0.0030779955,simulation
1971-10-24,0.00079353753,simulation
1971-10-25,0.0028705588,simulation
1971-10-26,0.0053123776,simulation
1971-10-27,0.009675091,simulation
1971-10-28,0.0061428854,simulation
1971-10-29,0.012648541,simulation
1971-10-30,0.0018415663,simulation
1971-10-31,0.0010591655,simulation
1971-11-01,0.0036709665,simulation
1971-11-02,0.0012574879,simulation
1971-11-03,0.014609714,simulation
1971-11-04,0.006096095,simulation
1971-11-05,0.0069836397,simulation
1971-11-06,0.0014233476,simulation
1971-11-07,0.009885147,simulation
1971-11-08,0.004848775,simulation
1971-11-09,0.0007729004,simulation
1971-11-10,0.0032728135,simulation
1971-11-11,0.0036595082,simulation
1971-11-12,0.0046119117,simulation
1971-11-13,0.0018770185,simulation
1971-11-14,0.0010668411,simulation
1971-11-15,0.0029838788,simulation
1971-11-16,0.004081701,simulation
1971-11-17,0.002385013,simulation
1971-11-18,0.0027017824,simulation
1971-11-19,0.0006873955,simulation
1971-11-20,0.0034082842,simulation
1971-11-21,0.0056240647,simulation
1971-11-22,0.002656668,simulation
1971-11-23,0.000616286,simulation
1971-11-24,0.0007799882,simulation
1971-11-25,0.0010219566,simulation
1971-11-26,0.00070947886,simulation
1971-11-27,0.0030613309,simulation
1971-11-28,0.0008356064,simulation
1971-11-29,0.002683465,simulation
1971-11-30,0.0021685085,simulation
1971-12-01,0.00070296845,simulation
1971-12-02,0.00072398875,simulation
1971-12-03,0.0005467228,simulation
1971-12-04,0.0005624575,simulation
1971-12-05,0.00053570705,simulation
1971-12-06,0.0005615366,simulation
1971-12-07,0.0006820265,simulation
1971-12-08,0.0008759644,simulation
1971-12-09,0.0013375281,simulation
1971-12-10,0.0014839084,simulation
1971-12-11,0.0013805468,simulation
1971-12-12,0.00092229765,simulation
1971-12-13,0.00064537197,simulation
1971-12-14,0.0009495909,simulation
1971-12-15,0.0009219008,simulation
1971-12-16,0.0013234863,simulation
1971-12-17,0.0007611424,simulation
1971-12-18,0.0028661736,simulation
1971-12-19,0.00090796774,simulation
1971-12-20,0.0020103506,simulation
1971-12-21,0.0020388837,simulation
1971-12-22,0.00244613,simulation
1971-12-23,0.0014952712,simulation
1971-12-24,0.0009097665,simulation
1971-12-25,0.0012199485,simulation
1971-12-26,0.0010295407,simulation
1971-12-27,0.000950817,simulation
1971-12-28,0.00060106895,simulation
1971-12-29,0.0006606798,simulation
1971-12-30,0.00080906064,simulation
1971-12-31,0.0012780557,simulation
1972-01-01,0.0010410222,simulation
1972-01-02,0.00080815586,simulation
1972-01-03,0.00060548965,simulation
1972-01-04,0.0005571952,simulation
1972-01-05,0.00069454,simulation
1972-01-06,0.0012037153,simulation
1972-01-07,0.0015098238,simulation
1972-01-08,0.002207902,simulation
1972-01-09,0.0008246731,simulation
1972-01-10,0.0008039223,simulation
1972-01-11,0.00097014767,simulation
1972-01-12,0.0029431267,simulation
1972-01-13,0.0018029162,simulation
1972-01-14,0.0021238173,simulation
1972-01-15,0.003075647,simulation
1972-01-16,0.0018799092,simulation
1972-01-17,0.002241681,simulation
1972-01-18,0.0016853522,simulation
1972-01-19,0.0011770332,simulation
1972-01-20,0.00062349974,simulation
1972-01-21,0.00059709186,simulation
1972-01-22,0.00077496696,simulation
1972-01-23,0.0010932012,simulation
1972-01-24,0.0031968916,simulation
1972-01-25,0.008449992,simulation
1972-01-26,0.001986959,simulation
1972-01-27,0.00086786,simulation
1972-01-28,0.0005655703,simulation
1972-01-29,0.00050405576,simulation
1972-01-30,0.00065580127,simulation
1972-01-31,0.001643036,simulation
1972-02-01,0.0007064901,simulation
1972-02-02,0.00052786374,simulation
1972-02-03,0.0010152127,simulation
1972-02-04,0.0024169257,simulation
1972-02-05,0.0024490494,simulation
1972-02-06,0.0010453265,simulation
1972-02-07,0.00069316453,simulation
1972-02-08,0.0016217884,simulation
1972-02-09,0.002539084,simulation
1972-02-10,0.001295283,simulation
1972-02-11,0.0013512545,simulation
1972-02-12,0.0009894435,simulation
1972-02-13,0.0017990647,simulation
1972-02-14,0.0020474338,simulation
1972-02-15,0.0008894859,simulation
1972-02-16,0.0010168728,simulation
1972-02-17,0.0025925855,simulation
1972-02-18,0.007934587,simulation
1972-02-19,0.0087908385,simulation
1972-02-20,0.0016320985,simulation
1972-02-21,0.004180517,simulation
1972-02-22,0.00079531624,simulation
1972-02-23,0.0024739965,simulation
1972-02-24,0.0030527727,simulation
1972-02-25,0.0018828042,simulation
1972-02-26,0.0011217495,simulation
1972-02-27,0.0013010766,simulation
1972-02-28,0.007814951,simulation
1972-02-29,0.0014359745,simulation
1972-03-01,0.0015836281,simulation
1972-03-02,0.00072075275,simulation
1972-03-03,0.0008955529,simulation
1972-03-04,0.0018428266,simulation
1972-03-05,0.0132394675,simulation
1972-03-06,0.008435487,simulation
1972-03-07,0.0022759703,simulation
1972-03-08,0.0052928785,simulation
1972-03-09,0.011522534,simulation
1972-03-10,0.0102831125,simulation
1972-03-11,0.020907745,simulation
1972-03-12,0.013310861,simulation
1972-03-13,0.0036502436,simulation
1972-03-14,0.009179622,simulation
1972-03-15,0.0051743,simulation
1972-03-16,0.012582383,simulation
1972-03-17,0.014284553,simulation
1972-03-18,0.0022860845,simulation
1972-03-19,0.012629463,simulation
1972-03-20,0.0046309223,simulation
1972-03-21,0.0023021235,simulation
1972-03-22,0.034133714,simulation
1972-03-23,0.02804938,simulation
1972-03-24,0.002104686,simulation
1972-03-25,0.0015891998,simulation
1972-03-26,0.0018983203,simulation
1972-03-27,0.0028045091,simulation
1972-03-28,0.017193682,simulation
1972-03-29,0.002952136,simulation
1972-03-30,0.0033704152,simulation
1972-03-31,0.008000631,simulation
1972-04-01,0.008405863,simulation
1972-04-02,0.018553546,simulation
1972-04-03,0.015513823,simulation
1972-04-04,0.0013841036,simulation
1972-04-05,0.0048687314,simulation
1972-04-06,0.001452817,simulation
1972-04-07,0.011139186,simulation
1972-04-08,0.0033553252,simulation
1972-04-09,0.025682323,simulation
1972-04-10,0.019760959,simulation
1972-04-11,0.0018588115,simulation
1972-04-12,0.0038183075,simulation
1972-04-13,0.020144204,simulation
1972-04-14,0.018499946,simulation
1972-04-15,0.013003659,simulation
1972-04-16,0.066246964,simulation
1972-04-17,0.055811144,simulation
1972-04-18,0.04780804,simulation
1972-04-19,0.031988837,simulation
1972-04-20,0.0046115243,simulation
1972-04-21,0.001984753,simulation
1972-04-22,0.041801102,simulation
1972-04-23,0.051218923,simulation
1972-04-24,0.044896338,simulation
1972-04-25,0.048760023,simulation
1972-04-26,0.0041010035,simulation
1972-04-27,0.0074208374,simulation
1972-04-28,0.0014370834,simulation
1972-04-29,0.0026898615,simulation
1972-04-30,0.0053762253,simulation
1972-05-01,0.005239176,simulation
1972-05-02,0.0010059155,simulation
1972-05-03,0.0066251555,simulation
1972-05-04,0.060505312,simulation
1972-05-05,0.01277572,simulation
1972-05-06,0.009606266,simulation
1972-05-07,0.0009192871,simulation
1972-05-08,0.0036440804,simulation
1972-05-09,0.017667213,simulation
1972-05-10,0.00326423,simulation
1972-05-11,0.0016170732,simulation
1972-05-12,0.001000481,simulation
1972-05-13,0.00350894,simulation
1972-05-14,0.009998635,simulation
1972-05-15,0.0395536,simulation
1972-05-16,0.0678216,simulation
1972-05-17,0.008344176,simulation
1972-05-18,0.055025574,simulation
1972-05-19,0.077711806,simulation
1972-05-20,0.061425935,simulation
1972-05-21,0.07747881,simulation
1972-05-22,0.0811329,simulation
1972-05-23,0.04856995,simulation
1972-05-24,0.007177731,simulation
1972-05-25,0.076613344,simulation
1972-05-26,0.03418661,simulation
1972-05-27,0.0133308675,simulation
1972-05-28,0.022020128,simulation
1972-05-29,0.011839229,simulation
1972-05-30,0.00797965,simulation
1972-05-31,0.0054653967,simulation
1972-06-01,0.08142821,simulation
1972-06-02,0.08829314,simulation
1972-06-03,0.10036952,simulation
1972-06-04,0.069549106,simulation
1972-06-05,0.09320658,simulation
1972-06-06,0.097001925,simulation
1972-06-07,0.07421775,simulation
1972-06-08,0.032801125,simulation
1972-06-09,0.0053190403,simulation
1972-06-10,0.00330849,simulation
1972-06-11,0.009930076,simulation
1972-06-12,0.037873738,simulation
1972-06-13,0.025495835,simulation
1972-06-14,0.00707012,simulation
1972-06-15,0.0018720501,simulation
1972-06-16,0.0011039631,simulation
1972-06-17,0.0038083303,simulation
1972-06-18,0.07824432,simulation
1972-06-19,0.008850574,simulation
1972-06-20,0.07612073,simulation
1972-06-21,0.03716416,simulation
1972-06-22,0.004199213,simulation
1972-06-23,0.030179488,simulation
1972-06-24,0.010804087,simulation
1972-06-25,0.0012684384,simulation
1972-06-26,0.0065406207,simulation
1972-06-27,0.027591769,simulation
1972-06-28,0.026342671,simulation
1972-06-29,0.0016426146,simulation
1972-06-30,0.018011179,simulation
1972-07-01,0.0068108737,simulation
1972-07-02,0.026471417,simulation
1972-07-03,0.019676141,simulation
1972-07-04,0.0014010641,simulation
1972-07-05,0.0018083218,simulation
1972-07-06,0.05936226,simulation
1972-07-07,0.05986474,simulation
1972-07-08,0.04055615,simulation
1972-07-09,0.010661505,simulation
1972-07-10,0.045910113,simulation
1972-07-11,0.07379893,simulation
1972-07-12,0.029329946,simulation
1972-07-13,0.0088318195,simulation
1972-07-14,0.008019033,simulation
1972-07-15,0.0076484364,simulation
1972-07-16,0.01153361,simulation
1972-07-17,0.0201336,simulation
1972-07-18,0.01807183,simulation
1972-07-19,0.032246176,simulation
1972-07-20,0.051818006,simulation
1972-07-21,0.058453005,simulation
1972-07-22,0.039266896,simulation
1972-07-23,0.021743957,simulation
1972-07-24,0.033119436,simulation
1972-07-25,0.030799441,simulation
1972-07-26,0.008142955,simulation
1972-07-27,0.015176652,simulation
1972-07-28,0.0135634765,simulation
1972-07-29,0.0021748086,simulation
1972-07-30,0.0031925591,simulation
1972-07-31,0.007834235,simulation
1972-08-01,0.028708393,simulation
1972-08-02,0.022088805,simulation
1972-08-03,0.05178529,simulation
1972-08-04,0.029334046,simulation
1972-08-05,0.047509097,simulation
1972-08-06,0.08236628,simulation
1972-08-07,0.11787071,simulation
1972-08-08,0.023544969,simulation
1972-08-09,0.04908055,simulation
1972-08-10,0.010220997,simulation
1972-08-11,0.014252061,simulation
1972-08-12,0.013094617,simulation
1972-08-13,0.0026673093,simulation
1972-08-14,0.041056994,simulation
1972-08-15,0.028619574,simulation
1972-08-16,0.053680927,simulation
1972-08-17,0.041972596,simulation
1972-08-18,0.055768058,simulation
1972-08-19,0.0436059,simulation
1972-08-20,0.06386846,simulation
1972-08-21,0.06012449,simulation
1972-08-22,0.021566804,simulation
1972-08-23,0.026105436,simulation
1972-08-24,0.026770566,simulation
1972-08-25,0.0218557,simulation
1972-08-26,0.008144289,simulation
1972-08-27,0.034749113,simulation
1972-08-28,0.05142022,simulation
1972-08-29,0.021679396,simulation
1972-08-30,0.06229985,simulation
1972-08-31,0.029672518,simulation
1972-09-01,0.047580186,simulation
1972-09-02,0.038888417,simulation
1972-09-03,0.026017372,simulation
1972-09-04,0.014997631,simulation
1972-09-05,0.002985146,simulation
1972-09-06,0.01009536,simulation
1972-09-07,0.0066531976,simulation
1972-09-08,0.015171917,simulation
1972-09-09,0.018908067,simulation
1972-09-10,0.048409004,simulation
1972-09-11,0.04199109,simulation
1972-09-12,0.07771514,simulation
1972-09-13,0.06779535,simulation
1972-09-14,0.05744634,simulation
1972-09-15,0.043912143,simulation
1972-09-16,0.021187643,simulation
1972-09-17,0.004768141,simulation
1972-09-18,0.010479173,simulation
1972-09-19,0.027345698,simulation
1972-09-20,0.049141318,simulation
1972-09-21,0.018556368,simulation
1972-09-22,0.0026283446,simulation
1972-09-23,0.009120033,simulation
1972-09-24,0.02308102,simulation
1972-09-25,0.0053578443,simulation
1972-09-26,0.0026823233,simulation
1972-09-27,0.0055089057,simulation
1972-09-28,0.0029694778,simulation
1972-09-29,0.0054699606,simulation
1972-09-30,0.0069531207,simulation
1972-10-01,0.023318037,simulation
1972-10-02,0.01981468,simulation
1972-10-03,0.0041745366,simulation
1972-10-04,0.0073260516,simulation
1972-10-05,0.011695319,simulation
1972-10-06,0.005186867,simulation
1972-10-07,0.0028200417,simulation
1972-10-08,0.007137564,simulation
1972-10-09,0.021464286,simulation
1972-10-10,0.028827837,simulation
1972-10-11,0.021379707,simulation
1972-10-12,0.0062780282,simulation
1972-10-13,0.0077427174,simulation
1972-10-14,0.015680015,simulation
1972-10-15,0.0068589235,simulation
1972-10-16,0.014310375,simulation
1972-10-17,0.014247588,simulation
1972-10-18,0.0048504015,simulation
1972-10-19,0.0010375374,simulation
1972-10-20,0.002390914,simulation
1972-10-21,0.0040889285,simulation
1972-10-22,0.0019466266,simulation
1972-10-23,0.00164163,simulation
1972-10-24,0.0024580352,simulation
1972-10-25,0.0012845442,simulation
1972-10-26,0.0010166104,simulation
1972-10-27,0.0010041005,simulation
1972-10-28,0.0008382725,simulation
1972-10-29,0.0010933891,simulation
1972-10-30,0.0021979406,simulation
1972-10-31,0.0035241076,simulation
1972-11-01,0.004338584,simulation
1972-11-02,0.0018717302,simulation
1972-11-03,0.0024601296,simulation
1972-11-04,0.008420318,simulation
1972-11-05,0.0024307596,simulation
1972-11-06,0.0029103258,simulation
1972-11-07,0.0015016932,simulation
1972-11-08,0.005060408,simulation
1972-11-09,0.0016514992,simulation
1972-11-10,0.004176646,simulation
1972-11-11,0.0009336339,simulation
1972-11-12,0.0058001876,simulation
1972-11-13,0.0008516547,simulation
1972-11-14,0.0016131996,simulation
1972-11-15,0.0010110314,simulation
1972-11-16,0.0007251748,simulation
1972-11-17,0.0012292018,simulation
1972-11-18,0.00076944724,simulation
1972-11-19,0.00087332935,simulation
1972-11-20,0.00093596603,simulation
1972-11-21,0.0008746081,simulation
1972-11-22,0.0010159118,simulation
1972-11-23,0.0010632701,simulation
1972-11-24,0.00088414387,simulation
1972-11-25,0.0006905418,simulation
1972-11-26,0.003994914,simulation
1972-11-27,0.0029884411,simulation
1972-11-28,0.0015591279,simulation
1972-11-29,0.00094494596,simulation
1972-11-30,0.0015023372,simulation
1972-12-01,0.0025143477,simulation
1972-12-02,0.0025291617,simulation
1972-12-03,0.001788936,simulation
1972-12-04,0.0011592736,simulation
1972-12-05,0.0007677923,simulation
1972-12-06,0.0009088273,simulation
1972-12-07,0.0013900519,simulation
1972-12-08,0.0009577117,simulation
1972-12-09,0.001264416,simulation
1972-12-10,0.0007346692,simulation
1972-12-11,0.00058259844,simulation
1972-12-12,0.0010016002,simulation
1972-12-13,0.0006360393,simulation
1972-12-14,0.0005712562,simulation
1972-12-15,0.00080053776,simulation
1972-12-16,0.0024548967,simulation
1972-12-17,0.0015683714,simulation
1972-12-18,0.0017358601,simulation
1972-12-19,0.0009819836,simulation
1972-12-20,0.00055131596,simulation
1972-12-21,0.0006032495,simulation
1972-12-22,0.00067454507,simulation
1972-12-23,0.0006127894,simulation
1972-12-24,0.0011075741,simulation
1972-12-25,0.0011751144,simulation
1972-12-26,0.00079572684,simulation
1972-12-27,0.001840307,simulation
1972-12-28,0.0017501792,simulation
1972-12-29,0.0012443867,simulation
1972-12-30,0.000970064,simulation
1972-12-31,0.0012709446,simulation
1973-01-01,0.00094307814,simulation
1973-01-02,0.0009711499,simulation
1973-01-03,0.0006728033,simulation
1973-01-04,0.00088841456,simulation
1973-01-05,0.00063036295,simulation
1973-01-06,0.00072987494,simulation
1973-01-07,0.00065546227,simulation
1973-01-08,0.00064077147,simulation
1973-01-09,0.00070399896,simulation
1973-01-10,0.00076699903,simulation
1973-01-11,0.0010621742,simulation
1973-01-12,0.0012604059,simulation
1973-01-13,0.0010061752,simulation
1973-01-14,0.0015229491,simulation
1973-01-15,0.0025313157,simulation
1973-01-16,0.002566025,simulation
1973-01-17,0.0010175725,simulation
1973-01-18,0.0009810554,simulation
1973-01-19,0.0031057924,simulation
1973-01-20,0.0012632225,simulation
1973-01-21,0.0022495335,simulation
1973-01-22,0.0046018544,simulation
1973-01-23,0.0017697556,simulation
1973-01-24,0.0020248268,simulation
1973-01-25,0.0010687684,simulation
1973-01-26,0.0008651009,simulation
1973-01-27,0.0024177493,simulation
1973-01-28,0.0007390486,simulation
1973-01-29,0.0014335143,simulation
1973-01-30,0.0010003948,simulation
1973-01-31,0.00096068165,simulation
1973-02-01,0.0012097257,simulation
1973-02-02,0.003334367,simulation
1973-02-03,0.0035836042,simulation
1973-02-04,0.0025291617,simulation
1973-02-05,0.0023491061,simulation
1973-02-06,0.0009396773,simulation
1973-02-07,0.0009802121,simulation
1973-02-08,0.0006999466,simulation
1973-02-09,0.0010510032,simulation
1973-02-10,0.00228823,simulation
1973-02-11,0.0014399204,simulation
1973-02-12,0.0012933951,simulation
1973-02-13,0.00094242935,simulation
1973-02-14,0.000705456,simulation
1973-02-15,0.0021127877,simulation
1973-02-16,0.0015881112,simulation
1973-02-17,0.00087996875,simulation
1973-02-18,0.0023109736,simulation
1973-02-19,0.0017932256,simulation
1973-02-20,0.0017134255,simulation
1973-02-21,0.0009779386,simulation
1973-02-22,0.0018090949,simulation
1973-02-23,0.002488788,simulation
1973-02-24,0.0033191547,simulation
1973-02-25,0.0029586584,simulation
1973-02-26,0.0030169804,simulation
1973-02-27,0.0054535465,simulation
1973-02-28,0.0043620015,simulation
1973-03-01,0.001350095,simulation
1973-03-02,0.0018470865,simulation
1973-03-03,0.0034392863,simulation
1973-03-04,0.0026462928,simulation
1973-03-05,0.001182302,simulation
1973-03-06,0.0023730523,simulation
1973-03-07,0.011244277,simulation
1973-03-08,0.0008465387,simulation
1973-03-09,0.0030144216,simulation
1973-03-10,0.0013661736,simulation
1973-03-11,0.0061393133,simulation
1973-03-12,0.011029683,simulation
1973-03-13,0.0014757891,simulation
1973-03-14,0.0025397334,simulation
1973-03-15,0.0022956554,simulation
1973-03-16,0.0010510032,simulation
1973-03-17,0.009333982,simulation
1973-03-18,0.00867534,simulation
1973-03-19,0.0036164685,simulation
1973-03-20,0.0018041504,simulation
1973-03-21,0.0031200466,simulation
1973-03-22,0.0034079961,simulation
1973-03-23,0.009744381,simulation
1973-03-24,0.0011374716,simulation
1973-03-25,0.011542849,simulation
1973-03-26,0.0013873129,simulation
1973-03-27,0.001971738,simulation
1973-03-28,0.004130473,simulation
1973-03-29,0.0010153004,simulation
1973-03-30,0.000910863,simulation
1973-03-31,0.0098619545,simulation
1973-04-01,0.043032177,simulation
1973-04-02,0.0033881501,simulation
1973-04-03,0.0011787532,simulation
1973-04-04,0.0016038315,simulation
1973-04-05,0.009644533,simulation
1973-04-06,0.0015212533,simulation
1973-04-07,0.00091156864,simulation
1973-04-08,0.024387212,simulation
1973-04-09,0.0074434886,simulation
1973-04-10,0.02693555,simulation
1973-04-11,0.019873023,simulation
1973-04-12,0.028817693,simulation
1973-04-13,0.018200602,simulation
1973-04-14,0.030234117,simulation
1973-04-15,0.0028428952,simulation
1973-04-16,0.0012908443,simulation
1973-04-17,0.0014580581,simulation
1973-04-18,0.009031332,simulation
1973-04-19,0.0029051404,simulation
1973-04-20,0.021327179,simulation
1973-04-21,0.008327797,simulation
1973-04-22,0.004712076,simulation
1973-04-23,0.001972413,simulation
1973-04-24,0.0023945845,simulation
1973-04-25,0.0029737656,simulation
1973-04-26,0.003004717,simulation
1973-04-27,0.011024369,simulation
1973-04-28,0.046172593,simulation
1973-04-29,0.057511784,simulation
1973-04-30,0.01226901,simulation
1973-05-01,0.0027959421,simulation
1973-05-02,0.0037124443,simulation
1973-05-03,0.01668102,simulation
1973-05-04,0.056384917,simulation
1973-05-05,0.056796722,simulation
1973-05-06,0.001919368,simulation
1973-05-07,0.0017287447,simulation
1973-05-08,0.06710689,simulation
1973-05-09,0.07378563,simulation
1973-05-10,0.09935059,simulation
1973-05-11,0.025279338,simulation
1973-05-12,0.0017671832,simulation
1973-05-13,0.02142755,simulation
1973-05-14,0.04572634,simulation
1973-05-15,0.013118486,simulation
1973-05-16,0.07513903,simulation
1973-05-17,0.08147797,simulation
1973-05-18,0.018583221,simulation
1973-05-19,0.09713834,simulation
1973-05-20,0.0076038954,simulation
1973-05-21,0.006644939,simulation
1973-05-22,0.011545622,simulation
1973-05-23,0.012569392,simulation
1973-05-24,0.03374678,simulation
1973-05-25,0.015998522,simulation
1973-05-26,0.004654696,simulation
1973-05-27,0.0025551277,simulation
1973-05-28,0.10050832,simulation
1973-05-29,0.059937548,simulation
1973-05-30,0.060330663,simulation
1973-05-31,0.02589971,simulation
1973-06-01,0.0021947555,simulation
1973-06-02,0.015044557,simulation
1973-06-03,0.03792319,simulation
1973-06-04,0.009963092,simulation
1973-06-05,0.009323363,simulation
1973-06-06,0.0037231205,simulation
1973-06-07,0.0035429336,simulation
1973-06-08,0.007917669,simulation
1973-06-09,0.011210943,simulation
1973-06-10,0.008985821,simulation
1973-06-11,0.0027399522,simulation
1973-06-12,0.008138282,simulation
1973-06-13,0.016726127,simulation
1973-06-14,0.0144968135,simulation
1973-06-15,0.0061362516,simulation
1973-06-16,0.008720797,simulation
1973-06-17,0.022373581,simulation
1973-06-18,0.056821544,simulation
1973-06-19,0.042871393,simulation
1973-06-20,0.01394174,simulation
1973-06-21,0.014312618,simulation
1973-06-22,0.014560584,simulation
1973-06-23,0.005082054,simulation
1973-06-24,0.007004441,simulation
1973-06-25,0.112789296,simulation
1973-06-26,0.025937013,simulation
1973-06-27,0.0149882585,simulation
1973-06-28,0.018958366,simulation
1973-06-29,0.06549064,simulation
1973-06-30,0.005056596,simulation
1973-07-01,0.030423794,simulation
1973-07-02,0.0446052,simulation
1973-07-03,0.009558048,simulation
1973-07-04,0.023825945,simulation
1973-07-05,0.0070712874,simulation
1973-07-06,0.0019046596,simulation
1973-07-07,0.0048394357,simulation
1973-07-08,0.03150254,simulation
1973-07-09,0.068491854,simulation
1973-07-10,0.04895337,simulation
1973-07-11,0.025961293,simulation
1973-07-12,0.110427134,simulation
1973-07-13,0.068123706,simulation
1973-07-14,0.05248635,simulation
1973-07-15,0.06477877,simulation
1973-07-16,0.040646687,simulation
1973-07-17,0.006478031,simulation
1973-07-18,0.0071357973,simulation
1973-07-19,0.012091362,simulation
1973-07-20,0.017004255,simulation
1973-07-21,0.029813731,simulation
1973-07-22,0.019928513,simulation
1973-07-23,0.079983756,simulation
1973-07-24,0.035950884,simulation
1973-07-25,0.0050140196,simulation
1973-07-26,0.0027204535,simulation
1973-07-27,0.0070276237,simulation
1973-07-28,0.063978404,simulation
1973-07-29,0.0067681824,simulation
1973-07-30,0.010496937,simulation
1973-07-31,0.005478643,simulation
1973-08-01,0.0020722346,simulation
1973-08-02,0.03545965,simulation
1973-08-03,0.055163305,simulation
1973-08-04,0.045235567,simulation
1973-08-05,0.03577711,simulation
1973-08-06,0.016675867,simulation
1973-08-07,0.021883301,simulation
1973-08-08,0.069549106,simulation
1973-08-09,0.059959713,simulation
1973-08-10,0.04791648,simulation
1973-08-11,0.04670857,simulation
1973-08-12,0.01523239,simulation
1973-08-13,0.010342238,simulation
1973-08-14,0.0098555675,simulation
1973-08-15,0.026365355,simulation
1973-08-16,0.004796214,simulation
1973-08-17,0.0020846578,simulation
1973-08-18,0.0026134048,simulation
1973-08-19,0.042705644,simulation
1973-08-20,0.069074444,simulation
1973-08-21,0.099867195,simulation
1973-08-22,0.093521066,simulation
1973-08-23,0.06660304,simulation
1973-08-24,0.053321518,simulation
1973-08-25,0.030103963,simulation
1973-08-26,0.0398749,simulation
1973-08-27,0.038918614,simulation
1973-08-28,0.03154376,simulation
1973-08-29,0.010622064,simulation
1973-08-30,0.023446754,simulation
1973-08-31,0.034306437,simulation
1973-09-01,0.0023473056,simulation
1973-09-02,0.0014961689,simulation
1973-09-03,0.006838533,simulation
1973-09-04,0.0032091073,simulation
1973-09-05,0.0015247772,simulation
1973-09-06,0.0013146577,simulation
1973-09-07,0.0024115772,simulation
1973-09-08,0.027267931,simulation
1973-09-09,0.0136849275,simulation
1973-09-10,0.0030564002,simulation
1973-09-11,0.001165464,simulation
1973-09-12,0.0018387331,simulation
1973-09-13,0.0014220055,simulation
1973-09-14,0.004359067,simulation
1973-09-15,0.020232245,simulation
1973-09-16,0.0142587805,simulation
1973-09-17,0.0064753466,simulation
1973-09-18,0.010561457,simulation
1973-09-19,0.031500384,simulation
1973-09-20,0.03665183,simulation
1973-09-21,0.045498583,simulation
1973-09-22,0.023069136,simulation
1973-09-23,0.0068487213,simulation
1973-09-24,0.00562641,simulation
1973-09-25,0.011462708,simulation
1973-09-26,0.008703014,simulation
1973-09-27,0.0017324474,simulation
1973-09-28,0.002776998,simulation
1973-09-29,0.0036027394,simulation
1973-09-30,0.0019277527,simulation
1973-10-01,0.0041384827,simulation
1973-10-02,0.00328142,simulation
1973-10-03,0.010008351,simulation
1973-10-04,0.0135624055,simulation
1973-10-05,0.026129829,simulation
1973-10-06,0.008335983,simulation
1973-10-07,0.023237675,simulation
1973-10-08,0.009877144,simulation
1973-10-09,0.0116616925,simulation
1973-10-10,0.015581564,simulation
1973-10-11,0.011765663,simulation
1973-10-12,0.019043408,simulation
1973-10-13,0.0029998757,simulation
1973-10-14,0.00083913875,simulation
1973-10-15,0.00094186235,simulation
1973-10-16,0.0008465387,simulation
1973-10-17,0.023364313,simulation
1973-10-18,0.012559406,simulation
1973-10-19,0.011353918,simulation
1973-10-20,0.0060874852,simulation
1973-10-21,0.011801447,simulation
1973-10-22,0.013407999,simulation
1973-10-23,0.011460871,simulation
1973-10-24,0.011099007,simulation
1973-10-25,0.010188011,simulation
1973-10-26,0.0074483943,simulation
1973-10-27,0.0051609017,simulation
1973-10-28,0.0046617333,simulation
1973-10-29,0.005367699,simulation
1973-10-30,0.005997049,simulation
1973-10-31,0.0011254178,simulation
1973-11-01,0.0068035526,simulation
1973-11-02,0.0032077476,simulation
1973-11-03,0.0031876923,simulation
1973-11-04,0.0024769478,simulation
1973-11-05,0.00081626757,simulation
1973-11-06,0.00450737,simulation
1973-11-07,0.0005718476,simulation
1973-11-08,0.0014292184,simulation
1973-11-09,0.0016527727,simulation
1973-11-10,0.006272298,simulation
1973-11-11,0.0041193548,simulation
1973-11-12,0.0049688746,simulation
1973-11-13,0.0048361914,simulation
1973-11-14,0.0034591325,simulation
1973-11-15,0.0015417254,simulation
1973-11-16,0.0063036187,simulation
1973-11-17,0.0044389553,simulation
1973-11-18,0.0030574382,simulation
1973-11-19,0.001973087,simulation
1973-11-20,0.0018326108,simulation
1973-11-21,0.0031420824,simulation
1973-11-22,0.0013339752,simulation
1973-11-23,0.0014045531,simulation
1973-11-24,0.0028634963,simulation
1973-11-25,0.0013452393,simulation
1973-11-26,0.001976293,simulation
1973-11-27,0.0017809952,simulation
1973-11-28,0.0020357512,simulation
1973-11-29,0.003142615,simulation
1973-11-30,0.003223553,simulation
1973-12-01,0.0031691028,simulation
1973-12-02,0.004070367,simulation
1973-12-03,0.005318151,simulation
1973-12-04,0.0060375845,simulation
1973-12-05,0.00228784,simulation
1973-12-06,0.0032347718,simulation
1973-12-07,0.0022470413,simulation
1973-12-08,0.0009627496,simulation
1973-12-09,0.0010661078,simulation
1973-12-10,0.0023886736,simulation
1973-12-11,0.0024571982,simulation
1973-12-12,0.0024595016,simulation
1973-12-13,0.008879496,simulation
1973-12-14,0.0028219589,simulation
1973-12-15,0.0009788639,simulation
1973-12-16,0.0011982486,simulation
1973-12-17,0.0021003787,simulation
1973-12-18,0.0034708583,simulation
1973-12-19,0.0022628107,simulation
1973-12-20,0.0007606182,simulation
1973-12-21,0.0012401204,simulation
1973-12-22,0.0018750939,simulation
1973-12-23,0.0017331884,simulation
1973-12-24,0.0013313452,simulation
1973-12-25,0.0006888779,simulation
1973-12-26,0.0015951999,simulation
1973-12-27,0.0027645167,simulation
1973-12-28,0.0031343666,simulation
1973-12-29,0.0020996616,simulation
1973-12-30,0.001039055,simulation
1973-12-31,0.00081241125,simulation
1974-01-01,0.0011057677,simulation
1974-01-02,0.0006457058,simulation
1974-01-03,0.00063106976,simulation
1974-01-04,0.00061078515,simulation
1974-01-05,0.00056747586,simulation
1974-01-06,0.00064877386,simulation
1974-01-07,0.001265502,simulation
1974-01-08,0.00073327805,simulation
1974-01-09,0.0009812241,simulation
1974-01-10,0.0022084664,simulation
1974-01-11,0.0007167282,simulation
1974-01-12,0.0013154473,simulation
1974-01-13,0.0011413876,simulation
1974-01-14,0.0007703751,simulation
1974-01-15,0.0018619926,simulation
1974-01-16,0.00063456077,simulation
1974-01-17,0.0013119525,simulation
1974-01-18,0.0015164372,simulation
1974-01-19,0.0012386307,simulation
1974-01-20,0.0013402851,simulation
1974-01-21,0.001954294,simulation
1974-01-22,0.003116081,simulation
1974-01-23,0.0006342875,simulation
1974-01-24,0.0005534597,simulation
1974-01-25,0.000546393,simulation
1974-01-26,0.0010777157,simulation
1974-01-27,0.0025607892,simulation
1974-01-28,0.0015872951,simulation
1974-01-29,0.0022154483,simulation
1974-01-30,0.0036274886,simulation
1974-01-31,0.0028649566,simulation
1974-02-01,0.00084399217,simulation
1974-02-02,0.001604656,simulation
1974-02-03,0.0008927061,simulation
1974-02-04,0.0026094054,simulation
1974-02-05,0.0055815424,simulation
1974-02-06,0.00075754593,simulation
1974-02-07,0.00066187663,simulation
1974-02-08,0.0008363982,simulation
1974-02-09,0.0017321501,simulation
1974-02-10,0.0028967648,simulation
1974-02-11,0.003688064,simulation
1974-02-12,0.006296819,simulation
1974-02-13,0.002765221,simulation
1974-02-14,0.0009875731,simulation
1974-02-15,0.00056522916,simulation
1974-02-16,0.0009429973,simulation
1974-02-17,0.0042665503,simulation
1974-02-18,0.0015243856,simulation
1974-02-19,0.0020509334,simulation
1974-02-20,0.0068987375,simulation
1974-02-21,0.0012353384,simulation
1974-02-22,0.0017618989,simulation
1974-02-23,0.0023647754,simulation
1974-02-24,0.0029770483,simulation
1974-02-25,0.0046589943,simulation
1974-02-26,0.0040321285,simulation
1974-02-27,0.008293093,simulation
1974-02-28,0.0032320323,simulation
1974-03-01,0.0018831261,simulation
1974-03-02,0.0032889326,simulation
1974-03-03,0.007967871,simulation
1974-03-04,0.004675839,simulation
1974-03-05,0.007876817,simulation
1974-03-06,0.005810825,simulation
1974-03-07,0.00774208,simulation
1974-03-08,0.012868292,simulation
1974-03-09,0.0030494072,simulation
1974-03-10,0.0015082712,simulation
1974-03-11,0.001083567,simulation
1974-03-12,0.0049501816,simulation
1974-03-13,0.0009707322,simulation
1974-03-14,0.009385719,simulation
1974-03-15,0.0015437084,simulation
1974-03-16,0.008244335,simulation
1974-03-17,0.008193833,simulation
1974-03-18,0.0044192234,simulation
1974-03-19,0.0023623572,simulation
1974-03-20,0.0027243888,simulation
1974-03-21,0.0009905505,simulation
1974-03-22,0.011288558,simulation
1974-03-23,0.004607267,simulation
1974-03-24,0.0015306682,simulation
1974-03-25,0.0010134687,simulation
1974-03-26,0.0007134016,simulation
1974-03-27,0.0011050078,simulation
1974-03-28,0.0012264609,simulation
1974-03-29,0.040675174,simulation
1974-03-30,0.0340625,simulation
1974-03-31,0.053421076,simulation
1974-04-01,0.0073290714,simulation
1974-04-02,0.046016116,simulation
1974-04-03,0.007754179,simulation
1974-04-04,0.0029589094,simulation
1974-04-05,0.025429633,simulation
1974-04-06,0.01884643,simulation
1974-04-07,0.005622189,simulation
1974-04-08,0.010448787,simulation
1974-04-09,0.029784618,simulation
1974-04-10,0.025215408,simulation
1974-04-11,0.0064882454,simulation
1974-04-12,0.00085312204,simulation
1974-04-13,0.0008809539,simulation
1974-04-14,0.0039546965,simulation
1974-04-15,0.0027940425,simulation
1974-04-16,0.034435816,simulation
1974-04-17,0.03607502,simulation
1974-04-18,0.02924374,simulation
1974-04-19,0.0058608777,simulation
1974-04-20,0.03332459,simulation
1974-04-21,0.006294206,simulation
1974-04-22,0.0010910425,simulation
1974-04-23,0.014936824,simulation
1974-04-24,0.038951326,simulation
1974-04-25,0.024256065,simulation
1974-04-26,0.033369802,simulation
1974-04-27,0.03006626,simulation
1974-04-28,0.040610462,simulation
1974-04-29,0.014933318,simulation
1974-04-30,0.00636301,simulation
1974-05-01,0.0022989856,simulation
1974-05-02,0.013747646,simulation
1974-05-03,0.029589696,simulation
1974-05-04,0.003921484,simulation
1974-05-05,0.0022203682,simulation
1974-05-06,0.020387877,simulation
1974-05-07,0.054582797,simulation
1974-05-08,0.010750305,simulation
1974-05-09,0.017111905,simulation
1974-05-10,0.002160935,simulation
1974-05-11,0.00086980447,simulation
1974-05-12,0.07073483,simulation
1974-05-13,0.09142046,simulation
1974-05-14,0.07154245,simulation
1974-05-15,0.0020715278,simulation
1974-05-16,0.02089367,simulation
1974-05-17,0.020660358,simulation
1974-05-18,0.016946739,simulation
1974-05-19,0.05262409,simulation
1974-05-20,0.008778651,simulation
1974-05-21,0.0038483948,simulation
1974-05-22,0.0008861242,simulation
1974-05-23,0.008351009,simulation
1974-05-24,0.031154886,simulation
1974-05-25,0.021563595,simulation
1974-05-26,0.0039854944,simulation
1974-05-27,0.024419203,simulation
1974-05-28,0.06830772,simulation
1974-05-29,0.013059405,simulation
1974-05-30,0.0113257365,simulation
1974-05-31,0.00566737,simulation
1974-06-01,0.0019484576,simulation
1974-06-02,0.0063361377,simulation
1974-06-03,0.017749948,simulation
1974-06-04,0.033831228,simulation
1974-06-05,0.00590446,simulation
1974-06-06,0.0039928937,simulation
1974-06-07,0.005648974,simulation
1974-06-08,0.0032981387,simulation
1974-06-09,0.045279805,simulation
1974-06-10,0.0053297174,simulation
1974-06-11,0.08473177,simulation
1974-06-12,0.0051453817,simulation
1974-06-13,0.009623431,simulation
1974-06-14,0.056768812,simulation
1974-06-15,0.002718836,simulation
1974-06-16,0.014578845,simulation
1974-06-17,0.061078154,simulation
1974-06-18,0.0043291054,simulation
1974-06-19,0.06266598,simulation
1974-06-20,0.05711339,simulation
1974-06-21,0.075341985,simulation
1974-06-22,0.091397986,simulation
1974-06-23,0.0018258839,simulation
1974-06-24,0.047770977,simulation
1974-06-25,0.07154245,simulation
1974-06-26,0.0736494,simulation
1974-06-27,0.06572187,simulation
1974-06-28,0.073406875,simulation
1974-06-29,0.043064367,simulation
1974-06-30,0.06044178,simulation
1974-07-01,0.05180016,simulation
1974-07-02,0.041250065,simulation
1974-07-03,0.06330666,simulation
1974-07-04,0.028629653,simulation
1974-07-05,0.00354623,simulation
1974-07-06,0.0046915603,simulation
1974-07-07,0.0420757,simulation
1974-07-08,0.033897508,simulation
1974-07-09,0.022935376,simulation
1974-07-10,0.046018913,simulation
1974-07-11,0.09978833,simulation
1974-07-12,0.056796722,simulation
1974-07-13,0.047432404,simulation
1974-07-14,0.024044607,simulation
1974-07-15,0.030257244,simulation
1974-07-16,0.01589707,simulation
1974-07-17,0.09190783,simulation
1974-07-18,0.0042841793,simulation
1974-07-19,0.058792166,simulation
1974-07-20,0.0437819,simulation
1974-07-21,0.07984084,simulation
1974-07-22,0.054445714,simulation
1974-07-23,0.0015741603,simulation
1974-07-24,0.0014125257,simulation
1974-07-25,0.0054781856,simulation
1974-07-26,0.0017549776,simulation
1974-07-27,0.008690941,simulation
1974-07-28,0.023273554,simulation
1974-07-29,0.09180534,simulation
1974-07-30,0.036605936,simulation
1974-07-31,0.015801094,simulation
1974-08-01,0.0104648145,simulation
1974-08-02,0.0043601664,simulation
1974-08-03,0.014899508,simulation
1974-08-04,0.0071990844,simulation
1974-08-05,0.06404311,simulation
1974-08-06,0.016223233,simulation
1974-08-07,0.0016249861,simulation
1974-08-08,0.0026641341,simulation
1974-08-09,0.011312121,simulation
1974-08-10,0.04174316,simulation
1974-08-11,0.017501405,simulation
1974-08-12,0.036622845,simulation
1974-08-13,0.007982271,simulation
1974-08-14,0.007487755,simulation
1974-08-15,0.02252626,simulation
1974-08-16,0.01977288,simulation
1974-08-17,0.0063788667,simulation
1974-08-18,0.00976969,simulation
1974-08-19,0.026299246,simulation
1974-08-20,0.019176677,simulation
1974-08-21,0.057163116,simulation
1974-08-22,0.008030225,simulation
1974-08-23,0.039923497,simulation
1974-08-24,0.040239017,simulation
1974-08-25,0.03183778,simulation
1974-08-26,0.011564122,simulation
1974-08-27,0.010593857,simulation
1974-08-28,0.0040594055,simulation
1974-08-29,0.005498341,simulation
1974-08-30,0.007679951,simulation
1974-08-31,0.0036725174,simulation
1974-09-01,0.0028651992,simulation
1974-09-02,0.0028734864,simulation
1974-09-03,0.0010761425,simulation
1974-09-04,0.006354569,simulation
1974-09-05,0.01071315,simulation
1974-09-06,0.0011417798,simulation
1974-09-07,0.0009649053,simulation
1974-09-08,0.001454063,simulation
1974-09-09,0.0041158865,simulation
1974-09-10,0.0052928785,simulation
1974-09-11,0.004906825,simulation
1974-09-12,0.0010057425,simulation
1974-09-13,0.0027443804,simulation
1974-09-14,0.0011584772,simulation
1974-09-15,0.011409565,simulation
1974-09-16,0.026267169,simulation
1974-09-17,0.009778407,simulation
1974-09-18,0.045133367,simulation
1974-09-19,0.037200756,simulation
1974-09-20,0.015350392,simulation
1974-09-21,0.018553546,simulation
1974-09-22,0.034572486,simulation
1974-09-23,0.0050944043,simulation
1974-09-24,0.0026402217,simulation
1974-09-25,0.0009196828,simulation
1974-09-26,0.00077810953,simulation
1974-09-27,0.0017309648,simulation
1974-09-28,0.0016992586,simulation
1974-09-29,0.009257629,simulation
1974-09-30,0.025295792,simulation
1974-10-01,0.024056898,simulation
1974-10-02,0.023553595,simulation
1974-10-03,0.016417688,simulation
1974-10-04,0.014150532,simulation
1974-10-05,0.016688744,simulation
1974-10-06,0.015019907,simulation
1974-10-07,0.018369343,simulation
1974-10-08,0.009958254,simulation
1974-10-09,0.0021261757,simulation
1974-10-10,0.016539948,simulation
1974-10-11,0.015522272,simulation
1974-10-12,0.0027942797,simulation
1974-10-13,0.0017078613,simulation
1974-10-14,0.0060375845,simulation
1974-10-15,0.0008150033,simulation
1974-10-16,0.012614423,simulation
1974-10-17,0.011213643,simulation
1974-10-18,0.009902776,simulation
1974-10-19,0.017627992,simulation
1974-10-20,0.010502864,simulation
1974-10-21,0.005815182,simulation
1974-10-22,0.012575387,simulation
1974-10-23,0.0029202276,simulation
1974-10-24,0.008898342,simulation
1974-10-25,0.0015525962,simulation
1974-10-26,0.008276813,simulation
1974-10-27,0.010651204,simulation
1974-10-28,0.0019666906,simulation
1974-10-29,0.0016185967,simulation
1974-10-30,0.0028474873,simulation
1974-10-31,0.0036357753,simulation
1974-11-01,0.001220158,simulation
1974-11-02,0.0030782565,simulation
1974-11-03,0.003622587,simulation
1974-11-04,0.0014559343,simulation
1974-11-05,0.0019788267,simulation
1974-11-06,0.002282773,simulation
1974-11-07,0.0010993246,simulation
1974-11-08,0.0007019395,simulation
1974-11-09,0.002956651,simulation
1974-11-10,0.0053435396,simulation
1974-11-11,0.00130063,simulation
1974-11-12,0.007012548,simulation
1974-11-13,0.0051695425,simulation
1974-11-14,0.0007421106,simulation
1974-11-15,0.0026238754,simulation
1974-11-16,0.0009952465,simulation
1974-11-17,0.0006251144,simulation
1974-11-18,0.00060643017,simulation
1974-11-19,0.0010220446,simulation
1974-11-20,0.005562485,simulation
1974-11-21,0.00299174,simulation
1974-11-22,0.00483903,simulation
1974-11-23,0.005237425,simulation
1974-11-24,0.0028219589,simulation
1974-11-25,0.0040659113,simulation
1974-11-26,0.0028224387,simulation
1974-11-27,0.002817647,simulation
1974-11-28,0.0019786581,simulation
1974-11-29,0.0019241316,simulation
1974-11-30,0.00084210554,simulation
1974-12-01,0.0011171325,simulation
1974-12-02,0.0023599428,simulation
1974-12-03,0.00199359,simulation
1974-12-04,0.001748084,simulation
1974-12-05,0.0021077432,simulation
1974-12-06,0.00072062854,simulation
1974-12-07,0.0008599045,simulation
1974-12-08,0.0009240448,simulation
1974-12-09,0.0014929662,simulation
1974-12-10,0.0010545325,simulation
1974-12-11,0.001292618,simulation
1974-12-12,0.0009071087,simulation
1974-12-13,0.0011695757,simulation
1974-12-14,0.0017558796,simulation
1974-12-15,0.0011739034,simulation
1974-12-16,0.0017840449,simulation
1974-12-17,0.0012193201,simulation
1974-12-18,0.0019511234,simulation
1974-12-19,0.00075143727,simulation
1974-12-20,0.0008237505,simulation
1974-12-21,0.002390914,simulation
1974-12-22,0.0025113528,simulation
1974-12-23,0.0007400041,simulation
1974-12-24,0.0007901283,simulation
1974-12-25,0.00067716587,simulation
1974-12-26,0.00077396637,simulation
1974-12-27,0.0006357104,simulation
1974-12-28,0.0004900768,simulation
1974-12-29,0.00065704604,simulation
1974-12-30,0.0008176742,simulation
1974-12-31,0.0008601268,simulation
1975-01-01,0.0009703146,simulation
1975-01-02,0.002461178,simulation
1975-01-03,0.0006643913,simulation
1975-01-04,0.0017615976,simulation
1975-01-05,0.0010420068,simulation
1975-01-06,0.0014888764,simulation
1975-01-07,0.00076885096,simulation
1975-01-08,0.0011228105,simulation
1975-01-09,0.0011193425,simulation
1975-01-10,0.000800193,simulation
1975-01-11,0.0026116264,simulation
1975-01-12,0.0007344161,simulation
1975-01-13,0.0016333573,simulation
1975-01-14,0.0013023056,simulation
1975-01-15,0.0021323545,simulation
1975-01-16,0.000772834,simulation
1975-01-17,0.0006814388,simulation
1975-01-18,0.0012945054,simulation
1975-01-19,0.00088103,simulation
1975-01-20,0.0015202106,simulation
1975-01-21,0.0011078599,simulation
1975-01-22,0.0009319486,simulation
1975-01-23,0.0009939634,simulation
1975-01-24,0.00055791624,simulation
1975-01-25,0.0029383833,simulation
1975-01-26,0.0031089543,simulation
1975-01-27,0.0038770777,simulation
1975-01-28,0.0013886219,simulation
1975-01-29,0.0011420745,simulation
1975-01-30,0.0007142008,simulation
1975-01-31,0.0014430103,simulation
1975-02-01,0.00080843415,simulation
1975-02-02,0.0005716998,simulation
1975-02-03,0.00054268277,simulation
1975-02-04,0.00053344754,simulation
1975-02-05,0.0012622469,simulation
1975-02-06,0.0007058814,simulation
1975-02-07,0.0018117275,simulation
1975-02-08,0.0024837074,simulation
1975-02-09,0.00068185007,simulation
1975-02-10,0.00062194304,simulation
1975-02-11,0.00070163707,simulation
1975-02-12,0.00079757936,simulation
1975-02-13,0.0024144563,simulation
1975-02-14,0.004750577,simulation
1975-02-15,0.0011612673,simulation
1975-02-16,0.001983397,simulation
1975-02-17,0.0012503831,simulation
1975-02-18,0.000948774,simulation
1975-02-19,0.0010764198,simulation
1975-02-20,0.0012473813,simulation
1975-02-21,0.009784748,simulation
1975-02-22,0.0011803746,simulation
1975-02-23,0.0009781069,simulation
1975-02-24,0.0053350637,simulation
1975-02-25,0.0069772936,simulation
1975-02-26,0.0059915646,simulation
1975-02-27,0.002450092,simulation
1975-02-28,0.00072529976,simulation
1975-03-01,0.002826759,simulation
1975-03-02,0.0042665503,simulation
1975-03-03,0.0015896077,simulation
1975-03-04,0.00073631626,simulation
1975-03-05,0.0035351524,simulation
1975-03-06,0.0008529751,simulation
1975-03-07,0.0023192621,simulation
1975-03-08,0.010965164,simulation
1975-03-09,0.001811883,simulation
1975-03-10,0.0014674627,simulation
1975-03-11,0.0011589745,simulation
1975-03-12,0.0041058436,simulation
1975-03-13,0.0005927832,simulation
1975-03-14,0.0023708285,simulation
1975-03-15,0.0010974369,simulation
1975-03-16,0.00068302645,simulation
1975-03-17,0.0008446465,simulation
1975-03-18,0.003335779,simulation
1975-03-19,0.012002944,simulation
1975-03-20,0.0050748284,simulation
1975-03-21,0.008232863,simulation
1975-03-22,0.0017912332,simulation
1975-03-23,0.0014877288,simulation
1975-03-24,0.022333894,simulation
1975-03-25,0.019073758,simulation
1975-03-26,0.017261209,simulation
1975-03-27,0.004496022,simulation
1975-03-28,0.0016712713,simulation
1975-03-29,0.00075143727,simulation
1975-03-30,0.0017328919,simulation
1975-03-31,0.0024603384,simulation
1975-04-01,0.0013975836,simulation
1975-04-02,0.00094315945,simulation
1975-04-03,0.012477788,simulation
1975-04-04,0.0028002225,simulation
1975-04-05,0.0044125402,simulation
1975-04-06,0.0072784917,simulation
1975-04-07,0.0014313029,simulation
1975-04-08,0.00074795075,simulation
1975-04-09,0.00095861795,simulation
1975-04-10,0.00078558305,simulation
1975-04-11,0.018446483,simulation
1975-04-12,0.024894081,simulation
1975-04-13,0.001319404,simulation
1975-04-14,0.00067210797,simulation
1975-04-15,0.011256913,simulation
1975-04-16,0.008634337,simulation
1975-04-17,0.0032063888,simulation
1975-04-18,0.00470457,simulation
1975-04-19,0.0012625721,simulation
1975-04-20,0.0021261757,simulation
1975-04-21,0.025261061,simulation
1975-04-22,0.008917957,simulation
1975-04-23,0.0021546734,simulation
1975-04-24,0.0094822915,simulation
1975-04-25,0.007074208,simulation
1975-04-26,0.008270714,simulation
1975-04-27,0.006488782,simulation
1975-04-28,0.0020352302,simulation
1975-04-29,0.0011771346,simulation
1975-04-30,0.0010299835,simulation
1975-05-01,0.008191147,simulation
1975-05-02,0.0036274886,simulation
1975-05-03,0.0010237151,simulation
1975-05-04,0.012056691,simulation
1975-05-05,0.0060652588,simulation
1975-05-06,0.0011890229,simulation
1975-05-07,0.0011895339,simulation
1975-05-08,0.0019856014,simulation
1975-05-09,0.001236293,simulation
1975-05-10,0.003810902,simulation
1975-05-11,0.01164212,simulation
1975-05-12,0.032564986,simulation
1975-05-13,0.013045964,simulation
1975-05-14,0.001398063,simulation
1975-05-15,0.002976544,simulation
1975-05-16,0.0051179053,simulation
1975-05-17,0.0059064263,simulation
1975-05-18,0.035160605,simulation
1975-05-19,0.05150024,simulation
1975-05-20,0.04582095,simulation
1975-05-21,0.037565716,simulation
1975-05-22,0.08819218,simulation
1975-05-23,0.061176997,simulation
1975-05-24,0.021724572,simulation
1975-05-25,0.008559869,simulation
1975-05-26,0.022719998,simulation
1975-05-27,0.040654458,simulation
1975-05-28,0.02525923,simulation
1975-05-29,0.003015445,simulation
1975-05-30,0.0015779404,simulation
1975-05-31,0.0037196625,simulation
1975-06-01,0.028356377,simulation
1975-06-02,0.09064847,simulation
1975-06-03,0.07832417,simulation
1975-06-04,0.05987423,simulation
1975-06-05,0.00977286,simulation
1975-06-06,0.0033984908,simulation
1975-06-07,0.0028884122,simulation
1975-06-08,0.0015413295,simulation
1975-06-09,0.0016859293,simulation
1975-06-10,0.001564614,simulation
1975-06-11,0.0015050437,simulation
1975-06-12,0.0060637463,simulation
1975-06-13,0.05329438,simulation
1975-06-14,0.0055969264,simulation
1975-06-15,0.0042590178,simulation
1975-06-16,0.0564839,simulation
1975-06-17,0.059028126,simulation
1975-06-18,0.016068136,simulation
1975-06-19,0.053587187,simulation
1975-06-20,0.054135565,simulation
1975-06-21,0.034336433,simulation
1975-06-22,0.03255831,simulation
1975-06-23,0.048122328,simulation
1975-06-24,0.043322496,simulation
1975-06-25,0.078846544,simulation
1975-06-26,0.044353437,simulation
1975-06-27,0.013370968,simulation
1975-06-28,0.02321378,simulation
1975-06-29,0.015577928,simulation
1975-06-30,0.010514729,simulation
1975-07-01,0.05248036,simulation
1975-07-02,0.02854504,simulation
1975-07-03,0.010026184,simulation
1975-07-04,0.03444737,simulation
1975-07-05,0.06388462,simulation
1975-07-06,0.021818401,simulation
1975-07-07,0.051213,simulation
1975-07-08,0.0027947552,simulation
1975-07-09,0.0337924,simulation
1975-07-10,0.0061551463,simulation
1975-07-11,0.00399222,simulation
1975-07-12,0.044399887,simulation
1975-07-13,0.04547918,simulation
1975-07-14,0.0031836417,simulation
1975-07-15,0.0069611697,simulation
1975-07-16,0.014778822,simulation
1975-07-17,0.010389095,simulation
1975-07-18,0.01127408,simulation
1975-07-19,0.005416788,simulation
1975-07-20,0.006818765,simulation
1975-07-21,0.009650795,simulation
1975-07-22,0.016996404,simulation
1975-07-23,0.024688892,simulation
1975-07-24,0.012860128,simulation
1975-07-25,0.0029398804,simulation
1975-07-26,0.0055397907,simulation
1975-07-27,0.013470637,simulation
1975-07-28,0.0048871282,simulation
1975-07-29,0.004386647,simulation
1975-07-30,0.0014558099,simulation
1975-07-31,0.0025175598,simulation
1975-08-01,0.0012712723,simulation
1975-08-02,0.0035814843,simulation
1975-08-03,0.004134999,simulation
1975-08-04,0.002247425,simulation
1975-08-05,0.0031176673,simulation
1975-08-06,0.03541716,simulation
1975-08-07,0.007086485,simulation
1975-08-08,0.020536829,simulation
1975-08-09,0.0017112269,simulation
1975-08-10,0.002702242,simulation
1975-08-11,0.0086132,simulation
1975-08-12,0.012001029,simulation
1975-08-13,0.014077304,simulation
1975-08-14,0.026367243,simulation
1975-08-15,0.01835115,simulation
1975-08-16,0.01262846,simulation
1975-08-17,0.016245853,simulation
1975-08-18,0.011675692,simulation
1975-08-19,0.014815858,simulation
1975-08-20,0.026441075,simulation
1975-08-21,0.02440853,simulation
1975-08-22,0.024241919,simulation
1975-08-23,0.01723073,simulation
1975-08-24,0.029043369,simulation
1975-08-25,0.01964349,simulation
1975-08-26,0.036413133,simulation
1975-08-27,0.05245641,simulation
1975-08-28,0.05296025,simulation
1975-08-29,0.025046159,simulation
1975-08-30,0.034463573,simulation
1975-08-31,0.03679217,simulation
1975-09-01,0.045238327,simulation
1975-09-02,0.06972065,simulation
1975-09-03,0.07816777,simulation
1975-09-04,0.048725426,simulation
1975-09-05,0.007326655,simulation
1975-09-06,0.0012001029,simulation
1975-09-07,0.0019394865,simulation
1975-09-08,0.002871047,simulation
1975-09-09,0.0057095704,simulation
1975-09-10,0.018729368,simulation
1975-09-11,0.00997762,simulation
1975-09-12,0.0064421436,simulation
1975-09-13,0.015259733,simulation
1975-09-14,0.0074116746,simulation
1975-09-15,0.002043241,simulation
1975-09-16,0.0010631791,simulation
1975-09-17,0.001668269,simulation
1975-09-18,0.015766762,simulation
1975-09-19,0.01438356,simulation
1975-09-20,0.010113336,simulation
1975-09-21,0.031383455,simulation
1975-09-22,0.0010484768,simulation
1975-09-23,0.0016937406,simulation
1975-09-24,0.007247944,simulation
1975-09-25,0.013321388,simulation
1975-09-26,0.014497948,simulation
1975-09-27,0.016464716,simulation
1975-09-28,0.017047498,simulation
1975-09-29,0.017646916,simulation
1975-09-30,0.0014655774,simulation
1975-10-01,0.0010058292,simulation
1975-10-02,0.027200038,simulation
1975-10-03,0.008651988,simulation
1975-10-04,0.0018395201,simulation
1975-10-05,0.0006984405,simulation
1975-10-06,0.000676991,simulation
1975-10-07,0.0006243602,simulation
1975-10-08,0.0065890336,simulation
1975-10-09,0.014344109,simulation
1975-10-10,0.017490666,simulation
1975-10-11,0.019033298,simulation
1975-10-12,0.016287405,simulation
1975-10-13,0.019181035,simulation
1975-10-14,0.014828611,simulation
1975-10-15,0.0020255186,simulation
1975-10-16,0.0006039258,simulation
1975-10-17,0.0008914781,simulation
1975-10-18,0.004856911,simulation
1975-10-19,0.007585149,simulation
1975-10-20,0.008626581,simulation
1975-10-21,0.010224301,simulation
1975-10-22,0.0035754335,simulation
1975-10-23,0.0020782596,simulation
1975-10-24,0.0023591383,simulation
1975-10-25,0.0008087821,simulation
1975-10-26,0.00058249774,simulation
1975-10-27,0.0007377766,simulation
1975-10-28,0.004499424,simulation
1975-10-29,0.004716031,simulation
1975-10-30,0.011211845,simulation
1975-10-31,0.0053279367,simulation
1975-11-01,0.010298073,simulation
1975-11-02,0.0074116746,simulation
1975-11-03,0.0030090553,simulation
1975-11-04,0.0008878037,simulation
1975-11-05,0.0008683083,simulation
1975-11-06,0.00062998285,simulation
1975-11-07,0.0010482062,simulation
1975-11-08,0.001564078,simulation
1975-11-09,0.000902904,simulation
1975-11-10,0.0013375281,simulation
1975-11-11,0.0021694342,simulation
1975-11-12,0.009614065,simulation
1975-11-13,0.0045868093,simulation
1975-11-14,0.0024471723,simulation
1975-11-15,0.00335902,simulation
1975-11-16,0.0037734471,simulation
1975-11-17,0.003783336,simulation
1975-11-18,0.001835905,simulation
1975-11-19,0.0055112042,simulation
1975-11-20,0.0010008252,simulation
1975-11-21,0.0028021275,simulation
1975-11-22,0.0012081683,simulation
1975-11-23,0.00072019437,simulation
1975-11-24,0.00073866674,simulation
1975-11-25,0.0018491404,simulation
1975-11-26,0.0006717029,simulation
1975-11-27,0.0017527273,simulation
1975-11-28,0.0012151396,simulation
1975-11-29,0.001265936,simulation
1975-11-30,0.00082290004,simulation
1975-12-01,0.0025384366,simulation
1975-12-02,0.0018813566,simulation
1975-12-03,0.0022570293,simulation
1975-12-04,0.0013734591,simulation
1975-12-05,0.0013851721,simulation
1975-12-06,0.00063183194,simulation
1975-12-07,0.0005205836,simulation
1975-12-08,0.0005768001,simulation
1975-12-09,0.0011573829,simulation
1975-12-10,0.0015245159,simulation
1975-12-11,0.0025562157,simulation
1975-12-12,0.0014536895,simulation
1975-12-13,0.0023495078,simulation
1975-12-14,0.0016403658,simulation
1975-12-15,0.00088239554,simulation
1975-12-16,0.0004890629,simulation
1975-12-17,0.000630798,simulation
1975-12-18,0.0011229067,simulation
1975-12-19,0.00097039825,simulation
1975-12-20,0.0011832165,simulation
1975-12-21,0.0013065592,simulation
1975-12-22,0.0009924263,simulation
1975-12-23,0.0017033365,simulation
1975-12-24,0.0009888485,simulation
1975-12-25,0.00056532637,simulation
1975-12-26,0.00061681715,simulation
1975-12-27,0.0010894501,simulation
1975-12-28,0.001540933,simulation
1975-12-29,0.00061305345,simulation
1975-12-30,0.0004754162,simulation
1975-12-31,0.0010153004,simulation
1976-01-01,0.0020191274,simulation
1976-01-02,0.0014099841,simulation
1976-01-03,0.00076851976,simulation
1976-01-04,0.001111961,simulation
1976-01-05,0.00091023627,simulation
1976-01-06,0.0023383198,simulation
1976-01-07,0.00054465217,simulation
1976-01-08,0.00095804123,simulation
1976-01-09,0.0013005182,simulation
1976-01-10,0.0016280502,simulation
1976-01-11,0.0006957377,simulation
1976-01-12,0.00047710128,simulation
1976-01-13,0.00076911575,simulation
1976-01-14,0.0021465984,simulation
1976-01-15,0.0017628036,simulation
1976-01-16,0.0014128889,simulation
1976-01-17,0.002291354,simulation
1976-01-18,0.0016574492,simulation
1976-01-19,0.0035068623,simulation
1976-01-20,0.00064776826,simulation
1976-01-21,0.0022126161,simulation
1976-01-22,0.0020540892,simulation
1976-01-23,0.0032853135,simulation
1976-01-24,0.0008363982,simulation
1976-01-25,0.0006789772,simulation
1976-01-26,0.0005522199,simulation
1976-01-27,0.0023375228,simulation
1976-01-28,0.00217073,simulation
1976-01-29,0.0030019134,simulation
1976-01-30,0.0039865025,simulation
1976-01-31,0.00078032387,simulation
1976-02-01,0.00396672,simulation
1976-02-02,0.0025079343,simulation
1976-02-03,0.0032361422,simulation
1976-02-04,0.0009909767,simulation
1976-02-05,0.0011492589,simulation
1976-02-06,0.0005852163,simulation
1976-02-07,0.0017558796,simulation
1976-02-08,0.0024998323,simulation
1976-02-09,0.0028715348,simulation
1976-02-10,0.0012130548,simulation
1976-02-11,0.00084246823,simulation
1976-02-12,0.0012595407,simulation
1976-02-13,0.001645148,simulation
1976-02-14,0.0019651793,simulation
1976-02-15,0.0008737059,simulation
1976-02-16,0.001988657,simulation
1976-02-17,0.0037951719,simulation
1976-02-18,0.007924171,simulation
1976-02-19,0.006608713,simulation
1976-02-20,0.0030121207,simulation
1976-02-21,0.0012363994,simulation
1976-02-22,0.001083567,simulation
1976-02-23,0.0040090834,simulation
1976-02-24,0.0069669248,simulation
1976-02-25,0.0033233736,simulation
1976-02-26,0.0057895696,simulation
1976-02-27,0.0062999553,simulation
1976-02-28,0.0061761504,simulation
1976-02-29,0.0015837642,simulation
1976-03-01,0.0057698283,simulation
1976-03-02,0.0011284193,simulation
1976-03-03,0.0013209899,simulation
1976-03-04,0.006625704,simulation
1976-03-05,0.0012963952,simulation
1976-03-06,0.0005626515,simulation
1976-03-07,0.0016388211,simulation
1976-03-08,0.0009310669,simulation
1976-03-09,0.0007086237,simulation
1976-03-10,0.0037836542,simulation
1976-03-11,0.0021023524,simulation
1976-03-12,0.0008914015,simulation
1976-03-13,0.0009725705,simulation
1976-03-14,0.0005254561,simulation
1976-03-15,0.0005103127,simulation
1976-03-16,0.0013610271,simulation
1976-03-17,0.006816509,simulation
1976-03-18,0.004579882,simulation
1976-03-19,0.0023259944,simulation
1976-03-20,0.002644043,simulation
1976-03-21,0.0100880135,simulation
1976-03-22,0.005952315,simulation
1976-03-23,0.013751977,simulation
1976-03-24,0.0008505561,simulation
1976-03-25,0.0007556561,simulation
1976-03-26,0.0010730026,simulation
1976-03-27,0.02321378,simulation
1976-03-28,0.0016973685,simulation
1976-03-29,0.0013682853,simulation
1976-03-30,0.0006246835,simulation
1976-03-31,0.0011309432,simulation
1976-04-01,0.016959801,simulation
1976-04-02,0.021552365,simulation
1976-04-03,0.0042172815,simulation
1976-04-04,0.003970736,simulation
1976-04-05,0.0018022994,simulation
1976-04-06,0.010215216,simulation
1976-04-07,0.009952612,simulation
1976-04-08,0.00416997,simulation
1976-04-09,0.026511274,simulation
1976-04-10,0.002474208,simulation
1976-04-11,0.03451685,simulation
1976-04-12,0.027031846,simulation
1976-04-13,0.0012509202,simulation
1976-04-14,0.009349172,simulation
1976-04-15,0.022221763,simulation
1976-04-16,0.004686839,simulation
1976-04-17,0.022429911,simulation
1976-04-18,0.009091857,simulation
1976-04-19,0.010615221,simulation
1976-04-20,0.0018844142,simulation
1976-04-21,0.027623145,simulation
1976-04-22,0.04542929,simulation
1976-04-23,0.018388951,simulation
1976-04-24,0.00123068,simulation
1976-04-25,0.026405094,simulation
1976-04-26,0.0054969643,simulation
1976-04-27,0.022686502,simulation
1976-04-28,0.0054199556,simulation
1976-04-29,0.0026809552,simulation
1976-04-30,0.0007655473,simulation
1976-05-01,0.004515708,simulation
1976-05-02,0.032968964,simulation
1976-05-03,0.04957072,simulation
1976-05-04,0.043961048,simulation
1976-05-05,0.035351127,simulation
1976-05-06,0.0046840874,simulation
1976-05-07,0.0007046662,simulation
1976-05-08,0.0015456938,simulation
1976-05-09,0.0036830828,simulation
1976-05-10,0.0013205366,simulation
1976-05-11,0.0025304537,simulation
1976-05-12,0.021950003,simulation
1976-05-13,0.000899492,simulation
1976-05-14,0.0009972169,simulation
1976-05-15,0.004678194,simulation
1976-05-16,0.0071878056,simulation
1976-05-17,0.015052785,simulation
1976-05-18,0.053185903,simulation
1976-05-19,0.052594125,simulation
1976-05-20,0.011033229,simulation
1976-05-21,0.0030001309,simulation
1976-05-22,0.0013409758,simulation
1976-05-23,0.03284135,simulation
1976-05-24,0.00883254,simulation
1976-05-25,0.053768683,simulation
1976-05-26,0.001335006,simulation
1976-05-27,0.001138743,simulation
1976-05-28,0.0012710541,simulation
1976-05-29,0.026537875,simulation
1976-05-30,0.051743668,simulation
1976-05-31,0.0016715574,simulation
1976-06-01,0.0013991429,simulation
1976-06-02,0.009834828,simulation
1976-06-03,0.012182314,simulation
1976-06-04,0.03593658,simulation
1976-06-05,0.0013944701,simulation
1976-06-06,0.035308726,simulation
1976-06-07,0.08068807,simulation
1976-06-08,0.044432696,simulation
1976-06-09,0.056626275,simulation
1976-06-10,0.06899211,simulation
1976-06-11,0.0834052,simulation
1976-06-12,0.08090719,simulation
1976-06-13,0.08782384,simulation
1976-06-14,0.0931239,simulation
1976-06-15,0.049943652,simulation
1976-06-16,0.0013404004,simulation
1976-06-17,0.0026809552,simulation
1976-06-18,0.005027892,simulation
1976-06-19,0.0016953358,simulation
1976-06-20,0.05178529,simulation
1976-06-21,0.07123448,simulation
1976-06-22,0.0102160415,simulation
1976-06-23,0.045042325,simulation
1976-06-24,0.006721851,simulation
1976-06-25,0.01663987,simulation
1976-06-26,0.00599655,simulation
1976-06-27,0.0053377384,simulation
1976-06-28,0.004345523,simulation
1976-06-29,0.057020176,simulation
1976-06-30,0.0052177557,simulation
1976-07-01,0.004946036,simulation
1976-07-02,0.008462443,simulation
1976-07-03,0.013248896,simulation
1976-07-04,0.00090430345,simulation
1976-07-05,0.0009003438,simulation
1976-07-06,0.017463854,simulation
1976-07-07,0.03899163,simulation
1976-07-08,0.019628663,simulation
1976-07-09,0.055482205,simulation
1976-07-10,0.039609566,simulation
1976-07-11,0.05231289,simulation
1976-07-12,0.055558987,simulation
1976-07-13,0.05264807,simulation
1976-07-14,0.021518702,simulation
1976-07-15,0.020512193,simulation
1976-07-16,0.033653393,simulation
1976-07-17,0.002687117,simulation
1976-07-18,0.038933713,simulation
1976-07-19,0.02493203,simulation
1976-07-20,0.07458685,simulation
1976-07-21,0.058371466,simulation
1976-07-22,0.06051167,simulation
1976-07-23,0.07205612,simulation
1976-07-24,0.064049594,simulation
1976-07-25,0.013268822,simulation
1976-07-26,0.077405594,simulation
1976-07-27,0.033191476,simulation
1976-07-28,0.0063057113,simulation
1976-07-29,0.041247454,simulation
1976-07-30,0.021378113,simulation
1976-07-31,0.025058866,simulation
1976-08-01,0.0055657336,simulation
1976-08-02,0.0060270494,simulation
1976-08-03,0.08571544,simulation
1976-08-04,0.026543576,simulation
1976-08-05,0.04550413,simulation
1976-08-06,0.012511569,simulation
1976-08-07,0.045910113,simulation
1976-08-08,0.037494484,simulation
1976-08-09,0.08361008,simulation
1976-08-10,0.07393189,simulation
1976-08-11,0.07174786,simulation
1976-08-12,0.057331115,simulation
1976-08-13,0.02428437,simulation
1976-08-14,0.027312627,simulation
1976-08-15,0.03882809,simulation
1976-08-16,0.027733166,simulation
1976-08-17,0.06765426,simulation
1976-08-18,0.065611124,simulation
1976-08-19,0.07735233,simulation
1976-08-20,0.078008026,simulation
1976-08-21,0.030695107,simulation
1976-08-22,0.0050220024,simulation
1976-08-23,0.05195491,simulation
1976-08-24,0.012315998,simulation
1976-08-25,0.028698293,simulation
1976-08-26,0.015025772,simulation
1976-08-27,0.0019900165,simulation
1976-08-28,0.0035594478,simulation
1976-08-29,0.0215941,simulation
1976-08-30,0.0036305562,simulation
1976-08-31,0.011095445,simulation
1976-09-01,0.002030889,simulation
1976-09-02,0.002065346,simulation
1976-09-03,0.00301519,simulation
1976-09-04,0.0024342826,simulation
1976-09-05,0.006974412,simulation
1976-09-06,0.009816517,simulation
1976-09-07,0.0012302576,simulation
1976-09-08,0.002555346,simulation
1976-09-09,0.0045987647,simulation
1976-09-10,0.005818573,simulation
1976-09-11,0.03087626,simulation
1976-09-12,0.04229035,simulation
1976-09-13,0.046666346,simulation
1976-09-14,0.020971933,simulation
1976-09-15,0.029799173,simulation
1976-09-16,0.03217564,simulation
1976-09-17,0.017595597,simulation
1976-09-18,0.0033933166,simulation
1976-09-19,0.008423076,simulation
1976-09-20,0.0034360876,simulation
1976-09-21,0.0037623122,simulation
1976-09-22,0.034000553,simulation
1976-09-23,0.02211502,simulation
1976-09-24,0.012559406,simulation
1976-09-25,0.0032897685,simulation
1976-09-26,0.0050173784,simulation
1976-09-27,0.0014765488,simulation
1976-09-28,0.0007964126,simulation
1976-09-29,0.00095434027,simulation
1976-09-30,0.008659764,simulation
1976-10-01,0.02247472,simulation
1976-10-02,0.026537875,simulation
1976-10-03,0.022118296,simulation
1976-10-04,0.018077355,simulation
1976-10-05,0.007117561,simulation
1976-10-06,0.00072542473,simulation
1976-10-07,0.0008311589,simulation
1976-10-08,0.0008346001,simulation
1976-10-09,0.0116869025,simulation
1976-10-10,0.012543442,simulation
1976-10-11,0.014098355,simulation
1976-10-12,0.013354071,simulation
1976-10-13,0.010121518,simulation
1976-10-14,0.012364134,simulation
1976-10-15,0.0054444475,simulation
1976-10-16,0.0009693968,simulation
1976-10-17,0.014811226,simulation
1976-10-18,0.009856365,simulation
1976-10-19,0.0012672411,simulation
1976-10-20,0.00166513,simulation
1976-10-21,0.0058682007,simulation
1976-10-22,0.007286899,simulation
1976-10-23,0.00403689,simulation
1976-10-24,0.0008572444,simulation
1976-10-25,0.0009816459,simulation
1976-10-26,0.0015063332,simulation
1976-10-27,0.0015435757,simulation
1976-10-28,0.0012177511,simulation
1976-10-29,0.001011727,simulation
1976-10-30,0.0010113791,simulation
1976-10-31,0.0032564967,simulation
1976-11-01,0.005562485,simulation
1976-11-02,0.0040158476,simulation
1976-11-03,0.005001858,simulation
1976-11-04,0.0032004165,simulation
1976-11-05,0.0038526189,simulation
1976-11-06,0.005724339,simulation
1976-11-07,0.006196707,simulation
1976-11-08,0.004552653,simulation
1976-11-09,0.0076358635,simulation
1976-11-10,0.0010996083,simulation
1976-11-11,0.0006518567,simulation
1976-11-12,0.0040854854,simulation
1976-11-13,0.0011268692,simulation
1976-11-14,0.0005385329,simulation
1976-11-15,0.00056085904,simulation
1976-11-16,0.0006850891,simulation
1976-11-17,0.0008320179,simulation
1976-11-18,0.0017324474,simulation
1976-11-19,0.0006715291,simulation
1976-11-20,0.0005340461,simulation
1976-11-21,0.0041580475,simulation
1976-11-22,0.0023419098,simulation
1976-11-23,0.0013941118,simulation
1976-11-24,0.0029907243,simulation
1976-11-25,0.0015707923,simulation
1976-11-26,0.0007370144,simulation
1976-11-27,0.0006611926,simulation
1976-11-28,0.0005844601,simulation
1976-11-29,0.0011707823,simulation
1976-11-30,0.0015419895,simulation
1976-12-01,0.0021332651,simulation
1976-12-02,0.0016224833,simulation
1976-12-03,0.0019419745,simulation
1976-12-04,0.0019889968,simulation
1976-12-05,0.0021447663,simulation
1976-12-06,0.00065000536,simulation
1976-12-07,0.0006419324,simulation
1976-12-08,0.001786795,simulation
1976-12-09,0.0024009165,simulation
1976-12-10,0.0008840676,simulation
1976-12-11,0.0005464873,simulation
1976-12-12,0.00050440396,simulation
1976-12-13,0.0008273036,simulation
1976-12-14,0.00075611164,simulation
1976-12-15,0.00061152264,simulation
1976-12-16,0.002184667,simulation
1976-12-17,0.001776582,simulation
1976-12-18,0.0020662274,simulation
1976-12-19,0.0010452368,simulation
1976-12-20,0.000993024,simulation
1976-12-21,0.0018698109,simulation
1976-12-22,0.000671182,simulation
1976-12-23,0.0007274273,simulation
1976-12-24,0.0012808013,simulation
1976-12-25,0.00060106895,simulation
1976-12-26,0.0026174095,simulation
1976-12-27,0.002145316,simulation
1976-12-28,0.0012320548,simulation
1976-12-29,0.0021511822,simulation
1976-12-30,0.001183623,simulation
1976-12-31,0.0016371382,simulation
1977-01-01,0.0012919526,simulation
1977-01-02,0.00085599086,simulation
1977-01-03,0.00050991663,simulation
1977-01-04,0.00054408883,simulation
1977-01-05,0.0009792006,simulation
1977-01-06,0.00055008096,simulation
1977-01-07,0.0007610117,simulation
1977-01-08,0.0007489817,simulation
1977-01-09,0.0006077387,simulation
1977-01-10,0.0013485907,simulation
1977-01-11,0.0011385474,simulation
1977-01-12,0.001002203,simulation
1977-01-13,0.0010673912,simulation
1977-01-14,0.00060413434,simulation
1977-01-15,0.0014551857,simulation
1977-01-16,0.0012287798,simulation
1977-01-17,0.0012199485,simulation
1977-01-18,0.00084181566,simulation
1977-01-19,0.0010590743,simulation
1977-01-20,0.0023992807,simulation
1977-01-21,0.0017826724,simulation
1977-01-22,0.0010529931,simulation
1977-01-23,0.0010168728,simulation
1977-01-24,0.00057081296,simulation
1977-01-25,0.0018279151,simulation
1977-01-26,0.0013778252,simulation
1977-01-27,0.0009155773,simulation
1977-01-28,0.001818559,simulation
1977-01-29,0.001995124,simulation
1977-01-30,0.00071444723,simulation
1977-01-31,0.0016410677,simulation
1977-02-01,0.0010745712,simulation
1977-02-02,0.0026399966,simulation
1977-02-03,0.00064442697,simulation
1977-02-04,0.0017732417,simulation
1977-02-05,0.004423683,simulation
1977-02-06,0.0029090901,simulation
1977-02-07,0.0032273794,simulation
1977-02-08,0.0009933655,simulation
1977-02-09,0.0031431487,simulation
1977-02-10,0.003284757,simulation
1977-02-11,0.001197529,simulation
1977-02-12,0.00066028157,simulation
1977-02-13,0.0043899673,simulation
1977-02-14,0.0068153804,simulation
1977-02-15,0.0018249471,simulation
1977-02-16,0.0027100649,simulation
1977-02-17,0.0028414459,simulation
1977-02-18,0.0021319906,simulation
1977-02-19,0.0030829604,simulation
1977-02-20,0.0059167584,simulation
1977-02-21,0.007480976,simulation
1977-02-22,0.007662287,simulation
1977-02-23,0.0015703891,simulation
1977-02-24,0.0030615912,simulation
1977-02-25,0.029633157,simulation
1977-02-26,0.0017354148,simulation
1977-02-27,0.0017218044,simulation
1977-02-28,0.0037297294,simulation
1977-03-01,0.006629546,simulation
1977-03-02,0.0035957422,simulation
1977-03-03,0.0014391791,simulation
1977-03-04,0.002304284,simulation
1977-03-05,0.0007663388,simulation
1977-03-06,0.000747757,simulation
1977-03-07,0.007537855,simulation
1977-03-08,0.0046061077,simulation
1977-03-09,0.0013599765,simulation
1977-03-10,0.0009669819,simulation
1977-03-11,0.001075403,simulation
1977-03-12,0.0027063808,simulation
1977-03-13,0.019832619,simulation
1977-03-14,0.022239873,simulation
1977-03-15,0.0026330438,simulation
1977-03-16,0.007582027,simulation
1977-03-17,0.0025186324,simulation
1977-03-18,0.0076089012,simulation
1977-03-19,0.0020732973,simulation
1977-03-20,0.0052518933,simulation
1977-03-21,0.00091070624,simulation
1977-03-22,0.018625686,simulation
1977-03-23,0.0131018795,simulation
1977-03-24,0.0011648636,simulation
1977-03-25,0.0037673982,simulation
1977-03-26,0.0024538508,simulation
1977-03-27,0.0013585773,simulation
1977-03-28,0.013872764,simulation
1977-03-29,0.0010243317,simulation
1977-03-30,0.003006247,simulation
1977-03-31,0.0071783247,simulation
1977-04-01,0.00085518067,simulation
1977-04-02,0.0019023818,simulation
1977-04-03,0.001678584,simulation
1977-04-04,0.00093644916,simulation
1977-04-05,0.028300367,simulation
1977-04-06,0.024097333,simulation
1977-04-07,0.044989955,simulation
1977-04-08,0.031092571,simulation
1977-04-09,0.045360032,simulation
1977-04-10,0.050623327,simulation
1977-04-11,0.047902215,simulation
1977-04-12,0.04623415,simulation
1977-04-13,0.036593873,simulation
1977-04-14,0.030612247,simulation
1977-04-15,0.020586167,simulation
1977-04-16,0.03998238,simulation
1977-04-17,0.0052536507,simulation
1977-04-18,0.0017579831,simulation
1977-04-19,0.002586855,simulation
1977-04-20,0.0013062232,simulation
1977-04-21,0.00080150325,simulation
1977-04-22,0.0025343338,simulation
1977-04-23,0.006042608,simulation
1977-04-24,0.0025111386,simulation
1977-04-25,0.03493573,simulation
1977-04-26,0.022051176,simulation
1977-04-27,0.05020677,simulation
1977-04-28,0.022970872,simulation
1977-04-29,0.052969266,simulation
1977-04-30,0.062142704,simulation
1977-05-01,0.0034576696,simulation
1977-05-02,0.0011106242,simulation
1977-05-03,0.0032408067,simulation
1977-05-04,0.0032265591,simulation
1977-05-05,0.00913118,simulation
1977-05-06,0.007720472,simulation
1977-05-07,0.0028523302,simulation
1977-05-08,0.014536641,simulation
1977-05-09,0.010073338,simulation
1977-05-10,0.07095646,simulation
1977-05-11,0.021470685,simulation
1977-05-12,0.025613876,simulation
1977-05-13,0.012626455,simulation
1977-05-14,0.007893653,simulation
1977-05-15,0.0130418325,simulation
1977-05-16,0.018806387,simulation
1977-05-17,0.009534799,simulation
1977-05-18,0.033058744,simulation
1977-05-19,0.05345428,simulation
1977-05-20,0.013946134,simulation
1977-05-21,0.012657585,simulation
1977-05-22,0.014252061,simulation
1977-05-23,0.029674591,simulation
1977-05-24,0.03377643,simulation
1977-05-25,0.03700337,simulation
1977-05-26,0.0232975,simulation
1977-05-27,0.04722536,simulation
1977-05-28,0.0512071,simulation
1977-05-29,0.06726739,simulation
1977-05-30,0.081739955,simulation
1977-05-31,0.02645814,simulation
1977-06-01,0.026560687,simulation
1977-06-02,0.070265435,simulation
1977-06-03,0.09979745,simulation
1977-06-04,0.07750878,simulation
1977-06-05,0.044712182,simulation
1977-06-06,0.12483738,simulation
1977-06-07,0.0983076,simulation
1977-06-08,0.09876134,simulation
1977-06-09,0.10994546,simulation
1977-06-10,0.11015692,simulation
1977-06-11,0.103511944,simulation
1977-06-12,0.11292202,simulation
1977-06-13,0.010831942,simulation
1977-06-14,0.0017986035,simulation
1977-06-15,0.0063151387,simulation
1977-06-16,0.014181702,simulation
1977-06-17,0.013743312,simulation
1977-06-18,0.06043226,simulation
1977-06-19,0.0207923,simulation
1977-06-20,0.024254292,simulation
1977-06-21,0.09084818,simulation
1977-06-22,0.11015692,simulation
1977-06-23,0.07963141,simulation
1977-06-24,0.07986076,simulation
1977-06-25,0.0746833,simulation
1977-06-26,0.058478106,simulation
1977-06-27,0.065158814,simulation
1977-06-28,0.0864472,simulation
1977-06-29,0.049147118,simulation
1977-06-30,0.068830766,simulation
1977-07-01,0.0604132,simulation
1977-07-02,0.0119456,simulation
1977-07-03,0.016374582,simulation
1977-07-04,0.061237607,simulation
1977-07-05,0.11353768,simulation
1977-07-06,0.07080758,simulation
1977-07-07,0.026534073,simulation
1977-07-08,0.032865956,simulation
1977-07-09,0.012877483,simulation
1977-07-10,0.0043196483,simulation
1977-07-11,0.0022182853,simulation
1977-07-12,0.00442108,simulation
1977-07-13,0.030175291,simulation
1977-07-14,0.09405972,simulation
1977-07-15,0.06345503,simulation
1977-07-16,0.092591874,simulation
1977-07-17,0.04701317,simulation
1977-07-18,0.035341695,simulation
1977-07-19,0.008544489,simulation
1977-07-20,0.0100237485,simulation
1977-07-21,0.006480181,simulation
1977-07-22,0.014621167,simulation
1977-07-23,0.017645568,simulation
1977-07-24,0.023396915,simulation
1977-07-25,0.013202858,simulation
1977-07-26,0.0016417708,simulation
1977-07-27,0.0040782634,simulation
1977-07-28,0.001930886,simulation
1977-07-29,0.012557406,simulation
1977-07-30,0.003279752,simulation
1977-07-31,0.0078027607,simulation
1977-08-01,0.0068227137,simulation
1977-08-02,0.0088167,simulation
1977-08-03,0.016850397,simulation
1977-08-04,0.004559925,simulation
1977-08-05,0.009175138,simulation
1977-08-06,0.02233224,simulation
1977-08-07,0.079807594,simulation
1977-08-08,0.06276565,simulation
1977-08-09,0.049611434,simulation
1977-08-10,0.050174575,simulation
1977-08-11,0.023726767,simulation
1977-08-12,0.035523456,simulation
1977-08-13,0.04563181,simulation
1977-08-14,0.0361061,simulation
1977-08-15,0.018471792,simulation
1977-08-16,0.027053066,simulation
1977-08-17,0.004046086,simulation
1977-08-18,0.0014837809,simulation
1977-08-19,0.0029311574,simulation
1977-08-20,0.0047330745,simulation
1977-08-21,0.008844077,simulation
1977-08-22,0.008573872,simulation
1977-08-23,0.011609561,simulation
1977-08-24,0.016763581,simulation
1977-08-25,0.004258301,simulation
1977-08-26,0.009773653,simulation
1977-08-27,0.018910935,simulation
1977-08-28,0.0064032553,simulation
1977-08-29,0.042065125,simulation
1977-08-30,0.06282676,simulation
1977-08-31,0.07934212,simulation
1977-09-01,0.06553621,simulation
1977-09-02,0.07049345,simulation
1977-09-03,0.044369817,simulation
1977-09-04,0.0020894692,simulation
1977-09-05,0.0012146179,simulation
1977-09-06,0.0010904801,simulation
1977-09-07,0.003907616,simulation
1977-09-08,0.021870311,simulation
1977-09-09,0.0012798121,simulation
1977-09-10,0.002731579,simulation
1977-09-11,0.037982576,simulation
1977-09-12,0.023601977,simulation
1977-09-13,0.0045043407,simulation
1977-09-14,0.0028140575,simulation
1977-09-15,0.0010964944,simulation
1977-09-16,0.0017428563,simulation
1977-09-17,0.00505829,simulation
1977-09-18,0.0037369812,simulation
1977-09-19,0.001746589,simulation
1977-09-20,0.010230912,simulation
1977-09-21,0.030925427,simulation
1977-09-22,0.020340474,simulation
1977-09-23,0.0058345855,simulation
1977-09-24,0.0044426876,simulation
1977-09-25,0.004452032,simulation
1977-09-26,0.0076730098,simulation
1977-09-27,0.0047112852,simulation
1977-09-28,0.0038257274,simulation
1977-09-29,0.0015548596,simulation
1977-09-30,0.010674396,simulation
1977-10-01,0.0053641135,simulation
1977-10-02,0.0011009318,simulation
1977-10-03,0.025674919,simulation
1977-10-04,0.0054772715,simulation
1977-10-05,0.0028387918,simulation
1977-10-06,0.010925567,simulation
1977-10-07,0.0016424743,simulation
1977-10-08,0.00092962687,simulation
1977-10-09,0.01658856,simulation
1977-10-10,0.0014938626,simulation
1977-10-11,0.001169174,simulation
1977-10-12,0.015246648,simulation
1977-10-13,0.009982464,simulation
1977-10-14,0.009112611,simulation
1977-10-15,0.0034308573,simulation
1977-10-16,0.009004879,simulation
1977-10-17,0.0095751295,simulation
1977-10-18,0.01374656,simulation
1977-10-19,0.01416277,simulation
1977-10-20,0.0014008237,simulation
1977-10-21,0.009361339,simulation
1977-10-22,0.011429695,simulation
1977-10-23,0.0041259523,simulation
1977-10-24,0.0011906577,simulation
1977-10-25,0.0011727951,simulation
1977-10-26,0.002248575,simulation
1977-10-27,0.008683846,simulation
1977-10-28,0.0011021625,simulation
1977-10-29,0.0021349047,simulation
1977-10-30,0.0046990467,simulation
1977-10-31,0.0017085926,simulation
1977-11-01,0.004709309,simulation
1977-11-02,0.00095401204,simulation
1977-11-03,0.0026492209,simulation
1977-11-04,0.0006886406,simulation
1977-11-05,0.0011055772,simulation
1977-11-06,0.00090578315,simulation
1977-11-07,0.0013111643,simulation
1977-11-08,0.005855513,simulation
1977-11-09,0.0016509338,simulation
1977-11-10,0.006908439,simulation
1977-11-11,0.0047569564,simulation
1977-11-12,0.0043393136,simulation
1977-11-13,0.0016166575,simulation
1977-11-14,0.0048613916,simulation
1977-11-15,0.0012492033,simulation
1977-11-16,0.002094112,simulation
1977-11-17,0.002350108,simulation
1977-11-18,0.0017776467,simulation
1977-11-19,0.0009802121,simulation
1977-11-20,0.0012720365,simulation
1977-11-21,0.0007261125,simulation
1977-11-22,0.0005849639,simulation
1977-11-23,0.00060117256,simulation
1977-11-24,0.0007274898,simulation
1977-11-25,0.0011165568,simulation
1977-11-26,0.00270523,simulation
1977-11-27,0.0013713401,simulation
1977-11-28,0.00061602023,simulation
1977-11-29,0.0012297294,simulation
1977-11-30,0.00070551696,simulation
1977-12-01,0.0010259179,simulation
1977-12-02,0.001747336,simulation
1977-12-03,0.0017840449,simulation
1977-12-04,0.0016188741,simulation
1977-12-05,0.0066048824,simulation
1977-12-06,0.0028102342,simulation
1977-12-07,0.0021238173,simulation
1977-12-08,0.0024087026,simulation
1977-12-09,0.003022106,simulation
1977-12-10,0.00221526,simulation
1977-12-11,0.0019087334,simulation
1977-12-12,0.0022783002,simulation
1977-12-13,0.00084858126,simulation
1977-12-14,0.0007291839,simulation
1977-12-15,0.0011529176,simulation
1977-12-16,0.0015614005,simulation
1977-12-17,0.002114411,simulation
1977-12-18,0.003074603,simulation
1977-12-19,0.0017385366,simulation
1977-12-20,0.0026720779,simulation
1977-12-21,0.0015225572,simulation
1977-12-22,0.0013275808,simulation
1977-12-23,0.0010526306,simulation
1977-12-24,0.001188104,simulation
1977-12-25,0.0027274021,simulation
1977-12-26,0.0016115427,simulation
1977-12-27,0.0016517818,simulation
1977-12-28,0.0008176742,simulation
1977-12-29,0.00071278727,simulation
1977-12-30,0.00054535706,simulation
1977-12-31,0.00072106335,simulation
1978-01-01,0.0010765126,simulation
1978-01-02,0.0010613531,simulation
1978-01-03,0.0014002236,simulation
1978-01-04,0.001334777,simulation
1978-01-05,0.0009874884,simulation
1978-01-06,0.0010875787,simulation
1978-01-07,0.000894167,simulation
1978-01-08,0.00079408434,simulation
1978-01-09,0.0017302247,simulation
1978-01-10,0.0015580597,simulation
1978-01-11,0.0010002228,simulation
1978-01-12,0.00068704,simulation
1978-01-13,0.00061453524,simulation
1978-01-14,0.0007151861,simulation
1978-01-15,0.0009818152,simulation
1978-01-16,0.0010878595,simulation
1978-01-17,0.0006892934,simulation
1978-01-18,0.000635546,simulation
1978-01-19,0.0005675244,simulation
1978-01-20,0.00060029206,simulation
1978-01-21,0.00068132166,simulation
1978-01-22,0.0009961027,simulation
1978-01-23,0.0008729543,simulation
1978-01-24,0.00064348365,simulation
1978-01-25,0.00063543674,simulation
1978-01-26,0.0026303574,simulation
1978-01-27,0.0016199837,simulation
1978-01-28,0.0015155276,simulation
1978-01-29,0.002092325,simulation
1978-01-30,0.00067025726,simulation
1978-01-31,0.0007271767,simulation
1978-02-01,0.0005427297,simulation
1978-02-02,0.00063319504,simulation
1978-02-03,0.00090788945,simulation
1978-02-04,0.0021129677,simulation
1978-02-05,0.002120919,simulation
1978-02-06,0.0015829497,simulation
1978-02-07,0.0011885127,simulation
1978-02-08,0.0010572558,simulation
1978-02-09,0.0009476322,simulation
1978-02-10,0.001648815,simulation
1978-02-11,0.0025756522,simulation
1978-02-12,0.0030532905,simulation
1978-02-13,0.0055282474,simulation
1978-02-14,0.001481112,simulation
1978-02-15,0.0011459067,simulation
1978-02-16,0.003353337,simulation
1978-02-17,0.0031903952,simulation
1978-02-18,0.000762061,simulation
1978-02-19,0.0021416573,simulation
1978-02-20,0.0019516239,simulation
1978-02-21,0.0009955034,simulation
1978-02-22,0.0027556014,simulation
1978-02-23,0.0040484737,simulation
1978-02-24,0.0041172737,simulation
1978-02-25,0.0017228365,simulation
1978-02-26,0.0036164685,simulation
1978-02-27,0.0013984231,simulation
1978-02-28,0.0007916268,simulation
1978-03-01,0.00083180325,simulation
1978-03-02,0.0006819676,simulation
1978-03-03,0.00067506824,simulation
1978-03-04,0.0017325953,simulation
1978-03-05,0.004453904,simulation
1978-03-06,0.0016870841,simulation
1978-03-07,0.0005422616,simulation
1978-03-08,0.0005499388,simulation
1978-03-09,0.00052768167,simulation
1978-03-10,0.0015483447,simulation
1978-03-11,0.005131196,simulation
1978-03-12,0.0020789695,simulation
1978-03-13,0.0010708829,simulation
1978-03-14,0.012506596,simulation
1978-03-15,0.0027840873,simulation
1978-03-16,0.0025992116,simulation
1978-03-17,0.00910445,simulation
1978-03-18,0.017657736,simulation
1978-03-19,0.028565183,simulation
1978-03-20,0.0020469087,simulation
1978-03-21,0.0010439798,simulation
1978-03-22,0.012132891,simulation
1978-03-23,0.0072407746,simulation
1978-03-24,0.0010383406,simulation
1978-03-25,0.0009896987,simulation
1978-03-26,0.00085099554,simulation
1978-03-27,0.00424149,simulation
1978-03-28,0.012369058,simulation
1978-03-29,0.007030526,simulation
1978-03-30,0.009843596,simulation
1978-03-31,0.03237652,simulation
1978-04-01,0.056852553,simulation
1978-04-02,0.013076998,simulation
1978-04-03,0.0032945094,simulation
1978-04-04,0.0057081417,simulation
1978-04-05,0.027134212,simulation
1978-04-06,0.002055493,simulation
1978-04-07,0.0148181785,simulation
1978-04-08,0.012108732,simulation
1978-04-09,0.002216016,simulation
1978-04-10,0.0012235155,simulation
1978-04-11,0.00067926967,simulation
1978-04-12,0.00066651317,simulation
1978-04-13,0.013151758,simulation
1978-04-14,0.0039939038,simulation
1978-04-15,0.039724234,simulation
1978-04-16,0.0024689455,simulation
1978-04-17,0.0037162094,simulation
1978-04-18,0.009007813,simulation
1978-04-19,0.03549745,simulation
1978-04-20,0.010272321,simulation
1978-04-21,0.0327654,simulation
1978-04-22,0.05078809,simulation
1978-04-23,0.00231117,simulation
1978-04-24,0.003963711,simulation
1978-04-25,0.011376694,simulation
1978-04-26,0.055888116,simulation
1978-04-27,0.032078832,simulation
1978-04-28,0.037064224,simulation
1978-04-29,0.012501624,simulation
1978-04-30,0.0018013747,simulation
1978-05-01,0.0023678006,simulation
1978-05-02,0.0026087388,simulation
1978-05-03,0.0007227426,simulation
1978-05-04,0.0012715992,simulation
1978-05-05,0.031004624,simulation
1978-05-06,0.0010536265,simulation
1978-05-07,0.0008642079,simulation
1978-05-08,0.00084828964,simulation
1978-05-09,0.051803134,simulation
1978-05-10,0.03263836,simulation
1978-05-11,0.0043693436,simulation
1978-05-12,0.0073623713,simulation
1978-05-13,0.089964144,simulation
1978-05-14,0.08605365,simulation
1978-05-15,0.023138808,simulation
1978-05-16,0.018422611,simulation
1978-05-17,0.0024856108,simulation
1978-05-18,0.0047581536,simulation
1978-05-19,0.0025983271,simulation
1978-05-20,0.011887556,simulation
1978-05-21,0.02215767,simulation
1978-05-22,0.010587029,simulation
1978-05-23,0.023195019,simulation
1978-05-24,0.04606638,simulation
1978-05-25,0.05705746,simulation
1978-05-26,0.07720254,simulation
1978-05-27,0.07879996,simulation
1978-05-28,0.005857951,simulation
1978-05-29,0.008344176,simulation
1978-05-30,0.0045202626,simulation
1978-05-31,0.03361245,simulation
1978-06-01,0.007003284,simulation
1978-06-02,0.0028627673,simulation
1978-06-03,0.0045710444,simulation
1978-06-04,0.052639086,simulation
1978-06-05,0.009896361,simulation
1978-06-06,0.0037005474,simulation
1978-06-07,0.0018963743,simulation
1978-06-08,0.005065067,simulation
1978-06-09,0.013709768,simulation
1978-06-10,0.0420757,simulation
1978-06-11,0.018690964,simulation
1978-06-12,0.011095445,simulation
1978-06-13,0.0105529465,simulation
1978-06-14,0.082293406,simulation
1978-06-15,0.08149124,simulation
1978-06-16,0.036656667,simulation
1978-06-17,0.08835499,simulation
1978-06-18,0.037195876,simulation
1978-06-19,0.007244357,simulation
1978-06-20,0.032912955,simulation
1978-06-21,0.040802196,simulation
1978-06-22,0.057265766,simulation
1978-06-23,0.07166171,simulation
1978-06-24,0.03685034,simulation
1978-06-25,0.042292986,simulation
1978-06-26,0.07946515,simulation
1978-06-27,0.06886368,simulation
1978-06-28,0.07663665,simulation
1978-06-29,0.013439817,simulation
1978-06-30,0.052594125,simulation
1978-07-01,0.03419352,simulation
1978-07-02,0.093825474,simulation
1978-07-03,0.068969056,simulation
1978-07-04,0.0784107,simulation
1978-07-05,0.054229736,simulation
1978-07-06,0.042409886,simulation
1978-07-07,0.019118633,simulation
1978-07-08,0.05134617,simulation
1978-07-09,0.0673657,simulation
1978-07-10,0.011323918,simulation
1978-07-11,0.028941551,simulation
1978-07-12,0.023932442,simulation
1978-07-13,0.01843524,simulation
1978-07-14,0.004620826,simulation
1978-07-15,0.003732881,simulation
1978-07-16,0.05767397,simulation
1978-07-17,0.103286,simulation
1978-07-18,0.08667655,simulation
1978-07-19,0.078221016,simulation
1978-07-20,0.076796435,simulation
1978-07-21,0.021273177,simulation
1978-07-22,0.011891355,simulation
1978-07-23,0.024256065,simulation
1978-07-24,0.032030523,simulation
1978-07-25,0.047335897,simulation
1978-07-26,0.017191038,simulation
1978-07-27,0.0035736205,simulation
1978-07-28,0.004515329,simulation
1978-07-29,0.04921661,simulation
1978-07-30,0.022937061,simulation
1978-07-31,0.04712909,simulation
1978-08-01,0.049190536,simulation
1978-08-02,0.05211287,simulation
1978-08-03,0.09328606,simulation
1978-08-04,0.08781082,simulation
1978-08-05,0.056982916,simulation
1978-08-06,0.0064357347,simulation
1978-08-07,0.003966052,simulation
1978-08-08,0.0013858858,simulation
1978-08-09,0.00100834,simulation
1978-08-10,0.004596833,simulation
1978-08-11,0.0028901298,simulation
1978-08-12,0.014513865,simulation
1978-08-13,0.00533551,simulation
1978-08-14,0.00533551,simulation
1978-08-15,0.010343907,simulation
1978-08-16,0.037440527,simulation
1978-08-17,0.07048686,simulation
1978-08-18,0.04844921,simulation
1978-08-19,0.047301877,simulation
1978-08-20,0.032578316,simulation
1978-08-21,0.062486045,simulation
1978-08-22,0.054056626,simulation
1978-08-23,0.049972873,simulation
1978-08-24,0.018284103,simulation
1978-08-25,0.055193927,simulation
1978-08-26,0.060886998,simulation
1978-08-27,0.043830715,simulation
1978-08-28,0.0025965592,simulation
1978-08-29,0.0014553108,simulation
1978-08-30,0.0033468136,simulation
1978-08-31,0.013906669,simulation
1978-09-01,0.0028198021,simulation
1978-09-02,0.007582653,simulation
1978-09-03,0.01596505,simulation
1978-09-04,0.07469328,simulation
1978-09-05,0.05814902,simulation
1978-09-06,0.034572486,simulation
1978-09-07,0.0370837,simulation
1978-09-08,0.033483032,simulation
1978-09-09,0.0047477884,simulation
1978-09-10,0.006610903,simulation
1978-09-11,0.004018896,simulation
1978-09-12,0.0034326005,simulation
1978-09-13,0.0010904801,simulation
1978-09-14,0.0025675546,simulation
1978-09-15,0.0023347351,simulation
1978-09-16,0.008725783,simulation
1978-09-17,0.026671188,simulation
1978-09-18,0.02416777,simulation
1978-09-19,0.032235146,simulation
1978-09-20,0.03447747,simulation
1978-09-21,0.03752641,simulation
1978-09-22,0.03302954,simulation
1978-09-23,0.028304372,simulation
1978-09-24,0.023253042,simulation
1978-09-25,0.0031688344,simulation
1978-09-26,0.0018589698,simulation
1978-09-27,0.0008503364,simulation
1978-09-28,0.00081073405,simulation
1978-09-29,0.0067402367,simulation
1978-09-30,0.004470029,simulation
1978-10-01,0.028935444,simulation
1978-10-02,0.021389266,simulation
1978-10-03,0.00741656,simulation
1978-10-04,0.028214514,simulation
1978-10-05,0.0022501096,simulation
1978-10-06,0.02651507,simulation
1978-10-07,0.014875066,simulation
1978-10-08,0.014775348,simulation
1978-10-09,0.0055148858,simulation
1978-10-10,0.010526604,simulation
1978-10-11,0.008416187,simulation
1978-10-12,0.012805154,simulation
1978-10-13,0.0039513633,simulation
1978-10-14,0.013153843,simulation
1978-10-15,0.009809362,simulation
1978-10-16,0.019500079,simulation
1978-10-17,0.011842066,simulation
1978-10-18,0.009639839,simulation
1978-10-19,0.0074049598,simulation
1978-10-20,0.012343485,simulation
1978-10-21,0.013191372,simulation
1978-10-22,0.012567393,simulation
1978-10-23,0.010893984,simulation
1978-10-24,0.009506967,simulation
1978-10-25,0.010169911,simulation
1978-10-26,0.002304873,simulation
1978-10-27,0.0022903765,simulation
1978-10-28,0.0047998354,simulation
1978-10-29,0.0112019535,simulation
1978-10-30,0.002946377,simulation
1978-10-31,0.008012456,simulation
1978-11-01,0.0084038,simulation
1978-11-02,0.008389371,simulation
1978-11-03,0.007894948,simulation
1978-11-04,0.007411062,simulation
1978-11-05,0.0041395286,simulation
1978-11-06,0.0020220617,simulation
1978-11-07,0.00060366566,simulation
1978-11-08,0.0024432149,simulation
1978-11-09,0.0025171326,simulation
1978-11-10,0.0036320903,simulation
1978-11-11,0.0025192762,simulation
1978-11-12,0.0026312524,simulation
1978-11-13,0.0023226258,simulation
1978-11-14,0.0012805815,simulation
1978-11-15,0.00079033256,simulation
1978-11-16,0.0015760491,simulation
1978-11-17,0.0016975141,simulation
1978-11-18,0.0010316669,simulation
1978-11-19,0.0016718436,simulation
1978-11-20,0.002702471,simulation
1978-11-21,0.0014010641,simulation
1978-11-22,0.001051184,simulation
1978-11-23,0.0014176227,simulation
1978-11-24,0.0017422601,simulation
1978-11-25,0.0024496748,simulation
1978-11-26,0.0014193256,simulation
1978-11-27,0.0007085625,simulation
1978-11-28,0.0012022692,simulation
1978-11-29,0.00057640235,simulation
1978-11-30,0.00065783894,simulation
1978-12-01,0.0016685547,simulation
1978-12-02,0.001970055,simulation
1978-12-03,0.0020024665,simulation
1978-12-04,0.0005747148,simulation
1978-12-05,0.002036621,simulation
1978-12-06,0.0020973324,simulation
1978-12-07,0.0012703997,simulation
1978-12-08,0.00085407763,simulation
1978-12-09,0.000730756,simulation
1978-12-10,0.0013427022,simulation
1978-12-11,0.0014257907,simulation
1978-12-12,0.0016147204,simulation
1978-12-13,0.0015096941,simulation
1978-12-14,0.0010126845,simulation
1978-12-15,0.0011157895,simulation
1978-12-16,0.00070145587,simulation
1978-12-17,0.0024307596,simulation
1978-12-18,0.0012782753,simulation
1978-12-19,0.0010160861,simulation
1978-12-20,0.001573082,simulation
1978-12-21,0.0019115092,simulation
1978-12-22,0.0015452964,simulation
1978-12-23,0.0011789558,simulation
1978-12-24,0.0006937623,simulation
1978-12-25,0.0014900258,simulation
1978-12-26,0.0019685405,simulation
1978-12-27,0.001373813,simulation
1978-12-28,0.0025501305,simulation
1978-12-29,0.0009784433,simulation
1978-12-30,0.0005110175,simulation
1978-12-31,0.0006492213,simulation
1979-01-01,0.0005864792,simulation
1979-01-02,0.001124258,simulation
1979-01-03,0.00072050485,simulation
1979-01-04,0.0009312276,simulation
1979-01-05,0.0009388694,simulation
1979-01-06,0.000514423,simulation
1979-01-07,0.00054979644,simulation
1979-01-08,0.0012775077,simulation
1979-01-09,0.0011515318,simulation
1979-01-10,0.0007590477,simulation
1979-01-11,0.00096864655,simulation
1979-01-12,0.0006998256,simulation
1979-01-13,0.00055671466,simulation
1979-01-14,0.0010013412,simulation
1979-01-15,0.0007654154,simulation
1979-01-16,0.0007915585,simulation
1979-01-17,0.0008083645,simulation
1979-01-18,0.0005133148,simulation
1979-01-19,0.0005529823,simulation
1979-01-20,0.00060595974,simulation
1979-01-21,0.0007179641,simulation
1979-01-22,0.0007887011,simulation
1979-01-23,0.0007221822,simulation
1979-01-24,0.002094649,simulation
1979-01-25,0.00066599663,simulation
1979-01-26,0.00055241043,simulation
1979-01-27,0.0006250604,simulation
1979-01-28,0.0010704232,simulation
1979-01-29,0.0007484658,simulation
1979-01-30,0.00054937,simulation
1979-01-31,0.00078099646,simulation
1979-02-01,0.0008273036,simulation
1979-02-02,0.0014864543,simulation
1979-02-03,0.0005031435,simulation
1979-02-04,0.0007019395,simulation
1979-02-05,0.00082580966,simulation
1979-02-06,0.00056933804,simulation
1979-02-07,0.0006025216,simulation
1979-02-08,0.001275754,simulation
1979-02-09,0.0013861229,simulation
1979-02-10,0.0019234741,simulation
1979-02-11,0.0019692134,simulation
1979-02-12,0.0013989023,simulation
1979-02-13,0.0008777,simulation
1979-02-14,0.0014251799,simulation
1979-02-15,0.0018066209,simulation
1979-02-16,0.00092110806,simulation
1979-02-17,0.000677224,simulation
1979-02-18,0.00052166235,simulation
1979-02-19,0.0017294842,simulation
1979-02-20,0.00063461554,simulation
1979-02-21,0.0006072147,simulation
1979-02-22,0.0007500149,simulation
1979-02-23,0.00074756396,simulation
1979-02-24,0.0007642955,simulation
1979-02-25,0.0008551073,simulation
1979-02-26,0.005737232,simulation
1979-02-27,0.0013619615,simulation
1979-02-28,0.0010592568,simulation
1979-03-01,0.003906297,simulation
1979-03-02,0.00082673447,simulation
1979-03-03,0.00067827525,simulation
1979-03-04,0.0021874649,simulation
1979-03-05,0.004729503,simulation
1979-03-06,0.0064920117,simulation
1979-03-07,0.0017605424,simulation
1979-03-08,0.005622189,simulation
1979-03-09,0.011910363,simulation
1979-03-10,0.0006089973,simulation
1979-03-11,0.0040328093,simulation
1979-03-12,0.011705612,simulation
1979-03-13,0.0047069397,simulation
1979-03-14,0.022390135,simulation
1979-03-15,0.0077950703,simulation
1979-03-16,0.0018111079,simulation
1979-03-17,0.009815722,simulation
1979-03-18,0.0038997128,simulation
1979-03-19,0.009761775,simulation
1979-03-20,0.0015043985,simulation
1979-03-21,0.001904822,simulation
1979-03-22,0.0008874216,simulation
1979-03-23,0.006441608,simulation
1979-03-24,0.0116328085,simulation
1979-03-25,0.015145892,simulation
1979-03-26,0.012752418,simulation
1979-03-27,0.011527147,simulation
1979-03-28,0.017905464,simulation
1979-03-29,0.0024498838,simulation
1979-03-30,0.0019867897,simulation
1979-03-31,0.00093162793,simulation
1979-04-01,0.0059246416,simulation
1979-04-02,0.000772834,simulation
1979-04-03,0.0009707322,simulation
1979-04-04,0.002675033,simulation
1979-04-05,0.021008015,simulation
1979-04-06,0.024520727,simulation
1979-04-07,0.013351961,simulation
1979-04-08,0.000797442,simulation
1979-04-09,0.007606398,simulation
1979-04-10,0.002118747,simulation
1979-04-11,0.003187152,simulation
1979-04-12,0.0010709753,simulation
1979-04-13,0.0017269704,simulation
1979-04-14,0.04072698,simulation
1979-04-15,0.041999016,simulation
1979-04-16,0.048022203,simulation
1979-04-17,0.01055635,simulation
1979-04-18,0.0015848498,simulation
1979-04-19,0.002270736,simulation
1979-04-20,0.0011743067,simulation
1979-04-21,0.0011059578,simulation
1979-04-22,0.0010236269,simulation
1979-04-23,0.0009664831,simulation
1979-04-24,0.0009906355,simulation
1979-04-25,0.0012278303,simulation
1979-04-26,0.0050888653,simulation
1979-04-27,0.007866474,simulation
1979-04-28,0.033209503,simulation
1979-04-29,0.0010438003,simulation
1979-04-30,0.015270439,simulation
1979-05-01,0.003654256,simulation
1979-05-02,0.0017050868,simulation
1979-05-03,0.0018647015,simulation
1979-05-04,0.0008011581,simulation
1979-05-05,0.00089925964,simulation
1979-05-06,0.015085729,simulation
1979-05-07,0.018882243,simulation
1979-05-08,0.009518555,simulation
1979-05-09,0.006795677,simulation
1979-05-10,0.014590275,simulation
1979-05-11,0.0043214653,simulation
1979-05-12,0.0021990668,simulation
1979-05-13,0.002619193,simulation
1979-05-14,0.057116505,simulation
1979-05-15,0.06738208,simulation
1979-05-16,0.08321017,simulation
1979-05-17,0.07704608,simulation
1979-05-18,0.024706835,simulation
1979-05-19,0.014736089,simulation
1979-05-20,0.013059405,simulation
1979-05-21,0.0024087026,simulation
1979-05-22,0.0048728143,simulation
1979-05-23,0.0011541066,simulation
1979-05-24,0.019067971,simulation
1979-05-25,0.059248704,simulation
1979-05-26,0.063771494,simulation
1979-05-27,0.004353206,simulation
1979-05-28,0.0034655766,simulation
1979-05-29,0.0015894719,simulation
1979-05-30,0.000978191,simulation
1979-05-31,0.0024264148,simulation
1979-06-01,0.020378698,simulation
1979-06-02,0.005029155,simulation
1979-06-03,0.0047108904,simulation
1979-06-04,0.011390378,simulation
1979-06-05,0.0023263912,simulation
1979-06-06,0.0073314887,simulation
1979-06-07,0.0034838023,simulation
1979-06-08,0.054105196,simulation
1979-06-09,0.037369464,simulation
1979-06-10,0.012917367,simulation
1979-06-11,0.09569308,simulation
1979-06-12,0.08317048,simulation
1979-06-13,0.073858745,simulation
1979-06-14,0.07854046,simulation
1979-06-15,0.028718507,simulation
1979-06-16,0.05938434,simulation
1979-06-17,0.05990589,simulation
1979-06-18,0.084234,simulation
1979-06-19,0.09756221,simulation
1979-06-20,0.089886576,simulation
1979-06-21,0.0015660896,simulation
1979-06-22,0.010631484,simulation
1979-06-23,0.0108756,simulation
1979-06-24,0.009638276,simulation
1979-06-25,0.0021319906,simulation
1979-06-26,0.005386114,simulation
1979-06-27,0.024583232,simulation
1979-06-28,0.04529363,simulation
1979-06-29,0.003599695,simulation
1979-06-30,0.019001564,simulation
1979-07-01,0.014793859,simulation
1979-07-02,0.038858254,simulation
1979-07-03,0.06564695,simulation
1979-07-04,0.087415814,simulation
1979-07-05,0.047440916,simulation
1979-07-06,0.0143576255,simulation
1979-07-07,0.0016925813,simulation
1979-07-08,0.0024998323,simulation
1979-07-09,0.0026232067,simulation
1979-07-10,0.0013954279,simulation
1979-07-11,0.0009401624,simulation
1979-07-12,0.034336433,simulation
1979-07-13,0.0039430414,simulation
1979-07-14,0.002248384,simulation
1979-07-15,0.030637715,simulation
1979-07-16,0.026806941,simulation
1979-07-17,0.031223753,simulation
1979-07-18,0.0077147605,simulation
1979-07-19,0.0040762015,simulation
1979-07-20,0.0011419761,simulation
1979-07-21,0.0020201623,simulation
1979-07-22,0.01977288,simulation
1979-07-23,0.002970234,simulation
1979-07-24,0.003462353,simulation
1979-07-25,0.0018712498,simulation
1979-07-26,0.003415793,simulation
1979-07-27,0.0042554345,simulation
1979-07-28,0.0050722808,simulation
1979-07-29,0.023712873,simulation
1979-07-30,0.0484291,simulation
1979-07-31,0.046691664,simulation
1979-08-01,0.036911026,simulation
1979-08-02,0.007081222,simulation
1979-08-03,0.010615221,simulation
1979-08-04,0.034772404,simulation
1979-08-05,0.053421076,simulation
1979-08-06,0.06592721,simulation
1979-08-07,0.078676865,simulation
1979-08-08,0.06674365,simulation
1979-08-09,0.05333058,simulation
1979-08-10,0.043325186,simulation
1979-08-11,0.004995579,simulation
1979-08-12,0.008778651,simulation
1979-08-13,0.020863997,simulation
1979-08-14,0.035410084,simulation
1979-08-15,0.039097544,simulation
1979-08-16,0.0377035,simulation
1979-08-17,0.069308415,simulation
1979-08-18,0.036615595,simulation
1979-08-19,0.053011358,simulation
1979-08-20,0.0092591345,simulation
1979-08-21,0.021064604,simulation
1979-08-22,0.0059167584,simulation
1979-08-23,0.0034123245,simulation
1979-08-24,0.0053802677,simulation
1979-08-25,0.0027631077,simulation
1979-08-26,0.0051626284,simulation
1979-08-27,0.012080758,simulation
1979-08-28,0.025400246,simulation
1979-08-29,0.028093083,simulation
1979-08-30,0.044380758,simulation
1979-08-31,0.043279406,simulation
1979-09-01,0.01997209,simulation
1979-09-02,0.001656598,simulation
1979-09-03,0.0024972796,simulation
1979-09-04,0.02490131,simulation
1979-09-05,0.018424017,simulation
1979-09-06,0.01320704,simulation
1979-09-07,0.019997682,simulation
1979-09-08,0.07627383,simulation
1979-09-09,0.038121384,simulation
1979-09-10,0.06726739,simulation
1979-09-11,0.07339359,simulation
1979-09-12,0.0026802707,simulation
1979-09-13,0.0013264422,simulation
1979-09-14,0.013751977,simulation
1979-09-15,0.052999333,simulation
1979-09-16,0.0024873056,simulation
1979-09-17,0.0007908092,simulation
1979-09-18,0.0008867344,simulation
1979-09-19,0.00095812394,simulation
1979-09-20,0.0008645054,simulation
1979-09-21,0.0031052653,simulation
1979-09-22,0.02429145,simulation
1979-09-23,0.036908604,simulation
1979-09-24,0.008883841,simulation
1979-09-25,0.0054045883,simulation
1979-09-26,0.0017774941,simulation
1979-09-27,0.003767716,simulation
1979-09-28,0.011206445,simulation
1979-09-29,0.011542849,simulation
1979-09-30,0.017728211,simulation
1979-10-01,0.025343396,simulation
1979-10-02,0.032850295,simulation
1979-10-03,0.023331739,simulation
1979-10-04,0.0038941232,simulation
1979-10-05,0.015814599,simulation
1979-10-06,0.0064785695,simulation
1979-10-07,0.020512193,simulation
1979-10-08,0.029098475,simulation
1979-10-09,0.0047998354,simulation
1979-10-10,0.0035172596,simulation
1979-10-11,0.012734208,simulation
1979-10-12,0.022651369,simulation
1979-10-13,0.014465023,simulation
1979-10-14,0.01532649,simulation
1979-10-15,0.009300648,simulation
1979-10-16,0.004871997,simulation
1979-10-17,0.009846789,simulation
1979-10-18,0.009215548,simulation
1979-10-19,0.013919812,simulation
1979-10-20,0.004789382,simulation
1979-10-21,0.0024488403,simulation
1979-10-22,0.0011320127,simulation
1979-10-23,0.010297243,simulation
1979-10-24,0.0052505773,simulation
1979-10-25,0.00699519,simulation
1979-10-26,0.008073814,simulation
1979-10-27,0.010479173,simulation
1979-10-28,0.007327864,simulation
1979-10-29,0.0013179333,simulation
1979-10-30,0.0021880243,simulation
1979-10-31,0.00095878285,simulation
1979-11-01,0.0026875741,simulation
1979-11-02,0.008201222,simulation
1979-11-03,0.0039821356,simulation
1979-11-04,0.0049597267,simulation
1979-11-05,0.0022281471,simulation
1979-11-06,0.0011565877,simulation
1979-11-07,0.0045408155,simulation
1979-11-08,0.001211805,simulation
1979-11-09,0.0011979402,simulation
1979-11-10,0.00073214236,simulation
1979-11-11,0.0011731981,simulation
1979-11-12,0.0030597732,simulation
1979-11-13,0.003319998,simulation
1979-11-14,0.0028957801,simulation
1979-11-15,0.0028443444,simulation
1979-11-16,0.003907616,simulation
1979-11-17,0.002832047,simulation
1979-11-18,0.0025308845,simulation
1979-11-19,0.004048133,simulation
1979-11-20,0.0018634264,simulation
1979-11-21,0.0017895482,simulation
1979-11-22,0.0008197886,simulation
1979-11-23,0.0005368632,simulation
1979-11-24,0.0012525324,simulation
1979-11-25,0.00057560776,simulation
1979-11-26,0.002561225,simulation
1979-11-27,0.002007604,simulation
1979-11-28,0.0038448244,simulation
1979-11-29,0.0022054543,simulation
1979-11-30,0.0010275072,simulation
1979-12-01,0.001797219,simulation
1979-12-02,0.002317681,simulation
1979-12-03,0.00086487766,simulation
1979-12-04,0.0018728502,simulation
1979-12-05,0.0023653796,simulation
1979-12-06,0.000705456,simulation
1979-12-07,0.0021603813,simulation
1979-12-08,0.0026971907,simulation
1979-12-09,0.0026634552,simulation
1979-12-10,0.002804986,simulation
1979-12-11,0.0013668777,simulation
1979-12-12,0.00084399217,simulation
1979-12-13,0.0005570988,simulation
1979-12-14,0.0010960236,simulation
1979-12-15,0.00074807915,simulation
1979-12-16,0.0010698712,simulation
1979-12-17,0.0015584597,simulation
1979-12-18,0.0014120413,simulation
1979-12-19,0.0010000508,simulation
1979-12-20,0.00073549245,simulation
1979-12-21,0.0012423584,simulation
1979-12-22,0.0007417913,simulation
1979-12-23,0.0007474348,simulation
1979-12-24,0.0013157856,simulation
1979-12-25,0.0023848105,simulation
1979-12-26,0.0013061108,simulation
1979-12-27,0.00095261785,simulation
1979-12-28,0.0008507756,simulation
1979-12-29,0.0006031973,simulation
1979-12-30,0.0006418221,simulation
1979-12-31,0.00070424157,simulation
1980-01-01,0.0017135725,simulation
1980-01-02,0.001149358,simulation
1980-01-03,0.00072956044,simulation
1980-01-04,0.0006829084,simulation
1980-01-05,0.000790741,simulation
1980-01-06,0.0020493583,simulation
1980-01-07,0.0006891154,simulation
1980-01-08,0.00055293477,simulation
1980-01-09,0.00057729735,simulation
1980-01-10,0.0006270029,simulation
1980-01-11,0.0010728176,simulation
1980-01-12,0.0024448803,simulation
1980-01-13,0.0008892561,simulation
1980-01-14,0.0005636714,simulation
1980-01-15,0.0008157052,simulation
1980-01-16,0.0006140054,simulation
1980-01-17,0.0005317021,simulation
1980-01-18,0.00059452356,simulation
1980-01-19,0.00093677145,simulation
1980-01-20,0.00077409967,simulation
1980-01-21,0.000920316,simulation
1980-01-22,0.0006012763,simulation
1980-01-23,0.002320053,simulation
1980-01-24,0.0016951902,simulation
1980-01-25,0.00083726295,simulation
1980-01-26,0.00052405265,simulation
1980-01-27,0.0005577238,simulation
1980-01-28,0.000744993,simulation
1980-01-29,0.0006347795,simulation
1980-01-30,0.0008759644,simulation
1980-01-31,0.00083294965,simulation
1980-02-01,0.0021811277,simulation
1980-02-02,0.00091321726,simulation
1980-02-03,0.0014730088,simulation
1980-02-04,0.0014348666,simulation
1980-02-05,0.00092954666,simulation
1980-02-06,0.00260519,simulation
1980-02-07,0.0016469806,simulation
1980-02-08,0.0008792119,simulation
1980-02-09,0.0005584941,simulation
1980-02-10,0.00068326184,simulation
1980-02-11,0.00070515205,simulation
1980-02-12,0.0008889501,simulation
1980-02-13,0.0009516352,simulation
1980-02-14,0.0037322503,simulation
1980-02-15,0.00091117644,simulation
1980-02-16,0.0008176036,simulation
1980-02-17,0.0026321479,simulation
1980-02-18,0.001946294,simulation
1980-02-19,0.0012808013,simulation
1980-02-20,0.0050081443,simulation
1980-02-21,0.0010380731,simulation
1980-02-22,0.004279495,simulation
1980-02-23,0.0037865308,simulation
1980-02-24,0.0042507816,simulation
1980-02-25,0.008258529,simulation
1980-02-26,0.0053123776,simulation
1980-02-27,0.0062592914,simulation
1980-02-28,0.016093062,simulation
1980-02-29,0.001127644,simulation
1980-03-01,0.0007531218,simulation
1980-03-02,0.0035823928,simulation
1980-03-03,0.0038448244,simulation
1980-03-04,0.00096258405,simulation
1980-03-05,0.0015143595,simulation
1980-03-06,0.0040471097,simulation
1980-03-07,0.00091329566,simulation
1980-03-08,0.002229668,simulation
1980-03-09,0.0018707693,simulation
1980-03-10,0.0024953664,simulation
1980-03-11,0.0013919612,simulation
1980-03-12,0.00070685503,simulation
1980-03-13,0.0015536607,simulation
1980-03-14,0.0029274265,simulation
1980-03-15,0.0021482469,simulation
1980-03-16,0.0013263287,simulation
1980-03-17,0.00080857304,simulation
1980-03-18,0.014001115,simulation
1980-03-19,0.000762652,simulation
1980-03-20,0.0008736305,simulation
1980-03-21,0.022111736,simulation
1980-03-22,0.015373133,simulation
1980-03-23,0.0018916785,simulation
1980-03-24,0.007257515,simulation
1980-03-25,0.001339251,simulation
1980-03-26,0.0006366428,simulation
1980-03-27,0.0006911373,simulation
1980-03-28,0.00083216105,simulation
1980-03-29,0.0007537707,simulation
1980-03-30,0.01569221,simulation
1980-03-31,0.0026303574,simulation
1980-04-01,0.012724103,simulation
1980-04-02,0.00083892193,simulation
1980-04-03,0.0007319527,simulation
1980-04-04,0.025356226,simulation
1980-04-05,0.015879806,simulation
1980-04-06,0.014273344,simulation
1980-04-07,0.0027123701,simulation
1980-04-08,0.032420784,simulation
1980-04-09,0.040113132,simulation
1980-04-10,0.039120268,simulation
1980-04-11,0.0013029764,simulation
1980-04-12,0.0007070382,simulation
1980-04-13,0.0007015768,simulation
1980-04-14,0.0016464167,simulation
1980-04-15,0.028280389,simulation
1980-04-16,0.024397869,simulation
1980-04-17,0.00829785,simulation
1980-04-18,0.001429954,simulation
1980-04-19,0.009488456,simulation
1980-04-20,0.03257165,simulation
1980-04-21,0.036240205,simulation
1980-04-22,0.061397202,simulation
1980-04-23,0.023311194,simulation
1980-04-24,0.02271665,simulation
1980-04-25,0.0017944532,simulation
1980-04-26,0.005781858,simulation
1980-04-27,0.0011993813,simulation
1980-04-28,0.020346588,simulation
1980-04-29,0.061928023,simulation
1980-04-30,0.0023611498,simulation
1980-05-01,0.00097039825,simulation
1980-05-02,0.001956633,simulation
1980-05-03,0.0040628277,simulation
1980-05-04,0.017644214,simulation
1980-05-05,0.026389943,simulation
1980-05-06,0.03617072,simulation
1980-05-07,0.0017820625,simulation
1980-05-08,0.0019574699,simulation
1980-05-09,0.07156232,simulation
1980-05-10,0.075654775,simulation
1980-05-11,0.046139047,simulation
1980-05-12,0.0038803497,simulation
1980-05-13,0.0013283787,simulation
1980-05-14,0.0013863614,simulation
1980-05-15,0.0013914839,simulation
1980-05-16,0.0010255653,simulation
1980-05-17,0.0031322408,simulation
1980-05-18,0.014090594,simulation
1980-05-19,0.00090523757,simulation
1980-05-20,0.003410881,simulation
1980-05-21,0.0052312976,simulation
1980-05-22,0.00410965,simulation
1980-05-23,0.021502687,simulation
1980-05-24,0.048010774,simulation
1980-05-25,0.021208204,simulation
1980-05-26,0.081657045,simulation
1980-05-27,0.057452578,simulation
1980-05-28,0.0328056,simulation
1980-05-29,0.03099605,simulation
1980-05-30,0.0056076734,simulation
1980-05-31,0.050994433,simulation
1980-06-01,0.055442303,simulation
1980-06-02,0.039233986,simulation
1980-06-03,0.033263624,simulation
1980-06-04,0.055270538,simulation
1980-06-05,0.027776472,simulation
1980-06-06,0.05551597,simulation
1980-06-07,0.007907924,simulation
1980-06-08,0.0050460245,simulation
1980-06-09,0.0054974235,simulation
1980-06-10,0.09213506,simulation
1980-06-11,0.08850793,simulation
1980-06-12,0.07407811,simulation
1980-06-13,0.09089324,simulation
1980-06-14,0.10010653,simulation
1980-06-15,0.10619879,simulation
1980-06-16,0.11163308,simulation
1980-06-17,0.08229673,simulation
1980-06-18,0.008122286,simulation
1980-06-19,0.0037309902,simulation
1980-06-20,0.0018834481,simulation
1980-06-21,0.0076837433,simulation
1980-06-22,0.018816391,simulation
1980-06-23,0.0044869645,simulation
1980-06-24,0.0015206011,simulation
1980-06-25,0.0057410575,simulation
1980-06-26,0.0132929785,simulation
1980-06-27,0.04798219,simulation
1980-06-28,0.01946179,simulation
1980-06-29,0.003707743,simulation
1980-06-30,0.08104328,simulation
1980-07-01,0.112856984,simulation
1980-07-02,0.085948616,simulation
1980-07-03,0.033632908,simulation
1980-07-04,0.10651132,simulation
1980-07-05,0.07805461,simulation
1980-07-06,0.088442855,simulation
1980-07-07,0.06743126,simulation
1980-07-08,0.0045999233,simulation
1980-07-09,0.09686849,simulation
1980-07-10,0.085922346,simulation
1980-07-11,0.12024847,simulation
1980-07-12,0.115783945,simulation
1980-07-13,0.12965052,simulation
1980-07-14,0.13060166,simulation
1980-07-15,0.12403882,simulation
1980-07-16,0.089118786,simulation
1980-07-17,0.030428015,simulation
1980-07-18,0.020553777,simulation
1980-07-19,0.08097358,simulation
1980-07-20,0.0075075105,simulation
1980-07-21,0.0015013075,simulation
1980-07-22,0.0016661279,simulation
1980-07-23,0.004350644,simulation
1980-07-24,0.025275676,simulation
1980-07-25,0.027464615,simulation
1980-07-26,0.018755011,simulation
1980-07-27,0.0024398875,simulation
1980-07-28,0.0066736126,simulation
1980-07-29,0.058205385,simulation
1980-07-30,0.1037432,simulation
1980-07-31,0.07807127,simulation
1980-08-01,0.07989402,simulation
1980-08-02,0.058628775,simulation
1980-08-03,0.014512731,simulation
1980-08-04,0.022788798,simulation
1980-08-05,0.042582914,simulation
1980-08-06,0.07325075,simulation
1980-08-07,0.09005467,simulation
1980-08-08,0.09783066,simulation
1980-08-09,0.016500382,simulation
1980-08-10,0.0040365485,simulation
1980-08-11,0.0043138373,simulation
1980-08-12,0.058358915,simulation
1980-08-13,0.053556968,simulation
1980-08-14,0.045542967,simulation
1980-08-15,0.057723884,simulation
1980-08-16,0.022398422,simulation
1980-08-17,0.031415902,simulation
1980-08-18,0.05137873,simulation
1980-08-19,0.053962585,simulation
1980-08-20,0.056771915,simulation
1980-08-21,0.09451776,simulation
1980-08-22,0.12477213,simulation
1980-08-23,0.09136908,simulation
1980-08-24,0.058814183,simulation
1980-08-25,0.053575102,simulation
1980-08-26,0.042545605,simulation
1980-08-27,0.0035282827,simulation
1980-08-28,0.006131155,simulation
1980-08-29,0.020317566,simulation
1980-08-30,0.015693424,simulation
1980-08-31,0.044945884,simulation
1980-09-01,0.0368455,simulation
1980-09-02,0.019172313,simulation
1980-09-03,0.053674884,simulation
1980-09-04,0.022233281,simulation
1980-09-05,0.00730073,simulation
1980-09-06,0.0037881294,simulation
1980-09-07,0.038629957,simulation
1980-09-08,0.018522497,simulation
1980-09-09,0.05041483,simulation
1980-09-10,0.062004913,simulation
1980-09-11,0.043032177,simulation
1980-09-12,0.03741846,simulation
1980-09-13,0.040396105,simulation
1980-09-14,0.046478022,simulation
1980-09-15,0.06819928,simulation
1980-09-16,0.043928437,simulation
1980-09-17,0.001179766,simulation
1980-09-18,0.00330849,simulation
1980-09-19,0.0016165195,simulation
1980-09-20,0.0032658894,simulation
1980-09-21,0.0060971077,simulation
1980-09-22,0.020470686,simulation
1980-09-23,0.021998908,simulation
1980-09-24,0.006018034,simulation
1980-09-25,0.0069801784,simulation
1980-09-26,0.0026873462,simulation
1980-09-27,0.0054082,simulation
1980-09-28,0.0015466207,simulation
1980-09-29,0.00092978636,simulation
1980-09-30,0.000920316,simulation
1980-10-01,0.0035175572,simulation
1980-10-02,0.013067681,simulation
1980-10-03,0.010184717,simulation
1980-10-04,0.01741968,simulation
1980-10-05,0.025575098,simulation
1980-10-06,0.016797222,simulation
1980-10-07,0.014049657,simulation
1980-10-08,0.01769972,simulation
1980-10-09,0.013548496,simulation
1980-10-10,0.013530329,simulation
1980-10-11,0.027650615,simulation
1980-10-12,0.014663596,simulation
1980-10-13,0.011917972,simulation
1980-10-14,0.014027574,simulation
1980-10-15,0.012923514,simulation
1980-10-16,0.0020630544,simulation
1980-10-17,0.0010133818,simulation
1980-10-18,0.000796138,simulation
1980-10-19,0.0017471869,simulation
1980-10-20,0.0011747102,simulation
1980-10-21,0.0050714314,simulation
1980-10-22,0.01035059,simulation
1980-10-23,0.009632022,simulation
1980-10-24,0.0022608817,simulation
1980-10-25,0.0068566552,simulation
1980-10-26,0.0021124273,simulation
1980-10-27,0.0014046738,simulation
1980-10-28,0.0007071597,simulation
1980-10-29,0.0007293722,simulation
1980-10-30,0.005469049,simulation
1980-10-31,0.005096109,simulation
1980-11-01,0.0010730026,simulation
1980-11-02,0.0011314288,simulation
1980-11-03,0.0013525299,simulation
1980-11-04,0.0040447228,simulation
1980-11-05,0.0056419126,simulation
1980-11-06,0.0069582937,simulation
1980-11-07,0.010370663,simulation
1980-11-08,0.006839099,simulation
1980-11-09,0.0026045248,simulation
1980-11-10,0.0016428959,simulation
1980-11-11,0.0049171145,simulation
1980-11-12,0.002841205,simulation
1980-11-13,0.0022570293,simulation
1980-11-14,0.0021285366,simulation
1980-11-15,0.00060241803,simulation
1980-11-16,0.00066130684,simulation
1980-11-17,0.0006776328,simulation
1980-11-18,0.00079964206,simulation
1980-11-19,0.0016090603,simulation
1980-11-20,0.00097474747,simulation
1980-11-21,0.0010192363,simulation
1980-11-22,0.00082851574,simulation
1980-11-23,0.0005499861,simulation
1980-11-24,0.0007252371,simulation
1980-11-25,0.0017647657,simulation
1980-11-26,0.0006545591,simulation
1980-11-27,0.0006686992,simulation
1980-11-28,0.0012623549,simulation
1980-11-29,0.0030610713,simulation
1980-11-30,0.0033431312,simulation
1980-12-01,0.0021077432,simulation
1980-12-02,0.0009828289,simulation
1980-12-03,0.002909832,simulation
1980-12-04,0.0023968287,simulation
1980-12-05,0.0017243116,simulation
1980-12-06,0.0016689837,simulation
1980-12-07,0.0013099277,simulation
1980-12-08,0.0017290406,simulation
1980-12-09,0.0006815565,simulation
1980-12-10,0.00082275824,simulation
1980-12-11,0.001281901,simulation
1980-12-12,0.0022428283,simulation
1980-12-13,0.0011103376,simulation
1980-12-14,0.0012438524,simulation
1980-12-15,0.0018204263,simulation
1980-12-16,0.0013093655,simulation
1980-12-17,0.0020763092,simulation
1980-12-18,0.0034867502,simulation
1980-12-19,0.00073803077,simulation
1980-12-20,0.0014131318,simulation
1980-12-21,0.0018662964,simulation
1980-12-22,0.00084500975,simulation
1980-12-23,0.0010292755,simulation
1980-12-24,0.0014948873,simulation
1980-12-25,0.0019322066,simulation
1980-12-26,0.00078992435,simulation
1980-12-27,0.0018710901,simulation
1980-12-28,0.0014789553,simulation
1980-12-29,0.0017835875,simulation
1980-12-30,0.0015273925,simulation
1980-12-31,0.0016314003,simulation
1981-01-01,0.0019351819,simulation
1981-01-02,0.0017053786,simulation
1981-01-03,0.0020718814,simulation
1981-01-04,0.0028593647,simulation
1981-01-05,0.0012836625,simulation
1981-01-06,0.0009264331,simulation
1981-01-07,0.0010921682,simulation
1981-01-08,0.0011899426,simulation
1981-01-09,0.0012387374,simulation
1981-01-10,0.0024187788,simulation
1981-01-11,0.0009981609,simulation
1981-01-12,0.001718419,simulation
1981-01-13,0.002628792,simulation
1981-01-14,0.0016417708,simulation
1981-01-15,0.0020163702,simulation
1981-01-16,0.0020374903,simulation
1981-01-17,0.001840621,simulation
1981-01-18,0.0015423864,simulation
1981-01-19,0.0011301656,simulation
1981-01-20,0.00060936506,simulation
1981-01-21,0.0006520815,simulation
1981-01-22,0.0006378511,simulation
1981-01-23,0.0019774747,simulation
1981-01-24,0.0024765257,simulation
1981-01-25,0.0026625493,simulation
1981-01-26,0.0013061108,simulation
1981-01-27,0.000727678,simulation
1981-01-28,0.002895535,simulation
1981-01-29,0.0029704862,simulation
1981-01-30,0.0008912482,simulation
1981-01-31,0.00092213857,simulation
1981-02-01,0.00076127384,simulation
1981-02-02,0.0020060618,simulation
1981-02-03,0.0017154795,simulation
1981-02-04,0.0011476805,simulation
1981-02-05,0.00083424075,simulation
1981-02-06,0.00076600874,simulation
1981-02-07,0.0006316685,simulation
1981-02-08,0.0019725808,simulation
1981-02-09,0.0018148292,simulation
1981-02-10,0.000817533,simulation
1981-02-11,0.0022245387,simulation
1981-02-12,0.0014204216,simulation
1981-02-13,0.0013658225,simulation
1981-02-14,0.0012099334,simulation
1981-02-15,0.00073720474,simulation
1981-02-16,0.0007092957,simulation
1981-02-17,0.0008216964,simulation
1981-02-18,0.0007723681,simulation
1981-02-19,0.0020609414,simulation
1981-02-20,0.007994067,simulation
1981-02-21,0.0014702334,simulation
1981-02-22,0.002060765,simulation
1981-02-23,0.010321383,simulation
1981-02-24,0.007650953,simulation
1981-02-25,0.0020928606,simulation
1981-02-26,0.009342332,simulation
1981-02-27,0.011420542,simulation
1981-02-28,0.0031728658,simulation
1981-03-01,0.00074415916,simulation
1981-03-02,0.0046958937,simulation
1981-03-03,0.0013954279,simulation
1981-03-04,0.0010179224,simulation
1981-03-05,0.007094097,simulation
1981-03-06,0.004199213,simulation
1981-03-07,0.0023779103,simulation
1981-03-08,0.00278835,simulation
1981-03-09,0.009177378,simulation
1981-03-10,0.0020340132,simulation
1981-03-11,0.0056654816,simulation
1981-03-12,0.002404397,simulation
1981-03-13,0.0015513991,simulation
1981-03-14,0.015994798,simulation
1981-03-15,0.0044828197,simulation
1981-03-16,0.020668104,simulation
1981-03-17,0.016938908,simulation
1981-03-18,0.004441567,simulation
1981-03-19,0.017863056,simulation
1981-03-20,0.008006542,simulation
1981-03-21,0.0013307738,simulation
1981-03-22,0.0012079609,simulation
1981-03-23,0.013317176,simulation
1981-03-24,0.01529427,simulation
1981-03-25,0.0031538259,simulation
1981-03-26,0.020581529,simulation
1981-03-27,0.0057655047,simulation
1981-03-28,0.0026953565,simulation
1981-03-29,0.0014098634,simulation
1981-03-30,0.041150857,simulation
1981-03-31,0.0062483866,simulation
1981-04-01,0.0067329877,simulation
1981-04-02,0.020578448,simulation
1981-04-03,0.0035133949,simulation
1981-04-04,0.00986595,simulation
1981-04-05,0.03351025,simulation
1981-04-06,0.023888746,simulation
1981-04-07,0.0041787564,simulation
1981-04-08,0.002138552,simulation
1981-04-09,0.0048095044,simulation
1981-04-10,0.012274873,simulation
1981-04-11,0.0025045192,simulation
1981-04-12,0.003850994,simulation
1981-04-13,0.0071990844,simulation
1981-04-14,0.004619662,simulation
1981-04-15,0.05003712,simulation
1981-04-16,0.0038419047,simulation
1981-04-17,0.0056787212,simulation
1981-04-18,0.0022562593,simulation
1981-04-19,0.004404016,simulation
1981-04-20,0.008762186,simulation
1981-04-21,0.016337894,simulation
1981-04-22,0.0016780095,simulation
1981-04-23,0.00131782,simulation
1981-04-24,0.0027992711,simulation
1981-04-25,0.0034785012,simulation
1981-04-26,0.0606102,simulation
1981-04-27,0.06860368,simulation
1981-04-28,0.001703044,simulation
1981-04-29,0.003073039,simulation
1981-04-30,0.002707072,simulation
1981-05-01,0.002783378,simulation
1981-05-02,0.019137478,simulation
1981-05-03,0.007248542,simulation
1981-05-04,0.003434052,simulation
1981-05-05,0.0012595407,simulation
1981-05-06,0.0012657192,simulation
1981-05-07,0.0012779457,simulation
1981-05-08,0.00332788,simulation
1981-05-09,0.0017309648,simulation
1981-05-10,0.0127554545,simulation
1981-05-11,0.010109247,simulation
1981-05-12,0.06503206,simulation
1981-05-13,0.056548875,simulation
1981-05-14,0.008434798,simulation
1981-05-15,0.06010546,simulation
1981-05-16,0.0018252593,simulation
1981-05-17,0.040869698,simulation
1981-05-18,0.012372996,simulation
1981-05-19,0.030695107,simulation
1981-05-20,0.0014328995,simulation
1981-05-21,0.035905596,simulation
1981-05-22,0.010362295,simulation
1981-05-23,0.0030372723,simulation
1981-05-24,0.0119456,simulation
1981-05-25,0.0045488314,simulation
1981-05-26,0.0067279744,simulation
1981-05-27,0.0036508604,simulation
1981-05-28,0.078337476,simulation
1981-05-29,0.042431157,simulation
1981-05-30,0.0076843724,simulation
1981-05-31,0.009166929,simulation
1981-06-01,0.0061174124,simulation
1981-06-02,0.005689143,simulation
1981-06-03,0.004016525,simulation
1981-06-04,0.0015271307,simulation
1981-06-05,0.0014016653,simulation
1981-06-06,0.0138160605,simulation
1981-06-07,0.005249699,simulation
1981-06-08,0.0131798955,simulation
1981-06-09,0.017697008,simulation
1981-06-10,0.013757399,simulation
1981-06-11,0.0039218147,simulation
1981-06-12,0.004931141,simulation
1981-06-13,0.018142348,simulation
1981-06-14,0.05171396,simulation
1981-06-15,0.051384665,simulation
1981-06-16,0.058974616,simulation
1981-06-17,0.015931647,simulation
1981-06-18,0.10422153,simulation
1981-06-19,0.042756394,simulation
1981-06-20,0.014880879,simulation
1981-06-21,0.09775667,simulation
1981-06-22,0.0738521,simulation
1981-06-23,0.058039494,simulation
1981-06-24,0.0048858984,simulation
1981-06-25,0.013670903,simulation
1981-06-26,0.04462166,simulation
1981-06-27,0.05794255,simulation
1981-06-28,0.09402177,simulation
1981-06-29,0.033439975,simulation
1981-06-30,0.052987292,simulation
1981-07-01,0.00094429596,simulation
1981-07-02,0.0022243492,simulation
1981-07-03,0.0056273476,simulation
1981-07-04,0.0032564967,simulation
1981-07-05,0.0017825195,simulation
1981-07-06,0.004349912,simulation
1981-07-07,0.03999262,simulation
1981-07-08,0.04115868,simulation
1981-07-09,0.09636462,simulation
1981-07-10,0.06796605,simulation
1981-07-11,0.02418188,simulation
1981-07-12,0.06274635,simulation
1981-07-13,0.07259677,simulation
1981-07-14,0.05766148,simulation
1981-07-15,0.08018979,simulation
1981-07-16,0.054220624,simulation
1981-07-17,0.042649586,simulation
1981-07-18,0.05245343,simulation
1981-07-19,0.08022301,simulation
1981-07-20,0.0897701,simulation
1981-07-21,0.046506107,simulation
1981-07-22,0.090329185,simulation
1981-07-23,0.1053493,simulation
1981-07-24,0.106044956,simulation
1981-07-25,0.022666415,simulation
1981-07-26,0.040574256,simulation
1981-07-27,0.0427003,simulation
1981-07-28,0.0360153,simulation
1981-07-29,0.012879524,simulation
1981-07-30,0.05208305,simulation
1981-07-31,0.091381945,simulation
1981-08-01,0.042641588,simulation
1981-08-02,0.0487802,simulation
1981-08-03,0.038725175,simulation
1981-08-04,0.018051136,simulation
1981-08-05,0.05628294,simulation
1981-08-06,0.01358919,simulation
1981-08-07,0.017931502,simulation
1981-08-08,0.022586241,simulation
1981-08-09,0.040989302,simulation
1981-08-10,0.019883512,simulation
1981-08-11,0.07203953,simulation
1981-08-12,0.07587444,simulation
1981-08-13,0.06116106,simulation
1981-08-14,0.018804956,simulation
1981-08-15,0.077205874,simulation
1981-08-16,0.011079416,simulation
1981-08-17,0.002902674,simulation
1981-08-18,0.010469036,simulation
1981-08-19,0.0016724163,simulation
1981-08-20,0.0023365263,simulation
1981-08-21,0.003970402,simulation
1981-08-22,0.0019963167,simulation
1981-08-23,0.010723507,simulation
1981-08-24,0.01579741,simulation
1981-08-25,0.06598919,simulation
1981-08-26,0.07146628,simulation
1981-08-27,0.04905453,simulation
1981-08-28,0.003175288,simulation
1981-08-29,0.002698797,simulation
1981-08-30,0.01703832,simulation
1981-08-31,0.003103686,simulation
1981-09-01,0.002082345,simulation
1981-09-02,0.0020263842,simulation
1981-09-03,0.0009199994,simulation
1981-09-04,0.0030955367,simulation
1981-09-05,0.062097814,simulation
1981-09-06,0.03252722,simulation
1981-09-07,0.03878791,simulation
1981-09-08,0.0039056384,simulation
1981-09-09,0.06177438,simulation
1981-09-10,0.050555743,simulation
1981-09-11,0.05415985,simulation
1981-09-12,0.01953548,simulation
1981-09-13,0.006248905,simulation
1981-09-14,0.0050778026,simulation
1981-09-15,0.0010271535,simulation
1981-09-16,0.007270693,simulation
1981-09-17,0.033498902,simulation
1981-09-18,0.032307982,simulation
1981-09-19,0.022953955,simulation
1981-09-20,0.0074483943,simulation
1981-09-21,0.023666041,simulation
1981-09-22,0.03291967,simulation
1981-09-23,0.04492662,simulation
1981-09-24,0.024679918,simulation
1981-09-25,0.0257472,simulation
1981-09-26,0.015009346,simulation
1981-09-27,0.023600254,simulation
1981-09-28,0.0369426,simulation
1981-09-29,0.045177545,simulation
1981-09-30,0.038790423,simulation
1981-10-01,0.005427654,simulation
1981-10-02,0.057645872,simulation
1981-10-03,0.014564005,simulation
1981-10-04,0.030227803,simulation
1981-10-05,0.036794595,simulation
1981-10-06,0.004607654,simulation
1981-10-07,0.0020887556,simulation
1981-10-08,0.0006965175,simulation
1981-10-09,0.0007590477,simulation
1981-10-10,0.0013079054,simulation
1981-10-11,0.0017014418,simulation
1981-10-12,0.0009719011,simulation
1981-10-13,0.014186161,simulation
1981-10-14,0.0024198098,simulation
1981-10-15,0.0043160166,simulation
1981-10-16,0.0043524737,simulation
1981-10-17,0.009302161,simulation
1981-10-18,0.002724621,simulation
1981-10-19,0.013079072,simulation
1981-10-20,0.009105934,simulation
1981-10-21,0.0027978441,simulation
1981-10-22,0.0015979357,simulation
1981-10-23,0.0019118369,simulation
1981-10-24,0.0030735598,simulation
1981-10-25,0.0007309446,simulation
1981-10-26,0.0007000071,simulation
1981-10-27,0.002909584,simulation
1981-10-28,0.0024132223,simulation
1981-10-29,0.006432,simulation
1981-10-30,0.0033340848,simulation
1981-10-31,0.0035917924,simulation
1981-11-01,0.0015608657,simulation
1981-11-02,0.0012199485,simulation
1981-11-03,0.0031565009,simulation
1981-11-04,0.002115133,simulation
1981-11-05,0.002749284,simulation
1981-11-06,0.0078066075,simulation
1981-11-07,0.003626569,simulation
1981-11-08,0.0059632193,simulation
1981-11-09,0.00084333884,simulation
1981-11-10,0.0032246462,simulation
1981-11-11,0.0051838313,simulation
1981-11-12,0.0014536895,simulation
1981-11-13,0.001346394,simulation
1981-11-14,0.0039697313,simulation
1981-11-15,0.0020586546,simulation
1981-11-16,0.0014451146,simulation
1981-11-17,0.0033079295,simulation
1981-11-18,0.004131517,simulation
1981-11-19,0.002578284,simulation
1981-11-20,0.0035193432,simulation
1981-11-21,0.0017673338,simulation
1981-11-22,0.0022504933,simulation
1981-11-23,0.0018786239,simulation
1981-11-24,0.0028695837,simulation
1981-11-25,0.0041419696,simulation
1981-11-26,0.0017489817,simulation
1981-11-27,0.00090554915,simulation
1981-11-28,0.0017203316,simulation
1981-11-29,0.0013180461,simulation
1981-11-30,0.0013245092,simulation
1981-12-01,0.00328142,simulation
1981-12-02,0.0024378104,simulation
1981-12-03,0.004559925,simulation
1981-12-04,0.0056358,simulation
1981-12-05,0.002211672,simulation
1981-12-06,0.00091337453,simulation
1981-12-07,0.0029516341,simulation
1981-12-08,0.004938169,simulation
1981-12-09,0.0036271818,simulation
1981-12-10,0.0022954603,simulation
1981-12-11,0.0011181884,simulation
1981-12-12,0.00063456077,simulation
1981-12-13,0.00056933804,simulation
1981-12-14,0.000579542,simulation
1981-12-15,0.001973255,simulation
1981-12-16,0.0024477972,simulation
1981-12-17,0.0010357552,simulation
1981-12-18,0.002229668,simulation
1981-12-19,0.0014728827,simulation
1981-12-20,0.0013055503,simulation
1981-12-21,0.0010275072,simulation
1981-12-22,0.0015868869,simulation
1981-12-23,0.0009770137,simulation
1981-12-24,0.0007064901,simulation
1981-12-25,0.0011840297,simulation
1981-12-26,0.0007897883,simulation
1981-12-27,0.0016010868,simulation
1981-12-28,0.0012087909,simulation
1981-12-29,0.0017345242,simulation
1981-12-30,0.0009966167,simulation
1981-12-31,0.0005571952,simulation
1982-01-01,0.00054081366,simulation
1982-01-02,0.0005889115,simulation
1982-01-03,0.00096706534,simulation
1982-01-04,0.004834569,simulation
1982-01-05,0.0025939092,simulation
1982-01-06,0.0011025416,simulation
1982-01-07,0.00070345314,simulation
1982-01-08,0.0012363994,simulation
1982-01-09,0.0019817033,simulation
1982-01-10,0.002121281,simulation
1982-01-11,0.0012500614,simulation
1982-01-12,0.000668757,simulation
1982-01-13,0.0005534597,simulation
1982-01-14,0.0007936742,simulation
1982-01-15,0.001648815,simulation
1982-01-16,0.0012527474,simulation
1982-01-17,0.0014645727,simulation
1982-01-18,0.00097374216,simulation
1982-01-19,0.0018869943,simulation
1982-01-20,0.0008855144,simulation
1982-01-21,0.00078958424,simulation
1982-01-22,0.0012588922,simulation
1982-01-23,0.0012900687,simulation
1982-01-24,0.0024517619,simulation
1982-01-25,0.0018941052,simulation
1982-01-26,0.0030298082,simulation
1982-01-27,0.0039643794,simulation
1982-01-28,0.0009859612,simulation
1982-01-29,0.0024091133,simulation
1982-01-30,0.0016450075,simulation
1982-01-31,0.0009329915,simulation
1982-02-01,0.0012864199,simulation
1982-02-02,0.00061953516,simulation
1982-02-03,0.00066130684,simulation
1982-02-04,0.0007771724,simulation
1982-02-05,0.0009317083,simulation
1982-02-06,0.0007305043,simulation
1982-02-07,0.0019574699,simulation
1982-02-08,0.0013345479,simulation
1982-02-09,0.00070272625,simulation
1982-02-10,0.0021620414,simulation
1982-02-11,0.003862058,simulation
1982-02-12,0.0007921722,simulation
1982-02-13,0.0009624185,simulation
1982-02-14,0.0013906483,simulation
1982-02-15,0.000968397,simulation
1982-02-16,0.00197832,simulation
1982-02-17,0.0012628969,simulation
1982-02-18,0.0018675734,simulation
1982-02-19,0.0031026332,simulation
1982-02-20,0.0019155985,simulation
1982-02-21,0.013240515,simulation
1982-02-22,0.00792027,simulation
1982-02-23,0.010279793,simulation
1982-02-24,0.0048707714,simulation
1982-02-25,0.0020293281,simulation
1982-02-26,0.00084159814,simulation
1982-02-27,0.00067780813,simulation
1982-02-28,0.0007006705,simulation
1982-03-01,0.0028404805,simulation
1982-03-02,0.0052712467,simulation
1982-03-03,0.0019418082,simulation
1982-03-04,0.002175552,simulation
1982-03-05,0.0018344931,simulation
1982-03-06,0.0008026081,simulation
1982-03-07,0.0057559055,simulation
1982-03-08,0.0072407746,simulation
1982-03-09,0.0021327196,simulation
1982-03-10,0.0050325245,simulation
1982-03-11,0.0016201228,simulation
1982-03-12,0.0024503013,simulation
1982-03-13,0.0012688739,simulation
1982-03-14,0.0029922477,simulation
1982-03-15,0.0058360435,simulation
1982-03-16,0.0040158476,simulation
1982-03-17,0.0020331445,simulation
1982-03-18,0.003539639,simulation
1982-03-19,0.02151229,simulation
1982-03-20,0.0073909396,simulation
1982-03-21,0.00078160205,simulation
1982-03-22,0.0007800551,simulation
1982-03-23,0.003063409,simulation
1982-03-24,0.00079552154,simulation
1982-03-25,0.0032153677,simulation
1982-03-26,0.016580874,simulation
1982-03-27,0.002370223,simulation
1982-03-28,0.009157979,simulation
1982-03-29,0.0034849814,simulation
1982-03-30,0.0019361745,simulation
1982-03-31,0.0020282883,simulation
1982-04-01,0.0038506687,simulation
1982-04-02,0.002925439,simulation
1982-04-03,0.02735932,simulation
1982-04-04,0.002221315,simulation
1982-04-05,0.0034120367,simulation
1982-04-06,0.020708393,simulation
1982-04-07,0.008484618,simulation
1982-04-08,0.0021480643,simulation
1982-04-09,0.009008548,simulation
1982-04-10,0.0024013268,simulation
1982-04-11,0.029159782,simulation
1982-04-12,0.018998684,simulation
1982-04-13,0.0030110984,simulation
1982-04-14,0.0024007128,simulation
1982-04-15,0.0013913641,simulation
1982-04-16,0.005328827,simulation
1982-04-17,0.0015421221,simulation
1982-04-18,0.010979276,simulation
1982-04-19,0.0015151383,simulation
1982-04-20,0.0013860043,simulation
1982-04-21,0.0010123363,simulation
1982-04-22,0.0021865314,simulation
1982-04-23,0.029478157,simulation
1982-04-24,0.0053627696,simulation
1982-04-25,0.004443808,simulation
1982-04-26,0.011844905,simulation
1982-04-27,0.005151843,simulation
1982-04-28,0.016910227,simulation
1982-04-29,0.0029071143,simulation
1982-04-30,0.0018768576,simulation
1982-05-01,0.0019355125,simulation
1982-05-02,0.0018783028,simulation
1982-05-03,0.035306368,simulation
1982-05-04,0.041346826,simulation
1982-05-05,0.016643722,simulation
1982-05-06,0.008707989,simulation
1982-05-07,0.0012300463,simulation
1982-05-08,0.049126837,simulation
1982-05-09,0.065751195,simulation
1982-05-10,0.011663559,simulation
1982-05-11,0.045103014,simulation
1982-05-12,0.0064742733,simulation
1982-05-13,0.015834251,simulation
1982-05-14,0.002025346,simulation
1982-05-15,0.020284018,simulation
1982-05-16,0.053838342,simulation
1982-05-17,0.032549433,simulation
1982-05-18,0.0038409326,simulation
1982-05-19,0.021014296,simulation
1982-05-20,0.025047977,simulation
1982-05-21,0.061531365,simulation
1982-05-22,0.009682159,simulation
1982-05-23,0.021089794,simulation
1982-05-24,0.011375781,simulation
1982-05-25,0.015792504,simulation
1982-05-26,0.004965961,simulation
1982-05-27,0.027468517,simulation
1982-05-28,0.0075589763,simulation
1982-05-29,0.06928535,simulation
1982-05-30,0.07807459,simulation
1982-05-31,0.01322272,simulation
1982-06-01,0.017849397,simulation
1982-06-02,0.083861075,simulation
1982-06-03,0.056252055,simulation
1982-06-04,0.030675963,simulation
1982-06-05,0.042767085,simulation
1982-06-06,0.058672745,simulation
1982-06-07,0.06148982,simulation
1982-06-08,0.019243611,simulation
1982-06-09,0.062408984,simulation
1982-06-10,0.022295922,simulation
1982-06-11,0.033851784,simulation
1982-06-12,0.009302161,simulation
1982-06-13,0.00412943,simulation
1982-06-14,0.06488265,simulation
1982-06-15,0.028120918,simulation
1982-06-16,0.001423226,simulation
1982-06-17,0.01672354,simulation
1982-06-18,0.045470864,simulation
1982-06-19,0.00845898,simulation
1982-06-20,0.03539121,simulation
1982-06-21,0.0057890858,simulation
1982-06-22,0.003088456,simulation
1982-06-23,0.07169816,simulation
1982-06-24,0.0565953,simulation
1982-06-25,0.006347717,simulation
1982-06-26,0.0034288259,simulation
1982-06-27,0.002091968,simulation
1982-06-28,0.0044509103,simulation
1982-06-29,0.0031836417,simulation
1982-06-30,0.008781518,simulation
1982-07-01,0.024378331,simulation
1982-07-02,0.07349989,simulation
1982-07-03,0.10309781,simulation
1982-07-04,0.02075808,simulation
1982-07-05,0.079421945,simulation
1982-07-06,0.027920583,simulation
1982-07-07,0.05191919,simulation
1982-07-08,0.017277138,simulation
1982-07-09,0.007950234,simulation
1982-07-10,0.04025702,simulation
1982-07-11,0.034278758,simulation
1982-07-12,0.0064250696,simulation
1982-07-13,0.004955989,simulation
1982-07-14,0.01421852,simulation
1982-07-15,0.015231204,simulation
1982-07-16,0.016795924,simulation
1982-07-17,0.014175018,simulation
1982-07-18,0.057939425,simulation
1982-07-19,0.05058806,simulation
1982-07-20,0.030396344,simulation
1982-07-21,0.049902793,simulation
1982-07-22,0.027055003,simulation
1982-07-23,0.022294268,simulation
1982-07-24,0.023412373,simulation
1982-07-25,0.011049197,simulation
1982-07-26,0.037846576,simulation
1982-07-27,0.036932886,simulation
1982-07-28,0.007921572,simulation
1982-07-29,0.008272747,simulation
1982-07-30,0.0030447543,simulation
1982-07-31,0.003429406,simulation
1982-08-01,0.00094397116,simulation
1982-08-02,0.0031097457,simulation
1982-08-03,0.04917316,simulation
1982-08-04,0.040867098,simulation
1982-08-05,0.0513136,simulation
1982-08-06,0.0015889273,simulation
1982-08-07,0.02781195,simulation
1982-08-08,0.02026269,simulation
1982-08-09,0.013022216,simulation
1982-08-10,0.030472405,simulation
1982-08-11,0.004710495,simulation
1982-08-12,0.011228949,simulation
1982-08-13,0.006965198,simulation
1982-08-14,0.0017050868,simulation
1982-08-15,0.0066730585,simulation
1982-08-16,0.0017468871,simulation
1982-08-17,0.0037486758,simulation
1982-08-18,0.026686452,simulation
1982-08-19,0.058584813,simulation
1982-08-20,0.0482971,simulation
1982-08-21,0.026835693,simulation
1982-08-22,0.021582855,simulation
1982-08-23,0.051482465,simulation
1982-08-24,0.049277466,simulation
1982-08-25,0.0929202,simulation
1982-08-26,0.074430555,simulation
1982-08-27,0.069644764,simulation
1982-08-28,0.009162453,simulation
1982-08-29,0.041007526,simulation
1982-08-30,0.012154189,simulation
1982-08-31,0.029980514,simulation
1982-09-01,0.029315563,simulation
1982-09-02,0.048915807,simulation
1982-09-03,0.00677883,simulation
1982-09-04,0.021224035,simulation
1982-09-05,0.05669753,simulation
1982-09-06,0.0363266,simulation
1982-09-07,0.042168364,simulation
1982-09-08,0.007900137,simulation
1982-09-09,0.0025714908,simulation
1982-09-10,0.0012649586,simulation
1982-09-11,0.0015056883,simulation
1982-09-12,0.0015199502,simulation
1982-09-13,0.0076277037,simulation
1982-09-14,0.010221821,simulation
1982-09-15,0.015260919,simulation
1982-09-16,0.05585116,simulation
1982-09-17,0.012027869,simulation
1982-09-18,0.028138816,simulation
1982-09-19,0.0052277986,simulation
1982-09-20,0.0017764304,simulation
1982-09-21,0.023443319,simulation
1982-09-22,0.0264013,simulation
1982-09-23,0.026022987,simulation
1982-09-24,0.0020449874,simulation
1982-09-25,0.0101035265,simulation
1982-09-26,0.0033482308,simulation
1982-09-27,0.012579384,simulation
1982-09-28,0.033483032,simulation
1982-09-29,0.018456323,simulation
1982-09-30,0.03280336,simulation
1982-10-01,0.021689072,simulation
1982-10-02,0.011075857,simulation
1982-10-03,0.007970488,simulation
1982-10-04,0.02811097,simulation
1982-10-05,0.009152761,simulation
1982-10-06,0.0010267122,simulation
1982-10-07,0.0007662072,simulation
1982-10-08,0.001396026,simulation
1982-10-09,0.0064213406,simulation
1982-10-10,0.0036793507,simulation
1982-10-11,0.0038705403,simulation
1982-10-12,0.0009357247,simulation
1982-10-13,0.0007858533,simulation
1982-10-14,0.013203903,simulation
1982-10-15,0.014353118,simulation
1982-10-16,0.017547099,simulation
1982-10-17,0.0015886553,simulation
1982-10-18,0.0051656524,simulation
1982-10-19,0.010133799,simulation
1982-10-20,0.0013905294,simulation
1982-10-21,0.011890405,simulation
1982-10-22,0.007928076,simulation
1982-10-23,0.0080619035,simulation
1982-10-24,0.009657058,simulation
1982-10-25,0.0049622194,simulation
1982-10-26,0.005824876,simulation
1982-10-27,0.009367428,simulation
1982-10-28,0.008703725,simulation
1982-10-29,0.0018101787,simulation
1982-10-30,0.0038231444,simulation
1982-10-31,0.0028786156,simulation
1982-11-01,0.002902921,simulation
1982-11-02,0.0018588115,simulation
1982-11-03,0.000864952,simulation
1982-11-04,0.008224773,simulation
1982-11-05,0.0040121265,simulation
1982-11-06,0.004608815,simulation
1982-11-07,0.0057062395,simulation
1982-11-08,0.0029130448,simulation
1982-11-09,0.0017314096,simulation
1982-11-10,0.005132484,simulation
1982-11-11,0.0014832723,simulation
1982-11-12,0.0015318494,simulation
1982-11-13,0.0047073336,simulation
1982-11-14,0.0010782714,simulation
1982-11-15,0.00350894,simulation
1982-11-16,0.0015541932,simulation
1982-11-17,0.00066005404,simulation
1982-11-18,0.00071039604,simulation
1982-11-19,0.00070436293,simulation
1982-11-20,0.0010887007,simulation
1982-11-21,0.0008285868,simulation
1982-11-22,0.0009781069,simulation
1982-11-23,0.0013268975,simulation
1982-11-24,0.0017085926,simulation
1982-11-25,0.0012734564,simulation
1982-11-26,0.0015848498,simulation
1982-11-27,0.000851142,simulation
1982-11-28,0.0009092185,simulation
1982-11-29,0.0036216679,simulation
1982-11-30,0.0006631903,simulation
1982-12-01,0.0014654513,simulation
1982-12-02,0.0019670266,simulation
1982-12-03,0.001392558,simulation
1982-12-04,0.0007560463,simulation
1982-12-05,0.0030733002,simulation
1982-12-06,0.0025914821,simulation
1982-12-07,0.0027840873,simulation
1982-12-08,0.0014084126,simulation
1982-12-09,0.0018535736,simulation
1982-12-10,0.00063598435,simulation
1982-12-11,0.0006624476,simulation
1982-12-12,0.0012877454,simulation
1982-12-13,0.00107957,simulation
1982-12-14,0.0012894047,simulation
1982-12-15,0.0008204946,simulation
1982-12-16,0.0017058161,simulation
1982-12-17,0.0018170043,simulation
1982-12-18,0.0024284837,simulation
1982-12-19,0.0046770163,simulation
1982-12-20,0.0026691246,simulation
1982-12-21,0.0023720409,simulation
1982-12-22,0.0012340657,simulation
1982-12-23,0.0020875074,simulation
1982-12-24,0.0013996229,simulation
1982-12-25,0.0010962115,simulation
1982-12-26,0.00092158356,simulation
1982-12-27,0.0014827637,simulation
1982-12-28,0.0012406524,simulation
1982-12-29,0.0014035897,simulation
1982-12-30,0.0014878559,simulation
1982-12-31,0.0014170146,simulation
1983-01-01,0.0006714714,simulation
1983-01-02,0.0006625615,simulation
1983-01-03,0.00080253923,simulation
1983-01-04,0.0015551252,simulation
1983-01-05,0.0009640754,simulation
1983-01-06,0.0020549658,simulation
1983-01-07,0.0009902949,simulation
1983-01-08,0.0009954177,simulation
1983-01-09,0.000671761,simulation
1983-01-10,0.0010465856,simulation
1983-01-11,0.003975091,simulation
1983-01-12,0.0026618703,simulation
1983-01-13,0.0013809018,simulation
1983-01-14,0.0027772337,simulation
1983-01-15,0.0021964407,simulation
1983-01-16,0.001401905,simulation
1983-01-17,0.0018043049,simulation
1983-01-18,0.0013811387,simulation
1983-01-19,0.0010271535,simulation
1983-01-20,0.0004740236,simulation
1983-01-21,0.00047718338,simulation
1983-01-22,0.0005299621,simulation
1983-01-23,0.0006726877,simulation
1983-01-24,0.0013157856,simulation
1983-01-25,0.0014996354,simulation
1983-01-26,0.0007995731,simulation
1983-01-27,0.0006565365,simulation
1983-01-28,0.00055236294,simulation
1983-01-29,0.00087822904,simulation
1983-01-30,0.0012292018,simulation
1983-01-31,0.0008037145,simulation
1983-02-01,0.0005912517,simulation
1983-02-02,0.00090796774,simulation
1983-02-03,0.0019666906,simulation
1983-02-04,0.0011058624,simulation
1983-02-05,0.00061305345,simulation
1983-02-06,0.0005691417,simulation
1983-02-07,0.0012386307,simulation
1983-02-08,0.0024792694,simulation
1983-02-09,0.00057476456,simulation
1983-02-10,0.00054984377,simulation
1983-02-11,0.0007146321,simulation
1983-02-12,0.00062770606,simulation
1983-02-13,0.0014822554,simulation
1983-02-14,0.003010843,simulation
1983-02-15,0.003074864,simulation
1983-02-16,0.00095993804,simulation
1983-02-17,0.0037737654,simulation
1983-02-18,0.0024928178,simulation
1983-02-19,0.006090523,simulation
1983-02-20,0.0034256352,simulation
1983-02-21,0.0020754226,simulation
1983-02-22,0.0008098274,simulation
1983-02-23,0.0008030921,simulation
1983-02-24,0.003468217,simulation
1983-02-25,0.0046770163,simulation
1983-02-26,0.001629027,simulation
1983-02-27,0.0012519945,simulation
1983-02-28,0.0005906914,simulation
1983-03-01,0.005544415,simulation
1983-03-02,0.0022666738,simulation
1983-03-03,0.0028630106,simulation
1983-03-04,0.0030785175,simulation
1983-03-05,0.0012273038,simulation
1983-03-06,0.028124893,simulation
1983-03-07,0.012916343,simulation
1983-03-08,0.0047180094,simulation
1983-03-09,0.0033301343,simulation
1983-03-10,0.0020203344,simulation
1983-03-11,0.0022222628,simulation
1983-03-12,0.0038914962,simulation
1983-03-13,0.002424762,simulation
1983-03-14,0.007392159,simulation
1983-03-15,0.0012688739,simulation
1983-03-16,0.0006525312,simulation
1983-03-17,0.0007807274,simulation
1983-03-18,0.010439519,simulation
1983-03-19,0.013153843,simulation
1983-03-20,0.0010497392,simulation
1983-03-21,0.0009683139,simulation
1983-03-22,0.0044816886,simulation
1983-03-23,0.0008128309,simulation
1983-03-24,0.0011034899,simulation
1983-03-25,0.012287588,simulation
1983-03-26,0.0009355633,simulation
1983-03-27,0.030358363,simulation
1983-03-28,0.009307457,simulation
1983-03-29,0.014731477,simulation
1983-03-30,0.00095368334,simulation
1983-03-31,0.004318922,simulation
1983-04-01,0.006101163,simulation
1983-04-02,0.0039198305,simulation
1983-04-03,0.022886433,simulation
1983-04-04,0.0026498965,simulation
1983-04-05,0.00095581886,simulation
1983-04-06,0.0008735551,simulation
1983-04-07,0.0007072208,simulation
1983-04-08,0.000654108,simulation
1983-04-09,0.0034375407,simulation
1983-04-10,0.017891778,simulation
1983-04-11,0.036666334,simulation
1983-04-12,0.06139401,simulation
1983-04-13,0.015429512,simulation
1983-04-14,0.012035551,simulation
1983-04-15,0.0400849,simulation
1983-04-16,0.030039052,simulation
1983-04-17,0.02703956,simulation
1983-04-18,0.0029692252,simulation
1983-04-19,0.0018661363,simulation
1983-04-20,0.011327553,simulation
1983-04-21,0.008924503,simulation
1983-04-22,0.0009615087,simulation
1983-04-23,0.0031115923,simulation
1983-04-24,0.021752035,simulation
1983-04-25,0.037327852,simulation
1983-04-26,0.050593935,simulation
1983-04-27,0.0516991,simulation
1983-04-28,0.0029451267,simulation
1983-04-29,0.0018061578,simulation
1983-04-30,0.003812511,simulation
1983-05-01,0.004613848,simulation
1983-05-02,0.0023343363,simulation
1983-05-03,0.0016334966,simulation
1983-05-04,0.04924559,simulation
1983-05-05,0.051615946,simulation
1983-05-06,0.0898607,simulation
1983-05-07,0.008321664,simulation
1983-05-08,0.018056652,simulation
1983-05-09,0.030377343,simulation
1983-05-10,0.01094403,simulation
1983-05-11,0.0027548997,simulation
1983-05-12,0.059009247,simulation
1983-05-13,0.03177226,simulation
1983-05-14,0.006526542,simulation
1983-05-15,0.0009206328,simulation
1983-05-16,0.0048899953,simulation
1983-05-17,0.060146682,simulation
1983-05-18,0.0025300218,simulation
1983-05-19,0.0035842094,simulation
1983-05-20,0.0013876695,simulation
1983-05-21,0.0012702903,simulation
1983-05-22,0.004435225,simulation
1983-05-23,0.029486407,simulation
1983-05-24,0.07525881,simulation
1983-05-25,0.0060275514,simulation
1983-05-26,0.03796029,simulation
1983-05-27,0.04063633,simulation
1983-05-28,0.010791919,simulation
1983-05-29,0.0047461945,simulation
1983-05-30,0.07274942,simulation
1983-05-31,0.0019668583,simulation
1983-06-01,0.017726855,simulation
1983-06-02,0.039039522,simulation
1983-06-03,0.047174387,simulation
1983-06-04,0.003068611,simulation
1983-06-05,0.0019534589,simulation
1983-06-06,0.0020748915,simulation
1983-06-07,0.0041297777,simulation
1983-06-08,0.06660304,simulation
1983-06-09,0.0750492,simulation
1983-06-10,0.06831102,simulation
1983-06-11,0.024821935,simulation
1983-06-12,0.020332837,simulation
1983-06-13,0.058757596,simulation
1983-06-14,0.01455944,simulation
1983-06-15,0.015910648,simulation
1983-06-16,0.0049187625,simulation
1983-06-17,0.0011616664,simulation
1983-06-18,0.0011779435,simulation
1983-06-19,0.0027890608,simulation
1983-06-20,0.010466503,simulation
1983-06-21,0.000963164,simulation
1983-06-22,0.0022962433,simulation
1983-06-23,0.0066240584,simulation
1983-06-24,0.002938134,simulation
1983-06-25,0.0026474178,simulation
1983-06-26,0.0043940297,simulation
1983-06-27,0.0033143796,simulation
1983-06-28,0.011140977,simulation
1983-06-29,0.0036598183,simulation
1983-06-30,0.013779099,simulation
1983-07-01,0.05349353,simulation
1983-07-02,0.015391103,simulation
1983-07-03,0.028967995,simulation
1983-07-04,0.028882615,simulation
1983-07-05,0.0029709905,simulation
1983-07-06,0.08854048,simulation
1983-07-07,0.079744436,simulation
1983-07-08,0.056162518,simulation
1983-07-09,0.08447142,simulation
1983-07-10,0.08204492,simulation
1983-07-11,0.07642362,simulation
1983-07-12,0.058217924,simulation
1983-07-13,0.032171223,simulation
1983-07-14,0.037952866,simulation
1983-07-15,0.010394966,simulation
1983-07-16,0.0028778831,simulation
1983-07-17,0.0052243043,simulation
1983-07-18,0.0068901866,simulation
1983-07-19,0.0164609,simulation
1983-07-20,0.07632709,simulation
1983-07-21,0.029047452,simulation
1983-07-22,0.018027704,simulation
1983-07-23,0.081965394,simulation
1983-07-24,0.08201511,simulation
1983-07-25,0.061531365,simulation
1983-07-26,0.007006756,simulation
1983-07-27,0.02105359,simulation
1983-07-28,0.010436989,simulation
1983-07-29,0.031073248,simulation
1983-07-30,0.058399674,simulation
1983-07-31,0.012037472,simulation
1983-08-01,0.0016053437,simulation
1983-08-02,0.0009274695,simulation
1983-08-03,0.0058093737,simulation
1983-08-04,0.014870415,simulation
1983-08-05,0.018591708,simulation
1983-08-06,0.041299734,simulation
1983-08-07,0.0135132475,simulation
1983-08-08,0.023494957,simulation
1983-08-09,0.05345126,simulation
1983-08-10,0.040293053,simulation
1983-08-11,0.06821241,simulation
1983-08-12,0.012028832,simulation
1983-08-13,0.0029115616,simulation
1983-08-14,0.07094653,simulation
1983-08-15,0.05132544,simulation
1983-08-16,0.045971468,simulation
1983-08-17,0.016083086,simulation
1983-08-18,0.059409596,simulation
1983-08-19,0.0552644,simulation
1983-08-20,0.0442797,simulation
1983-08-21,0.062155522,simulation
1983-08-22,0.012992327,simulation
1983-08-23,0.04068553,simulation
1983-08-24,0.068140134,simulation
1983-08-25,0.06781833,simulation
1983-08-26,0.0038617332,simulation
1983-08-27,0.008274102,simulation
1983-08-28,0.035064448,simulation
1983-08-29,0.026084803,simulation
1983-08-30,0.07523884,simulation
1983-08-31,0.0058530755,simulation
1983-09-01,0.013718416,simulation
1983-09-02,0.02785142,simulation
1983-09-03,0.015449945,simulation
1983-09-04,0.010193777,simulation
1983-09-05,0.0024286902,simulation
1983-09-06,0.0014827637,simulation
1983-09-07,0.0026118483,simulation
1983-09-08,0.0035193432,simulation
1983-09-09,0.0450506,simulation
1983-09-10,0.043958325,simulation
1983-09-11,0.003426215,simulation
1983-09-12,0.0008048918,simulation
1983-09-13,0.0022073365,simulation
1983-09-14,0.027993843,simulation
1983-09-15,0.037602592,simulation
1983-09-16,0.03855238,simulation
1983-09-17,0.044610687,simulation
1983-09-18,0.017073762,simulation
1983-09-19,0.0012209964,simulation
1983-09-20,0.0014595586,simulation
1983-09-21,0.0052703656,simulation
1983-09-22,0.02197444,simulation
1983-09-23,0.025002632,simulation
1983-09-24,0.028978169,simulation
1983-09-25,0.011746867,simulation
1983-09-26,0.011656094,simulation
1983-09-27,0.014320484,simulation
1983-09-28,0.024465466,simulation
1983-09-29,0.019969085,simulation
1983-09-30,0.023369454,simulation
1983-10-01,0.023120096,simulation
1983-10-02,0.026562594,simulation
1983-10-03,0.012101009,simulation
1983-10-04,0.00403689,simulation
1983-10-05,0.018390356,simulation
1983-10-06,0.0027149084,simulation
1983-10-07,0.00328142,simulation
1983-10-08,0.005259363,simulation
1983-10-09,0.014770728,simulation
1983-10-10,0.0013234863,simulation
1983-10-11,0.0010907615,simulation
1983-10-12,0.00067594147,simulation
1983-10-13,0.008667549,simulation
1983-10-14,0.009819701,simulation
1983-10-15,0.008615309,simulation
1983-10-16,0.0039500305,simulation
1983-10-17,0.014598275,simulation
1983-10-18,0.0022011308,simulation
1983-10-19,0.00695772,simulation
1983-10-20,0.004648449,simulation
1983-10-21,0.0013145446,simulation
1983-10-22,0.0009459223,simulation
1983-10-23,0.0008055851,simulation
1983-10-24,0.0012072348,simulation
1983-10-25,0.0013707525,simulation
1983-10-26,0.008606164,simulation
1983-10-27,0.0070340126,simulation
1983-10-28,0.007356913,simulation
1983-10-29,0.0013804281,simulation
1983-10-30,0.007430624,simulation
1983-10-31,0.0013765261,simulation
1983-11-01,0.0021093637,simulation
1983-11-02,0.008457599,simulation
1983-11-03,0.0020526855,simulation
1983-11-04,0.0007232408,simulation
1983-11-05,0.0053163744,simulation
1983-11-06,0.0013503269,simulation
1983-11-07,0.0007341632,simulation
1983-11-08,0.004391444,simulation
1983-11-09,0.0018559528,simulation
1983-11-10,0.001862311,simulation
1983-11-11,0.0009074993,simulation
1983-11-12,0.003084529,simulation
1983-11-13,0.000659997,simulation
1983-11-14,0.0019257767,simulation
1983-11-15,0.005089291,simulation
1983-11-16,0.0028496655,simulation
1983-11-17,0.0033216856,simulation
1983-11-18,0.0030795622,simulation
1983-11-19,0.0021947555,simulation
1983-11-20,0.003530372,simulation
1983-11-21,0.0043029636,simulation
1983-11-22,0.0006467083,simulation
1983-11-23,0.0007426225,simulation
1983-11-24,0.0010608968,simulation
1983-11-25,0.0026018668,simulation
1983-11-26,0.001138841,simulation
1983-11-27,0.000636533,simulation
1983-11-28,0.0029846386,simulation
1983-11-29,0.0019879777,simulation
1983-11-30,0.00088414387,simulation
1983-12-01,0.0008542979,simulation
1983-12-02,0.0012137837,simulation
1983-12-03,0.0011223279,simulation
1983-12-04,0.0011179006,simulation
1983-12-05,0.00096548616,simulation
1983-12-06,0.0018650203,simulation
1983-12-07,0.0021307175,simulation
1983-12-08,0.0015215138,simulation
1983-12-09,0.001628608,simulation
1983-12-10,0.0012392689,simulation
1983-12-11,0.0019978527,simulation
1983-12-12,0.00082275824,simulation
1983-12-13,0.0006662834,simulation
1983-12-14,0.0010313123,simulation
1983-12-15,0.0025666805,simulation
1983-12-16,0.0009276291,simulation
1983-12-17,0.0014624397,simulation
1983-12-18,0.0028030793,simulation
1983-12-19,0.00092484016,simulation
1983-12-20,0.0007687182,simulation
1983-12-21,0.0008546655,simulation
1983-12-22,0.0005964744,simulation
1983-12-23,0.0006526441,simulation
1983-12-24,0.0012308914,simulation
1983-12-25,0.0008098969,simulation
1983-12-26,0.00093210896,simulation
1983-12-27,0.0007279288,simulation
1983-12-28,0.0006082105,simulation
1983-12-29,0.0017343754,simulation
1983-12-30,0.0015619355,simulation
1983-12-31,0.0012878564,simulation
1984-01-01,0.0013668777,simulation
1984-01-02,0.0008360381,simulation
1984-01-03,0.0010680339,simulation
1984-01-04,0.001255331,simulation
1984-01-05,0.0017379415,simulation
1984-01-06,0.00212273,simulation
1984-01-07,0.001228147,simulation
1984-01-08,0.0023611498,simulation
1984-01-09,0.0011906577,simulation
1984-01-10,0.00077576813,simulation
1984-01-11,0.0018249471,simulation
1984-01-12,0.0008585735,simulation
1984-01-13,0.0006942407,simulation
1984-01-14,0.0009209496,simulation
1984-01-15,0.0005118998,simulation
1984-01-16,0.00052914006,simulation
1984-01-17,0.0005551325,simulation
1984-01-18,0.0005280915,simulation
1984-01-19,0.0015982094,simulation
1984-01-20,0.0010923559,simulation
1984-01-21,0.0017014418,simulation
1984-01-22,0.0014117991,simulation
1984-01-23,0.00078537996,simulation
1984-01-24,0.00049296045,simulation
1984-01-25,0.0005465815,simulation
1984-01-26,0.00066176296,simulation
1984-01-27,0.0020481332,simulation
1984-01-28,0.00071697484,simulation
1984-01-29,0.0025599177,simulation
1984-01-30,0.003410593,simulation
1984-01-31,0.0011687723,simulation
1984-02-01,0.0013053268,simulation
1984-02-02,0.0033715556,simulation
1984-02-03,0.0015087891,simulation
1984-02-04,0.0028248376,simulation
1984-02-05,0.0038846086,simulation
1984-02-06,0.0021777796,simulation
1984-02-07,0.002282968,simulation
1984-02-08,0.003215096,simulation
1984-02-09,0.0016080957,simulation
1984-02-10,0.00082488573,simulation
1984-02-11,0.0019418082,simulation
1984-02-12,0.0007827472,simulation
1984-02-13,0.0016038315,simulation
1984-02-14,0.0042002746,simulation
1984-02-15,0.0049064136,simulation
1984-02-16,0.0023060532,simulation
1984-02-17,0.0038292806,simulation
1984-02-18,0.0015437084,simulation
1984-02-19,0.0009481213,simulation
1984-02-20,0.0012942833,simulation
1984-02-21,0.0014827637,simulation
1984-02-22,0.0015732163,simulation
1984-02-23,0.006701295,simulation
1984-02-24,0.0027355296,simulation
1984-02-25,0.0059049516,simulation
1984-02-26,0.0019041707,simulation
1984-02-27,0.00067129737,simulation
1984-02-28,0.0011067183,simulation
1984-02-29,0.002784324,simulation
1984-03-01,0.0044251694,simulation
1984-03-02,0.00087475916,simulation
1984-03-03,0.0005736254,simulation
1984-03-04,0.001628329,simulation
1984-03-05,0.00055022317,simulation
1984-03-06,0.0008207068,simulation
1984-03-07,0.005131196,simulation
1984-03-08,0.011554868,simulation
1984-03-09,0.006639987,simulation
1984-03-10,0.0018634264,simulation
1984-03-11,0.008890366,simulation
1984-03-12,0.0012543612,simulation
1984-03-13,0.0029750275,simulation
1984-03-14,0.009228305,simulation
1984-03-15,0.0067201816,simulation
1984-03-16,0.002231,simulation
1984-03-17,0.0040947897,simulation
1984-03-18,0.0040941,simulation
1984-03-19,0.0014910479,simulation
1984-03-20,0.0008283012,simulation
1984-03-21,0.018946858,simulation
1984-03-22,0.019683564,simulation
1984-03-23,0.01374656,simulation
1984-03-24,0.0011348367,simulation
1984-03-25,0.010273149,simulation
1984-03-26,0.001079199,simulation
1984-03-27,0.0012155571,simulation
1984-03-28,0.0012372489,simulation
1984-03-29,0.005198158,simulation
1984-03-30,0.0034737957,simulation
1984-03-31,0.01101994,simulation
1984-04-01,0.016927175,simulation
1984-04-02,0.0024334532,simulation
1984-04-03,0.018033214,simulation
1984-04-04,0.01678169,simulation
1984-04-05,0.010891356,simulation
1984-04-06,0.025771331,simulation
1984-04-07,0.0019884866,simulation
1984-04-08,0.0008268764,simulation
1984-04-09,0.001468722,simulation
1984-04-10,0.0017200372,simulation
1984-04-11,0.006195164,simulation
1984-04-12,0.0030494072,simulation
1984-04-13,0.009449231,simulation
1984-04-14,0.0067279744,simulation
1984-04-15,0.003759771,simulation
1984-04-16,0.0047813556,simulation
1984-04-17,0.0111786,simulation
1984-04-18,0.030299349,simulation
1984-04-19,0.0010891691,simulation
1984-04-20,0.019125884,simulation
1984-04-21,0.002467263,simulation
1984-04-22,0.0024689455,simulation
1984-04-23,0.028340366,simulation
1984-04-24,0.047847982,simulation
1984-04-25,0.07807459,simulation
1984-04-26,0.0018002961,simulation
1984-04-27,0.0039868387,simulation
1984-04-28,0.0014405374,simulation
1984-04-29,0.0014735138,simulation
1984-04-30,0.0015025947,simulation
1984-05-01,0.0008416708,simulation
1984-05-02,0.006266051,simulation
1984-05-03,0.0019129808,simulation
1984-05-04,0.05795193,simulation
1984-05-05,0.002792618,simulation
1984-05-06,0.004706149,simulation
1984-05-07,0.02214946,simulation
1984-05-08,0.0023145222,simulation
1984-05-09,0.05668823,simulation
1984-05-10,0.07098293,simulation
1984-05-11,0.07640696,simulation
1984-05-12,0.037322953,simulation
1984-05-13,0.054080915,simulation
1984-05-14,0.02912298,simulation
1984-05-15,0.034749113,simulation
1984-05-16,0.03813877,simulation
1984-05-17,0.033671595,simulation
1984-05-18,0.031918705,simulation
1984-05-19,0.038042028,simulation
1984-05-20,0.001228147,simulation
1984-05-21,0.0012305742,simulation
1984-05-22,0.0018783028,simulation
1984-05-23,0.00965941,simulation
1984-05-24,0.029336108,simulation
1984-05-25,0.029233493,simulation
1984-05-26,0.012919413,simulation
1984-05-27,0.015388709,simulation
1984-05-28,0.0134270815,simulation
1984-05-29,0.0074141147,simulation
1984-05-30,0.07317105,simulation
1984-05-31,0.06882417,simulation
1984-06-01,0.07789819,simulation
1984-06-02,0.08306136,simulation
1984-06-03,0.07544182,simulation
1984-06-04,0.065178335,simulation
1984-06-05,0.0434681,simulation
1984-06-06,0.0023353319,simulation
1984-06-07,0.0066262526,simulation
1984-06-08,0.05751802,simulation
1984-06-09,0.040703673,simulation
1984-06-10,0.057780087,simulation
1984-06-11,0.06111003,simulation
1984-06-12,0.05541161,simulation
1984-06-13,0.0565953,simulation
1984-06-14,0.08059838,simulation
1984-06-15,0.0686695,simulation
1984-06-16,0.009400987,simulation
1984-06-17,0.040483825,simulation
1984-06-18,0.062190797,simulation
1984-06-19,0.07757202,simulation
1984-06-20,0.0762805,simulation
1984-06-21,0.031608917,simulation
1984-06-22,0.060937956,simulation
1984-06-23,0.058058262,simulation
1984-06-24,0.007355094,simulation
1984-06-25,0.11870111,simulation
1984-06-26,0.011805222,simulation
1984-06-27,0.0037140122,simulation
1984-06-28,0.0030527727,simulation
1984-06-29,0.0016443032,simulation
1984-06-30,0.013592407,simulation
1984-07-01,0.025884798,simulation
1984-07-02,0.026734212,simulation
1984-07-03,0.028083138,simulation
1984-07-04,0.042705644,simulation
1984-07-05,0.019480925,simulation
1984-07-06,0.015337239,simulation
1984-07-07,0.028428525,simulation
1984-07-08,0.017115848,simulation
1984-07-09,0.065686025,simulation
1984-07-10,0.06984935,simulation
1984-07-11,0.07855045,simulation
1984-07-12,0.036894023,simulation
1984-07-13,0.0023090034,simulation
1984-07-14,0.0028052244,simulation
1984-07-15,0.02844257,simulation
1984-07-16,0.0028979946,simulation
1984-07-17,0.0022073365,simulation
1984-07-18,0.031310007,simulation
1984-07-19,0.05217851,simulation
1984-07-20,0.08533743,simulation
1984-07-21,0.076007545,simulation
1984-07-22,0.090467915,simulation
1984-07-23,0.0067838808,simulation
1984-07-24,0.010245802,simulation
1984-07-25,0.020750307,simulation
1984-07-26,0.04102053,simulation
1984-07-27,0.007906627,simulation
1984-07-28,0.0028637403,simulation
1984-07-29,0.018789247,simulation
1984-07-30,0.012224133,simulation
1984-07-31,0.0070654512,simulation
1984-08-01,0.0016308418,simulation
1984-08-02,0.0012067168,simulation
1984-08-03,0.0017883241,simulation
1984-08-04,0.0023947877,simulation
1984-08-05,0.002621868,simulation
1984-08-06,0.006926737,simulation
1984-08-07,0.0028520871,simulation
1984-08-08,0.0039942404,simulation
1984-08-09,0.01033723,simulation
1984-08-10,0.009343852,simulation
1984-08-11,0.0033675623,simulation
1984-08-12,0.028340366,simulation
1984-08-13,0.001898645,simulation
1984-08-14,0.0022146925,simulation
1984-08-15,0.009060809,simulation
1984-08-16,0.034653753,simulation
1984-08-17,0.0086132,simulation
1984-08-18,0.056644864,simulation
1984-08-19,0.0043814857,simulation
1984-08-20,0.006211652,simulation
1984-08-21,0.04311,simulation
1984-08-22,0.026097931,simulation
1984-08-23,0.02062014,simulation
1984-08-24,0.0332862,simulation
1984-08-25,0.019036187,simulation
1984-08-26,0.006349297,simulation
1984-08-27,0.0062613715,simulation
1984-08-28,0.004158748,simulation
1984-08-29,0.0017119597,simulation
1984-08-30,0.0036060906,simulation
1984-08-31,0.0035053801,simulation
1984-09-01,0.054077867,simulation
1984-09-02,0.018896587,simulation
1984-09-03,0.00889689,simulation
1984-09-04,0.0026422443,simulation
1984-09-05,0.05959592,simulation
1984-09-06,0.060181566,simulation
1984-09-07,0.06480797,simulation
1984-09-08,0.01771328,simulation
1984-09-09,0.0026530537,simulation
1984-09-10,0.00974201,simulation
1984-09-11,0.021520298,simulation
1984-09-12,0.024120206,simulation
1984-09-13,0.052699033,simulation
1984-09-14,0.030402672,simulation
1984-09-15,0.007550895,simulation
1984-09-16,0.07268968,simulation
1984-09-17,0.011073187,simulation
1984-09-18,0.004532812,simulation
1984-09-19,0.05356604,simulation
1984-09-20,0.02670937,simulation
1984-09-21,0.016205654,simulation
1984-09-22,0.0023947877,simulation
1984-09-23,0.011864793,simulation
1984-09-24,0.009339295,simulation
1984-09-25,0.024559995,simulation
1984-09-26,0.01140865,simulation
1984-09-27,0.033876933,simulation
1984-09-28,0.01585394,simulation
1984-09-29,0.006597226,simulation
1984-09-30,0.0053618737,simulation
1984-10-01,0.015925465,simulation
1984-10-02,0.014948499,simulation
1984-10-03,0.008157652,simulation
1984-10-04,0.0014001032,simulation
1984-10-05,0.0020504086,simulation
1984-10-06,0.0017075698,simulation
1984-10-07,0.0019695498,simulation
1984-10-08,0.00080295384,simulation
1984-10-09,0.0015000206,simulation
1984-10-10,0.0012181693,simulation
1984-10-11,0.011006666,simulation
1984-10-12,0.0030576976,simulation
1984-10-13,0.010574236,simulation
1984-10-14,0.0016170732,simulation
1984-10-15,0.004341869,simulation
1984-10-16,0.006294206,simulation
1984-10-17,0.00096923014,simulation
1984-10-18,0.0019666906,simulation
1984-10-19,0.0009902949,simulation
1984-10-20,0.0014045531,simulation
1984-10-21,0.0008657713,simulation
1984-10-22,0.00073031534,simulation
1984-10-23,0.00076311175,simulation
1984-10-24,0.0011417798,simulation
1984-10-25,0.0030519958,simulation
1984-10-26,0.0051359213,simulation
1984-10-27,0.00453243,simulation
1984-10-28,0.0027434474,simulation
1984-10-29,0.0042593763,simulation
1984-10-30,0.008327117,simulation
1984-10-31,0.014065133,simulation
1984-11-01,0.0021438517,simulation
1984-11-02,0.0007783107,simulation
1984-11-03,0.0018080125,simulation
1984-11-04,0.0011819977,simulation
1984-11-05,0.005243119,simulation
1984-11-06,0.0047557605,simulation
1984-11-07,0.0013575284,simulation
1984-11-08,0.0037938906,simulation
1984-11-09,0.0058755334,simulation
1984-11-10,0.002818125,simulation
1984-11-11,0.0020507588,simulation
1984-11-12,0.0022437857,simulation
1984-11-13,0.0028950432,simulation
1984-11-14,0.0030538088,simulation
1984-11-15,0.0016238732,simulation
1984-11-16,0.002137639,simulation
1984-11-17,0.001518778,simulation
1984-11-18,0.0012805815,simulation
1984-11-19,0.0007228671,simulation
1984-11-20,0.0033031707,simulation
1984-11-21,0.0011994847,simulation
1984-11-22,0.0024473811,simulation
1984-11-23,0.0012181693,simulation
1984-11-24,0.0020814568,simulation
1984-11-25,0.0024974917,simulation
1984-11-26,0.0010392341,simulation
1984-11-27,0.00073037803,simulation
1984-11-28,0.0025030277,simulation
1984-11-29,0.0028947967,simulation
1984-11-30,0.0017065466,simulation
1984-12-01,0.00197157,simulation
1984-12-02,0.000565863,simulation
1984-12-03,0.0024380176,simulation
1984-12-04,0.0007652836,simulation
1984-12-05,0.00051216484,simulation
1984-12-06,0.0015301438,simulation
1984-12-07,0.0017843501,simulation
1984-12-08,0.0015470188,simulation
1984-12-09,0.001109861,simulation
1984-12-10,0.0021301717,simulation
1984-12-11,0.0019910368,simulation
1984-12-12,0.00094445836,simulation
1984-12-13,0.0014721255,simulation
1984-12-14,0.001093107,simulation
1984-12-15,0.002285695,simulation
1984-12-16,0.0017832825,simulation
1984-12-17,0.0011820989,simulation
1984-12-18,0.0012093103,simulation
1984-12-19,0.0007756342,simulation
1984-12-20,0.0006816737,simulation
1984-12-21,0.00089864084,simulation
1984-12-22,0.0024561514,simulation
1984-12-23,0.0009612604,simulation
1984-12-24,0.0015612665,simulation
1984-12-25,0.0011145436,simulation
1984-12-26,0.0016998404,simulation
1984-12-27,0.0009168385,simulation
1984-12-28,0.001079106,simulation
1984-12-29,0.0010314011,simulation
1984-12-30,0.0014616876,simulation
1984-12-31,0.0009179434,simulation
1985-01-01,0.0007817363,simulation
1985-01-02,0.00071291,simulation
1985-01-03,0.0005636714,simulation
1985-01-04,0.00072249357,simulation
1985-01-05,0.0013497481,simulation
1985-01-06,0.0009983324,simulation
1985-01-07,0.0020802128,simulation
1985-01-08,0.0011859635,simulation
1985-01-09,0.00124856,simulation
1985-01-10,0.0011356163,simulation
1985-01-11,0.00088300323,simulation
1985-01-12,0.0012225702,simulation
1985-01-13,0.0008525347,simulation
1985-01-14,0.0010753103,simulation
1985-01-15,0.0011003648,simulation
1985-01-16,0.0009148685,simulation
1985-01-17,0.00056904386,simulation
1985-01-18,0.0019695498,simulation
1985-01-19,0.0030600328,simulation
1985-01-20,0.0010892623,simulation
1985-01-21,0.0010975315,simulation
1985-01-22,0.0010933891,simulation
1985-01-23,0.00092452194,simulation
1985-01-24,0.0011357142,simulation
1985-01-25,0.003557342,simulation
1985-01-26,0.0022129936,simulation
1985-01-27,0.0006684688,simulation
1985-01-28,0.00061157526,simulation
1985-01-29,0.0022126161,simulation
1985-01-30,0.0005563307,simulation
1985-01-31,0.00053124374,simulation
1985-02-01,0.00052550103,simulation
1985-02-02,0.00053552206,simulation
1985-02-03,0.00062430656,simulation
1985-02-04,0.00063598435,simulation
1985-02-05,0.0004899922,simulation
1985-02-06,0.00067868497,simulation
1985-02-07,0.0009171541,simulation
1985-02-08,0.0026485447,simulation
1985-02-09,0.0031383552,simulation
1985-02-10,0.0016475448,simulation
1985-02-11,0.00068674417,simulation
1985-02-12,0.003938389,simulation
1985-02-13,0.0025835547,simulation
1985-02-14,0.0014982219,simulation
1985-02-15,0.0029750275,simulation
1985-02-16,0.004609976,simulation
1985-02-17,0.0036419255,simulation
1985-02-18,0.0016988219,simulation
1985-02-19,0.00077150384,simulation
1985-02-20,0.0025813573,simulation
1985-02-21,0.0031213704,simulation
1985-02-22,0.001764162,simulation
1985-02-23,0.0015024656,simulation
1985-02-24,0.0006450941,simulation
1985-02-25,0.0005750616,simulation
1985-02-26,0.0006654802,simulation
1985-02-27,0.00063374074,simulation
1985-02-28,0.0023385186,simulation
1985-03-01,0.00063746644,simulation
1985-03-02,0.001840464,simulation
1985-03-03,0.0037237494,simulation
1985-03-04,0.0030662685,simulation
1985-03-05,0.006316187,simulation
1985-03-06,0.013861844,simulation
1985-03-07,0.004788579,simulation
1985-03-08,0.001073371,simulation
1985-03-09,0.0019719067,simulation
1985-03-10,0.0044400743,simulation
1985-03-11,0.0034204202,simulation
1985-03-12,0.0018297922,simulation
1985-03-13,0.0015870233,simulation
1985-03-14,0.0013830353,simulation
1985-03-15,0.003782058,simulation
1985-03-16,0.0011121519,simulation
1985-03-17,0.010472413,simulation
1985-03-18,0.01316947,simulation
1985-03-19,0.021443516,simulation
1985-03-20,0.0017674855,simulation
1985-03-21,0.0011653642,simulation
1985-03-22,0.0007610117,simulation
1985-03-23,0.0036971096,simulation
1985-03-24,0.018418398,simulation
1985-03-25,0.026176801,simulation
1985-03-26,0.0068436246,simulation
1985-03-27,0.0008237505,simulation
1985-03-28,0.010278962,simulation
1985-03-29,0.008661179,simulation
1985-03-30,0.003978108,simulation
1985-03-31,0.0054489956,simulation
1985-04-01,0.0095526185,simulation
1985-04-02,0.016565517,simulation
1985-04-03,0.049190536,simulation
1985-04-04,0.0340189,simulation
1985-04-05,0.0014023867,simulation
1985-04-06,0.021363774,simulation
1985-04-07,0.038672533,simulation
1985-04-08,0.014667039,simulation
1985-04-09,0.022847671,simulation
1985-04-10,0.0126124155,simulation
1985-04-11,0.0028099963,simulation
1985-04-12,0.0008970958,simulation
1985-04-13,0.0031471483,simulation
1985-04-14,0.0015306682,simulation
1985-04-15,0.0021670288,simulation
1985-04-16,0.031394273,simulation
1985-04-17,0.03942657,simulation
1985-04-18,0.035656042,simulation
1985-04-19,0.020107865,simulation
1985-04-20,0.0077797133,simulation
1985-04-21,0.025347058,simulation
1985-04-22,0.010324718,simulation
1985-04-23,0.004301878,simulation
1985-04-24,0.0056569856,simulation
1985-04-25,0.005002696,simulation
1985-04-26,0.0013529941,simulation
1985-04-27,0.0032034006,simulation
1985-04-28,0.0035543358,simulation
1985-04-29,0.04564016,simulation
1985-04-30,0.010481708,simulation
1985-05-01,0.0020539134,simulation
1985-05-02,0.007691327,simulation
1985-05-03,0.0032786413,simulation
1985-05-04,0.017113216,simulation
1985-05-05,0.023953447,simulation
1985-05-06,0.004405127,simulation
1985-05-07,0.024563573,simulation
1985-05-08,0.0053538177,simulation
1985-05-09,0.0010591655,simulation
1985-05-10,0.0061444165,simulation
1985-05-11,0.002398668,simulation
1985-05-12,0.021107122,simulation
1985-05-13,0.019239236,simulation
1985-05-14,0.007290504,simulation
1985-05-15,0.059772972,simulation
1985-05-16,0.08995772,simulation
1985-05-17,0.021366961,simulation
1985-05-18,0.0036588907,simulation
1985-05-19,0.01094403,simulation
1985-05-20,0.019988647,simulation
1985-05-21,0.0023921365,simulation
1985-05-22,0.026176801,simulation
1985-05-23,0.004035528,simulation
1985-05-24,0.07767852,simulation
1985-05-25,0.07076128,simulation
1985-05-26,0.085876375,simulation
1985-05-27,0.010853752,simulation
1985-05-28,0.032015156,simulation
1985-05-29,0.061988886,simulation
1985-05-30,0.016799815,simulation
1985-05-31,0.034942746,simulation
1985-06-01,0.06211065,simulation
1985-06-02,0.049599793,simulation
1985-06-03,0.053415045,simulation
1985-06-04,0.11614963,simulation
1985-06-05,0.021116585,simulation
1985-06-06,0.0097625675,simulation
1985-06-07,0.010793658,simulation
1985-06-08,0.033225283,simulation
1985-06-09,0.06273349,simulation
1985-06-10,0.014899508,simulation
1985-06-11,0.0017262312,simulation
1985-06-12,0.004221188,simulation
1985-06-13,0.011138292,simulation
1985-06-14,0.011932254,simulation
1985-06-15,0.0059657,simulation
1985-06-16,0.02561757,simulation
1985-06-17,0.0132509945,simulation
1985-06-18,0.00094787695,simulation
1985-06-19,0.0010053966,simulation
1985-06-20,0.057402734,simulation
1985-06-21,0.016034538,simulation
1985-06-22,0.03858239,simulation
1985-06-23,0.041498777,simulation
1985-06-24,0.064908616,simulation
1985-06-25,0.06999791,simulation
1985-06-26,0.037230067,simulation
1985-06-27,0.024841761,simulation
1985-06-28,0.017834378,simulation
1985-06-29,0.006356676,simulation
1985-06-30,0.04728487,simulation
1985-07-01,0.016748073,simulation
1985-07-02,0.0076176706,simulation
1985-07-03,0.007867766,simulation
1985-07-04,0.006896456,simulation
1985-07-05,0.001200206,simulation
1985-07-06,0.00309029,simulation
1985-07-07,0.002767808,simulation
1985-07-08,0.008735763,simulation
1985-07-09,0.07577792,simulation
1985-07-10,0.035341695,simulation
1985-07-11,0.015338438,simulation
1985-07-12,0.073945165,simulation
1985-07-13,0.06193764,simulation
1985-07-14,0.05828057,simulation
1985-07-15,0.0212589,simulation
1985-07-16,0.0037588193,simulation
1985-07-17,0.017173862,simulation
1985-07-18,0.06325831,simulation
1985-07-19,0.029517367,simulation
1985-07-20,0.0077103227,simulation
1985-07-21,0.0071493546,simulation
1985-07-22,0.0015782107,simulation
1985-07-23,0.0013134172,simulation
1985-07-24,0.0029810946,simulation
1985-07-25,0.00404404,simulation
1985-07-26,0.006890755,simulation
1985-07-27,0.0058686906,simulation
1985-07-28,0.002098945,simulation
1985-07-29,0.021092944,simulation
1985-07-30,0.059576966,simulation
1985-07-31,0.015510202,simulation
1985-08-01,0.088280104,simulation
1985-08-02,0.0027814861,simulation
1985-08-03,0.0060025384,simulation
1985-08-04,0.0038565227,simulation
1985-08-05,0.007269494,simulation
1985-08-06,0.003131444,simulation
1985-08-07,0.0018696506,simulation
1985-08-08,0.038732696,simulation
1985-08-09,0.07206607,simulation
1985-08-10,0.05932125,simulation
1985-08-11,0.039777823,simulation
1985-08-12,0.06466841,simulation
1985-08-13,0.018860746,simulation
1985-08-14,0.013950523,simulation
1985-08-15,0.0013404004,simulation
1985-08-16,0.001989507,simulation
1985-08-17,0.0074067893,simulation
1985-08-18,0.015994798,simulation
1985-08-19,0.022290964,simulation
1985-08-20,0.0022864745,simulation
1985-08-21,0.0075963903,simulation
1985-08-22,0.021244634,simulation
1985-08-23,0.045094736,simulation
1985-08-24,0.011170528,simulation
1985-08-25,0.0023641703,simulation
1985-08-26,0.010785843,simulation
1985-08-27,0.0030116094,simulation
1985-08-28,0.014080625,simulation
1985-08-29,0.009222299,simulation
1985-08-30,0.032714106,simulation
1985-08-31,0.055823456,simulation
1985-09-01,0.07978432,simulation
1985-09-02,0.002835177,simulation
1985-09-03,0.0021066638,simulation
1985-09-04,0.0051578805,simulation
1985-09-05,0.009970352,simulation
1985-09-06,0.025167996,simulation
1985-09-07,0.021640738,simulation
1985-09-08,0.012906107,simulation
1985-09-09,0.018398762,simulation
1985-09-10,0.03603202,simulation
1985-09-11,0.027134212,simulation
1985-09-12,0.061145097,simulation
1985-09-13,0.032912955,simulation
1985-09-14,0.002925687,simulation
1985-09-15,0.026852962,simulation
1985-09-16,0.030542267,simulation
1985-09-17,0.037891038,simulation
1985-09-18,0.036959622,simulation
1985-09-19,0.02636157,simulation
1985-09-20,0.029139338,simulation
1985-09-21,0.037286263,simulation
1985-09-22,0.0076189246,simulation
1985-09-23,0.0009968741,simulation
1985-09-24,0.0018648605,simulation
1985-09-25,0.0034183948,simulation
1985-09-26,0.007379379,simulation
1985-09-27,0.01887364,simulation
1985-09-28,0.007931982,simulation
1985-09-29,0.0045104004,simulation
1985-09-30,0.00079504243,simulation
1985-10-01,0.00086681516,simulation
1985-10-02,0.0015814592,simulation
1985-10-03,0.0058045373,simulation
1985-10-04,0.012270962,simulation
1985-10-05,0.029699482,simulation
1985-10-06,0.012500631,simulation
1985-10-07,0.0089121405,simulation
1985-10-08,0.012430235,simulation
1985-10-09,0.0023793296,simulation
1985-10-10,0.012123222,simulation
1985-10-11,0.012159036,simulation
1985-10-12,0.0059315492,simulation
1985-10-13,0.0026723044,simulation
1985-10-14,0.0030855762,simulation
1985-10-15,0.00069316453,simulation
1985-10-16,0.0007185828,simulation
1985-10-17,0.001461061,simulation
1985-10-18,0.0010265353,simulation
1985-10-19,0.0019123269,simulation
1985-10-20,0.0016839092,simulation
1985-10-21,0.001025389,simulation
1985-10-22,0.0006382358,simulation
1985-10-23,0.0008987955,simulation
1985-10-24,0.0007882257,simulation
1985-10-25,0.0013889795,simulation
1985-10-26,0.0011172288,simulation
1985-10-27,0.0006526441,simulation
1985-10-28,0.000825312,simulation
1985-10-29,0.0008445011,simulation
1985-10-30,0.0006134764,simulation
1985-10-31,0.0006426522,simulation
1985-11-01,0.00068485306,simulation
1985-11-02,0.00062673265,simulation
1985-11-03,0.0012292018,simulation
1985-11-04,0.0059508295,simulation
1985-11-05,0.0042694234,simulation
1985-11-06,0.005096536,simulation
1985-11-07,0.0012737846,simulation
1985-11-08,0.0058074375,simulation
1985-11-09,0.0074871383,simulation
1985-11-10,0.0025128503,simulation
1985-11-11,0.0010772529,simulation
1985-11-12,0.004091341,simulation
1985-11-13,0.00091149006,simulation
1985-11-14,0.00061342365,simulation
1985-11-15,0.00090026617,simulation
1985-11-16,0.0007701097,simulation
1985-11-17,0.001178146,simulation
1985-11-18,0.0029606686,simulation
1985-11-19,0.0011775391,simulation
1985-11-20,0.0015531282,simulation
1985-11-21,0.00081577565,simulation
1985-11-22,0.0016302831,simulation
1985-11-23,0.0012155571,simulation
1985-11-24,0.00087280374,simulation
1985-11-25,0.00089532195,simulation
1985-11-26,0.0012221504,simulation
1985-11-27,0.0009970455,simulation
1985-11-28,0.0006301456,simulation
1985-11-29,0.00063215854,simulation
1985-11-30,0.0009736581,simulation
1985-12-01,0.0009627496,simulation
1985-12-02,0.0019236389,simulation
1985-12-03,0.0022917446,simulation
1985-12-04,0.0017464391,simulation
1985-12-05,0.0012563014,simulation
1985-12-06,0.0024156906,simulation
1985-12-07,0.001004446,simulation
1985-12-08,0.0017551284,simulation
1985-12-09,0.0018431419,simulation
1985-12-10,0.0015898807,simulation
1985-12-11,0.00074006774,simulation
1985-12-12,0.0005222929,simulation
1985-12-13,0.00069352327,simulation
1985-12-14,0.0014550606,simulation
1985-12-15,0.0012003089,simulation
1985-12-16,0.0015681036,simulation
1985-12-17,0.0009282681,simulation
1985-12-18,0.0008094088,simulation
1985-12-19,0.0016782975,simulation
1985-12-20,0.0018510387,simulation
1985-12-21,0.0011727951,simulation
1985-12-22,0.0029471277,simulation
1985-12-23,0.0023789243,simulation
1985-12-24,0.001587567,simulation
1985-12-25,0.0017135725,simulation
1985-12-26,0.0018078575,simulation
1985-12-27,0.00061703013,simulation
1985-12-28,0.0008797418,simulation
1985-12-29,0.001657733,simulation
1985-12-30,0.002545144,simulation
1985-12-31,0.00094405253,simulation
1986-01-01,0.0009881681,simulation
1986-01-02,0.0009291467,simulation
1986-01-03,0.0008529751,simulation
1986-01-04,0.0011230028,simulation
1986-01-05,0.0024403033,simulation
1986-01-06,0.00081451255,simulation
1986-01-07,0.0013107144,simulation
1986-01-08,0.0015426507,simulation
1986-01-09,0.0008894091,simulation
1986-01-10,0.0009428351,simulation
1986-01-11,0.0020851914,simulation
1986-01-12,0.0023994856,simulation
1986-01-13,0.0035003435,simulation
1986-01-14,0.002906374,simulation
1986-01-15,0.0016571654,simulation
1986-01-16,0.0010855246,simulation
1986-01-17,0.0007053348,simulation
1986-01-18,0.00094080955,simulation
1986-01-19,0.0026249925,simulation
1986-01-20,0.0014995065,simulation
1986-01-21,0.0012748784,simulation
1986-01-22,0.000993024,simulation
1986-01-23,0.002803318,simulation
1986-01-24,0.0028864506,simulation
1986-01-25,0.00062108587,simulation
1986-01-26,0.0022167722,simulation
1986-01-27,0.0027408837,simulation
1986-01-28,0.0034436549,simulation
1986-01-29,0.0015932883,simulation
1986-01-30,0.0029391318,simulation
1986-01-31,0.0039423765,simulation
1986-02-01,0.0031213704,simulation
1986-02-02,0.0016109908,simulation
1986-02-03,0.0011016888,simulation
1986-02-04,0.00093773886,simulation
1986-02-05,0.0013971042,simulation
1986-02-06,0.003988183,simulation
1986-02-07,0.00371025,simulation
1986-02-08,0.0039697313,simulation
1986-02-09,0.0010378057,simulation
1986-02-10,0.00057056703,simulation
1986-02-11,0.00069000636,simulation
1986-02-12,0.0016336368,simulation
1986-02-13,0.0027696914,simulation
1986-02-14,0.0012717088,simulation
1986-02-15,0.0040433584,simulation
1986-02-16,0.0017579831,simulation
1986-02-17,0.0012433183,simulation
1986-02-18,0.001190965,simulation
1986-02-19,0.0014827637,simulation
1986-02-20,0.0020692293,simulation
1986-02-21,0.00066507905,simulation
1986-02-22,0.00080226286,simulation
1986-02-23,0.0045733475,simulation
1986-02-24,0.008625171,simulation
1986-02-25,0.004126301,simulation
1986-02-26,0.009467671,simulation
1986-02-27,0.002353516,simulation
1986-02-28,0.0014529418,simulation
1986-03-01,0.0042364947,simulation
1986-03-02,0.009520872,simulation
1986-03-03,0.0031213704,simulation
1986-03-04,0.009557272,simulation
1986-03-05,0.010421843,simulation
1986-03-06,0.015331268,simulation
1986-03-07,0.008396927,simulation
1986-03-08,0.0029727563,simulation
1986-03-09,0.010868606,simulation
1986-03-10,0.0032512585,simulation
1986-03-11,0.0017949142,simulation
1986-03-12,0.0011113877,simulation
1986-03-13,0.0010487469,simulation
1986-03-14,0.0015868869,simulation
1986-03-15,0.0032069325,simulation
1986-03-16,0.005700534,simulation
1986-03-17,0.003909593,simulation
1986-03-18,0.0022522218,simulation
1986-03-19,0.0011792599,simulation
1986-03-20,0.007557734,simulation
1986-03-21,0.010392449,simulation
1986-03-22,0.009146057,simulation
1986-03-23,0.009879543,simulation
1986-03-24,0.018827831,simulation
1986-03-25,0.033473965,simulation
1986-03-26,0.001797834,simulation
1986-03-27,0.022468079,simulation
1986-03-28,0.027016418,simulation
1986-03-29,0.02907397,simulation
1986-03-30,0.014466154,simulation
1986-03-31,0.02252626,simulation
1986-04-01,0.004716031,simulation
1986-04-02,0.029550413,simulation
1986-04-03,0.018085642,simulation
1986-04-04,0.008727919,simulation
1986-04-05,0.0026505734,simulation
1986-04-06,0.0025308845,simulation
1986-04-07,0.0055750282,simulation
1986-04-08,0.0026127382,simulation
1986-04-09,0.028837971,simulation
1986-04-10,0.0016053437,simulation
1986-04-11,0.013819325,simulation
1986-04-12,0.0009955034,simulation
1986-04-13,0.008616013,simulation
1986-04-14,0.0024957913,simulation
1986-04-15,0.059381202,simulation
1986-04-16,0.04073217,simulation
1986-04-17,0.008705856,simulation
1986-04-18,0.034802698,simulation
1986-04-19,0.002043241,simulation
1986-04-20,0.0016502275,simulation
1986-04-21,0.010540195,simulation
1986-04-22,0.02495012,simulation
1986-04-23,0.03788362,simulation
1986-04-24,0.029286811,simulation
1986-04-25,0.061326962,simulation
1986-04-26,0.05081165,simulation
1986-04-27,0.0023829816,simulation
1986-04-28,0.016692603,simulation
1986-04-29,0.002995551,simulation
1986-04-30,0.0059821014,simulation
1986-05-01,0.0021220054,simulation
1986-05-02,0.003406842,simulation
1986-05-03,0.04050964,simulation
1986-05-04,0.069239184,simulation
1986-05-05,0.009153509,simulation
1986-05-06,0.003935732,simulation
1986-05-07,0.004279856,simulation
1986-05-08,0.0054919207,simulation
1986-05-09,0.022003802,simulation
1986-05-10,0.00308113,simulation
1986-05-11,0.0011899426,simulation
1986-05-12,0.014183933,simulation
1986-05-13,0.041386086,simulation
1986-05-14,0.025608338,simulation
1986-05-15,0.001966187,simulation
1986-05-16,0.01878211,simulation
1986-05-17,0.0051942463,simulation
1986-05-18,0.0010298064,simulation
1986-05-19,0.0044903588,simulation
1986-05-20,0.015656874,simulation
1986-05-21,0.024264911,simulation
1986-05-22,0.045238327,simulation
1986-05-23,0.015513823,simulation
1986-05-24,0.005705764,simulation
1986-05-25,0.0015116363,simulation
1986-05-26,0.0016431772,simulation
1986-05-27,0.0009981609,simulation
1986-05-28,0.002856451,simulation
1986-05-29,0.008367429,simulation
1986-05-30,0.0033610114,simulation
1986-05-31,0.0010839396,simulation
1986-06-01,0.0064791054,simulation
1986-06-02,0.0046683894,simulation
1986-06-03,0.007982925,simulation
1986-06-04,0.003669416,simulation
1986-06-05,0.011336638,simulation
1986-06-06,0.0039996323,simulation
1986-06-07,0.0072401757,simulation
1986-06-08,0.011863843,simulation
1986-06-09,0.0047925957,simulation
1986-06-10,0.0029276756,simulation
1986-06-11,0.03938597,simulation
1986-06-12,0.03121945,simulation
1986-06-13,0.05775198,simulation
1986-06-14,0.07156232,simulation
1986-06-15,0.07541519,simulation
1986-06-16,0.012575387,simulation
1986-06-17,0.043830715,simulation
1986-06-18,0.056647964,simulation
1986-06-19,0.103038944,simulation
1986-06-20,0.08985422,simulation
1986-06-21,0.09860825,simulation
1986-06-22,0.1054326,simulation
1986-06-23,0.08161064,simulation
1986-06-24,0.06989225,simulation
1986-06-25,0.06156652,simulation
1986-06-26,0.06809743,simulation
1986-06-27,0.012886675,simulation
1986-06-28,0.0019708963,simulation
1986-06-29,0.0021158552,simulation
1986-06-30,0.0037996594,simulation
1986-07-01,0.037856445,simulation
1986-07-02,0.0042461324,simulation
1986-07-03,0.068715565,simulation
1986-07-04,0.0892972,simulation
1986-07-05,0.06955239,simulation
1986-07-06,0.05275303,simulation
1986-07-07,0.08085739,simulation
1986-07-08,0.04210216,simulation
1986-07-09,0.096439354,simulation
1986-07-10,0.07345005,simulation
1986-07-11,0.016867287,simulation
1986-07-12,0.038417507,simulation
1986-07-13,0.10468297,simulation
1986-07-14,0.025702693,simulation
1986-07-15,0.0038357498,simulation
1986-07-16,0.0031739415,simulation
1986-07-17,0.0017366033,simulation
1986-07-18,0.063338906,simulation
1986-07-19,0.06985926,simulation
1986-07-20,0.08177311,simulation
1986-07-21,0.019439727,simulation
1986-07-22,0.003053031,simulation
1986-07-23,0.053206988,simulation
1986-07-24,0.021124465,simulation
1986-07-25,0.058036357,simulation
1986-07-26,0.065314926,simulation
1986-07-27,0.0109748645,simulation
1986-07-28,0.025916494,simulation
1986-07-29,0.1047987,simulation
1986-07-30,0.09025172,simulation
1986-07-31,0.09699263,simulation
1986-08-01,0.08339529,simulation
1986-08-02,0.0068159453,simulation
1986-08-03,0.076460235,simulation
1986-08-04,0.019501548,simulation
1986-08-05,0.03391811,simulation
1986-08-06,0.022761932,simulation
1986-08-07,0.01957685,simulation
1986-08-08,0.003521427,simulation
1986-08-09,0.047253694,simulation
1986-08-10,0.017008184,simulation
1986-08-11,0.0013135294,simulation
1986-08-12,0.01490883,simulation
1986-08-13,0.046002153,simulation
1986-08-14,0.03444275,simulation
1986-08-15,0.0133308675,simulation
1986-08-16,0.017224107,simulation
1986-08-17,0.016886797,simulation
1986-08-18,0.07143645,simulation
1986-08-19,0.07519226,simulation
1986-08-20,0.08125901,simulation
1986-08-21,0.044525757,simulation
1986-08-22,0.009365146,simulation
1986-08-23,0.0304978,simulation
1986-08-24,0.07504588,simulation
1986-08-25,0.08588625,simulation
1986-08-26,0.04089308,simulation
1986-08-27,0.006172046,simulation
1986-08-28,0.0019007555,simulation
1986-08-29,0.019287368,simulation
1986-08-30,0.014793859,simulation
1986-08-31,0.0041974457,simulation
1986-09-01,0.0017560296,simulation
1986-09-02,0.003093962,simulation
1986-09-03,0.004073798,simulation
1986-09-04,0.0036345464,simulation
1986-09-05,0.0060950797,simulation
1986-09-06,0.0031605177,simulation
1986-09-07,0.014212934,simulation
1986-09-08,0.06292007,simulation
1986-09-09,0.037071534,simulation
1986-09-10,0.0233746,simulation
1986-09-11,0.0071955197,simulation
1986-09-12,0.0016090603,simulation
1986-09-13,0.03762472,simulation
1986-09-14,0.010507099,simulation
1986-09-15,0.014516145,simulation
1986-09-16,0.017196324,simulation
1986-09-17,0.023086112,simulation
1986-09-18,0.004996835,simulation
1986-09-19,0.0058902246,simulation
1986-09-20,0.0058006705,simulation
1986-09-21,0.0019059624,simulation
1986-09-22,0.0016681267,simulation
1986-09-23,0.026139224,simulation
1986-09-24,0.018206159,simulation
1986-09-25,0.025462711,simulation
1986-09-26,0.023641786,simulation
1986-09-27,0.020381764,simulation
1986-09-28,0.030036956,simulation
1986-09-29,0.02180706,simulation
1986-09-30,0.013855297,simulation
1986-10-01,0.003737928,simulation
1986-10-02,0.005438542,simulation
1986-10-03,0.007565201,simulation
1986-10-04,0.010886102,simulation
1986-10-05,0.009074842,simulation
1986-10-06,0.0028656868,simulation
1986-10-07,0.0029788183,simulation
1986-10-08,0.0018488242,simulation
1986-10-09,0.0006985008,simulation
1986-10-10,0.0018670949,simulation
1986-10-11,0.0008632414,simulation
1986-10-12,0.00067060365,simulation
1986-10-13,0.00060968025,simulation
1986-10-14,0.002371031,simulation
1986-10-15,0.0070357556,simulation
1986-10-16,0.00958524,simulation
1986-10-17,0.0087087015,simulation
1986-10-18,0.0088961655,simulation
1986-10-19,0.011234357,simulation
1986-10-20,0.0086132,simulation
1986-10-21,0.0030029328,simulation
1986-10-22,0.0011594727,simulation
1986-10-23,0.00087197806,simulation
1986-10-24,0.0007023024,simulation
1986-10-25,0.0012151396,simulation
1986-10-26,0.0032587042,simulation
1986-10-27,0.002850391,simulation
1986-10-28,0.005706715,simulation
1986-10-29,0.0042687054,simulation
1986-10-30,0.005710998,simulation
1986-10-31,0.0040246584,simulation
1986-11-01,0.0007851773,simulation
1986-11-02,0.002368203,simulation
1986-11-03,0.0010796626,simulation
1986-11-04,0.0009360463,simulation
1986-11-05,0.000846029,simulation
1986-11-06,0.0009544221,simulation
1986-11-07,0.0011160774,simulation
1986-11-08,0.002080568,simulation
1986-11-09,0.0023034983,simulation
1986-11-10,0.0026641341,simulation
1986-11-11,0.00074403064,simulation
1986-11-12,0.0012669144,simulation
1986-11-13,0.0017348211,simulation
1986-11-14,0.00095804123,simulation
1986-11-15,0.0008948599,simulation
1986-11-16,0.000709968,simulation
1986-11-17,0.0011863711,simulation
1986-11-18,0.0009960168,simulation
1986-11-19,0.0015810526,simulation
1986-11-20,0.0026930657,simulation
1986-11-21,0.0031073736,simulation
1986-11-22,0.0006498937,simulation
1986-11-23,0.00072199584,simulation
1986-11-24,0.00059115,simulation
1986-11-25,0.00065230636,simulation
1986-11-26,0.0008524616,simulation
1986-11-27,0.00068020675,simulation
1986-11-28,0.0006122082,simulation
1986-11-29,0.00067932834,simulation
1986-11-30,0.0005933967,simulation
1986-12-01,0.0005822969,simulation
1986-12-02,0.0014553108,simulation
1986-12-03,0.0016782975,simulation
1986-12-04,0.0009642417,simulation
1986-12-05,0.0020724118,simulation
1986-12-06,0.001862311,simulation
1986-12-07,0.0008486545,simulation
1986-12-08,0.0012274088,simulation
1986-12-09,0.0006609076,simulation
1986-12-10,0.0005804923,simulation
1986-12-11,0.0006200161,simulation
1986-12-12,0.0011968096,simulation
1986-12-13,0.0009839284,simulation
1986-12-14,0.00073277287,simulation
1986-12-15,0.0005735265,simulation
1986-12-16,0.0006603386,simulation
1986-12-17,0.0005312897,simulation
1986-12-18,0.00056728016,simulation
1986-12-19,0.0007562419,simulation
1986-12-20,0.0010500096,simulation
1986-12-21,0.00085290195,simulation
1986-12-22,0.0008636131,simulation
1986-12-23,0.0005439477,simulation
1986-12-24,0.000553078,simulation
1986-12-25,0.0006822616,simulation
1986-12-26,0.00073587237,simulation
1986-12-27,0.0012083758,simulation
1986-12-28,0.00066079403,simulation
1986-12-29,0.0009544221,simulation
1986-12-30,0.0011779435,simulation
1986-12-31,0.0006562535,simulation
1987-01-01,0.0014809849,simulation
1987-01-02,0.0014732612,simulation
1987-01-03,0.0009196828,simulation
1987-01-04,0.00083899434,simulation
1987-01-05,0.0016217884,simulation
1987-01-06,0.00089647854,simulation
1987-01-07,0.0007865306,simulation
1987-01-08,0.0010938593,simulation
1987-01-09,0.00081549434,simulation
1987-01-10,0.0010363788,simulation
1987-01-11,0.0016206778,simulation
1987-01-12,0.0021839212,simulation
1987-01-13,0.00088163663,simulation
1987-01-14,0.0005511259,simulation
1987-01-15,0.00052727206,simulation
1987-01-16,0.0005567628,simulation
1987-01-17,0.00056013395,simulation
1987-01-18,0.0005320234,simulation
1987-01-19,0.0019556305,simulation
1987-01-20,0.0008009513,simulation
1987-01-21,0.0007263,simulation
1987-01-22,0.0012160793,simulation
1987-01-23,0.0023068395,simulation
1987-01-24,0.0009143179,simulation
1987-01-25,0.00058079243,simulation
1987-01-26,0.0012726919,simulation
1987-01-27,0.0017040651,simulation
1987-01-28,0.0019961467,simulation
1987-01-29,0.0017254923,simulation
1987-01-30,0.0063831024,simulation
1987-01-31,0.0014492093,simulation
1987-02-01,0.0012107649,simulation
1987-02-02,0.0007274273,simulation
1987-02-03,0.00083531917,simulation
1987-02-04,0.0008980996,simulation
1987-02-05,0.0008320893,simulation
1987-02-06,0.0005439477,simulation
1987-02-07,0.004350644,simulation
1987-02-08,0.00652546,simulation
1987-02-09,0.0044397013,simulation
1987-02-10,0.0014721255,simulation
1987-02-11,0.0017340785,simulation
1987-02-12,0.00273646,simulation
1987-02-13,0.0052234298,simulation
1987-02-14,0.0050236834,simulation
1987-02-15,0.0007489817,simulation
1987-02-16,0.0006457058,simulation
1987-02-17,0.0007174078,simulation
1987-02-18,0.0008017101,simulation
1987-02-19,0.0012429984,simulation
1987-02-20,0.0007080135,simulation
1987-02-21,0.0005665465,simulation
1987-02-22,0.0006245756,simulation
1987-02-23,0.00082205044,simulation
1987-02-24,0.00077556755,simulation
1987-02-25,0.0009335538,simulation
1987-02-26,0.0005998267,simulation
1987-02-27,0.0006033535,simulation
1987-02-28,0.003626569,simulation
1987-03-01,0.0017605424,simulation
1987-03-02,0.0051084915,simulation
1987-03-03,0.0032725374,simulation
1987-03-04,0.01309047,simulation
1987-03-05,0.006268653,simulation
1987-03-06,0.0067296447,simulation
1987-03-07,0.0009396773,simulation
1987-03-08,0.00060044747,simulation
1987-03-09,0.003864666,simulation
1987-03-10,0.0010182725,simulation
1987-03-11,0.0008215549,simulation
1987-03-12,0.0029619255,simulation
1987-03-13,0.008211981,simulation
1987-03-14,0.015495727,simulation
1987-03-15,0.001692436,simulation
1987-03-16,0.006680246,simulation
1987-03-17,0.0022292878,simulation
1987-03-18,0.005176899,simulation
1987-03-19,0.008688812,simulation
1987-03-20,0.00785937,simulation
1987-03-21,0.01973265,simulation
1987-03-22,0.0060991356,simulation
1987-03-23,0.013687085,simulation
1987-03-24,0.012358233,simulation
1987-03-25,0.003481445,simulation
1987-03-26,0.0018257281,simulation
1987-03-27,0.0017281532,simulation
1987-03-28,0.028886674,simulation
1987-03-29,0.0021106238,simulation
1987-03-30,0.000725362,simulation
1987-03-31,0.0083914315,simulation
1987-04-01,0.020968802,simulation
1987-04-02,0.0012453481,simulation
1987-04-03,0.0012073386,simulation
1987-04-04,0.01324785,simulation
1987-04-05,0.01743038,simulation
1987-04-06,0.0138815055,simulation
1987-04-07,0.00924258,simulation
1987-04-08,0.015288309,simulation
1987-04-09,0.0267476,simulation
1987-04-10,0.044042613,simulation
1987-04-11,0.013268822,simulation
1987-04-12,0.023378028,simulation
1987-04-13,0.0029624286,simulation
1987-04-14,0.039678354,simulation
1987-04-15,0.0019162535,simulation
1987-04-16,0.014826296,simulation
1987-04-17,0.028752888,simulation
1987-04-18,0.0518418,simulation
1987-04-19,0.059494827,simulation
1987-04-20,0.063238956,simulation
1987-04-21,0.068265,simulation
1987-04-22,0.0020205074,simulation
1987-04-23,0.06418552,simulation
1987-04-24,0.05827431,simulation
1987-04-25,0.06510031,simulation
1987-04-26,0.062190797,simulation
1987-04-27,0.07338029,simulation
1987-04-28,0.086152084,simulation
1987-04-29,0.0687419,simulation
1987-04-30,0.01859029,simulation
1987-05-01,0.061825592,simulation
1987-05-02,0.0022917446,simulation
1987-05-03,0.0013600935,simulation
1987-05-04,0.0026023095,simulation
1987-05-05,0.0029249422,simulation
1987-05-06,0.0014529418,simulation
1987-05-07,0.0015096941,simulation
1987-05-08,0.059226632,simulation
1987-05-09,0.016335366,simulation
1987-05-10,0.001679159,simulation
1987-05-11,0.0033093314,simulation
1987-05-12,0.0026620962,simulation
1987-05-13,0.0029775538,simulation
1987-05-14,0.0016197062,simulation
1987-05-15,0.003443072,simulation
1987-05-16,0.0050841817,simulation
1987-05-17,0.001656598,simulation
1987-05-18,0.0028786156,simulation
1987-05-19,0.0025745563,simulation
1987-05-20,0.008585793,simulation
1987-05-21,0.027540857,simulation
1987-05-22,0.016332842,simulation
1987-05-23,0.02300302,simulation
1987-05-24,0.003853269,simulation
1987-05-25,0.007378163,simulation
1987-05-26,0.049812384,simulation
1987-05-27,0.06667497,simulation
1987-05-28,0.01236512,simulation
1987-05-29,0.007212161,simulation
1987-05-30,0.010596416,simulation
1987-05-31,0.045028538,simulation
1987-06-01,0.070169635,simulation
1987-06-02,0.021742342,simulation
1987-06-03,0.01384984,simulation
1987-06-04,0.0038574988,simulation
1987-06-05,0.04895047,simulation
1987-06-06,0.08478776,simulation
1987-06-07,0.06990877,simulation
1987-06-08,0.056830842,simulation
1987-06-09,0.0069273096,simulation
1987-06-10,0.0020955426,simulation
1987-06-11,0.01167756,simulation
1987-06-12,0.0010820782,simulation
1987-06-13,0.0011426627,simulation
1987-06-14,0.003407708,simulation
1987-06-15,0.003840609,simulation
1987-06-16,0.023486348,simulation
1987-06-17,0.0032279266,simulation
1987-06-18,0.0035963499,simulation
1987-06-19,0.001405517,simulation
1987-06-20,0.009587573,simulation
1987-06-21,0.0045259628,simulation
1987-06-22,0.017421016,simulation
1987-06-23,0.046601657,simulation
1987-06-24,0.028228479,simulation
1987-06-25,0.017081646,simulation
1987-06-26,0.028192593,simulation
1987-06-27,0.047611475,simulation
1987-06-28,0.103892215,simulation
1987-06-29,0.10722578,simulation
1987-06-30,0.017277138,simulation
1987-07-01,0.0035842094,simulation
1987-07-02,0.0051881685,simulation
1987-07-03,0.020106351,simulation
1987-07-04,0.010797133,simulation
1987-07-05,0.042210754,simulation
1987-07-06,0.0087379,simulation
1987-07-07,0.0029546428,simulation
1987-07-08,0.0068697087,simulation
1987-07-09,0.011934162,simulation
1987-07-10,0.0068970253,simulation
1987-07-11,0.05150914,simulation
1987-07-12,0.08917068,simulation
1987-07-13,0.006969804,simulation
1987-07-14,0.008576674,simulation
1987-07-15,0.020390945,simulation
1987-07-16,0.10337702,simulation
1987-07-17,0.09373358,simulation
1987-07-18,0.08934583,simulation
1987-07-19,0.0661719,simulation
1987-07-20,0.08945926,simulation
1987-07-21,0.0017575326,simulation
1987-07-22,0.004800641,simulation
1987-07-23,0.01359777,simulation
1987-07-24,0.008142955,simulation
1987-07-25,0.00561844,simulation
1987-07-26,0.055703457,simulation
1987-07-27,0.089740984,simulation
1987-07-28,0.08412511,simulation
1987-07-29,0.10891477,simulation
1987-07-30,0.096280426,simulation
1987-07-31,0.08026952,simulation
1987-08-01,0.08004358,simulation
1987-08-02,0.0063899895,simulation
1987-08-03,0.03436645,simulation
1987-08-04,0.002829883,simulation
1987-08-05,0.0071913656,simulation
1987-08-06,0.0032889326,simulation
1987-08-07,0.03457945,simulation
1987-08-08,0.061145097,simulation
1987-08-09,0.040354863,simulation
1987-08-10,0.0034288259,simulation
1987-08-11,0.001984075,simulation
1987-08-12,0.0016941752,simulation
1987-08-13,0.0014950149,simulation
1987-08-14,0.0012432118,simulation
1987-08-15,0.012363153,simulation
1987-08-16,0.010119063,simulation
1987-08-17,0.0021865314,simulation
1987-08-18,0.008497116,simulation
1987-08-19,0.009380381,simulation
1987-08-20,0.07439066,simulation
1987-08-21,0.08962444,simulation
1987-08-22,0.07539855,simulation
1987-08-23,0.07997046,simulation
1987-08-24,0.09009346,simulation
1987-08-25,0.07538193,simulation
1987-08-26,0.058139633,simulation
1987-08-27,0.011965639,simulation
1987-08-28,0.013279322,simulation
1987-08-29,0.020821884,simulation
1987-08-30,0.0016072696,simulation
1987-08-31,0.0011672672,simulation
1987-09-01,0.012537462,simulation
1987-09-02,0.06961176,simulation
1987-09-03,0.07492945,simulation
1987-09-04,0.057412073,simulation
1987-09-05,0.054799408,simulation
1987-09-06,0.0029991122,simulation
1987-09-07,0.0021288998,simulation
1987-09-08,0.020039884,simulation
1987-09-09,0.026593033,simulation
1987-09-10,0.022959035,simulation
1987-09-11,0.0041044606,simulation
1987-09-12,0.0041034226,simulation
1987-09-13,0.012648541,simulation
1987-09-14,0.025773192,simulation
1987-09-15,0.007615165,simulation
1987-09-16,0.0017091776,simulation
1987-09-17,0.0021692486,simulation
1987-09-18,0.0017904668,simulation
1987-09-19,0.0010065207,simulation
1987-09-20,0.03850489,simulation
1987-09-21,0.027267931,simulation
1987-09-22,0.02541126,simulation
1987-09-23,0.025244612,simulation
1987-09-24,0.027194224,simulation
1987-09-25,0.023834653,simulation
1987-09-26,0.00600154,simulation
1987-09-27,0.006266571,simulation
1987-09-28,0.0128336325,simulation
1987-09-29,0.0010978142,simulation
1987-09-30,0.03607502,simulation
1987-10-01,0.026013635,simulation
1987-10-02,0.03386093,simulation
1987-10-03,0.03436645,simulation
1987-10-04,0.0151671795,simulation
1987-10-05,0.016869888,simulation
1987-10-06,0.02263632,simulation
1987-10-07,0.018429631,simulation
1987-10-08,0.013822592,simulation
1987-10-09,0.011364845,simulation
1987-10-10,0.018698068,simulation
1987-10-11,0.019182485,simulation
1987-10-12,0.012726124,simulation
1987-10-13,0.014059607,simulation
1987-10-14,0.014477501,simulation
1987-10-15,0.0066388873,simulation
1987-10-16,0.007124614,simulation
1987-10-17,0.008193163,simulation
1987-10-18,0.005978121,simulation
1987-10-19,0.0025171326,simulation
1987-10-20,0.0013652365,simulation
1987-10-21,0.012130956,simulation
1987-10-22,0.0067035146,simulation
1987-10-23,0.0065928567,simulation
1987-10-24,0.0012256183,simulation
1987-10-25,0.0012678938,simulation
1987-10-26,0.00090554915,simulation
1987-10-27,0.0070508793,simulation
1987-10-28,0.0074379737,simulation
1987-10-29,0.0070282044,simulation
1987-10-30,0.012313056,simulation
1987-10-31,0.010190483,simulation
1987-11-01,0.0099116005,simulation
1987-11-02,0.008804478,simulation
1987-11-03,0.0051539987,simulation
1987-11-04,0.0010598941,simulation
1987-11-05,0.019037634,simulation
1987-11-06,0.015135262,simulation
1987-11-07,0.008275457,simulation
1987-11-08,0.0014555595,simulation
1987-11-09,0.0007602256,simulation
1987-11-10,0.00079648104,simulation
1987-11-11,0.0038183075,simulation
1987-11-12,0.0030070124,simulation
1987-11-13,0.0010907615,simulation
1987-11-14,0.0028474873,simulation
1987-11-15,0.0021807556,simulation
1987-11-16,0.0013579943,simulation
1987-11-17,0.0021290812,simulation
1987-11-18,0.0013318021,simulation
1987-11-19,0.001728449,simulation
1987-11-20,0.00496513,simulation
1987-11-21,0.0028938137,simulation
1987-11-22,0.0051251897,simulation
1987-11-23,0.006086474,simulation
1987-11-24,0.0016601478,simulation
1987-11-25,0.002522924,simulation
1987-11-26,0.0008871158,simulation
1987-11-27,0.0005573874,simulation
1987-11-28,0.0015934252,simulation
1987-11-29,0.0013344331,simulation
1987-11-30,0.001592197,simulation
1987-12-01,0.0023417096,simulation
1987-12-02,0.0019123269,simulation
1987-12-03,0.0011890229,simulation
1987-12-04,0.0055116657,simulation
1987-12-05,0.0017635582,simulation
1987-12-06,0.0015532611,simulation
1987-12-07,0.0013854103,simulation
1987-12-08,0.00078524515,simulation
1987-12-09,0.00078999257,simulation
1987-12-10,0.0021930707,simulation
1987-12-11,0.0013370692,simulation
1987-12-12,0.002179453,simulation
1987-12-13,0.002056019,simulation
1987-12-14,0.0013107144,simulation
1987-12-15,0.0021788958,simulation
1987-12-16,0.0024353198,simulation
1987-12-17,0.0017557291,simulation
1987-12-18,0.00087167806,simulation
1987-12-19,0.0013506748,simulation
1987-12-20,0.0013303179,simulation
1987-12-21,0.00049650314,simulation
1987-12-22,0.0010216051,simulation
1987-12-23,0.0021668435,simulation
1987-12-24,0.00090570503,simulation
1987-12-25,0.0011590745,simulation
1987-12-26,0.0005464873,simulation
1987-12-27,0.00055317313,simulation
1987-12-28,0.0012037153,simulation
1987-12-29,0.0012571644,simulation
1987-12-30,0.0008946291,simulation
1987-12-31,0.0006673177,simulation
1988-01-01,0.00057051773,simulation
1988-01-02,0.0011754169,simulation
1988-01-03,0.00067483593,simulation
1988-01-04,0.0010203758,simulation
1988-01-05,0.0014001032,simulation
1988-01-06,0.0012880774,simulation
1988-01-07,0.0005312897,simulation
1988-01-08,0.000513758,simulation
1988-01-09,0.00053881167,simulation
1988-01-10,0.00089678704,simulation
1988-01-11,0.0014433812,simulation
1988-01-12,0.0009091405,simulation
1988-01-13,0.002216016,simulation
1988-01-14,0.0012833325,simulation
1988-01-15,0.0018768576,simulation
1988-01-16,0.0011132038,simulation
1988-01-17,0.00066967966,simulation
1988-01-18,0.000553221,simulation
1988-01-19,0.00091746973,simulation
1988-01-20,0.0015889273,simulation
1988-01-21,0.0009851137,simulation
1988-01-22,0.0015761838,simulation
1988-01-23,0.0026650417,simulation
1988-01-24,0.0007108861,simulation
1988-01-25,0.001814985,simulation
1988-01-26,0.0015246462,simulation
1988-01-27,0.0018129675,simulation
1988-01-28,0.0029009494,simulation
1988-01-29,0.0014375763,simulation
1988-01-30,0.002129627,simulation
1988-01-31,0.00081992976,simulation
1988-02-01,0.00066933385,simulation
1988-02-02,0.00059314084,simulation
1988-02-03,0.0005426358,simulation
1988-02-04,0.00075098424,simulation
1988-02-05,0.0011562901,simulation
1988-02-06,0.0026577974,simulation
1988-02-07,0.0007795852,simulation
1988-02-08,0.0013430482,simulation
1988-02-09,0.0011088122,simulation
1988-02-10,0.003625343,simulation
1988-02-11,0.00059668015,simulation
1988-02-12,0.001983736,simulation
1988-02-13,0.0033003737,simulation
1988-02-14,0.001289626,simulation
1988-02-15,0.00100782,simulation
1988-02-16,0.0035627603,simulation
1988-02-17,0.0014762951,simulation
1988-02-18,0.00060205447,simulation
1988-02-19,0.0006894122,simulation
1988-02-20,0.001346394,simulation
1988-02-21,0.003530372,simulation
1988-02-22,0.013387886,simulation
1988-02-23,0.0014037105,simulation
1988-02-24,0.0058050198,simulation
1988-02-25,0.0050337897,simulation
1988-02-26,0.003084529,simulation
1988-02-27,0.0009481213,simulation
1988-02-28,0.0090704085,simulation
1988-02-29,0.004691168,simulation
1988-03-01,0.0040450627,simulation
1988-03-02,0.0015091767,simulation
1988-03-03,0.001482128,simulation
1988-03-04,0.00089617,simulation
1988-03-05,0.0010604414,simulation
1988-03-06,0.003933741,simulation
1988-03-07,0.008587196,simulation
1988-03-08,0.0007370144,simulation
1988-03-09,0.0007723018,simulation
1988-03-10,0.0042258105,simulation
1988-03-11,0.016048219,simulation
1988-03-12,0.0009750829,simulation
1988-03-13,0.0139703015,simulation
1988-03-14,0.009976003,simulation
1988-03-15,0.0072965184,simulation
1988-03-16,0.008380449,simulation
1988-03-17,0.009630459,simulation
1988-03-18,0.0006192148,simulation
1988-03-19,0.008327117,simulation
1988-03-20,0.019981124,simulation
1988-03-21,0.029465787,simulation
1988-03-22,0.020637145,simulation
1988-03-23,0.0044132825,simulation
1988-03-24,0.009675879,simulation
1988-03-25,0.00071223464,simulation
1988-03-26,0.011799562,simulation
1988-03-27,0.026380483,simulation
1988-03-28,0.0048353802,simulation
1988-03-29,0.0034192633,simulation
1988-03-30,0.0005904366,simulation
1988-03-31,0.0007884291,simulation
1988-04-01,0.0038630362,simulation
1988-04-02,0.0010395915,simulation
1988-04-03,0.0012041288,simulation
1988-04-04,0.02070684,simulation
1988-04-05,0.049286168,simulation
1988-04-06,0.061876792,simulation
1988-04-07,0.05016873,simulation
1988-04-08,0.023657376,simulation
1988-04-09,0.0020239619,simulation
1988-04-10,0.0022270072,simulation
1988-04-11,0.0007236772,simulation
1988-04-12,0.006851554,simulation
1988-04-13,0.036548026,simulation
1988-04-14,0.02795422,simulation
1988-04-15,0.031409416,simulation
1988-04-16,0.008988016,simulation
1988-04-17,0.010110881,simulation
1988-04-18,0.0018370048,simulation
1988-04-19,0.0049993456,simulation
1988-04-20,0.03936569,simulation
1988-04-21,0.0033329558,simulation
1988-04-22,0.0010122496,simulation
1988-04-23,0.0009802962,simulation
1988-04-24,0.07075467,simulation
1988-04-25,0.0021336293,simulation
1988-04-26,0.05117162,simulation
1988-04-27,0.053523738,simulation
1988-04-28,0.024502885,simulation
1988-04-29,0.0037287844,simulation
1988-04-30,0.0013669946,simulation
1988-05-01,0.051012136,simulation
1988-05-02,0.066622674,simulation
1988-05-03,0.030671716,simulation
1988-05-04,0.033295233,simulation
1988-05-05,0.0645095,simulation
1988-05-06,0.027445095,simulation
1988-05-07,0.0026630021,simulation
1988-05-08,0.006836837,simulation
1988-05-09,0.011840174,simulation
1988-05-10,0.04615862,simulation
1988-05-11,0.027238825,simulation
1988-05-12,0.0014332685,simulation
1988-05-13,0.05167236,simulation
1988-05-14,0.05832444,simulation
1988-05-15,0.052732028,simulation
1988-05-16,0.022637993,simulation
1988-05-17,0.10187202,simulation
1988-05-18,0.08417791,simulation
1988-05-19,0.07008047,simulation
1988-05-20,0.050526373,simulation
1988-05-21,0.006219913,simulation
1988-05-22,0.0042687054,simulation
1988-05-23,0.022851046,simulation
1988-05-24,0.001448464,simulation
1988-05-25,0.018584633,simulation
1988-05-26,0.093910985,simulation
1988-05-27,0.08883629,simulation
1988-05-28,0.09608387,simulation
1988-05-29,0.10530906,simulation
1988-05-30,0.09642066,simulation
1988-05-31,0.079242356,simulation
1988-06-01,0.06156012,simulation
1988-06-02,0.014123866,simulation
1988-06-03,0.007784189,simulation
1988-06-04,0.018946858,simulation
1988-06-05,0.015022249,simulation
1988-06-06,0.010425207,simulation
1988-06-07,0.0049439645,simulation
1988-06-08,0.1071414,simulation
1988-06-09,0.01112578,simulation
1988-06-10,0.12072997,simulation
1988-06-11,0.099438846,simulation
1988-06-12,0.089475445,simulation
1988-06-13,0.10948517,simulation
1988-06-14,0.09030982,simulation
1988-06-15,0.096111976,simulation
1988-06-16,0.07087375,simulation
1988-06-17,0.02257457,simulation
1988-06-18,0.004399944,simulation
1988-06-19,0.008339396,simulation
1988-06-20,0.08361337,simulation
1988-06-21,0.07301168,simulation
1988-06-22,0.0040762015,simulation
1988-06-23,0.003744563,simulation
1988-06-24,0.00831213,simulation
1988-06-25,0.0096908,simulation
1988-06-26,0.011905609,simulation
1988-06-27,0.06605768,simulation
1988-06-28,0.13717678,simulation
1988-06-29,0.034424245,simulation
1988-06-30,0.010842404,simulation
1988-07-01,0.02551609,simulation
1988-07-02,0.0302236,simulation
1988-07-03,0.010697632,simulation
1988-07-04,0.010280622,simulation
1988-07-05,0.0014948873,simulation
1988-07-06,0.0018296352,simulation
1988-07-07,0.0038396362,simulation
1988-07-08,0.006240609,simulation
1988-07-09,0.0049431357,simulation
1988-07-10,0.002462645,simulation
1988-07-11,0.0072264527,simulation
1988-07-12,0.02627471,simulation
1988-07-13,0.004297176,simulation
1988-07-14,0.03446821,simulation
1988-07-15,0.06519783,simulation
1988-07-16,0.013304545,simulation
1988-07-17,0.005237862,simulation
1988-07-18,0.006893035,simulation
1988-07-19,0.013358294,simulation
1988-07-20,0.021847587,simulation
1988-07-21,0.0021243617,simulation
1988-07-22,0.0038102588,simulation
1988-07-23,0.05758661,simulation
1988-07-24,0.086178325,simulation
1988-07-25,0.009957449,simulation
1988-07-26,0.0025302377,simulation
1988-07-27,0.020447655,simulation
1988-07-28,0.050116066,simulation
1988-07-29,0.024672745,simulation
1988-07-30,0.023991982,simulation
1988-07-31,0.04967546,simulation
1988-08-01,0.029824127,simulation
1988-08-02,0.048443474,simulation
1988-08-03,0.040221017,simulation
1988-08-04,0.018745037,simulation
1988-08-05,0.005518108,simulation
1988-08-06,0.0040830765,simulation
1988-08-07,0.0045945193,simulation
1988-08-08,0.033306517,simulation
1988-08-09,0.0030589937,simulation
1988-08-10,0.008086405,simulation
1988-08-11,0.023189904,simulation
1988-08-12,0.012765583,simulation
1988-08-13,0.05450053,simulation
1988-08-14,0.06678943,simulation
1988-08-15,0.046320967,simulation
1988-08-16,0.013120564,simulation
1988-08-17,0.01164957,simulation
1988-08-18,0.0226263,simulation
1988-08-19,0.00518123,simulation
1988-08-20,0.005355159,simulation
1988-08-21,0.0008292288,simulation
1988-08-22,0.0037645365,simulation
1988-08-23,0.0024683143,simulation
1988-08-24,0.0027192982,simulation
1988-08-25,0.08700718,simulation
1988-08-26,0.07069183,simulation
1988-08-27,0.058694746,simulation
1988-08-28,0.029459601,simulation
1988-08-29,0.009009284,simulation
1988-08-30,0.0058287573,simulation
1988-08-31,0.022713294,simulation
1988-09-01,0.0017861836,simulation
1988-09-02,0.0014184735,simulation
1988-09-03,0.0008216256,simulation
1988-09-04,0.0020255186,simulation
1988-09-05,0.032491714,simulation
1988-09-06,0.06301665,simulation
1988-09-07,0.04964053,simulation
1988-09-08,0.030788777,simulation
1988-09-09,0.018511219,simulation
1988-09-10,0.0026120709,simulation
1988-09-11,0.0051119123,simulation
1988-09-12,0.0048932745,simulation
1988-09-13,0.009873146,simulation
1988-09-14,0.03177226,simulation
1988-09-15,0.0016665561,simulation
1988-09-16,0.0009164444,simulation
1988-09-17,0.001513451,simulation
1988-09-18,0.0027859807,simulation
1988-09-19,0.004571811,simulation
1988-09-20,0.008833261,simulation
1988-09-21,0.006211136,simulation
1988-09-22,0.024922999,simulation
1988-09-23,0.01752021,simulation
1988-09-24,0.0058176033,simulation
1988-09-25,0.0031490165,simulation
1988-09-26,0.016601374,simulation
1988-09-27,0.004250066,simulation
1988-09-28,0.0026187461,simulation
1988-09-29,0.0016737056,simulation
1988-09-30,0.0032883757,simulation
