time,gate_remember,phase
1948-10-01,0.9781605,spinup1
1948-10-02,0.9824717,spinup1
1948-10-03,0.98220927,spinup1
1948-10-04,0.97512394,spinup1
1948-10-05,0.99431986,spinup1
1948-10-06,0.9902184,spinup1
1948-10-07,0.9983526,spinup1
1948-10-08,0.9765188,spinup1
1948-10-09,0.98289996,spinup1
1948-10-10,0.9967933,spinup1
1948-10-11,0.9991423,spinup1
1948-10-12,0.9819392,spinup1
1948-10-13,0.9826364,spinup1
1948-10-14,0.99481446,spinup1
1948-10-15,0.9913861,spinup1
1948-10-16,0.9908517,spinup1
1948-10-17,0.99847394,spinup1
1948-10-18,0.989148,spinup1
1948-10-19,0.9908963,spinup1
1948-10-20,0.9954877,spinup1
1948-10-21,0.9925528,spinup1
1948-10-22,0.99569124,spinup1
1948-10-23,0.993048,spinup1
1948-10-24,0.9981999,spinup1
1948-10-25,0.9977998,spinup1
1948-10-26,0.997781,spinup1
1948-10-27,0.99506307,spinup1
1948-10-28,0.9914072,spinup1
1948-10-29,0.99107695,spinup1
1948-10-30,0.99689734,spinup1
1948-10-31,0.99853414,spinup1
1948-11-01,0.99927926,spinup1
1948-11-02,0.9932133,spinup1
1948-11-03,0.99898845,spinup1
1948-11-04,0.99649787,spinup1
1948-11-05,0.99884933,spinup1
1948-11-06,0.99427134,spinup1
1948-11-07,0.99622655,spinup1
1948-11-08,0.99752814,spinup1
1948-11-09,0.999182,spinup1
1948-11-10,0.9959811,spinup1
1948-11-11,0.998323,spinup1
1948-11-12,0.99858236,spinup1
1948-11-13,0.99891925,spinup1
1948-11-14,0.9990696,spinup1
1948-11-15,0.9985219,spinup1
1948-11-16,0.99937975,spinup1
1948-11-17,0.99840605,spinup1
1948-11-18,0.99918586,spinup1
1948-11-19,0.9970014,spinup1
1948-11-20,0.9949679,spinup1
1948-11-21,0.99901164,spinup1
1948-11-22,0.9993536,spinup1
1948-11-23,0.99932665,spinup1
1948-11-24,0.9976949,spinup1
1948-11-25,0.9966447,spinup1
1948-11-26,0.9994151,spinup1
1948-11-27,0.99946344,spinup1
1948-11-28,0.9992637,spinup1
1948-11-29,0.998436,spinup1
1948-11-30,0.9981348,spinup1
1948-12-01,0.99772483,spinup1
1948-12-02,0.999063,spinup1
1948-12-03,0.9975237,spinup1
1948-12-04,0.9990181,spinup1
1948-12-05,0.9990386,spinup1
1948-12-06,0.9978036,spinup1
1948-12-07,0.99964267,spinup1
1948-12-08,0.9978474,spinup1
1948-12-09,0.9971353,spinup1
1948-12-10,0.9977727,spinup1
1948-12-11,0.9980234,spinup1
1948-12-12,0.99916905,spinup1
1948-12-13,0.9994338,spinup1
1948-12-14,0.99927527,spinup1
1948-12-15,0.998856,spinup1
1948-12-16,0.9994408,spinup1
1948-12-17,0.99932784,spinup1
1948-12-18,0.999756,spinup1
1948-12-19,0.9991607,spinup1
1948-12-20,0.9981161,spinup1
1948-12-21,0.99883443,spinup1
1948-12-22,0.9989773,spinup1
1948-12-23,0.99878925,spinup1
1948-12-24,0.9991051,spinup1
1948-12-25,0.99920696,spinup1
1948-12-26,0.99920756,spinup1
1948-12-27,0.99902654,spinup1
1948-12-28,0.9990039,spinup1
1948-12-29,0.9991322,spinup1
1948-12-30,0.9987001,spinup1
1948-12-31,0.99854624,spinup1
1949-01-01,0.9988037,spinup1
1949-01-02,0.99896467,spinup1
1949-01-03,0.99913776,spinup1
1949-01-04,0.99923325,spinup1
1949-01-05,0.9991373,spinup1
1949-01-06,0.99835026,spinup1
1949-01-07,0.9987327,spinup1
1949-01-08,0.99828565,spinup1
1949-01-09,0.9973042,spinup1
1949-01-10,0.9967057,spinup1
1949-01-11,0.9980334,spinup1
1949-01-12,0.99890363,spinup1
1949-01-13,0.99908495,spinup1
1949-01-14,0.9989061,spinup1
1949-01-15,0.99724483,spinup1
1949-01-16,0.9980907,spinup1
1949-01-17,0.99953616,spinup1
1949-01-18,0.9986624,spinup1
1949-01-19,0.99842745,spinup1
1949-01-20,0.9982851,spinup1
1949-01-21,0.9989776,spinup1
1949-01-22,0.9974522,spinup1
1949-01-23,0.9955297,spinup1
1949-01-24,0.99568075,spinup1
1949-01-25,0.9962499,spinup1
1949-01-26,0.9964356,spinup1
1949-01-27,0.9949458,spinup1
1949-01-28,0.9946114,spinup1
1949-01-29,0.99570525,spinup1
1949-01-30,0.996728,spinup1
1949-01-31,0.9927442,spinup1
1949-02-01,0.9936524,spinup1
1949-02-02,0.99269676,spinup1
1949-02-03,0.9951146,spinup1
1949-02-04,0.9946583,spinup1
1949-02-05,0.99452376,spinup1
1949-02-06,0.9952337,spinup1
1949-02-07,0.9948925,spinup1
1949-02-08,0.9959562,spinup1
1949-02-09,0.99250203,spinup1
1949-02-10,0.984135,spinup1
1949-02-11,0.98828727,spinup1
1949-02-12,0.989647,spinup1
1949-02-13,0.99324524,spinup1
1949-02-14,0.9940079,spinup1
1949-02-15,0.99494416,spinup1
1949-02-16,0.9842545,spinup1
1949-02-17,0.98141265,spinup1
1949-02-18,0.9873362,spinup1
1949-02-19,0.9860651,spinup1
1949-02-20,0.98843586,spinup1
1949-02-21,0.9912888,spinup1
1949-02-22,0.9922389,spinup1
1949-02-23,0.99215597,spinup1
1949-02-24,0.99432427,spinup1
1949-02-25,0.99144804,spinup1
1949-02-26,0.9949355,spinup1
1949-02-27,0.994236,spinup1
1949-02-28,0.9912545,spinup1
1949-03-01,0.99308425,spinup1
1949-03-02,0.994007,spinup1
1949-03-03,0.9936612,spinup1
1949-03-04,0.9934393,spinup1
1949-03-05,0.9963215,spinup1
1949-03-06,0.9971757,spinup1
1949-03-07,0.99434066,spinup1
1949-03-08,0.9943912,spinup1
1949-03-09,0.99727464,spinup1
1949-03-10,0.9932188,spinup1
1949-03-11,0.9937218,spinup1
1949-03-12,0.99557954,spinup1
1949-03-13,0.997275,spinup1
1949-03-14,0.9967726,spinup1
1949-03-15,0.99183625,spinup1
1949-03-16,0.99325085,spinup1
1949-03-17,0.9950515,spinup1
1949-03-18,0.99572563,spinup1
1949-03-19,0.9938663,spinup1
1949-03-20,0.99196434,spinup1
1949-03-21,0.9953886,spinup1
1949-03-22,0.9823912,spinup1
1949-03-23,0.9882562,spinup1
1949-03-24,0.99135804,spinup1
1949-03-25,0.9916609,spinup1
1949-03-26,0.9920846,spinup1
1949-03-27,0.99458855,spinup1
1949-03-28,0.98524034,spinup1
1949-03-29,0.9860475,spinup1
1949-03-30,0.9868586,spinup1
1949-03-31,0.95895624,spinup1
1949-04-01,0.96458995,spinup1
1949-04-02,0.9783327,spinup1
1949-04-03,0.9841819,spinup1
1949-04-04,0.9882206,spinup1
1949-04-05,0.98922044,spinup1
1949-04-06,0.9857556,spinup1
1949-04-07,0.9874363,spinup1
1949-04-08,0.99295783,spinup1
1949-04-09,0.9950258,spinup1
1949-04-10,0.9963762,spinup1
1949-04-11,0.9921626,spinup1
1949-04-12,0.9933708,spinup1
1949-04-13,0.9879157,spinup1
1949-04-14,0.9882852,spinup1
1949-04-15,0.9910689,spinup1
1949-04-16,0.9900156,spinup1
1949-04-17,0.99029595,spinup1
1949-04-18,0.9898375,spinup1
1949-04-19,0.9933766,spinup1
1949-04-20,0.99755454,spinup1
1949-04-21,0.99781483,spinup1
1949-04-22,0.9978274,spinup1
1949-04-23,0.9957969,spinup1
1949-04-24,0.99310184,spinup1
1949-04-25,0.99045455,spinup1
1949-04-26,0.9959993,spinup1
1949-04-27,0.9975535,spinup1
1949-04-28,0.9957516,spinup1
1949-04-29,0.99524593,spinup1
1949-04-30,0.9945592,spinup1
1949-05-01,0.9930976,spinup1
1949-05-02,0.977946,spinup1
1949-05-03,0.97729915,spinup1
1949-05-04,0.9827378,spinup1
1949-05-05,0.98554564,spinup1
1949-05-06,0.9862576,spinup1
1949-05-07,0.98883355,spinup1
1949-05-08,0.98889923,spinup1
1949-05-09,0.9934154,spinup1
1949-05-10,0.9930005,spinup1
1949-05-11,0.9899371,spinup1
1949-05-12,0.99173945,spinup1
1949-05-13,0.99006546,spinup1
1949-05-14,0.9907108,spinup1
1949-05-15,0.9902737,spinup1
1949-05-16,0.98992467,spinup1
1949-05-17,0.9910279,spinup1
1949-05-18,0.99123955,spinup1
1949-05-19,0.99005324,spinup1
1949-05-20,0.9943763,spinup1
1949-05-21,0.99481,spinup1
1949-05-22,0.9929418,spinup1
1949-05-23,0.99509275,spinup1
1949-05-24,0.9936748,spinup1
1949-05-25,0.99008065,spinup1
1949-05-26,0.9969956,spinup1
1949-05-27,0.99311006,spinup1
1949-05-28,0.99880105,spinup1
1949-05-29,0.9985028,spinup1
1949-05-30,0.9957871,spinup1
1949-05-31,0.99694353,spinup1
1949-06-01,0.99386466,spinup1
1949-06-02,0.9891232,spinup1
1949-06-03,0.9886311,spinup1
1949-06-04,0.98968244,spinup1
1949-06-05,0.9890039,spinup1
1949-06-06,0.98868024,spinup1
1949-06-07,0.9900319,spinup1
1949-06-08,0.9939624,spinup1
1949-06-09,0.9931696,spinup1
1949-06-10,0.9971596,spinup1
1949-06-11,0.9975222,spinup1
1949-06-12,0.9968435,spinup1
1949-06-13,0.9944639,spinup1
1949-06-14,0.9958387,spinup1
1949-06-15,0.9954804,spinup1
1949-06-16,0.98775804,spinup1
1949-06-17,0.98863256,spinup1
1949-06-18,0.9926717,spinup1
1949-06-19,0.99577665,spinup1
1949-06-20,0.99190944,spinup1
1949-06-21,0.99552613,spinup1
1949-06-22,0.993867,spinup1
1949-06-23,0.9938333,spinup1
1949-06-24,0.99523497,spinup1
1949-06-25,0.991609,spinup1
1949-06-26,0.9908797,spinup1
1949-06-27,0.99151,spinup1
1949-06-28,0.99124837,spinup1
1949-06-29,0.9914728,spinup1
1949-06-30,0.99404126,spinup1
1949-07-01,0.9922892,spinup1
1949-07-02,0.9922995,spinup1
1949-07-03,0.9974489,spinup1
1949-07-04,0.99272823,spinup1
1949-07-05,0.99115336,spinup1
1949-07-06,0.99087465,spinup1
1949-07-07,0.9913283,spinup1
1949-07-08,0.992255,spinup1
1949-07-09,0.9906296,spinup1
1949-07-10,0.9948879,spinup1
1949-07-11,0.99551,spinup1
1949-07-12,0.995295,spinup1
1949-07-13,0.9952886,spinup1
1949-07-14,0.99522185,spinup1
1949-07-15,0.9981656,spinup1
1949-07-16,0.9975007,spinup1
1949-07-17,0.99425805,spinup1
1949-07-18,0.99071205,spinup1
1949-07-19,0.99030954,spinup1
1949-07-20,0.9896705,spinup1
1949-07-21,0.99323624,spinup1
1949-07-22,0.992906,spinup1
1949-07-23,0.99617875,spinup1
1949-07-24,0.9915103,spinup1
1949-07-25,0.9795251,spinup1
1949-07-26,0.97966754,spinup1
1949-07-27,0.9879762,spinup1
1949-07-28,0.98610574,spinup1
1949-07-29,0.9862729,spinup1
1949-07-30,0.9895464,spinup1
1949-07-31,0.9890091,spinup1
1949-08-01,0.9918233,spinup1
1949-08-02,0.9879063,spinup1
1949-08-03,0.98798066,spinup1
1949-08-04,0.9906751,spinup1
1949-08-05,0.99199027,spinup1
1949-08-06,0.9914371,spinup1
1949-08-07,0.99326867,spinup1
1949-08-08,0.99188477,spinup1
1949-08-09,0.9910675,spinup1
1949-08-10,0.98994565,spinup1
1949-08-11,0.9902252,spinup1
1949-08-12,0.99168134,spinup1
1949-08-13,0.9935035,spinup1
1949-08-14,0.9920158,spinup1
1949-08-15,0.99305415,spinup1
1949-08-16,0.9953493,spinup1
1949-08-17,0.9949463,spinup1
1949-08-18,0.99382794,spinup1
1949-08-19,0.99231076,spinup1
1949-08-20,0.99008346,spinup1
1949-08-21,0.9947718,spinup1
1949-08-22,0.99421245,spinup1
1949-08-23,0.99463093,spinup1
1949-08-24,0.99365664,spinup1
1949-08-25,0.9926358,spinup1
1949-08-26,0.9935583,spinup1
1949-08-27,0.99097127,spinup1
1949-08-28,0.99079466,spinup1
1949-08-29,0.99175644,spinup1
1949-08-30,0.9926781,spinup1
1949-08-31,0.993971,spinup1
1949-09-01,0.99267584,spinup1
1949-09-02,0.99009085,spinup1
1949-09-03,0.9963167,spinup1
1949-09-04,0.9986929,spinup1
1949-09-05,0.9926588,spinup1
1949-09-06,0.9947276,spinup1
1949-09-07,0.99028206,spinup1
1949-09-08,0.9912804,spinup1
1949-09-09,0.9923736,spinup1
1949-09-10,0.9905521,spinup1
1949-09-11,0.99480414,spinup1
1949-09-12,0.99187946,spinup1
1949-09-13,0.99717796,spinup1
1949-09-14,0.99454963,spinup1
1949-09-15,0.99434143,spinup1
1949-09-16,0.99315923,spinup1
1949-09-17,0.9947835,spinup1
1949-09-18,0.9952626,spinup1
1949-09-19,0.99417746,spinup1
1949-09-20,0.99158853,spinup1
1949-09-21,0.9959387,spinup1
1949-09-22,0.9973369,spinup1
1949-09-23,0.9911533,spinup1
1949-09-24,0.9921884,spinup1
1949-09-25,0.9934688,spinup1
1949-09-26,0.99234164,spinup1
1949-09-27,0.99667144,spinup1
1949-09-28,0.9942803,spinup1
1949-09-29,0.992154,spinup1
1949-09-30,0.9926279,spinup1
1948-10-01,0.992784,spinup2
1948-10-02,0.9932308,spinup2
1948-10-03,0.99320585,spinup2
1948-10-04,0.9925219,spinup2
1948-10-05,0.9953571,spinup2
1948-10-06,0.99434423,spinup2
1948-10-07,0.99819505,spinup2
1948-10-08,0.9926005,spinup2
1948-10-09,0.99322796,spinup2
1948-10-10,0.9966764,spinup2
1948-10-11,0.9989698,spinup2
1948-10-12,0.99315214,spinup2
1948-10-13,0.99324524,spinup2
1948-10-14,0.9954991,spinup2
1948-10-15,0.9945839,spinup2
1948-10-16,0.99447584,spinup2
1948-10-17,0.99826825,spinup2
1948-10-18,0.9941558,spinup2
1948-10-19,0.9944846,spinup2
1948-10-20,0.99577856,spinup2
1948-10-21,0.9948535,spinup2
1948-10-22,0.9958621,spinup2
1948-10-23,0.99497056,spinup2
1948-10-24,0.99807686,spinup2
1948-10-25,0.99767864,spinup2
1948-10-26,0.99766505,spinup2
1948-10-27,0.99559563,spinup2
1948-10-28,0.99453706,spinup2
1948-10-29,0.9944482,spinup2
1948-10-30,0.9968171,spinup2
1948-10-31,0.99845874,spinup2
1948-11-01,0.999201,spinup2
1948-11-02,0.99498683,spinup2
1948-11-03,0.9988944,spinup2
1948-11-04,0.9964052,spinup2
1948-11-05,0.9987631,spinup2
1948-11-06,0.99533546,spinup2
1948-11-07,0.9960964,spinup2
1948-11-08,0.9973287,spinup2
1948-11-09,0.9989932,spinup2
1948-11-10,0.99588734,spinup2
1948-11-11,0.9979467,spinup2
1948-11-12,0.99822193,spinup2
1948-11-13,0.9985677,spinup2
1948-11-14,0.9987275,spinup2
1948-11-15,0.99818796,spinup2
1948-11-16,0.999209,spinup2
1948-11-17,0.9967521,spinup2
1948-11-18,0.9976576,spinup2
1948-11-19,0.9911321,spinup2
1948-11-20,0.988633,spinup2
1948-11-21,0.993079,spinup2
1948-11-22,0.987199,spinup2
1948-11-23,0.98910373,spinup2
1948-11-24,0.98726285,spinup2
1948-11-25,0.98912716,spinup2
1948-11-26,0.9935585,spinup2
1948-11-27,0.96882737,spinup2
1948-11-28,0.97106266,spinup2
1948-11-29,0.9646109,spinup2
1948-11-30,0.97304505,spinup2
1948-12-01,0.98078126,spinup2
1948-12-02,0.98729736,spinup2
1948-12-03,0.98837584,spinup2
1948-12-04,0.9917536,spinup2
1948-12-05,0.9930512,spinup2
1948-12-06,0.9911226,spinup2
1948-12-07,0.99435306,spinup2
1948-12-08,0.9916367,spinup2
1948-12-09,0.992107,spinup2
1948-12-10,0.9935744,spinup2
1948-12-11,0.9944378,spinup2
1948-12-12,0.9960433,spinup2
1948-12-13,0.99677867,spinup2
1948-12-14,0.9967034,spinup2
1948-12-15,0.9963287,spinup2
1948-12-16,0.99726653,spinup2
1948-12-17,0.9946993,spinup2
1948-12-18,0.9955875,spinup2
1948-12-19,0.99382925,spinup2
1948-12-20,0.993404,spinup2
1948-12-21,0.9948232,spinup2
1948-12-22,0.9954456,spinup2
1948-12-23,0.9956331,spinup2
1948-12-24,0.99627197,spinup2
1948-12-25,0.99638337,spinup2
1948-12-26,0.99439466,spinup2
1948-12-27,0.9948288,spinup2
1948-12-28,0.995307,spinup2
1948-12-29,0.99538106,spinup2
1948-12-30,0.9921605,spinup2
1948-12-31,0.9931195,spinup2
1949-01-01,0.99421006,spinup2
1949-01-02,0.9949786,spinup2
1949-01-03,0.9956161,spinup2
1949-01-04,0.9951304,spinup2
1949-01-05,0.9807929,spinup2
1949-01-06,0.979936,spinup2
1949-01-07,0.9859791,spinup2
1949-01-08,0.98881984,spinup2
1949-01-09,0.98998207,spinup2
1949-01-10,0.99111754,spinup2
1949-01-11,0.9934105,spinup2
1949-01-12,0.99499065,spinup2
1949-01-13,0.9957215,spinup2
1949-01-14,0.99582034,spinup2
1949-01-15,0.9944782,spinup2
1949-01-16,0.99569225,spinup2
1949-01-17,0.997118,spinup2
1949-01-18,0.9946648,spinup2
1949-01-19,0.99230266,spinup2
1949-01-20,0.9932755,spinup2
1949-01-21,0.9943437,spinup2
1949-01-22,0.98759085,spinup2
1949-01-23,0.9858885,spinup2
1949-01-24,0.9889758,spinup2
1949-01-25,0.99097526,spinup2
1949-01-26,0.99210876,spinup2
1949-01-27,0.9904551,spinup2
1949-01-28,0.9911746,spinup2
1949-01-29,0.9931469,spinup2
1949-01-30,0.9947321,spinup2
1949-01-31,0.9891533,spinup2
1949-02-01,0.9912126,spinup2
1949-02-02,0.9909495,spinup2
1949-02-03,0.9938653,spinup2
1949-02-04,0.99343365,spinup2
1949-02-05,0.9934849,spinup2
1949-02-06,0.994445,spinup2
1949-02-07,0.99425167,spinup2
1949-02-08,0.9954547,spinup2
1949-02-09,0.99171996,spinup2
1949-02-10,0.98323137,spinup2
1949-02-11,0.98775476,spinup2
1949-02-12,0.989307,spinup2
1949-02-13,0.99300903,spinup2
1949-02-14,0.9938298,spinup2
1949-02-15,0.9948058,spinup2
1949-02-16,0.9839227,spinup2
1949-02-17,0.9811674,spinup2
1949-02-18,0.98719203,spinup2
1949-02-19,0.9859517,spinup2
1949-02-20,0.98836374,spinup2
1949-02-21,0.9912428,spinup2
1949-02-22,0.99220634,spinup2
1949-02-23,0.99213266,spinup2
1949-02-24,0.9943068,spinup2
1949-02-25,0.9914322,spinup2
1949-02-26,0.99492365,spinup2
1949-02-27,0.99422383,spinup2
1949-02-28,0.99124527,spinup2
1949-03-01,0.9930775,spinup2
1949-03-02,0.99400175,spinup2
1949-03-03,0.99365705,spinup2
1949-03-04,0.9934361,spinup2
1949-03-05,0.9963187,spinup2
1949-03-06,0.9971732,spinup2
1949-03-07,0.9943383,spinup2
1949-03-08,0.99438924,spinup2
1949-03-09,0.99727285,spinup2
1949-03-10,0.99321604,spinup2
1949-03-11,0.9937196,spinup2
1949-03-12,0.99557763,spinup2
1949-03-13,0.9972734,spinup2
1949-03-14,0.9967701,spinup2
1949-03-15,0.99183285,spinup2
1949-03-16,0.99324834,spinup2
1949-03-17,0.9950495,spinup2
1949-03-18,0.99572396,spinup2
1949-03-19,0.9938646,spinup2
1949-03-20,0.99196297,spinup2
1949-03-21,0.9953875,spinup2
1949-03-22,0.9823869,spinup2
1949-03-23,0.9882537,spinup2
1949-03-24,0.99135643,spinup2
1949-03-25,0.99165976,spinup2
1949-03-26,0.99208367,spinup2
1949-03-27,0.99458784,spinup2
1949-03-28,0.985239,spinup2
1949-03-29,0.98604655,spinup2
1949-03-30,0.986858,spinup2
1949-03-31,0.9589561,spinup2
1949-04-01,0.96458954,spinup2
1949-04-02,0.97833234,spinup2
1949-04-03,0.9841817,spinup2
1949-04-04,0.98822045,spinup2
1949-04-05,0.9892203,spinup2
1949-04-06,0.9857555,spinup2
1949-04-07,0.98743623,spinup2
1949-04-08,0.99295783,spinup2
1949-04-09,0.9950258,spinup2
1949-04-10,0.99637616,spinup2
1949-04-11,0.9921626,spinup2
1949-04-12,0.9933708,spinup2
1949-04-13,0.9879157,spinup2
1949-04-14,0.9882852,spinup2
1949-04-15,0.9910689,spinup2
1949-04-16,0.9900156,spinup2
1949-04-17,0.99029595,spinup2
1949-04-18,0.9898375,spinup2
1949-04-19,0.99337655,spinup2
1949-04-20,0.99755454,spinup2
1949-04-21,0.99781483,spinup2
1949-04-22,0.9978274,spinup2
1949-04-23,0.9957969,spinup2
1949-04-24,0.99310184,spinup2
1949-04-25,0.99045455,spinup2
1949-04-26,0.9959993,spinup2
1949-04-27,0.9975535,spinup2
1949-04-28,0.9957516,spinup2
1949-04-29,0.99524593,spinup2
1949-04-30,0.9945592,spinup2
1949-05-01,0.9930976,spinup2
1949-05-02,0.977946,spinup2
1949-05-03,0.97729915,spinup2
1949-05-04,0.9827378,spinup2
1949-05-05,0.98554564,spinup2
1949-05-06,0.9862576,spinup2
1949-05-07,0.98883355,spinup2
1949-05-08,0.98889923,spinup2
1949-05-09,0.9934154,spinup2
1949-05-10,0.9930005,spinup2
1949-05-11,0.9899371,spinup2
1949-05-12,0.99173945,spinup2
1949-05-13,0.99006546,spinup2
1949-05-14,0.9907108,spinup2
1949-05-15,0.9902737,spinup2
1949-05-16,0.98992467,spinup2
1949-05-17,0.9910279,spinup2
1949-05-18,0.99123955,spinup2
1949-05-19,0.99005324,spinup2
1949-05-20,0.9943763,spinup2
1949-05-21,0.99481,spinup2
1949-05-22,0.9929418,spinup2
1949-05-23,0.99509275,spinup2
1949-05-24,0.9936748,spinup2
1949-05-25,0.99008065,spinup2
1949-05-26,0.9969956,spinup2
1949-05-27,0.99311006,spinup2
1949-05-28,0.99880105,spinup2
1949-05-29,0.9985028,spinup2
1949-05-30,0.9957871,spinup2
1949-05-31,0.99694353,spinup2
1949-06-01,0.99386466,spinup2
1949-06-02,0.9891232,spinup2
1949-06-03,0.9886311,spinup2
1949-06-04,0.98968244,spinup2
1949-06-05,0.9890039,spinup2
1949-06-06,0.98868024,spinup2
1949-06-07,0.9900319,spinup2
1949-06-08,0.9939624,spinup2
1949-06-09,0.9931696,spinup2
1949-06-10,0.9971596,spinup2
1949-06-11,0.9975222,spinup2
1949-06-12,0.9968435,spinup2
1949-06-13,0.9944639,spinup2
1949-06-14,0.9958387,spinup2
1949-06-15,0.9954804,spinup2
1949-06-16,0.98775804,spinup2
1949-06-17,0.98863256,spinup2
1949-06-18,0.9926717,spinup2
1949-06-19,0.99577665,spinup2
1949-06-20,0.99190944,spinup2
1949-06-21,0.99552613,spinup2
1949-06-22,0.993867,spinup2
1949-06-23,0.9938333,spinup2
1949-06-24,0.99523497,spinup2
1949-06-25,0.991609,spinup2
1949-06-26,0.9908797,spinup2
1949-06-27,0.99151,spinup2
1949-06-28,0.99124837,spinup2
1949-06-29,0.9914728,spinup2
1949-06-30,0.99404126,spinup2
1949-07-01,0.9922892,spinup2
1949-07-02,0.9922995,spinup2
1949-07-03,0.9974489,spinup2
1949-07-04,0.99272823,spinup2
1949-07-05,0.99115336,spinup2
1949-07-06,0.99087465,spinup2
1949-07-07,0.9913283,spinup2
1949-07-08,0.992255,spinup2
1949-07-09,0.9906296,spinup2
1949-07-10,0.9948879,spinup2
1949-07-11,0.99551,spinup2
1949-07-12,0.995295,spinup2
1949-07-13,0.9952886,spinup2
1949-07-14,0.99522185,spinup2
1949-07-15,0.9981656,spinup2
1949-07-16,0.9975007,spinup2
1949-07-17,0.99425805,spinup2
1949-07-18,0.99071205,spinup2
1949-07-19,0.99030954,spinup2
1949-07-20,0.9896705,spinup2
1949-07-21,0.99323624,spinup2
1949-07-22,0.992906,spinup2
1949-07-23,0.99617875,spinup2
1949-07-24,0.9915103,spinup2
1949-07-25,0.9795251,spinup2
1949-07-26,0.97966754,spinup2
1949-07-27,0.9879762,spinup2
1949-07-28,0.98610574,spinup2
1949-07-29,0.9862729,spinup2
1949-07-30,0.9895464,spinup2
1949-07-31,0.9890091,spinup2
1949-08-01,0.9918233,spinup2
1949-08-02,0.9879063,spinup2
1949-08-03,0.98798066,spinup2
1949-08-04,0.9906751,spinup2
1949-08-05,0.99199027,spinup2
1949-08-06,0.9914371,spinup2
1949-08-07,0.99326867,spinup2
1949-08-08,0.99188477,spinup2
1949-08-09,0.9910675,spinup2
1949-08-10,0.98994565,spinup2
1949-08-11,0.9902252,spinup2
1949-08-12,0.99168134,spinup2
1949-08-13,0.9935035,spinup2
1949-08-14,0.9920158,spinup2
1949-08-15,0.99305415,spinup2
1949-08-16,0.9953493,spinup2
1949-08-17,0.9949463,spinup2
1949-08-18,0.99382794,spinup2
1949-08-19,0.99231076,spinup2
1949-08-20,0.99008346,spinup2
1949-08-21,0.9947718,spinup2
1949-08-22,0.99421245,spinup2
1949-08-23,0.99463093,spinup2
1949-08-24,0.99365664,spinup2
1949-08-25,0.9926358,spinup2
1949-08-26,0.9935583,spinup2
1949-08-27,0.99097127,spinup2
1949-08-28,0.99079466,spinup2
1949-08-29,0.99175644,spinup2
1949-08-30,0.9926781,spinup2
1949-08-31,0.993971,spinup2
1949-09-01,0.99267584,spinup2
1949-09-02,0.99009085,spinup2
1949-09-03,0.9963167,spinup2
1949-09-04,0.9986929,spinup2
1949-09-05,0.9926588,spinup2
1949-09-06,0.9947276,spinup2
1949-09-07,0.99028206,spinup2
1949-09-08,0.9912804,spinup2
1949-09-09,0.9923736,spinup2
1949-09-10,0.9905521,spinup2
1949-09-11,0.99480414,spinup2
1949-09-12,0.99187946,spinup2
1949-09-13,0.99717796,spinup2
1949-09-14,0.99454963,spinup2
1949-09-15,0.99434143,spinup2
1949-09-16,0.99315923,spinup2
1949-09-17,0.9947835,spinup2
1949-09-18,0.9952626,spinup2
1949-09-19,0.99417746,spinup2
1949-09-20,0.99158853,spinup2
1949-09-21,0.9959387,spinup2
1949-09-22,0.9973369,spinup2
1949-09-23,0.9911533,spinup2
1949-09-24,0.9921884,spinup2
1949-09-25,0.9934688,spinup2
1949-09-26,0.99234164,spinup2
1949-09-27,0.99667144,spinup2
1949-09-28,0.9942803,spinup2
1949-09-29,0.992154,spinup2
1949-09-30,0.9926279,spinup2
1948-10-01,0.992784,spinup3
1948-10-02,0.9932308,spinup3
1948-10-03,0.99320585,spinup3
1948-10-04,0.9925219,spinup3
1948-10-05,0.9953571,spinup3
1948-10-06,0.99434423,spinup3
1948-10-07,0.99819505,spinup3
1948-10-08,0.9926005,spinup3
1948-10-09,0.99322796,spinup3
1948-10-10,0.9966764,spinup3
1948-10-11,0.9989698,spinup3
1948-10-12,0.99315214,spinup3
1948-10-13,0.99324524,spinup3
1948-10-14,0.9954991,spinup3
1948-10-15,0.9945839,spinup3
1948-10-16,0.99447584,spinup3
1948-10-17,0.99826825,spinup3
1948-10-18,0.9941558,spinup3
1948-10-19,0.9944846,spinup3
1948-10-20,0.99577856,spinup3
1948-10-21,0.9948535,spinup3
1948-10-22,0.9958621,spinup3
1948-10-23,0.99497056,spinup3
1948-10-24,0.99807686,spinup3
1948-10-25,0.99767864,spinup3
1948-10-26,0.99766505,spinup3
1948-10-27,0.99559563,spinup3
1948-10-28,0.99453706,spinup3
1948-10-29,0.9944482,spinup3
1948-10-30,0.9968171,spinup3
1948-10-31,0.99845874,spinup3
1948-11-01,0.999201,spinup3
1948-11-02,0.99498683,spinup3
1948-11-03,0.9988944,spinup3
1948-11-04,0.9964052,spinup3
1948-11-05,0.9987631,spinup3
1948-11-06,0.99533546,spinup3
1948-11-07,0.9960964,spinup3
1948-11-08,0.9973287,spinup3
1948-11-09,0.9989932,spinup3
1948-11-10,0.99588734,spinup3
1948-11-11,0.9979467,spinup3
1948-11-12,0.99822193,spinup3
1948-11-13,0.9985677,spinup3
1948-11-14,0.9987275,spinup3
1948-11-15,0.99818796,spinup3
1948-11-16,0.999209,spinup3
1948-11-17,0.9967521,spinup3
1948-11-18,0.9976576,spinup3
1948-11-19,0.9911321,spinup3
1948-11-20,0.988633,spinup3
1948-11-21,0.993079,spinup3
1948-11-22,0.987199,spinup3
1948-11-23,0.98910373,spinup3
1948-11-24,0.98726285,spinup3
1948-11-25,0.98912716,spinup3
1948-11-26,0.9935585,spinup3
1948-11-27,0.96882737,spinup3
1948-11-28,0.97106266,spinup3
1948-11-29,0.9646109,spinup3
1948-11-30,0.97304505,spinup3
1948-12-01,0.98078126,spinup3
1948-12-02,0.98729736,spinup3
1948-12-03,0.98837584,spinup3
1948-12-04,0.9917536,spinup3
1948-12-05,0.9930512,spinup3
1948-12-06,0.9911226,spinup3
1948-12-07,0.99435306,spinup3
1948-12-08,0.9916367,spinup3
1948-12-09,0.992107,spinup3
1948-12-10,0.9935744,spinup3
1948-12-11,0.9944378,spinup3
1948-12-12,0.9960433,spinup3
1948-12-13,0.99677867,spinup3
1948-12-14,0.9967034,spinup3
1948-12-15,0.9963287,spinup3
1948-12-16,0.99726653,spinup3
1948-12-17,0.9946993,spinup3
1948-12-18,0.9955875,spinup3
1948-12-19,0.99382925,spinup3
1948-12-20,0.993404,spinup3
1948-12-21,0.9948232,spinup3
1948-12-22,0.9954456,spinup3
1948-12-23,0.9956331,spinup3
1948-12-24,0.99627197,spinup3
1948-12-25,0.99638337,spinup3
1948-12-26,0.99439466,spinup3
1948-12-27,0.9948288,spinup3
1948-12-28,0.995307,spinup3
1948-12-29,0.99538106,spinup3
1948-12-30,0.9921605,spinup3
1948-12-31,0.9931195,spinup3
1949-01-01,0.99421006,spinup3
1949-01-02,0.9949786,spinup3
1949-01-03,0.9956161,spinup3
1949-01-04,0.9951304,spinup3
1949-01-05,0.9807929,spinup3
1949-01-06,0.979936,spinup3
1949-01-07,0.9859791,spinup3
1949-01-08,0.98881984,spinup3
1949-01-09,0.98998207,spinup3
1949-01-10,0.99111754,spinup3
1949-01-11,0.9934105,spinup3
1949-01-12,0.99499065,spinup3
1949-01-13,0.9957215,spinup3
1949-01-14,0.99582034,spinup3
1949-01-15,0.9944782,spinup3
1949-01-16,0.99569225,spinup3
1949-01-17,0.997118,spinup3
1949-01-18,0.9946648,spinup3
1949-01-19,0.99230266,spinup3
1949-01-20,0.9932755,spinup3
1949-01-21,0.9943437,spinup3
1949-01-22,0.98759085,spinup3
1949-01-23,0.9858885,spinup3
1949-01-24,0.9889758,spinup3
1949-01-25,0.99097526,spinup3
1949-01-26,0.99210876,spinup3
1949-01-27,0.9904551,spinup3
1949-01-28,0.9911746,spinup3
1949-01-29,0.9931469,spinup3
1949-01-30,0.9947321,spinup3
1949-01-31,0.9891533,spinup3
1949-02-01,0.9912126,spinup3
1949-02-02,0.9909495,spinup3
1949-02-03,0.9938653,spinup3
1949-02-04,0.99343365,spinup3
1949-02-05,0.9934849,spinup3
1949-02-06,0.994445,spinup3
1949-02-07,0.99425167,spinup3
1949-02-08,0.9954547,spinup3
1949-02-09,0.99171996,spinup3
1949-02-10,0.98323137,spinup3
1949-02-11,0.98775476,spinup3
1949-02-12,0.989307,spinup3
1949-02-13,0.99300903,spinup3
1949-02-14,0.9938298,spinup3
1949-02-15,0.9948058,spinup3
1949-02-16,0.9839227,spinup3
1949-02-17,0.9811674,spinup3
1949-02-18,0.98719203,spinup3
1949-02-19,0.9859517,spinup3
1949-02-20,0.98836374,spinup3
1949-02-21,0.9912428,spinup3
1949-02-22,0.99220634,spinup3
1949-02-23,0.99213266,spinup3
1949-02-24,0.9943068,spinup3
1949-02-25,0.9914322,spinup3
1949-02-26,0.99492365,spinup3
1949-02-27,0.99422383,spinup3
1949-02-28,0.99124527,spinup3
1949-03-01,0.9930775,spinup3
1949-03-02,0.99400175,spinup3
1949-03-03,0.99365705,spinup3
1949-03-04,0.9934361,spinup3
1949-03-05,0.9963187,spinup3
1949-03-06,0.9971732,spinup3
1949-03-07,0.9943383,spinup3
1949-03-08,0.99438924,spinup3
1949-03-09,0.99727285,spinup3
1949-03-10,0.99321604,spinup3
1949-03-11,0.9937196,spinup3
1949-03-12,0.99557763,spinup3
1949-03-13,0.9972734,spinup3
1949-03-14,0.9967701,spinup3
1949-03-15,0.99183285,spinup3
1949-03-16,0.99324834,spinup3
1949-03-17,0.9950495,spinup3
1949-03-18,0.99572396,spinup3
1949-03-19,0.9938646,spinup3
1949-03-20,0.99196297,spinup3
1949-03-21,0.9953875,spinup3
1949-03-22,0.9823869,spinup3
1949-03-23,0.9882537,spinup3
1949-03-24,0.99135643,spinup3
1949-03-25,0.99165976,spinup3
1949-03-26,0.99208367,spinup3
1949-03-27,0.99458784,spinup3
1949-03-28,0.985239,spinup3
1949-03-29,0.98604655,spinup3
1949-03-30,0.986858,spinup3
1949-03-31,0.9589561,spinup3
1949-04-01,0.96458954,spinup3
1949-04-02,0.97833234,spinup3
1949-04-03,0.9841817,spinup3
1949-04-04,0.98822045,spinup3
1949-04-05,0.9892203,spinup3
1949-04-06,0.9857555,spinup3
1949-04-07,0.98743623,spinup3
1949-04-08,0.99295783,spinup3
1949-04-09,0.9950258,spinup3
1949-04-10,0.99637616,spinup3
1949-04-11,0.9921626,spinup3
1949-04-12,0.9933708,spinup3
1949-04-13,0.9879157,spinup3
1949-04-14,0.9882852,spinup3
1949-04-15,0.9910689,spinup3
1949-04-16,0.9900156,spinup3
1949-04-17,0.99029595,spinup3
1949-04-18,0.9898375,spinup3
1949-04-19,0.99337655,spinup3
1949-04-20,0.99755454,spinup3
1949-04-21,0.99781483,spinup3
1949-04-22,0.9978274,spinup3
1949-04-23,0.9957969,spinup3
1949-04-24,0.99310184,spinup3
1949-04-25,0.99045455,spinup3
1949-04-26,0.9959993,spinup3
1949-04-27,0.9975535,spinup3
1949-04-28,0.9957516,spinup3
1949-04-29,0.99524593,spinup3
1949-04-30,0.9945592,spinup3
1949-05-01,0.9930976,spinup3
1949-05-02,0.977946,spinup3
1949-05-03,0.97729915,spinup3
1949-05-04,0.9827378,spinup3
1949-05-05,0.98554564,spinup3
1949-05-06,0.9862576,spinup3
1949-05-07,0.98883355,spinup3
1949-05-08,0.98889923,spinup3
1949-05-09,0.9934154,spinup3
1949-05-10,0.9930005,spinup3
1949-05-11,0.9899371,spinup3
1949-05-12,0.99173945,spinup3
1949-05-13,0.99006546,spinup3
1949-05-14,0.9907108,spinup3
1949-05-15,0.9902737,spinup3
1949-05-16,0.98992467,spinup3
1949-05-17,0.9910279,spinup3
1949-05-18,0.99123955,spinup3
1949-05-19,0.99005324,spinup3
1949-05-20,0.9943763,spinup3
1949-05-21,0.99481,spinup3
1949-05-22,0.9929418,spinup3
1949-05-23,0.99509275,spinup3
1949-05-24,0.9936748,spinup3
1949-05-25,0.99008065,spinup3
1949-05-26,0.9969956,spinup3
1949-05-27,0.99311006,spinup3
1949-05-28,0.99880105,spinup3
1949-05-29,0.9985028,spinup3
1949-05-30,0.9957871,spinup3
1949-05-31,0.99694353,spinup3
1949-06-01,0.99386466,spinup3
1949-06-02,0.9891232,spinup3
1949-06-03,0.9886311,spinup3
1949-06-04,0.98968244,spinup3
1949-06-05,0.9890039,spinup3
1949-06-06,0.98868024,spinup3
1949-06-07,0.9900319,spinup3
1949-06-08,0.9939624,spinup3
1949-06-09,0.9931696,spinup3
1949-06-10,0.9971596,spinup3
1949-06-11,0.9975222,spinup3
1949-06-12,0.9968435,spinup3
1949-06-13,0.9944639,spinup3
1949-06-14,0.9958387,spinup3
1949-06-15,0.9954804,spinup3
1949-06-16,0.98775804,spinup3
1949-06-17,0.98863256,spinup3
1949-06-18,0.9926717,spinup3
1949-06-19,0.99577665,spinup3
1949-06-20,0.99190944,spinup3
1949-06-21,0.99552613,spinup3
1949-06-22,0.993867,spinup3
1949-06-23,0.9938333,spinup3
1949-06-24,0.99523497,spinup3
1949-06-25,0.991609,spinup3
1949-06-26,0.9908797,spinup3
1949-06-27,0.99151,spinup3
1949-06-28,0.99124837,spinup3
1949-06-29,0.9914728,spinup3
1949-06-30,0.99404126,spinup3
1949-07-01,0.9922892,spinup3
1949-07-02,0.9922995,spinup3
1949-07-03,0.9974489,spinup3
1949-07-04,0.99272823,spinup3
1949-07-05,0.99115336,spinup3
1949-07-06,0.99087465,spinup3
1949-07-07,0.9913283,spinup3
1949-07-08,0.992255,spinup3
1949-07-09,0.9906296,spinup3
1949-07-10,0.9948879,spinup3
1949-07-11,0.99551,spinup3
1949-07-12,0.995295,spinup3
1949-07-13,0.9952886,spinup3
1949-07-14,0.99522185,spinup3
1949-07-15,0.9981656,spinup3
1949-07-16,0.9975007,spinup3
1949-07-17,0.99425805,spinup3
1949-07-18,0.99071205,spinup3
1949-07-19,0.99030954,spinup3
1949-07-20,0.9896705,spinup3
1949-07-21,0.99323624,spinup3
1949-07-22,0.992906,spinup3
1949-07-23,0.99617875,spinup3
1949-07-24,0.9915103,spinup3
1949-07-25,0.9795251,spinup3
1949-07-26,0.97966754,spinup3
1949-07-27,0.9879762,spinup3
1949-07-28,0.98610574,spinup3
1949-07-29,0.9862729,spinup3
1949-07-30,0.9895464,spinup3
1949-07-31,0.9890091,spinup3
1949-08-01,0.9918233,spinup3
1949-08-02,0.9879063,spinup3
1949-08-03,0.98798066,spinup3
1949-08-04,0.9906751,spinup3
1949-08-05,0.99199027,spinup3
1949-08-06,0.9914371,spinup3
1949-08-07,0.99326867,spinup3
1949-08-08,0.99188477,spinup3
1949-08-09,0.9910675,spinup3
1949-08-10,0.98994565,spinup3
1949-08-11,0.9902252,spinup3
1949-08-12,0.99168134,spinup3
1949-08-13,0.9935035,spinup3
1949-08-14,0.9920158,spinup3
1949-08-15,0.99305415,spinup3
1949-08-16,0.9953493,spinup3
1949-08-17,0.9949463,spinup3
1949-08-18,0.99382794,spinup3
1949-08-19,0.99231076,spinup3
1949-08-20,0.99008346,spinup3
1949-08-21,0.9947718,spinup3
1949-08-22,0.99421245,spinup3
1949-08-23,0.99463093,spinup3
1949-08-24,0.99365664,spinup3
1949-08-25,0.9926358,spinup3
1949-08-26,0.9935583,spinup3
1949-08-27,0.99097127,spinup3
1949-08-28,0.99079466,spinup3
1949-08-29,0.99175644,spinup3
1949-08-30,0.9926781,spinup3
1949-08-31,0.993971,spinup3
1949-09-01,0.99267584,spinup3
1949-09-02,0.99009085,spinup3
1949-09-03,0.9963167,spinup3
1949-09-04,0.9986929,spinup3
1949-09-05,0.9926588,spinup3
1949-09-06,0.9947276,spinup3
1949-09-07,0.99028206,spinup3
1949-09-08,0.9912804,spinup3
1949-09-09,0.9923736,spinup3
1949-09-10,0.9905521,spinup3
1949-09-11,0.99480414,spinup3
1949-09-12,0.99187946,spinup3
1949-09-13,0.99717796,spinup3
1949-09-14,0.99454963,spinup3
1949-09-15,0.99434143,spinup3
1949-09-16,0.99315923,spinup3
1949-09-17,0.9947835,spinup3
1949-09-18,0.9952626,spinup3
1949-09-19,0.99417746,spinup3
1949-09-20,0.99158853,spinup3
1949-09-21,0.9959387,spinup3
1949-09-22,0.9973369,spinup3
1949-09-23,0.9911533,spinup3
1949-09-24,0.9921884,spinup3
1949-09-25,0.9934688,spinup3
1949-09-26,0.99234164,spinup3
1949-09-27,0.99667144,spinup3
1949-09-28,0.9942803,spinup3
1949-09-29,0.992154,spinup3
1949-09-30,0.9926279,spinup3
1948-10-01,0.992784,simulation
1948-10-02,0.9932308,simulation
1948-10-03,0.99320585,simulation
1948-10-04,0.9925219,simulation
1948-10-05,0.9953571,simulation
1948-10-06,0.99434423,simulation
1948-10-07,0.99819505,simulation
1948-10-08,0.9926005,simulation
1948-10-09,0.99322796,simulation
1948-10-10,0.9966764,simulation
1948-10-11,0.9989698,simulation
1948-10-12,0.99315214,simulation
1948-10-13,0.99324524,simulation
1948-10-14,0.9954991,simulation
1948-10-15,0.9945839,simulation
1948-10-16,0.99447584,simulation
1948-10-17,0.99826825,simulation
1948-10-18,0.9941558,simulation
1948-10-19,0.9944846,simulation
1948-10-20,0.99577856,simulation
1948-10-21,0.9948535,simulation
1948-10-22,0.9958621,simulation
1948-10-23,0.99497056,simulation
1948-10-24,0.99807686,simulation
1948-10-25,0.99767864,simulation
1948-10-26,0.99766505,simulation
1948-10-27,0.99559563,simulation
1948-10-28,0.99453706,simulation
1948-10-29,0.9944482,simulation
1948-10-30,0.9968171,simulation
1948-10-31,0.99845874,simulation
1948-11-01,0.999201,simulation
1948-11-02,0.99498683,simulation
1948-11-03,0.9988944,simulation
1948-11-04,0.9964052,simulation
1948-11-05,0.9987631,simulation
1948-11-06,0.99533546,simulation
1948-11-07,0.9960964,simulation
1948-11-08,0.9973287,simulation
1948-11-09,0.9989932,simulation
1948-11-10,0.99588734,simulation
1948-11-11,0.9979467,simulation
1948-11-12,0.99822193,simulation
1948-11-13,0.9985677,simulation
1948-11-14,0.9987275,simulation
1948-11-15,0.99818796,simulation
1948-11-16,0.999209,simulation
1948-11-17,0.9967521,simulation
1948-11-18,0.9976576,simulation
1948-11-19,0.9911321,simulation
1948-11-20,0.988633,simulation
1948-11-21,0.993079,simulation
1948-11-22,0.987199,simulation
1948-11-23,0.98910373,simulation
1948-11-24,0.98726285,simulation
1948-11-25,0.98912716,simulation
1948-11-26,0.9935585,simulation
1948-11-27,0.96882737,simulation
1948-11-28,0.97106266,simulation
1948-11-29,0.9646109,simulation
1948-11-30,0.97304505,simulation
1948-12-01,0.98078126,simulation
1948-12-02,0.98729736,simulation
1948-12-03,0.98837584,simulation
1948-12-04,0.9917536,simulation
1948-12-05,0.9930512,simulation
1948-12-06,0.9911226,simulation
1948-12-07,0.99435306,simulation
1948-12-08,0.9916367,simulation
1948-12-09,0.992107,simulation
1948-12-10,0.9935744,simulation
1948-12-11,0.9944378,simulation
1948-12-12,0.9960433,simulation
1948-12-13,0.99677867,simulation
1948-12-14,0.9967034,simulation
1948-12-15,0.9963287,simulation
1948-12-16,0.99726653,simulation
1948-12-17,0.9946993,simulation
1948-12-18,0.9955875,simulation
1948-12-19,0.99382925,simulation
1948-12-20,0.993404,simulation
1948-12-21,0.9948232,simulation
1948-12-22,0.9954456,simulation
1948-12-23,0.9956331,simulation
1948-12-24,0.99627197,simulation
1948-12-25,0.99638337,simulation
1948-12-26,0.99439466,simulation
1948-12-27,0.9948288,simulation
1948-12-28,0.995307,simulation
1948-12-29,0.99538106,simulation
1948-12-30,0.9921605,simulation
1948-12-31,0.9931195,simulation
1949-01-01,0.99421006,simulation
1949-01-02,0.9949786,simulation
1949-01-03,0.9956161,simulation
1949-01-04,0.9951304,simulation
1949-01-05,0.9807929,simulation
1949-01-06,0.979936,simulation
1949-01-07,0.9859791,simulation
1949-01-08,0.98881984,simulation
1949-01-09,0.98998207,simulation
1949-01-10,0.99111754,simulation
1949-01-11,0.9934105,simulation
1949-01-12,0.99499065,simulation
1949-01-13,0.9957215,simulation
1949-01-14,0.99582034,simulation
1949-01-15,0.9944782,simulation
1949-01-16,0.99569225,simulation
1949-01-17,0.997118,simulation
1949-01-18,0.9946648,simulation
1949-01-19,0.99230266,simulation
1949-01-20,0.9932755,simulation
1949-01-21,0.9943437,simulation
1949-01-22,0.98759085,simulation
1949-01-23,0.9858885,simulation
1949-01-24,0.9889758,simulation
1949-01-25,0.99097526,simulation
1949-01-26,0.99210876,simulation
1949-01-27,0.9904551,simulation
1949-01-28,0.9911746,simulation
1949-01-29,0.9931469,simulation
1949-01-30,0.9947321,simulation
1949-01-31,0.9891533,simulation
1949-02-01,0.9912126,simulation
1949-02-02,0.9909495,simulation
1949-02-03,0.9938653,simulation
1949-02-04,0.99343365,simulation
1949-02-05,0.9934849,simulation
1949-02-06,0.994445,simulation
1949-02-07,0.99425167,simulation
1949-02-08,0.9954547,simulation
1949-02-09,0.99171996,simulation
1949-02-10,0.98323137,simulation
1949-02-11,0.98775476,simulation
1949-02-12,0.989307,simulation
1949-02-13,0.99300903,simulation
1949-02-14,0.9938298,simulation
1949-02-15,0.9948058,simulation
1949-02-16,0.9839227,simulation
1949-02-17,0.9811674,simulation
1949-02-18,0.98719203,simulation
1949-02-19,0.9859517,simulation
1949-02-20,0.98836374,simulation
1949-02-21,0.9912428,simulation
1949-02-22,0.99220634,simulation
1949-02-23,0.99213266,simulation
1949-02-24,0.9943068,simulation
1949-02-25,0.9914322,simulation
1949-02-26,0.99492365,simulation
1949-02-27,0.99422383,simulation
1949-02-28,0.99124527,simulation
1949-03-01,0.9930775,simulation
1949-03-02,0.99400175,simulation
1949-03-03,0.99365705,simulation
1949-03-04,0.9934361,simulation
1949-03-05,0.9963187,simulation
1949-03-06,0.9971732,simulation
1949-03-07,0.9943383,simulation
1949-03-08,0.99438924,simulation
1949-03-09,0.99727285,simulation
1949-03-10,0.99321604,simulation
1949-03-11,0.9937196,simulation
1949-03-12,0.99557763,simulation
1949-03-13,0.9972734,simulation
1949-03-14,0.9967701,simulation
1949-03-15,0.99183285,simulation
1949-03-16,0.99324834,simulation
1949-03-17,0.9950495,simulation
1949-03-18,0.99572396,simulation
1949-03-19,0.9938646,simulation
1949-03-20,0.99196297,simulation
1949-03-21,0.9953875,simulation
1949-03-22,0.9823869,simulation
1949-03-23,0.9882537,simulation
1949-03-24,0.99135643,simulation
1949-03-25,0.99165976,simulation
1949-03-26,0.99208367,simulation
1949-03-27,0.99458784,simulation
1949-03-28,0.985239,simulation
1949-03-29,0.98604655,simulation
1949-03-30,0.986858,simulation
1949-03-31,0.9589561,simulation
1949-04-01,0.96458954,simulation
1949-04-02,0.97833234,simulation
1949-04-03,0.9841817,simulation
1949-04-04,0.98822045,simulation
1949-04-05,0.9892203,simulation
1949-04-06,0.9857555,simulation
1949-04-07,0.98743623,simulation
1949-04-08,0.99295783,simulation
1949-04-09,0.9950258,simulation
1949-04-10,0.99637616,simulation
1949-04-11,0.9921626,simulation
1949-04-12,0.9933708,simulation
1949-04-13,0.9879157,simulation
1949-04-14,0.9882852,simulation
1949-04-15,0.9910689,simulation
1949-04-16,0.9900156,simulation
1949-04-17,0.99029595,simulation
1949-04-18,0.9898375,simulation
1949-04-19,0.99337655,simulation
1949-04-20,0.99755454,simulation
1949-04-21,0.99781483,simulation
1949-04-22,0.9978274,simulation
1949-04-23,0.9957969,simulation
1949-04-24,0.99310184,simulation
1949-04-25,0.99045455,simulation
1949-04-26,0.9959993,simulation
1949-04-27,0.9975535,simulation
1949-04-28,0.9957516,simulation
1949-04-29,0.99524593,simulation
1949-04-30,0.9945592,simulation
1949-05-01,0.9930976,simulation
1949-05-02,0.977946,simulation
1949-05-03,0.97729915,simulation
1949-05-04,0.9827378,simulation
1949-05-05,0.98554564,simulation
1949-05-06,0.9862576,simulation
1949-05-07,0.98883355,simulation
1949-05-08,0.98889923,simulation
1949-05-09,0.9934154,simulation
1949-05-10,0.9930005,simulation
1949-05-11,0.9899371,simulation
1949-05-12,0.99173945,simulation
1949-05-13,0.99006546,simulation
1949-05-14,0.9907108,simulation
1949-05-15,0.9902737,simulation
1949-05-16,0.98992467,simulation
1949-05-17,0.9910279,simulation
1949-05-18,0.99123955,simulation
1949-05-19,0.99005324,simulation
1949-05-20,0.9943763,simulation
1949-05-21,0.99481,simulation
1949-05-22,0.9929418,simulation
1949-05-23,0.99509275,simulation
1949-05-24,0.9936748,simulation
1949-05-25,0.99008065,simulation
1949-05-26,0.9969956,simulation
1949-05-27,0.99311006,simulation
1949-05-28,0.99880105,simulation
1949-05-29,0.9985028,simulation
1949-05-30,0.9957871,simulation
1949-05-31,0.99694353,simulation
1949-06-01,0.99386466,simulation
1949-06-02,0.9891232,simulation
1949-06-03,0.9886311,simulation
1949-06-04,0.98968244,simulation
1949-06-05,0.9890039,simulation
1949-06-06,0.98868024,simulation
1949-06-07,0.9900319,simulation
1949-06-08,0.9939624,simulation
1949-06-09,0.9931696,simulation
1949-06-10,0.9971596,simulation
1949-06-11,0.9975222,simulation
1949-06-12,0.9968435,simulation
1949-06-13,0.9944639,simulation
1949-06-14,0.9958387,simulation
1949-06-15,0.9954804,simulation
1949-06-16,0.98775804,simulation
1949-06-17,0.98863256,simulation
1949-06-18,0.9926717,simulation
1949-06-19,0.99577665,simulation
1949-06-20,0.99190944,simulation
1949-06-21,0.99552613,simulation
1949-06-22,0.993867,simulation
1949-06-23,0.9938333,simulation
1949-06-24,0.99523497,simulation
1949-06-25,0.991609,simulation
1949-06-26,0.9908797,simulation
1949-06-27,0.99151,simulation
1949-06-28,0.99124837,simulation
1949-06-29,0.9914728,simulation
1949-06-30,0.99404126,simulation
1949-07-01,0.9922892,simulation
1949-07-02,0.9922995,simulation
1949-07-03,0.9974489,simulation
1949-07-04,0.99272823,simulation
1949-07-05,0.99115336,simulation
1949-07-06,0.99087465,simulation
1949-07-07,0.9913283,simulation
1949-07-08,0.992255,simulation
1949-07-09,0.9906296,simulation
1949-07-10,0.9948879,simulation
1949-07-11,0.99551,simulation
1949-07-12,0.995295,simulation
1949-07-13,0.9952886,simulation
1949-07-14,0.99522185,simulation
1949-07-15,0.9981656,simulation
1949-07-16,0.9975007,simulation
1949-07-17,0.99425805,simulation
1949-07-18,0.99071205,simulation
1949-07-19,0.99030954,simulation
1949-07-20,0.9896705,simulation
1949-07-21,0.99323624,simulation
1949-07-22,0.992906,simulation
1949-07-23,0.99617875,simulation
1949-07-24,0.9915103,simulation
1949-07-25,0.9795251,simulation
1949-07-26,0.97966754,simulation
1949-07-27,0.9879762,simulation
1949-07-28,0.98610574,simulation
1949-07-29,0.9862729,simulation
1949-07-30,0.9895464,simulation
1949-07-31,0.9890091,simulation
1949-08-01,0.9918233,simulation
1949-08-02,0.9879063,simulation
1949-08-03,0.98798066,simulation
1949-08-04,0.9906751,simulation
1949-08-05,0.99199027,simulation
1949-08-06,0.9914371,simulation
1949-08-07,0.99326867,simulation
1949-08-08,0.99188477,simulation
1949-08-09,0.9910675,simulation
1949-08-10,0.98994565,simulation
1949-08-11,0.9902252,simulation
1949-08-12,0.99168134,simulation
1949-08-13,0.9935035,simulation
1949-08-14,0.9920158,simulation
1949-08-15,0.99305415,simulation
1949-08-16,0.9953493,simulation
1949-08-17,0.9949463,simulation
1949-08-18,0.99382794,simulation
1949-08-19,0.99231076,simulation
1949-08-20,0.99008346,simulation
1949-08-21,0.9947718,simulation
1949-08-22,0.99421245,simulation
1949-08-23,0.99463093,simulation
1949-08-24,0.99365664,simulation
1949-08-25,0.9926358,simulation
1949-08-26,0.9935583,simulation
1949-08-27,0.99097127,simulation
1949-08-28,0.99079466,simulation
1949-08-29,0.99175644,simulation
1949-08-30,0.9926781,simulation
1949-08-31,0.993971,simulation
1949-09-01,0.99267584,simulation
1949-09-02,0.99009085,simulation
1949-09-03,0.9963167,simulation
1949-09-04,0.9986929,simulation
1949-09-05,0.9926588,simulation
1949-09-06,0.9947276,simulation
1949-09-07,0.99028206,simulation
1949-09-08,0.9912804,simulation
1949-09-09,0.9923736,simulation
1949-09-10,0.9905521,simulation
1949-09-11,0.99480414,simulation
1949-09-12,0.99187946,simulation
1949-09-13,0.99717796,simulation
1949-09-14,0.99454963,simulation
1949-09-15,0.99434143,simulation
1949-09-16,0.99315923,simulation
1949-09-17,0.9947835,simulation
1949-09-18,0.9952626,simulation
1949-09-19,0.99417746,simulation
1949-09-20,0.99158853,simulation
1949-09-21,0.9959387,simulation
1949-09-22,0.9973369,simulation
1949-09-23,0.9911533,simulation
1949-09-24,0.9921884,simulation
1949-09-25,0.9934688,simulation
1949-09-26,0.99234164,simulation
1949-09-27,0.99667144,simulation
1949-09-28,0.9942803,simulation
1949-09-29,0.992154,simulation
1949-09-30,0.9926279,simulation
1949-10-01,0.9976936,simulation
1949-10-02,0.9987433,simulation
1949-10-03,0.9986285,simulation
1949-10-04,0.99856776,simulation
1949-10-05,0.99640805,simulation
1949-10-06,0.994069,simulation
1949-10-07,0.9961512,simulation
1949-10-08,0.99875426,simulation
1949-10-09,0.9973929,simulation
1949-10-10,0.99438334,simulation
1949-10-11,0.9942539,simulation
1949-10-12,0.99649227,simulation
1949-10-13,0.9984469,simulation
1949-10-14,0.9970819,simulation
1949-10-15,0.9989742,simulation
1949-10-16,0.997924,simulation
1949-10-17,0.99395955,simulation
1949-10-18,0.9980551,simulation
1949-10-19,0.9941507,simulation
1949-10-20,0.99556154,simulation
1949-10-21,0.9973661,simulation
1949-10-22,0.9969959,simulation
1949-10-23,0.9950145,simulation
1949-10-24,0.99616694,simulation
1949-10-25,0.9988873,simulation
1949-10-26,0.99577445,simulation
1949-10-27,0.99497753,simulation
1949-10-28,0.9988489,simulation
1949-10-29,0.99856853,simulation
1949-10-30,0.9986512,simulation
1949-10-31,0.99838454,simulation
1949-11-01,0.99510604,simulation
1949-11-02,0.99474126,simulation
1949-11-03,0.9950237,simulation
1949-11-04,0.995558,simulation
1949-11-05,0.99508077,simulation
1949-11-06,0.99576896,simulation
1949-11-07,0.99580526,simulation
1949-11-08,0.9963585,simulation
1949-11-09,0.9955423,simulation
1949-11-10,0.9969063,simulation
1949-11-11,0.9958234,simulation
1949-11-12,0.9987582,simulation
1949-11-13,0.9967898,simulation
1949-11-14,0.99601847,simulation
1949-11-15,0.9956736,simulation
1949-11-16,0.9954035,simulation
1949-11-17,0.9958314,simulation
1949-11-18,0.9966959,simulation
1949-11-19,0.9959643,simulation
1949-11-20,0.9957755,simulation
1949-11-21,0.9947756,simulation
1949-11-22,0.997958,simulation
1949-11-23,0.9989333,simulation
1949-11-24,0.99856293,simulation
1949-11-25,0.99497837,simulation
1949-11-26,0.99588925,simulation
1949-11-27,0.99825346,simulation
1949-11-28,0.9982299,simulation
1949-11-29,0.99801296,simulation
1949-11-30,0.9948973,simulation
1949-12-01,0.9967527,simulation
1949-12-02,0.9986881,simulation
1949-12-03,0.9973465,simulation
1949-12-04,0.99903774,simulation
1949-12-05,0.9977869,simulation
1949-12-06,0.9986985,simulation
1949-12-07,0.9990121,simulation
1949-12-08,0.9979759,simulation
1949-12-09,0.9987311,simulation
1949-12-10,0.99937886,simulation
1949-12-11,0.9987239,simulation
1949-12-12,0.99864703,simulation
1949-12-13,0.9992172,simulation
1949-12-14,0.9992867,simulation
1949-12-15,0.99843,simulation
1949-12-16,0.9978508,simulation
1949-12-17,0.99871516,simulation
1949-12-18,0.99829066,simulation
1949-12-19,0.99793863,simulation
1949-12-20,0.9975887,simulation
1949-12-21,0.99766785,simulation
1949-12-22,0.9984483,simulation
1949-12-23,0.9967096,simulation
1949-12-24,0.99683034,simulation
1949-12-25,0.9975312,simulation
1949-12-26,0.99837065,simulation
1949-12-27,0.9984033,simulation
1949-12-28,0.995683,simulation
1949-12-29,0.9965425,simulation
1949-12-30,0.9967813,simulation
1949-12-31,0.9972392,simulation
1950-01-01,0.9979596,simulation
1950-01-02,0.9977244,simulation
1950-01-03,0.9971665,simulation
1950-01-04,0.9980448,simulation
1950-01-05,0.99740195,simulation
1950-01-06,0.9703808,simulation
1950-01-07,0.96037847,simulation
1950-01-08,0.9672021,simulation
1950-01-09,0.9762701,simulation
1950-01-10,0.983069,simulation
1950-01-11,0.985128,simulation
1950-01-12,0.98624456,simulation
1950-01-13,0.98811007,simulation
1950-01-14,0.99053365,simulation
1950-01-15,0.9914875,simulation
1950-01-16,0.99276763,simulation
1950-01-17,0.990717,simulation
1950-01-18,0.99167395,simulation
1950-01-19,0.9932581,simulation
1950-01-20,0.9945188,simulation
1950-01-21,0.99515104,simulation
1950-01-22,0.9947819,simulation
1950-01-23,0.99477214,simulation
1950-01-24,0.9944159,simulation
1950-01-25,0.9949171,simulation
1950-01-26,0.9950588,simulation
1950-01-27,0.9938758,simulation
1950-01-28,0.9937943,simulation
1950-01-29,0.99398744,simulation
1950-01-30,0.99315655,simulation
1950-01-31,0.99420404,simulation
1950-02-01,0.99445605,simulation
1950-02-02,0.9960983,simulation
1950-02-03,0.99364746,simulation
1950-02-04,0.9945131,simulation
1950-02-05,0.99275076,simulation
1950-02-06,0.99468184,simulation
1950-02-07,0.99582,simulation
1950-02-08,0.99594903,simulation
1950-02-09,0.9969064,simulation
1950-02-10,0.995512,simulation
1950-02-11,0.9919152,simulation
1950-02-12,0.9922789,simulation
1950-02-13,0.99361753,simulation
1950-02-14,0.96156347,simulation
1950-02-15,0.96365315,simulation
1950-02-16,0.9728153,simulation
1950-02-17,0.9811342,simulation
1950-02-18,0.98562175,simulation
1950-02-19,0.9886602,simulation
1950-02-20,0.9902386,simulation
1950-02-21,0.9925425,simulation
1950-02-22,0.9948714,simulation
1950-02-23,0.98889077,simulation
1950-02-24,0.9903489,simulation
1950-02-25,0.99201053,simulation
1950-02-26,0.9918926,simulation
1950-02-27,0.9930096,simulation
1950-02-28,0.99535465,simulation
1950-03-01,0.9934697,simulation
1950-03-02,0.99318475,simulation
1950-03-03,0.99633116,simulation
1950-03-04,0.9958594,simulation
1950-03-05,0.9940572,simulation
1950-03-06,0.99473125,simulation
1950-03-07,0.991862,simulation
1950-03-08,0.98911405,simulation
1950-03-09,0.9925937,simulation
1950-03-10,0.9923308,simulation
1950-03-11,0.9935465,simulation
1950-03-12,0.995818,simulation
1950-03-13,0.99698335,simulation
1950-03-14,0.98972,simulation
1950-03-15,0.9947656,simulation
1950-03-16,0.99189335,simulation
1950-03-17,0.99062574,simulation
1950-03-18,0.99023896,simulation
1950-03-19,0.9952313,simulation
1950-03-20,0.99189246,simulation
1950-03-21,0.99542457,simulation
1950-03-22,0.98962533,simulation
1950-03-23,0.99112654,simulation
1950-03-24,0.9939919,simulation
1950-03-25,0.994797,simulation
1950-03-26,0.9953329,simulation
1950-03-27,0.9952309,simulation
1950-03-28,0.99122435,simulation
1950-03-29,0.9895631,simulation
1950-03-30,0.99210995,simulation
1950-03-31,0.9957398,simulation
1950-04-01,0.99777746,simulation
1950-04-02,0.9943882,simulation
1950-04-03,0.99532706,simulation
1950-04-04,0.99715203,simulation
1950-04-05,0.99126226,simulation
1950-04-06,0.9925616,simulation
1950-04-07,0.9937096,simulation
1950-04-08,0.9921657,simulation
1950-04-09,0.9930103,simulation
1950-04-10,0.9945903,simulation
1950-04-11,0.9938644,simulation
1950-04-12,0.99553734,simulation
1950-04-13,0.99661183,simulation
1950-04-14,0.99198735,simulation
1950-04-15,0.9923874,simulation
1950-04-16,0.9936336,simulation
1950-04-17,0.99851584,simulation
1950-04-18,0.9964453,simulation
1950-04-19,0.9950391,simulation
1950-04-20,0.9906278,simulation
1950-04-21,0.99156886,simulation
1950-04-22,0.993389,simulation
1950-04-23,0.9931602,simulation
1950-04-24,0.9960229,simulation
1950-04-25,0.99711645,simulation
1950-04-26,0.9917466,simulation
1950-04-27,0.9961236,simulation
1950-04-28,0.99621737,simulation
1950-04-29,0.9985712,simulation
1950-04-30,0.9981166,simulation
1950-05-01,0.9985471,simulation
1950-05-02,0.9963724,simulation
1950-05-03,0.98596525,simulation
1950-05-04,0.9886937,simulation
1950-05-05,0.98876405,simulation
1950-05-06,0.99095416,simulation
1950-05-07,0.99212694,simulation
1950-05-08,0.9918162,simulation
1950-05-09,0.99308676,simulation
1950-05-10,0.99221164,simulation
1950-05-11,0.9952243,simulation
1950-05-12,0.99626005,simulation
1950-05-13,0.9972252,simulation
1950-05-14,0.9923699,simulation
1950-05-15,0.9932456,simulation
1950-05-16,0.98954946,simulation
1950-05-17,0.98998123,simulation
1950-05-18,0.99273723,simulation
1950-05-19,0.9914621,simulation
1950-05-20,0.9942182,simulation
1950-05-21,0.99698645,simulation
1950-05-22,0.9934074,simulation
1950-05-23,0.9928049,simulation
1950-05-24,0.9911837,simulation
1950-05-25,0.9912587,simulation
1950-05-26,0.9916555,simulation
1950-05-27,0.99501836,simulation
1950-05-28,0.9961254,simulation
1950-05-29,0.99052155,simulation
1950-05-30,0.9955991,simulation
1950-05-31,0.9914177,simulation
1950-06-01,0.99749434,simulation
1950-06-02,0.99837476,simulation
1950-06-03,0.99739116,simulation
1950-06-04,0.99586755,simulation
1950-06-05,0.99146235,simulation
1950-06-06,0.9975587,simulation
1950-06-07,0.9963301,simulation
1950-06-08,0.99319106,simulation
1950-06-09,0.9936118,simulation
1950-06-10,0.9949121,simulation
1950-06-11,0.9934243,simulation
1950-06-12,0.9885366,simulation
1950-06-13,0.98845124,simulation
1950-06-14,0.9897667,simulation
1950-06-15,0.98967975,simulation
1950-06-16,0.9889816,simulation
1950-06-17,0.989757,simulation
1950-06-18,0.9899557,simulation
1950-06-19,0.9934229,simulation
1950-06-20,0.9983428,simulation
1950-06-21,0.9960208,simulation
1950-06-22,0.99423254,simulation
1950-06-23,0.99189234,simulation
1950-06-24,0.9878027,simulation
1950-06-25,0.9891559,simulation
1950-06-26,0.99014544,simulation
1950-06-27,0.9899069,simulation
1950-06-28,0.9881909,simulation
1950-06-29,0.99039197,simulation
1950-06-30,0.9915345,simulation
1950-07-01,0.987495,simulation
1950-07-02,0.99355304,simulation
1950-07-03,0.99130815,simulation
1950-07-04,0.9926312,simulation
1950-07-05,0.9935414,simulation
1950-07-06,0.99729186,simulation
1950-07-07,0.9942644,simulation
1950-07-08,0.9910011,simulation
1950-07-09,0.9890792,simulation
1950-07-10,0.9933418,simulation
1950-07-11,0.99442476,simulation
1950-07-12,0.9985457,simulation
1950-07-13,0.99304575,simulation
1950-07-14,0.9981018,simulation
1950-07-15,0.9973723,simulation
1950-07-16,0.99406284,simulation
1950-07-17,0.9933685,simulation
1950-07-18,0.99178684,simulation
1950-07-19,0.99033827,simulation
1950-07-20,0.98880893,simulation
1950-07-21,0.9916711,simulation
1950-07-22,0.9914739,simulation
1950-07-23,0.9919733,simulation
1950-07-24,0.9930881,simulation
1950-07-25,0.9959833,simulation
1950-07-26,0.9977599,simulation
1950-07-27,0.9957487,simulation
1950-07-28,0.99601287,simulation
1950-07-29,0.9952896,simulation
1950-07-30,0.99100405,simulation
1950-07-31,0.98974967,simulation
1950-08-01,0.98669523,simulation
1950-08-02,0.9873388,simulation
1950-08-03,0.99151754,simulation
1950-08-04,0.9892781,simulation
1950-08-05,0.9946043,simulation
1950-08-06,0.99034035,simulation
1950-08-07,0.98876905,simulation
1950-08-08,0.9917395,simulation
1950-08-09,0.9936736,simulation
1950-08-10,0.9933201,simulation
1950-08-11,0.9930685,simulation
1950-08-12,0.9911096,simulation
1950-08-13,0.99135995,simulation
1950-08-14,0.9922506,simulation
1950-08-15,0.9911409,simulation
1950-08-16,0.99567956,simulation
1950-08-17,0.9928592,simulation
1950-08-18,0.99172896,simulation
1950-08-19,0.99743104,simulation
1950-08-20,0.99588436,simulation
1950-08-21,0.9901587,simulation
1950-08-22,0.9914335,simulation
1950-08-23,0.9904054,simulation
1950-08-24,0.9908111,simulation
1950-08-25,0.9944258,simulation
1950-08-26,0.994652,simulation
1950-08-27,0.9912285,simulation
1950-08-28,0.9931892,simulation
1950-08-29,0.9958338,simulation
1950-08-30,0.99848014,simulation
1950-08-31,0.9958713,simulation
1950-09-01,0.9948067,simulation
1950-09-02,0.99819285,simulation
1950-09-03,0.99138534,simulation
1950-09-04,0.9921543,simulation
1950-09-05,0.9931393,simulation
1950-09-06,0.99027866,simulation
1950-09-07,0.99796885,simulation
1950-09-08,0.9974355,simulation
1950-09-09,0.99726903,simulation
1950-09-10,0.99356765,simulation
1950-09-11,0.9941605,simulation
1950-09-12,0.99149334,simulation
1950-09-13,0.9977408,simulation
1950-09-14,0.99806464,simulation
1950-09-15,0.9961436,simulation
1950-09-16,0.9970564,simulation
1950-09-17,0.9971886,simulation
1950-09-18,0.992388,simulation
1950-09-19,0.99553144,simulation
1950-09-20,0.99257076,simulation
1950-09-21,0.99660563,simulation
1950-09-22,0.9956419,simulation
1950-09-23,0.99643177,simulation
1950-09-24,0.99321175,simulation
1950-09-25,0.9958397,simulation
1950-09-26,0.99823856,simulation
1950-09-27,0.9988407,simulation
1950-09-28,0.99823874,simulation
1950-09-29,0.99848294,simulation
1950-09-30,0.9985421,simulation
1950-10-01,0.99808425,simulation
1950-10-02,0.99452424,simulation
1950-10-03,0.9927445,simulation
1950-10-04,0.9977985,simulation
1950-10-05,0.99281794,simulation
1950-10-06,0.9928851,simulation
1950-10-07,0.99398077,simulation
1950-10-08,0.9984769,simulation
1950-10-09,0.99344206,simulation
1950-10-10,0.993687,simulation
1950-10-11,0.9931095,simulation
1950-10-12,0.992285,simulation
1950-10-13,0.9928767,simulation
1950-10-14,0.99275476,simulation
1950-10-15,0.9926791,simulation
1950-10-16,0.9921864,simulation
1950-10-17,0.9948129,simulation
1950-10-18,0.99883556,simulation
1950-10-19,0.9977813,simulation
1950-10-20,0.9986351,simulation
1950-10-21,0.99922675,simulation
1950-10-22,0.9973923,simulation
1950-10-23,0.9958219,simulation
1950-10-24,0.99519503,simulation
1950-10-25,0.9951912,simulation
1950-10-26,0.9940492,simulation
1950-10-27,0.99383104,simulation
1950-10-28,0.99841535,simulation
1950-10-29,0.9949777,simulation
1950-10-30,0.995281,simulation
1950-10-31,0.99501157,simulation
1950-11-01,0.99480164,simulation
1950-11-02,0.9957599,simulation
1950-11-03,0.9993759,simulation
1950-11-04,0.99900013,simulation
1950-11-05,0.99647504,simulation
1950-11-06,0.99535173,simulation
1950-11-07,0.99523455,simulation
1950-11-08,0.99561775,simulation
1950-11-09,0.9979827,simulation
1950-11-10,0.99868524,simulation
1950-11-11,0.99792653,simulation
1950-11-12,0.9970713,simulation
1950-11-13,0.9969213,simulation
1950-11-14,0.99685156,simulation
1950-11-15,0.99757874,simulation
1950-11-16,0.9992499,simulation
1950-11-17,0.9975129,simulation
1950-11-18,0.9979314,simulation
1950-11-19,0.99763435,simulation
1950-11-20,0.9986414,simulation
1950-11-21,0.9967866,simulation
1950-11-22,0.99771935,simulation
1950-11-23,0.9968302,simulation
1950-11-24,0.9985923,simulation
1950-11-25,0.998137,simulation
1950-11-26,0.9974717,simulation
1950-11-27,0.99655724,simulation
1950-11-28,0.9976429,simulation
1950-11-29,0.9981253,simulation
1950-11-30,0.9980696,simulation
1950-12-01,0.99713403,simulation
1950-12-02,0.9988193,simulation
1950-12-03,0.9992118,simulation
1950-12-04,0.99884516,simulation
1950-12-05,0.99872917,simulation
1950-12-06,0.99913996,simulation
1950-12-07,0.99808395,simulation
1950-12-08,0.99849457,simulation
1950-12-09,0.9976384,simulation
1950-12-10,0.99531287,simulation
1950-12-11,0.99854195,simulation
1950-12-12,0.99782234,simulation
1950-12-13,0.9985152,simulation
1950-12-14,0.9991216,simulation
1950-12-15,0.99865645,simulation
1950-12-16,0.998255,simulation
1950-12-17,0.996582,simulation
1950-12-18,0.9974541,simulation
1950-12-19,0.9976722,simulation
1950-12-20,0.9980784,simulation
1950-12-21,0.9983696,simulation
1950-12-22,0.9978622,simulation
1950-12-23,0.9975711,simulation
1950-12-24,0.9977846,simulation
1950-12-25,0.99723387,simulation
1950-12-26,0.998532,simulation
1950-12-27,0.9983133,simulation
1950-12-28,0.99906456,simulation
1950-12-29,0.9985057,simulation
1950-12-30,0.998294,simulation
1950-12-31,0.9971923,simulation
1951-01-01,0.9978845,simulation
1951-01-02,0.9976925,simulation
1951-01-03,0.99829274,simulation
1951-01-04,0.99414784,simulation
1951-01-05,0.9943611,simulation
1951-01-06,0.99600625,simulation
1951-01-07,0.99249864,simulation
1951-01-08,0.9932305,simulation
1951-01-09,0.9938754,simulation
1951-01-10,0.99530125,simulation
1951-01-11,0.9941845,simulation
1951-01-12,0.995292,simulation
1951-01-13,0.99554086,simulation
1951-01-14,0.996107,simulation
1951-01-15,0.9924628,simulation
1951-01-16,0.9941938,simulation
1951-01-17,0.9955461,simulation
1951-01-18,0.99597955,simulation
1951-01-19,0.9930908,simulation
1951-01-20,0.9940612,simulation
1951-01-21,0.9932182,simulation
1951-01-22,0.9952947,simulation
1951-01-23,0.99630576,simulation
1951-01-24,0.9935629,simulation
1951-01-25,0.9952153,simulation
1951-01-26,0.9949229,simulation
1951-01-27,0.99533415,simulation
1951-01-28,0.9958751,simulation
1951-01-29,0.9979606,simulation
1951-01-30,0.9956363,simulation
1951-01-31,0.9960597,simulation
1951-02-01,0.9877161,simulation
1951-02-02,0.9874083,simulation
1951-02-03,0.98880416,simulation
1951-02-04,0.9901365,simulation
1951-02-05,0.99201244,simulation
1951-02-06,0.99333954,simulation
1951-02-07,0.9814036,simulation
1951-02-08,0.9860527,simulation
1951-02-09,0.99115103,simulation
1951-02-10,0.9890266,simulation
1951-02-11,0.98946774,simulation
1951-02-12,0.9916481,simulation
1951-02-13,0.99332905,simulation
1951-02-14,0.9916272,simulation
1951-02-15,0.9944479,simulation
1951-02-16,0.9896502,simulation
1951-02-17,0.99166995,simulation
1951-02-18,0.992759,simulation
1951-02-19,0.992725,simulation
1951-02-20,0.9941126,simulation
1951-02-21,0.99006736,simulation
1951-02-22,0.99279463,simulation
1951-02-23,0.9942918,simulation
1951-02-24,0.9940126,simulation
1951-02-25,0.9942773,simulation
1951-02-26,0.99541885,simulation
1951-02-27,0.9957129,simulation
1951-02-28,0.9959809,simulation
1951-03-01,0.99690855,simulation
1951-03-02,0.995219,simulation
1951-03-03,0.9958654,simulation
1951-03-04,0.9976561,simulation
1951-03-05,0.997176,simulation
1951-03-06,0.9952294,simulation
1951-03-07,0.99565023,simulation
1951-03-08,0.9954162,simulation
1951-03-09,0.9951248,simulation
1951-03-10,0.9956741,simulation
1951-03-11,0.9977455,simulation
1951-03-12,0.9979877,simulation
1951-03-13,0.99741584,simulation
1951-03-14,0.99493825,simulation
1951-03-15,0.9944046,simulation
1951-03-16,0.99440515,simulation
1951-03-17,0.9964663,simulation
1951-03-18,0.9970472,simulation
1951-03-19,0.9910728,simulation
1951-03-20,0.9906066,simulation
1951-03-21,0.9881898,simulation
1951-03-22,0.9891324,simulation
1951-03-23,0.9924445,simulation
1951-03-24,0.9923956,simulation
1951-03-25,0.9941587,simulation
1951-03-26,0.9949549,simulation
1951-03-27,0.9965148,simulation
1951-03-28,0.9895214,simulation
1951-03-29,0.9641059,simulation
1951-03-30,0.9702988,simulation
1951-03-31,0.9783672,simulation
1951-04-01,0.98595953,simulation
1951-04-02,0.99005365,simulation
1951-04-03,0.9898347,simulation
1951-04-04,0.9891978,simulation
1951-04-05,0.99419624,simulation
1951-04-06,0.99619645,simulation
1951-04-07,0.9946029,simulation
1951-04-08,0.98851323,simulation
1951-04-09,0.99299335,simulation
1951-04-10,0.9904302,simulation
1951-04-11,0.99604833,simulation
1951-04-12,0.9904721,simulation
1951-04-13,0.9900389,simulation
1951-04-14,0.98956645,simulation
1951-04-15,0.9913371,simulation
1951-04-16,0.992532,simulation
1951-04-17,0.9920559,simulation
1951-04-18,0.9954587,simulation
1951-04-19,0.9937378,simulation
1951-04-20,0.9927679,simulation
1951-04-21,0.99754316,simulation
1951-04-22,0.9932495,simulation
1951-04-23,0.98966044,simulation
1951-04-24,0.98954856,simulation
1951-04-25,0.9944307,simulation
1951-04-26,0.9948062,simulation
1951-04-27,0.9934851,simulation
1951-04-28,0.9929614,simulation
1951-04-29,0.9954947,simulation
1951-04-30,0.9928776,simulation
1951-05-01,0.99126893,simulation
1951-05-02,0.9949313,simulation
1951-05-03,0.9939596,simulation
1951-05-04,0.99055314,simulation
1951-05-05,0.9902706,simulation
1951-05-06,0.9974247,simulation
1951-05-07,0.99348915,simulation
1951-05-08,0.9956812,simulation
1951-05-09,0.9953672,simulation
1951-05-10,0.9979123,simulation
1951-05-11,0.9946113,simulation
1951-05-12,0.9935006,simulation
1951-05-13,0.9904886,simulation
1951-05-14,0.9890261,simulation
1951-05-15,0.9890771,simulation
1951-05-16,0.9901578,simulation
1951-05-17,0.98916227,simulation
1951-05-18,0.99011165,simulation
1951-05-19,0.98931354,simulation
1951-05-20,0.9922053,simulation
1951-05-21,0.9902242,simulation
1951-05-22,0.9932156,simulation
1951-05-23,0.99296117,simulation
1951-05-24,0.9920231,simulation
1951-05-25,0.99386245,simulation
1951-05-26,0.99117666,simulation
1951-05-27,0.9859742,simulation
1951-05-28,0.98925287,simulation
1951-05-29,0.98885566,simulation
1951-05-30,0.98909706,simulation
1951-05-31,0.98730356,simulation
1951-06-01,0.9892136,simulation
1951-06-02,0.99418414,simulation
1951-06-03,0.9854227,simulation
1951-06-04,0.9941907,simulation
1951-06-05,0.99268556,simulation
1951-06-06,0.98895013,simulation
1951-06-07,0.9898611,simulation
1951-06-08,0.9890089,simulation
1951-06-09,0.9895135,simulation
1951-06-10,0.9923474,simulation
1951-06-11,0.9908754,simulation
1951-06-12,0.99423224,simulation
1951-06-13,0.9930065,simulation
1951-06-14,0.99550253,simulation
1951-06-15,0.99777037,simulation
1951-06-16,0.9975431,simulation
1951-06-17,0.9953883,simulation
1951-06-18,0.9920602,simulation
1951-06-19,0.993027,simulation
1951-06-20,0.9944241,simulation
1951-06-21,0.9914078,simulation
1951-06-22,0.9875407,simulation
1951-06-23,0.9879505,simulation
1951-06-24,0.9881422,simulation
1951-06-25,0.98915005,simulation
1951-06-26,0.98763204,simulation
1951-06-27,0.98742145,simulation
1951-06-28,0.99076945,simulation
1951-06-29,0.9934913,simulation
1951-06-30,0.99465835,simulation
1951-07-01,0.99399483,simulation
1951-07-02,0.9977274,simulation
1951-07-03,0.99254173,simulation
1951-07-04,0.9900092,simulation
1951-07-05,0.98915756,simulation
1951-07-06,0.9873714,simulation
1951-07-07,0.98889005,simulation
1951-07-08,0.98777556,simulation
1951-07-09,0.98997957,simulation
1951-07-10,0.9866816,simulation
1951-07-11,0.98623055,simulation
1951-07-12,0.98696375,simulation
1951-07-13,0.99340326,simulation
1951-07-14,0.98913974,simulation
1951-07-15,0.98753065,simulation
1951-07-16,0.98863655,simulation
1951-07-17,0.9848163,simulation
1951-07-18,0.9852151,simulation
1951-07-19,0.9887702,simulation
1951-07-20,0.9854154,simulation
1951-07-21,0.98602444,simulation
1951-07-22,0.9912246,simulation
1951-07-23,0.99128675,simulation
1951-07-24,0.99137497,simulation
1951-07-25,0.9909126,simulation
1951-07-26,0.98903006,simulation
1951-07-27,0.9948449,simulation
1951-07-28,0.99747807,simulation
1951-07-29,0.9931609,simulation
1951-07-30,0.9888105,simulation
1951-07-31,0.98887205,simulation
1951-08-01,0.9873097,simulation
1951-08-02,0.98742515,simulation
1951-08-03,0.9885697,simulation
1951-08-04,0.9841971,simulation
1951-08-05,0.983109,simulation
1951-08-06,0.9849572,simulation
1951-08-07,0.98655885,simulation
1951-08-08,0.9919322,simulation
1951-08-09,0.98554367,simulation
1951-08-10,0.9852,simulation
1951-08-11,0.983709,simulation
1951-08-12,0.98215497,simulation
1951-08-13,0.9820203,simulation
1951-08-14,0.9815254,simulation
1951-08-15,0.984241,simulation
1951-08-16,0.9830709,simulation
1951-08-17,0.9849426,simulation
1951-08-18,0.9883144,simulation
1951-08-19,0.98434794,simulation
1951-08-20,0.983244,simulation
1951-08-21,0.9843644,simulation
1951-08-22,0.9937131,simulation
1951-08-23,0.9807641,simulation
1951-08-24,0.9801124,simulation
1951-08-25,0.98319876,simulation
1951-08-26,0.98268366,simulation
1951-08-27,0.9807199,simulation
1951-08-28,0.9818153,simulation
1951-08-29,0.9814937,simulation
1951-08-30,0.980241,simulation
1951-08-31,0.98052603,simulation
1951-09-01,0.9850914,simulation
1951-09-02,0.98118603,simulation
1951-09-03,0.98276824,simulation
1951-09-04,0.9839753,simulation
1951-09-05,0.98265505,simulation
1951-09-06,0.98526984,simulation
1951-09-07,0.98220444,simulation
1951-09-08,0.98284334,simulation
1951-09-09,0.9813487,simulation
1951-09-10,0.9952323,simulation
1951-09-11,0.99192286,simulation
1951-09-12,0.99551415,simulation
1951-09-13,0.99865675,simulation
1951-09-14,0.9990583,simulation
1951-09-15,0.9893044,simulation
1951-09-16,0.991372,simulation
1951-09-17,0.9895581,simulation
1951-09-18,0.98375136,simulation
1951-09-19,0.9843807,simulation
1951-09-20,0.9976841,simulation
1951-09-21,0.9988932,simulation
1951-09-22,0.9985916,simulation
1951-09-23,0.99825925,simulation
1951-09-24,0.9937475,simulation
1951-09-25,0.99864167,simulation
1951-09-26,0.9986429,simulation
1951-09-27,0.99562955,simulation
1951-09-28,0.9881235,simulation
1951-09-29,0.98662007,simulation
1951-09-30,0.99103713,simulation
1951-10-01,0.98974556,simulation
1951-10-02,0.98720616,simulation
1951-10-03,0.9877549,simulation
1951-10-04,0.9886586,simulation
1951-10-05,0.98797345,simulation
1951-10-06,0.98709947,simulation
1951-10-07,0.99605095,simulation
1951-10-08,0.99047023,simulation
1951-10-09,0.9894178,simulation
1951-10-10,0.9887953,simulation
1951-10-11,0.9894608,simulation
1951-10-12,0.989188,simulation
1951-10-13,0.98857915,simulation
1951-10-14,0.99611276,simulation
1951-10-15,0.98802394,simulation
1951-10-16,0.98876977,simulation
1951-10-17,0.98822707,simulation
1951-10-18,0.99226683,simulation
1951-10-19,0.9926564,simulation
1951-10-20,0.98936415,simulation
1951-10-21,0.9936575,simulation
1951-10-22,0.998642,simulation
1951-10-23,0.9988025,simulation
1951-10-24,0.9968352,simulation
1951-10-25,0.99813306,simulation
1951-10-26,0.99635404,simulation
1951-10-27,0.9984575,simulation
1951-10-28,0.99868524,simulation
1951-10-29,0.9988611,simulation
1951-10-30,0.9971326,simulation
1951-10-31,0.99820185,simulation
1951-11-01,0.9993693,simulation
1951-11-02,0.9992381,simulation
1951-11-03,0.9969774,simulation
1951-11-04,0.9959845,simulation
1951-11-05,0.99351174,simulation
1951-11-06,0.9988453,simulation
1951-11-07,0.995642,simulation
1951-11-08,0.997137,simulation
1951-11-09,0.9969361,simulation
1951-11-10,0.99784696,simulation
1951-11-11,0.9951272,simulation
1951-11-12,0.9989233,simulation
1951-11-13,0.9981554,simulation
1951-11-14,0.9940044,simulation
1951-11-15,0.99778247,simulation
1951-11-16,0.99887526,simulation
1951-11-17,0.99808896,simulation
1951-11-18,0.9979146,simulation
1951-11-19,0.9978758,simulation
1951-11-20,0.99729705,simulation
1951-11-21,0.9970897,simulation
1951-11-22,0.99800456,simulation
1951-11-23,0.9989553,simulation
1951-11-24,0.9990868,simulation
1951-11-25,0.99837726,simulation
1951-11-26,0.9989778,simulation
1951-11-27,0.9990827,simulation
1951-11-28,0.99923664,simulation
1951-11-29,0.99802333,simulation
1951-11-30,0.99910897,simulation
1951-12-01,0.99762243,simulation
1951-12-02,0.99906886,simulation
1951-12-03,0.9993854,simulation
1951-12-04,0.99782306,simulation
1951-12-05,0.99524176,simulation
1951-12-06,0.99828947,simulation
1951-12-07,0.9988689,simulation
1951-12-08,0.99847066,simulation
1951-12-09,0.9993318,simulation
1951-12-10,0.9992218,simulation
1951-12-11,0.9980125,simulation
1951-12-12,0.99743843,simulation
1951-12-13,0.99892783,simulation
1951-12-14,0.9991318,simulation
1951-12-15,0.99761635,simulation
1951-12-16,0.9984774,simulation
1951-12-17,0.9983758,simulation
1951-12-18,0.997916,simulation
1951-12-19,0.9984811,simulation
1951-12-20,0.99942887,simulation
1951-12-21,0.99857044,simulation
1951-12-22,0.9983098,simulation
1951-12-23,0.9980568,simulation
1951-12-24,0.99861896,simulation
1951-12-25,0.9989549,simulation
1951-12-26,0.9987778,simulation
1951-12-27,0.9977817,simulation
1951-12-28,0.99815387,simulation
1951-12-29,0.99904555,simulation
1951-12-30,0.99877197,simulation
1951-12-31,0.99775654,simulation
1952-01-01,0.9981458,simulation
1952-01-02,0.9989938,simulation
1952-01-03,0.99935806,simulation
1952-01-04,0.9994847,simulation
1952-01-05,0.9993824,simulation
1952-01-06,0.99900675,simulation
1952-01-07,0.9988626,simulation
1952-01-08,0.99926084,simulation
1952-01-09,0.9990957,simulation
1952-01-10,0.9974802,simulation
1952-01-11,0.99893886,simulation
1952-01-12,0.99901164,simulation
1952-01-13,0.9988865,simulation
1952-01-14,0.9989915,simulation
1952-01-15,0.9991831,simulation
1952-01-16,0.99905115,simulation
1952-01-17,0.9989238,simulation
1952-01-18,0.9987085,simulation
1952-01-19,0.9988636,simulation
1952-01-20,0.99855775,simulation
1952-01-21,0.9986439,simulation
1952-01-22,0.9982677,simulation
1952-01-23,0.99747646,simulation
1952-01-24,0.99873644,simulation
1952-01-25,0.99897677,simulation
1952-01-26,0.998577,simulation
1952-01-27,0.99883443,simulation
1952-01-28,0.99736595,simulation
1952-01-29,0.99761355,simulation
1952-01-30,0.9978977,simulation
1952-01-31,0.99810344,simulation
1952-02-01,0.99878037,simulation
1952-02-02,0.9992679,simulation
1952-02-03,0.9960912,simulation
1952-02-04,0.9981328,simulation
1952-02-05,0.99624586,simulation
1952-02-06,0.9959612,simulation
1952-02-07,0.995706,simulation
1952-02-08,0.9950929,simulation
1952-02-09,0.99764913,simulation
1952-02-10,0.99781686,simulation
1952-02-11,0.997185,simulation
1952-02-12,0.9978629,simulation
1952-02-13,0.99778414,simulation
1952-02-14,0.99582833,simulation
1952-02-15,0.99714136,simulation
1952-02-16,0.9983936,simulation
1952-02-17,0.99786055,simulation
1952-02-18,0.99673104,simulation
1952-02-19,0.9981476,simulation
1952-02-20,0.9959965,simulation
1952-02-21,0.994989,simulation
1952-02-22,0.9982807,simulation
1952-02-23,0.9981332,simulation
1952-02-24,0.9977917,simulation
1952-02-25,0.9976825,simulation
1952-02-26,0.99804324,simulation
1952-02-27,0.99463093,simulation
1952-02-28,0.99759156,simulation
1952-02-29,0.9943087,simulation
1952-03-01,0.9975787,simulation
1952-03-02,0.99789697,simulation
1952-03-03,0.9979754,simulation
1952-03-04,0.99272346,simulation
1952-03-05,0.9958822,simulation
1952-03-06,0.9926161,simulation
1952-03-07,0.9927319,simulation
1952-03-08,0.99324304,simulation
1952-03-09,0.99718136,simulation
1952-03-10,0.9977977,simulation
1952-03-11,0.99258435,simulation
1952-03-12,0.99453366,simulation
1952-03-13,0.99248797,simulation
1952-03-14,0.995538,simulation
1952-03-15,0.9916354,simulation
1952-03-16,0.995324,simulation
1952-03-17,0.9963825,simulation
1952-03-18,0.9960961,simulation
1952-03-19,0.99137866,simulation
1952-03-20,0.9927577,simulation
1952-03-21,0.9956352,simulation
1952-03-22,0.99658066,simulation
1952-03-23,0.9958644,simulation
1952-03-24,0.99191076,simulation
1952-03-25,0.9948399,simulation
1952-03-26,0.9925936,simulation
1952-03-27,0.9919902,simulation
1952-03-28,0.9949333,simulation
1952-03-29,0.99380624,simulation
1952-03-30,0.995752,simulation
1952-03-31,0.99831164,simulation
1952-04-01,0.9934077,simulation
1952-04-02,0.9909477,simulation
1952-04-03,0.99275637,simulation
1952-04-04,0.9937689,simulation
1952-04-05,0.99241877,simulation
1952-04-06,0.99236655,simulation
1952-04-07,0.99258775,simulation
1952-04-08,0.9917011,simulation
1952-04-09,0.9952412,simulation
1952-04-10,0.9984084,simulation
1952-04-11,0.99566424,simulation
1952-04-12,0.9982314,simulation
1952-04-13,0.99285036,simulation
1952-04-14,0.99127585,simulation
1952-04-15,0.99122745,simulation
1952-04-16,0.99081767,simulation
1952-04-17,0.9965873,simulation
1952-04-18,0.9978444,simulation
1952-04-19,0.9966676,simulation
1952-04-20,0.99818134,simulation
1952-04-21,0.9948042,simulation
1952-04-22,0.99812406,simulation
1952-04-23,0.998684,simulation
1952-04-24,0.99314094,simulation
1952-04-25,0.9944869,simulation
1952-04-26,0.9923325,simulation
1952-04-27,0.99035174,simulation
1952-04-28,0.9905128,simulation
1952-04-29,0.98985654,simulation
1952-04-30,0.98956513,simulation
1952-05-01,0.9924364,simulation
1952-05-02,0.99553174,simulation
1952-05-03,0.9900991,simulation
1952-05-04,0.98925686,simulation
1952-05-05,0.98976547,simulation
1952-05-06,0.99105936,simulation
1952-05-07,0.99034977,simulation
1952-05-08,0.99084204,simulation
1952-05-09,0.9929435,simulation
1952-05-10,0.9955204,simulation
1952-05-11,0.98856217,simulation
1952-05-12,0.9896633,simulation
1952-05-13,0.9893756,simulation
1952-05-14,0.98932314,simulation
1952-05-15,0.99131006,simulation
1952-05-16,0.9937913,simulation
1952-05-17,0.99220735,simulation
1952-05-18,0.99437594,simulation
1952-05-19,0.99911755,simulation
1952-05-20,0.9982084,simulation
1952-05-21,0.9916496,simulation
1952-05-22,0.9946715,simulation
1952-05-23,0.9925647,simulation
1952-05-24,0.9904734,simulation
1952-05-25,0.9975829,simulation
1952-05-26,0.99049157,simulation
1952-05-27,0.9915066,simulation
1952-05-28,0.99712664,simulation
1952-05-29,0.99481285,simulation
1952-05-30,0.9937985,simulation
1952-05-31,0.99005437,simulation
1952-06-01,0.9886217,simulation
1952-06-02,0.9885319,simulation
1952-06-03,0.9949757,simulation
1952-06-04,0.98937136,simulation
1952-06-05,0.9939108,simulation
1952-06-06,0.9930419,simulation
1952-06-07,0.99349964,simulation
1952-06-08,0.9943598,simulation
1952-06-09,0.9935186,simulation
1952-06-10,0.99169695,simulation
1952-06-11,0.9903961,simulation
1952-06-12,0.9884368,simulation
1952-06-13,0.98949957,simulation
1952-06-14,0.9888294,simulation
1952-06-15,0.98842484,simulation
1952-06-16,0.98951036,simulation
1952-06-17,0.99127156,simulation
1952-06-18,0.9941123,simulation
1952-06-19,0.99353224,simulation
1952-06-20,0.9922015,simulation
1952-06-21,0.9904984,simulation
1952-06-22,0.99309254,simulation
1952-06-23,0.989573,simulation
1952-06-24,0.9890187,simulation
1952-06-25,0.99011946,simulation
1952-06-26,0.99039507,simulation
1952-06-27,0.9890778,simulation
1952-06-28,0.9962002,simulation
1952-06-29,0.99366426,simulation
1952-06-30,0.9931919,simulation
1952-07-01,0.9885595,simulation
1952-07-02,0.98908967,simulation
1952-07-03,0.99049604,simulation
1952-07-04,0.99245256,simulation
1952-07-05,0.9886887,simulation
1952-07-06,0.98778576,simulation
1952-07-07,0.98941576,simulation
1952-07-08,0.9918899,simulation
1952-07-09,0.9972403,simulation
1952-07-10,0.9928448,simulation
1952-07-11,0.9926459,simulation
1952-07-12,0.9923102,simulation
1952-07-13,0.9921136,simulation
1952-07-14,0.9928381,simulation
1952-07-15,0.99894756,simulation
1952-07-16,0.99892765,simulation
1952-07-17,0.993177,simulation
1952-07-18,0.99093187,simulation
1952-07-19,0.99170834,simulation
1952-07-20,0.9908519,simulation
1952-07-21,0.9905077,simulation
1952-07-22,0.99598306,simulation
1952-07-23,0.9880954,simulation
1952-07-24,0.98688525,simulation
1952-07-25,0.9877426,simulation
1952-07-26,0.9954982,simulation
1952-07-27,0.9896675,simulation
1952-07-28,0.9872727,simulation
1952-07-29,0.99050915,simulation
1952-07-30,0.99216825,simulation
1952-07-31,0.9911394,simulation
1952-08-01,0.9957816,simulation
1952-08-02,0.9919784,simulation
1952-08-03,0.99231356,simulation
1952-08-04,0.989588,simulation
1952-08-05,0.98854125,simulation
1952-08-06,0.99096817,simulation
1952-08-07,0.990509,simulation
1952-08-08,0.9904973,simulation
1952-08-09,0.99599665,simulation
1952-08-10,0.99229354,simulation
1952-08-11,0.99249,simulation
1952-08-12,0.9948743,simulation
1952-08-13,0.9937817,simulation
1952-08-14,0.99017394,simulation
1952-08-15,0.9906933,simulation
1952-08-16,0.9897293,simulation
1952-08-17,0.9872283,simulation
1952-08-18,0.990356,simulation
1952-08-19,0.992331,simulation
1952-08-20,0.99156827,simulation
1952-08-21,0.9941216,simulation
1952-08-22,0.9902773,simulation
1952-08-23,0.99367964,simulation
1952-08-24,0.99449474,simulation
1952-08-25,0.9953664,simulation
1952-08-26,0.99217105,simulation
1952-08-27,0.9868465,simulation
1952-08-28,0.9876041,simulation
1952-08-29,0.9885379,simulation
1952-08-30,0.9892212,simulation
1952-08-31,0.9941347,simulation
1952-09-01,0.99571735,simulation
1952-09-02,0.99432594,simulation
1952-09-03,0.9899259,simulation
1952-09-04,0.9878916,simulation
1952-09-05,0.9898751,simulation
1952-09-06,0.9900768,simulation
1952-09-07,0.9945049,simulation
1952-09-08,0.99069476,simulation
1952-09-09,0.9939185,simulation
1952-09-10,0.98879796,simulation
1952-09-11,0.9876224,simulation
1952-09-12,0.996608,simulation
1952-09-13,0.99862677,simulation
1952-09-14,0.9990488,simulation
1952-09-15,0.99379575,simulation
1952-09-16,0.98861,simulation
1952-09-17,0.9915844,simulation
1952-09-18,0.9991785,simulation
1952-09-19,0.9990152,simulation
1952-09-20,0.99859697,simulation
1952-09-21,0.9981361,simulation
1952-09-22,0.987893,simulation
1952-09-23,0.9887497,simulation
1952-09-24,0.9968066,simulation
1952-09-25,0.99087733,simulation
1952-09-26,0.9882762,simulation
1952-09-27,0.98881876,simulation
1952-09-28,0.9889183,simulation
1952-09-29,0.98883206,simulation
1952-09-30,0.9894142,simulation
1952-10-01,0.9895734,simulation
1952-10-02,0.9881732,simulation
1952-10-03,0.9874602,simulation
1952-10-04,0.9891638,simulation
1952-10-05,0.9913597,simulation
1952-10-06,0.994093,simulation
1952-10-07,0.9926088,simulation
1952-10-08,0.98945314,simulation
1952-10-09,0.9981662,simulation
1952-10-10,0.9904971,simulation
1952-10-11,0.9908206,simulation
1952-10-12,0.9906897,simulation
1952-10-13,0.9909355,simulation
1952-10-14,0.9947966,simulation
1952-10-15,0.9930007,simulation
1952-10-16,0.99029815,simulation
1952-10-17,0.9895999,simulation
1952-10-18,0.98858386,simulation
1952-10-19,0.9881307,simulation
1952-10-20,0.98733604,simulation
1952-10-21,0.9904192,simulation
1952-10-22,0.99563986,simulation
1952-10-23,0.9908627,simulation
1952-10-24,0.9899071,simulation
1952-10-25,0.99033666,simulation
1952-10-26,0.9904351,simulation
1952-10-27,0.99089754,simulation
1952-10-28,0.9889985,simulation
1952-10-29,0.99171776,simulation
1952-10-30,0.998529,simulation
1952-10-31,0.99764806,simulation
1952-11-01,0.9969627,simulation
1952-11-02,0.9957631,simulation
1952-11-03,0.9972081,simulation
1952-11-04,0.99395436,simulation
1952-11-05,0.99795586,simulation
1952-11-06,0.9966789,simulation
1952-11-07,0.9909266,simulation
1952-11-08,0.9956056,simulation
1952-11-09,0.9988846,simulation
1952-11-10,0.99942005,simulation
1952-11-11,0.9974942,simulation
1952-11-12,0.9959787,simulation
1952-11-13,0.99683225,simulation
1952-11-14,0.99701816,simulation
1952-11-15,0.9943033,simulation
1952-11-16,0.99828845,simulation
1952-11-17,0.9987658,simulation
1952-11-18,0.9991226,simulation
1952-11-19,0.9945057,simulation
1952-11-20,0.995883,simulation
1952-11-21,0.9963305,simulation
1952-11-22,0.99727345,simulation
1952-11-23,0.9967818,simulation
1952-11-24,0.9983855,simulation
1952-11-25,0.9991502,simulation
1952-11-26,0.9982929,simulation
1952-11-27,0.9986631,simulation
1952-11-28,0.9980968,simulation
1952-11-29,0.99914783,simulation
1952-11-30,0.99930984,simulation
1952-12-01,0.9990052,simulation
1952-12-02,0.99933684,simulation
1952-12-03,0.9993813,simulation
1952-12-04,0.9991293,simulation
1952-12-05,0.99679786,simulation
1952-12-06,0.9975392,simulation
1952-12-07,0.99898034,simulation
1952-12-08,0.9990281,simulation
1952-12-09,0.9988506,simulation
1952-12-10,0.99452734,simulation
1952-12-11,0.9972282,simulation
1952-12-12,0.9978657,simulation
1952-12-13,0.99808514,simulation
1952-12-14,0.998336,simulation
1952-12-15,0.99825466,simulation
1952-12-16,0.99813026,simulation
1952-12-17,0.9989795,simulation
1952-12-18,0.9985468,simulation
1952-12-19,0.99888587,simulation
1952-12-20,0.9973829,simulation
1952-12-21,0.9989643,simulation
1952-12-22,0.9988172,simulation
1952-12-23,0.99890155,simulation
1952-12-24,0.9994273,simulation
1952-12-25,0.9991686,simulation
1952-12-26,0.9991091,simulation
1952-12-27,0.999201,simulation
1952-12-28,0.9984445,simulation
1952-12-29,0.9993077,simulation
1952-12-30,0.9993861,simulation
1952-12-31,0.998676,simulation
1953-01-01,0.9986477,simulation
1953-01-02,0.99659836,simulation
1953-01-03,0.9970863,simulation
1953-01-04,0.9976923,simulation
1953-01-05,0.99708825,simulation
1953-01-06,0.99749243,simulation
1953-01-07,0.9989496,simulation
1953-01-08,0.9990696,simulation
1953-01-09,0.9989867,simulation
1953-01-10,0.99908155,simulation
1953-01-11,0.99712807,simulation
1953-01-12,0.9973638,simulation
1953-01-13,0.9984739,simulation
1953-01-14,0.99828994,simulation
1953-01-15,0.9985782,simulation
1953-01-16,0.9982446,simulation
1953-01-17,0.99953735,simulation
1953-01-18,0.99713486,simulation
1953-01-19,0.9976899,simulation
1953-01-20,0.997777,simulation
1953-01-21,0.99665266,simulation
1953-01-22,0.99890447,simulation
1953-01-23,0.9984447,simulation
1953-01-24,0.9958457,simulation
1953-01-25,0.9956901,simulation
1953-01-26,0.99574184,simulation
1953-01-27,0.99813116,simulation
1953-01-28,0.99812895,simulation
1953-01-29,0.9954534,simulation
1953-01-30,0.99587786,simulation
1953-01-31,0.99807733,simulation
1953-02-01,0.99865943,simulation
1953-02-02,0.9985264,simulation
1953-02-03,0.9984176,simulation
1953-02-04,0.99728227,simulation
1953-02-05,0.9982301,simulation
1953-02-06,0.99886304,simulation
1953-02-07,0.99613637,simulation
1953-02-08,0.9951723,simulation
1953-02-09,0.9977958,simulation
1953-02-10,0.99715394,simulation
1953-02-11,0.99670565,simulation
1953-02-12,0.9970933,simulation
1953-02-13,0.99581486,simulation
1953-02-14,0.9982658,simulation
1953-02-15,0.9923748,simulation
1953-02-16,0.99475354,simulation
1953-02-17,0.9947466,simulation
1953-02-18,0.9945129,simulation
1953-02-19,0.9969115,simulation
1953-02-20,0.9946782,simulation
1953-02-21,0.98830724,simulation
1953-02-22,0.9894935,simulation
1953-02-23,0.9918894,simulation
1953-02-24,0.9914964,simulation
1953-02-25,0.97908765,simulation
1953-02-26,0.97921205,simulation
1953-02-27,0.98249847,simulation
1953-02-28,0.98839647,simulation
1953-03-01,0.9917513,simulation
1953-03-02,0.99215275,simulation
1953-03-03,0.99301654,simulation
1953-03-04,0.99324644,simulation
1953-03-05,0.9919557,simulation
1953-03-06,0.9944713,simulation
1953-03-07,0.9952208,simulation
1953-03-08,0.9919619,simulation
1953-03-09,0.994936,simulation
1953-03-10,0.9973155,simulation
1953-03-11,0.996767,simulation
1953-03-12,0.99512583,simulation
1953-03-13,0.9906581,simulation
1953-03-14,0.9928958,simulation
1953-03-15,0.9868967,simulation
1953-03-16,0.9881823,simulation
1953-03-17,0.9902875,simulation
1953-03-18,0.99395525,simulation
1953-03-19,0.9911121,simulation
1953-03-20,0.9941374,simulation
1953-03-21,0.9931643,simulation
1953-03-22,0.9925834,simulation
1953-03-23,0.989129,simulation
1953-03-24,0.9885515,simulation
1953-03-25,0.988744,simulation
1953-03-26,0.9916626,simulation
1953-03-27,0.9954919,simulation
1953-03-28,0.9912168,simulation
1953-03-29,0.99104434,simulation
1953-03-30,0.9944858,simulation
1953-03-31,0.99694866,simulation
1953-04-01,0.99514216,simulation
1953-04-02,0.99780583,simulation
1953-04-03,0.9921004,simulation
1953-04-04,0.99222547,simulation
1953-04-05,0.99576837,simulation
1953-04-06,0.99831414,simulation
1953-04-07,0.9941661,simulation
1953-04-08,0.9948898,simulation
1953-04-09,0.9972362,simulation
1953-04-10,0.99167836,simulation
1953-04-11,0.99396783,simulation
1953-04-12,0.9959059,simulation
1953-04-13,0.989932,simulation
1953-04-14,0.99224186,simulation
1953-04-15,0.9932485,simulation
1953-04-16,0.9894709,simulation
1953-04-17,0.9929751,simulation
1953-04-18,0.9948737,simulation
1953-04-19,0.9906425,simulation
1953-04-20,0.99141556,simulation
1953-04-21,0.99108106,simulation
1953-04-22,0.9919637,simulation
1953-04-23,0.99404824,simulation
1953-04-24,0.9972738,simulation
1953-04-25,0.9902778,simulation
1953-04-26,0.9872432,simulation
1953-04-27,0.99021125,simulation
1953-04-28,0.99309397,simulation
1953-04-29,0.9965826,simulation
1953-04-30,0.9768073,simulation
1953-05-01,0.9879977,simulation
1953-05-02,0.98975676,simulation
1953-05-03,0.9880489,simulation
1953-05-04,0.97595525,simulation
1953-05-05,0.9703228,simulation
1953-05-06,0.97534907,simulation
1953-05-07,0.97851187,simulation
1953-05-08,0.98355895,simulation
1953-05-09,0.98885894,simulation
1953-05-10,0.98814017,simulation
1953-05-11,0.9891211,simulation
1953-05-12,0.9905956,simulation
1953-05-13,0.99682224,simulation
1953-05-14,0.9965285,simulation
1953-05-15,0.9956706,simulation
1953-05-16,0.9902078,simulation
1953-05-17,0.9908334,simulation
1953-05-18,0.9802112,simulation
1953-05-19,0.98060584,simulation
1953-05-20,0.982077,simulation
1953-05-21,0.985967,simulation
1953-05-22,0.9878337,simulation
1953-05-23,0.988926,simulation
1953-05-24,0.98996085,simulation
1953-05-25,0.98940516,simulation
1953-05-26,0.988757,simulation
1953-05-27,0.98853415,simulation
1953-05-28,0.98773926,simulation
1953-05-29,0.98967373,simulation
1953-05-30,0.9907931,simulation
1953-05-31,0.99419254,simulation
1953-06-01,0.99019474,simulation
1953-06-02,0.98747045,simulation
1953-06-03,0.98881745,simulation
1953-06-04,0.99278545,simulation
1953-06-05,0.9950127,simulation
1953-06-06,0.99249035,simulation
1953-06-07,0.991926,simulation
1953-06-08,0.9937321,simulation
1953-06-09,0.99082667,simulation
1953-06-10,0.9901533,simulation
1953-06-11,0.9937405,simulation
1953-06-12,0.9942256,simulation
1953-06-13,0.98960525,simulation
1953-06-14,0.98916835,simulation
1953-06-15,0.99097687,simulation
1953-06-16,0.99179256,simulation
1953-06-17,0.98860663,simulation
1953-06-18,0.9882937,simulation
1953-06-19,0.98799014,simulation
1953-06-20,0.9896057,simulation
1953-06-21,0.98811984,simulation
1953-06-22,0.9944726,simulation
1953-06-23,0.98991835,simulation
1953-06-24,0.99241,simulation
1953-06-25,0.99440664,simulation
1953-06-26,0.9939526,simulation
1953-06-27,0.9975993,simulation
1953-06-28,0.9989692,simulation
1953-06-29,0.9917024,simulation
1953-06-30,0.9902848,simulation
1953-07-01,0.9922936,simulation
1953-07-02,0.99024886,simulation
1953-07-03,0.98997295,simulation
1953-07-04,0.9893788,simulation
1953-07-05,0.9900128,simulation
1953-07-06,0.9885433,simulation
1953-07-07,0.98872685,simulation
1953-07-08,0.99121094,simulation
1953-07-09,0.9888905,simulation
1953-07-10,0.99179965,simulation
1953-07-11,0.9933734,simulation
1953-07-12,0.9927029,simulation
1953-07-13,0.9988305,simulation
1953-07-14,0.99885195,simulation
1953-07-15,0.995013,simulation
1953-07-16,0.99901694,simulation
1953-07-17,0.997878,simulation
1953-07-18,0.9931085,simulation
1953-07-19,0.9961603,simulation
1953-07-20,0.9988474,simulation
1953-07-21,0.99795324,simulation
1953-07-22,0.99532986,simulation
1953-07-23,0.997292,simulation
1953-07-24,0.99387306,simulation
1953-07-25,0.9929267,simulation
1953-07-26,0.99058706,simulation
1953-07-27,0.9882217,simulation
1953-07-28,0.9914334,simulation
1953-07-29,0.99047154,simulation
1953-07-30,0.9954999,simulation
1953-07-31,0.99548125,simulation
1953-08-01,0.99395365,simulation
1953-08-02,0.9936515,simulation
1953-08-03,0.9930035,simulation
1953-08-04,0.9918591,simulation
1953-08-05,0.9907625,simulation
1953-08-06,0.99060947,simulation
1953-08-07,0.9901042,simulation
1953-08-08,0.98971415,simulation
1953-08-09,0.99135476,simulation
1953-08-10,0.9891659,simulation
1953-08-11,0.98961085,simulation
1953-08-12,0.99117565,simulation
1953-08-13,0.9903655,simulation
1953-08-14,0.99034804,simulation
1953-08-15,0.992105,simulation
1953-08-16,0.9914718,simulation
1953-08-17,0.9942708,simulation
1953-08-18,0.99385417,simulation
1953-08-19,0.99430466,simulation
1953-08-20,0.99237514,simulation
1953-08-21,0.99890506,simulation
1953-08-22,0.99893034,simulation
1953-08-23,0.9980758,simulation
1953-08-24,0.9976897,simulation
1953-08-25,0.99902153,simulation
1953-08-26,0.99874103,simulation
1953-08-27,0.9979359,simulation
1953-08-28,0.9973879,simulation
1953-08-29,0.9950705,simulation
1953-08-30,0.99321127,simulation
1953-08-31,0.9889625,simulation
1953-09-01,0.99068147,simulation
1953-09-02,0.99371696,simulation
1953-09-03,0.9934463,simulation
1953-09-04,0.99751794,simulation
1953-09-05,0.9926517,simulation
1953-09-06,0.98905885,simulation
1953-09-07,0.98960835,simulation
1953-09-08,0.9900139,simulation
1953-09-09,0.99041855,simulation
1953-09-10,0.99052125,simulation
1953-09-11,0.99310565,simulation
1953-09-12,0.9943982,simulation
1953-09-13,0.997018,simulation
1953-09-14,0.9961722,simulation
1953-09-15,0.9916025,simulation
1953-09-16,0.991798,simulation
1953-09-17,0.9925556,simulation
1953-09-18,0.9930285,simulation
1953-09-19,0.9920259,simulation
1953-09-20,0.9914559,simulation
1953-09-21,0.9900813,simulation
1953-09-22,0.9890768,simulation
1953-09-23,0.991194,simulation
1953-09-24,0.9979043,simulation
1953-09-25,0.9965422,simulation
1953-09-26,0.9926739,simulation
1953-09-27,0.9910809,simulation
1953-09-28,0.99077934,simulation
1953-09-29,0.99054277,simulation
1953-09-30,0.9915736,simulation
1953-10-01,0.99678326,simulation
1953-10-02,0.99496204,simulation
1953-10-03,0.9933617,simulation
1953-10-04,0.99220735,simulation
1953-10-05,0.993106,simulation
1953-10-06,0.9930272,simulation
1953-10-07,0.99274665,simulation
1953-10-08,0.99213403,simulation
1953-10-09,0.9914642,simulation
1953-10-10,0.9917853,simulation
1953-10-11,0.9915909,simulation
1953-10-12,0.99729824,simulation
1953-10-13,0.9919067,simulation
1953-10-14,0.9920498,simulation
1953-10-15,0.99230033,simulation
1953-10-16,0.9919827,simulation
1953-10-17,0.99161196,simulation
1953-10-18,0.99183923,simulation
1953-10-19,0.99429363,simulation
1953-10-20,0.99215543,simulation
1953-10-21,0.99305576,simulation
1953-10-22,0.9948089,simulation
1953-10-23,0.99789995,simulation
1953-10-24,0.99842674,simulation
1953-10-25,0.993084,simulation
1953-10-26,0.9990906,simulation
1953-10-27,0.99796546,simulation
1953-10-28,0.9928041,simulation
1953-10-29,0.9923804,simulation
1953-10-30,0.9982274,simulation
1953-10-31,0.99897474,simulation
1953-11-01,0.99886256,simulation
1953-11-02,0.9959777,simulation
1953-11-03,0.9981943,simulation
1953-11-04,0.9993397,simulation
1953-11-05,0.99420106,simulation
1953-11-06,0.99327683,simulation
1953-11-07,0.9986975,simulation
1953-11-08,0.99921685,simulation
1953-11-09,0.9935517,simulation
1953-11-10,0.9939929,simulation
1953-11-11,0.99539393,simulation
1953-11-12,0.99516064,simulation
1953-11-13,0.9954298,simulation
1953-11-14,0.995489,simulation
1953-11-15,0.99876195,simulation
1953-11-16,0.9990539,simulation
1953-11-17,0.9981014,simulation
1953-11-18,0.9987783,simulation
1953-11-19,0.99933296,simulation
1953-11-20,0.99756473,simulation
1953-11-21,0.9989745,simulation
1953-11-22,0.99617237,simulation
1953-11-23,0.99743056,simulation
1953-11-24,0.9972048,simulation
1953-11-25,0.9948819,simulation
1953-11-26,0.9952451,simulation
1953-11-27,0.9970847,simulation
1953-11-28,0.99836516,simulation
1953-11-29,0.9991426,simulation
1953-11-30,0.999217,simulation
1953-12-01,0.99670863,simulation
1953-12-02,0.9990574,simulation
1953-12-03,0.9992234,simulation
1953-12-04,0.9989211,simulation
1953-12-05,0.99909544,simulation
1953-12-06,0.9963705,simulation
1953-12-07,0.99847645,simulation
1953-12-08,0.9991889,simulation
1953-12-09,0.9989094,simulation
1953-12-10,0.9983964,simulation
1953-12-11,0.9992155,simulation
1953-12-12,0.99893826,simulation
1953-12-13,0.9990095,simulation
1953-12-14,0.99584043,simulation
1953-12-15,0.9972256,simulation
1953-12-16,0.996938,simulation
1953-12-17,0.9977785,simulation
1953-12-18,0.99832463,simulation
1953-12-19,0.99865663,simulation
1953-12-20,0.9987075,simulation
1953-12-21,0.9981007,simulation
1953-12-22,0.9976171,simulation
1953-12-23,0.9974017,simulation
1953-12-24,0.9969486,simulation
1953-12-25,0.9968416,simulation
1953-12-26,0.9975947,simulation
1953-12-27,0.9984454,simulation
1953-12-28,0.99898165,simulation
1953-12-29,0.99856246,simulation
1953-12-30,0.99747473,simulation
1953-12-31,0.99592865,simulation
1954-01-01,0.9962849,simulation
1954-01-02,0.9972868,simulation
1954-01-03,0.99664694,simulation
1954-01-04,0.99789155,simulation
1954-01-05,0.99629945,simulation
1954-01-06,0.9972946,simulation
1954-01-07,0.996454,simulation
1954-01-08,0.99698514,simulation
1954-01-09,0.99802756,simulation
1954-01-10,0.9986677,simulation
1954-01-11,0.99659413,simulation
1954-01-12,0.9979101,simulation
1954-01-13,0.99793804,simulation
1954-01-14,0.9976495,simulation
1954-01-15,0.9983491,simulation
1954-01-16,0.996047,simulation
1954-01-17,0.9967318,simulation
1954-01-18,0.9968677,simulation
1954-01-19,0.9966594,simulation
1954-01-20,0.99679434,simulation
1954-01-21,0.9971591,simulation
1954-01-22,0.99600327,simulation
1954-01-23,0.99645984,simulation
1954-01-24,0.9961105,simulation
1954-01-25,0.99634403,simulation
1954-01-26,0.9966845,simulation
1954-01-27,0.99678683,simulation
1954-01-28,0.9950887,simulation
1954-01-29,0.9963417,simulation
1954-01-30,0.9972183,simulation
1954-01-31,0.995078,simulation
1954-02-01,0.99367094,simulation
1954-02-02,0.99452823,simulation
1954-02-03,0.99324614,simulation
1954-02-04,0.9941058,simulation
1954-02-05,0.9944796,simulation
1954-02-06,0.9943843,simulation
1954-02-07,0.9954699,simulation
1954-02-08,0.9956277,simulation
1954-02-09,0.99450576,simulation
1954-02-10,0.99716693,simulation
1954-02-11,0.9959425,simulation
1954-02-12,0.9947516,simulation
1954-02-13,0.99629754,simulation
1954-02-14,0.9974312,simulation
1954-02-15,0.9970586,simulation
1954-02-16,0.99601597,simulation
1954-02-17,0.99490154,simulation
1954-02-18,0.996446,simulation
1954-02-19,0.99808013,simulation
1954-02-20,0.99536985,simulation
1954-02-21,0.99429387,simulation
1954-02-22,0.99434483,simulation
1954-02-23,0.9979073,simulation
1954-02-24,0.9940838,simulation
1954-02-25,0.9938469,simulation
1954-02-26,0.9968276,simulation
1954-02-27,0.9969141,simulation
1954-02-28,0.9951383,simulation
1954-03-01,0.9946257,simulation
1954-03-02,0.9971754,simulation
1954-03-03,0.99432397,simulation
1954-03-04,0.9951323,simulation
1954-03-05,0.9986515,simulation
1954-03-06,0.9969811,simulation
1954-03-07,0.9948423,simulation
1954-03-08,0.9984592,simulation
1954-03-09,0.9953846,simulation
1954-03-10,0.9939796,simulation
1954-03-11,0.99448884,simulation
1954-03-12,0.9970499,simulation
1954-03-13,0.998405,simulation
1954-03-14,0.99363524,simulation
1954-03-15,0.9945139,simulation
1954-03-16,0.9949113,simulation
1954-03-17,0.99763626,simulation
1954-03-18,0.9984844,simulation
1954-03-19,0.9960444,simulation
1954-03-20,0.99445707,simulation
1954-03-21,0.9941773,simulation
1954-03-22,0.9941311,simulation
1954-03-23,0.99781734,simulation
1954-03-24,0.99768066,simulation
1954-03-25,0.9987492,simulation
1954-03-26,0.99861574,simulation
1954-03-27,0.99868363,simulation
1954-03-28,0.9948465,simulation
1954-03-29,0.9948998,simulation
1954-03-30,0.9937569,simulation
1954-03-31,0.9920467,simulation
1954-04-01,0.9911276,simulation
1954-04-02,0.9945495,simulation
1954-04-03,0.99422795,simulation
1954-04-04,0.99502796,simulation
1954-04-05,0.9927202,simulation
1954-04-06,0.9956346,simulation
1954-04-07,0.9928837,simulation
1954-04-08,0.9973904,simulation
1954-04-09,0.9970007,simulation
1954-04-10,0.9953837,simulation
1954-04-11,0.9954101,simulation
1954-04-12,0.99425113,simulation
1954-04-13,0.99222267,simulation
1954-04-14,0.9933153,simulation
1954-04-15,0.99785334,simulation
1954-04-16,0.9955855,simulation
1954-04-17,0.9861339,simulation
1954-04-18,0.98771626,simulation
1954-04-19,0.9908842,simulation
1954-04-20,0.99166554,simulation
1954-04-21,0.9913026,simulation
1954-04-22,0.9946085,simulation
1954-04-23,0.99592674,simulation
1954-04-24,0.9933359,simulation
1954-04-25,0.99324363,simulation
1954-04-26,0.9932034,simulation
1954-04-27,0.99389267,simulation
1954-04-28,0.994794,simulation
1954-04-29,0.9932118,simulation
1954-04-30,0.9932927,simulation
1954-05-01,0.9928625,simulation
1954-05-02,0.9934328,simulation
1954-05-03,0.9975288,simulation
1954-05-04,0.9898393,simulation
1954-05-05,0.9901794,simulation
1954-05-06,0.9900714,simulation
1954-05-07,0.9936691,simulation
1954-05-08,0.990509,simulation
1954-05-09,0.9947658,simulation
1954-05-10,0.9950715,simulation
1954-05-11,0.9933854,simulation
1954-05-12,0.99657077,simulation
1954-05-13,0.99529934,simulation
1954-05-14,0.99003285,simulation
1954-05-15,0.9902539,simulation
1954-05-16,0.9914564,simulation
1954-05-17,0.99288046,simulation
1954-05-18,0.99166197,simulation
1954-05-19,0.99487936,simulation
1954-05-20,0.98921186,simulation
1954-05-21,0.98988485,simulation
1954-05-22,0.9901674,simulation
1954-05-23,0.994787,simulation
1954-05-24,0.9924538,simulation
1954-05-25,0.99757373,simulation
1954-05-26,0.99865633,simulation
1954-05-27,0.9956801,simulation
1954-05-28,0.9932719,simulation
1954-05-29,0.99266976,simulation
1954-05-30,0.99295896,simulation
1954-05-31,0.99228394,simulation
1954-06-01,0.9912448,simulation
1954-06-02,0.99193114,simulation
1954-06-03,0.99235,simulation
1954-06-04,0.9882391,simulation
1954-06-05,0.9920964,simulation
1954-06-06,0.9905847,simulation
1954-06-07,0.99224603,simulation
1954-06-08,0.9918621,simulation
1954-06-09,0.9913399,simulation
1954-06-10,0.9898918,simulation
1954-06-11,0.9895173,simulation
1954-06-12,0.98843956,simulation
1954-06-13,0.9898049,simulation
1954-06-14,0.99243814,simulation
1954-06-15,0.99394274,simulation
1954-06-16,0.9957019,simulation
1954-06-17,0.99253345,simulation
1954-06-18,0.9951726,simulation
1954-06-19,0.99387604,simulation
1954-06-20,0.9912462,simulation
1954-06-21,0.99278283,simulation
1954-06-22,0.9922423,simulation
1954-06-23,0.99330366,simulation
1954-06-24,0.99040514,simulation
1954-06-25,0.9902678,simulation
1954-06-26,0.9887073,simulation
1954-06-27,0.99587977,simulation
1954-06-28,0.98937416,simulation
1954-06-29,0.9880345,simulation
1954-06-30,0.9860466,simulation
1954-07-01,0.99502444,simulation
1954-07-02,0.9941688,simulation
1954-07-03,0.99302584,simulation
1954-07-04,0.9936052,simulation
1954-07-05,0.99628216,simulation
1954-07-06,0.9936253,simulation
1954-07-07,0.99644965,simulation
1954-07-08,0.9919518,simulation
1954-07-09,0.9936796,simulation
1954-07-10,0.9917172,simulation
1954-07-11,0.9950289,simulation
1954-07-12,0.9884136,simulation
1954-07-13,0.9924537,simulation
1954-07-14,0.99086237,simulation
1954-07-15,0.99148965,simulation
1954-07-16,0.9895664,simulation
1954-07-17,0.99480665,simulation
1954-07-18,0.99384797,simulation
1954-07-19,0.9938094,simulation
1954-07-20,0.9941066,simulation
1954-07-21,0.9937995,simulation
1954-07-22,0.9902006,simulation
1954-07-23,0.9897693,simulation
1954-07-24,0.9941278,simulation
1954-07-25,0.99304163,simulation
1954-07-26,0.99155456,simulation
1954-07-27,0.9960084,simulation
1954-07-28,0.9973077,simulation
1954-07-29,0.99903977,simulation
1954-07-30,0.99564195,simulation
1954-07-31,0.9909604,simulation
1954-08-01,0.9890184,simulation
1954-08-02,0.98969007,simulation
1954-08-03,0.9904891,simulation
1954-08-04,0.9925875,simulation
1954-08-05,0.9901879,simulation
1954-08-06,0.9908035,simulation
1954-08-07,0.99022794,simulation
1954-08-08,0.9951083,simulation
1954-08-09,0.990179,simulation
1954-08-10,0.9943232,simulation
1954-08-11,0.9868374,simulation
1954-08-12,0.9869098,simulation
1954-08-13,0.9876442,simulation
1954-08-14,0.9890665,simulation
1954-08-15,0.9908781,simulation
1954-08-16,0.9892265,simulation
1954-08-17,0.9908246,simulation
1954-08-18,0.9920802,simulation
1954-08-19,0.9932437,simulation
1954-08-20,0.99276114,simulation
1954-08-21,0.9909037,simulation
1954-08-22,0.99270695,simulation
1954-08-23,0.9969377,simulation
1954-08-24,0.9921865,simulation
1954-08-25,0.9908472,simulation
1954-08-26,0.99172276,simulation
1954-08-27,0.9939207,simulation
1954-08-28,0.9928089,simulation
1954-08-29,0.9877172,simulation
1954-08-30,0.9855594,simulation
1954-08-31,0.986811,simulation
1954-09-01,0.9852947,simulation
1954-09-02,0.9859793,simulation
1954-09-03,0.9861495,simulation
1954-09-04,0.98678035,simulation
1954-09-05,0.9924421,simulation
1954-09-06,0.9976729,simulation
1954-09-07,0.98935956,simulation
1954-09-08,0.98920435,simulation
1954-09-09,0.98841435,simulation
1954-09-10,0.9877372,simulation
1954-09-11,0.9880151,simulation
1954-09-12,0.98537767,simulation
1954-09-13,0.985952,simulation
1954-09-14,0.9892182,simulation
1954-09-15,0.9920998,simulation
1954-09-16,0.9990892,simulation
1954-09-17,0.9978954,simulation
1954-09-18,0.9904218,simulation
1954-09-19,0.98998046,simulation
1954-09-20,0.9892575,simulation
1954-09-21,0.9913724,simulation
1954-09-22,0.9857137,simulation
1954-09-23,0.985838,simulation
1954-09-24,0.9900293,simulation
1954-09-25,0.9893022,simulation
1954-09-26,0.9914323,simulation
1954-09-27,0.9893635,simulation
1954-09-28,0.9955363,simulation
1954-09-29,0.9913116,simulation
1954-09-30,0.9909582,simulation
1954-10-01,0.9962627,simulation
1954-10-02,0.9882657,simulation
1954-10-03,0.9916756,simulation
1954-10-04,0.9893053,simulation
1954-10-05,0.98902965,simulation
1954-10-06,0.9890987,simulation
1954-10-07,0.99516135,simulation
1954-10-08,0.9974136,simulation
1954-10-09,0.9946876,simulation
1954-10-10,0.9938917,simulation
1954-10-11,0.9930187,simulation
1954-10-12,0.99848926,simulation
1954-10-13,0.99900794,simulation
1954-10-14,0.9925339,simulation
1954-10-15,0.98811,simulation
1954-10-16,0.9907976,simulation
1954-10-17,0.99137086,simulation
1954-10-18,0.9912341,simulation
1954-10-19,0.99018973,simulation
1954-10-20,0.9905819,simulation
1954-10-21,0.99312514,simulation
1954-10-22,0.9955826,simulation
1954-10-23,0.9959997,simulation
1954-10-24,0.9930365,simulation
1954-10-25,0.9914186,simulation
1954-10-26,0.99735844,simulation
1954-10-27,0.9964164,simulation
1954-10-28,0.9992135,simulation
1954-10-29,0.9939074,simulation
1954-10-30,0.9984194,simulation
1954-10-31,0.9941537,simulation
1954-11-01,0.9952486,simulation
1954-11-02,0.99545425,simulation
1954-11-03,0.99607223,simulation
1954-11-04,0.99932456,simulation
1954-11-05,0.9976666,simulation
1954-11-06,0.99599963,simulation
1954-11-07,0.9954542,simulation
1954-11-08,0.9958071,simulation
1954-11-09,0.9983552,simulation
1954-11-10,0.9980145,simulation
1954-11-11,0.99868786,simulation
1954-11-12,0.99460435,simulation
1954-11-13,0.9953585,simulation
1954-11-14,0.9989564,simulation
1954-11-15,0.9993897,simulation
1954-11-16,0.9989282,simulation
1954-11-17,0.9973161,simulation
1954-11-18,0.9979503,simulation
1954-11-19,0.9939073,simulation
1954-11-20,0.9953098,simulation
1954-11-21,0.99596804,simulation
1954-11-22,0.99698645,simulation
1954-11-23,0.99666125,simulation
1954-11-24,0.99393857,simulation
1954-11-25,0.99635947,simulation
1954-11-26,0.99591506,simulation
1954-11-27,0.9986596,simulation
1954-11-28,0.99661714,simulation
1954-11-29,0.9931256,simulation
1954-11-30,0.99762917,simulation
1954-12-01,0.9973161,simulation
1954-12-02,0.9990768,simulation
1954-12-03,0.9989224,simulation
1954-12-04,0.9985938,simulation
1954-12-05,0.9963015,simulation
1954-12-06,0.9947149,simulation
1954-12-07,0.99761033,simulation
1954-12-08,0.99829733,simulation
1954-12-09,0.9948099,simulation
1954-12-10,0.9969224,simulation
1954-12-11,0.9973161,simulation
1954-12-12,0.9993135,simulation
1954-12-13,0.99920046,simulation
1954-12-14,0.9981316,simulation
1954-12-15,0.9968319,simulation
1954-12-16,0.99744046,simulation
1954-12-17,0.99921536,simulation
1954-12-18,0.9967473,simulation
1954-12-19,0.99752647,simulation
1954-12-20,0.99855167,simulation
1954-12-21,0.997939,simulation
1954-12-22,0.99726576,simulation
1954-12-23,0.9985821,simulation
1954-12-24,0.99911493,simulation
1954-12-25,0.99739933,simulation
1954-12-26,0.9992418,simulation
1954-12-27,0.9992735,simulation
1954-12-28,0.9991826,simulation
1954-12-29,0.99791247,simulation
1954-12-30,0.9982696,simulation
1954-12-31,0.99930435,simulation
1955-01-01,0.9994772,simulation
1955-01-02,0.99952334,simulation
1955-01-03,0.99927133,simulation
1955-01-04,0.99901426,simulation
1955-01-05,0.99812406,simulation
1955-01-06,0.99871236,simulation
1955-01-07,0.9985179,simulation
1955-01-08,0.9988584,simulation
1955-01-09,0.99912417,simulation
1955-01-10,0.99898714,simulation
1955-01-11,0.99852055,simulation
1955-01-12,0.99914485,simulation
1955-01-13,0.99591476,simulation
1955-01-14,0.9984342,simulation
1955-01-15,0.99937797,simulation
1955-01-16,0.99967533,simulation
1955-01-17,0.99921125,simulation
1955-01-18,0.99895084,simulation
1955-01-19,0.9981598,simulation
1955-01-20,0.9979376,simulation
1955-01-21,0.99902797,simulation
1955-01-22,0.9980866,simulation
1955-01-23,0.9988065,simulation
1955-01-24,0.99712974,simulation
1955-01-25,0.99648565,simulation
1955-01-26,0.9974151,simulation
1955-01-27,0.99884677,simulation
1955-01-28,0.99738187,simulation
1955-01-29,0.99630874,simulation
1955-01-30,0.9970451,simulation
1955-01-31,0.9979371,simulation
1955-02-01,0.9977791,simulation
1955-02-02,0.9977987,simulation
1955-02-03,0.99835426,simulation
1955-02-04,0.9985925,simulation
1955-02-05,0.9990524,simulation
1955-02-06,0.9949473,simulation
1955-02-07,0.99019104,simulation
1955-02-08,0.9900982,simulation
1955-02-09,0.9915339,simulation
1955-02-10,0.9934713,simulation
1955-02-11,0.9923205,simulation
1955-02-12,0.99342287,simulation
1955-02-13,0.99400395,simulation
1955-02-14,0.9948707,simulation
1955-02-15,0.99424833,simulation
1955-02-16,0.99540263,simulation
1955-02-17,0.99611163,simulation
1955-02-18,0.9977421,simulation
1955-02-19,0.99751115,simulation
1955-02-20,0.99756926,simulation
1955-02-21,0.9977847,simulation
1955-02-22,0.99314326,simulation
1955-02-23,0.9917179,simulation
1955-02-24,0.99302113,simulation
1955-02-25,0.99153924,simulation
1955-02-26,0.99478334,simulation
1955-02-27,0.9942194,simulation
1955-02-28,0.995176,simulation
1955-03-01,0.99587095,simulation
1955-03-02,0.99433154,simulation
1955-03-03,0.99498296,simulation
1955-03-04,0.99566495,simulation
1955-03-05,0.9941978,simulation
1955-03-06,0.99515706,simulation
1955-03-07,0.99555737,simulation
1955-03-08,0.9936609,simulation
1955-03-09,0.99631876,simulation
1955-03-10,0.99541897,simulation
1955-03-11,0.99367845,simulation
1955-03-12,0.9932652,simulation
1955-03-13,0.9956365,simulation
1955-03-14,0.99513084,simulation
1955-03-15,0.9940764,simulation
1955-03-16,0.9948601,simulation
1955-03-17,0.9947084,simulation
1955-03-18,0.9950782,simulation
1955-03-19,0.996157,simulation
1955-03-20,0.99458426,simulation
1955-03-21,0.9957861,simulation
1955-03-22,0.9952125,simulation
1955-03-23,0.9947931,simulation
1955-03-24,0.99403363,simulation
1955-03-25,0.99376744,simulation
1955-03-26,0.9966658,simulation
1955-03-27,0.99519664,simulation
1955-03-28,0.9965592,simulation
1955-03-29,0.99531996,simulation
1955-03-30,0.99408346,simulation
1955-03-31,0.9939545,simulation
1955-04-01,0.9987855,simulation
1955-04-02,0.99222046,simulation
1955-04-03,0.99222773,simulation
1955-04-04,0.99837416,simulation
1955-04-05,0.9931213,simulation
1955-04-06,0.99347115,simulation
1955-04-07,0.99782705,simulation
1955-04-08,0.99765575,simulation
1955-04-09,0.9990906,simulation
1955-04-10,0.99908835,simulation
1955-04-11,0.9935054,simulation
1955-04-12,0.99682105,simulation
1955-04-13,0.986576,simulation
1955-04-14,0.9781034,simulation
1955-04-15,0.98456043,simulation
1955-04-16,0.9894893,simulation
1955-04-17,0.98844624,simulation
1955-04-18,0.9908856,simulation
1955-04-19,0.9940024,simulation
1955-04-20,0.993777,simulation
1955-04-21,0.99306864,simulation
1955-04-22,0.99109,simulation
1955-04-23,0.9945163,simulation
1955-04-24,0.99129874,simulation
1955-04-25,0.99016666,simulation
1955-04-26,0.99329877,simulation
1955-04-27,0.9944224,simulation
1955-04-28,0.99222606,simulation
1955-04-29,0.99317825,simulation
1955-04-30,0.9903147,simulation
1955-05-01,0.9913841,simulation
1955-05-02,0.9900979,simulation
1955-05-03,0.9910063,simulation
1955-05-04,0.9912736,simulation
1955-05-05,0.9911279,simulation
1955-05-06,0.99231344,simulation
1955-05-07,0.993089,simulation
1955-05-08,0.9932619,simulation
1955-05-09,0.99385023,simulation
1955-05-10,0.9942791,simulation
1955-05-11,0.9956607,simulation
1955-05-12,0.99721175,simulation
1955-05-13,0.99423045,simulation
1955-05-14,0.9918025,simulation
1955-05-15,0.99282163,simulation
1955-05-16,0.9971676,simulation
1955-05-17,0.99750245,simulation
1955-05-18,0.99574214,simulation
1955-05-19,0.9971543,simulation
1955-05-20,0.9940459,simulation
1955-05-21,0.9918984,simulation
1955-05-22,0.98976696,simulation
1955-05-23,0.99663895,simulation
1955-05-24,0.9927182,simulation
1955-05-25,0.9909536,simulation
1955-05-26,0.99153495,simulation
1955-05-27,0.99244934,simulation
1955-05-28,0.9915675,simulation
1955-05-29,0.99410903,simulation
1955-05-30,0.9892418,simulation
1955-05-31,0.99130315,simulation
1955-06-01,0.98876745,simulation
1955-06-02,0.9898688,simulation
1955-06-03,0.9919378,simulation
1955-06-04,0.99162704,simulation
1955-06-05,0.9935307,simulation
1955-06-06,0.9960116,simulation
1955-06-07,0.9910078,simulation
1955-06-08,0.99415016,simulation
1955-06-09,0.9958323,simulation
1955-06-10,0.99789,simulation
1955-06-11,0.99034584,simulation
1955-06-12,0.9893698,simulation
1955-06-13,0.9891633,simulation
1955-06-14,0.9930449,simulation
1955-06-15,0.99389875,simulation
1955-06-16,0.99243236,simulation
1955-06-17,0.9898823,simulation
1955-06-18,0.988191,simulation
1955-06-19,0.9882605,simulation
1955-06-20,0.9878582,simulation
1955-06-21,0.9885955,simulation
1955-06-22,0.9895265,simulation
1955-06-23,0.9921443,simulation
1955-06-24,0.99164796,simulation
1955-06-25,0.99282587,simulation
1955-06-26,0.99186426,simulation
1955-06-27,0.9941734,simulation
1955-06-28,0.9944028,simulation
1955-06-29,0.9948149,simulation
1955-06-30,0.9944439,simulation
1955-07-01,0.9939049,simulation
1955-07-02,0.9920369,simulation
1955-07-03,0.99322885,simulation
1955-07-04,0.99252546,simulation
1955-07-05,0.9908625,simulation
1955-07-06,0.9897768,simulation
1955-07-07,0.9896777,simulation
1955-07-08,0.9914451,simulation
1955-07-09,0.9929628,simulation
1955-07-10,0.99542654,simulation
1955-07-11,0.99360055,simulation
1955-07-12,0.9977296,simulation
1955-07-13,0.99863625,simulation
1955-07-14,0.9975373,simulation
1955-07-15,0.9971435,simulation
1955-07-16,0.9969383,simulation
1955-07-17,0.99532044,simulation
1955-07-18,0.9953299,simulation
1955-07-19,0.9926687,simulation
1955-07-20,0.9921031,simulation
1955-07-21,0.99586,simulation
1955-07-22,0.99679434,simulation
1955-07-23,0.9938778,simulation
1955-07-24,0.99295133,simulation
1955-07-25,0.99125373,simulation
1955-07-26,0.9932833,simulation
1955-07-27,0.9985407,simulation
1955-07-28,0.9927274,simulation
1955-07-29,0.99400496,simulation
1955-07-30,0.99657273,simulation
1955-07-31,0.99191195,simulation
1955-08-01,0.9983726,simulation
1955-08-02,0.99849206,simulation
1955-08-03,0.9970877,simulation
1955-08-04,0.9906169,simulation
1955-08-05,0.99390775,simulation
1955-08-06,0.9931472,simulation
1955-08-07,0.9931265,simulation
1955-08-08,0.99396074,simulation
1955-08-09,0.9958166,simulation
1955-08-10,0.9908931,simulation
1955-08-11,0.9905677,simulation
1955-08-12,0.9939073,simulation
1955-08-13,0.9935424,simulation
1955-08-14,0.9926734,simulation
1955-08-15,0.9933136,simulation
1955-08-16,0.99042547,simulation
1955-08-17,0.9891772,simulation
1955-08-18,0.9899882,simulation
1955-08-19,0.98929125,simulation
1955-08-20,0.989377,simulation
1955-08-21,0.9893471,simulation
1955-08-22,0.98911345,simulation
1955-08-23,0.99067855,simulation
1955-08-24,0.9949619,simulation
1955-08-25,0.9906694,simulation
1955-08-26,0.9980319,simulation
1955-08-27,0.9985255,simulation
1955-08-28,0.9952201,simulation
1955-08-29,0.99331814,simulation
1955-08-30,0.99197125,simulation
1955-08-31,0.9963157,simulation
1955-09-01,0.9981244,simulation
1955-09-02,0.99417514,simulation
1955-09-03,0.99255455,simulation
1955-09-04,0.9985087,simulation
1955-09-05,0.99917066,simulation
1955-09-06,0.9986467,simulation
1955-09-07,0.9941921,simulation
1955-09-08,0.9913048,simulation
1955-09-09,0.9921712,simulation
1955-09-10,0.9938749,simulation
1955-09-11,0.9919171,simulation
1955-09-12,0.99827236,simulation
1955-09-13,0.9984373,simulation
1955-09-14,0.9983266,simulation
1955-09-15,0.9936669,simulation
1955-09-16,0.99487406,simulation
1955-09-17,0.9951252,simulation
1955-09-18,0.9929038,simulation
1955-09-19,0.99073786,simulation
1955-09-20,0.9903505,simulation
1955-09-21,0.99206793,simulation
1955-09-22,0.99580276,simulation
1955-09-23,0.9973473,simulation
1955-09-24,0.99451184,simulation
1955-09-25,0.99330664,simulation
1955-09-26,0.9911987,simulation
1955-09-27,0.992528,simulation
1955-09-28,0.9923451,simulation
1955-09-29,0.9929783,simulation
1955-09-30,0.9917267,simulation
1955-10-01,0.99456143,simulation
1955-10-02,0.9910543,simulation
1955-10-03,0.9933632,simulation
1955-10-04,0.9957489,simulation
1955-10-05,0.99250656,simulation
1955-10-06,0.9972708,simulation
1955-10-07,0.9990078,simulation
1955-10-08,0.993878,simulation
1955-10-09,0.99182385,simulation
1955-10-10,0.9928248,simulation
1955-10-11,0.9914142,simulation
1955-10-12,0.9934797,simulation
1955-10-13,0.99464417,simulation
1955-10-14,0.99122244,simulation
1955-10-15,0.9925671,simulation
1955-10-16,0.9932069,simulation
1955-10-17,0.9920179,simulation
1955-10-18,0.99236536,simulation
1955-10-19,0.99277127,simulation
1955-10-20,0.9928197,simulation
1955-10-21,0.992888,simulation
1955-10-22,0.9928283,simulation
1955-10-23,0.99341977,simulation
1955-10-24,0.9931547,simulation
1955-10-25,0.9922391,simulation
1955-10-26,0.9927895,simulation
1955-10-27,0.9926527,simulation
1955-10-28,0.99495566,simulation
1955-10-29,0.9929482,simulation
1955-10-30,0.99309945,simulation
1955-10-31,0.993248,simulation
1955-11-01,0.9968812,simulation
1955-11-02,0.9980349,simulation
1955-11-03,0.99274886,simulation
1955-11-04,0.9946594,simulation
1955-11-05,0.9970643,simulation
1955-11-06,0.9983893,simulation
1955-11-07,0.9985778,simulation
1955-11-08,0.9971773,simulation
1955-11-09,0.9985278,simulation
1955-11-10,0.99877447,simulation
1955-11-11,0.99716973,simulation
1955-11-12,0.99847984,simulation
1955-11-13,0.99810565,simulation
1955-11-14,0.9985964,simulation
1955-11-15,0.9976217,simulation
1955-11-16,0.99864405,simulation
1955-11-17,0.99403924,simulation
1955-11-18,0.99808025,simulation
1955-11-19,0.9958383,simulation
1955-11-20,0.99635804,simulation
1955-11-21,0.999078,simulation
1955-11-22,0.99866885,simulation
1955-11-23,0.99787724,simulation
1955-11-24,0.9991667,simulation
1955-11-25,0.9993338,simulation
1955-11-26,0.9979613,simulation
1955-11-27,0.9992557,simulation
1955-11-28,0.99805593,simulation
1955-11-29,0.99651706,simulation
1955-11-30,0.99763215,simulation
1955-12-01,0.9990065,simulation
1955-12-02,0.9992695,simulation
1955-12-03,0.99878925,simulation
1955-12-04,0.99898905,simulation
1955-12-05,0.9986519,simulation
1955-12-06,0.99837655,simulation
1955-12-07,0.9981885,simulation
1955-12-08,0.9967056,simulation
1955-12-09,0.99659336,simulation
1955-12-10,0.99855286,simulation
1955-12-11,0.99886245,simulation
1955-12-12,0.9974798,simulation
1955-12-13,0.9978294,simulation
1955-12-14,0.998748,simulation
1955-12-15,0.99863553,simulation
1955-12-16,0.9980894,simulation
1955-12-17,0.999151,simulation
1955-12-18,0.9992204,simulation
1955-12-19,0.9984802,simulation
1955-12-20,0.99900377,simulation
1955-12-21,0.99895316,simulation
1955-12-22,0.9986345,simulation
1955-12-23,0.9984919,simulation
1955-12-24,0.9976937,simulation
1955-12-25,0.9982195,simulation
1955-12-26,0.99896896,simulation
1955-12-27,0.9985709,simulation
1955-12-28,0.99860483,simulation
1955-12-29,0.99890864,simulation
1955-12-30,0.99808,simulation
1955-12-31,0.9973773,simulation
1956-01-01,0.9979811,simulation
1956-01-02,0.9985359,simulation
1956-01-03,0.9985946,simulation
1956-01-04,0.9966887,simulation
1956-01-05,0.9975781,simulation
1956-01-06,0.99796784,simulation
1956-01-07,0.9980022,simulation
1956-01-08,0.9967758,simulation
1956-01-09,0.9966571,simulation
1956-01-10,0.9961006,simulation
1956-01-11,0.99668753,simulation
1956-01-12,0.9990374,simulation
1956-01-13,0.99724376,simulation
1956-01-14,0.99766403,simulation
1956-01-15,0.9984797,simulation
1956-01-16,0.99732214,simulation
1956-01-17,0.9975556,simulation
1956-01-18,0.9991553,simulation
1956-01-19,0.9992578,simulation
1956-01-20,0.998324,simulation
1956-01-21,0.99896675,simulation
1956-01-22,0.99915063,simulation
1956-01-23,0.9992657,simulation
1956-01-24,0.999196,simulation
1956-01-25,0.99817085,simulation
1956-01-26,0.9971029,simulation
1956-01-27,0.9988332,simulation
1956-01-28,0.9984501,simulation
1956-01-29,0.99838233,simulation
1956-01-30,0.99875224,simulation
1956-01-31,0.9986065,simulation
1956-02-01,0.99889344,simulation
1956-02-02,0.99812615,simulation
1956-02-03,0.99707645,simulation
1956-02-04,0.995461,simulation
1956-02-05,0.9887486,simulation
1956-02-06,0.9772695,simulation
1956-02-07,0.98512846,simulation
1956-02-08,0.9894987,simulation
1956-02-09,0.98828804,simulation
1956-02-10,0.9908652,simulation
1956-02-11,0.9894579,simulation
1956-02-12,0.9909537,simulation
1956-02-13,0.9920208,simulation
1956-02-14,0.9924508,simulation
1956-02-15,0.9894614,simulation
1956-02-16,0.9893766,simulation
1956-02-17,0.9897184,simulation
1956-02-18,0.9896284,simulation
1956-02-19,0.9907883,simulation
1956-02-20,0.9922072,simulation
1956-02-21,0.99240154,simulation
1956-02-22,0.9911284,simulation
1956-02-23,0.99461806,simulation
1956-02-24,0.99403536,simulation
1956-02-25,0.99497545,simulation
1956-02-26,0.99348086,simulation
1956-02-27,0.99598366,simulation
1956-02-28,0.9917096,simulation
1956-02-29,0.9935847,simulation
1956-03-01,0.99701667,simulation
1956-03-02,0.99770993,simulation
1956-03-03,0.9971561,simulation
1956-03-04,0.9949948,simulation
1956-03-05,0.9959404,simulation
1956-03-06,0.9929871,simulation
1956-03-07,0.99545324,simulation
1956-03-08,0.9928566,simulation
1956-03-09,0.993868,simulation
1956-03-10,0.9974531,simulation
1956-03-11,0.99760693,simulation
1956-03-12,0.9974931,simulation
1956-03-13,0.9950464,simulation
1956-03-14,0.99530876,simulation
1956-03-15,0.99343604,simulation
1956-03-16,0.96615744,simulation
1956-03-17,0.97411865,simulation
1956-03-18,0.9823117,simulation
1956-03-19,0.98474246,simulation
1956-03-20,0.98827523,simulation
1956-03-21,0.9935341,simulation
1956-03-22,0.994562,simulation
1956-03-23,0.991641,simulation
1956-03-24,0.99132955,simulation
1956-03-25,0.990742,simulation
1956-03-26,0.99232525,simulation
1956-03-27,0.9946642,simulation
1956-03-28,0.99428606,simulation
1956-03-29,0.996976,simulation
1956-03-30,0.99140716,simulation
1956-03-31,0.99170333,simulation
1956-04-01,0.9972301,simulation
1956-04-02,0.9961088,simulation
1956-04-03,0.9964533,simulation
1956-04-04,0.9962089,simulation
1956-04-05,0.9957512,simulation
1956-04-06,0.98808146,simulation
1956-04-07,0.990469,simulation
1956-04-08,0.9942027,simulation
1956-04-09,0.99289626,simulation
1956-04-10,0.9960576,simulation
1956-04-11,0.98966956,simulation
1956-04-12,0.98944175,simulation
1956-04-13,0.9903807,simulation
1956-04-14,0.9941376,simulation
1956-04-15,0.99483806,simulation
1956-04-16,0.9893912,simulation
1956-04-17,0.9934489,simulation
1956-04-18,0.9954677,simulation
1956-04-19,0.990594,simulation
1956-04-20,0.99587756,simulation
1956-04-21,0.9973756,simulation
1956-04-22,0.9983151,simulation
1956-04-23,0.99584955,simulation
1956-04-24,0.99813616,simulation
1956-04-25,0.9970079,simulation
1956-04-26,0.9969613,simulation
1956-04-27,0.9966889,simulation
1956-04-28,0.9949719,simulation
1956-04-29,0.9957978,simulation
1956-04-30,0.9944084,simulation
1956-05-01,0.9954056,simulation
1956-05-02,0.9986371,simulation
1956-05-03,0.99877137,simulation
1956-05-04,0.99822974,simulation
1956-05-05,0.99429744,simulation
1956-05-06,0.99538964,simulation
1956-05-07,0.99261874,simulation
1956-05-08,0.99050134,simulation
1956-05-09,0.9944901,simulation
1956-05-10,0.9957232,simulation
1956-05-11,0.9942975,simulation
1956-05-12,0.99366647,simulation
1956-05-13,0.99276733,simulation
1956-05-14,0.9923844,simulation
1956-05-15,0.9934424,simulation
1956-05-16,0.9923182,simulation
1956-05-17,0.9895601,simulation
1956-05-18,0.9891053,simulation
1956-05-19,0.9898261,simulation
1956-05-20,0.9887961,simulation
1956-05-21,0.9892479,simulation
1956-05-22,0.98878634,simulation
1956-05-23,0.99114466,simulation
1956-05-24,0.9942431,simulation
1956-05-25,0.99498934,simulation
1956-05-26,0.9935434,simulation
1956-05-27,0.9976995,simulation
1956-05-28,0.99523383,simulation
1956-05-29,0.99841225,simulation
1956-05-30,0.9978599,simulation
1956-05-31,0.9964009,simulation
1956-06-01,0.99625945,simulation
1956-06-02,0.988044,simulation
1956-06-03,0.99677134,simulation
1956-06-04,0.99704623,simulation
1956-06-05,0.99538493,simulation
1956-06-06,0.98781854,simulation
1956-06-07,0.98805594,simulation
1956-06-08,0.98819226,simulation
1956-06-09,0.98996913,simulation
1956-06-10,0.9968347,simulation
1956-06-11,0.99409497,simulation
1956-06-12,0.99906385,simulation
1956-06-13,0.99889666,simulation
1956-06-14,0.997189,simulation
1956-06-15,0.99793184,simulation
1956-06-16,0.99641305,simulation
1956-06-17,0.9984937,simulation
1956-06-18,0.997084,simulation
1956-06-19,0.99593455,simulation
1956-06-20,0.9915589,simulation
1956-06-21,0.99143505,simulation
1956-06-22,0.99171966,simulation
1956-06-23,0.9925195,simulation
1956-06-24,0.9912112,simulation
1956-06-25,0.99046695,simulation
1956-06-26,0.9910093,simulation
1956-06-27,0.9898915,simulation
1956-06-28,0.9945906,simulation
1956-06-29,0.99407333,simulation
1956-06-30,0.9937288,simulation
1956-07-01,0.99271226,simulation
1956-07-02,0.9918879,simulation
1956-07-03,0.98982227,simulation
1956-07-04,0.9884125,simulation
1956-07-05,0.99137133,simulation
1956-07-06,0.9909636,simulation
1956-07-07,0.99122155,simulation
1956-07-08,0.99411905,simulation
1956-07-09,0.9982974,simulation
1956-07-10,0.99580467,simulation
1956-07-11,0.9927179,simulation
1956-07-12,0.9906717,simulation
1956-07-13,0.9905608,simulation
1956-07-14,0.99038196,simulation
1956-07-15,0.98977286,simulation
1956-07-16,0.9886223,simulation
1956-07-17,0.99197495,simulation
1956-07-18,0.9891376,simulation
1956-07-19,0.9912402,simulation
1956-07-20,0.991576,simulation
1956-07-21,0.99519616,simulation
1956-07-22,0.99675304,simulation
1956-07-23,0.9945572,simulation
1956-07-24,0.99043185,simulation
1956-07-25,0.99509954,simulation
1956-07-26,0.99657416,simulation
1956-07-27,0.9973299,simulation
1956-07-28,0.99010086,simulation
1956-07-29,0.99175584,simulation
1956-07-30,0.9930409,simulation
1956-07-31,0.99435806,simulation
1956-08-01,0.9952166,simulation
1956-08-02,0.99382377,simulation
1956-08-03,0.991148,simulation
1956-08-04,0.99537563,simulation
1956-08-05,0.9940442,simulation
1956-08-06,0.9889466,simulation
1956-08-07,0.98886263,simulation
1956-08-08,0.9887639,simulation
1956-08-09,0.98796654,simulation
1956-08-10,0.98844874,simulation
1956-08-11,0.99012494,simulation
1956-08-12,0.9896192,simulation
1956-08-13,0.99280125,simulation
1956-08-14,0.9969001,simulation
1956-08-15,0.992177,simulation
1956-08-16,0.98901844,simulation
1956-08-17,0.98845804,simulation
1956-08-18,0.99075294,simulation
1956-08-19,0.99196285,simulation
1956-08-20,0.9944407,simulation
1956-08-21,0.996647,simulation
1956-08-22,0.9883747,simulation
1956-08-23,0.99132496,simulation
1956-08-24,0.9961599,simulation
1956-08-25,0.99874246,simulation
1956-08-26,0.9985565,simulation
1956-08-27,0.9987909,simulation
1956-08-28,0.9981276,simulation
1956-08-29,0.99301726,simulation
1956-08-30,0.995669,simulation
1956-08-31,0.9943753,simulation
1956-09-01,0.99373984,simulation
1956-09-02,0.9911304,simulation
1956-09-03,0.99180204,simulation
1956-09-04,0.99282616,simulation
1956-09-05,0.99237204,simulation
1956-09-06,0.99293274,simulation
1956-09-07,0.9951831,simulation
1956-09-08,0.9902987,simulation
1956-09-09,0.9916437,simulation
1956-09-10,0.9899804,simulation
1956-09-11,0.98895603,simulation
1956-09-12,0.99088305,simulation
1956-09-13,0.9907388,simulation
1956-09-14,0.98967457,simulation
1956-09-15,0.9897387,simulation
1956-09-16,0.99252176,simulation
1956-09-17,0.9922718,simulation
1956-09-18,0.98834026,simulation
1956-09-19,0.99238724,simulation
1956-09-20,0.9912333,simulation
1956-09-21,0.9886408,simulation
1956-09-22,0.9947692,simulation
1956-09-23,0.9988419,simulation
1956-09-24,0.99548924,simulation
1956-09-25,0.98776156,simulation
1956-09-26,0.98762953,simulation
1956-09-27,0.9899814,simulation
1956-09-28,0.9906931,simulation
1956-09-29,0.99577403,simulation
1956-09-30,0.99928546,simulation
1956-10-01,0.99798256,simulation
1956-10-02,0.99888414,simulation
1956-10-03,0.99567276,simulation
1956-10-04,0.993752,simulation
1956-10-05,0.99469984,simulation
1956-10-06,0.99117637,simulation
1956-10-07,0.9900236,simulation
1956-10-08,0.99050635,simulation
1956-10-09,0.99119264,simulation
1956-10-10,0.9936773,simulation
1956-10-11,0.9921969,simulation
1956-10-12,0.99369836,simulation
1956-10-13,0.9919829,simulation
1956-10-14,0.99216306,simulation
1956-10-15,0.99166226,simulation
1956-10-16,0.99608207,simulation
1956-10-17,0.99681515,simulation
1956-10-18,0.9913785,simulation
1956-10-19,0.9992872,simulation
1956-10-20,0.9950078,simulation
1956-10-21,0.99385977,simulation
1956-10-22,0.9980089,simulation
1956-10-23,0.9922902,simulation
1956-10-24,0.99173486,simulation
1956-10-25,0.9953582,simulation
1956-10-26,0.99806106,simulation
1956-10-27,0.9986734,simulation
1956-10-28,0.9933092,simulation
1956-10-29,0.99521095,simulation
1956-10-30,0.9977152,simulation
1956-10-31,0.9929797,simulation
1956-11-01,0.9933869,simulation
1956-11-02,0.99606144,simulation
1956-11-03,0.9979006,simulation
1956-11-04,0.9967131,simulation
1956-11-05,0.99835044,simulation
1956-11-06,0.99893916,simulation
1956-11-07,0.9990739,simulation
1956-11-08,0.9939332,simulation
1956-11-09,0.9950842,simulation
1956-11-10,0.995817,simulation
1956-11-11,0.9960712,simulation
1956-11-12,0.9964898,simulation
1956-11-13,0.99685615,simulation
1956-11-14,0.99724376,simulation
1956-11-15,0.9986227,simulation
1956-11-16,0.9989303,simulation
1956-11-17,0.99855906,simulation
1956-11-18,0.9951478,simulation
1956-11-19,0.9978267,simulation
1956-11-20,0.9972292,simulation
1956-11-21,0.997641,simulation
1956-11-22,0.9937131,simulation
1956-11-23,0.9962323,simulation
1956-11-24,0.9957401,simulation
1956-11-25,0.9945615,simulation
1956-11-26,0.9971553,simulation
1956-11-27,0.9974868,simulation
1956-11-28,0.99783254,simulation
1956-11-29,0.99889857,simulation
1956-11-30,0.9974332,simulation
1956-12-01,0.9971328,simulation
1956-12-02,0.9969859,simulation
1956-12-03,0.9979443,simulation
1956-12-04,0.9988809,simulation
1956-12-05,0.9988986,simulation
1956-12-06,0.99815583,simulation
1956-12-07,0.9970096,simulation
1956-12-08,0.99902827,simulation
1956-12-09,0.9989669,simulation
1956-12-10,0.99846834,simulation
1956-12-11,0.9990738,simulation
1956-12-12,0.99890447,simulation
1956-12-13,0.9994796,simulation
1956-12-14,0.9996802,simulation
1956-12-15,0.9987137,simulation
1956-12-16,0.9973704,simulation
1956-12-17,0.9983708,simulation
1956-12-18,0.99915487,simulation
1956-12-19,0.9994838,simulation
1956-12-20,0.9993568,simulation
1956-12-21,0.99943334,simulation
1956-12-22,0.99921834,simulation
1956-12-23,0.99938,simulation
1956-12-24,0.9977777,simulation
1956-12-25,0.9976976,simulation
1956-12-26,0.99768746,simulation
1956-12-27,0.9962765,simulation
1956-12-28,0.9950835,simulation
1956-12-29,0.995962,simulation
1956-12-30,0.9964466,simulation
1956-12-31,0.99703985,simulation
1957-01-01,0.9984051,simulation
1957-01-02,0.99796826,simulation
1957-01-03,0.9986122,simulation
1957-01-04,0.99893296,simulation
1957-01-05,0.9987399,simulation
1957-01-06,0.99969536,simulation
1957-01-07,0.99886584,simulation
1957-01-08,0.9989258,simulation
1957-01-09,0.9979521,simulation
1957-01-10,0.99750006,simulation
1957-01-11,0.99789023,simulation
1957-01-12,0.99905443,simulation
1957-01-13,0.99896306,simulation
1957-01-14,0.99914044,simulation
1957-01-15,0.9992472,simulation
1957-01-16,0.9994181,simulation
1957-01-17,0.99869275,simulation
1957-01-18,0.9979892,simulation
1957-01-19,0.9974726,simulation
1957-01-20,0.99919057,simulation
1957-01-21,0.9990609,simulation
1957-01-22,0.9990263,simulation
1957-01-23,0.9990115,simulation
1957-01-24,0.99918365,simulation
1957-01-25,0.9996428,simulation
1957-01-26,0.9991904,simulation
1957-01-27,0.9982622,simulation
1957-01-28,0.9986008,simulation
1957-01-29,0.9986396,simulation
1957-01-30,0.99828845,simulation
1957-01-31,0.99711806,simulation
1957-02-01,0.9978469,simulation
1957-02-02,0.99928594,simulation
1957-02-03,0.99729365,simulation
1957-02-04,0.9968809,simulation
1957-02-05,0.9984702,simulation
1957-02-06,0.9985505,simulation
1957-02-07,0.9967927,simulation
1957-02-08,0.99674374,simulation
1957-02-09,0.9973386,simulation
1957-02-10,0.9970704,simulation
1957-02-11,0.9970158,simulation
1957-02-12,0.9986907,simulation
1957-02-13,0.99512064,simulation
1957-02-14,0.9957203,simulation
1957-02-15,0.9974352,simulation
1957-02-16,0.9986568,simulation
1957-02-17,0.9978301,simulation
1957-02-18,0.9986644,simulation
1957-02-19,0.99887216,simulation
1957-02-20,0.9982023,simulation
1957-02-21,0.99558604,simulation
1957-02-22,0.9965734,simulation
1957-02-23,0.9990128,simulation
1957-02-24,0.99874675,simulation
1957-02-25,0.99844885,simulation
1957-02-26,0.9962378,simulation
1957-02-27,0.9986696,simulation
1957-02-28,0.99618566,simulation
1957-03-01,0.99464035,simulation
1957-03-02,0.9952892,simulation
1957-03-03,0.99877167,simulation
1957-03-04,0.99778384,simulation
1957-03-05,0.9987379,simulation
1957-03-06,0.9952526,simulation
1957-03-07,0.9986586,simulation
1957-03-08,0.99512833,simulation
1957-03-09,0.994154,simulation
1957-03-10,0.9968361,simulation
1957-03-11,0.99825895,simulation
1957-03-12,0.9989173,simulation
1957-03-13,0.9985358,simulation
1957-03-14,0.9964415,simulation
1957-03-15,0.99219227,simulation
1957-03-16,0.995146,simulation
1957-03-17,0.9983862,simulation
1957-03-18,0.9982428,simulation
1957-03-19,0.997256,simulation
1957-03-20,0.997633,simulation
1957-03-21,0.99797696,simulation
1957-03-22,0.99424714,simulation
1957-03-23,0.99770564,simulation
1957-03-24,0.9960032,simulation
1957-03-25,0.9924484,simulation
1957-03-26,0.99331486,simulation
1957-03-27,0.99314773,simulation
1957-03-28,0.99783343,simulation
1957-03-29,0.993115,simulation
1957-03-30,0.9961336,simulation
1957-03-31,0.99598,simulation
1957-04-01,0.98770386,simulation
1957-04-02,0.9925824,simulation
1957-04-03,0.9935296,simulation
1957-04-04,0.9959347,simulation
1957-04-05,0.9749049,simulation
1957-04-06,0.98520076,simulation
1957-04-07,0.9900834,simulation
1957-04-08,0.9910711,simulation
1957-04-09,0.9882227,simulation
1957-04-10,0.99387616,simulation
1957-04-11,0.9925011,simulation
1957-04-12,0.99153477,simulation
1957-04-13,0.99352944,simulation
1957-04-14,0.9936326,simulation
1957-04-15,0.9904952,simulation
1957-04-16,0.9974615,simulation
1957-04-17,0.9948747,simulation
1957-04-18,0.99226177,simulation
1957-04-19,0.9923878,simulation
1957-04-20,0.9956093,simulation
1957-04-21,0.9939801,simulation
1957-04-22,0.99544686,simulation
1957-04-23,0.9932479,simulation
1957-04-24,0.9946212,simulation
1957-04-25,0.9941159,simulation
1957-04-26,0.9945767,simulation
1957-04-27,0.99406356,simulation
1957-04-28,0.9954644,simulation
1957-04-29,0.99476445,simulation
1957-04-30,0.997637,simulation
1957-05-01,0.99732393,simulation
1957-05-02,0.99396104,simulation
1957-05-03,0.99279815,simulation
1957-05-04,0.9903566,simulation
1957-05-05,0.98949707,simulation
1957-05-06,0.99097663,simulation
1957-05-07,0.99285734,simulation
1957-05-08,0.9925346,simulation
1957-05-09,0.9966728,simulation
1957-05-10,0.9959547,simulation
1957-05-11,0.9925588,simulation
1957-05-12,0.9933005,simulation
1957-05-13,0.9931766,simulation
1957-05-14,0.9929789,simulation
1957-05-15,0.9938522,simulation
1957-05-16,0.99268925,simulation
1957-05-17,0.99095035,simulation
1957-05-18,0.99223197,simulation
1957-05-19,0.99330556,simulation
1957-05-20,0.9919618,simulation
1957-05-21,0.99103236,simulation
1957-05-22,0.9919209,simulation
1957-05-23,0.99450594,simulation
1957-05-24,0.99432033,simulation
1957-05-25,0.9926872,simulation
1957-05-26,0.9954978,simulation
1957-05-27,0.99235547,simulation
1957-05-28,0.9954868,simulation
1957-05-29,0.99001426,simulation
1957-05-30,0.9911696,simulation
1957-05-31,0.99268293,simulation
1957-06-01,0.9978359,simulation
1957-06-02,0.99711865,simulation
1957-06-03,0.99817944,simulation
1957-06-04,0.9954776,simulation
1957-06-05,0.99594504,simulation
1957-06-06,0.99713683,simulation
1957-06-07,0.9967167,simulation
1957-06-08,0.9940298,simulation
1957-06-09,0.99297476,simulation
1957-06-10,0.991674,simulation
1957-06-11,0.9913957,simulation
1957-06-12,0.99080366,simulation
1957-06-13,0.99141103,simulation
1957-06-14,0.99074596,simulation
1957-06-15,0.99295104,simulation
1957-06-16,0.9903258,simulation
1957-06-17,0.99321616,simulation
1957-06-18,0.99397534,simulation
1957-06-19,0.9906386,simulation
1957-06-20,0.99180603,simulation
1957-06-21,0.99543244,simulation
1957-06-22,0.9938691,simulation
1957-06-23,0.9936521,simulation
1957-06-24,0.9956631,simulation
1957-06-25,0.9973868,simulation
1957-06-26,0.9970114,simulation
1957-06-27,0.9966454,simulation
1957-06-28,0.993715,simulation
1957-06-29,0.9887215,simulation
1957-06-30,0.9907431,simulation
1957-07-01,0.9896176,simulation
1957-07-02,0.990167,simulation
1957-07-03,0.9942324,simulation
1957-07-04,0.99351376,simulation
1957-07-05,0.98965806,simulation
1957-07-06,0.9873705,simulation
1957-07-07,0.98755264,simulation
1957-07-08,0.99034786,simulation
1957-07-09,0.99069095,simulation
1957-07-10,0.9906723,simulation
1957-07-11,0.9913011,simulation
1957-07-12,0.9874213,simulation
1957-07-13,0.9888887,simulation
1957-07-14,0.9913759,simulation
1957-07-15,0.9910655,simulation
1957-07-16,0.993141,simulation
1957-07-17,0.99261,simulation
1957-07-18,0.99453366,simulation
1957-07-19,0.9942789,simulation
1957-07-20,0.9970998,simulation
1957-07-21,0.99794793,simulation
1957-07-22,0.9959463,simulation
1957-07-23,0.99479336,simulation
1957-07-24,0.99440664,simulation
1957-07-25,0.99340093,simulation
1957-07-26,0.9916209,simulation
1957-07-27,0.9914584,simulation
1957-07-28,0.99164563,simulation
1957-07-29,0.98992604,simulation
1957-07-30,0.9948872,simulation
1957-07-31,0.99791515,simulation
1957-08-01,0.9976996,simulation
1957-08-02,0.9981267,simulation
1957-08-03,0.9956628,simulation
1957-08-04,0.992972,simulation
1957-08-05,0.9937188,simulation
1957-08-06,0.9888091,simulation
1957-08-07,0.9921336,simulation
1957-08-08,0.9932838,simulation
1957-08-09,0.9982754,simulation
1957-08-10,0.99416816,simulation
1957-08-11,0.994073,simulation
1957-08-12,0.99444455,simulation
1957-08-13,0.9959589,simulation
1957-08-14,0.993293,simulation
1957-08-15,0.9923934,simulation
1957-08-16,0.99184835,simulation
1957-08-17,0.99239373,simulation
1957-08-18,0.9953287,simulation
1957-08-19,0.9917452,simulation
1957-08-20,0.9886894,simulation
1957-08-21,0.9887252,simulation
1957-08-22,0.98908955,simulation
1957-08-23,0.98837155,simulation
1957-08-24,0.988678,simulation
1957-08-25,0.9908488,simulation
1957-08-26,0.98974335,simulation
1957-08-27,0.9891139,simulation
1957-08-28,0.9901982,simulation
1957-08-29,0.9944091,simulation
1957-08-30,0.9974809,simulation
1957-08-31,0.99714154,simulation
1957-09-01,0.9956308,simulation
1957-09-02,0.9933048,simulation
1957-09-03,0.9960027,simulation
1957-09-04,0.9982815,simulation
1957-09-05,0.9948386,simulation
1957-09-06,0.991437,simulation
1957-09-07,0.99285954,simulation
1957-09-08,0.99395597,simulation
1957-09-09,0.9951174,simulation
1957-09-10,0.99155736,simulation
1957-09-11,0.9987407,simulation
1957-09-12,0.99744153,simulation
1957-09-13,0.9982336,simulation
1957-09-14,0.99825895,simulation
1957-09-15,0.9991475,simulation
1957-09-16,0.9983291,simulation
1957-09-17,0.99908936,simulation
1957-09-18,0.99865836,simulation
1957-09-19,0.9937351,simulation
1957-09-20,0.9953165,simulation
1957-09-21,0.99292165,simulation
1957-09-22,0.9944573,simulation
1957-09-23,0.9968927,simulation
1957-09-24,0.9939927,simulation
1957-09-25,0.99699885,simulation
1957-09-26,0.9976637,simulation
1957-09-27,0.99026006,simulation
1957-09-28,0.9755098,simulation
1957-09-29,0.98177344,simulation
1957-09-30,0.98679626,simulation
1957-10-01,0.9881173,simulation
1957-10-02,0.99006206,simulation
1957-10-03,0.97611403,simulation
1957-10-04,0.981531,simulation
1957-10-05,0.98614365,simulation
1957-10-06,0.98816496,simulation
1957-10-07,0.9895452,simulation
1957-10-08,0.99018353,simulation
1957-10-09,0.99096113,simulation
1957-10-10,0.9923828,simulation
1957-10-11,0.99151134,simulation
1957-10-12,0.99225545,simulation
1957-10-13,0.9967596,simulation
1957-10-14,0.9977121,simulation
1957-10-15,0.9979805,simulation
1957-10-16,0.9977194,simulation
1957-10-17,0.99284387,simulation
1957-10-18,0.991683,simulation
1957-10-19,0.99256694,simulation
1957-10-20,0.99572647,simulation
1957-10-21,0.99723697,simulation
1957-10-22,0.9978745,simulation
1957-10-23,0.997676,simulation
1957-10-24,0.9942683,simulation
1957-10-25,0.99730754,simulation
1957-10-26,0.99705726,simulation
1957-10-27,0.9944658,simulation
1957-10-28,0.9955379,simulation
1957-10-29,0.99524164,simulation
1957-10-30,0.99822104,simulation
1957-10-31,0.99593264,simulation
1957-11-01,0.9973331,simulation
1957-11-02,0.9966967,simulation
1957-11-03,0.99650645,simulation
1957-11-04,0.9955326,simulation
1957-11-05,0.99799645,simulation
1957-11-06,0.9982304,simulation
1957-11-07,0.99831086,simulation
1957-11-08,0.9982123,simulation
1957-11-09,0.9940654,simulation
1957-11-10,0.9965948,simulation
1957-11-11,0.99595433,simulation
1957-11-12,0.99792296,simulation
1957-11-13,0.99822897,simulation
1957-11-14,0.98714143,simulation
1957-11-15,0.99138373,simulation
1957-11-16,0.9921688,simulation
1957-11-17,0.99338794,simulation
1957-11-18,0.99430233,simulation
1957-11-19,0.9884011,simulation
1957-11-20,0.9902306,simulation
1957-11-21,0.9929744,simulation
1957-11-22,0.9946866,simulation
1957-11-23,0.98934597,simulation
1957-11-24,0.99155784,simulation
1957-11-25,0.98943955,simulation
1957-11-26,0.99004346,simulation
1957-11-27,0.9930133,simulation
1957-11-28,0.99404025,simulation
1957-11-29,0.9938766,simulation
1957-11-30,0.9908468,simulation
1957-12-01,0.993517,simulation
1957-12-02,0.99420947,simulation
1957-12-03,0.9963923,simulation
1957-12-04,0.99393225,simulation
1957-12-05,0.9950271,simulation
1957-12-06,0.9958093,simulation
1957-12-07,0.9974722,simulation
1957-12-08,0.99451494,simulation
1957-12-09,0.99511623,simulation
1957-12-10,0.9942731,simulation
1957-12-11,0.99412936,simulation
1957-12-12,0.9960274,simulation
1957-12-13,0.99613,simulation
1957-12-14,0.99726003,simulation
1957-12-15,0.9969532,simulation
1957-12-16,0.9973525,simulation
1957-12-17,0.996775,simulation
1957-12-18,0.99764115,simulation
1957-12-19,0.9978778,simulation
1957-12-20,0.993638,simulation
1957-12-21,0.99524194,simulation
1957-12-22,0.9968823,simulation
1957-12-23,0.996164,simulation
1957-12-24,0.99721634,simulation
1957-12-25,0.99764013,simulation
1957-12-26,0.9946153,simulation
1957-12-27,0.99702895,simulation
1957-12-28,0.9955924,simulation
1957-12-29,0.99466383,simulation
1957-12-30,0.9959294,simulation
1957-12-31,0.9962161,simulation
1958-01-01,0.99593437,simulation
1958-01-02,0.9961397,simulation
1958-01-03,0.99597794,simulation
1958-01-04,0.9969694,simulation
1958-01-05,0.9968856,simulation
1958-01-06,0.99799144,simulation
1958-01-07,0.99640405,simulation
1958-01-08,0.9966106,simulation
1958-01-09,0.9976607,simulation
1958-01-10,0.9975412,simulation
1958-01-11,0.9975222,simulation
1958-01-12,0.9983324,simulation
1958-01-13,0.9974151,simulation
1958-01-14,0.9970777,simulation
1958-01-15,0.9973922,simulation
1958-01-16,0.99549186,simulation
1958-01-17,0.9965617,simulation
1958-01-18,0.9968772,simulation
1958-01-19,0.99751174,simulation
1958-01-20,0.99785185,simulation
1958-01-21,0.9944758,simulation
1958-01-22,0.9953793,simulation
1958-01-23,0.99603236,simulation
1958-01-24,0.99332714,simulation
1958-01-25,0.9932931,simulation
1958-01-26,0.9904425,simulation
1958-01-27,0.99326235,simulation
1958-01-28,0.99454576,simulation
1958-01-29,0.9955668,simulation
1958-01-30,0.99450696,simulation
1958-01-31,0.9950544,simulation
1958-02-01,0.993034,simulation
1958-02-02,0.99382484,simulation
1958-02-03,0.9946373,simulation
1958-02-04,0.995105,simulation
1958-02-05,0.9976722,simulation
1958-02-06,0.99650735,simulation
1958-02-07,0.99164534,simulation
1958-02-08,0.9920626,simulation
1958-02-09,0.9947323,simulation
1958-02-10,0.9959061,simulation
1958-02-11,0.99336666,simulation
1958-02-12,0.9949599,simulation
1958-02-13,0.99382806,simulation
1958-02-14,0.9960626,simulation
1958-02-15,0.9941691,simulation
1958-02-16,0.99283046,simulation
1958-02-17,0.9953816,simulation
1958-02-18,0.9941843,simulation
1958-02-19,0.99597055,simulation
1958-02-20,0.99378234,simulation
1958-02-21,0.99586654,simulation
1958-02-22,0.9973444,simulation
1958-02-23,0.99769396,simulation
1958-02-24,0.9972171,simulation
1958-02-25,0.9978371,simulation
1958-02-26,0.9973259,simulation
1958-02-27,0.99142087,simulation
1958-02-28,0.99203354,simulation
1958-03-01,0.9942688,simulation
1958-03-02,0.9927409,simulation
1958-03-03,0.9934427,simulation
1958-03-04,0.995236,simulation
1958-03-05,0.9981455,simulation
1958-03-06,0.9983783,simulation
1958-03-07,0.99583536,simulation
1958-03-08,0.99393356,simulation
1958-03-09,0.98610747,simulation
1958-03-10,0.98887604,simulation
1958-03-11,0.9904208,simulation
1958-03-12,0.9950683,simulation
1958-03-13,0.99291813,simulation
1958-03-14,0.9910035,simulation
1958-03-15,0.9913675,simulation
1958-03-16,0.9931865,simulation
1958-03-17,0.99638295,simulation
1958-03-18,0.9904241,simulation
1958-03-19,0.9878431,simulation
1958-03-20,0.9892221,simulation
1958-03-21,0.99114937,simulation
1958-03-22,0.99216425,simulation
1958-03-23,0.99653494,simulation
1958-03-24,0.9916446,simulation
1958-03-25,0.9929082,simulation
1958-03-26,0.99366325,simulation
1958-03-27,0.99459773,simulation
1958-03-28,0.9917032,simulation
1958-03-29,0.9935926,simulation
1958-03-30,0.9921188,simulation
1958-03-31,0.99126476,simulation
1958-04-01,0.9959893,simulation
1958-04-02,0.9957417,simulation
1958-04-03,0.9943594,simulation
1958-04-04,0.99353534,simulation
1958-04-05,0.99562544,simulation
1958-04-06,0.992022,simulation
1958-04-07,0.99040866,simulation
1958-04-08,0.99498576,simulation
1958-04-09,0.9984344,simulation
1958-04-10,0.99515945,simulation
1958-04-11,0.99198735,simulation
1958-04-12,0.99620074,simulation
1958-04-13,0.99475354,simulation
1958-04-14,0.9981488,simulation
1958-04-15,0.99256146,simulation
1958-04-16,0.9926463,simulation
1958-04-17,0.99554425,simulation
1958-04-18,0.99613243,simulation
1958-04-19,0.99322575,simulation
1958-04-20,0.99479336,simulation
1958-04-21,0.9935895,simulation
1958-04-22,0.99092925,simulation
1958-04-23,0.9935211,simulation
1958-04-24,0.9934157,simulation
1958-04-25,0.9957096,simulation
1958-04-26,0.9947147,simulation
1958-04-27,0.99409866,simulation
1958-04-28,0.9932961,simulation
1958-04-29,0.9938892,simulation
1958-04-30,0.9916463,simulation
1958-05-01,0.99142146,simulation
1958-05-02,0.9914894,simulation
1958-05-03,0.99369,simulation
1958-05-04,0.9941195,simulation
1958-05-05,0.9843569,simulation
1958-05-06,0.9863631,simulation
1958-05-07,0.9866645,simulation
1958-05-08,0.9916866,simulation
1958-05-09,0.9933596,simulation
1958-05-10,0.9959961,simulation
1958-05-11,0.9933872,simulation
1958-05-12,0.9893552,simulation
1958-05-13,0.99107206,simulation
1958-05-14,0.99135596,simulation
1958-05-15,0.99474704,simulation
1958-05-16,0.9950637,simulation
1958-05-17,0.9977221,simulation
1958-05-18,0.99783146,simulation
1958-05-19,0.9947072,simulation
1958-05-20,0.9955948,simulation
1958-05-21,0.99485874,simulation
1958-05-22,0.997387,simulation
1958-05-23,0.9948737,simulation
1958-05-24,0.9946433,simulation
1958-05-25,0.99131364,simulation
1958-05-26,0.9893939,simulation
1958-05-27,0.98981196,simulation
1958-05-28,0.9918284,simulation
1958-05-29,0.9917101,simulation
1958-05-30,0.9913698,simulation
1958-05-31,0.99140507,simulation
1958-06-01,0.9906895,simulation
1958-06-02,0.9907664,simulation
1958-06-03,0.99062926,simulation
1958-06-04,0.9936312,simulation
1958-06-05,0.99288267,simulation
1958-06-06,0.9920081,simulation
1958-06-07,0.99131936,simulation
1958-06-08,0.992155,simulation
1958-06-09,0.99012554,simulation
1958-06-10,0.99156535,simulation
1958-06-11,0.99118364,simulation
1958-06-12,0.99056673,simulation
1958-06-13,0.99231833,simulation
1958-06-14,0.9944506,simulation
1958-06-15,0.99747235,simulation
1958-06-16,0.99527055,simulation
1958-06-17,0.99567723,simulation
1958-06-18,0.9932228,simulation
1958-06-19,0.9934148,simulation
1958-06-20,0.99284446,simulation
1958-06-21,0.99645376,simulation
1958-06-22,0.9978709,simulation
1958-06-23,0.9913836,simulation
1958-06-24,0.988628,simulation
1958-06-25,0.9925563,simulation
1958-06-26,0.9968014,simulation
1958-06-27,0.9958485,simulation
1958-06-28,0.9881656,simulation
1958-06-29,0.98838794,simulation
1958-06-30,0.99052674,simulation
1958-07-01,0.9919334,simulation
1958-07-02,0.99152535,simulation
1958-07-03,0.9893744,simulation
1958-07-04,0.9908222,simulation
1958-07-05,0.99106014,simulation
1958-07-06,0.9933129,simulation
1958-07-07,0.99666345,simulation
1958-07-08,0.9975677,simulation
1958-07-09,0.9981462,simulation
1958-07-10,0.99492854,simulation
1958-07-11,0.9946151,simulation
1958-07-12,0.992332,simulation
1958-07-13,0.99459183,simulation
1958-07-14,0.9911168,simulation
1958-07-15,0.9911523,simulation
1958-07-16,0.9921261,simulation
1958-07-17,0.9934624,simulation
1958-07-18,0.9943871,simulation
1958-07-19,0.9919801,simulation
1958-07-20,0.9926881,simulation
1958-07-21,0.99686676,simulation
1958-07-22,0.99693495,simulation
1958-07-23,0.99537015,simulation
1958-07-24,0.9899991,simulation
1958-07-25,0.98871386,simulation
1958-07-26,0.9904875,simulation
1958-07-27,0.99000305,simulation
1958-07-28,0.98832154,simulation
1958-07-29,0.9880266,simulation
1958-07-30,0.9900598,simulation
1958-07-31,0.99175906,simulation
1958-08-01,0.99032885,simulation
1958-08-02,0.9896968,simulation
1958-08-03,0.9926074,simulation
1958-08-04,0.99154663,simulation
1958-08-05,0.9882805,simulation
1958-08-06,0.9891492,simulation
1958-08-07,0.9890762,simulation
1958-08-08,0.9940641,simulation
1958-08-09,0.9946845,simulation
1958-08-10,0.9924991,simulation
1958-08-11,0.99049604,simulation
1958-08-12,0.9923227,simulation
1958-08-13,0.9934327,simulation
1958-08-14,0.99281675,simulation
1958-08-15,0.9942515,simulation
1958-08-16,0.9936373,simulation
1958-08-17,0.9934669,simulation
1958-08-18,0.9935065,simulation
1958-08-19,0.98920906,simulation
1958-08-20,0.99007386,simulation
1958-08-21,0.99379086,simulation
1958-08-22,0.9975625,simulation
1958-08-23,0.9982081,simulation
1958-08-24,0.9984594,simulation
1958-08-25,0.9981071,simulation
1958-08-26,0.9902079,simulation
1958-08-27,0.9903741,simulation
1958-08-28,0.990078,simulation
1958-08-29,0.99128497,simulation
1958-08-30,0.99148715,simulation
1958-08-31,0.99224854,simulation
1958-09-01,0.9910514,simulation
1958-09-02,0.99582034,simulation
1958-09-03,0.99767214,simulation
1958-09-04,0.99871254,simulation
1958-09-05,0.99855685,simulation
1958-09-06,0.9984388,simulation
1958-09-07,0.998314,simulation
1958-09-08,0.99822825,simulation
1958-09-09,0.9901712,simulation
1958-09-10,0.9911418,simulation
1958-09-11,0.99464947,simulation
1958-09-12,0.99565727,simulation
1958-09-13,0.99770576,simulation
1958-09-14,0.9984834,simulation
1958-09-15,0.99558526,simulation
1958-09-16,0.9958093,simulation
1958-09-17,0.9971499,simulation
1958-09-18,0.994713,simulation
1958-09-19,0.99649715,simulation
1958-09-20,0.9973806,simulation
1958-09-21,0.9970624,simulation
1958-09-22,0.99297804,simulation
1958-09-23,0.9902352,simulation
1958-09-24,0.98520416,simulation
1958-09-25,0.9876852,simulation
1958-09-26,0.9906289,simulation
1958-09-27,0.99087906,simulation
1958-09-28,0.9879652,simulation
1958-09-29,0.99108785,simulation
1958-09-30,0.99500304,simulation
1958-10-01,0.9901732,simulation
1958-10-02,0.9894923,simulation
1958-10-03,0.9923353,simulation
1958-10-04,0.9919802,simulation
1958-10-05,0.99177635,simulation
1958-10-06,0.98982793,simulation
1958-10-07,0.99122655,simulation
1958-10-08,0.9937593,simulation
1958-10-09,0.99371254,simulation
1958-10-10,0.9925518,simulation
1958-10-11,0.9903353,simulation
1958-10-12,0.99350363,simulation
1958-10-13,0.9925903,simulation
1958-10-14,0.995458,simulation
1958-10-15,0.99789405,simulation
1958-10-16,0.9981903,simulation
1958-10-17,0.99832124,simulation
1958-10-18,0.994244,simulation
1958-10-19,0.9926396,simulation
1958-10-20,0.9934958,simulation
1958-10-21,0.99403536,simulation
1958-10-22,0.99659353,simulation
1958-10-23,0.99566114,simulation
1958-10-24,0.9938045,simulation
1958-10-25,0.9936632,simulation
1958-10-26,0.99386156,simulation
1958-10-27,0.9966706,simulation
1958-10-28,0.99805963,simulation
1958-10-29,0.9989189,simulation
1958-10-30,0.9989525,simulation
1958-10-31,0.99916524,simulation
1958-11-01,0.997556,simulation
1958-11-02,0.99771315,simulation
1958-11-03,0.9988516,simulation
1958-11-04,0.99928504,simulation
1958-11-05,0.99919623,simulation
1958-11-06,0.99855065,simulation
1958-11-07,0.9947953,simulation
1958-11-08,0.99633193,simulation
1958-11-09,0.99566543,simulation
1958-11-10,0.9942927,simulation
1958-11-11,0.9949261,simulation
1958-11-12,0.9953396,simulation
1958-11-13,0.9973595,simulation
1958-11-14,0.99887,simulation
1958-11-15,0.998526,simulation
1958-11-16,0.9977835,simulation
1958-11-17,0.9972458,simulation
1958-11-18,0.9976981,simulation
1958-11-19,0.9972125,simulation
1958-11-20,0.9969391,simulation
1958-11-21,0.99499434,simulation
1958-11-22,0.9958145,simulation
1958-11-23,0.9976889,simulation
1958-11-24,0.9983803,simulation
1958-11-25,0.9983185,simulation
1958-11-26,0.9969244,simulation
1958-11-27,0.9979076,simulation
1958-11-28,0.9985426,simulation
1958-11-29,0.995614,simulation
1958-11-30,0.99531657,simulation
1958-12-01,0.99692243,simulation
1958-12-02,0.997381,simulation
1958-12-03,0.9968593,simulation
1958-12-04,0.995164,simulation
1958-12-05,0.9968847,simulation
1958-12-06,0.99698114,simulation
1958-12-07,0.9969903,simulation
1958-12-08,0.9977919,simulation
1958-12-09,0.9976596,simulation
1958-12-10,0.99826443,simulation
1958-12-11,0.99654204,simulation
1958-12-12,0.99657494,simulation
1958-12-13,0.99800724,simulation
1958-12-14,0.99681914,simulation
1958-12-15,0.9970286,simulation
1958-12-16,0.99684453,simulation
1958-12-17,0.99673235,simulation
1958-12-18,0.99691623,simulation
1958-12-19,0.99759084,simulation
1958-12-20,0.99833083,simulation
1958-12-21,0.997017,simulation
1958-12-22,0.9979326,simulation
1958-12-23,0.99873763,simulation
1958-12-24,0.99772066,simulation
1958-12-25,0.99791205,simulation
1958-12-26,0.99808663,simulation
1958-12-27,0.9985993,simulation
1958-12-28,0.99831086,simulation
1958-12-29,0.9978508,simulation
1958-12-30,0.99854577,simulation
1958-12-31,0.9986905,simulation
1959-01-01,0.99692756,simulation
1959-01-02,0.9969698,simulation
1959-01-03,0.99734694,simulation
1959-01-04,0.9967043,simulation
1959-01-05,0.9961352,simulation
1959-01-06,0.99702775,simulation
1959-01-07,0.9973203,simulation
1959-01-08,0.9974599,simulation
1959-01-09,0.9953647,simulation
1959-01-10,0.9963722,simulation
1959-01-11,0.9962685,simulation
1959-01-12,0.99659646,simulation
1959-01-13,0.99712765,simulation
1959-01-14,0.9976707,simulation
1959-01-15,0.9982284,simulation
1959-01-16,0.99311143,simulation
1959-01-17,0.99548453,simulation
1959-01-18,0.99458927,simulation
1959-01-19,0.99554646,simulation
1959-01-20,0.99653,simulation
1959-01-21,0.9950028,simulation
1959-01-22,0.9882253,simulation
1959-01-23,0.9907268,simulation
1959-01-24,0.99297935,simulation
1959-01-25,0.9921645,simulation
1959-01-26,0.9931609,simulation
1959-01-27,0.9948277,simulation
1959-01-28,0.99472827,simulation
1959-01-29,0.99656826,simulation
1959-01-30,0.99684596,simulation
1959-01-31,0.9944251,simulation
1959-02-01,0.9950897,simulation
1959-02-02,0.99515027,simulation
1959-02-03,0.9907791,simulation
1959-02-04,0.99161077,simulation
1959-02-05,0.98849,simulation
1959-02-06,0.99170995,simulation
1959-02-07,0.99303406,simulation
1959-02-08,0.9946494,simulation
1959-02-09,0.99315745,simulation
1959-02-10,0.9937632,simulation
1959-02-11,0.99322355,simulation
1959-02-12,0.9927698,simulation
1959-02-13,0.9923646,simulation
1959-02-14,0.993485,simulation
1959-02-15,0.9923774,simulation
1959-02-16,0.9904557,simulation
1959-02-17,0.99224526,simulation
1959-02-18,0.99395955,simulation
1959-02-19,0.9949861,simulation
1959-02-20,0.9955225,simulation
1959-02-21,0.9959001,simulation
1959-02-22,0.99453074,simulation
1959-02-23,0.9971046,simulation
1959-02-24,0.9976402,simulation
1959-02-25,0.99757063,simulation
1959-02-26,0.9978457,simulation
1959-02-27,0.997467,simulation
1959-02-28,0.9973178,simulation
1959-03-01,0.9947011,simulation
1959-03-02,0.9938761,simulation
1959-03-03,0.99489665,simulation
1959-03-04,0.9969608,simulation
1959-03-05,0.99700946,simulation
1959-03-06,0.99458295,simulation
1959-03-07,0.9943557,simulation
1959-03-08,0.9958489,simulation
1959-03-09,0.995564,simulation
1959-03-10,0.996819,simulation
1959-03-11,0.9978968,simulation
1959-03-12,0.9931439,simulation
1959-03-13,0.99373573,simulation
1959-03-14,0.9980866,simulation
1959-03-15,0.9914148,simulation
1959-03-16,0.9947389,simulation
1959-03-17,0.9971593,simulation
1959-03-18,0.99716777,simulation
1959-03-19,0.99698794,simulation
1959-03-20,0.9977796,simulation
1959-03-21,0.9937959,simulation
1959-03-22,0.99107933,simulation
1959-03-23,0.99183995,simulation
1959-03-24,0.9934727,simulation
1959-03-25,0.99732286,simulation
1959-03-26,0.997292,simulation
1959-03-27,0.9931067,simulation
1959-03-28,0.99755806,simulation
1959-03-29,0.99438053,simulation
1959-03-30,0.9976662,simulation
1959-03-31,0.99657553,simulation
1959-04-01,0.9966148,simulation
1959-04-02,0.9915836,simulation
1959-04-03,0.99157983,simulation
1959-04-04,0.9907181,simulation
1959-04-05,0.9942362,simulation
1959-04-06,0.99537086,simulation
1959-04-07,0.9960891,simulation
1959-04-08,0.996349,simulation
1959-04-09,0.9987508,simulation
1959-04-10,0.997085,simulation
1959-04-11,0.9970526,simulation
1959-04-12,0.9955912,simulation
1959-04-13,0.991912,simulation
1959-04-14,0.9956424,simulation
1959-04-15,0.9952104,simulation
1959-04-16,0.9948132,simulation
1959-04-17,0.9975768,simulation
1959-04-18,0.9963833,simulation
1959-04-19,0.9931228,simulation
1959-04-20,0.99458414,simulation
1959-04-21,0.99593496,simulation
1959-04-22,0.98513705,simulation
1959-04-23,0.9855277,simulation
1959-04-24,0.9876946,simulation
1959-04-25,0.98984283,simulation
1959-04-26,0.99334484,simulation
1959-04-27,0.9943076,simulation
1959-04-28,0.9935993,simulation
1959-04-29,0.9932927,simulation
1959-04-30,0.9926822,simulation
1959-05-01,0.9925896,simulation
1959-05-02,0.9950875,simulation
1959-05-03,0.99322146,simulation
1959-05-04,0.99197197,simulation
1959-05-05,0.9925892,simulation
1959-05-06,0.9955291,simulation
1959-05-07,0.9895234,simulation
1959-05-08,0.99225616,simulation
1959-05-09,0.99195325,simulation
1959-05-10,0.99252474,simulation
1959-05-11,0.99649936,simulation
1959-05-12,0.99864316,simulation
1959-05-13,0.99314344,simulation
1959-05-14,0.9912017,simulation
1959-05-15,0.9937155,simulation
1959-05-16,0.9906815,simulation
1959-05-17,0.9920594,simulation
1959-05-18,0.9953025,simulation
1959-05-19,0.99609435,simulation
1959-05-20,0.9961044,simulation
1959-05-21,0.99652135,simulation
1959-05-22,0.99328506,simulation
1959-05-23,0.9940604,simulation
1959-05-24,0.99436694,simulation
1959-05-25,0.9937286,simulation
1959-05-26,0.9876239,simulation
1959-05-27,0.98867464,simulation
1959-05-28,0.9901981,simulation
1959-05-29,0.9954027,simulation
1959-05-30,0.99526644,simulation
1959-05-31,0.9954501,simulation
1959-06-01,0.99187446,simulation
1959-06-02,0.98803973,simulation
1959-06-03,0.9893604,simulation
1959-06-04,0.9946221,simulation
1959-06-05,0.9933598,simulation
1959-06-06,0.9955757,simulation
1959-06-07,0.9939587,simulation
1959-06-08,0.99663556,simulation
1959-06-09,0.99023926,simulation
1959-06-10,0.9909768,simulation
1959-06-11,0.9919824,simulation
1959-06-12,0.99444866,simulation
1959-06-13,0.9966558,simulation
1959-06-14,0.9961275,simulation
1959-06-15,0.99444294,simulation
1959-06-16,0.9927331,simulation
1959-06-17,0.98910296,simulation
1959-06-18,0.9879798,simulation
1959-06-19,0.9871812,simulation
1959-06-20,0.98794985,simulation
1959-06-21,0.98967594,simulation
1959-06-22,0.99204475,simulation
1959-06-23,0.9918916,simulation
1959-06-24,0.9932328,simulation
1959-06-25,0.9929527,simulation
1959-06-26,0.9912376,simulation
1959-06-27,0.99169934,simulation
1959-06-28,0.9938843,simulation
1959-06-29,0.9903103,simulation
1959-06-30,0.991148,simulation
1959-07-01,0.99338233,simulation
1959-07-02,0.99419236,simulation
1959-07-03,0.99684983,simulation
1959-07-04,0.99326485,simulation
1959-07-05,0.9928212,simulation
1959-07-06,0.99529016,simulation
1959-07-07,0.9958286,simulation
1959-07-08,0.995385,simulation
1959-07-09,0.9943119,simulation
1959-07-10,0.99547267,simulation
1959-07-11,0.99470884,simulation
1959-07-12,0.9948559,simulation
1959-07-13,0.9942983,simulation
1959-07-14,0.9931888,simulation
1959-07-15,0.9918883,simulation
1959-07-16,0.9921687,simulation
1959-07-17,0.9926186,simulation
1959-07-18,0.9921171,simulation
1959-07-19,0.99468195,simulation
1959-07-20,0.9933165,simulation
1959-07-21,0.9922823,simulation
1959-07-22,0.99551,simulation
1959-07-23,0.9935973,simulation
1959-07-24,0.9972815,simulation
1959-07-25,0.99558544,simulation
1959-07-26,0.99700975,simulation
1959-07-27,0.99529916,simulation
1959-07-28,0.99270976,simulation
1959-07-29,0.99228513,simulation
1959-07-30,0.9948658,simulation
1959-07-31,0.99735683,simulation
1959-08-01,0.99510396,simulation
1959-08-02,0.9937739,simulation
1959-08-03,0.99476093,simulation
1959-08-04,0.9917818,simulation
1959-08-05,0.992775,simulation
1959-08-06,0.99155575,simulation
1959-08-07,0.9924688,simulation
1959-08-08,0.9928109,simulation
1959-08-09,0.9950826,simulation
1959-08-10,0.9935638,simulation
1959-08-11,0.9907505,simulation
1959-08-12,0.98912615,simulation
1959-08-13,0.99549913,simulation
1959-08-14,0.99606377,simulation
1959-08-15,0.9958249,simulation
1959-08-16,0.9944219,simulation
1959-08-17,0.9947462,simulation
1959-08-18,0.9941376,simulation
1959-08-19,0.99332374,simulation
1959-08-20,0.9929889,simulation
1959-08-21,0.99210966,simulation
1959-08-22,0.99269485,simulation
1959-08-23,0.9905864,simulation
1959-08-24,0.9906951,simulation
1959-08-25,0.99177444,simulation
1959-08-26,0.99355114,simulation
1959-08-27,0.99252677,simulation
1959-08-28,0.9923704,simulation
1959-08-29,0.99160206,simulation
1959-08-30,0.99462855,simulation
1959-08-31,0.9935851,simulation
1959-09-01,0.9925717,simulation
1959-09-02,0.9924813,simulation
1959-09-03,0.994129,simulation
1959-09-04,0.9925528,simulation
1959-09-05,0.99260086,simulation
1959-09-06,0.9924736,simulation
1959-09-07,0.9909675,simulation
1959-09-08,0.9919451,simulation
1959-09-09,0.9944091,simulation
1959-09-10,0.99627924,simulation
1959-09-11,0.99346286,simulation
1959-09-12,0.9985229,simulation
1959-09-13,0.9991261,simulation
1959-09-14,0.99929774,simulation
1959-09-15,0.99912953,simulation
1959-09-16,0.99881434,simulation
1959-09-17,0.9935019,simulation
1959-09-18,0.99330735,simulation
1959-09-19,0.9938605,simulation
1959-09-20,0.99091107,simulation
1959-09-21,0.99395657,simulation
1959-09-22,0.9920031,simulation
1959-09-23,0.99310774,simulation
1959-09-24,0.99208194,simulation
1959-09-25,0.9940933,simulation
1959-09-26,0.99822074,simulation
1959-09-27,0.99636394,simulation
1959-09-28,0.9947487,simulation
1959-09-29,0.9932342,simulation
1959-09-30,0.9940777,simulation
1959-10-01,0.9937723,simulation
1959-10-02,0.9924402,simulation
1959-10-03,0.9949427,simulation
1959-10-04,0.99359787,simulation
1959-10-05,0.9979948,simulation
1959-10-06,0.99911726,simulation
1959-10-07,0.9981769,simulation
1959-10-08,0.99754316,simulation
1959-10-09,0.9935631,simulation
1959-10-10,0.997052,simulation
1959-10-11,0.99557257,simulation
1959-10-12,0.99600124,simulation
1959-10-13,0.997922,simulation
1959-10-14,0.99893826,simulation
1959-10-15,0.99408066,simulation
1959-10-16,0.9987537,simulation
1959-10-17,0.99892724,simulation
1959-10-18,0.99364966,simulation
1959-10-19,0.99524736,simulation
1959-10-20,0.99854183,simulation
1959-10-21,0.9988844,simulation
1959-10-22,0.99834913,simulation
1959-10-23,0.99795073,simulation
1959-10-24,0.99304825,simulation
1959-10-25,0.9935184,simulation
1959-10-26,0.9932333,simulation
1959-10-27,0.9977443,simulation
1959-10-28,0.9983036,simulation
1959-10-29,0.99888694,simulation
1959-10-30,0.9989966,simulation
1959-10-31,0.9988211,simulation
1959-11-01,0.9978178,simulation
1959-11-02,0.9953763,simulation
1959-11-03,0.9949633,simulation
1959-11-04,0.99717814,simulation
1959-11-05,0.99398327,simulation
1959-11-06,0.9940896,simulation
1959-11-07,0.99276584,simulation
1959-11-08,0.99420494,simulation
1959-11-09,0.9937783,simulation
1959-11-10,0.9947752,simulation
1959-11-11,0.99640924,simulation
1959-11-12,0.99428725,simulation
1959-11-13,0.9974003,simulation
1959-11-14,0.99805593,simulation
1959-11-15,0.99612105,simulation
1959-11-16,0.99653095,simulation
1959-11-17,0.99556714,simulation
1959-11-18,0.9942652,simulation
1959-11-19,0.9952719,simulation
1959-11-20,0.9957763,simulation
1959-11-21,0.9964943,simulation
1959-11-22,0.9973222,simulation
1959-11-23,0.99754405,simulation
1959-11-24,0.9939741,simulation
1959-11-25,0.99427354,simulation
1959-11-26,0.9949292,simulation
1959-11-27,0.9979991,simulation
1959-11-28,0.9956806,simulation
1959-11-29,0.9966652,simulation
1959-11-30,0.9966514,simulation
1959-12-01,0.99702907,simulation
1959-12-02,0.9969042,simulation
1959-12-03,0.9963264,simulation
1959-12-04,0.99800783,simulation
1959-12-05,0.99815446,simulation
1959-12-06,0.99606097,simulation
1959-12-07,0.9964079,simulation
1959-12-08,0.996342,simulation
1959-12-09,0.99812937,simulation
1959-12-10,0.9976331,simulation
1959-12-11,0.9984359,simulation
1959-12-12,0.99771065,simulation
1959-12-13,0.9973724,simulation
1959-12-14,0.9973684,simulation
1959-12-15,0.997742,simulation
1959-12-16,0.9979025,simulation
1959-12-17,0.9979156,simulation
1959-12-18,0.9962519,simulation
1959-12-19,0.9950454,simulation
1959-12-20,0.9968119,simulation
1959-12-21,0.9960347,simulation
1959-12-22,0.9970182,simulation
1959-12-23,0.99744385,simulation
1959-12-24,0.9976884,simulation
1959-12-25,0.9982811,simulation
1959-12-26,0.9979988,simulation
1959-12-27,0.9978968,simulation
1959-12-28,0.99547356,simulation
1959-12-29,0.99528563,simulation
1959-12-30,0.9969317,simulation
1959-12-31,0.99705297,simulation
1960-01-01,0.99740505,simulation
1960-01-02,0.99773246,simulation
1960-01-03,0.9960457,simulation
1960-01-04,0.9965057,simulation
1960-01-05,0.99701196,simulation
1960-01-06,0.9964773,simulation
1960-01-07,0.9956908,simulation
1960-01-08,0.99540883,simulation
1960-01-09,0.996002,simulation
1960-01-10,0.99630404,simulation
1960-01-11,0.99632,simulation
1960-01-12,0.99676347,simulation
1960-01-13,0.99688596,simulation
1960-01-14,0.9968871,simulation
1960-01-15,0.994302,simulation
1960-01-16,0.9963498,simulation
1960-01-17,0.9972848,simulation
1960-01-18,0.99234027,simulation
1960-01-19,0.9939471,simulation
1960-01-20,0.9938776,simulation
1960-01-21,0.9943977,simulation
1960-01-22,0.99527603,simulation
1960-01-23,0.99590176,simulation
1960-01-24,0.996251,simulation
1960-01-25,0.99557173,simulation
1960-01-26,0.9969266,simulation
1960-01-27,0.9970775,simulation
1960-01-28,0.99760616,simulation
1960-01-29,0.9975795,simulation
1960-01-30,0.99451756,simulation
1960-01-31,0.995213,simulation
1960-02-01,0.9957924,simulation
1960-02-02,0.99619037,simulation
1960-02-03,0.99593914,simulation
1960-02-04,0.98421437,simulation
1960-02-05,0.9890313,simulation
1960-02-06,0.9913818,simulation
1960-02-07,0.99242884,simulation
1960-02-08,0.9916936,simulation
1960-02-09,0.9939848,simulation
1960-02-10,0.99161637,simulation
1960-02-11,0.9935817,simulation
1960-02-12,0.99609476,simulation
1960-02-13,0.99663424,simulation
1960-02-14,0.9947202,simulation
1960-02-15,0.99600273,simulation
1960-02-16,0.9962165,simulation
1960-02-17,0.99437356,simulation
1960-02-18,0.9960897,simulation
1960-02-19,0.99469286,simulation
1960-02-20,0.9964597,simulation
1960-02-21,0.9976963,simulation
1960-02-22,0.9927115,simulation
1960-02-23,0.9931656,simulation
1960-02-24,0.99603325,simulation
1960-02-25,0.9962902,simulation
1960-02-26,0.99506366,simulation
1960-02-27,0.9968713,simulation
1960-02-28,0.99683994,simulation
1960-02-29,0.99636906,simulation
1960-03-01,0.9956999,simulation
1960-03-02,0.99133074,simulation
1960-03-03,0.9834682,simulation
1960-03-04,0.98645425,simulation
1960-03-05,0.9899809,simulation
1960-03-06,0.9919513,simulation
1960-03-07,0.99405426,simulation
1960-03-08,0.99385124,simulation
1960-03-09,0.99485505,simulation
1960-03-10,0.9917541,simulation
1960-03-11,0.9950202,simulation
1960-03-12,0.99157476,simulation
1960-03-13,0.994462,simulation
1960-03-14,0.9959825,simulation
1960-03-15,0.9941109,simulation
1960-03-16,0.98518807,simulation
1960-03-17,0.9907341,simulation
1960-03-18,0.9892359,simulation
1960-03-19,0.9888918,simulation
1960-03-20,0.9910669,simulation
1960-03-21,0.9914219,simulation
1960-03-22,0.99132544,simulation
1960-03-23,0.993428,simulation
1960-03-24,0.9965369,simulation
1960-03-25,0.9967244,simulation
1960-03-26,0.99531084,simulation
1960-03-27,0.99774194,simulation
1960-03-28,0.9969885,simulation
1960-03-29,0.9972848,simulation
1960-03-30,0.9870997,simulation
1960-03-31,0.98963964,simulation
1960-04-01,0.993165,simulation
1960-04-02,0.9948708,simulation
1960-04-03,0.99001217,simulation
1960-04-04,0.98929054,simulation
1960-04-05,0.9864305,simulation
1960-04-06,0.98741955,simulation
1960-04-07,0.9879488,simulation
1960-04-08,0.9941885,simulation
1960-04-09,0.9957567,simulation
1960-04-10,0.99073875,simulation
1960-04-11,0.9908208,simulation
1960-04-12,0.99146146,simulation
1960-04-13,0.99556935,simulation
1960-04-14,0.9942658,simulation
1960-04-15,0.9944407,simulation
1960-04-16,0.99333686,simulation
1960-04-17,0.9978599,simulation
1960-04-18,0.9923859,simulation
1960-04-19,0.9909,simulation
1960-04-20,0.9920341,simulation
1960-04-21,0.9954999,simulation
1960-04-22,0.9954872,simulation
1960-04-23,0.99451387,simulation
1960-04-24,0.9943936,simulation
1960-04-25,0.9949418,simulation
1960-04-26,0.99520904,simulation
1960-04-27,0.99364376,simulation
1960-04-28,0.9916781,simulation
1960-04-29,0.9944902,simulation
1960-04-30,0.995317,simulation
1960-05-01,0.9937433,simulation
1960-05-02,0.99701905,simulation
1960-05-03,0.99126655,simulation
1960-05-04,0.995622,simulation
1960-05-05,0.99834573,simulation
1960-05-06,0.99843585,simulation
1960-05-07,0.99446255,simulation
1960-05-08,0.9888097,simulation
1960-05-09,0.9923453,simulation
1960-05-10,0.9909294,simulation
1960-05-11,0.9952536,simulation
1960-05-12,0.99441844,simulation
1960-05-13,0.99099916,simulation
1960-05-14,0.99051607,simulation
1960-05-15,0.991448,simulation
1960-05-16,0.993633,simulation
1960-05-17,0.9929098,simulation
1960-05-18,0.99179137,simulation
1960-05-19,0.9936826,simulation
1960-05-20,0.9919072,simulation
1960-05-21,0.99364316,simulation
1960-05-22,0.9918021,simulation
1960-05-23,0.9915233,simulation
1960-05-24,0.9927834,simulation
1960-05-25,0.99176836,simulation
1960-05-26,0.9916123,simulation
1960-05-27,0.98901075,simulation
1960-05-28,0.99225396,simulation
1960-05-29,0.99136245,simulation
1960-05-30,0.98956585,simulation
1960-05-31,0.9908686,simulation
1960-06-01,0.99501574,simulation
1960-06-02,0.99652064,simulation
1960-06-03,0.99046826,simulation
1960-06-04,0.99094665,simulation
1960-06-05,0.98929006,simulation
1960-06-06,0.9877912,simulation
1960-06-07,0.98790956,simulation
1960-06-08,0.990194,simulation
1960-06-09,0.9888145,simulation
1960-06-10,0.9877607,simulation
1960-06-11,0.9870143,simulation
1960-06-12,0.9883424,simulation
1960-06-13,0.9920987,simulation
1960-06-14,0.9879421,simulation
1960-06-15,0.98769826,simulation
1960-06-16,0.9865457,simulation
1960-06-17,0.99162716,simulation
1960-06-18,0.9850272,simulation
1960-06-19,0.9856676,simulation
1960-06-20,0.9883728,simulation
1960-06-21,0.9878151,simulation
1960-06-22,0.9874343,simulation
1960-06-23,0.98887897,simulation
1960-06-24,0.9912212,simulation
1960-06-25,0.99540216,simulation
1960-06-26,0.9932425,simulation
1960-06-27,0.99464256,simulation
1960-06-28,0.9871068,simulation
1960-06-29,0.98760027,simulation
1960-06-30,0.98648393,simulation
1960-07-01,0.987234,simulation
1960-07-02,0.9859081,simulation
1960-07-03,0.9855422,simulation
1960-07-04,0.9908223,simulation
1960-07-05,0.9952102,simulation
1960-07-06,0.9885768,simulation
1960-07-07,0.98614055,simulation
1960-07-08,0.98802286,simulation
1960-07-09,0.98838776,simulation
1960-07-10,0.9870221,simulation
1960-07-11,0.9877453,simulation
1960-07-12,0.9860258,simulation
1960-07-13,0.98367894,simulation
1960-07-14,0.9852867,simulation
1960-07-15,0.98418474,simulation
1960-07-16,0.99248624,simulation
1960-07-17,0.99375266,simulation
1960-07-18,0.9917225,simulation
1960-07-19,0.9900389,simulation
1960-07-20,0.98729455,simulation
1960-07-21,0.9860805,simulation
1960-07-22,0.9865572,simulation
1960-07-23,0.98918104,simulation
1960-07-24,0.98857075,simulation
1960-07-25,0.98699456,simulation
1960-07-26,0.9846847,simulation
1960-07-27,0.98760474,simulation
1960-07-28,0.9852539,simulation
1960-07-29,0.98359865,simulation
1960-07-30,0.98996156,simulation
1960-07-31,0.9900917,simulation
1960-08-01,0.9882366,simulation
1960-08-02,0.99413705,simulation
1960-08-03,0.9931131,simulation
1960-08-04,0.9926175,simulation
1960-08-05,0.9929362,simulation
1960-08-06,0.993892,simulation
1960-08-07,0.9890614,simulation
1960-08-08,0.9879558,simulation
1960-08-09,0.99023974,simulation
1960-08-10,0.9966758,simulation
1960-08-11,0.9991273,simulation
1960-08-12,0.9989257,simulation
1960-08-13,0.9981381,simulation
1960-08-14,0.9988312,simulation
1960-08-15,0.99471664,simulation
1960-08-16,0.991516,simulation
1960-08-17,0.99266744,simulation
1960-08-18,0.9941769,simulation
1960-08-19,0.9987001,simulation
1960-08-20,0.9963851,simulation
1960-08-21,0.9973561,simulation
1960-08-22,0.9990862,simulation
1960-08-23,0.99485296,simulation
1960-08-24,0.99229485,simulation
1960-08-25,0.9917038,simulation
1960-08-26,0.99443585,simulation
1960-08-27,0.99471325,simulation
1960-08-28,0.99415576,simulation
1960-08-29,0.9920894,simulation
1960-08-30,0.99155015,simulation
1960-08-31,0.9903503,simulation
1960-09-01,0.99097514,simulation
1960-09-02,0.9913441,simulation
1960-09-03,0.990767,simulation
1960-09-04,0.9910496,simulation
1960-09-05,0.9912175,simulation
1960-09-06,0.99096364,simulation
1960-09-07,0.99048835,simulation
1960-09-08,0.99151736,simulation
1960-09-09,0.99853384,simulation
1960-09-10,0.99574196,simulation
1960-09-11,0.9989546,simulation
1960-09-12,0.9902339,simulation
1960-09-13,0.99154466,simulation
1960-09-14,0.9984434,simulation
1960-09-15,0.99829423,simulation
1960-09-16,0.99899143,simulation
1960-09-17,0.9951326,simulation
1960-09-18,0.9921325,simulation
1960-09-19,0.9908449,simulation
1960-09-20,0.9916483,simulation
1960-09-21,0.9918312,simulation
1960-09-22,0.9903235,simulation
1960-09-23,0.99385357,simulation
1960-09-24,0.9937209,simulation
1960-09-25,0.995425,simulation
1960-09-26,0.9990799,simulation
1960-09-27,0.9978901,simulation
1960-09-28,0.9992166,simulation
1960-09-29,0.99800354,simulation
1960-09-30,0.99163485,simulation
1960-10-01,0.9913548,simulation
1960-10-02,0.99309635,simulation
1960-10-03,0.99807614,simulation
1960-10-04,0.9968834,simulation
1960-10-05,0.9989009,simulation
1960-10-06,0.999153,simulation
1960-10-07,0.9982722,simulation
1960-10-08,0.9956684,simulation
1960-10-09,0.9944653,simulation
1960-10-10,0.99367577,simulation
1960-10-11,0.9941454,simulation
1960-10-12,0.99421394,simulation
1960-10-13,0.99562365,simulation
1960-10-14,0.998797,simulation
1960-10-15,0.997204,simulation
1960-10-16,0.99491346,simulation
1960-10-17,0.99531454,simulation
1960-10-18,0.9959293,simulation
1960-10-19,0.9991025,simulation
1960-10-20,0.9989394,simulation
1960-10-21,0.99607384,simulation
1960-10-22,0.9947138,simulation
1960-10-23,0.9951156,simulation
1960-10-24,0.9943178,simulation
1960-10-25,0.9941569,simulation
1960-10-26,0.9991405,simulation
1960-10-27,0.99683774,simulation
1960-10-28,0.9942041,simulation
1960-10-29,0.9976662,simulation
1960-10-30,0.99943346,simulation
1960-10-31,0.99510854,simulation
1960-11-01,0.99518895,simulation
1960-11-02,0.9950728,simulation
1960-11-03,0.9949788,simulation
1960-11-04,0.99546295,simulation
1960-11-05,0.99587595,simulation
1960-11-06,0.9956505,simulation
1960-11-07,0.99668735,simulation
1960-11-08,0.9976868,simulation
1960-11-09,0.9986247,simulation
1960-11-10,0.9989558,simulation
1960-11-11,0.9970341,simulation
1960-11-12,0.99853617,simulation
1960-11-13,0.99907476,simulation
1960-11-14,0.99575657,simulation
1960-11-15,0.99613976,simulation
1960-11-16,0.9993157,simulation
1960-11-17,0.999044,simulation
1960-11-18,0.99937916,simulation
1960-11-19,0.9965631,simulation
1960-11-20,0.998082,simulation
1960-11-21,0.9982627,simulation
1960-11-22,0.9992591,simulation
1960-11-23,0.9993064,simulation
1960-11-24,0.99929917,simulation
1960-11-25,0.9984297,simulation
1960-11-26,0.9977296,simulation
1960-11-27,0.99919504,simulation
1960-11-28,0.9991526,simulation
1960-11-29,0.99536747,simulation
1960-11-30,0.9970438,simulation
1960-12-01,0.99631584,simulation
1960-12-02,0.9978922,simulation
1960-12-03,0.9981275,simulation
1960-12-04,0.99837816,simulation
1960-12-05,0.99702734,simulation
1960-12-06,0.9988297,simulation
1960-12-07,0.9996874,simulation
1960-12-08,0.9993926,simulation
1960-12-09,0.99885166,simulation
1960-12-10,0.9989937,simulation
1960-12-11,0.997741,simulation
1960-12-12,0.9981185,simulation
1960-12-13,0.99865514,simulation
1960-12-14,0.99957365,simulation
1960-12-15,0.9997595,simulation
1960-12-16,0.9976878,simulation
1960-12-17,0.9982336,simulation
1960-12-18,0.99854475,simulation
1960-12-19,0.9982626,simulation
1960-12-20,0.9993888,simulation
1960-12-21,0.9975851,simulation
1960-12-22,0.9988622,simulation
1960-12-23,0.9980014,simulation
1960-12-24,0.99906546,simulation
1960-12-25,0.9989853,simulation
1960-12-26,0.99864805,simulation
1960-12-27,0.9988878,simulation
1960-12-28,0.99917203,simulation
1960-12-29,0.99901193,simulation
1960-12-30,0.99901426,simulation
1960-12-31,0.99886316,simulation
1961-01-01,0.99789745,simulation
1961-01-02,0.99828756,simulation
1961-01-03,0.9968469,simulation
1961-01-04,0.9974921,simulation
1961-01-05,0.9983108,simulation
1961-01-06,0.998475,simulation
1961-01-07,0.9987644,simulation
1961-01-08,0.99708265,simulation
1961-01-09,0.99583435,simulation
1961-01-10,0.9968066,simulation
1961-01-11,0.9971907,simulation
1961-01-12,0.9970889,simulation
1961-01-13,0.9980014,simulation
1961-01-14,0.99760884,simulation
1961-01-15,0.9973293,simulation
1961-01-16,0.99690896,simulation
1961-01-17,0.9967665,simulation
1961-01-18,0.9960229,simulation
1961-01-19,0.99733275,simulation
1961-01-20,0.99587286,simulation
1961-01-21,0.99642134,simulation
1961-01-22,0.99740726,simulation
1961-01-23,0.99726665,simulation
1961-01-24,0.99854475,simulation
1961-01-25,0.9946487,simulation
1961-01-26,0.99482965,simulation
1961-01-27,0.9933772,simulation
1961-01-28,0.99451923,simulation
1961-01-29,0.9939347,simulation
1961-01-30,0.9943266,simulation
1961-01-31,0.99516076,simulation
1961-02-01,0.9956017,simulation
1961-02-02,0.9969691,simulation
1961-02-03,0.995184,simulation
1961-02-04,0.9950417,simulation
1961-02-05,0.9948965,simulation
1961-02-06,0.997069,simulation
1961-02-07,0.9969295,simulation
1961-02-08,0.99645525,simulation
1961-02-09,0.9964736,simulation
1961-02-10,0.9954966,simulation
1961-02-11,0.9947008,simulation
1961-02-12,0.9955018,simulation
1961-02-13,0.99628145,simulation
1961-02-14,0.9974648,simulation
1961-02-15,0.9975725,simulation
1961-02-16,0.9966998,simulation
1961-02-17,0.99815565,simulation
1961-02-18,0.9954785,simulation
1961-02-19,0.9935106,simulation
1961-02-20,0.9829699,simulation
1961-02-21,0.96932733,simulation
1961-02-22,0.9592808,simulation
1961-02-23,0.95761263,simulation
1961-02-24,0.9637172,simulation
1961-02-25,0.9603644,simulation
1961-02-26,0.96738255,simulation
1961-02-27,0.9803286,simulation
1961-02-28,0.9822035,simulation
1961-03-01,0.9873927,simulation
1961-03-02,0.98725986,simulation
1961-03-03,0.9909216,simulation
1961-03-04,0.9930282,simulation
1961-03-05,0.9941896,simulation
1961-03-06,0.9945898,simulation
1961-03-07,0.99118054,simulation
1961-03-08,0.9886211,simulation
1961-03-09,0.9893693,simulation
1961-03-10,0.9916792,simulation
1961-03-11,0.995815,simulation
1961-03-12,0.99462646,simulation
1961-03-13,0.99512243,simulation
1961-03-14,0.9911956,simulation
1961-03-15,0.99188346,simulation
1961-03-16,0.996945,simulation
1961-03-17,0.9965486,simulation
1961-03-18,0.98180395,simulation
1961-03-19,0.98741704,simulation
1961-03-20,0.9920293,simulation
1961-03-21,0.98823607,simulation
1961-03-22,0.9888,simulation
1961-03-23,0.98992646,simulation
1961-03-24,0.9914399,simulation
1961-03-25,0.99310964,simulation
1961-03-26,0.99100786,simulation
1961-03-27,0.9968993,simulation
1961-03-28,0.99527526,simulation
1961-03-29,0.98299795,simulation
1961-03-30,0.975655,simulation
1961-03-31,0.96154284,simulation
1961-04-01,0.9633824,simulation
1961-04-02,0.9704741,simulation
1961-04-03,0.9825045,simulation
1961-04-04,0.98207647,simulation
1961-04-05,0.9855791,simulation
1961-04-06,0.9929128,simulation
1961-04-07,0.98796344,simulation
1961-04-08,0.9935366,simulation
1961-04-09,0.9924481,simulation
1961-04-10,0.9895138,simulation
1961-04-11,0.99175966,simulation
1961-04-12,0.9911656,simulation
1961-04-13,0.98886424,simulation
1961-04-14,0.99047506,simulation
1961-04-15,0.99459326,simulation
1961-04-16,0.99005264,simulation
1961-04-17,0.98998654,simulation
1961-04-18,0.9911775,simulation
1961-04-19,0.9910662,simulation
1961-04-20,0.9906249,simulation
1961-04-21,0.9930717,simulation
1961-04-22,0.99481237,simulation
1961-04-23,0.99452907,simulation
1961-04-24,0.9946698,simulation
1961-04-25,0.9954744,simulation
1961-04-26,0.99514526,simulation
1961-04-27,0.99314564,simulation
1961-04-28,0.9905682,simulation
1961-04-29,0.99399376,simulation
1961-04-30,0.9956636,simulation
1961-05-01,0.9980699,simulation
1961-05-02,0.99656427,simulation
1961-05-03,0.9922834,simulation
1961-05-04,0.9919824,simulation
1961-05-05,0.99190205,simulation
1961-05-06,0.99389446,simulation
1961-05-07,0.9939043,simulation
1961-05-08,0.9974857,simulation
1961-05-09,0.9932749,simulation
1961-05-10,0.99312264,simulation
1961-05-11,0.9936297,simulation
1961-05-12,0.99216926,simulation
1961-05-13,0.9917685,simulation
1961-05-14,0.99530566,simulation
1961-05-15,0.99262923,simulation
1961-05-16,0.98955405,simulation
1961-05-17,0.99242425,simulation
1961-05-18,0.9955551,simulation
1961-05-19,0.9900599,simulation
1961-05-20,0.9949603,simulation
1961-05-21,0.9954162,simulation
1961-05-22,0.99446654,simulation
1961-05-23,0.9970235,simulation
1961-05-24,0.9980964,simulation
1961-05-25,0.996663,simulation
1961-05-26,0.99840796,simulation
1961-05-27,0.9896112,simulation
1961-05-28,0.98990256,simulation
1961-05-29,0.9893665,simulation
1961-05-30,0.9896169,simulation
1961-05-31,0.9897,simulation
1961-06-01,0.98942333,simulation
1961-06-02,0.9901849,simulation
1961-06-03,0.99044406,simulation
1961-06-04,0.98945063,simulation
1961-06-05,0.9897664,simulation
1961-06-06,0.9900042,simulation
1961-06-07,0.9951583,simulation
1961-06-08,0.9918728,simulation
1961-06-09,0.9928868,simulation
1961-06-10,0.9962128,simulation
1961-06-11,0.99652904,simulation
1961-06-12,0.99643064,simulation
1961-06-13,0.9950612,simulation
1961-06-14,0.995556,simulation
1961-06-15,0.9976766,simulation
1961-06-16,0.9985972,simulation
1961-06-17,0.99913967,simulation
1961-06-18,0.9990677,simulation
1961-06-19,0.99908054,simulation
1961-06-20,0.9985385,simulation
1961-06-21,0.9905052,simulation
1961-06-22,0.9884729,simulation
1961-06-23,0.9907637,simulation
1961-06-24,0.99297714,simulation
1961-06-25,0.9962351,simulation
1961-06-26,0.9943869,simulation
1961-06-27,0.97750276,simulation
1961-06-28,0.98268497,simulation
1961-06-29,0.9857522,simulation
1961-06-30,0.98766994,simulation
1961-07-01,0.9891765,simulation
1961-07-02,0.9890608,simulation
1961-07-03,0.9925085,simulation
1961-07-04,0.9891473,simulation
1961-07-05,0.98807627,simulation
1961-07-06,0.9911923,simulation
1961-07-07,0.9943289,simulation
1961-07-08,0.99452496,simulation
1961-07-09,0.99398494,simulation
1961-07-10,0.99438447,simulation
1961-07-11,0.99675083,simulation
1961-07-12,0.9897964,simulation
1961-07-13,0.98227024,simulation
1961-07-14,0.9866655,simulation
1961-07-15,0.9872344,simulation
1961-07-16,0.9892159,simulation
1961-07-17,0.9914543,simulation
1961-07-18,0.9887798,simulation
1961-07-19,0.9904121,simulation
1961-07-20,0.9912575,simulation
1961-07-21,0.9900931,simulation
1961-07-22,0.99200374,simulation
1961-07-23,0.9924411,simulation
1961-07-24,0.9913656,simulation
1961-07-25,0.99045056,simulation
1961-07-26,0.9902951,simulation
1961-07-27,0.9919085,simulation
1961-07-28,0.9914926,simulation
1961-07-29,0.99100655,simulation
1961-07-30,0.9912555,simulation
1961-07-31,0.9939653,simulation
1961-08-01,0.9909995,simulation
1961-08-02,0.99146706,simulation
1961-08-03,0.99255574,simulation
1961-08-04,0.99251187,simulation
1961-08-05,0.99093044,simulation
1961-08-06,0.9919043,simulation
1961-08-07,0.99791735,simulation
1961-08-08,0.9946389,simulation
1961-08-09,0.99410063,simulation
1961-08-10,0.9907961,simulation
1961-08-11,0.99241066,simulation
1961-08-12,0.99244255,simulation
1961-08-13,0.99253553,simulation
1961-08-14,0.9943939,simulation
1961-08-15,0.99573964,simulation
1961-08-16,0.99609643,simulation
1961-08-17,0.99283314,simulation
1961-08-18,0.9923141,simulation
1961-08-19,0.990522,simulation
1961-08-20,0.9924216,simulation
1961-08-21,0.9954019,simulation
1961-08-22,0.9925261,simulation
1961-08-23,0.992711,simulation
1961-08-24,0.99389756,simulation
1961-08-25,0.9951425,simulation
1961-08-26,0.995855,simulation
1961-08-27,0.99420714,simulation
1961-08-28,0.9950132,simulation
1961-08-29,0.99462503,simulation
1961-08-30,0.9934555,simulation
1961-08-31,0.99522823,simulation
1961-09-01,0.99395275,simulation
1961-09-02,0.9955378,simulation
1961-09-03,0.99571854,simulation
1961-09-04,0.9939469,simulation
1961-09-05,0.99223244,simulation
1961-09-06,0.9927666,simulation
1961-09-07,0.99376774,simulation
1961-09-08,0.9934602,simulation
1961-09-09,0.99611956,simulation
1961-09-10,0.9972595,simulation
1961-09-11,0.99891275,simulation
1961-09-12,0.99870783,simulation
1961-09-13,0.99813354,simulation
1961-09-14,0.9973477,simulation
1961-09-15,0.9940639,simulation
1961-09-16,0.99212235,simulation
1961-09-17,0.9917677,simulation
1961-09-18,0.9929415,simulation
1961-09-19,0.9930701,simulation
1961-09-20,0.99284214,simulation
1961-09-21,0.99599546,simulation
1961-09-22,0.9953218,simulation
1961-09-23,0.99279726,simulation
1961-09-24,0.99309087,simulation
1961-09-25,0.9917708,simulation
1961-09-26,0.99272037,simulation
1961-09-27,0.99228233,simulation
1961-09-28,0.9952594,simulation
1961-09-29,0.991418,simulation
1961-09-30,0.99443173,simulation
1961-10-01,0.99787563,simulation
1961-10-02,0.9990767,simulation
1961-10-03,0.9950477,simulation
1961-10-04,0.9927841,simulation
1961-10-05,0.99304986,simulation
1961-10-06,0.9939004,simulation
1961-10-07,0.9981523,simulation
1961-10-08,0.99774796,simulation
1961-10-09,0.9933656,simulation
1961-10-10,0.9928348,simulation
1961-10-11,0.99312675,simulation
1961-10-12,0.9923916,simulation
1961-10-13,0.99627304,simulation
1961-10-14,0.9916085,simulation
1961-10-15,0.99250984,simulation
1961-10-16,0.9933123,simulation
1961-10-17,0.9932154,simulation
1961-10-18,0.9935117,simulation
1961-10-19,0.9945011,simulation
1961-10-20,0.99393857,simulation
1961-10-21,0.9947543,simulation
1961-10-22,0.99452317,simulation
1961-10-23,0.99434304,simulation
1961-10-24,0.99457496,simulation
1961-10-25,0.9956412,simulation
1961-10-26,0.9931593,simulation
1961-10-27,0.99368554,simulation
1961-10-28,0.998627,simulation
1961-10-29,0.99740314,simulation
1961-10-30,0.9953138,simulation
1961-10-31,0.9972656,simulation
1961-11-01,0.9974161,simulation
1961-11-02,0.9959979,simulation
1961-11-03,0.9992578,simulation
1961-11-04,0.999746,simulation
1961-11-05,0.9994874,simulation
1961-11-06,0.9988074,simulation
1961-11-07,0.99417824,simulation
1961-11-08,0.99481356,simulation
1961-11-09,0.9961337,simulation
1961-11-10,0.99898547,simulation
1961-11-11,0.99838775,simulation
1961-11-12,0.99823284,simulation
1961-11-13,0.9994312,simulation
1961-11-14,0.99734986,simulation
1961-11-15,0.99694675,simulation
1961-11-16,0.9902672,simulation
1961-11-17,0.99400777,simulation
1961-11-18,0.99551773,simulation
1961-11-19,0.9948691,simulation
1961-11-20,0.99407387,simulation
1961-11-21,0.99608743,simulation
1961-11-22,0.9967157,simulation
1961-11-23,0.98800904,simulation
1961-11-24,0.9880754,simulation
1961-11-25,0.9902012,simulation
1961-11-26,0.9929764,simulation
1961-11-27,0.99450475,simulation
1961-11-28,0.9947934,simulation
1961-11-29,0.99378175,simulation
1961-11-30,0.995227,simulation
1961-12-01,0.99603486,simulation
1961-12-02,0.9962461,simulation
1961-12-03,0.996418,simulation
1961-12-04,0.9966541,simulation
1961-12-05,0.9977811,simulation
1961-12-06,0.99736845,simulation
1961-12-07,0.9953373,simulation
1961-12-08,0.99633366,simulation
1961-12-09,0.99565923,simulation
1961-12-10,0.9835942,simulation
1961-12-11,0.98701894,simulation
1961-12-12,0.97981524,simulation
1961-12-13,0.96834856,simulation
1961-12-14,0.9786032,simulation
1961-12-15,0.9736823,simulation
1961-12-16,0.9763488,simulation
1961-12-17,0.979053,simulation
1961-12-18,0.96543014,simulation
1961-12-19,0.97165704,simulation
1961-12-20,0.9812772,simulation
1961-12-21,0.98650706,simulation
1961-12-22,0.9890803,simulation
1961-12-23,0.98978657,simulation
1961-12-24,0.9930565,simulation
1961-12-25,0.9937467,simulation
1961-12-26,0.99444556,simulation
1961-12-27,0.9957706,simulation
1961-12-28,0.99441904,simulation
1961-12-29,0.994761,simulation
1961-12-30,0.9948616,simulation
1961-12-31,0.9966299,simulation
1962-01-01,0.9950325,simulation
1962-01-02,0.99481773,simulation
1962-01-03,0.994941,simulation
1962-01-04,0.9960414,simulation
1962-01-05,0.9966902,simulation
1962-01-06,0.96913564,simulation
1962-01-07,0.9770606,simulation
1962-01-08,0.98293936,simulation
1962-01-09,0.9884902,simulation
1962-01-10,0.9877123,simulation
1962-01-11,0.9906353,simulation
1962-01-12,0.992162,simulation
1962-01-13,0.9931006,simulation
1962-01-14,0.9941592,simulation
1962-01-15,0.9932624,simulation
1962-01-16,0.99203855,simulation
1962-01-17,0.99302465,simulation
1962-01-18,0.9950528,simulation
1962-01-19,0.97712374,simulation
1962-01-20,0.9802516,simulation
1962-01-21,0.9853575,simulation
1962-01-22,0.9891296,simulation
1962-01-23,0.99176615,simulation
1962-01-24,0.99177796,simulation
1962-01-25,0.99297553,simulation
1962-01-26,0.9939031,simulation
1962-01-27,0.9868472,simulation
1962-01-28,0.9859379,simulation
1962-01-29,0.9896265,simulation
1962-01-30,0.99027157,simulation
1962-01-31,0.992161,simulation
1962-02-01,0.9928245,simulation
1962-02-02,0.99422884,simulation
1962-02-03,0.99583054,simulation
1962-02-04,0.99660504,simulation
1962-02-05,0.9965707,simulation
1962-02-06,0.99389493,simulation
1962-02-07,0.99493873,simulation
1962-02-08,0.99724007,simulation
1962-02-09,0.9955599,simulation
1962-02-10,0.99516195,simulation
1962-02-11,0.9950225,simulation
1962-02-12,0.9947762,simulation
1962-02-13,0.99401957,simulation
1962-02-14,0.99809456,simulation
1962-02-15,0.9982734,simulation
1962-02-16,0.99832624,simulation
1962-02-17,0.99737084,simulation
1962-02-18,0.998291,simulation
1962-02-19,0.9939458,simulation
1962-02-20,0.99587566,simulation
1962-02-21,0.9980666,simulation
1962-02-22,0.9965867,simulation
1962-02-23,0.99604017,simulation
1962-02-24,0.99319077,simulation
1962-02-25,0.9962534,simulation
1962-02-26,0.9955145,simulation
1962-02-27,0.9941842,simulation
1962-02-28,0.9972312,simulation
1962-03-01,0.9973034,simulation
1962-03-02,0.9975408,simulation
1962-03-03,0.99708754,simulation
1962-03-04,0.9969241,simulation
1962-03-05,0.9933181,simulation
1962-03-06,0.9941301,simulation
1962-03-07,0.9971061,simulation
1962-03-08,0.99739456,simulation
1962-03-09,0.9972465,simulation
1962-03-10,0.9976034,simulation
1962-03-11,0.9975492,simulation
1962-03-12,0.99262536,simulation
1962-03-13,0.9951375,simulation
1962-03-14,0.99797785,simulation
1962-03-15,0.996351,simulation
1962-03-16,0.9931654,simulation
1962-03-17,0.9940431,simulation
1962-03-18,0.9936773,simulation
1962-03-19,0.99524623,simulation
1962-03-20,0.99803,simulation
1962-03-21,0.9936627,simulation
1962-03-22,0.9977598,simulation
1962-03-23,0.9929504,simulation
1962-03-24,0.99348015,simulation
1962-03-25,0.99310833,simulation
1962-03-26,0.99519455,simulation
1962-03-27,0.9925924,simulation
1962-03-28,0.9934053,simulation
1962-03-29,0.9942592,simulation
1962-03-30,0.996981,simulation
1962-03-31,0.9990252,simulation
1962-04-01,0.99060583,simulation
1962-04-02,0.9916352,simulation
1962-04-03,0.99324054,simulation
1962-04-04,0.9960678,simulation
1962-04-05,0.99777335,simulation
1962-04-06,0.99689317,simulation
1962-04-07,0.99579597,simulation
1962-04-08,0.99044067,simulation
1962-04-09,0.9927496,simulation
1962-04-10,0.9952449,simulation
1962-04-11,0.9956854,simulation
1962-04-12,0.995895,simulation
1962-04-13,0.9858803,simulation
1962-04-14,0.9879044,simulation
1962-04-15,0.9891972,simulation
1962-04-16,0.9902571,simulation
1962-04-17,0.99607563,simulation
1962-04-18,0.9938597,simulation
1962-04-19,0.9908951,simulation
1962-04-20,0.99045396,simulation
1962-04-21,0.9894283,simulation
1962-04-22,0.99151427,simulation
1962-04-23,0.9946142,simulation
1962-04-24,0.9979213,simulation
1962-04-25,0.99724674,simulation
1962-04-26,0.994057,simulation
1962-04-27,0.99365413,simulation
1962-04-28,0.9918621,simulation
1962-04-29,0.9839225,simulation
1962-04-30,0.986332,simulation
1962-05-01,0.9904602,simulation
1962-05-02,0.9870923,simulation
1962-05-03,0.99242467,simulation
1962-05-04,0.9890135,simulation
1962-05-05,0.9895159,simulation
1962-05-06,0.98933786,simulation
1962-05-07,0.99024653,simulation
1962-05-08,0.98865265,simulation
1962-05-09,0.9896516,simulation
1962-05-10,0.9919487,simulation
1962-05-11,0.9894636,simulation
1962-05-12,0.9896948,simulation
1962-05-13,0.9896248,simulation
1962-05-14,0.9922033,simulation
1962-05-15,0.9911651,simulation
1962-05-16,0.989241,simulation
1962-05-17,0.98983806,simulation
1962-05-18,0.9900588,simulation
1962-05-19,0.9884876,simulation
1962-05-20,0.9904456,simulation
1962-05-21,0.9891478,simulation
1962-05-22,0.989619,simulation
1962-05-23,0.9941346,simulation
1962-05-24,0.99385107,simulation
1962-05-25,0.99137956,simulation
1962-05-26,0.99257785,simulation
1962-05-27,0.99014044,simulation
1962-05-28,0.98728263,simulation
1962-05-29,0.99362415,simulation
1962-05-30,0.99774283,simulation
1962-05-31,0.9976112,simulation
1962-06-01,0.9963741,simulation
1962-06-02,0.99343187,simulation
1962-06-03,0.9933087,simulation
1962-06-04,0.9948593,simulation
1962-06-05,0.99378115,simulation
1962-06-06,0.99476904,simulation
1962-06-07,0.9917845,simulation
1962-06-08,0.994472,simulation
1962-06-09,0.9938085,simulation
1962-06-10,0.9931883,simulation
1962-06-11,0.9956837,simulation
1962-06-12,0.9947244,simulation
1962-06-13,0.99470156,simulation
1962-06-14,0.99332154,simulation
1962-06-15,0.98907554,simulation
1962-06-16,0.9895506,simulation
1962-06-17,0.99176806,simulation
1962-06-18,0.99094963,simulation
1962-06-19,0.99287635,simulation
1962-06-20,0.9948161,simulation
1962-06-21,0.9874734,simulation
1962-06-22,0.9878396,simulation
1962-06-23,0.99125224,simulation
1962-06-24,0.9934768,simulation
1962-06-25,0.99169075,simulation
1962-06-26,0.9916273,simulation
1962-06-27,0.99411565,simulation
1962-06-28,0.9947237,simulation
1962-06-29,0.9962467,simulation
1962-06-30,0.99118984,simulation
1962-07-01,0.9896581,simulation
1962-07-02,0.989264,simulation
1962-07-03,0.98933643,simulation
1962-07-04,0.99053156,simulation
1962-07-05,0.9883782,simulation
1962-07-06,0.99275786,simulation
1962-07-07,0.988547,simulation
1962-07-08,0.98788977,simulation
1962-07-09,0.9878624,simulation
1962-07-10,0.98895884,simulation
1962-07-11,0.9918087,simulation
1962-07-12,0.99167174,simulation
1962-07-13,0.9906611,simulation
1962-07-14,0.9877116,simulation
1962-07-15,0.98919785,simulation
1962-07-16,0.99062836,simulation
1962-07-17,0.9886305,simulation
1962-07-18,0.98638296,simulation
1962-07-19,0.98384345,simulation
1962-07-20,0.984979,simulation
1962-07-21,0.98876745,simulation
1962-07-22,0.98661214,simulation
1962-07-23,0.9872922,simulation
1962-07-24,0.9879422,simulation
1962-07-25,0.98941565,simulation
1962-07-26,0.991269,simulation
1962-07-27,0.9907772,simulation
1962-07-28,0.9930422,simulation
1962-07-29,0.9940219,simulation
1962-07-30,0.98849887,simulation
1962-07-31,0.98672694,simulation
1962-08-01,0.9882799,simulation
1962-08-02,0.9934606,simulation
1962-08-03,0.9951822,simulation
1962-08-04,0.9920585,simulation
1962-08-05,0.9910197,simulation
1962-08-06,0.98706263,simulation
1962-08-07,0.9867288,simulation
1962-08-08,0.9856573,simulation
1962-08-09,0.9838283,simulation
1962-08-10,0.9858507,simulation
1962-08-11,0.98446405,simulation
1962-08-12,0.9842706,simulation
1962-08-13,0.9892722,simulation
1962-08-14,0.9893078,simulation
1962-08-15,0.9919154,simulation
1962-08-16,0.99332106,simulation
1962-08-17,0.98670244,simulation
1962-08-18,0.9869538,simulation
1962-08-19,0.98695874,simulation
1962-08-20,0.9889166,simulation
1962-08-21,0.9924785,simulation
1962-08-22,0.9917883,simulation
1962-08-23,0.9901364,simulation
1962-08-24,0.9918665,simulation
1962-08-25,0.99778795,simulation
1962-08-26,0.9928483,simulation
1962-08-27,0.98788834,simulation
1962-08-28,0.9879242,simulation
1962-08-29,0.9936905,simulation
1962-08-30,0.9891528,simulation
1962-08-31,0.9898926,simulation
1962-09-01,0.9887932,simulation
1962-09-02,0.9885238,simulation
1962-09-03,0.98777497,simulation
1962-09-04,0.9870981,simulation
1962-09-05,0.9928305,simulation
1962-09-06,0.991979,simulation
1962-09-07,0.996465,simulation
1962-09-08,0.9966034,simulation
1962-09-09,0.9926211,simulation
1962-09-10,0.9916312,simulation
1962-09-11,0.9893725,simulation
1962-09-12,0.9893187,simulation
1962-09-13,0.98855275,simulation
1962-09-14,0.99158984,simulation
1962-09-15,0.99677986,simulation
1962-09-16,0.9942475,simulation
1962-09-17,0.992947,simulation
1962-09-18,0.9914744,simulation
1962-09-19,0.98886895,simulation
1962-09-20,0.9884573,simulation
1962-09-21,0.9878135,simulation
1962-09-22,0.98973167,simulation
1962-09-23,0.9890238,simulation
1962-09-24,0.990948,simulation
1962-09-25,0.9916446,simulation
1962-09-26,0.99889314,simulation
1962-09-27,0.989641,simulation
1962-09-28,0.99015933,simulation
1962-09-29,0.988784,simulation
1962-09-30,0.9886546,simulation
1962-10-01,0.9987752,simulation
1962-10-02,0.9972933,simulation
1962-10-03,0.9936716,simulation
1962-10-04,0.9890241,simulation
1962-10-05,0.98995787,simulation
1962-10-06,0.9881877,simulation
1962-10-07,0.996315,simulation
1962-10-08,0.9983511,simulation
1962-10-09,0.99735886,simulation
1962-10-10,0.99096435,simulation
1962-10-11,0.9927556,simulation
1962-10-12,0.99275684,simulation
1962-10-13,0.99451846,simulation
1962-10-14,0.9947048,simulation
1962-10-15,0.9960972,simulation
1962-10-16,0.9960231,simulation
1962-10-17,0.9944113,simulation
1962-10-18,0.9912358,simulation
1962-10-19,0.99067146,simulation
1962-10-20,0.99229574,simulation
1962-10-21,0.9986645,simulation
1962-10-22,0.99268055,simulation
1962-10-23,0.991638,simulation
1962-10-24,0.9966006,simulation
1962-10-25,0.99327445,simulation
1962-10-26,0.9967641,simulation
1962-10-27,0.99599135,simulation
1962-10-28,0.9944433,simulation
1962-10-29,0.9989484,simulation
1962-10-30,0.9972451,simulation
1962-10-31,0.9914929,simulation
1962-11-01,0.9989383,simulation
1962-11-02,0.998809,simulation
1962-11-03,0.9993129,simulation
1962-11-04,0.99700004,simulation
1962-11-05,0.9956549,simulation
1962-11-06,0.9977628,simulation
1962-11-07,0.9992062,simulation
1962-11-08,0.9992115,simulation
1962-11-09,0.99510556,simulation
1962-11-10,0.99607617,simulation
1962-11-11,0.99632096,simulation
1962-11-12,0.99755645,simulation
1962-11-13,0.9944407,simulation
1962-11-14,0.9957096,simulation
1962-11-15,0.99723804,simulation
1962-11-16,0.9980391,simulation
1962-11-17,0.9992202,simulation
1962-11-18,0.9992622,simulation
1962-11-19,0.9989313,simulation
1962-11-20,0.9996491,simulation
1962-11-21,0.99886227,simulation
1962-11-22,0.9951345,simulation
1962-11-23,0.99636096,simulation
1962-11-24,0.99853086,simulation
1962-11-25,0.999053,simulation
1962-11-26,0.9987195,simulation
1962-11-27,0.99890786,simulation
1962-11-28,0.99855316,simulation
1962-11-29,0.9993468,simulation
1962-11-30,0.9979754,simulation
1962-12-01,0.9981184,simulation
1962-12-02,0.9975745,simulation
1962-12-03,0.9979829,simulation
1962-12-04,0.9982744,simulation
1962-12-05,0.99805516,simulation
1962-12-06,0.9969533,simulation
1962-12-07,0.998021,simulation
1962-12-08,0.9982999,simulation
1962-12-09,0.9970204,simulation
1962-12-10,0.99705493,simulation
1962-12-11,0.99868745,simulation
1962-12-12,0.9985508,simulation
1962-12-13,0.9986502,simulation
1962-12-14,0.9980389,simulation
1962-12-15,0.9993095,simulation
1962-12-16,0.99931246,simulation
1962-12-17,0.9991345,simulation
1962-12-18,0.99923795,simulation
1962-12-19,0.99961317,simulation
1962-12-20,0.999273,simulation
1962-12-21,0.9995113,simulation
1962-12-22,0.9993259,simulation
1962-12-23,0.9980935,simulation
1962-12-24,0.999476,simulation
1962-12-25,0.9998826,simulation
1962-12-26,0.9996359,simulation
1962-12-27,0.99980533,simulation
1962-12-28,0.999773,simulation
1962-12-29,0.9990511,simulation
1962-12-30,0.9984334,simulation
1962-12-31,0.9980884,simulation
1963-01-01,0.99872136,simulation
1963-01-02,0.9991251,simulation
1963-01-03,0.99840826,simulation
1963-01-04,0.9989432,simulation
1963-01-05,0.9995408,simulation
1963-01-06,0.9997237,simulation
1963-01-07,0.9992157,simulation
1963-01-08,0.9979995,simulation
1963-01-09,0.9987526,simulation
1963-01-10,0.9979279,simulation
1963-01-11,0.999518,simulation
1963-01-12,0.9996855,simulation
1963-01-13,0.9992444,simulation
1963-01-14,0.99913824,simulation
1963-01-15,0.99873835,simulation
1963-01-16,0.99845654,simulation
1963-01-17,0.9993348,simulation
1963-01-18,0.99972016,simulation
1963-01-19,0.9998096,simulation
1963-01-20,0.9989716,simulation
1963-01-21,0.9974673,simulation
1963-01-22,0.99739724,simulation
1963-01-23,0.9984117,simulation
1963-01-24,0.99777323,simulation
1963-01-25,0.99819285,simulation
1963-01-26,0.99834174,simulation
1963-01-27,0.9965107,simulation
1963-01-28,0.99634933,simulation
1963-01-29,0.9975841,simulation
1963-01-30,0.99752206,simulation
1963-01-31,0.99623567,simulation
1963-02-01,0.99620104,simulation
1963-02-02,0.9960693,simulation
1963-02-03,0.99209344,simulation
1963-02-04,0.9946144,simulation
1963-02-05,0.99343264,simulation
1963-02-06,0.99385107,simulation
1963-02-07,0.9940105,simulation
1963-02-08,0.9972105,simulation
1963-02-09,0.99614495,simulation
1963-02-10,0.9972948,simulation
1963-02-11,0.9976565,simulation
1963-02-12,0.99531525,simulation
1963-02-13,0.9948087,simulation
1963-02-14,0.99421877,simulation
1963-02-15,0.9964835,simulation
1963-02-16,0.9955255,simulation
1963-02-17,0.9965574,simulation
1963-02-18,0.99809474,simulation
1963-02-19,0.99608654,simulation
1963-02-20,0.9940166,simulation
1963-02-21,0.9961803,simulation
1963-02-22,0.99465936,simulation
1963-02-23,0.996393,simulation
1963-02-24,0.9939626,simulation
1963-02-25,0.99619687,simulation
1963-02-26,0.99486476,simulation
1963-02-27,0.99342495,simulation
1963-02-28,0.9947633,simulation
1963-03-01,0.9973299,simulation
1963-03-02,0.9934748,simulation
1963-03-03,0.9925927,simulation
1963-03-04,0.99617726,simulation
1963-03-05,0.99670476,simulation
1963-03-06,0.99250335,simulation
1963-03-07,0.9926012,simulation
1963-03-08,0.9943911,simulation
1963-03-09,0.9961681,simulation
1963-03-10,0.9935691,simulation
1963-03-11,0.995943,simulation
1963-03-12,0.9971996,simulation
1963-03-13,0.99177355,simulation
1963-03-14,0.9959872,simulation
1963-03-15,0.99353683,simulation
1963-03-16,0.99570036,simulation
1963-03-17,0.99343735,simulation
1963-03-18,0.99430734,simulation
1963-03-19,0.9951891,simulation
1963-03-20,0.99101335,simulation
1963-03-21,0.9917578,simulation
1963-03-22,0.99340093,simulation
1963-03-23,0.9929643,simulation
1963-03-24,0.99426293,simulation
1963-03-25,0.99715936,simulation
1963-03-26,0.99146867,simulation
1963-03-27,0.99206954,simulation
1963-03-28,0.9928415,simulation
1963-03-29,0.9921243,simulation
1963-03-30,0.99185175,simulation
1963-03-31,0.993056,simulation
1963-04-01,0.99170214,simulation
1963-04-02,0.9923339,simulation
1963-04-03,0.99507725,simulation
1963-04-04,0.9931931,simulation
1963-04-05,0.9950453,simulation
1963-04-06,0.9984125,simulation
1963-04-07,0.99649113,simulation
1963-04-08,0.9934747,simulation
1963-04-09,0.9977845,simulation
1963-04-10,0.99422956,simulation
1963-04-11,0.99753433,simulation
1963-04-12,0.99519867,simulation
1963-04-13,0.99062115,simulation
1963-04-14,0.99188846,simulation
1963-04-15,0.9927864,simulation
1963-04-16,0.99049425,simulation
1963-04-17,0.9906976,simulation
1963-04-18,0.9941905,simulation
1963-04-19,0.9953972,simulation
1963-04-20,0.9989594,simulation
1963-04-21,0.99588186,simulation
1963-04-22,0.99331194,simulation
1963-04-23,0.99613285,simulation
1963-04-24,0.9977987,simulation
1963-04-25,0.9984136,simulation
1963-04-26,0.9960452,simulation
1963-04-27,0.9982095,simulation
1963-04-28,0.9976398,simulation
1963-04-29,0.99425536,simulation
1963-04-30,0.9902882,simulation
1963-05-01,0.9933734,simulation
1963-05-02,0.9942352,simulation
1963-05-03,0.9920036,simulation
1963-05-04,0.9934803,simulation
1963-05-05,0.99207735,simulation
1963-05-06,0.9927464,simulation
1963-05-07,0.98980004,simulation
1963-05-08,0.9898215,simulation
1963-05-09,0.99009657,simulation
1963-05-10,0.9903399,simulation
1963-05-11,0.9902324,simulation
1963-05-12,0.98938286,simulation
1963-05-13,0.9932551,simulation
1963-05-14,0.9917335,simulation
1963-05-15,0.9890214,simulation
1963-05-16,0.9927731,simulation
1963-05-17,0.99053955,simulation
1963-05-18,0.99435407,simulation
1963-05-19,0.9956291,simulation
1963-05-20,0.99614054,simulation
1963-05-21,0.99306905,simulation
1963-05-22,0.9910125,simulation
1963-05-23,0.9894534,simulation
1963-05-24,0.99097407,simulation
1963-05-25,0.99362814,simulation
1963-05-26,0.992333,simulation
1963-05-27,0.99191606,simulation
1963-05-28,0.9964976,simulation
1963-05-29,0.99098486,simulation
1963-05-30,0.9890945,simulation
1963-05-31,0.98934555,simulation
1963-06-01,0.9841433,simulation
1963-06-02,0.98707867,simulation
1963-06-03,0.9865902,simulation
1963-06-04,0.98742825,simulation
1963-06-05,0.98974603,simulation
1963-06-06,0.986657,simulation
1963-06-07,0.9842917,simulation
1963-06-08,0.98378193,simulation
1963-06-09,0.9847038,simulation
1963-06-10,0.9917821,simulation
1963-06-11,0.98346686,simulation
1963-06-12,0.9866531,simulation
1963-06-13,0.98347014,simulation
1963-06-14,0.98445344,simulation
1963-06-15,0.98730505,simulation
1963-06-16,0.98596466,simulation
1963-06-17,0.99900085,simulation
1963-06-18,0.997609,simulation
1963-06-19,0.99351275,simulation
1963-06-20,0.9983053,simulation
1963-06-21,0.99895436,simulation
1963-06-22,0.9953695,simulation
1963-06-23,0.9951178,simulation
1963-06-24,0.99659103,simulation
1963-06-25,0.9921104,simulation
1963-06-26,0.99356043,simulation
1963-06-27,0.9926962,simulation
1963-06-28,0.9928201,simulation
1963-06-29,0.9917958,simulation
1963-06-30,0.9925499,simulation
1963-07-01,0.9885203,simulation
1963-07-02,0.9908843,simulation
1963-07-03,0.99191874,simulation
1963-07-04,0.98642457,simulation
1963-07-05,0.98523974,simulation
1963-07-06,0.9856665,simulation
1963-07-07,0.98584455,simulation
1963-07-08,0.9967347,simulation
1963-07-09,0.99212605,simulation
1963-07-10,0.9867979,simulation
1963-07-11,0.9862486,simulation
1963-07-12,0.98832256,simulation
1963-07-13,0.99744403,simulation
1963-07-14,0.99616694,simulation
1963-07-15,0.9920222,simulation
1963-07-16,0.9929301,simulation
1963-07-17,0.9908806,simulation
1963-07-18,0.9901788,simulation
1963-07-19,0.99010855,simulation
1963-07-20,0.9859579,simulation
1963-07-21,0.9916283,simulation
1963-07-22,0.9877253,simulation
1963-07-23,0.9955248,simulation
1963-07-24,0.99219805,simulation
1963-07-25,0.9984346,simulation
1963-07-26,0.99533904,simulation
1963-07-27,0.9929037,simulation
1963-07-28,0.99053156,simulation
1963-07-29,0.99179596,simulation
1963-07-30,0.9936082,simulation
1963-07-31,0.997853,simulation
1963-08-01,0.9878245,simulation
1963-08-02,0.9864151,simulation
1963-08-03,0.9869725,simulation
1963-08-04,0.9853492,simulation
1963-08-05,0.98628855,simulation
1963-08-06,0.98552704,simulation
1963-08-07,0.9886527,simulation
1963-08-08,0.99081343,simulation
1963-08-09,0.99042237,simulation
1963-08-10,0.9891,simulation
1963-08-11,0.9921353,simulation
1963-08-12,0.9876552,simulation
1963-08-13,0.993713,simulation
1963-08-14,0.99880284,simulation
1963-08-15,0.9893014,simulation
1963-08-16,0.9883653,simulation
1963-08-17,0.98747075,simulation
1963-08-18,0.98822993,simulation
1963-08-19,0.9892564,simulation
1963-08-20,0.9971767,simulation
1963-08-21,0.98929834,simulation
1963-08-22,0.9891757,simulation
1963-08-23,0.98769486,simulation
1963-08-24,0.986414,simulation
1963-08-25,0.98879,simulation
1963-08-26,0.98749745,simulation
1963-08-27,0.9877162,simulation
1963-08-28,0.98861605,simulation
1963-08-29,0.993737,simulation
1963-08-30,0.99037266,simulation
1963-08-31,0.9854908,simulation
1963-09-01,0.9846906,simulation
1963-09-02,0.9858528,simulation
1963-09-03,0.98856854,simulation
1963-09-04,0.9906221,simulation
1963-09-05,0.9915653,simulation
1963-09-06,0.9875609,simulation
1963-09-07,0.9918686,simulation
1963-09-08,0.9851484,simulation
1963-09-09,0.9847742,simulation
1963-09-10,0.9855987,simulation
1963-09-11,0.9866441,simulation
1963-09-12,0.9879712,simulation
1963-09-13,0.9929468,simulation
1963-09-14,0.9989415,simulation
1963-09-15,0.999135,simulation
1963-09-16,0.9987726,simulation
1963-09-17,0.99879736,simulation
1963-09-18,0.99837846,simulation
1963-09-19,0.9860257,simulation
1963-09-20,0.9860854,simulation
1963-09-21,0.9886267,simulation
1963-09-22,0.98394126,simulation
1963-09-23,0.99139065,simulation
1963-09-24,0.99062437,simulation
1963-09-25,0.9875641,simulation
1963-09-26,0.9968558,simulation
1963-09-27,0.99921024,simulation
1963-09-28,0.9991374,simulation
1963-09-29,0.991679,simulation
1963-09-30,0.9875125,simulation
1963-10-01,0.99020076,simulation
1963-10-02,0.9932105,simulation
1963-10-03,0.98738366,simulation
1963-10-04,0.9859777,simulation
1963-10-05,0.9911717,simulation
1963-10-06,0.98795223,simulation
1963-10-07,0.98712015,simulation
1963-10-08,0.9871623,simulation
1963-10-09,0.98583966,simulation
1963-10-10,0.986265,simulation
1963-10-11,0.9867405,simulation
1963-10-12,0.9865156,simulation
1963-10-13,0.9864112,simulation
1963-10-14,0.98835355,simulation
1963-10-15,0.9873722,simulation
1963-10-16,0.9895716,simulation
1963-10-17,0.9881385,simulation
1963-10-18,0.98749924,simulation
1963-10-19,0.9865845,simulation
1963-10-20,0.99158037,simulation
1963-10-21,0.9922088,simulation
1963-10-22,0.99557966,simulation
1963-10-23,0.995487,simulation
1963-10-24,0.9981775,simulation
1963-10-25,0.9988103,simulation
1963-10-26,0.9964523,simulation
1963-10-27,0.99845976,simulation
1963-10-28,0.99050844,simulation
1963-10-29,0.98806876,simulation
1963-10-30,0.9914534,simulation
1963-10-31,0.98761344,simulation
1963-11-01,0.9982023,simulation
1963-11-02,0.99422586,simulation
1963-11-03,0.9978971,simulation
1963-11-04,0.99769396,simulation
1963-11-05,0.99839014,simulation
1963-11-06,0.9984589,simulation
1963-11-07,0.99387294,simulation
1963-11-08,0.99870193,simulation
1963-11-09,0.99908805,simulation
1963-11-10,0.9959118,simulation
1963-11-11,0.9937136,simulation
1963-11-12,0.99132746,simulation
1963-11-13,0.9953061,simulation
1963-11-14,0.9972322,simulation
1963-11-15,0.99787384,simulation
1963-11-16,0.99257547,simulation
1963-11-17,0.99400544,simulation
1963-11-18,0.9977043,simulation
1963-11-19,0.9951235,simulation
1963-11-20,0.99919134,simulation
1963-11-21,0.9985888,simulation
1963-11-22,0.9988715,simulation
1963-11-23,0.9988742,simulation
1963-11-24,0.996619,simulation
1963-11-25,0.99848574,simulation
1963-11-26,0.9992944,simulation
1963-11-27,0.9992813,simulation
1963-11-28,0.9994191,simulation
1963-11-29,0.993132,simulation
1963-11-30,0.99426943,simulation
1963-12-01,0.9982898,simulation
1963-12-02,0.99911857,simulation
1963-12-03,0.9976382,simulation
1963-12-04,0.9971472,simulation
1963-12-05,0.9978405,simulation
1963-12-06,0.99910134,simulation
1963-12-07,0.99744946,simulation
1963-12-08,0.9939995,simulation
1963-12-09,0.99676925,simulation
1963-12-10,0.9988578,simulation
1963-12-11,0.9993294,simulation
1963-12-12,0.99952817,simulation
1963-12-13,0.9997694,simulation
1963-12-14,0.99933845,simulation
1963-12-15,0.99897057,simulation
1963-12-16,0.9991072,simulation
1963-12-17,0.99865574,simulation
1963-12-18,0.9986982,simulation
1963-12-19,0.9984089,simulation
1963-12-20,0.9991795,simulation
1963-12-21,0.999138,simulation
1963-12-22,0.99937123,simulation
1963-12-23,0.999607,simulation
1963-12-24,0.9989368,simulation
1963-12-25,0.9984024,simulation
1963-12-26,0.9982068,simulation
1963-12-27,0.9986208,simulation
1963-12-28,0.9987391,simulation
1963-12-29,0.9980147,simulation
1963-12-30,0.99810576,simulation
1963-12-31,0.99926555,simulation
1964-01-01,0.99837065,simulation
1964-01-02,0.9974783,simulation
1964-01-03,0.998296,simulation
1964-01-04,0.9992646,simulation
1964-01-05,0.9990088,simulation
1964-01-06,0.9995825,simulation
1964-01-07,0.99930775,simulation
1964-01-08,0.9995935,simulation
1964-01-09,0.9989277,simulation
1964-01-10,0.9987504,simulation
1964-01-11,0.99919355,simulation
1964-01-12,0.9990796,simulation
1964-01-13,0.9987775,simulation
1964-01-14,0.99863404,simulation
1964-01-15,0.9990744,simulation
1964-01-16,0.99957764,simulation
1964-01-17,0.99740034,simulation
1964-01-18,0.9986569,simulation
1964-01-19,0.99817026,simulation
1964-01-20,0.99466157,simulation
1964-01-21,0.9969237,simulation
1964-01-22,0.9990438,simulation
1964-01-23,0.9995511,simulation
1964-01-24,0.9989655,simulation
1964-01-25,0.99771714,simulation
1964-01-26,0.9961071,simulation
1964-01-27,0.9986887,simulation
1964-01-28,0.99613684,simulation
1964-01-29,0.99835825,simulation
1964-01-30,0.99820495,simulation
1964-01-31,0.99828273,simulation
1964-02-01,0.99575275,simulation
1964-02-02,0.9984466,simulation
1964-02-03,0.99661815,simulation
1964-02-04,0.9983897,simulation
1964-02-05,0.9977351,simulation
1964-02-06,0.9982045,simulation
1964-02-07,0.9985968,simulation
1964-02-08,0.9960672,simulation
1964-02-09,0.995191,simulation
1964-02-10,0.9954399,simulation
1964-02-11,0.9960525,simulation
1964-02-12,0.998218,simulation
1964-02-13,0.9991562,simulation
1964-02-14,0.99727345,simulation
1964-02-15,0.9976788,simulation
1964-02-16,0.9971757,simulation
1964-02-17,0.99718046,simulation
1964-02-18,0.9981034,simulation
1964-02-19,0.9960715,simulation
1964-02-20,0.9962122,simulation
1964-02-21,0.9980847,simulation
1964-02-22,0.9966298,simulation
1964-02-23,0.9957592,simulation
1964-02-24,0.9967051,simulation
1964-02-25,0.9982806,simulation
1964-02-26,0.99721634,simulation
1964-02-27,0.99754256,simulation
1964-02-28,0.9937355,simulation
1964-02-29,0.9965134,simulation
1964-03-01,0.99735415,simulation
1964-03-02,0.9952688,simulation
1964-03-03,0.98511696,simulation
1964-03-04,0.9877284,simulation
1964-03-05,0.98598665,simulation
1964-03-06,0.98853767,simulation
1964-03-07,0.9936705,simulation
1964-03-08,0.9920982,simulation
1964-03-09,0.99432313,simulation
1964-03-10,0.9915905,simulation
1964-03-11,0.99221313,simulation
1964-03-12,0.99084604,simulation
1964-03-13,0.995025,simulation
1964-03-14,0.9966103,simulation
1964-03-15,0.9832096,simulation
1964-03-16,0.98392105,simulation
1964-03-17,0.98544776,simulation
1964-03-18,0.9902345,simulation
1964-03-19,0.9927903,simulation
1964-03-20,0.98780596,simulation
1964-03-21,0.99238867,simulation
1964-03-22,0.9907308,simulation
1964-03-23,0.9941114,simulation
1964-03-24,0.995349,simulation
1964-03-25,0.9952363,simulation
1964-03-26,0.99231154,simulation
1964-03-27,0.99110526,simulation
1964-03-28,0.99531376,simulation
1964-03-29,0.99271554,simulation
1964-03-30,0.9929204,simulation
1964-03-31,0.9925945,simulation
1964-04-01,0.9945398,simulation
1964-04-02,0.9954427,simulation
1964-04-03,0.9973738,simulation
1964-04-04,0.9949785,simulation
1964-04-05,0.9980624,simulation
1964-04-06,0.97908545,simulation
1964-04-07,0.9680771,simulation
1964-04-08,0.9721174,simulation
1964-04-09,0.9753112,simulation
1964-04-10,0.98145485,simulation
1964-04-11,0.9846785,simulation
1964-04-12,0.9927814,simulation
1964-04-13,0.9931436,simulation
1964-04-14,0.9826293,simulation
1964-04-15,0.98235536,simulation
1964-04-16,0.9850744,simulation
1964-04-17,0.9903059,simulation
1964-04-18,0.993019,simulation
1964-04-19,0.99026126,simulation
1964-04-20,0.99102294,simulation
1964-04-21,0.99425995,simulation
1964-04-22,0.99647486,simulation
1964-04-23,0.9924169,simulation
1964-04-24,0.9961294,simulation
1964-04-25,0.99558717,simulation
1964-04-26,0.9942111,simulation
1964-04-27,0.9720794,simulation
1964-04-28,0.9835475,simulation
1964-04-29,0.9850985,simulation
1964-04-30,0.9907199,simulation
1964-05-01,0.99071175,simulation
1964-05-02,0.99049944,simulation
1964-05-03,0.9887242,simulation
1964-05-04,0.99143136,simulation
1964-05-05,0.9898599,simulation
1964-05-06,0.9936274,simulation
1964-05-07,0.991102,simulation
1964-05-08,0.9941005,simulation
1964-05-09,0.9948499,simulation
1964-05-10,0.9949502,simulation
1964-05-11,0.99415773,simulation
1964-05-12,0.99815327,simulation
1964-05-13,0.98905987,simulation
1964-05-14,0.99014044,simulation
1964-05-15,0.99143034,simulation
1964-05-16,0.98950106,simulation
1964-05-17,0.98933643,simulation
1964-05-18,0.9889868,simulation
1964-05-19,0.9900467,simulation
1964-05-20,0.98913854,simulation
1964-05-21,0.99079835,simulation
1964-05-22,0.99343586,simulation
1964-05-23,0.99687433,simulation
1964-05-24,0.99444854,simulation
1964-05-25,0.98996633,simulation
1964-05-26,0.9886998,simulation
1964-05-27,0.98972195,simulation
1964-05-28,0.99394,simulation
1964-05-29,0.9933752,simulation
1964-05-30,0.99793345,simulation
1964-05-31,0.9989329,simulation
1964-06-01,0.9982376,simulation
1964-06-02,0.99040973,simulation
1964-06-03,0.99028105,simulation
1964-06-04,0.99508536,simulation
1964-06-05,0.98864466,simulation
1964-06-06,0.9924771,simulation
1964-06-07,0.99041957,simulation
1964-06-08,0.9875633,simulation
1964-06-09,0.99096817,simulation
1964-06-10,0.99343055,simulation
1964-06-11,0.9908564,simulation
1964-06-12,0.9893915,simulation
1964-06-13,0.99048316,simulation
1964-06-14,0.99023116,simulation
1964-06-15,0.99104536,simulation
1964-06-16,0.99689424,simulation
1964-06-17,0.9906678,simulation
1964-06-18,0.99133784,simulation
1964-06-19,0.9905616,simulation
1964-06-20,0.99007577,simulation
1964-06-21,0.98855495,simulation
1964-06-22,0.991032,simulation
1964-06-23,0.9903666,simulation
1964-06-24,0.9934237,simulation
1964-06-25,0.99248296,simulation
1964-06-26,0.9939966,simulation
1964-06-27,0.9957093,simulation
1964-06-28,0.9978125,simulation
1964-06-29,0.99466705,simulation
1964-06-30,0.997694,simulation
1964-07-01,0.99483985,simulation
1964-07-02,0.9950297,simulation
1964-07-03,0.99877805,simulation
1964-07-04,0.9940208,simulation
1964-07-05,0.9902335,simulation
1964-07-06,0.9903749,simulation
1964-07-07,0.98962927,simulation
1964-07-08,0.98993886,simulation
1964-07-09,0.9981044,simulation
1964-07-10,0.9951,simulation
1964-07-11,0.9957209,simulation
1964-07-12,0.997024,simulation
1964-07-13,0.9956631,simulation
1964-07-14,0.99080306,simulation
1964-07-15,0.99355567,simulation
1964-07-16,0.99213845,simulation
1964-07-17,0.98977464,simulation
1964-07-18,0.9906303,simulation
1964-07-19,0.9912937,simulation
1964-07-20,0.9929355,simulation
1964-07-21,0.99018854,simulation
1964-07-22,0.9931301,simulation
1964-07-23,0.9918493,simulation
1964-07-24,0.9920878,simulation
1964-07-25,0.99106115,simulation
1964-07-26,0.99095184,simulation
1964-07-27,0.99179983,simulation
1964-07-28,0.9941908,simulation
1964-07-29,0.9958359,simulation
1964-07-30,0.99689955,simulation
1964-07-31,0.99528605,simulation
1964-08-01,0.9954919,simulation
1964-08-02,0.9950973,simulation
1964-08-03,0.99249876,simulation
1964-08-04,0.99152553,simulation
1964-08-05,0.9947119,simulation
1964-08-06,0.99275607,simulation
1964-08-07,0.9919062,simulation
1964-08-08,0.99547714,simulation
1964-08-09,0.9922469,simulation
1964-08-10,0.99443567,simulation
1964-08-11,0.9948426,simulation
1964-08-12,0.997262,simulation
1964-08-13,0.99429846,simulation
1964-08-14,0.99388397,simulation
1964-08-15,0.9951753,simulation
1964-08-16,0.9973055,simulation
1964-08-17,0.99831855,simulation
1964-08-18,0.99522454,simulation
1964-08-19,0.9923042,simulation
1964-08-20,0.99124855,simulation
1964-08-21,0.99276483,simulation
1964-08-22,0.9964285,simulation
1964-08-23,0.99755377,simulation
1964-08-24,0.99447006,simulation
1964-08-25,0.9955765,simulation
1964-08-26,0.9959305,simulation
1964-08-27,0.99052554,simulation
1964-08-28,0.99070776,simulation
1964-08-29,0.9908377,simulation
1964-08-30,0.99073327,simulation
1964-08-31,0.99104244,simulation
1964-09-01,0.9901337,simulation
1964-09-02,0.98823655,simulation
1964-09-03,0.9889985,simulation
1964-09-04,0.9908996,simulation
1964-09-05,0.991305,simulation
1964-09-06,0.99679977,simulation
1964-09-07,0.99834436,simulation
1964-09-08,0.99115884,simulation
1964-09-09,0.9886359,simulation
1964-09-10,0.9943484,simulation
1964-09-11,0.99285424,simulation
1964-09-12,0.99195474,simulation
1964-09-13,0.9887197,simulation
1964-09-14,0.9896455,simulation
1964-09-15,0.9917117,simulation
1964-09-16,0.9937361,simulation
1964-09-17,0.99854624,simulation
1964-09-18,0.998335,simulation
1964-09-19,0.9968648,simulation
1964-09-20,0.9946164,simulation
1964-09-21,0.991008,simulation
1964-09-22,0.9906881,simulation
1964-09-23,0.9911829,simulation
1964-09-24,0.99041474,simulation
1964-09-25,0.9933283,simulation
1964-09-26,0.99164945,simulation
1964-09-27,0.99480623,simulation
1964-09-28,0.99907845,simulation
1964-09-29,0.99923974,simulation
1964-09-30,0.9991176,simulation
1964-10-01,0.99826694,simulation
1964-10-02,0.99893063,simulation
1964-10-03,0.9988571,simulation
1964-10-04,0.9988251,simulation
1964-10-05,0.98716396,simulation
1964-10-06,0.9899207,simulation
1964-10-07,0.99149424,simulation
1964-10-08,0.9918507,simulation
1964-10-09,0.99271303,simulation
1964-10-10,0.9925057,simulation
1964-10-11,0.99311286,simulation
1964-10-12,0.9941853,simulation
1964-10-13,0.9967649,simulation
1964-10-14,0.9981835,simulation
1964-10-15,0.9980238,simulation
1964-10-16,0.9937659,simulation
1964-10-17,0.993392,simulation
1964-10-18,0.9945539,simulation
1964-10-19,0.99497205,simulation
1964-10-20,0.99426144,simulation
1964-10-21,0.99383235,simulation
1964-10-22,0.99393505,simulation
1964-10-23,0.99350625,simulation
1964-10-24,0.994283,simulation
1964-10-25,0.9944189,simulation
1964-10-26,0.99549884,simulation
1964-10-27,0.99771506,simulation
1964-10-28,0.9988542,simulation
1964-10-29,0.9959914,simulation
1964-10-30,0.99458855,simulation
1964-10-31,0.9956053,simulation
1964-11-01,0.9959449,simulation
1964-11-02,0.9952536,simulation
1964-11-03,0.995263,simulation
1964-11-04,0.99818945,simulation
1964-11-05,0.9977316,simulation
1964-11-06,0.9963133,simulation
1964-11-07,0.998667,simulation
1964-11-08,0.9965773,simulation
1964-11-09,0.9962426,simulation
1964-11-10,0.99553686,simulation
1964-11-11,0.9967972,simulation
1964-11-12,0.9976606,simulation
1964-11-13,0.99563885,simulation
1964-11-14,0.9986199,simulation
1964-11-15,0.99582285,simulation
1964-11-16,0.99723345,simulation
1964-11-17,0.9976573,simulation
1964-11-18,0.9983482,simulation
1964-11-19,0.9988603,simulation
1964-11-20,0.9989632,simulation
1964-11-21,0.99616504,simulation
1964-11-22,0.9983618,simulation
1964-11-23,0.99873704,simulation
1964-11-24,0.999366,simulation
1964-11-25,0.9970858,simulation
1964-11-26,0.9960642,simulation
1964-11-27,0.9973283,simulation
1964-11-28,0.9970757,simulation
1964-11-29,0.9900706,simulation
1964-11-30,0.99147326,simulation
1964-12-01,0.9928563,simulation
1964-12-02,0.99411577,simulation
1964-12-03,0.9951598,simulation
1964-12-04,0.9865513,simulation
1964-12-05,0.98869133,simulation
1964-12-06,0.99071497,simulation
1964-12-07,0.9924985,simulation
1964-12-08,0.9930231,simulation
1964-12-09,0.9941537,simulation
1964-12-10,0.9947213,simulation
1964-12-11,0.99522805,simulation
1964-12-12,0.97704774,simulation
1964-12-13,0.98248696,simulation
1964-12-14,0.9856106,simulation
1964-12-15,0.988983,simulation
1964-12-16,0.990401,simulation
1964-12-17,0.9934942,simulation
1964-12-18,0.988742,simulation
1964-12-19,0.9916313,simulation
1964-12-20,0.9937926,simulation
1964-12-21,0.9937784,simulation
1964-12-22,0.9938712,simulation
1964-12-23,0.9939179,simulation
1964-12-24,0.99343294,simulation
1964-12-25,0.99497944,simulation
1964-12-26,0.9960114,simulation
1964-12-27,0.99673414,simulation
1964-12-28,0.99606156,simulation
1964-12-29,0.99675596,simulation
1964-12-30,0.9968394,simulation
1964-12-31,0.9906743,simulation
1965-01-01,0.9905488,simulation
1965-01-02,0.99271584,simulation
1965-01-03,0.9934572,simulation
1965-01-04,0.992842,simulation
1965-01-05,0.9940808,simulation
1965-01-06,0.9952309,simulation
1965-01-07,0.99511194,simulation
1965-01-08,0.99572444,simulation
1965-01-09,0.9961707,simulation
1965-01-10,0.9954553,simulation
1965-01-11,0.9946446,simulation
1965-01-12,0.9953517,simulation
1965-01-13,0.9965863,simulation
1965-01-14,0.9954976,simulation
1965-01-15,0.9969796,simulation
1965-01-16,0.99579084,simulation
1965-01-17,0.99593246,simulation
1965-01-18,0.9958842,simulation
1965-01-19,0.9961987,simulation
1965-01-20,0.99741614,simulation
1965-01-21,0.99672127,simulation
1965-01-22,0.99732745,simulation
1965-01-23,0.9946921,simulation
1965-01-24,0.98723704,simulation
1965-01-25,0.9879172,simulation
1965-01-26,0.98969126,simulation
1965-01-27,0.9924641,simulation
1965-01-28,0.99246424,simulation
1965-01-29,0.99341166,simulation
1965-01-30,0.99588215,simulation
1965-01-31,0.9958714,simulation
1965-02-01,0.9968953,simulation
1965-02-02,0.9953407,simulation
1965-02-03,0.9967988,simulation
1965-02-04,0.99657667,simulation
1965-02-05,0.9966628,simulation
1965-02-06,0.99763733,simulation
1965-02-07,0.99697834,simulation
1965-02-08,0.9966698,simulation
1965-02-09,0.99535537,simulation
1965-02-10,0.99681103,simulation
1965-02-11,0.99165493,simulation
1965-02-12,0.97730094,simulation
1965-02-13,0.982066,simulation
1965-02-14,0.985755,simulation
1965-02-15,0.9896676,simulation
1965-02-16,0.992542,simulation
1965-02-17,0.98975044,simulation
1965-02-18,0.9839768,simulation
1965-02-19,0.9874411,simulation
1965-02-20,0.99048966,simulation
1965-02-21,0.9914914,simulation
1965-02-22,0.99334365,simulation
1965-02-23,0.9928671,simulation
1965-02-24,0.99616593,simulation
1965-02-25,0.99213845,simulation
1965-02-26,0.9923515,simulation
1965-02-27,0.9935452,simulation
1965-02-28,0.9961042,simulation
1965-03-01,0.9964325,simulation
1965-03-02,0.99404806,simulation
1965-03-03,0.9943122,simulation
1965-03-04,0.99356014,simulation
1965-03-05,0.9937091,simulation
1965-03-06,0.99521905,simulation
1965-03-07,0.9958748,simulation
1965-03-08,0.99341667,simulation
1965-03-09,0.9956976,simulation
1965-03-10,0.9959998,simulation
1965-03-11,0.99583143,simulation
1965-03-12,0.9969027,simulation
1965-03-13,0.99227536,simulation
1965-03-14,0.99027205,simulation
1965-03-15,0.9919614,simulation
1965-03-16,0.99180967,simulation
1965-03-17,0.9949489,simulation
1965-03-18,0.9923327,simulation
1965-03-19,0.9939786,simulation
1965-03-20,0.9926977,simulation
1965-03-21,0.9940942,simulation
1965-03-22,0.9920642,simulation
1965-03-23,0.99735,simulation
1965-03-24,0.99447525,simulation
1965-03-25,0.9972711,simulation
1965-03-26,0.99769473,simulation
1965-03-27,0.9975811,simulation
1965-03-28,0.9954486,simulation
1965-03-29,0.9974265,simulation
1965-03-30,0.9953658,simulation
1965-03-31,0.99246156,simulation
1965-04-01,0.9910564,simulation
1965-04-02,0.99416125,simulation
1965-04-03,0.996267,simulation
1965-04-04,0.9940255,simulation
1965-04-05,0.99476105,simulation
1965-04-06,0.9955852,simulation
1965-04-07,0.9954884,simulation
1965-04-08,0.99529517,simulation
1965-04-09,0.99568564,simulation
1965-04-10,0.99656785,simulation
1965-04-11,0.9954242,simulation
1965-04-12,0.99586695,simulation
1965-04-13,0.9928201,simulation
1965-04-14,0.99509794,simulation
1965-04-15,0.9975735,simulation
1965-04-16,0.9908058,simulation
1965-04-17,0.9909893,simulation
1965-04-18,0.9928616,simulation
1965-04-19,0.99541813,simulation
1965-04-20,0.9960333,simulation
1965-04-21,0.99088675,simulation
1965-04-22,0.9918322,simulation
1965-04-23,0.9924014,simulation
1965-04-24,0.9912625,simulation
1965-04-25,0.9960222,simulation
1965-04-26,0.997468,simulation
1965-04-27,0.9988304,simulation
1965-04-28,0.9942996,simulation
1965-04-29,0.99145126,simulation
1965-04-30,0.9911677,simulation
1965-05-01,0.9904484,simulation
1965-05-02,0.9900341,simulation
1965-05-03,0.9908231,simulation
1965-05-04,0.99098873,simulation
1965-05-05,0.99304104,simulation
1965-05-06,0.9937874,simulation
1965-05-07,0.99110824,simulation
1965-05-08,0.9923792,simulation
1965-05-09,0.9938487,simulation
1965-05-10,0.99345064,simulation
1965-05-11,0.9946109,simulation
1965-05-12,0.9903472,simulation
1965-05-13,0.9938947,simulation
1965-05-14,0.99453205,simulation
1965-05-15,0.9913489,simulation
1965-05-16,0.99453545,simulation
1965-05-17,0.9941654,simulation
1965-05-18,0.993922,simulation
1965-05-19,0.9951588,simulation
1965-05-20,0.99755836,simulation
1965-05-21,0.9973708,simulation
1965-05-22,0.998729,simulation
1965-05-23,0.9967589,simulation
1965-05-24,0.9930862,simulation
1965-05-25,0.9889777,simulation
1965-05-26,0.99195665,simulation
1965-05-27,0.9971043,simulation
1965-05-28,0.9982267,simulation
1965-05-29,0.9907495,simulation
1965-05-30,0.9873952,simulation
1965-05-31,0.9899633,simulation
1965-06-01,0.9863737,simulation
1965-06-02,0.99057806,simulation
1965-06-03,0.98840207,simulation
1965-06-04,0.9897793,simulation
1965-06-05,0.990035,simulation
1965-06-06,0.9967681,simulation
1965-06-07,0.9982214,simulation
1965-06-08,0.9921132,simulation
1965-06-09,0.99042064,simulation
1965-06-10,0.99868035,simulation
1965-06-11,0.9971779,simulation
1965-06-12,0.99401426,simulation
1965-06-13,0.9904084,simulation
1965-06-14,0.99582857,simulation
1965-06-15,0.99652845,simulation
1965-06-16,0.9931534,simulation
1965-06-17,0.9950146,simulation
1965-06-18,0.993125,simulation
1965-06-19,0.9879204,simulation
1965-06-20,0.98866445,simulation
1965-06-21,0.98883593,simulation
1965-06-22,0.9871241,simulation
1965-06-23,0.99196863,simulation
1965-06-24,0.99505097,simulation
1965-06-25,0.9902009,simulation
1965-06-26,0.9891711,simulation
1965-06-27,0.9969102,simulation
1965-06-28,0.99299175,simulation
1965-06-29,0.99061984,simulation
1965-06-30,0.990111,simulation
1965-07-01,0.9936314,simulation
1965-07-02,0.98877686,simulation
1965-07-03,0.9890966,simulation
1965-07-04,0.99105537,simulation
1965-07-05,0.99320775,simulation
1965-07-06,0.9921928,simulation
1965-07-07,0.9945977,simulation
1965-07-08,0.99381536,simulation
1965-07-09,0.9927643,simulation
1965-07-10,0.9958563,simulation
1965-07-11,0.99141806,simulation
1965-07-12,0.98992014,simulation
1965-07-13,0.99220246,simulation
1965-07-14,0.9940231,simulation
1965-07-15,0.993313,simulation
1965-07-16,0.9951521,simulation
1965-07-17,0.99286675,simulation
1965-07-18,0.9892617,simulation
1965-07-19,0.98989725,simulation
1965-07-20,0.9913864,simulation
1965-07-21,0.99028033,simulation
1965-07-22,0.99258417,simulation
1965-07-23,0.99573994,simulation
1965-07-24,0.9973044,simulation
1965-07-25,0.99373555,simulation
1965-07-26,0.991736,simulation
1965-07-27,0.9952202,simulation
1965-07-28,0.99431,simulation
1965-07-29,0.9981565,simulation
1965-07-30,0.9917096,simulation
1965-07-31,0.9911727,simulation
1965-08-01,0.99503344,simulation
1965-08-02,0.9908029,simulation
1965-08-03,0.99362355,simulation
1965-08-04,0.9966314,simulation
1965-08-05,0.9934493,simulation
1965-08-06,0.99672544,simulation
1965-08-07,0.9945506,simulation
1965-08-08,0.9965932,simulation
1965-08-09,0.9935345,simulation
1965-08-10,0.99496305,simulation
1965-08-11,0.9936401,simulation
1965-08-12,0.99689513,simulation
1965-08-13,0.99753994,simulation
1965-08-14,0.9932762,simulation
1965-08-15,0.99049574,simulation
1965-08-16,0.9905879,simulation
1965-08-17,0.99549633,simulation
1965-08-18,0.9935151,simulation
1965-08-19,0.99499285,simulation
1965-08-20,0.99389374,simulation
1965-08-21,0.9962178,simulation
1965-08-22,0.99670637,simulation
1965-08-23,0.99436027,simulation
1965-08-24,0.99511707,simulation
1965-08-25,0.9937021,simulation
1965-08-26,0.9921869,simulation
1965-08-27,0.99154085,simulation
1965-08-28,0.9946101,simulation
1965-08-29,0.99206054,simulation
1965-08-30,0.9918935,simulation
1965-08-31,0.99245167,simulation
1965-09-01,0.99263006,simulation
1965-09-02,0.9948359,simulation
1965-09-03,0.9958238,simulation
1965-09-04,0.99718505,simulation
1965-09-05,0.9955965,simulation
1965-09-06,0.9916877,simulation
1965-09-07,0.98967016,simulation
1965-09-08,0.9897721,simulation
1965-09-09,0.9919654,simulation
1965-09-10,0.9982725,simulation
1965-09-11,0.99782026,simulation
1965-09-12,0.9957776,simulation
1965-09-13,0.992495,simulation
1965-09-14,0.9912477,simulation
1965-09-15,0.9916722,simulation
1965-09-16,0.99260074,simulation
1965-09-17,0.9937671,simulation
1965-09-18,0.99371344,simulation
1965-09-19,0.99438584,simulation
1965-09-20,0.99620575,simulation
1965-09-21,0.99477553,simulation
1965-09-22,0.99599147,simulation
1965-09-23,0.9990324,simulation
1965-09-24,0.997736,simulation
1965-09-25,0.99368113,simulation
1965-09-26,0.99777186,simulation
1965-09-27,0.997061,simulation
1965-09-28,0.99560523,simulation
1965-09-29,0.99912983,simulation
1965-09-30,0.99864054,simulation
1965-10-01,0.99862665,simulation
1965-10-02,0.99574125,simulation
1965-10-03,0.99649113,simulation
1965-10-04,0.99826807,simulation
1965-10-05,0.99837756,simulation
1965-10-06,0.99904513,simulation
1965-10-07,0.9970622,simulation
1965-10-08,0.9927819,simulation
1965-10-09,0.9934082,simulation
1965-10-10,0.9927798,simulation
1965-10-11,0.99713516,simulation
1965-10-12,0.99860185,simulation
1965-10-13,0.9940829,simulation
1965-10-14,0.99335676,simulation
1965-10-15,0.996799,simulation
1965-10-16,0.9941198,simulation
1965-10-17,0.9936081,simulation
1965-10-18,0.993552,simulation
1965-10-19,0.9988034,simulation
1965-10-20,0.99833316,simulation
1965-10-21,0.99397206,simulation
1965-10-22,0.9988286,simulation
1965-10-23,0.99387777,simulation
1965-10-24,0.9938871,simulation
1965-10-25,0.99533904,simulation
1965-10-26,0.9952039,simulation
1965-10-27,0.99475795,simulation
1965-10-28,0.9947333,simulation
1965-10-29,0.99479496,simulation
1965-10-30,0.9953181,simulation
1965-10-31,0.99505115,simulation
1965-11-01,0.99411273,simulation
1965-11-02,0.9974205,simulation
1965-11-03,0.9987834,simulation
1965-11-04,0.9989356,simulation
1965-11-05,0.9990931,simulation
1965-11-06,0.999096,simulation
1965-11-07,0.997357,simulation
1965-11-08,0.99745595,simulation
1965-11-09,0.9992573,simulation
1965-11-10,0.9991851,simulation
1965-11-11,0.9984161,simulation
1965-11-12,0.9994301,simulation
1965-11-13,0.998843,simulation
1965-11-14,0.99692154,simulation
1965-11-15,0.9984453,simulation
1965-11-16,0.99874794,simulation
1965-11-17,0.9956199,simulation
1965-11-18,0.9981929,simulation
1965-11-19,0.9989624,simulation
1965-11-20,0.9988119,simulation
1965-11-21,0.9984693,simulation
1965-11-22,0.9962796,simulation
1965-11-23,0.9991794,simulation
1965-11-24,0.9980994,simulation
1965-11-25,0.99827397,simulation
1965-11-26,0.99558944,simulation
1965-11-27,0.9956693,simulation
1965-11-28,0.99919844,simulation
1965-11-29,0.99805206,simulation
1965-11-30,0.99795365,simulation
1965-12-01,0.998496,simulation
1965-12-02,0.99845874,simulation
1965-12-03,0.99956757,simulation
1965-12-04,0.997048,simulation
1965-12-05,0.9985161,simulation
1965-12-06,0.9959622,simulation
1965-12-07,0.9973537,simulation
1965-12-08,0.998225,simulation
1965-12-09,0.9991188,simulation
1965-12-10,0.99843496,simulation
1965-12-11,0.99883986,simulation
1965-12-12,0.99907005,simulation
1965-12-13,0.9982395,simulation
1965-12-14,0.9996766,simulation
1965-12-15,0.9998553,simulation
1965-12-16,0.9998622,simulation
1965-12-17,0.9996148,simulation
1965-12-18,0.9997978,simulation
1965-12-19,0.9983171,simulation
1965-12-20,0.99740744,simulation
1965-12-21,0.9974064,simulation
1965-12-22,0.9978547,simulation
1965-12-23,0.99737924,simulation
1965-12-24,0.9983793,simulation
1965-12-25,0.99783754,simulation
1965-12-26,0.9975229,simulation
1965-12-27,0.9979691,simulation
1965-12-28,0.9984085,simulation
1965-12-29,0.9974186,simulation
1965-12-30,0.9980366,simulation
1965-12-31,0.9980414,simulation
1966-01-01,0.9984488,simulation
1966-01-02,0.9987191,simulation
1966-01-03,0.99725705,simulation
1966-01-04,0.99742585,simulation
1966-01-05,0.99571085,simulation
1966-01-06,0.9921292,simulation
1966-01-07,0.9937355,simulation
1966-01-08,0.99336743,simulation
1966-01-09,0.9943629,simulation
1966-01-10,0.9959288,simulation
1966-01-11,0.995037,simulation
1966-01-12,0.9961192,simulation
1966-01-13,0.99745995,simulation
1966-01-14,0.9959439,simulation
1966-01-15,0.99319375,simulation
1966-01-16,0.9918655,simulation
1966-01-17,0.993061,simulation
1966-01-18,0.994417,simulation
1966-01-19,0.9948514,simulation
1966-01-20,0.9959039,simulation
1966-01-21,0.9955272,simulation
1966-01-22,0.9953733,simulation
1966-01-23,0.9936008,simulation
1966-01-24,0.99468756,simulation
1966-01-25,0.9950182,simulation
1966-01-26,0.99156797,simulation
1966-01-27,0.9921526,simulation
1966-01-28,0.9934722,simulation
1966-01-29,0.9903974,simulation
1966-01-30,0.9876649,simulation
1966-01-31,0.9905068,simulation
1966-02-01,0.99009836,simulation
1966-02-02,0.991552,simulation
1966-02-03,0.9922283,simulation
1966-02-04,0.9927915,simulation
1966-02-05,0.9937005,simulation
1966-02-06,0.99462944,simulation
1966-02-07,0.9943562,simulation
1966-02-08,0.99490684,simulation
1966-02-09,0.99577457,simulation
1966-02-10,0.9968226,simulation
1966-02-11,0.98508525,simulation
1966-02-12,0.9886772,simulation
1966-02-13,0.96797836,simulation
1966-02-14,0.9773289,simulation
1966-02-15,0.9852563,simulation
1966-02-16,0.9687693,simulation
1966-02-17,0.96908766,simulation
1966-02-18,0.9801078,simulation
1966-02-19,0.9835373,simulation
1966-02-20,0.98714596,simulation
1966-02-21,0.9889741,simulation
1966-02-22,0.99265003,simulation
1966-02-23,0.99425113,simulation
1966-02-24,0.99570245,simulation
1966-02-25,0.99268895,simulation
1966-02-26,0.99512786,simulation
1966-02-27,0.99424636,simulation
1966-02-28,0.99197775,simulation
1966-03-01,0.9898369,simulation
1966-03-02,0.9932669,simulation
1966-03-03,0.9933963,simulation
1966-03-04,0.98893446,simulation
1966-03-05,0.9894812,simulation
1966-03-06,0.99125046,simulation
1966-03-07,0.99312764,simulation
1966-03-08,0.99515396,simulation
1966-03-09,0.9927949,simulation
1966-03-10,0.9922789,simulation
1966-03-11,0.9929645,simulation
1966-03-12,0.9969163,simulation
1966-03-13,0.99777734,simulation
1966-03-14,0.9971254,simulation
1966-03-15,0.99650586,simulation
1966-03-16,0.99455065,simulation
1966-03-17,0.99582165,simulation
1966-03-18,0.9962253,simulation
1966-03-19,0.9925554,simulation
1966-03-20,0.9946011,simulation
1966-03-21,0.9945812,simulation
1966-03-22,0.9948794,simulation
1966-03-23,0.9979337,simulation
1966-03-24,0.9938777,simulation
1966-03-25,0.99752295,simulation
1966-03-26,0.9956716,simulation
1966-03-27,0.9937149,simulation
1966-03-28,0.997134,simulation
1966-03-29,0.9985694,simulation
1966-03-30,0.993012,simulation
1966-03-31,0.9907229,simulation
1966-04-01,0.9904674,simulation
1966-04-02,0.9917772,simulation
1966-04-03,0.99746245,simulation
1966-04-04,0.9933923,simulation
1966-04-05,0.99318486,simulation
1966-04-06,0.9939102,simulation
1966-04-07,0.99294,simulation
1966-04-08,0.99310714,simulation
1966-04-09,0.9907485,simulation
1966-04-10,0.9922378,simulation
1966-04-11,0.9948875,simulation
1966-04-12,0.9956814,simulation
1966-04-13,0.99465936,simulation
1966-04-14,0.9990124,simulation
1966-04-15,0.9938109,simulation
1966-04-16,0.99240285,simulation
1966-04-17,0.99115103,simulation
1966-04-18,0.99874735,simulation
1966-04-19,0.998226,simulation
1966-04-20,0.99493533,simulation
1966-04-21,0.99897593,simulation
1966-04-22,0.99729025,simulation
1966-04-23,0.99539495,simulation
1966-04-24,0.997341,simulation
1966-04-25,0.9951458,simulation
1966-04-26,0.9939543,simulation
1966-04-27,0.98821586,simulation
1966-04-28,0.9911454,simulation
1966-04-29,0.991939,simulation
1966-04-30,0.99156374,simulation
1966-05-01,0.9945431,simulation
1966-05-02,0.99476904,simulation
1966-05-03,0.9930608,simulation
1966-05-04,0.99342525,simulation
1966-05-05,0.9937564,simulation
1966-05-06,0.995999,simulation
1966-05-07,0.99351156,simulation
1966-05-08,0.9914184,simulation
1966-05-09,0.98944515,simulation
1966-05-10,0.9897362,simulation
1966-05-11,0.9945262,simulation
1966-05-12,0.9969132,simulation
1966-05-13,0.997918,simulation
1966-05-14,0.9962824,simulation
1966-05-15,0.9916353,simulation
1966-05-16,0.9937024,simulation
1966-05-17,0.9965297,simulation
1966-05-18,0.99611664,simulation
1966-05-19,0.9974978,simulation
1966-05-20,0.9899003,simulation
1966-05-21,0.9926568,simulation
1966-05-22,0.9834658,simulation
1966-05-23,0.9862826,simulation
1966-05-24,0.99215204,simulation
1966-05-25,0.99145514,simulation
1966-05-26,0.9930302,simulation
1966-05-27,0.99068856,simulation
1966-05-28,0.9908865,simulation
1966-05-29,0.9890723,simulation
1966-05-30,0.9917028,simulation
1966-05-31,0.9875301,simulation
1966-06-01,0.9885043,simulation
1966-06-02,0.9925348,simulation
1966-06-03,0.99358284,simulation
1966-06-04,0.99148685,simulation
1966-06-05,0.9920981,simulation
1966-06-06,0.99340886,simulation
1966-06-07,0.99757415,simulation
1966-06-08,0.9897667,simulation
1966-06-09,0.99531794,simulation
1966-06-10,0.9894836,simulation
1966-06-11,0.9917473,simulation
1966-06-12,0.99029595,simulation
1966-06-13,0.99773103,simulation
1966-06-14,0.99662405,simulation
1966-06-15,0.9937258,simulation
1966-06-16,0.99581707,simulation
1966-06-17,0.99563235,simulation
1966-06-18,0.99456125,simulation
1966-06-19,0.99326843,simulation
1966-06-20,0.99066067,simulation
1966-06-21,0.99463207,simulation
1966-06-22,0.9976053,simulation
1966-06-23,0.99237955,simulation
1966-06-24,0.9910423,simulation
1966-06-25,0.98870283,simulation
1966-06-26,0.9884664,simulation
1966-06-27,0.9882333,simulation
1966-06-28,0.9957615,simulation
1966-06-29,0.9938139,simulation
1966-06-30,0.99226534,simulation
1966-07-01,0.9927588,simulation
1966-07-02,0.995662,simulation
1966-07-03,0.99284893,simulation
1966-07-04,0.9926928,simulation
1966-07-05,0.99270105,simulation
1966-07-06,0.9895177,simulation
1966-07-07,0.98908335,simulation
1966-07-08,0.9906663,simulation
1966-07-09,0.9894022,simulation
1966-07-10,0.9900298,simulation
1966-07-11,0.9884398,simulation
1966-07-12,0.98778665,simulation
1966-07-13,0.9894215,simulation
1966-07-14,0.99138093,simulation
1966-07-15,0.9862559,simulation
1966-07-16,0.9927036,simulation
1966-07-17,0.99690384,simulation
1966-07-18,0.99200577,simulation
1966-07-19,0.9948487,simulation
1966-07-20,0.99584866,simulation
1966-07-21,0.9936285,simulation
1966-07-22,0.9896944,simulation
1966-07-23,0.99282146,simulation
1966-07-24,0.990399,simulation
1966-07-25,0.9895897,simulation
1966-07-26,0.99120027,simulation
1966-07-27,0.9910267,simulation
1966-07-28,0.988157,simulation
1966-07-29,0.98887885,simulation
1966-07-30,0.9968207,simulation
1966-07-31,0.9930422,simulation
1966-08-01,0.99119276,simulation
1966-08-02,0.99500906,simulation
1966-08-03,0.998581,simulation
1966-08-04,0.9938549,simulation
1966-08-05,0.99446684,simulation
1966-08-06,0.9913527,simulation
1966-08-07,0.9909835,simulation
1966-08-08,0.9903618,simulation
1966-08-09,0.99159735,simulation
1966-08-10,0.9960578,simulation
1966-08-11,0.9959324,simulation
1966-08-12,0.9971189,simulation
1966-08-13,0.99346393,simulation
1966-08-14,0.9930933,simulation
1966-08-15,0.9928244,simulation
1966-08-16,0.99073845,simulation
1966-08-17,0.9944968,simulation
1966-08-18,0.99303603,simulation
1966-08-19,0.9940488,simulation
1966-08-20,0.9944209,simulation
1966-08-21,0.9954087,simulation
1966-08-22,0.99516636,simulation
1966-08-23,0.98898864,simulation
1966-08-24,0.990068,simulation
1966-08-25,0.9937177,simulation
1966-08-26,0.9896461,simulation
1966-08-27,0.9925385,simulation
1966-08-28,0.99851567,simulation
1966-08-29,0.9976238,simulation
1966-08-30,0.99465275,simulation
1966-08-31,0.9944406,simulation
1966-09-01,0.9931638,simulation
1966-09-02,0.9947359,simulation
1966-09-03,0.9917561,simulation
1966-09-04,0.9935935,simulation
1966-09-05,0.9935467,simulation
1966-09-06,0.99138224,simulation
1966-09-07,0.9919228,simulation
1966-09-08,0.99065477,simulation
1966-09-09,0.993259,simulation
1966-09-10,0.99842435,simulation
1966-09-11,0.99786067,simulation
1966-09-12,0.9990386,simulation
1966-09-13,0.9982819,simulation
1966-09-14,0.9915996,simulation
1966-09-15,0.9970569,simulation
1966-09-16,0.9988829,simulation
1966-09-17,0.9990197,simulation
1966-09-18,0.99757075,simulation
1966-09-19,0.9954134,simulation
1966-09-20,0.9957105,simulation
1966-09-21,0.996947,simulation
1966-09-22,0.9927713,simulation
1966-09-23,0.99235755,simulation
1966-09-24,0.9915813,simulation
1966-09-25,0.99241805,simulation
1966-09-26,0.9930471,simulation
1966-09-27,0.9989596,simulation
1966-09-28,0.9981954,simulation
1966-09-29,0.99287075,simulation
1966-09-30,0.9942995,simulation
1966-10-01,0.9953529,simulation
1966-10-02,0.9930727,simulation
1966-10-03,0.9925693,simulation
1966-10-04,0.9922347,simulation
1966-10-05,0.994933,simulation
1966-10-06,0.99219096,simulation
1966-10-07,0.9936837,simulation
1966-10-08,0.9938398,simulation
1966-10-09,0.9978821,simulation
1966-10-10,0.99579173,simulation
1966-10-11,0.9940652,simulation
1966-10-12,0.9958984,simulation
1966-10-13,0.9989718,simulation
1966-10-14,0.9957638,simulation
1966-10-15,0.99837035,simulation
1966-10-16,0.9942578,simulation
1966-10-17,0.99807364,simulation
1966-10-18,0.9994455,simulation
1966-10-19,0.99883515,simulation
1966-10-20,0.99518824,simulation
1966-10-21,0.99507385,simulation
1966-10-22,0.99485767,simulation
1966-10-23,0.998429,simulation
1966-10-24,0.9945017,simulation
1966-10-25,0.99393857,simulation
1966-10-26,0.994195,simulation
1966-10-27,0.9949505,simulation
1966-10-28,0.9949948,simulation
1966-10-29,0.9947607,simulation
1966-10-30,0.99584055,simulation
1966-10-31,0.99777466,simulation
1966-11-01,0.9991248,simulation
1966-11-02,0.9990088,simulation
1966-11-03,0.997318,simulation
1966-11-04,0.9956785,simulation
1966-11-05,0.9985198,simulation
1966-11-06,0.9956598,simulation
1966-11-07,0.99840575,simulation
1966-11-08,0.9984977,simulation
1966-11-09,0.99663275,simulation
1966-11-10,0.99788946,simulation
1966-11-11,0.999439,simulation
1966-11-12,0.9987466,simulation
1966-11-13,0.995333,simulation
1966-11-14,0.9973877,simulation
1966-11-15,0.99669135,simulation
1966-11-16,0.9962536,simulation
1966-11-17,0.99611497,simulation
1966-11-18,0.9965234,simulation
1966-11-19,0.9982228,simulation
1966-11-20,0.997991,simulation
1966-11-21,0.99620813,simulation
1966-11-22,0.9985664,simulation
1966-11-23,0.99664044,simulation
1966-11-24,0.99664,simulation
1966-11-25,0.9968071,simulation
1966-11-26,0.9985292,simulation
1966-11-27,0.997989,simulation
1966-11-28,0.99423116,simulation
1966-11-29,0.99575293,simulation
1966-11-30,0.9980881,simulation
1966-12-01,0.9967553,simulation
1966-12-02,0.99862206,simulation
1966-12-03,0.99923396,simulation
1966-12-04,0.99886096,simulation
1966-12-05,0.99850756,simulation
1966-12-06,0.99872726,simulation
1966-12-07,0.99785304,simulation
1966-12-08,0.9979785,simulation
1966-12-09,0.9992339,simulation
1966-12-10,0.99829364,simulation
1966-12-11,0.9980229,simulation
1966-12-12,0.99809897,simulation
1966-12-13,0.9983429,simulation
1966-12-14,0.9977125,simulation
1966-12-15,0.9976508,simulation
1966-12-16,0.99736017,simulation
1966-12-17,0.998372,simulation
1966-12-18,0.99782294,simulation
1966-12-19,0.9979708,simulation
1966-12-20,0.99731946,simulation
1966-12-21,0.9982237,simulation
1966-12-22,0.99817735,simulation
1966-12-23,0.9987016,simulation
1966-12-24,0.99716127,simulation
1966-12-25,0.99796414,simulation
1966-12-26,0.99832106,simulation
1966-12-27,0.9979258,simulation
1966-12-28,0.99833536,simulation
1966-12-29,0.9960628,simulation
1966-12-30,0.99741685,simulation
1966-12-31,0.9958988,simulation
1967-01-01,0.9957373,simulation
1967-01-02,0.9957625,simulation
1967-01-03,0.9956378,simulation
1967-01-04,0.99512744,simulation
1967-01-05,0.99496835,simulation
1967-01-06,0.99577546,simulation
1967-01-07,0.9967769,simulation
1967-01-08,0.99541706,simulation
1967-01-09,0.9960306,simulation
1967-01-10,0.996083,simulation
1967-01-11,0.99622786,simulation
1967-01-12,0.99666405,simulation
1967-01-13,0.99730796,simulation
1967-01-14,0.9946817,simulation
1967-01-15,0.99367124,simulation
1967-01-16,0.9942268,simulation
1967-01-17,0.99535716,simulation
1967-01-18,0.99623555,simulation
1967-01-19,0.9965885,simulation
1967-01-20,0.99626917,simulation
1967-01-21,0.99539775,simulation
1967-01-22,0.9968191,simulation
1967-01-23,0.9970071,simulation
1967-01-24,0.99622136,simulation
1967-01-25,0.99682146,simulation
1967-01-26,0.9974767,simulation
1967-01-27,0.9958756,simulation
1967-01-28,0.9960267,simulation
1967-01-29,0.99632895,simulation
1967-01-30,0.9967919,simulation
1967-01-31,0.9972378,simulation
1967-02-01,0.99716306,simulation
1967-02-02,0.9977334,simulation
1967-02-03,0.99771875,simulation
1967-02-04,0.99756336,simulation
1967-02-05,0.99564326,simulation
1967-02-06,0.9983887,simulation
1967-02-07,0.9953064,simulation
1967-02-08,0.9946444,simulation
1967-02-09,0.9949045,simulation
1967-02-10,0.9957232,simulation
1967-02-11,0.9967202,simulation
1967-02-12,0.9961645,simulation
1967-02-13,0.994443,simulation
1967-02-14,0.9945659,simulation
1967-02-15,0.9959301,simulation
1967-02-16,0.9966953,simulation
1967-02-17,0.9980445,simulation
1967-02-18,0.9969582,simulation
1967-02-19,0.9968462,simulation
1967-02-20,0.9967172,simulation
1967-02-21,0.9925213,simulation
1967-02-22,0.9959571,simulation
1967-02-23,0.99354213,simulation
1967-02-24,0.99357915,simulation
1967-02-25,0.99479306,simulation
1967-02-26,0.99583024,simulation
1967-02-27,0.9971892,simulation
1967-02-28,0.99333936,simulation
1967-03-01,0.9938442,simulation
1967-03-02,0.9929202,simulation
1967-03-03,0.9947841,simulation
1967-03-04,0.995643,simulation
1967-03-05,0.9958487,simulation
1967-03-06,0.99777174,simulation
1967-03-07,0.9951091,simulation
1967-03-08,0.9964716,simulation
1967-03-09,0.996794,simulation
1967-03-10,0.9979081,simulation
1967-03-11,0.9937716,simulation
1967-03-12,0.99278545,simulation
1967-03-13,0.9936187,simulation
1967-03-14,0.99481153,simulation
1967-03-15,0.99620515,simulation
1967-03-16,0.99407005,simulation
1967-03-17,0.9956049,simulation
1967-03-18,0.99487644,simulation
1967-03-19,0.9930911,simulation
1967-03-20,0.99838006,simulation
1967-03-21,0.994486,simulation
1967-03-22,0.99295294,simulation
1967-03-23,0.9928884,simulation
1967-03-24,0.9964375,simulation
1967-03-25,0.99671865,simulation
1967-03-26,0.9987024,simulation
1967-03-27,0.9975087,simulation
1967-03-28,0.9948035,simulation
1967-03-29,0.9933431,simulation
1967-03-30,0.9941375,simulation
1967-03-31,0.9930125,simulation
1967-04-01,0.9915259,simulation
1967-04-02,0.99250525,simulation
1967-04-03,0.993033,simulation
1967-04-04,0.99237347,simulation
1967-04-05,0.99247944,simulation
1967-04-06,0.99172425,simulation
1967-04-07,0.9952109,simulation
1967-04-08,0.99329156,simulation
1967-04-09,0.9936059,simulation
1967-04-10,0.9942462,simulation
1967-04-11,0.9987098,simulation
1967-04-12,0.99463546,simulation
1967-04-13,0.99391,simulation
1967-04-14,0.99899876,simulation
1967-04-15,0.99349415,simulation
1967-04-16,0.99585,simulation
1967-04-17,0.99537915,simulation
1967-04-18,0.9961236,simulation
1967-04-19,0.9921285,simulation
1967-04-20,0.99443805,simulation
1967-04-21,0.99804145,simulation
1967-04-22,0.9944954,simulation
1967-04-23,0.9957265,simulation
1967-04-24,0.9918966,simulation
1967-04-25,0.99793404,simulation
1967-04-26,0.99746245,simulation
1967-04-27,0.99303687,simulation
1967-04-28,0.9955367,simulation
1967-04-29,0.99471605,simulation
1967-04-30,0.99638563,simulation
1967-05-01,0.99765146,simulation
1967-05-02,0.99060607,simulation
1967-05-03,0.9925888,simulation
1967-05-04,0.99778545,simulation
1967-05-05,0.9896984,simulation
1967-05-06,0.9898778,simulation
1967-05-07,0.98928213,simulation
1967-05-08,0.98753595,simulation
1967-05-09,0.9903144,simulation
1967-05-10,0.9931621,simulation
1967-05-11,0.987276,simulation
1967-05-12,0.9914739,simulation
1967-05-13,0.9928192,simulation
1967-05-14,0.9898598,simulation
1967-05-15,0.9961889,simulation
1967-05-16,0.9907099,simulation
1967-05-17,0.9893112,simulation
1967-05-18,0.98958075,simulation
1967-05-19,0.9897427,simulation
1967-05-20,0.997627,simulation
1967-05-21,0.9983632,simulation
1967-05-22,0.99676025,simulation
1967-05-23,0.9894058,simulation
1967-05-24,0.9889632,simulation
1967-05-25,0.98909724,simulation
1967-05-26,0.9885365,simulation
1967-05-27,0.9899565,simulation
1967-05-28,0.9922491,simulation
1967-05-29,0.99321043,simulation
1967-05-30,0.9957924,simulation
1967-05-31,0.9966908,simulation
1967-06-01,0.998222,simulation
1967-06-02,0.99699205,simulation
1967-06-03,0.9966115,simulation
1967-06-04,0.993136,simulation
1967-06-05,0.9933313,simulation
1967-06-06,0.9935789,simulation
1967-06-07,0.99205256,simulation
1967-06-08,0.99310535,simulation
1967-06-09,0.98989046,simulation
1967-06-10,0.99217445,simulation
1967-06-11,0.99266815,simulation
1967-06-12,0.99170136,simulation
1967-06-13,0.99111855,simulation
1967-06-14,0.9907838,simulation
1967-06-15,0.9893053,simulation
1967-06-16,0.9905511,simulation
1967-06-17,0.98969626,simulation
1967-06-18,0.988668,simulation
1967-06-19,0.9896657,simulation
1967-06-20,0.99222773,simulation
1967-06-21,0.99003905,simulation
1967-06-22,0.993451,simulation
1967-06-23,0.9930247,simulation
1967-06-24,0.99043334,simulation
1967-06-25,0.9901922,simulation
1967-06-26,0.9927478,simulation
1967-06-27,0.99483424,simulation
1967-06-28,0.9925217,simulation
1967-06-29,0.9897325,simulation
1967-06-30,0.99187523,simulation
1967-07-01,0.99122244,simulation
1967-07-02,0.9953841,simulation
1967-07-03,0.9908108,simulation
1967-07-04,0.99397635,simulation
1967-07-05,0.99532735,simulation
1967-07-06,0.9985563,simulation
1967-07-07,0.9954695,simulation
1967-07-08,0.99267405,simulation
1967-07-09,0.9982821,simulation
1967-07-10,0.995585,simulation
1967-07-11,0.99637777,simulation
1967-07-12,0.9936282,simulation
1967-07-13,0.9975515,simulation
1967-07-14,0.9913898,simulation
1967-07-15,0.9902751,simulation
1967-07-16,0.9935544,simulation
1967-07-17,0.99448156,simulation
1967-07-18,0.9934233,simulation
1967-07-19,0.99865246,simulation
1967-07-20,0.9984947,simulation
1967-07-21,0.99683034,simulation
1967-07-22,0.9954775,simulation
1967-07-23,0.9933401,simulation
1967-07-24,0.9942193,simulation
1967-07-25,0.993853,simulation
1967-07-26,0.99518555,simulation
1967-07-27,0.98975563,simulation
1967-07-28,0.99534464,simulation
1967-07-29,0.9967313,simulation
1967-07-30,0.9922259,simulation
1967-07-31,0.99200153,simulation
1967-08-01,0.99230355,simulation
1967-08-02,0.99782646,simulation
1967-08-03,0.9948652,simulation
1967-08-04,0.9973047,simulation
1967-08-05,0.9943888,simulation
1967-08-06,0.9912467,simulation
1967-08-07,0.99120986,simulation
1967-08-08,0.99793273,simulation
1967-08-09,0.99811447,simulation
1967-08-10,0.99833035,simulation
1967-08-11,0.9925195,simulation
1967-08-12,0.9927092,simulation
1967-08-13,0.9909454,simulation
1967-08-14,0.9910953,simulation
1967-08-15,0.9945433,simulation
1967-08-16,0.9985427,simulation
1967-08-17,0.99524987,simulation
1967-08-18,0.99361634,simulation
1967-08-19,0.9982187,simulation
1967-08-20,0.9984726,simulation
1967-08-21,0.9951804,simulation
1967-08-22,0.99581593,simulation
1967-08-23,0.99843824,simulation
1967-08-24,0.99786115,simulation
1967-08-25,0.99860364,simulation
1967-08-26,0.9977347,simulation
1967-08-27,0.997731,simulation
1967-08-28,0.99739003,simulation
1967-08-29,0.98971355,simulation
1967-08-30,0.99020535,simulation
1967-08-31,0.9958818,simulation
1967-09-01,0.9975065,simulation
1967-09-02,0.9971429,simulation
1967-09-03,0.99850243,simulation
1967-09-04,0.9985835,simulation
1967-09-05,0.9984125,simulation
1967-09-06,0.99872357,simulation
1967-09-07,0.9983385,simulation
1967-09-08,0.9959018,simulation
1967-09-09,0.9957295,simulation
1967-09-10,0.99363023,simulation
1967-09-11,0.9966171,simulation
1967-09-12,0.9971601,simulation
1967-09-13,0.99701566,simulation
1967-09-14,0.9919214,simulation
1967-09-15,0.9922766,simulation
1967-09-16,0.9924404,simulation
1967-09-17,0.9919008,simulation
1967-09-18,0.9921784,simulation
1967-09-19,0.99824727,simulation
1967-09-20,0.99789125,simulation
1967-09-21,0.998488,simulation
1967-09-22,0.9924726,simulation
1967-09-23,0.99233085,simulation
1967-09-24,0.9925551,simulation
1967-09-25,0.992954,simulation
1967-09-26,0.99250287,simulation
1967-09-27,0.99897665,simulation
1967-09-28,0.99805486,simulation
1967-09-29,0.99400663,simulation
1967-09-30,0.99364823,simulation
1967-10-01,0.9930557,simulation
1967-10-02,0.99298203,simulation
1967-10-03,0.9963325,simulation
1967-10-04,0.99281925,simulation
1967-10-05,0.9927526,simulation
1967-10-06,0.9934274,simulation
1967-10-07,0.9934784,simulation
1967-10-08,0.99850136,simulation
1967-10-09,0.9948572,simulation
1967-10-10,0.9933133,simulation
1967-10-11,0.99622977,simulation
1967-10-12,0.99524164,simulation
1967-10-13,0.99288493,simulation
1967-10-14,0.99276906,simulation
1967-10-15,0.99532884,simulation
1967-10-16,0.99896395,simulation
1967-10-17,0.9986395,simulation
1967-10-18,0.9937006,simulation
1967-10-19,0.994865,simulation
1967-10-20,0.9946012,simulation
1967-10-21,0.99408287,simulation
1967-10-22,0.9978357,simulation
1967-10-23,0.9947367,simulation
1967-10-24,0.9986874,simulation
1967-10-25,0.9938811,simulation
1967-10-26,0.9966629,simulation
1967-10-27,0.9965253,simulation
1967-10-28,0.9947061,simulation
1967-10-29,0.9945085,simulation
1967-10-30,0.9987962,simulation
1967-10-31,0.99895936,simulation
1967-11-01,0.999239,simulation
1967-11-02,0.9968886,simulation
1967-11-03,0.9982634,simulation
1967-11-04,0.9975075,simulation
1967-11-05,0.9966675,simulation
1967-11-06,0.9968428,simulation
1967-11-07,0.99672985,simulation
1967-11-08,0.9961539,simulation
1967-11-09,0.99595046,simulation
1967-11-10,0.99629974,simulation
1967-11-11,0.9974149,simulation
1967-11-12,0.99837446,simulation
1967-11-13,0.9962293,simulation
1967-11-14,0.99535656,simulation
1967-11-15,0.9970006,simulation
1967-11-16,0.9975621,simulation
1967-11-17,0.9986243,simulation
1967-11-18,0.99570477,simulation
1967-11-19,0.99687284,simulation
1967-11-20,0.9988256,simulation
1967-11-21,0.99832016,simulation
1967-11-22,0.9984502,simulation
1967-11-23,0.9989357,simulation
1967-11-24,0.99873304,simulation
1967-11-25,0.9958288,simulation
1967-11-26,0.9991174,simulation
1967-11-27,0.99882406,simulation
1967-11-28,0.9986252,simulation
1967-11-29,0.9987887,simulation
1967-11-30,0.99730915,simulation
1967-12-01,0.9980184,simulation
1967-12-02,0.9989773,simulation
1967-12-03,0.99826217,simulation
1967-12-04,0.99789375,simulation
1967-12-05,0.99891806,simulation
1967-12-06,0.9989492,simulation
1967-12-07,0.9989423,simulation
1967-12-08,0.99919534,simulation
1967-12-09,0.99939245,simulation
1967-12-10,0.99912024,simulation
1967-12-11,0.9973643,simulation
1967-12-12,0.9954574,simulation
1967-12-13,0.99673754,simulation
1967-12-14,0.9978905,simulation
1967-12-15,0.9794181,simulation
1967-12-16,0.97239006,simulation
1967-12-17,0.9810382,simulation
1967-12-18,0.98649114,simulation
1967-12-19,0.98780364,simulation
1967-12-20,0.98594195,simulation
1967-12-21,0.9890726,simulation
1967-12-22,0.9863119,simulation
1967-12-23,0.9882602,simulation
1967-12-24,0.9909434,simulation
1967-12-25,0.9926247,simulation
1967-12-26,0.9929307,simulation
1967-12-27,0.9953473,simulation
1967-12-28,0.9941898,simulation
1967-12-29,0.99478865,simulation
1967-12-30,0.99514097,simulation
1967-12-31,0.9953078,simulation
1968-01-01,0.9948116,simulation
1968-01-02,0.9935814,simulation
1968-01-03,0.99433255,simulation
1968-01-04,0.9920042,simulation
1968-01-05,0.9920432,simulation
1968-01-06,0.99311185,simulation
1968-01-07,0.9919507,simulation
1968-01-08,0.99321747,simulation
1968-01-09,0.99423873,simulation
1968-01-10,0.987336,simulation
1968-01-11,0.99011034,simulation
1968-01-12,0.9920434,simulation
1968-01-13,0.9926505,simulation
1968-01-14,0.9939279,simulation
1968-01-15,0.9939302,simulation
1968-01-16,0.99476117,simulation
1968-01-17,0.99459845,simulation
1968-01-18,0.9941721,simulation
1968-01-19,0.99531275,simulation
1968-01-20,0.99659365,simulation
1968-01-21,0.9952747,simulation
1968-01-22,0.9971422,simulation
1968-01-23,0.9976336,simulation
1968-01-24,0.9945641,simulation
1968-01-25,0.99504536,simulation
1968-01-26,0.9945355,simulation
1968-01-27,0.9966139,simulation
1968-01-28,0.997003,simulation
1968-01-29,0.9966688,simulation
1968-01-30,0.99729115,simulation
1968-01-31,0.9973007,simulation
1968-02-01,0.9974602,simulation
1968-02-02,0.9946069,simulation
1968-02-03,0.99578094,simulation
1968-02-04,0.9954045,simulation
1968-02-05,0.9960302,simulation
1968-02-06,0.9953532,simulation
1968-02-07,0.9965231,simulation
1968-02-08,0.9965536,simulation
1968-02-09,0.9964575,simulation
1968-02-10,0.9972831,simulation
1968-02-11,0.99740356,simulation
1968-02-12,0.9961992,simulation
1968-02-13,0.99770147,simulation
1968-02-14,0.99834424,simulation
1968-02-15,0.99889195,simulation
1968-02-16,0.99814564,simulation
1968-02-17,0.9972967,simulation
1968-02-18,0.9975199,simulation
1968-02-19,0.99667066,simulation
1968-02-20,0.9962842,simulation
1968-02-21,0.9980901,simulation
1968-02-22,0.9976675,simulation
1968-02-23,0.99787295,simulation
1968-02-24,0.99529594,simulation
1968-02-25,0.99582386,simulation
1968-02-26,0.99614555,simulation
1968-02-27,0.9956813,simulation
1968-02-28,0.99878937,simulation
1968-02-29,0.99658096,simulation
1968-03-01,0.9938573,simulation
1968-03-02,0.996522,simulation
1968-03-03,0.99416286,simulation
1968-03-04,0.9949276,simulation
1968-03-05,0.9972207,simulation
1968-03-06,0.99694604,simulation
1968-03-07,0.9938457,simulation
1968-03-08,0.9936978,simulation
1968-03-09,0.99767536,simulation
1968-03-10,0.9957061,simulation
1968-03-11,0.9980309,simulation
1968-03-12,0.9974164,simulation
1968-03-13,0.99361515,simulation
1968-03-14,0.9967807,simulation
1968-03-15,0.9975104,simulation
1968-03-16,0.9972152,simulation
1968-03-17,0.99698776,simulation
1968-03-18,0.9956172,simulation
1968-03-19,0.99446696,simulation
1968-03-20,0.99575025,simulation
1968-03-21,0.99849683,simulation
1968-03-22,0.9972899,simulation
1968-03-23,0.9892665,simulation
1968-03-24,0.98793006,simulation
1968-03-25,0.98879206,simulation
1968-03-26,0.9909135,simulation
1968-03-27,0.9920691,simulation
1968-03-28,0.9932899,simulation
1968-03-29,0.99565923,simulation
1968-03-30,0.99568146,simulation
1968-03-31,0.994206,simulation
1968-04-01,0.9968665,simulation
1968-04-02,0.99733484,simulation
1968-04-03,0.99659926,simulation
1968-04-04,0.9972236,simulation
1968-04-05,0.98617554,simulation
1968-04-06,0.988104,simulation
1968-04-07,0.9929816,simulation
1968-04-08,0.99555326,simulation
1968-04-09,0.99308175,simulation
1968-04-10,0.9935157,simulation
1968-04-11,0.98783433,simulation
1968-04-12,0.991895,simulation
1968-04-13,0.9954195,simulation
1968-04-14,0.9927455,simulation
1968-04-15,0.98772895,simulation
1968-04-16,0.989911,simulation
1968-04-17,0.99342656,simulation
1968-04-18,0.99369305,simulation
1968-04-19,0.9944808,simulation
1968-04-20,0.99500704,simulation
1968-04-21,0.9964946,simulation
1968-04-22,0.997609,simulation
1968-04-23,0.9974157,simulation
1968-04-24,0.99220973,simulation
1968-04-25,0.9901331,simulation
1968-04-26,0.990881,simulation
1968-04-27,0.99617827,simulation
1968-04-28,0.9972734,simulation
1968-04-29,0.9967761,simulation
1968-04-30,0.9879707,simulation
1968-05-01,0.98910975,simulation
1968-05-02,0.9901061,simulation
1968-05-03,0.9916276,simulation
1968-05-04,0.99771553,simulation
1968-05-05,0.989486,simulation
1968-05-06,0.9918928,simulation
1968-05-07,0.99216896,simulation
1968-05-08,0.9972395,simulation
1968-05-09,0.9958155,simulation
1968-05-10,0.99616766,simulation
1968-05-11,0.99717003,simulation
1968-05-12,0.9953291,simulation
1968-05-13,0.99086267,simulation
1968-05-14,0.9901564,simulation
1968-05-15,0.99283564,simulation
1968-05-16,0.99235475,simulation
1968-05-17,0.9961525,simulation
1968-05-18,0.99161845,simulation
1968-05-19,0.98689026,simulation
1968-05-20,0.9883669,simulation
1968-05-21,0.99141467,simulation
1968-05-22,0.9894636,simulation
1968-05-23,0.9878292,simulation
1968-05-24,0.9949537,simulation
1968-05-25,0.99453723,simulation
1968-05-26,0.9960065,simulation
1968-05-27,0.99386036,simulation
1968-05-28,0.9911067,simulation
1968-05-29,0.98900944,simulation
1968-05-30,0.9945308,simulation
1968-05-31,0.9944437,simulation
1968-06-01,0.9900541,simulation
1968-06-02,0.9939113,simulation
1968-06-03,0.99581677,simulation
1968-06-04,0.98899025,simulation
1968-06-05,0.9949201,simulation
1968-06-06,0.98899597,simulation
1968-06-07,0.9890884,simulation
1968-06-08,0.9907652,simulation
1968-06-09,0.98948437,simulation
1968-06-10,0.98939157,simulation
1968-06-11,0.9899568,simulation
1968-06-12,0.99063486,simulation
1968-06-13,0.9878863,simulation
1968-06-14,0.98890084,simulation
1968-06-15,0.99048233,simulation
1968-06-16,0.99320984,simulation
1968-06-17,0.9944573,simulation
1968-06-18,0.99471754,simulation
1968-06-19,0.99808633,simulation
1968-06-20,0.9976604,simulation
1968-06-21,0.99876726,simulation
1968-06-22,0.9981424,simulation
1968-06-23,0.9945833,simulation
1968-06-24,0.99414724,simulation
1968-06-25,0.99478716,simulation
1968-06-26,0.9946017,simulation
1968-06-27,0.9890056,simulation
1968-06-28,0.9876616,simulation
1968-06-29,0.9891455,simulation
1968-06-30,0.98933655,simulation
1968-07-01,0.99025625,simulation
1968-07-02,0.9910682,simulation
1968-07-03,0.99525255,simulation
1968-07-04,0.9884099,simulation
1968-07-05,0.9888691,simulation
1968-07-06,0.9933988,simulation
1968-07-07,0.9948357,simulation
1968-07-08,0.99840844,simulation
1968-07-09,0.9954101,simulation
1968-07-10,0.9934714,simulation
1968-07-11,0.99272496,simulation
1968-07-12,0.9947313,simulation
1968-07-13,0.9955464,simulation
1968-07-14,0.9972447,simulation
1968-07-15,0.9945364,simulation
1968-07-16,0.9941372,simulation
1968-07-17,0.99119246,simulation
1968-07-18,0.99518365,simulation
1968-07-19,0.99383324,simulation
1968-07-20,0.9942019,simulation
1968-07-21,0.99308395,simulation
1968-07-22,0.997828,simulation
1968-07-23,0.9948266,simulation
1968-07-24,0.9934319,simulation
1968-07-25,0.9900792,simulation
1968-07-26,0.9901837,simulation
1968-07-27,0.98877215,simulation
1968-07-28,0.99022156,simulation
1968-07-29,0.99489456,simulation
1968-07-30,0.99306893,simulation
1968-07-31,0.9896243,simulation
1968-08-01,0.989691,simulation
1968-08-02,0.9912279,simulation
1968-08-03,0.99071026,simulation
1968-08-04,0.99123853,simulation
1968-08-05,0.9919607,simulation
1968-08-06,0.99742657,simulation
1968-08-07,0.994955,simulation
1968-08-08,0.99286157,simulation
1968-08-09,0.9898842,simulation
1968-08-10,0.99229825,simulation
1968-08-11,0.9959515,simulation
1968-08-12,0.9973491,simulation
1968-08-13,0.9959208,simulation
1968-08-14,0.99602854,simulation
1968-08-15,0.9948905,simulation
1968-08-16,0.9937622,simulation
1968-08-17,0.9916278,simulation
1968-08-18,0.9923327,simulation
1968-08-19,0.9952673,simulation
1968-08-20,0.99516934,simulation
1968-08-21,0.9911718,simulation
1968-08-22,0.9904425,simulation
1968-08-23,0.99023265,simulation
1968-08-24,0.99153274,simulation
1968-08-25,0.99189746,simulation
1968-08-26,0.9892057,simulation
1968-08-27,0.9884546,simulation
1968-08-28,0.9903405,simulation
1968-08-29,0.9946048,simulation
1968-08-30,0.9958692,simulation
1968-08-31,0.994886,simulation
1968-09-01,0.9903201,simulation
1968-09-02,0.9979934,simulation
1968-09-03,0.99873704,simulation
1968-09-04,0.9966187,simulation
1968-09-05,0.9960462,simulation
1968-09-06,0.99353504,simulation
1968-09-07,0.991766,simulation
1968-09-08,0.98986566,simulation
1968-09-09,0.9968413,simulation
1968-09-10,0.9909189,simulation
1968-09-11,0.9948691,simulation
1968-09-12,0.9902016,simulation
1968-09-13,0.99042,simulation
1968-09-14,0.9957956,simulation
1968-09-15,0.9986602,simulation
1968-09-16,0.99764454,simulation
1968-09-17,0.9981406,simulation
1968-09-18,0.99209386,simulation
1968-09-19,0.9915362,simulation
1968-09-20,0.9919224,simulation
1968-09-21,0.99128443,simulation
1968-09-22,0.9913063,simulation
1968-09-23,0.9904691,simulation
1968-09-24,0.99262667,simulation
1968-09-25,0.9972918,simulation
1968-09-26,0.99866045,simulation
1968-09-27,0.99073184,simulation
1968-09-28,0.9915447,simulation
1968-09-29,0.9934711,simulation
1968-09-30,0.99161184,simulation
1968-10-01,0.9922387,simulation
1968-10-02,0.9916304,simulation
1968-10-03,0.99717486,simulation
1968-10-04,0.9904088,simulation
1968-10-05,0.9964879,simulation
1968-10-06,0.9988879,simulation
1968-10-07,0.9991505,simulation
1968-10-08,0.99819845,simulation
1968-10-09,0.99640006,simulation
1968-10-10,0.99914694,simulation
1968-10-11,0.9989178,simulation
1968-10-12,0.9949863,simulation
1968-10-13,0.99726605,simulation
1968-10-14,0.99409246,simulation
1968-10-15,0.9920081,simulation
1968-10-16,0.99482614,simulation
1968-10-17,0.99761176,simulation
1968-10-18,0.99280775,simulation
1968-10-19,0.99256223,simulation
1968-10-20,0.9980672,simulation
1968-10-21,0.99488145,simulation
1968-10-22,0.9984326,simulation
1968-10-23,0.99319196,simulation
1968-10-24,0.99411154,simulation
1968-10-25,0.99402225,simulation
1968-10-26,0.9941715,simulation
1968-10-27,0.99314964,simulation
1968-10-28,0.9935865,simulation
1968-10-29,0.9945802,simulation
1968-10-30,0.9940965,simulation
1968-10-31,0.99418634,simulation
1968-11-01,0.99348897,simulation
1968-11-02,0.9936351,simulation
1968-11-03,0.9992048,simulation
1968-11-04,0.9992604,simulation
1968-11-05,0.9992138,simulation
1968-11-06,0.9994421,simulation
1968-11-07,0.9992062,simulation
1968-11-08,0.99790573,simulation
1968-11-09,0.9992178,simulation
1968-11-10,0.9985053,simulation
1968-11-11,0.99925566,simulation
1968-11-12,0.998958,simulation
1968-11-13,0.9976127,simulation
1968-11-14,0.9977204,simulation
1968-11-15,0.998595,simulation
1968-11-16,0.9956089,simulation
1968-11-17,0.99891585,simulation
1968-11-18,0.9956121,simulation
1968-11-19,0.9970364,simulation
1968-11-20,0.9976464,simulation
1968-11-21,0.9968715,simulation
1968-11-22,0.9979662,simulation
1968-11-23,0.99893075,simulation
1968-11-24,0.99913496,simulation
1968-11-25,0.9971864,simulation
1968-11-26,0.99862725,simulation
1968-11-27,0.9983854,simulation
1968-11-28,0.99499315,simulation
1968-11-29,0.99893755,simulation
1968-11-30,0.9990755,simulation
1968-12-01,0.99926883,simulation
1968-12-02,0.9987276,simulation
1968-12-03,0.99887544,simulation
1968-12-04,0.996544,simulation
1968-12-05,0.9968766,simulation
1968-12-06,0.9988876,simulation
1968-12-07,0.99575335,simulation
1968-12-08,0.9973999,simulation
1968-12-09,0.9984889,simulation
1968-12-10,0.99796236,simulation
1968-12-11,0.99840593,simulation
1968-12-12,0.9980316,simulation
1968-12-13,0.9984046,simulation
1968-12-14,0.99583244,simulation
1968-12-15,0.9972812,simulation
1968-12-16,0.9978477,simulation
1968-12-17,0.99736816,simulation
1968-12-18,0.9979508,simulation
1968-12-19,0.9977179,simulation
1968-12-20,0.99761593,simulation
1968-12-21,0.99814075,simulation
1968-12-22,0.9835647,simulation
1968-12-23,0.98179394,simulation
1968-12-24,0.98756874,simulation
1968-12-25,0.9899938,simulation
1968-12-26,0.99205405,simulation
1968-12-27,0.993602,simulation
1968-12-28,0.99052936,simulation
1968-12-29,0.99293923,simulation
1968-12-30,0.9946159,simulation
1968-12-31,0.9906031,simulation
1969-01-01,0.99119663,simulation
1969-01-02,0.99351805,simulation
1969-01-03,0.99428385,simulation
1969-01-04,0.9940807,simulation
1969-01-05,0.9949302,simulation
1969-01-06,0.9954056,simulation
1969-01-07,0.9959381,simulation
1969-01-08,0.99570954,simulation
1969-01-09,0.9960694,simulation
1969-01-10,0.99622434,simulation
1969-01-11,0.99619913,simulation
1969-01-12,0.9971151,simulation
1969-01-13,0.99662316,simulation
1969-01-14,0.99668723,simulation
1969-01-15,0.9965246,simulation
1969-01-16,0.9976644,simulation
1969-01-17,0.9979043,simulation
1969-01-18,0.99776703,simulation
1969-01-19,0.997507,simulation
1969-01-20,0.99766976,simulation
1969-01-21,0.9975025,simulation
1969-01-22,0.9975323,simulation
1969-01-23,0.9965275,simulation
1969-01-24,0.997174,simulation
1969-01-25,0.9966599,simulation
1969-01-26,0.9970881,simulation
1969-01-27,0.99663883,simulation
1969-01-28,0.9977208,simulation
1969-01-29,0.99754214,simulation
1969-01-30,0.9975157,simulation
1969-01-31,0.997911,simulation
1969-02-01,0.99721473,simulation
1969-02-02,0.99732244,simulation
1969-02-03,0.99446815,simulation
1969-02-04,0.99573433,simulation
1969-02-05,0.99691707,simulation
1969-02-06,0.9960975,simulation
1969-02-07,0.99637336,simulation
1969-02-08,0.9944813,simulation
1969-02-09,0.99627274,simulation
1969-02-10,0.9971105,simulation
1969-02-11,0.99603766,simulation
1969-02-12,0.99459726,simulation
1969-02-13,0.9946602,simulation
1969-02-14,0.9974071,simulation
1969-02-15,0.996296,simulation
1969-02-16,0.9960912,simulation
1969-02-17,0.99611634,simulation
1969-02-18,0.9937873,simulation
1969-02-19,0.99565107,simulation
1969-02-20,0.9965184,simulation
1969-02-21,0.99656695,simulation
1969-02-22,0.99671,simulation
1969-02-23,0.99491704,simulation
1969-02-24,0.993512,simulation
1969-02-25,0.99376243,simulation
1969-02-26,0.9945033,simulation
1969-02-27,0.9948943,simulation
1969-02-28,0.99479496,simulation
1969-03-01,0.9974428,simulation
1969-03-02,0.99462956,simulation
1969-03-03,0.99816066,simulation
1969-03-04,0.9944134,simulation
1969-03-05,0.9973978,simulation
1969-03-06,0.99824065,simulation
1969-03-07,0.9937978,simulation
1969-03-08,0.99544483,simulation
1969-03-09,0.99414104,simulation
1969-03-10,0.99400014,simulation
1969-03-11,0.9951601,simulation
1969-03-12,0.99690866,simulation
1969-03-13,0.99425507,simulation
1969-03-14,0.99708915,simulation
1969-03-15,0.99700856,simulation
1969-03-16,0.997332,simulation
1969-03-17,0.99714345,simulation
1969-03-18,0.9948458,simulation
1969-03-19,0.9884041,simulation
1969-03-20,0.9911375,simulation
1969-03-21,0.9908638,simulation
1969-03-22,0.9938658,simulation
1969-03-23,0.99587274,simulation
1969-03-24,0.98213434,simulation
1969-03-25,0.98992157,simulation
1969-03-26,0.98815507,simulation
1969-03-27,0.9915431,simulation
1969-03-28,0.98988444,simulation
1969-03-29,0.99216986,simulation
1969-03-30,0.9966955,simulation
1969-03-31,0.9946303,simulation
1969-04-01,0.9914361,simulation
1969-04-02,0.99534065,simulation
1969-04-03,0.99494445,simulation
1969-04-04,0.99554515,simulation
1969-04-05,0.99767697,simulation
1969-04-06,0.99574304,simulation
1969-04-07,0.9927236,simulation
1969-04-08,0.9955167,simulation
1969-04-09,0.99496144,simulation
1969-04-10,0.99567765,simulation
1969-04-11,0.98666084,simulation
1969-04-12,0.9922373,simulation
1969-04-13,0.99423397,simulation
1969-04-14,0.967097,simulation
1969-04-15,0.974796,simulation
1969-04-16,0.9832885,simulation
1969-04-17,0.98856694,simulation
1969-04-18,0.9706445,simulation
1969-04-19,0.98009825,simulation
1969-04-20,0.98435724,simulation
1969-04-21,0.98400897,simulation
1969-04-22,0.9856619,simulation
1969-04-23,0.98800886,simulation
1969-04-24,0.9891052,simulation
1969-04-25,0.98968613,simulation
1969-04-26,0.9889227,simulation
1969-04-27,0.9922134,simulation
1969-04-28,0.9955472,simulation
1969-04-29,0.9911503,simulation
1969-04-30,0.9903387,simulation
1969-05-01,0.99515486,simulation
1969-05-02,0.9921268,simulation
1969-05-03,0.99443287,simulation
1969-05-04,0.9972105,simulation
1969-05-05,0.99263185,simulation
1969-05-06,0.997496,simulation
1969-05-07,0.99809265,simulation
1969-05-08,0.9984194,simulation
1969-05-09,0.9875126,simulation
1969-05-10,0.9884355,simulation
1969-05-11,0.99091303,simulation
1969-05-12,0.9895715,simulation
1969-05-13,0.9937475,simulation
1969-05-14,0.9971911,simulation
1969-05-15,0.9953502,simulation
1969-05-16,0.99659497,simulation
1969-05-17,0.99772877,simulation
1969-05-18,0.9940518,simulation
1969-05-19,0.9937113,simulation
1969-05-20,0.9900766,simulation
1969-05-21,0.9887104,simulation
1969-05-22,0.98937666,simulation
1969-05-23,0.9897333,simulation
1969-05-24,0.99479175,simulation
1969-05-25,0.99588394,simulation
1969-05-26,0.9916561,simulation
1969-05-27,0.9923433,simulation
1969-05-28,0.9916512,simulation
1969-05-29,0.99084777,simulation
1969-05-30,0.9917806,simulation
1969-05-31,0.989777,simulation
1969-06-01,0.9899221,simulation
1969-06-02,0.99774885,simulation
1969-06-03,0.9929267,simulation
1969-06-04,0.9972765,simulation
1969-06-05,0.99358964,simulation
1969-06-06,0.98849964,simulation
1969-06-07,0.9893507,simulation
1969-06-08,0.9923317,simulation
1969-06-09,0.99040633,simulation
1969-06-10,0.9894517,simulation
1969-06-11,0.98953044,simulation
1969-06-12,0.9905831,simulation
1969-06-13,0.9902155,simulation
1969-06-14,0.9900039,simulation
1969-06-15,0.99148285,simulation
1969-06-16,0.99216837,simulation
1969-06-17,0.987643,simulation
1969-06-18,0.98940825,simulation
1969-06-19,0.99442667,simulation
1969-06-20,0.99317205,simulation
1969-06-21,0.9918155,simulation
1969-06-22,0.98904055,simulation
1969-06-23,0.99088717,simulation
1969-06-24,0.99399817,simulation
1969-06-25,0.9893222,simulation
1969-06-26,0.9906464,simulation
1969-06-27,0.9888344,simulation
1969-06-28,0.9868476,simulation
1969-06-29,0.98504424,simulation
1969-06-30,0.9862777,simulation
1969-07-01,0.9907893,simulation
1969-07-02,0.98717076,simulation
1969-07-03,0.9850854,simulation
1969-07-04,0.9840206,simulation
1969-07-05,0.988454,simulation
1969-07-06,0.9921481,simulation
1969-07-07,0.99015117,simulation
1969-07-08,0.98859066,simulation
1969-07-09,0.9899216,simulation
1969-07-10,0.99174887,simulation
1969-07-11,0.99055487,simulation
1969-07-12,0.99292743,simulation
1969-07-13,0.9895653,simulation
1969-07-14,0.9893802,simulation
1969-07-15,0.98905134,simulation
1969-07-16,0.9926336,simulation
1969-07-17,0.99747866,simulation
1969-07-18,0.99880904,simulation
1969-07-19,0.9964169,simulation
1969-07-20,0.9902645,simulation
1969-07-21,0.9899976,simulation
1969-07-22,0.9922309,simulation
1969-07-23,0.9943604,simulation
1969-07-24,0.99309444,simulation
1969-07-25,0.9966342,simulation
1969-07-26,0.9987041,simulation
1969-07-27,0.9971896,simulation
1969-07-28,0.99443465,simulation
1969-07-29,0.99215424,simulation
1969-07-30,0.9917187,simulation
1969-07-31,0.99337995,simulation
1969-08-01,0.99355644,simulation
1969-08-02,0.99069476,simulation
1969-08-03,0.99072284,simulation
1969-08-04,0.9891459,simulation
1969-08-05,0.9917129,simulation
1969-08-06,0.9890317,simulation
1969-08-07,0.9898362,simulation
1969-08-08,0.98884493,simulation
1969-08-09,0.9904802,simulation
1969-08-10,0.9925649,simulation
1969-08-11,0.9867747,simulation
1969-08-12,0.9884311,simulation
1969-08-13,0.9884119,simulation
1969-08-14,0.9943317,simulation
1969-08-15,0.99038583,simulation
1969-08-16,0.99046063,simulation
1969-08-17,0.9938118,simulation
1969-08-18,0.9987145,simulation
1969-08-19,0.99404436,simulation
1969-08-20,0.9918357,simulation
1969-08-21,0.99236417,simulation
1969-08-22,0.99383485,simulation
1969-08-23,0.9988839,simulation
1969-08-24,0.99701196,simulation
1969-08-25,0.9945441,simulation
1969-08-26,0.99575895,simulation
1969-08-27,0.99544215,simulation
1969-08-28,0.9888816,simulation
1969-08-29,0.98938954,simulation
1969-08-30,0.99008065,simulation
1969-08-31,0.9983504,simulation
1969-09-01,0.9970182,simulation
1969-09-02,0.99182475,simulation
1969-09-03,0.9968511,simulation
1969-09-04,0.99530035,simulation
1969-09-05,0.9972049,simulation
1969-09-06,0.9920366,simulation
1969-09-07,0.99224955,simulation
1969-09-08,0.99589515,simulation
1969-09-09,0.99338055,simulation
1969-09-10,0.9948941,simulation
1969-09-11,0.99771833,simulation
1969-09-12,0.99029726,simulation
1969-09-13,0.9903279,simulation
1969-09-14,0.99406976,simulation
1969-09-15,0.9908968,simulation
1969-09-16,0.99191207,simulation
1969-09-17,0.9943503,simulation
1969-09-18,0.9922032,simulation
1969-09-19,0.9971124,simulation
1969-09-20,0.9989157,simulation
1969-09-21,0.99879056,simulation
1969-09-22,0.99889576,simulation
1969-09-23,0.998605,simulation
1969-09-24,0.9954687,simulation
1969-09-25,0.99218965,simulation
1969-09-26,0.9906354,simulation
1969-09-27,0.99082774,simulation
1969-09-28,0.99057364,simulation
1969-09-29,0.9900955,simulation
1969-09-30,0.9961001,simulation
1969-10-01,0.9990618,simulation
1969-10-02,0.994014,simulation
1969-10-03,0.9939598,simulation
1969-10-04,0.9929649,simulation
1969-10-05,0.99361944,simulation
1969-10-06,0.99895924,simulation
1969-10-07,0.9989845,simulation
1969-10-08,0.99667865,simulation
1969-10-09,0.99249876,simulation
1969-10-10,0.99750197,simulation
1969-10-11,0.9945602,simulation
1969-10-12,0.99390274,simulation
1969-10-13,0.9985885,simulation
1969-10-14,0.999052,simulation
1969-10-15,0.99903905,simulation
1969-10-16,0.99387115,simulation
1969-10-17,0.99287724,simulation
1969-10-18,0.9924674,simulation
1969-10-19,0.9927992,simulation
1969-10-20,0.9991368,simulation
1969-10-21,0.99904424,simulation
1969-10-22,0.9922951,simulation
1969-10-23,0.9919053,simulation
1969-10-24,0.99873525,simulation
1969-10-25,0.9953133,simulation
1969-10-26,0.9948136,simulation
1969-10-27,0.99505365,simulation
1969-10-28,0.9945029,simulation
1969-10-29,0.99697286,simulation
1969-10-30,0.99494666,simulation
1969-10-31,0.9992075,simulation
1969-11-01,0.99930865,simulation
1969-11-02,0.9947043,simulation
1969-11-03,0.9987979,simulation
1969-11-04,0.9988691,simulation
1969-11-05,0.99608105,simulation
1969-11-06,0.99722517,simulation
1969-11-07,0.99817437,simulation
1969-11-08,0.9972988,simulation
1969-11-09,0.9952707,simulation
1969-11-10,0.9946307,simulation
1969-11-11,0.9953333,simulation
1969-11-12,0.996116,simulation
1969-11-13,0.9989607,simulation
1969-11-14,0.9968499,simulation
1969-11-15,0.99735504,simulation
1969-11-16,0.9969393,simulation
1969-11-17,0.99556327,simulation
1969-11-18,0.99893683,simulation
1969-11-19,0.9958551,simulation
1969-11-20,0.99697685,simulation
1969-11-21,0.9965608,simulation
1969-11-22,0.9968388,simulation
1969-11-23,0.9988589,simulation
1969-11-24,0.9982518,simulation
1969-11-25,0.99896246,simulation
1969-11-26,0.99925715,simulation
1969-11-27,0.99955046,simulation
1969-11-28,0.9985708,simulation
1969-11-29,0.9987817,simulation
1969-11-30,0.9977258,simulation
1969-12-01,0.99690604,simulation
1969-12-02,0.9975431,simulation
1969-12-03,0.99678195,simulation
1969-12-04,0.99728435,simulation
1969-12-05,0.9989816,simulation
1969-12-06,0.999531,simulation
1969-12-07,0.9992095,simulation
1969-12-08,0.9994602,simulation
1969-12-09,0.9991593,simulation
1969-12-10,0.99891156,simulation
1969-12-11,0.9987594,simulation
1969-12-12,0.9981995,simulation
1969-12-13,0.99794257,simulation
1969-12-14,0.9973699,simulation
1969-12-15,0.99798393,simulation
1969-12-16,0.99813855,simulation
1969-12-17,0.9985147,simulation
1969-12-18,0.998955,simulation
1969-12-19,0.999292,simulation
1969-12-20,0.99901104,simulation
1969-12-21,0.9993765,simulation
1969-12-22,0.9986606,simulation
1969-12-23,0.9974654,simulation
1969-12-24,0.9981234,simulation
1969-12-25,0.99893016,simulation
1969-12-26,0.9978986,simulation
1969-12-27,0.99757516,simulation
1969-12-28,0.9981101,simulation
1969-12-29,0.9986754,simulation
1969-12-30,0.9993388,simulation
1969-12-31,0.99774957,simulation
1970-01-01,0.9967804,simulation
1970-01-02,0.9969825,simulation
1970-01-03,0.9973189,simulation
1970-01-04,0.9973585,simulation
1970-01-05,0.9977873,simulation
1970-01-06,0.99729514,simulation
1970-01-07,0.99378294,simulation
1970-01-08,0.9944377,simulation
1970-01-09,0.99512327,simulation
1970-01-10,0.995731,simulation
1970-01-11,0.99678516,simulation
1970-01-12,0.99478716,simulation
1970-01-13,0.9941666,simulation
1970-01-14,0.99516714,simulation
1970-01-15,0.9956335,simulation
1970-01-16,0.9962422,simulation
1970-01-17,0.9967615,simulation
1970-01-18,0.9970477,simulation
1970-01-19,0.9972987,simulation
1970-01-20,0.9972048,simulation
1970-01-21,0.99636483,simulation
1970-01-22,0.99656165,simulation
1970-01-23,0.99686784,simulation
1970-01-24,0.99559903,simulation
1970-01-25,0.9972406,simulation
1970-01-26,0.99643475,simulation
1970-01-27,0.9955933,simulation
1970-01-28,0.99717987,simulation
1970-01-29,0.99723196,simulation
1970-01-30,0.9948798,simulation
1970-01-31,0.9965373,simulation
1970-02-01,0.9976553,simulation
1970-02-02,0.99374306,simulation
1970-02-03,0.9939091,simulation
1970-02-04,0.99501634,simulation
1970-02-05,0.99621075,simulation
1970-02-06,0.9962895,simulation
1970-02-07,0.99576294,simulation
1970-02-08,0.9969963,simulation
1970-02-09,0.99504375,simulation
1970-02-10,0.9950696,simulation
1970-02-11,0.9957181,simulation
1970-02-12,0.9951358,simulation
1970-02-13,0.9977109,simulation
1970-02-14,0.9977222,simulation
1970-02-15,0.99794346,simulation
1970-02-16,0.99797136,simulation
1970-02-17,0.99558806,simulation
1970-02-18,0.99413913,simulation
1970-02-19,0.994693,simulation
1970-02-20,0.99445266,simulation
1970-02-21,0.99536866,simulation
1970-02-22,0.99653,simulation
1970-02-23,0.9983771,simulation
1970-02-24,0.9988228,simulation
1970-02-25,0.99802023,simulation
1970-02-26,0.9943395,simulation
1970-02-27,0.9947169,simulation
1970-02-28,0.99686223,simulation
1970-03-01,0.9952441,simulation
1970-03-02,0.99671704,simulation
1970-03-03,0.99784076,simulation
1970-03-04,0.9941507,simulation
1970-03-05,0.99467343,simulation
1970-03-06,0.9945375,simulation
1970-03-07,0.9956818,simulation
1970-03-08,0.9952914,simulation
1970-03-09,0.99156225,simulation
1970-03-10,0.993396,simulation
1970-03-11,0.99722034,simulation
1970-03-12,0.9964024,simulation
1970-03-13,0.9956726,simulation
1970-03-14,0.9936279,simulation
1970-03-15,0.9931247,simulation
1970-03-16,0.99505496,simulation
1970-03-17,0.9964516,simulation
1970-03-18,0.99457264,simulation
1970-03-19,0.9974838,simulation
1970-03-20,0.9942424,simulation
1970-03-21,0.99497837,simulation
1970-03-22,0.9934015,simulation
1970-03-23,0.9908468,simulation
1970-03-24,0.98912716,simulation
1970-03-25,0.99232906,simulation
1970-03-26,0.99427176,simulation
1970-03-27,0.99272794,simulation
1970-03-28,0.99631155,simulation
1970-03-29,0.99643683,simulation
1970-03-30,0.9965625,simulation
1970-03-31,0.99508846,simulation
1970-04-01,0.9940508,simulation
1970-04-02,0.99089634,simulation
1970-04-03,0.99174315,simulation
1970-04-04,0.9950122,simulation
1970-04-05,0.9965787,simulation
1970-04-06,0.991497,simulation
1970-04-07,0.9925128,simulation
1970-04-08,0.99321985,simulation
1970-04-09,0.99787825,simulation
1970-04-10,0.99845207,simulation
1970-04-11,0.9982013,simulation
1970-04-12,0.9945148,simulation
1970-04-13,0.9938426,simulation
1970-04-14,0.99038327,simulation
1970-04-15,0.9936429,simulation
1970-04-16,0.9972316,simulation
1970-04-17,0.9962657,simulation
1970-04-18,0.9960654,simulation
1970-04-19,0.99674207,simulation
1970-04-20,0.99162805,simulation
1970-04-21,0.98955745,simulation
1970-04-22,0.9941629,simulation
1970-04-23,0.99422944,simulation
1970-04-24,0.9975059,simulation
1970-04-25,0.99731624,simulation
1970-04-26,0.99770933,simulation
1970-04-27,0.99662524,simulation
1970-04-28,0.9958507,simulation
1970-04-29,0.99580634,simulation
1970-04-30,0.99259436,simulation
1970-05-01,0.9969873,simulation
1970-05-02,0.9969877,simulation
1970-05-03,0.99041826,simulation
1970-05-04,0.9846581,simulation
1970-05-05,0.9866018,simulation
1970-05-06,0.9892526,simulation
1970-05-07,0.9899387,simulation
1970-05-08,0.98775345,simulation
1970-05-09,0.99413645,simulation
1970-05-10,0.99376404,simulation
1970-05-11,0.993354,simulation
1970-05-12,0.99245936,simulation
1970-05-13,0.9930815,simulation
1970-05-14,0.9912432,simulation
1970-05-15,0.9926291,simulation
1970-05-16,0.9979023,simulation
1970-05-17,0.9923961,simulation
1970-05-18,0.9918349,simulation
1970-05-19,0.9950838,simulation
1970-05-20,0.996132,simulation
1970-05-21,0.9928477,simulation
1970-05-22,0.9925144,simulation
1970-05-23,0.9936812,simulation
1970-05-24,0.9912391,simulation
1970-05-25,0.99325013,simulation
1970-05-26,0.9914227,simulation
1970-05-27,0.9921681,simulation
1970-05-28,0.9938982,simulation
1970-05-29,0.99550444,simulation
1970-05-30,0.9986548,simulation
1970-05-31,0.99565476,simulation
1970-06-01,0.998535,simulation
1970-06-02,0.99841356,simulation
1970-06-03,0.99264026,simulation
1970-06-04,0.9933924,simulation
1970-06-05,0.9921763,simulation
1970-06-06,0.9932829,simulation
1970-06-07,0.990933,simulation
1970-06-08,0.9903771,simulation
1970-06-09,0.9926047,simulation
1970-06-10,0.9971722,simulation
1970-06-11,0.9925255,simulation
1970-06-12,0.99461275,simulation
1970-06-13,0.9944726,simulation
1970-06-14,0.9953831,simulation
1970-06-15,0.99589115,simulation
1970-06-16,0.9917321,simulation
1970-06-17,0.98923516,simulation
1970-06-18,0.98889,simulation
1970-06-19,0.9891231,simulation
1970-06-20,0.9914427,simulation
1970-06-21,0.99282974,simulation
1970-06-22,0.9930351,simulation
1970-06-23,0.99442357,simulation
1970-06-24,0.9988848,simulation
1970-06-25,0.99706703,simulation
1970-06-26,0.9922022,simulation
1970-06-27,0.9961046,simulation
1970-06-28,0.98985016,simulation
1970-06-29,0.9898137,simulation
1970-06-30,0.98920363,simulation
1970-07-01,0.9921916,simulation
1970-07-02,0.9892888,simulation
1970-07-03,0.99048764,simulation
1970-07-04,0.9937556,simulation
1970-07-05,0.9911962,simulation
1970-07-06,0.9903551,simulation
1970-07-07,0.98827577,simulation
1970-07-08,0.998418,simulation
1970-07-09,0.99473685,simulation
1970-07-10,0.9924735,simulation
1970-07-11,0.9944001,simulation
1970-07-12,0.9930774,simulation
1970-07-13,0.9929453,simulation
1970-07-14,0.9903634,simulation
1970-07-15,0.9951777,simulation
1970-07-16,0.99596304,simulation
1970-07-17,0.99546,simulation
1970-07-18,0.9915266,simulation
1970-07-19,0.99407846,simulation
1970-07-20,0.995986,simulation
1970-07-21,0.9990563,simulation
1970-07-22,0.99889845,simulation
1970-07-23,0.99554586,simulation
1970-07-24,0.99516875,simulation
1970-07-25,0.99861056,simulation
1970-07-26,0.99360764,simulation
1970-07-27,0.9919841,simulation
1970-07-28,0.99359846,simulation
1970-07-29,0.9915627,simulation
1970-07-30,0.9903062,simulation
1970-07-31,0.99042094,simulation
1970-08-01,0.99093974,simulation
1970-08-02,0.99116075,simulation
1970-08-03,0.99222517,simulation
1970-08-04,0.99468327,simulation
1970-08-05,0.99357134,simulation
1970-08-06,0.99442136,simulation
1970-08-07,0.9959741,simulation
1970-08-08,0.9974951,simulation
1970-08-09,0.9960924,simulation
1970-08-10,0.99871534,simulation
1970-08-11,0.99468297,simulation
1970-08-12,0.9955811,simulation
1970-08-13,0.99241483,simulation
1970-08-14,0.9917327,simulation
1970-08-15,0.9922433,simulation
1970-08-16,0.99434793,simulation
1970-08-17,0.9948826,simulation
1970-08-18,0.99522454,simulation
1970-08-19,0.9954974,simulation
1970-08-20,0.99430466,simulation
1970-08-21,0.9953815,simulation
1970-08-22,0.9952032,simulation
1970-08-23,0.9974524,simulation
1970-08-24,0.9943193,simulation
1970-08-25,0.9916827,simulation
1970-08-26,0.99422824,simulation
1970-08-27,0.99651206,simulation
1970-08-28,0.99572086,simulation
1970-08-29,0.99587584,simulation
1970-08-30,0.99307257,simulation
1970-08-31,0.9945506,simulation
1970-09-01,0.9955047,simulation
1970-09-02,0.9951151,simulation
1970-09-03,0.99739814,simulation
1970-09-04,0.9947534,simulation
1970-09-05,0.9939816,simulation
1970-09-06,0.9923017,simulation
1970-09-07,0.9935059,simulation
1970-09-08,0.99549073,simulation
1970-09-09,0.9917461,simulation
1970-09-10,0.99219686,simulation
1970-09-11,0.99387735,simulation
1970-09-12,0.99312156,simulation
1970-09-13,0.99197024,simulation
1970-09-14,0.9909472,simulation
1970-09-15,0.9925384,simulation
1970-09-16,0.9944432,simulation
1970-09-17,0.9946198,simulation
1970-09-18,0.99409103,simulation
1970-09-19,0.99194753,simulation
1970-09-20,0.99287915,simulation
1970-09-21,0.99294186,simulation
1970-09-22,0.992991,simulation
1970-09-23,0.99753004,simulation
1970-09-24,0.9980173,simulation
1970-09-25,0.9978083,simulation
1970-09-26,0.9935287,simulation
1970-09-27,0.9986975,simulation
1970-09-28,0.9927067,simulation
1970-09-29,0.9921557,simulation
1970-09-30,0.99268997,simulation
1970-10-01,0.9928362,simulation
1970-10-02,0.995501,simulation
1970-10-03,0.9945686,simulation
1970-10-04,0.9919001,simulation
1970-10-05,0.99628925,simulation
1970-10-06,0.9986177,simulation
1970-10-07,0.9989184,simulation
1970-10-08,0.9965111,simulation
1970-10-09,0.995044,simulation
1970-10-10,0.993992,simulation
1970-10-11,0.9976839,simulation
1970-10-12,0.99889606,simulation
1970-10-13,0.9977631,simulation
1970-10-14,0.993209,simulation
1970-10-15,0.9960286,simulation
1970-10-16,0.9915875,simulation
1970-10-17,0.99468374,simulation
1970-10-18,0.9971859,simulation
1970-10-19,0.99531937,simulation
1970-10-20,0.9843033,simulation
1970-10-21,0.98776245,simulation
1970-10-22,0.98719573,simulation
1970-10-23,0.99264383,simulation
1970-10-24,0.99148756,simulation
1970-10-25,0.99158096,simulation
1970-10-26,0.9912713,simulation
1970-10-27,0.9946708,simulation
1970-10-28,0.99660534,simulation
1970-10-29,0.99471605,simulation
1970-10-30,0.9931979,simulation
1970-10-31,0.9935082,simulation
1970-11-01,0.99616843,simulation
1970-11-02,0.9971121,simulation
1970-11-03,0.99620235,simulation
1970-11-04,0.99703133,simulation
1970-11-05,0.99494475,simulation
1970-11-06,0.9947883,simulation
1970-11-07,0.9953569,simulation
1970-11-08,0.99578935,simulation
1970-11-09,0.99780893,simulation
1970-11-10,0.9960272,simulation
1970-11-11,0.9980816,simulation
1970-11-12,0.9984795,simulation
1970-11-13,0.99742144,simulation
1970-11-14,0.9971486,simulation
1970-11-15,0.9966327,simulation
1970-11-16,0.9950475,simulation
1970-11-17,0.9963097,simulation
1970-11-18,0.99474627,simulation
1970-11-19,0.99720126,simulation
1970-11-20,0.9946371,simulation
1970-11-21,0.9952425,simulation
1970-11-22,0.99742323,simulation
1970-11-23,0.9948461,simulation
1970-11-24,0.99681485,simulation
1970-11-25,0.996843,simulation
1970-11-26,0.9967841,simulation
1970-11-27,0.99784553,simulation
1970-11-28,0.99835265,simulation
1970-11-29,0.99738455,simulation
1970-11-30,0.99657744,simulation
1970-12-01,0.9978173,simulation
1970-12-02,0.9981999,simulation
1970-12-03,0.99849576,simulation
1970-12-04,0.9951626,simulation
1970-12-05,0.9980955,simulation
1970-12-06,0.9950477,simulation
1970-12-07,0.99670935,simulation
1970-12-08,0.9970681,simulation
1970-12-09,0.9979809,simulation
1970-12-10,0.99825805,simulation
1970-12-11,0.9988133,simulation
1970-12-12,0.99806976,simulation
1970-12-13,0.9980388,simulation
1970-12-14,0.9975847,simulation
1970-12-15,0.9982345,simulation
1970-12-16,0.995837,simulation
1970-12-17,0.99542147,simulation
1970-12-18,0.99639636,simulation
1970-12-19,0.99691075,simulation
1970-12-20,0.99698305,simulation
1970-12-21,0.9955983,simulation
1970-12-22,0.9970863,simulation
1970-12-23,0.99724734,simulation
1970-12-24,0.9950114,simulation
1970-12-25,0.9963472,simulation
1970-12-26,0.99644095,simulation
1970-12-27,0.9963833,simulation
1970-12-28,0.99737775,simulation
1970-12-29,0.99788004,simulation
1970-12-30,0.99588126,simulation
1970-12-31,0.9929543,simulation
1971-01-01,0.99303055,simulation
1971-01-02,0.99362135,simulation
1971-01-03,0.9943781,simulation
1971-01-04,0.99532795,simulation
1971-01-05,0.9911926,simulation
1971-01-06,0.9923322,simulation
1971-01-07,0.993898,simulation
1971-01-08,0.9952408,simulation
1971-01-09,0.9952234,simulation
1971-01-10,0.99539816,simulation
1971-01-11,0.99337274,simulation
1971-01-12,0.994479,simulation
1971-01-13,0.99534696,simulation
1971-01-14,0.99543613,simulation
1971-01-15,0.99396276,simulation
1971-01-16,0.9942897,simulation
1971-01-17,0.9947257,simulation
1971-01-18,0.9960386,simulation
1971-01-19,0.99455047,simulation
1971-01-20,0.9957459,simulation
1971-01-21,0.9956629,simulation
1971-01-22,0.9967596,simulation
1971-01-23,0.9972017,simulation
1971-01-24,0.9962172,simulation
1971-01-25,0.9944057,simulation
1971-01-26,0.99186385,simulation
1971-01-27,0.99372107,simulation
1971-01-28,0.9947107,simulation
1971-01-29,0.99601555,simulation
1971-01-30,0.99633986,simulation
1971-01-31,0.99670714,simulation
1971-02-01,0.9948263,simulation
1971-02-02,0.9966841,simulation
1971-02-03,0.99707466,simulation
1971-02-04,0.9978569,simulation
1971-02-05,0.99277055,simulation
1971-02-06,0.99333745,simulation
1971-02-07,0.99563044,simulation
1971-02-08,0.9946054,simulation
1971-02-09,0.9947229,simulation
1971-02-10,0.9943218,simulation
1971-02-11,0.9941253,simulation
1971-02-12,0.9964787,simulation
1971-02-13,0.99280375,simulation
1971-02-14,0.9924794,simulation
1971-02-15,0.9938446,simulation
1971-02-16,0.9930642,simulation
1971-02-17,0.99372786,simulation
1971-02-18,0.9944831,simulation
1971-02-19,0.99649465,simulation
1971-02-20,0.9937867,simulation
1971-02-21,0.9891758,simulation
1971-02-22,0.97857815,simulation
1971-02-23,0.9842375,simulation
1971-02-24,0.98928803,simulation
1971-02-25,0.98974925,simulation
1971-02-26,0.9938742,simulation
1971-02-27,0.9830915,simulation
1971-02-28,0.9905447,simulation
1971-03-01,0.9923471,simulation
1971-03-02,0.98417646,simulation
1971-03-03,0.97530025,simulation
1971-03-04,0.98021466,simulation
1971-03-05,0.98533386,simulation
1971-03-06,0.9905405,simulation
1971-03-07,0.988072,simulation
1971-03-08,0.9898643,simulation
1971-03-09,0.99162877,simulation
1971-03-10,0.99226975,simulation
1971-03-11,0.99055326,simulation
1971-03-12,0.99427235,simulation
1971-03-13,0.9946424,simulation
1971-03-14,0.98909456,simulation
1971-03-15,0.9863342,simulation
1971-03-16,0.9892231,simulation
1971-03-17,0.9908682,simulation
1971-03-18,0.99356675,simulation
1971-03-19,0.98287004,simulation
1971-03-20,0.9869032,simulation
1971-03-21,0.99287695,simulation
1971-03-22,0.9927794,simulation
1971-03-23,0.9935117,simulation
1971-03-24,0.99112123,simulation
1971-03-25,0.99588484,simulation
1971-03-26,0.98862267,simulation
1971-03-27,0.9863425,simulation
1971-03-28,0.9928688,simulation
1971-03-29,0.9891609,simulation
1971-03-30,0.98794764,simulation
1971-03-31,0.99022686,simulation
1971-04-01,0.9951364,simulation
1971-04-02,0.9862712,simulation
1971-04-03,0.98828584,simulation
1971-04-04,0.98986906,simulation
1971-04-05,0.9938527,simulation
1971-04-06,0.99420995,simulation
1971-04-07,0.9910488,simulation
1971-04-08,0.9922506,simulation
1971-04-09,0.99082476,simulation
1971-04-10,0.9919031,simulation
1971-04-11,0.9908149,simulation
1971-04-12,0.9898016,simulation
1971-04-13,0.992273,simulation
1971-04-14,0.99272394,simulation
1971-04-15,0.99371636,simulation
1971-04-16,0.99283814,simulation
1971-04-17,0.9954045,simulation
1971-04-18,0.99752957,simulation
1971-04-19,0.9913994,simulation
1971-04-20,0.9978257,simulation
1971-04-21,0.9983892,simulation
1971-04-22,0.9983579,simulation
1971-04-23,0.9938645,simulation
1971-04-24,0.990374,simulation
1971-04-25,0.9937847,simulation
1971-04-26,0.9963062,simulation
1971-04-27,0.99753606,simulation
1971-04-28,0.9915201,simulation
1971-04-29,0.9981076,simulation
1971-04-30,0.9967697,simulation
1971-05-01,0.98999184,simulation
1971-05-02,0.9932077,simulation
1971-05-03,0.9932456,simulation
1971-05-04,0.99061763,simulation
1971-05-05,0.9963515,simulation
1971-05-06,0.99661875,simulation
1971-05-07,0.9958912,simulation
1971-05-08,0.9931712,simulation
1971-05-09,0.99750453,simulation
1971-05-10,0.9967281,simulation
1971-05-11,0.9966401,simulation
1971-05-12,0.9966063,simulation
1971-05-13,0.9808379,simulation
1971-05-14,0.9827977,simulation
1971-05-15,0.9857711,simulation
1971-05-16,0.98542565,simulation
1971-05-17,0.9863095,simulation
1971-05-18,0.9899595,simulation
1971-05-19,0.9936948,simulation
1971-05-20,0.99634933,simulation
1971-05-21,0.9876609,simulation
1971-05-22,0.99272025,simulation
1971-05-23,0.9921362,simulation
1971-05-24,0.9958035,simulation
1971-05-25,0.990517,simulation
1971-05-26,0.9903013,simulation
1971-05-27,0.99676293,simulation
1971-05-28,0.9958149,simulation
1971-05-29,0.99124885,simulation
1971-05-30,0.9923607,simulation
1971-05-31,0.9925933,simulation
1971-06-01,0.99348795,simulation
1971-06-02,0.99122655,simulation
1971-06-03,0.9915461,simulation
1971-06-04,0.9906328,simulation
1971-06-05,0.99052626,simulation
1971-06-06,0.9952141,simulation
1971-06-07,0.9955075,simulation
1971-06-08,0.9911429,simulation
1971-06-09,0.9933888,simulation
1971-06-10,0.9938926,simulation
1971-06-11,0.9915178,simulation
1971-06-12,0.99269843,simulation
1971-06-13,0.9923536,simulation
1971-06-14,0.9879575,simulation
1971-06-15,0.9895713,simulation
1971-06-16,0.9905603,simulation
1971-06-17,0.9933672,simulation
1971-06-18,0.9907626,simulation
1971-06-19,0.9938025,simulation
1971-06-20,0.99354625,simulation
1971-06-21,0.9947936,simulation
1971-06-22,0.9944179,simulation
1971-06-23,0.9905471,simulation
1971-06-24,0.9911995,simulation
1971-06-25,0.99310625,simulation
1971-06-26,0.99058604,simulation
1971-06-27,0.99666154,simulation
1971-06-28,0.99252874,simulation
1971-06-29,0.9926531,simulation
1971-06-30,0.99473464,simulation
1971-07-01,0.9942184,simulation
1971-07-02,0.99761295,simulation
1971-07-03,0.9946059,simulation
1971-07-04,0.9941733,simulation
1971-07-05,0.9932089,simulation
1971-07-06,0.9954849,simulation
1971-07-07,0.99479026,simulation
1971-07-08,0.9935943,simulation
1971-07-09,0.99153024,simulation
1971-07-10,0.9949274,simulation
1971-07-11,0.99110574,simulation
1971-07-12,0.99201995,simulation
1971-07-13,0.9922013,simulation
1971-07-14,0.9930151,simulation
1971-07-15,0.99008805,simulation
1971-07-16,0.990675,simulation
1971-07-17,0.9964918,simulation
1971-07-18,0.9918294,simulation
1971-07-19,0.9923366,simulation
1971-07-20,0.9981828,simulation
1971-07-21,0.9924384,simulation
1971-07-22,0.99025947,simulation
1971-07-23,0.9979796,simulation
1971-07-24,0.99815226,simulation
1971-07-25,0.9984625,simulation
1971-07-26,0.9965903,simulation
1971-07-27,0.9977559,simulation
1971-07-28,0.996149,simulation
1971-07-29,0.9962735,simulation
1971-07-30,0.9954753,simulation
1971-07-31,0.99738854,simulation
1971-08-01,0.99671847,simulation
1971-08-02,0.99708545,simulation
1971-08-03,0.9940589,simulation
1971-08-04,0.99267477,simulation
1971-08-05,0.9919083,simulation
1971-08-06,0.99472517,simulation
1971-08-07,0.99508756,simulation
1971-08-08,0.99354535,simulation
1971-08-09,0.9958436,simulation
1971-08-10,0.99498755,simulation
1971-08-11,0.9935441,simulation
1971-08-12,0.99168575,simulation
1971-08-13,0.991011,simulation
1971-08-14,0.99189657,simulation
1971-08-15,0.991932,simulation
1971-08-16,0.9913423,simulation
1971-08-17,0.99329126,simulation
1971-08-18,0.9920419,simulation
1971-08-19,0.99205774,simulation
1971-08-20,0.9917676,simulation
1971-08-21,0.99535257,simulation
1971-08-22,0.9954676,simulation
1971-08-23,0.9970948,simulation
1971-08-24,0.9927722,simulation
1971-08-25,0.99363476,simulation
1971-08-26,0.9912838,simulation
1971-08-27,0.9904535,simulation
1971-08-28,0.99100304,simulation
1971-08-29,0.9902939,simulation
1971-08-30,0.99843526,simulation
1971-08-31,0.9977214,simulation
1971-09-01,0.9988935,simulation
1971-09-02,0.99701446,simulation
1971-09-03,0.9943814,simulation
1971-09-04,0.99517053,simulation
1971-09-05,0.99764156,simulation
1971-09-06,0.9953062,simulation
1971-09-07,0.99236786,simulation
1971-09-08,0.99283135,simulation
1971-09-09,0.99476373,simulation
1971-09-10,0.99458873,simulation
1971-09-11,0.9974356,simulation
1971-09-12,0.99299264,simulation
1971-09-13,0.9908754,simulation
1971-09-14,0.99060726,simulation
1971-09-15,0.9959544,simulation
1971-09-16,0.9991461,simulation
1971-09-17,0.9965546,simulation
1971-09-18,0.99424785,simulation
1971-09-19,0.99741656,simulation
1971-09-20,0.99751884,simulation
1971-09-21,0.99621505,simulation
1971-09-22,0.9929,simulation
1971-09-23,0.9956255,simulation
1971-09-24,0.9947897,simulation
1971-09-25,0.99412113,simulation
1971-09-26,0.99623364,simulation
1971-09-27,0.99626285,simulation
1971-09-28,0.99304754,simulation
1971-09-29,0.992895,simulation
1971-09-30,0.99332124,simulation
1971-10-01,0.99302214,simulation
1971-10-02,0.99322295,simulation
1971-10-03,0.99436384,simulation
1971-10-04,0.9959877,simulation
1971-10-05,0.99775976,simulation
1971-10-06,0.9939571,simulation
1971-10-07,0.992497,simulation
1971-10-08,0.99412084,simulation
1971-10-09,0.998459,simulation
1971-10-10,0.99307185,simulation
1971-10-11,0.9938661,simulation
1971-10-12,0.9943191,simulation
1971-10-13,0.9985131,simulation
1971-10-14,0.9956387,simulation
1971-10-15,0.9959749,simulation
1971-10-16,0.99676293,simulation
1971-10-17,0.9976202,simulation
1971-10-18,0.9987436,simulation
1971-10-19,0.99329364,simulation
1971-10-20,0.99900436,simulation
1971-10-21,0.9989654,simulation
1971-10-22,0.9978072,simulation
1971-10-23,0.9967883,simulation
1971-10-24,0.9990658,simulation
1971-10-25,0.99699044,simulation
1971-10-26,0.9954699,simulation
1971-10-27,0.9943291,simulation
1971-10-28,0.9951806,simulation
1971-10-29,0.9937733,simulation
1971-10-30,0.9980752,simulation
1971-10-31,0.9988603,simulation
1971-11-01,0.9962497,simulation
1971-11-02,0.99866885,simulation
1971-11-03,0.99345994,simulation
1971-11-04,0.99517536,simulation
1971-11-05,0.99490255,simulation
1971-11-06,0.99850523,simulation
1971-11-07,0.99420595,simulation
1971-11-08,0.9955685,simulation
1971-11-09,0.9991704,simulation
1971-11-10,0.99664575,simulation
1971-11-11,0.9962643,simulation
1971-11-12,0.99568063,simulation
1971-11-13,0.9980581,simulation
1971-11-14,0.99887025,simulation
1971-11-15,0.9969541,simulation
1971-11-16,0.9958909,simulation
1971-11-17,0.9975609,simulation
1971-11-18,0.99724644,simulation
1971-11-19,0.9992631,simulation
1971-11-20,0.9965251,simulation
1971-11-21,0.99528444,simulation
1971-11-22,0.99728674,simulation
1971-11-23,0.99945074,simulation
1971-11-24,0.9991248,simulation
1971-11-25,0.99888283,simulation
1971-11-26,0.99919677,simulation
1971-11-27,0.9968456,simulation
1971-11-28,0.99907696,simulation
1971-11-29,0.9971608,simulation
1971-11-30,0.9976844,simulation
1971-12-01,0.9991563,simulation
1971-12-02,0.9990989,simulation
1971-12-03,0.99868095,simulation
1971-12-04,0.9985144,simulation
1971-12-05,0.9986161,simulation
1971-12-06,0.9972975,simulation
1971-12-07,0.97707635,simulation
1971-12-08,0.98358905,simulation
1971-12-09,0.98733085,simulation
1971-12-10,0.9898848,simulation
1971-12-11,0.9861634,simulation
1971-12-12,0.98977506,simulation
1971-12-13,0.9903568,simulation
1971-12-14,0.99167186,simulation
1971-12-15,0.9929427,simulation
1971-12-16,0.9899546,simulation
1971-12-17,0.9923184,simulation
1971-12-18,0.9874289,simulation
1971-12-19,0.9916616,simulation
1971-12-20,0.9894875,simulation
1971-12-21,0.9904887,simulation
1971-12-22,0.99157137,simulation
1971-12-23,0.993617,simulation
1971-12-24,0.9948968,simulation
1971-12-25,0.9950802,simulation
1971-12-26,0.99569297,simulation
1971-12-27,0.99610233,simulation
1971-12-28,0.9969431,simulation
1971-12-29,0.99568975,simulation
1971-12-30,0.99531597,simulation
1971-12-31,0.99463284,simulation
1972-01-01,0.9953749,simulation
1972-01-02,0.99543124,simulation
1972-01-03,0.993559,simulation
1972-01-04,0.99443895,simulation
1972-01-05,0.981923,simulation
1972-01-06,0.985488,simulation
1972-01-07,0.9886319,simulation
1972-01-08,0.99014276,simulation
1972-01-09,0.9930963,simulation
1972-01-10,0.97807986,simulation
1972-01-11,0.979379,simulation
1972-01-12,0.9834846,simulation
1972-01-13,0.98837227,simulation
1972-01-14,0.99028313,simulation
1972-01-15,0.9910498,simulation
1972-01-16,0.9932356,simulation
1972-01-17,0.99361557,simulation
1972-01-18,0.9947731,simulation
1972-01-19,0.99571,simulation
1972-01-20,0.9967617,simulation
1972-01-21,0.995515,simulation
1972-01-22,0.9942186,simulation
1972-01-23,0.99436873,simulation
1972-01-24,0.9930344,simulation
1972-01-25,0.99205196,simulation
1972-01-26,0.99527705,simulation
1972-01-27,0.99669784,simulation
1972-01-28,0.99747014,simulation
1972-01-29,0.9977524,simulation
1972-01-30,0.9923473,simulation
1972-01-31,0.98736644,simulation
1972-02-01,0.9910471,simulation
1972-02-02,0.9930323,simulation
1972-02-03,0.98991114,simulation
1972-02-04,0.99023956,simulation
1972-02-05,0.9917094,simulation
1972-02-06,0.9941683,simulation
1972-02-07,0.9877911,simulation
1972-02-08,0.98942024,simulation
1972-02-09,0.990408,simulation
1972-02-10,0.9930787,simulation
1972-02-11,0.9938869,simulation
1972-02-12,0.9949081,simulation
1972-02-13,0.9909024,simulation
1972-02-14,0.9920561,simulation
1972-02-15,0.99423766,simulation
1972-02-16,0.9947391,simulation
1972-02-17,0.9932123,simulation
1972-02-18,0.9919372,simulation
1972-02-19,0.9919183,simulation
1972-02-20,0.9955819,simulation
1972-02-21,0.99399716,simulation
1972-02-22,0.9970524,simulation
1972-02-23,0.9954905,simulation
1972-02-24,0.9951476,simulation
1972-02-25,0.99650115,simulation
1972-02-26,0.99739426,simulation
1972-02-27,0.9973051,simulation
1972-02-28,0.9939978,simulation
1972-02-29,0.9973998,simulation
1972-03-01,0.9967473,simulation
1972-03-02,0.9969769,simulation
1972-03-03,0.9910806,simulation
1972-03-04,0.9916283,simulation
1972-03-05,0.9890554,simulation
1972-03-06,0.9910709,simulation
1972-03-07,0.9942171,simulation
1972-03-08,0.99309814,simulation
1972-03-09,0.9893941,simulation
1972-03-10,0.9907918,simulation
1972-03-11,0.99038434,simulation
1972-03-12,0.9918584,simulation
1972-03-13,0.99448556,simulation
1972-03-14,0.99320567,simulation
1972-03-15,0.9943014,simulation
1972-03-16,0.99296033,simulation
1972-03-17,0.99191165,simulation
1972-03-18,0.995654,simulation
1972-03-19,0.9925871,simulation
1972-03-20,0.99459606,simulation
1972-03-21,0.9962348,simulation
1972-03-22,0.99127936,simulation
1972-03-23,0.9918788,simulation
1972-03-24,0.99701184,simulation
1972-03-25,0.99758726,simulation
1972-03-26,0.99730843,simulation
1972-03-27,0.9964502,simulation
1972-03-28,0.9928403,simulation
1972-03-29,0.9948433,simulation
1972-03-30,0.9945059,simulation
1972-03-31,0.9933482,simulation
1972-04-01,0.9935427,simulation
1972-04-02,0.9923625,simulation
1972-04-03,0.99289805,simulation
1972-04-04,0.9975928,simulation
1972-04-05,0.9939102,simulation
1972-04-06,0.9965489,simulation
1972-04-07,0.9929598,simulation
1972-04-08,0.99524987,simulation
1972-04-09,0.9918239,simulation
1972-04-10,0.99252474,simulation
1972-04-11,0.9972059,simulation
1972-04-12,0.99562275,simulation
1972-04-13,0.9927314,simulation
1972-04-14,0.9929757,simulation
1972-04-15,0.99369764,simulation
1972-04-16,0.99016416,simulation
1972-04-17,0.99052936,simulation
1972-04-18,0.9909978,simulation
1972-04-19,0.99196064,simulation
1972-04-20,0.99565035,simulation
1972-04-21,0.9976495,simulation
1972-04-22,0.9913445,simulation
1972-04-23,0.9908328,simulation
1972-04-24,0.9911984,simulation
1972-04-25,0.99101275,simulation
1972-04-26,0.99590904,simulation
1972-04-27,0.9948525,simulation
1972-04-28,0.99830955,simulation
1972-04-29,0.99706244,simulation
1972-04-30,0.9954288,simulation
1972-05-01,0.99548686,simulation
1972-05-02,0.9987436,simulation
1972-05-03,0.9949415,simulation
1972-05-04,0.9904314,simulation
1972-05-05,0.993824,simulation
1972-05-06,0.9943698,simulation
1972-05-07,0.99878854,simulation
1972-05-08,0.9959932,simulation
1972-05-09,0.9931674,simulation
1972-05-10,0.996336,simulation
1972-05-11,0.99801487,simulation
1972-05-12,0.99863446,simulation
1972-05-13,0.99583334,simulation
1972-05-14,0.9940645,simulation
1972-05-15,0.99140906,simulation
1972-05-16,0.9900762,simulation
1972-05-17,0.9945767,simulation
1972-05-18,0.99069756,simulation
1972-05-19,0.98965144,simulation
1972-05-20,0.99036944,simulation
1972-05-21,0.9895885,simulation
1972-05-22,0.98935974,simulation
1972-05-23,0.9908734,simulation
1972-05-24,0.99488527,simulation
1972-05-25,0.98943305,simulation
1972-05-26,0.99162704,simulation
1972-05-27,0.99360913,simulation
1972-05-28,0.99253047,simulation
1972-05-29,0.99378645,simulation
1972-05-30,0.9945497,simulation
1972-05-31,0.99527633,simulation
1972-06-01,0.9887783,simulation
1972-06-02,0.9883203,simulation
1972-06-03,0.9875537,simulation
1972-06-04,0.98902303,simulation
1972-06-05,0.98768044,simulation
1972-06-06,0.98733026,simulation
1972-06-07,0.98840773,simulation
1972-06-08,0.99085295,simulation
1972-06-09,0.9949516,simulation
1972-06-10,0.9966854,simulation
1972-06-11,0.9936892,simulation
1972-06-12,0.9905766,simulation
1972-06-13,0.9915094,simulation
1972-06-14,0.9943765,simulation
1972-06-15,0.998121,simulation
1972-06-16,0.998882,simulation
1972-06-17,0.9961777,simulation
1972-06-18,0.98840785,simulation
1972-06-19,0.9939817,simulation
1972-06-20,0.98833585,simulation
1972-06-21,0.9905084,simulation
1972-06-22,0.99579436,simulation
1972-06-23,0.99095994,simulation
1972-06-24,0.9933311,simulation
1972-06-25,0.99872696,simulation
1972-06-26,0.9945512,simulation
1972-06-27,0.9912616,simulation
1972-06-28,0.99130976,simulation
1972-06-29,0.99835217,simulation
1972-06-30,0.9928009,simulation
1972-07-01,0.9947941,simulation
1972-07-02,0.9918932,simulation
1972-07-03,0.9925488,simulation
1972-07-04,0.99856436,simulation
1972-07-05,0.99813884,simulation
1972-07-06,0.990012,simulation
1972-07-07,0.9899014,simulation
1972-07-08,0.9909107,simulation
1972-07-09,0.9938559,simulation
1972-07-10,0.990459,simulation
1972-07-11,0.98887056,simulation
1972-07-12,0.99144536,simulation
1972-07-13,0.99419606,simulation
1972-07-14,0.9944206,simulation
1972-07-15,0.99452657,simulation
1972-07-16,0.99365675,simulation
1972-07-17,0.99242383,simulation
1972-07-18,0.99261975,simulation
1972-07-19,0.9912705,simulation
1972-07-20,0.989942,simulation
1972-07-21,0.98953104,simulation
1972-07-22,0.9905908,simulation
1972-07-23,0.99198705,simulation
1972-07-24,0.990938,simulation
1972-07-25,0.991051,simulation
1972-07-26,0.99406695,simulation
1972-07-27,0.99301916,simulation
1972-07-28,0.9932211,simulation
1972-07-29,0.997808,simulation
1972-07-30,0.9967681,simulation
1972-07-31,0.9946127,simulation
1972-08-01,0.99187297,simulation
1972-08-02,0.9924116,simulation
1972-08-03,0.99026287,simulation
1972-08-04,0.99165225,simulation
1972-08-05,0.99035466,simulation
1972-08-06,0.9884232,simulation
1972-08-07,0.9862389,simulation
1972-08-08,0.9918534,simulation
1972-08-09,0.98987687,simulation
1972-08-10,0.9936137,simulation
1972-08-11,0.99285644,simulation
1972-08-12,0.9931288,simulation
1972-08-13,0.99732226,simulation
1972-08-14,0.99036753,simulation
1972-08-15,0.9912311,simulation
1972-08-16,0.98951274,simulation
1972-08-17,0.99014485,simulation
1972-08-18,0.98925376,simulation
1972-08-19,0.989903,simulation
1972-08-20,0.9885837,simulation
1972-08-21,0.988689,simulation
1972-08-22,0.99150467,simulation
1972-08-23,0.99116033,simulation
1972-08-24,0.99116105,simulation
1972-08-25,0.99159944,simulation
1972-08-26,0.9938923,simulation
1972-08-27,0.9904113,simulation
1972-08-28,0.98918504,simulation
1972-08-29,0.9914775,simulation
1972-08-30,0.9883402,simulation
1972-08-31,0.9905015,simulation
1972-09-01,0.9890434,simulation
1972-09-02,0.98955876,simulation
1972-09-03,0.9906072,simulation
1972-09-04,0.9920271,simulation
1972-09-05,0.9970138,simulation
1972-09-06,0.9929475,simulation
1972-09-07,0.9939068,simulation
1972-09-08,0.9918618,simulation
1972-09-09,0.9912427,simulation
1972-09-10,0.98843366,simulation
1972-09-11,0.98878515,simulation
1972-09-12,0.98631495,simulation
1972-09-13,0.98676455,simulation
1972-09-14,0.9872827,simulation
1972-09-15,0.98811716,simulation
1972-09-16,0.9902572,simulation
1972-09-17,0.99523157,simulation
1972-09-18,0.99232394,simulation
1972-09-19,0.9896466,simulation
1972-09-20,0.9876501,simulation
1972-09-21,0.9905801,simulation
1972-09-22,0.9973715,simulation
1972-09-23,0.99265337,simulation
1972-09-24,0.9901012,simulation
1972-09-25,0.9946419,simulation
1972-09-26,0.99731743,simulation
1972-09-27,0.9944907,simulation
1972-09-28,0.9970301,simulation
1972-09-29,0.9945296,simulation
1972-09-30,0.99358565,simulation
1972-10-01,0.99048215,simulation
1972-10-02,0.99085236,simulation
1972-10-03,0.99582505,simulation
1972-10-04,0.99334687,simulation
1972-10-05,0.99211705,simulation
1972-10-06,0.99481285,simulation
1972-10-07,0.9971797,simulation
1972-10-08,0.9933042,simulation
1972-10-09,0.99033254,simulation
1972-10-10,0.98938805,simulation
1972-10-11,0.9901779,simulation
1972-10-12,0.9937218,simulation
1972-10-13,0.9928523,simulation
1972-10-14,0.9908892,simulation
1972-10-15,0.99314094,simulation
1972-10-16,0.9910358,simulation
1972-10-17,0.99098414,simulation
1972-10-18,0.9951495,simulation
1972-10-19,0.99896234,simulation
1972-10-20,0.99760896,simulation
1972-10-21,0.99591094,simulation
1972-10-22,0.99805325,simulation
1972-10-23,0.99835736,simulation
1972-10-24,0.997541,simulation
1972-10-25,0.9987145,simulation
1972-10-26,0.9989824,simulation
1972-10-27,0.99899477,simulation
1972-10-28,0.9991586,simulation
1972-10-29,0.99890345,simulation
1972-10-30,0.9977989,simulation
1972-10-31,0.9964728,simulation
1972-11-01,0.9956585,simulation
1972-11-02,0.99812555,simulation
1972-11-03,0.99753565,simulation
1972-11-04,0.993822,simulation
1972-11-05,0.9975655,simulation
1972-11-06,0.99708605,simulation
1972-11-07,0.9984948,simulation
1972-11-08,0.9950059,simulation
1972-11-09,0.9983435,simulation
1972-11-10,0.9958185,simulation
1972-11-11,0.99906176,simulation
1972-11-12,0.99467087,simulation
1972-11-13,0.99914414,simulation
1972-11-14,0.9983754,simulation
1972-11-15,0.9989778,simulation
1972-11-16,0.9992637,simulation
1972-11-17,0.9987596,simulation
1972-11-18,0.9992195,simulation
1972-11-19,0.9991103,simulation
1972-11-20,0.99904484,simulation
1972-11-21,0.99910635,simulation
1972-11-22,0.9989651,simulation
1972-11-23,0.9989178,simulation
1972-11-24,0.99909717,simulation
1972-11-25,0.9992851,simulation
1972-11-26,0.9959443,simulation
1972-11-27,0.99695545,simulation
1972-11-28,0.99838734,simulation
1972-11-29,0.99899846,simulation
1972-11-30,0.9984365,simulation
1972-12-01,0.9974259,simulation
1972-12-02,0.9974138,simulation
1972-12-03,0.9981566,simulation
1972-12-04,0.9987878,simulation
1972-12-05,0.99917173,simulation
1972-12-06,0.99900407,simulation
1972-12-07,0.9983677,simulation
1972-12-08,0.998804,simulation
1972-12-09,0.99850214,simulation
1972-12-10,0.9990314,simulation
1972-12-11,0.99936396,simulation
1972-12-12,0.9987222,simulation
1972-12-13,0.99917006,simulation
1972-12-14,0.9993369,simulation
1972-12-15,0.9987253,simulation
1972-12-16,0.99640936,simulation
1972-12-17,0.99738973,simulation
1972-12-18,0.99728435,simulation
1972-12-19,0.9980988,simulation
1972-12-20,0.99858713,simulation
1972-12-21,0.9891201,simulation
1972-12-22,0.98680884,simulation
1972-12-23,0.9899398,simulation
1972-12-24,0.9911697,simulation
1972-12-25,0.9925356,simulation
1972-12-26,0.9939404,simulation
1972-12-27,0.9936143,simulation
1972-12-28,0.99436146,simulation
1972-12-29,0.9953711,simulation
1972-12-30,0.99601084,simulation
1972-12-31,0.9867184,simulation
1973-01-01,0.98997813,simulation
1973-01-02,0.99051833,simulation
1973-01-03,0.99126816,simulation
1973-01-04,0.98901504,simulation
1973-01-05,0.99165064,simulation
1973-01-06,0.99206585,simulation
1973-01-07,0.99247074,simulation
1973-01-08,0.9886967,simulation
1973-01-09,0.9909167,simulation
1973-01-10,0.9923729,simulation
1973-01-11,0.99314773,simulation
1973-01-12,0.9938286,simulation
1973-01-13,0.9946741,simulation
1973-01-14,0.9946858,simulation
1973-01-15,0.9941426,simulation
1973-01-16,0.99455625,simulation
1973-01-17,0.9964676,simulation
1973-01-18,0.9967139,simulation
1973-01-19,0.9948066,simulation
1973-01-20,0.996842,simulation
1973-01-21,0.9959956,simulation
1973-01-22,0.9927648,simulation
1973-01-23,0.9951959,simulation
1973-01-24,0.99528074,simulation
1973-01-25,0.9965337,simulation
1973-01-26,0.9968457,simulation
1973-01-27,0.9951845,simulation
1973-01-28,0.99690175,simulation
1973-01-29,0.9963561,simulation
1973-01-30,0.9969788,simulation
1973-01-31,0.9971625,simulation
1973-02-01,0.9970389,simulation
1973-02-02,0.9907002,simulation
1973-02-03,0.99180835,simulation
1973-02-04,0.9933495,simulation
1973-02-05,0.9941508,simulation
1973-02-06,0.996031,simulation
1973-02-07,0.99627334,simulation
1973-02-08,0.99677783,simulation
1973-02-09,0.992481,simulation
1973-02-10,0.99228716,simulation
1973-02-11,0.99405825,simulation
1973-02-12,0.9948137,simulation
1973-02-13,0.9956311,simulation
1973-02-14,0.98116547,simulation
1973-02-15,0.98492503,simulation
1973-02-16,0.98891795,simulation
1973-02-17,0.99172,simulation
1973-02-18,0.99159163,simulation
1973-02-19,0.99322087,simulation
1973-02-20,0.9940583,simulation
1973-02-21,0.9953674,simulation
1973-02-22,0.9949305,simulation
1973-02-23,0.9946219,simulation
1973-02-24,0.9943436,simulation
1973-02-25,0.99448234,simulation
1973-02-26,0.9947635,simulation
1973-02-27,0.99404436,simulation
1973-02-28,0.9946644,simulation
1973-03-01,0.99715424,simulation
1973-03-02,0.99675614,simulation
1973-03-03,0.9937509,simulation
1973-03-04,0.994707,simulation
1973-03-05,0.99397826,simulation
1973-03-06,0.9934478,simulation
1973-03-07,0.9870126,simulation
1973-03-08,0.9931767,simulation
1973-03-09,0.99203736,simulation
1973-03-10,0.994337,simulation
1973-03-11,0.9917439,simulation
1973-03-12,0.98412323,simulation
1973-03-13,0.9907088,simulation
1973-03-14,0.9911616,simulation
1973-03-15,0.9926033,simulation
1973-03-16,0.994675,simulation
1973-03-17,0.9815141,simulation
1973-03-18,0.9859734,simulation
1973-03-19,0.9898934,simulation
1973-03-20,0.99270207,simulation
1973-03-21,0.99145126,simulation
1973-03-22,0.9923328,simulation
1973-03-23,0.9913799,simulation
1973-03-24,0.9957984,simulation
1973-03-25,0.96480346,simulation
1973-03-26,0.97757953,simulation
1973-03-27,0.9835924,simulation
1973-03-28,0.9863536,simulation
1973-03-29,0.99030155,simulation
1973-03-30,0.99213046,simulation
1973-03-31,0.9622902,simulation
1973-04-01,0.96795934,simulation
1973-04-02,0.9815305,simulation
1973-04-03,0.9880129,simulation
1973-04-04,0.9889995,simulation
1973-04-05,0.98798615,simulation
1973-04-06,0.99294966,simulation
1973-04-07,0.9942017,simulation
1973-04-08,0.9795152,simulation
1973-04-09,0.98623025,simulation
1973-04-10,0.9860908,simulation
1973-04-11,0.98863816,simulation
1973-04-12,0.989181,simulation
1973-04-13,0.9909186,simulation
1973-04-14,0.9905415,simulation
1973-04-15,0.9951245,simulation
1973-04-16,0.99690694,simulation
1973-04-17,0.99379736,simulation
1973-04-18,0.98274124,simulation
1973-04-19,0.9787349,simulation
1973-04-20,0.98149127,simulation
1973-04-21,0.9870035,simulation
1973-04-22,0.99007165,simulation
1973-04-23,0.99298483,simulation
1973-04-24,0.993353,simulation
1973-04-25,0.97958815,simulation
1973-04-26,0.9694846,simulation
1973-04-27,0.9715461,simulation
1973-04-28,0.97742635,simulation
1973-04-29,0.9823623,simulation
1973-04-30,0.988377,simulation
1973-05-01,0.9921727,simulation
1973-05-02,0.99253005,simulation
1973-05-03,0.9883545,simulation
1973-05-04,0.98717153,simulation
1973-05-05,0.9883203,simulation
1973-05-06,0.99550533,simulation
1973-05-07,0.99554884,simulation
1973-05-08,0.9790762,simulation
1973-05-09,0.9798181,simulation
1973-05-10,0.98277843,simulation
1973-05-11,0.9885664,simulation
1973-05-12,0.9944272,simulation
1973-05-13,0.9899426,simulation
1973-05-14,0.9891641,simulation
1973-05-15,0.99221736,simulation
1973-05-16,0.98884773,simulation
1973-05-17,0.98894566,simulation
1973-05-18,0.9926484,simulation
1973-05-19,0.9886091,simulation
1973-05-20,0.9945492,simulation
1973-05-21,0.9948115,simulation
1973-05-22,0.99388236,simulation
1973-05-23,0.9937766,simulation
1973-05-24,0.99157,simulation
1973-05-25,0.99305266,simulation
1973-05-26,0.99524003,simulation
1973-05-27,0.99614406,simulation
1973-05-28,0.98772424,simulation
1973-05-29,0.98987806,simulation
1973-05-30,0.9900949,simulation
1973-05-31,0.99217564,simulation
1973-06-01,0.996713,simulation
1973-06-02,0.9930302,simulation
1973-06-03,0.99133855,simulation
1973-06-04,0.99404377,simulation
1973-06-05,0.99423015,simulation
1973-06-06,0.99561876,simulation
1973-06-07,0.9957809,simulation
1973-06-08,0.9942116,simulation
1973-06-09,0.9934253,simulation
1973-06-10,0.99393255,simulation
1973-06-11,0.99627674,simulation
1973-06-12,0.99417824,simulation
1973-06-13,0.9929956,simulation
1973-06-14,0.9933528,simulation
1973-06-15,0.9949708,simulation
1973-06-16,0.99430406,simulation
1973-06-17,0.99262047,simulation
1973-06-18,0.99058276,simulation
1973-06-19,0.9913199,simulation
1973-06-20,0.9936639,simulation
1973-06-21,0.9936023,simulation
1973-06-22,0.99342763,simulation
1973-06-23,0.99537516,simulation
1973-06-24,0.99484843,simulation
1973-06-25,0.9879701,simulation
1973-06-26,0.9924418,simulation
1973-06-27,0.99353766,simulation
1973-06-28,0.9930701,simulation
1973-06-29,0.99019724,simulation
1973-06-30,0.9955615,simulation
1973-07-01,0.9920853,simulation
1973-07-02,0.99116915,simulation
1973-07-03,0.9943881,simulation
1973-07-04,0.9926188,simulation
1973-07-05,0.99485886,simulation
1973-07-06,0.99738413,simulation
1973-07-07,0.99527025,simulation
1973-07-08,0.9918195,simulation
1973-07-09,0.98995674,simulation
1973-07-10,0.9909434,simulation
1973-07-11,0.99239546,simulation
1973-07-12,0.98810136,simulation
1973-07-13,0.9900841,simulation
1973-07-14,0.99082506,simulation
1973-07-15,0.9902276,simulation
1973-07-16,0.99143344,simulation
1973-07-17,0.9951156,simulation
1973-07-18,0.99493444,simulation
1973-07-19,0.99395126,simulation
1973-07-20,0.9932796,simulation
1973-07-21,0.9921491,simulation
1973-07-22,0.99298084,simulation
1973-07-23,0.9895062,simulation
1973-07-24,0.9916928,simulation
1973-07-25,0.995586,simulation
1973-07-26,0.9971035,simulation
1973-07-27,0.99496424,simulation
1973-07-28,0.9902123,simulation
1973-07-29,0.9950313,simulation
1973-07-30,0.9942011,simulation
1973-07-31,0.9954176,simulation
1973-08-01,0.9977838,simulation
1973-08-02,0.9917227,simulation
1973-08-03,0.99057835,simulation
1973-08-04,0.991053,simulation
1973-08-05,0.9915768,simulation
1973-08-06,0.9931972,simulation
1973-08-07,0.9926379,simulation
1973-08-08,0.98966515,simulation
1973-08-09,0.9900774,simulation
1973-08-10,0.9906403,simulation
1973-08-11,0.9906458,simulation
1973-08-12,0.9932554,simulation
1973-08-13,0.9940486,simulation
1973-08-14,0.9941264,simulation
1973-08-15,0.9922911,simulation
1973-08-16,0.99563825,simulation
1973-08-17,0.9975443,simulation
1973-08-18,0.9969389,simulation
1973-08-19,0.99133134,simulation
1973-08-20,0.9900423,simulation
1973-08-21,0.9885913,simulation
1973-08-22,0.9888408,simulation
1973-08-23,0.9900291,simulation
1973-08-24,0.990621,simulation
1973-08-25,0.99197525,simulation
1973-08-26,0.9912673,simulation
1973-08-27,0.99127173,simulation
1973-08-28,0.9917191,simulation
1973-08-29,0.993998,simulation
1973-08-30,0.9923459,simulation
1973-08-31,0.99149084,simulation
1973-09-01,0.99760705,simulation
1973-09-02,0.9984528,simulation
1973-09-03,0.9949152,simulation
1973-09-04,0.99666905,simulation
1973-09-05,0.9982461,simulation
1973-09-06,0.9984029,simulation
1973-09-07,0.9972169,simulation
1973-09-08,0.99233466,simulation
1973-09-09,0.9937111,simulation
1973-09-10,0.9966814,simulation
1973-09-11,0.99852425,simulation
1973-09-12,0.9978341,simulation
1973-09-13,0.99822235,simulation
1973-09-14,0.995327,simulation
1973-09-15,0.9926762,simulation
1973-09-16,0.99342775,simulation
1973-09-17,0.99491537,simulation
1973-09-18,0.9940876,simulation
1973-09-19,0.99199945,simulation
1973-09-20,0.9916887,simulation
1973-09-21,0.99118453,simulation
1973-09-22,0.99268365,simulation
1973-09-23,0.9950121,simulation
1973-09-24,0.99537444,simulation
1973-09-25,0.99404263,simulation
1973-09-26,0.99455726,simulation
1973-09-27,0.9981249,simulation
1973-09-28,0.9970343,simulation
1973-09-29,0.99617255,simulation
1973-09-30,0.9977923,simulation
1973-10-01,0.99574125,simulation
1973-10-02,0.9962193,simulation
1973-10-03,0.99418044,simulation
1973-10-04,0.9936623,simulation
1973-10-05,0.9924104,simulation
1973-10-06,0.994619,simulation
1973-10-07,0.99267024,simulation
1973-10-08,0.9943307,simulation
1973-10-09,0.99401957,simulation
1973-10-10,0.9934259,simulation
1973-10-11,0.9939775,simulation
1973-10-12,0.99306846,simulation
1973-10-13,0.99672943,simulation
1973-10-14,0.998889,simulation
1973-10-15,0.99878895,simulation
1973-10-16,0.99885154,simulation
1973-10-17,0.99255216,simulation
1973-10-18,0.9937897,simulation
1973-10-19,0.9940115,simulation
1973-10-20,0.99516916,simulation
1973-10-21,0.99397945,simulation
1973-10-22,0.99375004,simulation
1973-10-23,0.994052,simulation
1973-10-24,0.99411315,simulation
1973-10-25,0.9942718,simulation
1973-10-26,0.99485475,simulation
1973-10-27,0.99553096,simulation
1973-10-28,0.9957156,simulation
1973-10-29,0.9954569,simulation
1973-10-30,0.9952459,simulation
1973-10-31,0.9987345,simulation
1973-11-01,0.9950243,simulation
1973-11-02,0.9966282,simulation
1973-11-03,0.9966594,simulation
1973-11-04,0.9973804,simulation
1973-11-05,0.99870515,simulation
1973-11-06,0.9956511,simulation
1973-11-07,0.99925226,simulation
1973-11-08,0.99804235,simulation
1973-11-09,0.997813,simulation
1973-11-10,0.99503845,simulation
1973-11-11,0.9958146,simulation
1973-11-12,0.9955114,simulation
1973-11-13,0.9955828,simulation
1973-11-14,0.9962016,simulation
1973-11-15,0.99814665,simulation
1973-11-16,0.9951437,simulation
1973-11-17,0.99578357,simulation
1973-11-18,0.99669045,simulation
1973-11-19,0.9977921,simulation
1973-11-20,0.99794286,simulation
1973-11-21,0.99600136,simulation
1973-11-22,0.99749285,simulation
1973-11-23,0.99748933,simulation
1973-11-24,0.9959894,simulation
1973-11-25,0.9975769,simulation
1973-11-26,0.99685985,simulation
1973-11-27,0.997111,simulation
1973-11-28,0.9950149,simulation
1973-11-29,0.99435806,simulation
1973-11-30,0.9946396,simulation
1973-12-01,0.9949327,simulation
1973-12-02,0.994737,simulation
1973-12-03,0.9944845,simulation
1973-12-04,0.9943922,simulation
1973-12-05,0.99485415,simulation
1973-12-06,0.9943977,simulation
1973-12-07,0.99556285,simulation
1973-12-08,0.99707437,simulation
1973-12-09,0.99710643,simulation
1973-12-10,0.9959082,simulation
1973-12-11,0.9960022,simulation
1973-12-12,0.99614316,simulation
1973-12-13,0.99384284,simulation
1973-12-14,0.996084,simulation
1973-12-15,0.9980254,simulation
1973-12-16,0.9976371,simulation
1973-12-17,0.99679804,simulation
1973-12-18,0.9956608,simulation
1973-12-19,0.9968179,simulation
1973-12-20,0.99540925,simulation
1973-12-21,0.9952078,simulation
1973-12-22,0.99496555,simulation
1973-12-23,0.99547726,simulation
1973-12-24,0.99616677,simulation
1973-12-25,0.9937018,simulation
1973-12-26,0.9731327,simulation
1973-12-27,0.974573,simulation
1973-12-28,0.9819248,simulation
1973-12-29,0.98722875,simulation
1973-12-30,0.99079275,simulation
1973-12-31,0.9925817,simulation
1974-01-01,0.98846436,simulation
1974-01-02,0.9914389,simulation
1974-01-03,0.99274415,simulation
1974-01-04,0.9910446,simulation
1974-01-05,0.99215436,simulation
1974-01-06,0.993211,simulation
1974-01-07,0.98969966,simulation
1974-01-08,0.9921767,simulation
1974-01-09,0.99186224,simulation
1974-01-10,0.99184096,simulation
1974-01-11,0.99446225,simulation
1974-01-12,0.98795944,simulation
1974-01-13,0.9906203,simulation
1974-01-14,0.9926147,simulation
1974-01-15,0.9884067,simulation
1974-01-16,0.9917561,simulation
1974-01-17,0.9922423,simulation
1974-01-18,0.99312377,simulation
1974-01-19,0.9935787,simulation
1974-01-20,0.98728883,simulation
1974-01-21,0.98111093,simulation
1974-01-22,0.98533195,simulation
1974-01-23,0.9909162,simulation
1974-01-24,0.98833865,simulation
1974-01-25,0.984006,simulation
1974-01-26,0.9851747,simulation
1974-01-27,0.98494464,simulation
1974-01-28,0.9888016,simulation
1974-01-29,0.9846281,simulation
1974-01-30,0.9873533,simulation
1974-01-31,0.99004805,simulation
1974-02-01,0.9934693,simulation
1974-02-02,0.9929535,simulation
1974-02-03,0.9942659,simulation
1974-02-04,0.9931802,simulation
1974-02-05,0.99251556,simulation
1974-02-06,0.9962939,simulation
1974-02-07,0.9953307,simulation
1974-02-08,0.99423444,simulation
1974-02-09,0.99398375,simulation
1974-02-10,0.9934415,simulation
1974-02-11,0.9935858,simulation
1974-02-12,0.99315,simulation
1974-02-13,0.99497163,simulation
1974-02-14,0.9970139,simulation
1974-02-15,0.9973994,simulation
1974-02-16,0.98811126,simulation
1974-02-17,0.98762196,simulation
1974-02-18,0.9916474,simulation
1974-02-19,0.990591,simulation
1974-02-20,0.9894954,simulation
1974-02-21,0.9938256,simulation
1974-02-22,0.9900651,simulation
1974-02-23,0.9911366,simulation
1974-02-24,0.9918731,simulation
1974-02-25,0.9920763,simulation
1974-02-26,0.9930443,simulation
1974-02-27,0.99239784,simulation
1974-02-28,0.99443185,simulation
1974-03-01,0.99595493,simulation
1974-03-02,0.99489856,simulation
1974-03-03,0.9936342,simulation
1974-03-04,0.99475855,simulation
1974-03-05,0.9940296,simulation
1974-03-06,0.9947014,simulation
1974-03-07,0.99431944,simulation
1974-03-08,0.99351674,simulation
1974-03-09,0.99621737,simulation
1974-03-10,0.9978209,simulation
1974-03-11,0.99827766,simulation
1974-03-12,0.9946697,simulation
1974-03-13,0.9971632,simulation
1974-03-14,0.9933229,simulation
1974-03-15,0.9969641,simulation
1974-03-16,0.9938723,simulation
1974-03-17,0.9940461,simulation
1974-03-18,0.99524015,simulation
1974-03-19,0.99671566,simulation
1974-03-20,0.9961532,simulation
1974-03-21,0.9976496,simulation
1974-03-22,0.99286205,simulation
1974-03-23,0.9946554,simulation
1974-03-24,0.99688536,simulation
1974-03-25,0.9970655,simulation
1974-03-26,0.9973809,simulation
1974-03-27,0.9952011,simulation
1974-03-28,0.99451655,simulation
1974-03-29,0.98883027,simulation
1974-03-30,0.98976713,simulation
1974-03-31,0.98939127,simulation
1974-04-01,0.9936697,simulation
1974-04-02,0.9879916,simulation
1974-04-03,0.9921367,simulation
1974-04-04,0.99427855,simulation
1974-04-05,0.9906134,simulation
1974-04-06,0.9916841,simulation
1974-04-07,0.9941489,simulation
1974-04-08,0.99329233,simulation
1974-04-09,0.99153906,simulation
1974-04-10,0.99206954,simulation
1974-04-11,0.99468577,simulation
1974-04-12,0.99834627,simulation
1974-04-13,0.9589237,simulation
1974-04-14,0.9569098,simulation
1974-04-15,0.9577173,simulation
1974-04-16,0.95663774,simulation
1974-04-17,0.96408397,simulation
1974-04-18,0.97473687,simulation
1974-04-19,0.98424655,simulation
1974-04-20,0.98468024,simulation
1974-04-21,0.989985,simulation
1974-04-22,0.99420404,simulation
1974-04-23,0.98607826,simulation
1974-04-24,0.9865904,simulation
1974-04-25,0.9891242,simulation
1974-04-26,0.9894924,simulation
1974-04-27,0.99041617,simulation
1974-04-28,0.9902884,simulation
1974-04-29,0.9926129,simulation
1974-04-30,0.9943331,simulation
1974-05-01,0.9965111,simulation
1974-05-02,0.9932162,simulation
1974-05-03,0.9918702,simulation
1974-05-04,0.9956659,simulation
1974-05-05,0.996017,simulation
1974-05-06,0.9920802,simulation
1974-05-07,0.99022406,simulation
1974-05-08,0.9937053,simulation
1974-05-09,0.9929729,simulation
1974-05-10,0.99709266,simulation
1974-05-11,0.9984321,simulation
1974-05-12,0.9888679,simulation
1974-05-13,0.9884057,simulation
1974-05-14,0.9895492,simulation
1974-05-15,0.99699306,simulation
1974-05-16,0.99244857,simulation
1974-05-17,0.992605,simulation
1974-05-18,0.9930829,simulation
1974-05-19,0.9907446,simulation
1974-05-20,0.99444175,simulation
1974-05-21,0.99594045,simulation
1974-05-22,0.99867576,simulation
1974-05-23,0.99427265,simulation
1974-05-24,0.99187714,simulation
1974-05-25,0.99270016,simulation
1974-05-26,0.9958172,simulation
1974-05-27,0.9923687,simulation
1974-05-28,0.99002206,simulation
1974-05-29,0.99372095,simulation
1974-05-30,0.9940192,simulation
1974-05-31,0.9952997,simulation
1974-06-01,0.9977128,simulation
1974-06-02,0.99476385,simulation
1974-06-03,0.99299026,simulation
1974-06-04,0.9917706,simulation
1974-06-05,0.99513274,simulation
1974-06-06,0.9936994,simulation
1974-06-07,0.9930571,simulation
1974-06-08,0.99435276,simulation
1974-06-09,0.9899498,simulation
1974-06-10,0.9943211,simulation
1974-06-11,0.98877406,simulation
1974-06-12,0.99486464,simulation
1974-06-13,0.9938997,simulation
1974-06-14,0.9903315,simulation
1974-06-15,0.9964783,simulation
1974-06-16,0.99337256,simulation
1974-06-17,0.9903507,simulation
1974-06-18,0.99569976,simulation
1974-06-19,0.99033254,simulation
1974-06-20,0.9905992,simulation
1974-06-21,0.9897434,simulation
1974-06-22,0.9889642,simulation
1974-06-23,0.99799865,simulation
1974-06-24,0.9909665,simulation
1974-06-25,0.9899124,simulation
1974-06-26,0.9898407,simulation
1974-06-27,0.99019426,simulation
1974-06-28,0.9898207,simulation
1974-06-29,0.99127984,simulation
1974-06-30,0.9903418,simulation
1974-07-01,0.9907217,simulation
1974-07-02,0.9912553,simulation
1974-07-03,0.9900249,simulation
1974-07-04,0.9920048,simulation
1974-07-05,0.99638724,simulation
1974-07-06,0.99567276,simulation
1974-07-07,0.99113595,simulation
1974-07-08,0.9916095,simulation
1974-07-09,0.9924696,simulation
1974-07-10,0.9907703,simulation
1974-07-11,0.9879946,simulation
1974-07-12,0.9900406,simulation
1974-07-13,0.99047416,simulation
1974-07-14,0.99208605,simulation
1974-07-15,0.9914976,simulation
1974-07-16,0.9929347,simulation
1974-07-17,0.9878883,simulation
1974-07-18,0.99570113,simulation
1974-07-19,0.9894609,simulation
1974-07-20,0.99026155,simulation
1974-07-21,0.988322,simulation
1974-07-22,0.98956126,simulation
1974-07-23,0.9984173,simulation
1974-07-24,0.998567,simulation
1974-07-25,0.99534243,simulation
1974-07-26,0.9981852,simulation
1974-07-27,0.9944615,simulation
1974-07-28,0.99242026,simulation
1974-07-29,0.9884268,simulation
1974-07-30,0.9912462,simulation
1974-07-31,0.9931702,simulation
1974-08-01,0.9939836,simulation
1974-08-02,0.99569964,simulation
1974-08-03,0.99324286,simulation
1974-08-04,0.9946957,simulation
1974-08-05,0.9895553,simulation
1974-08-06,0.99293625,simulation
1974-08-07,0.9983529,simulation
1974-08-08,0.9973084,simulation
1974-08-09,0.99372035,simulation
1974-08-10,0.9906947,simulation
1974-08-11,0.9926984,simulation
1974-08-12,0.9909038,simulation
1974-08-13,0.9942868,simulation
1974-08-14,0.99460965,simulation
1974-08-15,0.9922682,simulation
1974-08-16,0.99250966,simulation
1974-08-17,0.9948851,simulation
1974-08-18,0.99413466,simulation
1974-08-19,0.992246,simulation
1974-08-20,0.99288386,simulation
1974-08-21,0.99021524,simulation
1974-08-22,0.99456733,simulation
1974-08-23,0.9910755,simulation
1974-08-24,0.99098885,simulation
1974-08-25,0.99150234,simulation
1974-08-26,0.99368346,simulation
1974-08-27,0.9938573,simulation
1974-08-28,0.9959124,simulation
1974-08-29,0.99523795,simulation
1974-08-30,0.99463034,simulation
1974-08-31,0.99621326,simulation
1974-09-01,0.99702305,simulation
1974-09-02,0.9968928,simulation
1974-09-03,0.9986619,simulation
1974-09-04,0.995143,simulation
1974-09-05,0.9941801,simulation
1974-09-06,0.9986569,simulation
1974-09-07,0.9988384,simulation
1974-09-08,0.9973093,simulation
1974-09-09,0.99444604,simulation
1974-09-10,0.9936936,simulation
1974-09-11,0.9938448,simulation
1974-09-12,0.99695104,simulation
1974-09-13,0.9953594,simulation
1974-09-14,0.9970985,simulation
1974-09-15,0.9930996,simulation
1974-09-16,0.9917804,simulation
1974-09-17,0.9938001,simulation
1974-09-18,0.9909328,simulation
1974-09-19,0.9914918,simulation
1974-09-20,0.9933484,simulation
1974-09-21,0.99304116,simulation
1974-09-22,0.99180365,simulation
1974-09-23,0.9954911,simulation
1974-09-24,0.9970223,simulation
1974-09-25,0.9987641,simulation
1974-09-26,0.9986429,simulation
1974-09-27,0.99728584,simulation
1974-09-28,0.9973779,simulation
1974-09-29,0.9920955,simulation
1974-09-30,0.99082893,simulation
1974-10-01,0.9913879,simulation
1974-10-02,0.9917656,simulation
1974-10-03,0.9926917,simulation
1974-10-04,0.993141,simulation
1974-10-05,0.9929725,simulation
1974-10-06,0.99327534,simulation
1974-10-07,0.99297774,simulation
1974-10-08,0.99417496,simulation
1974-10-09,0.99737316,simulation
1974-10-10,0.99329215,simulation
1974-10-11,0.993442,simulation
1974-10-12,0.99685985,simulation
1974-10-13,0.9979693,simulation
1974-10-14,0.995218,simulation
1974-10-15,0.9989072,simulation
1974-10-16,0.993597,simulation
1974-10-17,0.99388975,simulation
1974-10-18,0.9941754,simulation
1974-10-19,0.9931504,simulation
1974-10-20,0.9941562,simulation
1974-10-21,0.9952516,simulation
1974-10-22,0.99386066,simulation
1974-10-23,0.99678296,simulation
1974-10-24,0.99452114,simulation
1974-10-25,0.998203,simulation
1974-10-26,0.99466145,simulation
1974-10-27,0.99418956,simulation
1974-10-28,0.99784935,simulation
1974-10-29,0.9982046,simulation
1974-10-30,0.9968103,simulation
1974-10-31,0.9961191,simulation
1974-11-01,0.99848735,simulation
1974-11-02,0.9966376,simulation
1974-11-03,0.99615234,simulation
1974-11-04,0.9983014,simulation
1974-11-05,0.99773294,simulation
1974-11-06,0.997437,simulation
1974-11-07,0.9986352,simulation
1974-11-08,0.9990508,simulation
1974-11-09,0.99676025,simulation
1974-11-10,0.99545485,simulation
1974-11-11,0.9983568,simulation
1974-11-12,0.9948205,simulation
1974-11-13,0.9953995,simulation
1974-11-14,0.99882364,simulation
1974-11-15,0.996901,simulation
1974-11-16,0.9985617,simulation
1974-11-17,0.999018,simulation
1974-11-18,0.99824,simulation
1974-11-19,0.9976782,simulation
1974-11-20,0.99453044,simulation
1974-11-21,0.9949355,simulation
1974-11-22,0.99437106,simulation
1974-11-23,0.99445593,simulation
1974-11-24,0.9957829,simulation
1974-11-25,0.9947791,simulation
1974-11-26,0.9955427,simulation
1974-11-27,0.9957168,simulation
1974-11-28,0.99670136,simulation
1974-11-29,0.9968568,simulation
1974-11-30,0.99790466,simulation
1974-12-01,0.99677455,simulation
1974-12-02,0.99569213,simulation
1974-12-03,0.9962545,simulation
1974-12-04,0.9966535,simulation
1974-12-05,0.99641883,simulation
1974-12-06,0.99796116,simulation
1974-12-07,0.988202,simulation
1974-12-08,0.98646903,simulation
1974-12-09,0.9890182,simulation
1974-12-10,0.9915326,simulation
1974-12-11,0.992626,simulation
1974-12-12,0.9926527,simulation
1974-12-13,0.9934227,simulation
1974-12-14,0.99363124,simulation
1974-12-15,0.9948778,simulation
1974-12-16,0.9939273,simulation
1974-12-17,0.9950853,simulation
1974-12-18,0.99477506,simulation
1974-12-19,0.9963838,simulation
1974-12-20,0.995375,simulation
1974-12-21,0.9938827,simulation
1974-12-22,0.9942839,simulation
1974-12-23,0.9965071,simulation
1974-12-24,0.9795019,simulation
1974-12-25,0.98533136,simulation
1974-12-26,0.9871034,simulation
1974-12-27,0.989949,simulation
1974-12-28,0.99216217,simulation
1974-12-29,0.992725,simulation
1974-12-30,0.99348015,simulation
1974-12-31,0.9942656,simulation
1975-01-01,0.9947906,simulation
1975-01-02,0.99380815,simulation
1975-01-03,0.9962613,simulation
1975-01-04,0.99494773,simulation
1975-01-05,0.9960532,simulation
1975-01-06,0.9958762,simulation
1975-01-07,0.99685144,simulation
1975-01-08,0.99272275,simulation
1975-01-09,0.9900292,simulation
1975-01-10,0.9921447,simulation
1975-01-11,0.976582,simulation
1975-01-12,0.98526806,simulation
1975-01-13,0.98363125,simulation
1975-01-14,0.9880789,simulation
1975-01-15,0.98969424,simulation
1975-01-16,0.99280393,simulation
1975-01-17,0.99369055,simulation
1975-01-18,0.9937302,simulation
1975-01-19,0.9948214,simulation
1975-01-20,0.99301505,simulation
1975-01-21,0.99427575,simulation
1975-01-22,0.99505395,simulation
1975-01-23,0.99545145,simulation
1975-01-24,0.99656254,simulation
1975-01-25,0.98857033,simulation
1975-01-26,0.9901005,simulation
1975-01-27,0.99117655,simulation
1975-01-28,0.99412596,simulation
1975-01-29,0.9949729,simulation
1975-01-30,0.9959182,simulation
1975-01-31,0.9954521,simulation
1975-02-01,0.9964168,simulation
1975-02-02,0.997153,simulation
1975-02-03,0.9970526,simulation
1975-02-04,0.99663943,simulation
1975-02-05,0.99521345,simulation
1975-02-06,0.9962003,simulation
1975-02-07,0.99530447,simulation
1975-02-08,0.9949487,simulation
1975-02-09,0.99713564,simulation
1975-02-10,0.9973215,simulation
1975-02-11,0.99726856,simulation
1975-02-12,0.9966507,simulation
1975-02-13,0.99490815,simulation
1975-02-14,0.9939167,simulation
1975-02-15,0.9968089,simulation
1975-02-16,0.9943618,simulation
1975-02-17,0.982102,simulation
1975-02-18,0.98721,simulation
1975-02-19,0.98963994,simulation
1975-02-20,0.9914038,simulation
1975-02-21,0.98924685,simulation
1975-02-22,0.9941785,simulation
1975-02-23,0.9945335,simulation
1975-02-24,0.9890334,simulation
1975-02-25,0.9902056,simulation
1975-02-26,0.99158776,simulation
1975-02-27,0.9939627,simulation
1975-02-28,0.99623346,simulation
1975-03-01,0.9941442,simulation
1975-03-02,0.9938482,simulation
1975-03-03,0.9961609,simulation
1975-03-04,0.9970672,simulation
1975-03-05,0.99404144,simulation
1975-03-06,0.99672556,simulation
1975-03-07,0.99544686,simulation
1975-03-08,0.9928443,simulation
1975-03-09,0.9965166,simulation
1975-03-10,0.99699694,simulation
1975-03-11,0.99719566,simulation
1975-03-12,0.9948695,simulation
1975-03-13,0.99822927,simulation
1975-03-14,0.9937112,simulation
1975-03-15,0.99554646,simulation
1975-03-16,0.99501634,simulation
1975-03-17,0.9943895,simulation
1975-03-18,0.9898503,simulation
1975-03-19,0.98611885,simulation
1975-03-20,0.98985666,simulation
1975-03-21,0.9904261,simulation
1975-03-22,0.9941849,simulation
1975-03-23,0.9950244,simulation
1975-03-24,0.9898868,simulation
1975-03-25,0.98962855,simulation
1975-03-26,0.99073875,simulation
1975-03-27,0.99366206,simulation
1975-03-28,0.99599886,simulation
1975-03-29,0.99714565,simulation
1975-03-30,0.9943297,simulation
1975-03-31,0.9941131,simulation
1975-04-01,0.9956397,simulation
1975-04-02,0.9963307,simulation
1975-04-03,0.98754233,simulation
1975-04-04,0.99174976,simulation
1975-04-05,0.99199533,simulation
1975-04-06,0.9919532,simulation
1975-04-07,0.99553895,simulation
1975-04-08,0.99655795,simulation
1975-04-09,0.99458474,simulation
1975-04-10,0.9947603,simulation
1975-04-11,0.9899466,simulation
1975-04-12,0.989738,simulation
1975-04-13,0.9957386,simulation
1975-04-14,0.9954099,simulation
1975-04-15,0.9870093,simulation
1975-04-16,0.98948324,simulation
1975-04-17,0.9923627,simulation
1975-04-18,0.9925147,simulation
1975-04-19,0.9955352,simulation
1975-04-20,0.99499315,simulation
1975-04-21,0.9908512,simulation
1975-04-22,0.99317145,simulation
1975-04-23,0.99613446,simulation
1975-04-24,0.9934847,simulation
1975-04-25,0.99418545,simulation
1975-04-26,0.9940664,simulation
1975-04-27,0.9946146,simulation
1975-04-28,0.99708945,simulation
1975-04-29,0.99798375,simulation
1975-04-30,0.996557,simulation
1975-05-01,0.9834148,simulation
1975-05-02,0.98827916,simulation
1975-05-03,0.99238354,simulation
1975-05-04,0.9846441,simulation
1975-05-05,0.98863125,simulation
1975-05-06,0.9908924,simulation
1975-05-07,0.9887127,simulation
1975-05-08,0.9831567,simulation
1975-05-09,0.9826815,simulation
1975-05-10,0.9844058,simulation
1975-05-11,0.98592156,simulation
1975-05-12,0.98654306,simulation
1975-05-13,0.9899187,simulation
1975-05-14,0.99484086,simulation
1975-05-15,0.9917415,simulation
1975-05-16,0.9903271,simulation
1975-05-17,0.9908538,simulation
1975-05-18,0.9887279,simulation
1975-05-19,0.9888205,simulation
1975-05-20,0.98976684,simulation
1975-05-21,0.99066156,simulation
1975-05-22,0.9886581,simulation
1975-05-23,0.99007344,simulation
1975-05-24,0.9925338,simulation
1975-05-25,0.9943454,simulation
1975-05-26,0.9925955,simulation
1975-05-27,0.99123394,simulation
1975-05-28,0.9923432,simulation
1975-05-29,0.99639136,simulation
1975-05-30,0.997246,simulation
1975-05-31,0.9954496,simulation
1975-06-01,0.99190503,simulation
1975-06-02,0.9889562,simulation
1975-06-03,0.9895854,simulation
1975-06-04,0.9904531,simulation
1975-06-05,0.99430937,simulation
1975-06-06,0.9962105,simulation
1975-06-07,0.9966421,simulation
1975-06-08,0.99789894,simulation
1975-06-09,0.99762875,simulation
1975-06-10,0.9973948,simulation
1975-06-11,0.9968213,simulation
1975-06-12,0.9941821,simulation
1975-06-13,0.9902105,simulation
1975-06-14,0.9947755,simulation
1975-06-15,0.9952062,simulation
1975-06-16,0.9898304,simulation
1975-06-17,0.9900113,simulation
1975-06-18,0.99297637,simulation
1975-06-19,0.9904718,simulation
1975-06-20,0.99045926,simulation
1975-06-21,0.9916489,simulation
1975-06-22,0.99184054,simulation
1975-06-23,0.9909951,simulation
1975-06-24,0.9912865,simulation
1975-06-25,0.98960865,simulation
1975-06-26,0.9912432,simulation
1975-06-27,0.99375945,simulation
1975-06-28,0.99266255,simulation
1975-06-29,0.9934636,simulation
1975-06-30,0.9942141,simulation
1975-07-01,0.99082524,simulation
1975-07-02,0.992241,simulation
1975-07-03,0.9942899,simulation
1975-07-04,0.9918308,simulation
1975-07-05,0.9902415,simulation
1975-07-06,0.99277544,simulation
1975-07-07,0.99079406,simulation
1975-07-08,0.9970493,simulation
1975-07-09,0.99182785,simulation
1975-07-10,0.9952083,simulation
1975-07-11,0.9959932,simulation
1975-07-12,0.9912074,simulation
1975-07-13,0.99111325,simulation
1975-07-14,0.9966729,simulation
1975-07-15,0.9949663,simulation
1975-07-16,0.99350214,simulation
1975-07-17,0.9941743,simulation
1975-07-18,0.99399537,simulation
1975-07-19,0.9954078,simulation
1975-07-20,0.99499166,simulation
1975-07-21,0.9943152,simulation
1975-07-22,0.9932128,simulation
1975-07-23,0.9924022,simulation
1975-07-24,0.99371755,simulation
1975-07-25,0.9969866,simulation
1975-07-26,0.995395,simulation
1975-07-27,0.99369466,simulation
1975-07-28,0.9956193,simulation
1975-07-29,0.9958203,simulation
1975-07-30,0.9984175,simulation
1975-07-31,0.9972015,simulation
1975-08-01,0.99709344,simulation
1975-08-02,0.99237186,simulation
1975-08-03,0.9919208,simulation
1975-08-04,0.99386734,simulation
1975-08-05,0.99278504,simulation
1975-08-06,0.98842233,simulation
1975-08-07,0.99231243,simulation
1975-08-08,0.9902253,simulation
1975-08-09,0.9950959,simulation
1975-08-10,0.994464,simulation
1975-08-11,0.99273485,simulation
1975-08-12,0.992495,simulation
1975-08-13,0.99255043,simulation
1975-08-14,0.991568,simulation
1975-08-15,0.9925084,simulation
1975-08-16,0.9931675,simulation
1975-08-17,0.99274427,simulation
1975-08-18,0.99314994,simulation
1975-08-19,0.9924924,simulation
1975-08-20,0.9916651,simulation
1975-08-21,0.9920449,simulation
1975-08-22,0.99220765,simulation
1975-08-23,0.9929154,simulation
1975-08-24,0.9917829,simulation
1975-08-25,0.99265915,simulation
1975-08-26,0.99148566,simulation
1975-08-27,0.9907236,simulation
1975-08-28,0.9907609,simulation
1975-08-29,0.9924859,simulation
1975-08-30,0.9917856,simulation
1975-08-31,0.9916717,simulation
1975-09-01,0.9911997,simulation
1975-09-02,0.9899994,simulation
1975-09-03,0.98957896,simulation
1975-09-04,0.9909434,simulation
1975-09-05,0.9948785,simulation
1975-09-06,0.9985512,simulation
1975-09-07,0.9977954,simulation
1975-09-08,0.99670255,simulation
1975-09-09,0.99527633,simulation
1975-09-10,0.993094,simulation
1975-09-11,0.9942985,simulation
1975-09-12,0.99510527,simulation
1975-09-13,0.9934999,simulation
1975-09-14,0.99485826,simulation
1975-09-15,0.9977149,simulation
1975-09-16,0.998706,simulation
1975-09-17,0.9980767,simulation
1975-09-18,0.9929777,simulation
1975-09-19,0.9932755,simulation
1975-09-20,0.994012,simulation
1975-09-21,0.9919166,simulation
1975-09-22,0.9984005,simulation
1975-09-23,0.99698883,simulation
1975-09-24,0.9941564,simulation
1975-09-25,0.9932188,simulation
1975-09-26,0.99320525,simulation
1975-09-27,0.9930813,simulation
1975-09-28,0.9931032,simulation
1975-09-29,0.9931035,simulation
1975-09-30,0.9980275,simulation
1975-10-01,0.9983643,simulation
1975-10-02,0.9921641,simulation
1975-10-03,0.99438864,simulation
1975-10-04,0.99760616,simulation
1975-10-05,0.9988127,simulation
1975-10-06,0.9988774,simulation
1975-10-07,0.9990259,simulation
1975-10-08,0.994849,simulation
1975-10-09,0.99349964,simulation
1975-10-10,0.9931709,simulation
1975-10-11,0.9930401,simulation
1975-10-12,0.99336314,simulation
1975-10-13,0.993055,simulation
1975-10-14,0.9935607,simulation
1975-10-15,0.99774545,simulation
1975-10-16,0.99928075,simulation
1975-10-17,0.98543465,simulation
1975-10-18,0.9863187,simulation
1975-10-19,0.98821974,simulation
1975-10-20,0.9897668,simulation
1975-10-21,0.9906818,simulation
1975-10-22,0.9932624,simulation
1975-10-23,0.9949305,simulation
1975-10-24,0.99500215,simulation
1975-10-25,0.99685955,simulation
1975-10-26,0.99750745,simulation
1975-10-27,0.99704504,simulation
1975-10-28,0.9942622,simulation
1975-10-29,0.9944394,simulation
1975-10-30,0.9931602,simulation
1975-10-31,0.994652,simulation
1975-11-01,0.99365985,simulation
1975-11-02,0.99437284,simulation
1975-11-03,0.99610823,simulation
1975-11-04,0.99830574,simulation
1975-11-05,0.9982894,simulation
1975-11-06,0.99870884,simulation
1975-11-07,0.99807596,simulation
1975-11-08,0.9975952,simulation
1975-11-09,0.99830174,simulation
1975-11-10,0.99761623,simulation
1975-11-11,0.99683946,simulation
1975-11-12,0.9939595,simulation
1975-11-13,0.99534464,simulation
1975-11-14,0.99679625,simulation
1975-11-15,0.99598485,simulation
1975-11-16,0.99583524,simulation
1975-11-17,0.99587613,simulation
1975-11-18,0.99763787,simulation
1975-11-19,0.9952762,simulation
1975-11-20,0.9985517,simulation
1975-11-21,0.9966602,simulation
1975-11-22,0.99829364,simulation
1975-11-23,0.99880266,simulation
1975-11-24,0.9987917,simulation
1975-11-25,0.99769217,simulation
1975-11-26,0.9989639,simulation
1975-11-27,0.99720854,simulation
1975-11-28,0.99781245,simulation
1975-11-29,0.9978084,simulation
1975-11-30,0.9982971,simulation
1975-12-01,0.9958383,simulation
1975-12-02,0.9966526,simulation
1975-12-03,0.99639124,simulation
1975-12-04,0.99738795,simulation
1975-12-05,0.99745095,simulation
1975-12-06,0.99842745,simulation
1975-12-07,0.99849737,simulation
1975-12-08,0.9983751,simulation
1975-12-09,0.99759,simulation
1975-12-10,0.9972925,simulation
1975-12-11,0.9963346,simulation
1975-12-12,0.9975306,simulation
1975-12-13,0.9966919,simulation
1975-12-14,0.99747336,simulation
1975-12-15,0.9982819,simulation
1975-12-16,0.9990958,simulation
1975-12-17,0.99801344,simulation
1975-12-18,0.9970572,simulation
1975-12-19,0.9973356,simulation
1975-12-20,0.9972287,simulation
1975-12-21,0.9972083,simulation
1975-12-22,0.9976191,simulation
1975-12-23,0.9969849,simulation
1975-12-24,0.99779105,simulation
1975-12-25,0.99854505,simulation
1975-12-26,0.9971951,simulation
1975-12-27,0.9964941,simulation
1975-12-28,0.9962426,simulation
1975-12-29,0.99756277,simulation
1975-12-30,0.99730366,simulation
1975-12-31,0.9960032,simulation
1976-01-01,0.9952106,simulation
1976-01-02,0.99612045,simulation
1976-01-03,0.99614733,simulation
1976-01-04,0.9955047,simulation
1976-01-05,0.99606174,simulation
1976-01-06,0.99491435,simulation
1976-01-07,0.99735314,simulation
1976-01-08,0.99603564,simulation
1976-01-09,0.9959735,simulation
1976-01-10,0.9959041,simulation
1976-01-11,0.99715143,simulation
1976-01-12,0.9975821,simulation
1976-01-13,0.9968405,simulation
1976-01-14,0.9949408,simulation
1976-01-15,0.99543583,simulation
1976-01-16,0.9960848,simulation
1976-01-17,0.9954368,simulation
1976-01-18,0.9963129,simulation
1976-01-19,0.994889,simulation
1976-01-20,0.99785596,simulation
1976-01-21,0.9962112,simulation
1976-01-22,0.9964978,simulation
1976-01-23,0.99547744,simulation
1976-01-24,0.9979718,simulation
1976-01-25,0.99826854,simulation
1976-01-26,0.9963504,simulation
1976-01-27,0.994296,simulation
1976-01-28,0.99490535,simulation
1976-01-29,0.9944605,simulation
1976-01-30,0.9943109,simulation
1976-01-31,0.99726796,simulation
1976-02-01,0.99428314,simulation
1976-02-02,0.99536556,simulation
1976-02-03,0.99498135,simulation
1976-02-04,0.9973333,simulation
1976-02-05,0.9972798,simulation
1976-02-06,0.9981808,simulation
1976-02-07,0.9964027,simulation
1976-02-08,0.9958141,simulation
1976-02-09,0.99560684,simulation
1976-02-10,0.9974203,simulation
1976-02-11,0.99787277,simulation
1976-02-12,0.99751854,simulation
1976-02-13,0.9972028,simulation
1976-02-14,0.99695694,simulation
1976-02-15,0.9981237,simulation
1976-02-16,0.99705094,simulation
1976-02-17,0.9956153,simulation
1976-02-18,0.9944177,simulation
1976-02-19,0.9946893,simulation
1976-02-20,0.99622595,simulation
1976-02-21,0.99806654,simulation
1976-02-22,0.9976112,simulation
1976-02-23,0.99523145,simulation
1976-02-24,0.99440855,simulation
1976-02-25,0.995788,simulation
1976-02-26,0.99491775,simulation
1976-02-27,0.99484974,simulation
1976-02-28,0.99495137,simulation
1976-02-29,0.9978149,simulation
1976-03-01,0.995146,simulation
1976-03-02,0.9983604,simulation
1976-03-03,0.99818516,simulation
1976-03-04,0.99496573,simulation
1976-03-05,0.998281,simulation
1976-03-06,0.9992713,simulation
1976-03-07,0.9974655,simulation
1976-03-08,0.99822456,simulation
1976-03-09,0.99609834,simulation
1976-03-10,0.99350035,simulation
1976-03-11,0.99518144,simulation
1976-03-12,0.9966977,simulation
1976-03-13,0.9960214,simulation
1976-03-14,0.99613166,simulation
1976-03-15,0.99191135,simulation
1976-03-16,0.9829015,simulation
1976-03-17,0.98010385,simulation
1976-03-18,0.98516476,simulation
1976-03-19,0.9894033,simulation
1976-03-20,0.99087757,simulation
1976-03-21,0.98899925,simulation
1976-03-22,0.9881976,simulation
1976-03-23,0.98855144,simulation
1976-03-24,0.99448055,simulation
1976-03-25,0.99433136,simulation
1976-03-26,0.99462044,simulation
1976-03-27,0.989185,simulation
1976-03-28,0.9918666,simulation
1976-03-29,0.9933105,simulation
1976-03-30,0.9915969,simulation
1976-03-31,0.9680051,simulation
1976-04-01,0.97083235,simulation
1976-04-02,0.9790078,simulation
1976-04-03,0.9867381,simulation
1976-04-04,0.9893383,simulation
1976-04-05,0.9924408,simulation
1976-04-06,0.9903395,simulation
1976-04-07,0.99134433,simulation
1976-04-08,0.9934662,simulation
1976-04-09,0.99070615,simulation
1976-04-10,0.9954597,simulation
1976-04-11,0.9908403,simulation
1976-04-12,0.9916457,simulation
1976-04-13,0.9975528,simulation
1976-04-14,0.9938033,simulation
1976-04-15,0.992363,simulation
1976-04-16,0.99528253,simulation
1976-04-17,0.9925345,simulation
1976-04-18,0.9942927,simulation
1976-04-19,0.9940669,simulation
1976-04-20,0.99762666,simulation
1976-04-21,0.99227923,simulation
1976-04-22,0.9911835,simulation
1976-04-23,0.99313384,simulation
1976-04-24,0.9984814,simulation
1976-04-25,0.9924062,simulation
1976-04-26,0.99534976,simulation
1976-04-27,0.99271446,simulation
1976-04-28,0.9954191,simulation
1976-04-29,0.9970553,simulation
1976-04-30,0.9989868,simulation
1976-05-01,0.99570054,simulation
1976-05-02,0.99192953,simulation
1976-05-03,0.99096334,simulation
1976-05-04,0.9912428,simulation
1976-05-05,0.9917313,simulation
1976-05-06,0.9957097,simulation
1976-05-07,0.9991515,simulation
1976-05-08,0.9973856,simulation
1976-05-09,0.99481285,simulation
1976-05-10,0.9970522,simulation
1976-05-11,0.9957131,simulation
1976-05-12,0.9919568,simulation
1976-05-13,0.9977979,simulation
1976-05-14,0.9946899,simulation
1976-05-15,0.9847042,simulation
1976-05-16,0.9872955,simulation
1976-05-17,0.98816967,simulation
1976-05-18,0.98722315,simulation
1976-05-19,0.9884391,simulation
1976-05-20,0.9922474,simulation
1976-05-21,0.9948413,simulation
1976-05-22,0.99674225,simulation
1976-05-23,0.9910079,simulation
1976-05-24,0.9937238,simulation
1976-05-25,0.9899879,simulation
1976-05-26,0.99736416,simulation
1976-05-27,0.99763983,simulation
1976-05-28,0.99520457,simulation
1976-05-29,0.99019384,simulation
1976-05-30,0.9893991,simulation
1976-05-31,0.9964227,simulation
1976-06-01,0.99654394,simulation
1976-06-02,0.99196196,simulation
1976-06-03,0.99193764,simulation
1976-06-04,0.99033695,simulation
1976-06-05,0.99676955,simulation
1976-06-06,0.99073374,simulation
1976-06-07,0.9889346,simulation
1976-06-08,0.99083483,simulation
1976-06-09,0.9903985,simulation
1976-06-10,0.9899516,simulation
1976-06-11,0.98938227,simulation
1976-06-12,0.9895172,simulation
1976-06-13,0.98919815,simulation
1976-06-14,0.98891664,simulation
1976-06-15,0.9909031,simulation
1976-06-16,0.9984918,simulation
1976-06-17,0.9968228,simulation
1976-06-18,0.99535835,simulation
1976-06-19,0.99752855,simulation
1976-06-20,0.9907373,simulation
1976-06-21,0.98988205,simulation
1976-06-22,0.9941608,simulation
1976-06-23,0.99119604,simulation
1976-06-24,0.9949976,simulation
1976-06-25,0.99332803,simulation
1976-06-26,0.9952374,simulation
1976-06-27,0.99545276,simulation
1976-06-28,0.99582034,simulation
1976-06-29,0.9904791,simulation
1976-06-30,0.995303,simulation
1976-07-01,0.99539375,simulation
1976-07-02,0.99448866,simulation
1976-07-03,0.9937085,simulation
1976-07-04,0.9986625,simulation
1976-07-05,0.998321,simulation
1976-07-06,0.9928539,simulation
1976-07-07,0.9913487,simulation
1976-07-08,0.99285275,simulation
1976-07-09,0.990635,simulation
1976-07-10,0.9914931,simulation
1976-07-11,0.99070406,simulation
1976-07-12,0.9905982,simulation
1976-07-13,0.9907897,simulation
1976-07-14,0.99279094,simulation
1976-07-15,0.9926889,simulation
1976-07-16,0.991751,simulation
1976-07-17,0.99672925,simulation
1976-07-18,0.9914973,simulation
1976-07-19,0.9924897,simulation
1976-07-20,0.98979944,simulation
1976-07-21,0.9905316,simulation
1976-07-22,0.99040586,simulation
1976-07-23,0.9898306,simulation
1976-07-24,0.99015754,simulation
1976-07-25,0.9937293,simulation
1976-07-26,0.9894389,simulation
1976-07-27,0.991755,simulation
1976-07-28,0.99512583,simulation
1976-07-29,0.99127585,simulation
1976-07-30,0.9927172,simulation
1976-07-31,0.9923593,simulation
1976-08-01,0.99534094,simulation
1976-08-02,0.99524814,simulation
1976-08-03,0.98914707,simulation
1976-08-04,0.99230015,simulation
1976-08-05,0.9909968,simulation
1976-08-06,0.9937826,simulation
1976-08-07,0.99089164,simulation
1976-08-08,0.9913409,simulation
1976-08-09,0.98884654,simulation
1976-08-10,0.98928076,simulation
1976-08-11,0.98928934,simulation
1976-08-12,0.9899257,simulation
1976-08-13,0.9920591,simulation
1976-08-14,0.9917365,simulation
1976-08-15,0.9908184,simulation
1976-08-16,0.991587,simulation
1976-08-17,0.98900336,simulation
1976-08-18,0.9890011,simulation
1976-08-19,0.988268,simulation
1976-08-20,0.98810613,simulation
1976-08-21,0.9909082,simulation
1976-08-22,0.99500555,simulation
1976-08-23,0.98937124,simulation
1976-08-24,0.992982,simulation
1976-08-25,0.9908926,simulation
1976-08-26,0.99242365,simulation
1976-08-27,0.99800545,simulation
1976-08-28,0.9964344,simulation
1976-08-29,0.99186444,simulation
1976-08-30,0.99636304,simulation
1976-08-31,0.9933471,simulation
1976-09-01,0.99795616,simulation
1976-09-02,0.99791205,simulation
1976-09-03,0.99696285,simulation
1976-09-04,0.99753696,simulation
1976-09-05,0.9948394,simulation
1976-09-06,0.9941888,simulation
1976-09-07,0.9987065,simulation
1976-09-08,0.99736804,simulation
1976-09-09,0.99572235,simulation
1976-09-10,0.99527293,simulation
1976-09-11,0.9919039,simulation
1976-09-12,0.9911033,simulation
1976-09-13,0.990787,simulation
1976-09-14,0.9926104,simulation
1976-09-15,0.99177945,simulation
1976-09-16,0.9915422,simulation
1976-09-17,0.9928483,simulation
1976-09-18,0.99657756,simulation
1976-09-19,0.99433064,simulation
1976-09-20,0.99653935,simulation
1976-09-21,0.99621356,simulation
1976-09-22,0.99120057,simulation
1976-09-23,0.9921621,simulation
1976-09-24,0.99336165,simulation
1976-09-25,0.99669576,simulation
1976-09-26,0.995237,simulation
1976-09-27,0.9985108,simulation
1976-09-28,0.999191,simulation
1976-09-29,0.99903303,simulation
1976-09-30,0.9940819,simulation
1976-10-01,0.9919409,simulation
1976-10-02,0.9914849,simulation
1976-10-03,0.9918606,simulation
1976-10-04,0.9922776,simulation
1976-10-05,0.9943091,simulation
1976-10-06,0.99925965,simulation
1976-10-07,0.99915105,simulation
1976-10-08,0.9991477,simulation
1976-10-09,0.99353695,simulation
1976-10-10,0.99335057,simulation
1976-10-11,0.993059,simulation
1976-10-12,0.99313676,simulation
1976-10-13,0.99369955,simulation
1976-10-14,0.99322957,simulation
1976-10-15,0.99495596,simulation
1976-10-16,0.9990229,simulation
1976-10-17,0.99278617,simulation
1976-10-18,0.9936468,simulation
1976-10-19,0.9987262,simulation
1976-10-20,0.99832684,simulation
1976-10-21,0.99478227,simulation
1976-10-22,0.9942968,simulation
1976-10-23,0.99595654,simulation
1976-10-24,0.9991366,simulation
1976-10-25,0.9990041,simulation
1976-10-26,0.9984779,simulation
1976-10-27,0.9984409,simulation
1976-10-28,0.998767,simulation
1976-10-29,0.9989732,simulation
1976-10-30,0.9989655,simulation
1976-10-31,0.9967102,simulation
1976-11-01,0.9951924,simulation
1976-11-02,0.99595547,simulation
1976-11-03,0.99537283,simulation
1976-11-04,0.99677515,simulation
1976-11-05,0.99612427,simulation
1976-11-06,0.9950611,simulation
1976-11-07,0.9948809,simulation
1976-11-08,0.9954869,simulation
1976-11-09,0.99441147,simulation
1976-11-10,0.9988855,simulation
1976-11-11,0.99934906,simulation
1976-11-12,0.9958932,simulation
1976-11-13,0.99885315,simulation
1976-11-14,0.9997269,simulation
1976-11-15,0.99963415,simulation
1976-11-16,0.99926907,simulation
1976-11-17,0.9991223,simulation
1976-11-18,0.9982222,simulation
1976-11-19,0.99929464,simulation
1976-11-20,0.9997116,simulation
1976-11-21,0.9959128,simulation
1976-11-22,0.99756044,simulation
1976-11-23,0.9985126,simulation
1976-11-24,0.9969182,simulation
1976-11-25,0.9983434,simulation
1976-11-26,0.9991795,simulation
1976-11-27,0.99929833,simulation
1976-11-28,0.99951655,simulation
1976-11-29,0.99846023,simulation
1976-11-30,0.99810016,simulation
1976-12-01,0.99752265,simulation
1976-12-02,0.9980512,simulation
1976-12-03,0.9977445,simulation
1976-12-04,0.99771196,simulation
1976-12-05,0.99757016,simulation
1976-12-06,0.99917465,simulation
1976-12-07,0.9990088,simulation
1976-12-08,0.9977505,simulation
1976-12-09,0.99715847,simulation
1976-12-10,0.9987023,simulation
1976-12-11,0.9993462,simulation
1976-12-12,0.9992662,simulation
1976-12-13,0.99800736,simulation
1976-12-14,0.9981315,simulation
1976-12-15,0.99829626,simulation
1976-12-16,0.9965455,simulation
1976-12-17,0.9970551,simulation
1976-12-18,0.9968447,simulation
1976-12-19,0.99794465,simulation
1976-12-20,0.99799484,simulation
1976-12-21,0.9966825,simulation
1976-12-22,0.99809206,simulation
1976-12-23,0.9980175,simulation
1976-12-24,0.99750006,simulation
1976-12-25,0.9984574,simulation
1976-12-26,0.9932571,simulation
1976-12-27,0.9943591,simulation
1976-12-28,0.9957268,simulation
1976-12-29,0.99511236,simulation
1976-12-30,0.99639165,simulation
1976-12-31,0.99613845,simulation
1977-01-01,0.99667263,simulation
1977-01-02,0.9972681,simulation
1977-01-03,0.9971699,simulation
1977-01-04,0.99558127,simulation
1977-01-05,0.9952516,simulation
1977-01-06,0.99640614,simulation
1977-01-07,0.99541944,simulation
1977-01-08,0.9958501,simulation
1977-01-09,0.99646294,simulation
1977-01-10,0.9839293,simulation
1977-01-11,0.98818636,simulation
1977-01-12,0.9907585,simulation
1977-01-13,0.9921635,simulation
1977-01-14,0.99071074,simulation
1977-01-15,0.98588914,simulation
1977-01-16,0.989362,simulation
1977-01-17,0.99137443,simulation
1977-01-18,0.99310553,simulation
1977-01-19,0.9933378,simulation
1977-01-20,0.9928286,simulation
1977-01-21,0.99421096,simulation
1977-01-22,0.99547213,simulation
1977-01-23,0.99587554,simulation
1977-01-24,0.9955707,simulation
1977-01-25,0.99396217,simulation
1977-01-26,0.9949888,simulation
1977-01-27,0.9958094,simulation
1977-01-28,0.99522823,simulation
1977-01-29,0.99538034,simulation
1977-01-30,0.99699944,simulation
1977-01-31,0.9957718,simulation
1977-02-01,0.9964747,simulation
1977-02-02,0.9951132,simulation
1977-02-03,0.99751145,simulation
1977-02-04,0.99536824,simulation
1977-02-05,0.9936915,simulation
1977-02-06,0.99476194,simulation
1977-02-07,0.99484605,simulation
1977-02-08,0.9972055,simulation
1977-02-09,0.9952283,simulation
1977-02-10,0.9953269,simulation
1977-02-11,0.99746776,simulation
1977-02-12,0.99815995,simulation
1977-02-13,0.9943585,simulation
1977-02-14,0.99386024,simulation
1977-02-15,0.9966554,simulation
1977-02-16,0.9958889,simulation
1977-02-17,0.9958909,simulation
1977-02-18,0.9967207,simulation
1977-02-19,0.9958564,simulation
1977-02-20,0.99480414,simulation
1977-02-21,0.9944884,simulation
1977-02-22,0.99452645,simulation
1977-02-23,0.997779,simulation
1977-02-24,0.994573,simulation
1977-02-25,0.99091583,simulation
1977-02-26,0.9965731,simulation
1977-02-27,0.99498373,simulation
1977-02-28,0.99379075,simulation
1977-03-01,0.99323916,simulation
1977-03-02,0.9946086,simulation
1977-03-03,0.9967142,simulation
1977-03-04,0.98223513,simulation
1977-03-05,0.9849725,simulation
1977-03-06,0.978756,simulation
1977-03-07,0.9782983,simulation
1977-03-08,0.98486626,simulation
1977-03-09,0.9901938,simulation
1977-03-10,0.9921167,simulation
1977-03-11,0.9920977,simulation
1977-03-12,0.99098843,simulation
1977-03-13,0.98013973,simulation
1977-03-14,0.9845723,simulation
1977-03-15,0.9907417,simulation
1977-03-16,0.99033,simulation
1977-03-17,0.99327487,simulation
1977-03-18,0.99200326,simulation
1977-03-19,0.99500024,simulation
1977-03-20,0.9935378,simulation
1977-03-21,0.9968822,simulation
1977-03-22,0.98915553,simulation
1977-03-23,0.99085855,simulation
1977-03-24,0.9957924,simulation
1977-03-25,0.9939324,simulation
1977-03-26,0.9951844,simulation
1977-03-27,0.99654484,simulation
1977-03-28,0.99220234,simulation
1977-03-29,0.9941547,simulation
1977-03-30,0.9849947,simulation
1977-03-31,0.98681885,simulation
1977-04-01,0.9788176,simulation
1977-04-02,0.9794911,simulation
1977-04-03,0.9852596,simulation
1977-04-04,0.9888616,simulation
1977-04-05,0.9724423,simulation
1977-04-06,0.9805734,simulation
1977-04-07,0.98371816,simulation
1977-04-08,0.9871233,simulation
1977-04-09,0.9878846,simulation
1977-04-10,0.98869604,simulation
1977-04-11,0.98955035,simulation
1977-04-12,0.9901262,simulation
1977-04-13,0.99098927,simulation
1977-04-14,0.99159926,simulation
1977-04-15,0.99255055,simulation
1977-04-16,0.99130094,simulation
1977-04-17,0.9952423,simulation
1977-04-18,0.9976472,simulation
1977-04-19,0.99663097,simulation
1977-04-20,0.9978952,simulation
1977-04-21,0.998131,simulation
1977-04-22,0.9867686,simulation
1977-04-23,0.9873541,simulation
1977-04-24,0.9908907,simulation
1977-04-25,0.9876571,simulation
1977-04-26,0.9898264,simulation
1977-04-27,0.9889587,simulation
1977-04-28,0.9912255,simulation
1977-04-29,0.9898612,simulation
1977-04-30,0.9897796,simulation
1977-05-01,0.99557346,simulation
1977-05-02,0.99787635,simulation
1977-05-03,0.99521816,simulation
1977-05-04,0.9944432,simulation
1977-05-05,0.99301463,simulation
1977-05-06,0.9936101,simulation
1977-05-07,0.9956006,simulation
1977-05-08,0.9928753,simulation
1977-05-09,0.9936277,simulation
1977-05-10,0.98966044,simulation
1977-05-11,0.992574,simulation
1977-05-12,0.9922861,simulation
1977-05-13,0.9936303,simulation
1977-05-14,0.9945463,simulation
1977-05-15,0.9936898,simulation
1977-05-16,0.99303967,simulation
1977-05-17,0.9943454,simulation
1977-05-18,0.99192214,simulation
1977-05-19,0.9907696,simulation
1977-05-20,0.99367857,simulation
1977-05-21,0.99386084,simulation
1977-05-22,0.99362296,simulation
1977-05-23,0.99209476,simulation
1977-05-24,0.991831,simulation
1977-05-25,0.9915973,simulation
1977-05-26,0.9925927,simulation
1977-05-27,0.990922,simulation
1977-05-28,0.99064857,simulation
1977-05-29,0.9897698,simulation
1977-05-30,0.98898494,simulation
1977-05-31,0.9920774,simulation
1977-06-01,0.99219954,simulation
1977-06-02,0.9895844,simulation
1977-06-03,0.9880288,simulation
1977-06-04,0.98903114,simulation
1977-06-05,0.99065423,simulation
1977-06-06,0.9860589,simulation
1977-06-07,0.9876091,simulation
1977-06-08,0.9874423,simulation
1977-06-09,0.9866296,simulation
1977-06-10,0.9864488,simulation
1977-06-11,0.9866937,simulation
1977-06-12,0.98591924,simulation
1977-06-13,0.993279,simulation
1977-06-14,0.998193,simulation
1977-06-15,0.99464405,simulation
1977-06-16,0.9930331,simulation
1977-06-17,0.9931161,simulation
1977-06-18,0.98931223,simulation
1977-06-19,0.99207354,simulation
1977-06-20,0.99167967,simulation
1977-06-21,0.98745334,simulation
1977-06-22,0.9861537,simulation
1977-06-23,0.98776054,simulation
1977-06-24,0.9876096,simulation
1977-06-25,0.98776793,simulation
1977-06-26,0.9885616,simulation
1977-06-27,0.9880479,simulation
1977-06-28,0.9866877,simulation
1977-06-29,0.98877305,simulation
1977-06-30,0.98743004,simulation
1977-07-01,0.98780006,simulation
1977-07-02,0.9923706,simulation
1977-07-03,0.99181694,simulation
1977-07-04,0.9878943,simulation
1977-07-05,0.98473656,simulation
1977-07-06,0.9872337,simulation
1977-07-07,0.9904211,simulation
1977-07-08,0.989889,simulation
1977-07-09,0.99241984,simulation
1977-07-10,0.99567884,simulation
1977-07-11,0.9977787,simulation
1977-07-12,0.99557436,simulation
1977-07-13,0.9909429,simulation
1977-07-14,0.98701733,simulation
1977-07-15,0.98866916,simulation
1977-07-16,0.98726857,simulation
1977-07-17,0.9896833,simulation
1977-07-18,0.99043053,simulation
1977-07-19,0.993795,simulation
1977-07-20,0.9934349,simulation
1977-07-21,0.9943782,simulation
1977-07-22,0.9925147,simulation
1977-07-23,0.9920384,simulation
1977-07-24,0.99135077,simulation
1977-07-25,0.9926734,simulation
1977-07-26,0.998355,simulation
1977-07-27,0.99591786,simulation
1977-07-28,0.99806327,simulation
1977-07-29,0.99318475,simulation
1977-07-30,0.9967052,simulation
1977-07-31,0.99455124,simulation
1977-08-01,0.99483204,simulation
1977-08-02,0.9943703,simulation
1977-08-03,0.9930535,simulation
1977-08-04,0.9956408,simulation
1977-08-05,0.994259,simulation
1977-08-06,0.9924593,simulation
1977-08-07,0.9889369,simulation
1977-08-08,0.98968023,simulation
1977-08-09,0.990297,simulation
1977-08-10,0.99018675,simulation
1977-08-11,0.99200857,simulation
1977-08-12,0.99102485,simulation
1977-08-13,0.99028325,simulation
1977-08-14,0.99083227,simulation
1977-08-15,0.99238265,simulation
1977-08-16,0.99142855,simulation
1977-08-17,0.99594504,simulation
1977-08-18,0.9985041,simulation
1977-08-19,0.997035,simulation
1977-08-20,0.99551964,simulation
1977-08-21,0.99425405,simulation
1977-08-22,0.99429125,simulation
1977-08-23,0.99363786,simulation
1977-08-24,0.9928178,simulation
1977-08-25,0.9957231,simulation
1977-08-26,0.993908,simulation
1977-08-27,0.9924432,simulation
1977-08-28,0.9947475,simulation
1977-08-29,0.99056137,simulation
1977-08-30,0.98928154,simulation
1977-08-31,0.98833114,simulation
1977-09-01,0.988934,simulation
1977-09-02,0.9885554,simulation
1977-09-03,0.9899495,simulation
1977-09-04,0.99790514,simulation
1977-09-05,0.9987794,simulation
1977-09-06,0.998899,simulation
1977-09-07,0.9960313,simulation
1977-09-08,0.9927789,simulation
1977-09-09,0.9985427,simulation
1977-09-10,0.9970906,simulation
1977-09-11,0.99154365,simulation
1977-09-12,0.992567,simulation
1977-09-13,0.99578166,simulation
1977-09-14,0.9969795,simulation
1977-09-15,0.9987097,simulation
1977-09-16,0.99802005,simulation
1977-09-17,0.9955641,simulation
1977-09-18,0.99611664,simulation
1977-09-19,0.9980631,simulation
1977-09-20,0.99424946,simulation
1977-09-21,0.99206877,simulation
1977-09-22,0.9929361,simulation
1977-09-23,0.99530756,simulation
1977-09-24,0.9958069,simulation
1977-09-25,0.99580353,simulation
1977-09-26,0.99479294,simulation
1977-09-27,0.9956949,simulation
1977-09-28,0.99607575,simulation
1977-09-29,0.99815065,simulation
1977-09-30,0.9941816,simulation
1977-10-01,0.9954521,simulation
1977-10-02,0.9986731,simulation
1977-10-03,0.99246424,simulation
1977-10-04,0.99540895,simulation
1977-10-05,0.9969195,simulation
1977-10-06,0.9941429,simulation
1977-10-07,0.9981591,simulation
1977-10-08,0.9988788,simulation
1977-10-09,0.992928,simulation
1977-10-10,0.99764496,simulation
1977-10-11,0.9980153,simulation
1977-10-12,0.9931246,simulation
1977-10-13,0.99400073,simulation
1977-10-14,0.9942434,simulation
1977-10-15,0.99601525,simulation
1977-10-16,0.99435353,simulation
1977-10-17,0.9942873,simulation
1977-10-18,0.9936552,simulation
1977-10-19,0.99362385,simulation
1977-10-20,0.9982703,simulation
1977-10-21,0.99441665,simulation
1977-10-22,0.99405456,simulation
1977-10-23,0.9959271,simulation
1977-10-24,0.998586,simulation
1977-10-25,0.9981878,simulation
1977-10-26,0.9955366,simulation
1977-10-27,0.9932216,simulation
1977-10-28,0.9971893,simulation
1977-10-29,0.9962692,simulation
1977-10-30,0.9947655,simulation
1977-10-31,0.99701,simulation
1977-11-01,0.99499565,simulation
1977-11-02,0.99799,simulation
1977-11-03,0.9953221,simulation
1977-11-04,0.99758554,simulation
1977-11-05,0.9914524,simulation
1977-11-06,0.9924468,simulation
1977-11-07,0.99300945,simulation
1977-11-08,0.99124813,simulation
1977-11-09,0.994085,simulation
1977-11-10,0.9913385,simulation
1977-11-11,0.9927564,simulation
1977-11-12,0.99346596,simulation
1977-11-13,0.99583703,simulation
1977-11-14,0.9939375,simulation
1977-11-15,0.99677396,simulation
1977-11-16,0.99605584,simulation
1977-11-17,0.9959234,simulation
1977-11-18,0.99666005,simulation
1977-11-19,0.99757284,simulation
1977-11-20,0.99706286,simulation
1977-11-21,0.9976484,simulation
1977-11-22,0.989891,simulation
1977-11-23,0.9917409,simulation
1977-11-24,0.99281204,simulation
1977-11-25,0.9933796,simulation
1977-11-26,0.9926037,simulation
1977-11-27,0.9947127,simulation
1977-11-28,0.995661,simulation
1977-11-29,0.99157286,simulation
1977-11-30,0.98449546,simulation
1977-12-01,0.9840845,simulation
1977-12-02,0.9874045,simulation
1977-12-03,0.98998,simulation
1977-12-04,0.9918435,simulation
1977-12-05,0.99048716,simulation
1977-12-06,0.9929256,simulation
1977-12-07,0.99428004,simulation
1977-12-08,0.99446857,simulation
1977-12-09,0.9943105,simulation
1977-12-10,0.9946524,simulation
1977-12-11,0.99534583,simulation
1977-12-12,0.9952748,simulation
1977-12-13,0.99697435,simulation
1977-12-14,0.9943309,simulation
1977-12-15,0.99449235,simulation
1977-12-16,0.9946335,simulation
1977-12-17,0.99455154,simulation
1977-12-18,0.9935029,simulation
1977-12-19,0.99525094,simulation
1977-12-20,0.99465096,simulation
1977-12-21,0.9961327,simulation
1977-12-22,0.9965409,simulation
1977-12-23,0.99698955,simulation
1977-12-24,0.996993,simulation
1977-12-25,0.99533975,simulation
1977-12-26,0.99666446,simulation
1977-12-27,0.996759,simulation
1977-12-28,0.9977135,simulation
1977-12-29,0.9979397,simulation
1977-12-30,0.996467,simulation
1977-12-31,0.99627924,simulation
1978-01-01,0.99605876,simulation
1978-01-02,0.9963304,simulation
1978-01-03,0.9962173,simulation
1978-01-04,0.99649495,simulation
1978-01-05,0.99702144,simulation
1978-01-06,0.9969346,simulation
1978-01-07,0.9972639,simulation
1978-01-08,0.9974624,simulation
1978-01-09,0.99529994,simulation
1978-01-10,0.99579793,simulation
1978-01-11,0.99661654,simulation
1978-01-12,0.99720895,simulation
1978-01-13,0.99707144,simulation
1978-01-14,0.99700177,simulation
1978-01-15,0.9968333,simulation
1978-01-16,0.9968722,simulation
1978-01-17,0.9952595,simulation
1978-01-18,0.9956865,simulation
1978-01-19,0.9960667,simulation
1978-01-20,0.9947958,simulation
1978-01-21,0.9951715,simulation
1978-01-22,0.99516696,simulation
1978-01-23,0.99572045,simulation
1978-01-24,0.9964479,simulation
1978-01-25,0.9883758,simulation
1978-01-26,0.9837097,simulation
1978-01-27,0.9885528,simulation
1978-01-28,0.9907124,simulation
1978-01-29,0.9916445,simulation
1978-01-30,0.99432963,simulation
1978-01-31,0.9939588,simulation
1978-02-01,0.9935523,simulation
1978-02-02,0.98762035,simulation
1978-02-03,0.98991424,simulation
1978-02-04,0.99058,simulation
1978-02-05,0.99202037,simulation
1978-02-06,0.9935802,simulation
1978-02-07,0.99467486,simulation
1978-02-08,0.99531305,simulation
1978-02-09,0.99581873,simulation
1978-02-10,0.9954347,simulation
1978-02-11,0.9948192,simulation
1978-02-12,0.9947049,simulation
1978-02-13,0.9929593,simulation
1978-02-14,0.9958999,simulation
1978-02-15,0.9964874,simulation
1978-02-16,0.9946661,simulation
1978-02-17,0.9949995,simulation
1978-02-18,0.9975565,simulation
1978-02-19,0.9962732,simulation
1978-02-20,0.996601,simulation
1978-02-21,0.9976716,simulation
1978-02-22,0.9959833,simulation
1978-02-23,0.9952933,simulation
1978-02-24,0.9953718,simulation
1978-02-25,0.99736434,simulation
1978-02-26,0.99556375,simulation
1978-02-27,0.99752945,simulation
1978-02-28,0.99819195,simulation
1978-03-01,0.99798864,simulation
1978-03-02,0.99827224,simulation
1978-03-03,0.9982505,simulation
1978-03-04,0.99714315,simulation
1978-03-05,0.99520445,simulation
1978-03-06,0.9973685,simulation
1978-03-07,0.99888563,simulation
1978-03-08,0.99832165,simulation
1978-03-09,0.99843144,simulation
1978-03-10,0.99702126,simulation
1978-03-11,0.9947293,simulation
1978-03-12,0.9966883,simulation
1978-03-13,0.99779075,simulation
1978-03-14,0.99234784,simulation
1978-03-15,0.99521214,simulation
1978-03-16,0.99562025,simulation
1978-03-17,0.99351776,simulation
1978-03-18,0.9925436,simulation
1978-03-19,0.99180007,simulation
1978-03-20,0.9970263,simulation
1978-03-21,0.9980919,simulation
1978-03-22,0.99355024,simulation
1978-03-23,0.99456936,simulation
1978-03-24,0.9982398,simulation
1978-03-25,0.9979527,simulation
1978-03-26,0.99814045,simulation
1978-03-27,0.99536765,simulation
1978-03-28,0.9935833,simulation
1978-03-29,0.9946785,simulation
1978-03-30,0.99414545,simulation
1978-03-31,0.9919024,simulation
1978-04-01,0.9906008,simulation
1978-04-02,0.993777,simulation
1978-04-03,0.99638224,simulation
1978-04-04,0.9953235,simulation
1978-04-05,0.9923467,simulation
1978-04-06,0.9977194,simulation
1978-04-07,0.99355775,simulation
1978-04-08,0.99393994,simulation
1978-04-09,0.9976214,simulation
1978-04-10,0.9986214,simulation
1978-04-11,0.9991552,simulation
1978-04-12,0.9983678,simulation
1978-04-13,0.9928778,simulation
1978-04-14,0.99501413,simulation
1978-04-15,0.99097216,simulation
1978-04-16,0.9964812,simulation
1978-04-17,0.9955931,simulation
1978-04-18,0.9941292,simulation
1978-04-19,0.99046075,simulation
1978-04-20,0.9931739,simulation
1978-04-21,0.9912503,simulation
1978-04-22,0.9904927,simulation
1978-04-23,0.996746,simulation
1978-04-24,0.9955501,simulation
1978-04-25,0.9936668,simulation
1978-04-26,0.9900906,simulation
1978-04-27,0.9915843,simulation
1978-04-28,0.9914207,simulation
1978-04-29,0.9936613,simulation
1978-04-30,0.9975729,simulation
1978-05-01,0.99702674,simulation
1978-05-02,0.9962489,simulation
1978-05-03,0.9976821,simulation
1978-05-04,0.99378437,simulation
1978-05-05,0.9887968,simulation
1978-05-06,0.9956421,simulation
1978-05-07,0.9961489,simulation
1978-05-08,0.9880389,simulation
1978-05-09,0.97905433,simulation
1978-05-10,0.9846236,simulation
1978-05-11,0.9905004,simulation
1978-05-12,0.99065495,simulation
1978-05-13,0.981897,simulation
1978-05-14,0.9843869,simulation
1978-05-15,0.98930436,simulation
1978-05-16,0.9902058,simulation
1978-05-17,0.9940045,simulation
1978-05-18,0.9913518,simulation
1978-05-19,0.9931293,simulation
1978-05-20,0.99118876,simulation
1978-05-21,0.9906202,simulation
1978-05-22,0.9925093,simulation
1978-05-23,0.9913672,simulation
1978-05-24,0.99030197,simulation
1978-05-25,0.9900727,simulation
1978-05-26,0.98940325,simulation
1978-05-27,0.9894787,simulation
1978-05-28,0.99497074,simulation
1978-05-29,0.99427176,simulation
1978-05-30,0.99542195,simulation
1978-05-31,0.9917592,simulation
1978-06-01,0.99477386,simulation
1978-06-02,0.99636114,simulation
1978-06-03,0.99421376,simulation
1978-06-04,0.98989743,simulation
1978-06-05,0.9935129,simulation
1978-06-06,0.9953723,simulation
1978-06-07,0.9969897,simulation
1978-06-08,0.9943605,simulation
1978-06-09,0.9927883,simulation
1978-06-10,0.9908143,simulation
1978-06-11,0.9926653,simulation
1978-06-12,0.9935465,simulation
1978-06-13,0.99370784,simulation
1978-06-14,0.9892753,simulation
1978-06-15,0.9894174,simulation
1978-06-16,0.9916409,simulation
1978-06-17,0.98918223,simulation
1978-06-18,0.9916598,simulation
1978-06-19,0.99489105,simulation
1978-06-20,0.9919341,simulation
1978-06-21,0.991439,simulation
1978-06-22,0.99057263,simulation
1978-06-23,0.98986316,simulation
1978-06-24,0.9916176,simulation
1978-06-25,0.99124897,simulation
1978-06-26,0.9893727,simulation
1978-06-27,0.9897938,simulation
1978-06-28,0.98934364,simulation
1978-06-29,0.99357975,simulation
1978-06-30,0.99040467,simulation
1978-07-01,0.991606,simulation
1978-07-02,0.9884069,simulation
1978-07-03,0.9895171,simulation
1978-07-04,0.98923635,simulation
1978-07-05,0.9903513,simulation
1978-07-06,0.990967,simulation
1978-07-07,0.99277514,simulation
1978-07-08,0.99043167,simulation
1978-07-09,0.9895216,simulation
1978-07-10,0.993776,simulation
1978-07-11,0.9917221,simulation
1978-07-12,0.99210495,simulation
1978-07-13,0.9926402,simulation
1978-07-14,0.995501,simulation
1978-07-15,0.9962417,simulation
1978-07-16,0.98987365,simulation
1978-07-17,0.98741174,simulation
1978-07-18,0.98816526,simulation
1978-07-19,0.9884745,simulation
1978-07-20,0.988442,simulation
1978-07-21,0.99200845,simulation
1978-07-22,0.9933286,simulation
1978-07-23,0.9917998,simulation
1978-07-24,0.99110544,simulation
1978-07-25,0.9902146,simulation
1978-07-26,0.9926318,simulation
1978-07-27,0.9964076,simulation
1978-07-28,0.9955377,simulation
1978-07-29,0.9902485,simulation
1978-07-30,0.9920923,simulation
1978-07-31,0.9902213,simulation
1978-08-01,0.9900117,simulation
1978-08-02,0.9897491,simulation
1978-08-03,0.9874272,simulation
1978-08-04,0.98758113,simulation
1978-08-05,0.98912615,simulation
1978-08-06,0.99445575,simulation
1978-08-07,0.99602866,simulation
1978-08-08,0.9986079,simulation
1978-08-09,0.998985,simulation
1978-08-10,0.9954723,simulation
1978-08-11,0.9970923,simulation
1978-08-12,0.9931023,simulation
1978-08-13,0.99516666,simulation
1978-08-14,0.99533457,simulation
1978-08-15,0.9940032,simulation
1978-08-16,0.99114746,simulation
1978-08-17,0.98923147,simulation
1978-08-18,0.99030566,simulation
1978-08-19,0.99029,simulation
1978-08-20,0.9912075,simulation
1978-08-21,0.98938864,simulation
1978-08-22,0.9897483,simulation
1978-08-23,0.98989034,simulation
1978-08-24,0.99236476,simulation
1978-08-25,0.9896619,simulation
1978-08-26,0.9892488,simulation
1978-08-27,0.99014974,simulation
1978-08-28,0.997395,simulation
1978-08-29,0.9985365,simulation
1978-08-30,0.99664146,simulation
1978-08-31,0.99302155,simulation
1978-09-01,0.9971704,simulation
1978-09-02,0.9942826,simulation
1978-09-03,0.9926219,simulation
1978-09-04,0.98828137,simulation
1978-09-05,0.98906535,simulation
1978-09-06,0.9905029,simulation
1978-09-07,0.99022937,simulation
1978-09-08,0.99042547,simulation
1978-09-09,0.9952492,simulation
1978-09-10,0.99424195,simulation
1978-09-11,0.99597853,simulation
1978-09-12,0.99656504,simulation
1978-09-13,0.9989069,simulation
1978-09-14,0.99742824,simulation
1978-09-15,0.99765986,simulation
1978-09-16,0.99382997,simulation
1978-09-17,0.99119115,simulation
1978-09-18,0.9913706,simulation
1978-09-19,0.99055964,simulation
1978-09-20,0.9902967,simulation
1978-09-21,0.9899742,simulation
1978-09-22,0.9902445,simulation
1978-09-23,0.99059767,simulation
1978-09-24,0.9910412,simulation
1978-09-25,0.99682975,simulation
1978-09-26,0.9981397,simulation
1978-09-27,0.9991483,simulation
1978-09-28,0.9991878,simulation
1978-09-29,0.99406177,simulation
1978-09-30,0.99552834,simulation
1978-10-01,0.99041957,simulation
1978-10-02,0.99114615,simulation
1978-10-03,0.993692,simulation
1978-10-04,0.9903264,simulation
1978-10-05,0.9977489,simulation
1978-10-06,0.9904078,simulation
1978-10-07,0.9918562,simulation
1978-10-08,0.99181795,simulation
1978-10-09,0.99448454,simulation
1978-10-10,0.9925911,simulation
1978-10-11,0.99310714,simulation
1978-10-12,0.99200505,simulation
1978-10-13,0.9960482,simulation
1978-10-14,0.9919087,simulation
1978-10-15,0.9926117,simulation
1978-10-16,0.99075085,simulation
1978-10-17,0.9920206,simulation
1978-10-18,0.99250805,simulation
1978-10-19,0.9931479,simulation
1978-10-20,0.9917691,simulation
1978-10-21,0.99153525,simulation
1978-10-22,0.99160975,simulation
1978-10-23,0.9919422,simulation
1978-10-24,0.99226016,simulation
1978-10-25,0.9920308,simulation
1978-10-26,0.997695,simulation
1978-10-27,0.9977095,simulation
1978-10-28,0.99520004,simulation
1978-10-29,0.99168473,simulation
1978-10-30,0.9970535,simulation
1978-10-31,0.99254686,simulation
1978-11-01,0.99237424,simulation
1978-11-02,0.9923355,simulation
1978-11-03,0.9924605,simulation
1978-11-04,0.9925947,simulation
1978-11-05,0.9958604,simulation
1978-11-06,0.99797785,simulation
1978-11-07,0.9993962,simulation
1978-11-08,0.9975567,simulation
1978-11-09,0.9974828,simulation
1978-11-10,0.9963678,simulation
1978-11-11,0.99748063,simulation
1978-11-12,0.99736863,simulation
1978-11-13,0.99767727,simulation
1978-11-14,0.9987193,simulation
1978-11-15,0.9992095,simulation
1978-11-16,0.9984238,simulation
1978-11-17,0.99830234,simulation
1978-11-18,0.9989681,simulation
1978-11-19,0.9983279,simulation
1978-11-20,0.9972973,simulation
1978-11-21,0.9985987,simulation
1978-11-22,0.9989486,simulation
1978-11-23,0.9985821,simulation
1978-11-24,0.9982575,simulation
1978-11-25,0.9975501,simulation
1978-11-26,0.99858046,simulation
1978-11-27,0.9992909,simulation
1978-11-28,0.998797,simulation
1978-11-29,0.999543,simulation
1978-11-30,0.9993397,simulation
1978-12-01,0.998329,simulation
1978-12-02,0.99802756,simulation
1978-12-03,0.99799514,simulation
1978-12-04,0.999595,simulation
1978-12-05,0.99794984,simulation
1978-12-06,0.9978895,simulation
1978-12-07,0.99871683,simulation
1978-12-08,0.999132,simulation
1978-12-09,0.9992254,simulation
1978-12-10,0.9985662,simulation
1978-12-11,0.99848485,simulation
1978-12-12,0.998298,simulation
1978-12-13,0.9984055,simulation
1978-12-14,0.99890465,simulation
1978-12-15,0.99880266,simulation
1978-12-16,0.9992182,simulation
1978-12-17,0.9974715,simulation
1978-12-18,0.99862856,simulation
1978-12-19,0.99889266,simulation
1978-12-20,0.998337,simulation
1978-12-21,0.9979623,simulation
1978-12-22,0.99832433,simulation
1978-12-23,0.99869436,simulation
1978-12-24,0.99918514,simulation
1978-12-25,0.99832314,simulation
1978-12-26,0.9978503,simulation
1978-12-27,0.9984525,simulation
1978-12-28,0.9972809,simulation
1978-12-29,0.9988616,simulation
1978-12-30,0.9996756,simulation
1978-12-31,0.9989771,simulation
1979-01-01,0.9990164,simulation
1979-01-02,0.9974288,simulation
1979-01-03,0.99795187,simulation
1979-01-04,0.99777275,simulation
1979-01-05,0.99783164,simulation
1979-01-06,0.99869204,simulation
1979-01-07,0.9970351,simulation
1979-01-08,0.9945468,simulation
1979-01-09,0.99519587,simulation
1979-01-10,0.99600863,simulation
1979-01-11,0.99609107,simulation
1979-01-12,0.9967073,simulation
1979-01-13,0.9971572,simulation
1979-01-14,0.9965048,simulation
1979-01-15,0.9969465,simulation
1979-01-16,0.99708575,simulation
1979-01-17,0.99721515,simulation
1979-01-18,0.99789685,simulation
1979-01-19,0.99750406,simulation
1979-01-20,0.99525875,simulation
1979-01-21,0.97124463,simulation
1979-01-22,0.9795701,simulation
1979-01-23,0.98543215,simulation
1979-01-24,0.97625923,simulation
1979-01-25,0.98487395,simulation
1979-01-26,0.98895675,simulation
1979-01-27,0.98140925,simulation
1979-01-28,0.9859606,simulation
1979-01-29,0.9896287,simulation
1979-01-30,0.9920968,simulation
1979-01-31,0.98704743,simulation
1979-02-01,0.9898956,simulation
1979-02-02,0.9911271,simulation
1979-02-03,0.99388343,simulation
1979-02-04,0.99009216,simulation
1979-02-05,0.9916194,simulation
1979-02-06,0.9912101,simulation
1979-02-07,0.9847965,simulation
1979-02-08,0.98773724,simulation
1979-02-09,0.9901888,simulation
1979-02-10,0.99135023,simulation
1979-02-11,0.99255043,simulation
1979-02-12,0.99402314,simulation
1979-02-13,0.9951665,simulation
1979-02-14,0.99506223,simulation
1979-02-15,0.99508375,simulation
1979-02-16,0.99632514,simulation
1979-02-17,0.9969131,simulation
1979-02-18,0.99591225,simulation
1979-02-19,0.9911265,simulation
1979-02-20,0.99366856,simulation
1979-02-21,0.99385184,simulation
1979-02-22,0.99418366,simulation
1979-02-23,0.99444497,simulation
1979-02-24,0.9723282,simulation
1979-02-25,0.97702044,simulation
1979-02-26,0.9806477,simulation
1979-02-27,0.98795927,simulation
1979-02-28,0.99074036,simulation
1979-03-01,0.98812604,simulation
1979-03-02,0.9923554,simulation
1979-03-03,0.9882088,simulation
1979-03-04,0.960215,simulation
1979-03-05,0.9653732,simulation
1979-03-06,0.97439635,simulation
1979-03-07,0.9840023,simulation
1979-03-08,0.98594683,simulation
1979-03-09,0.98744744,simulation
1979-03-10,0.9939979,simulation
1979-03-11,0.99024475,simulation
1979-03-12,0.9898198,simulation
1979-03-13,0.992385,simulation
1979-03-14,0.9903863,simulation
1979-03-15,0.99283296,simulation
1979-03-16,0.9959777,simulation
1979-03-17,0.99302936,simulation
1979-03-18,0.9948699,simulation
1979-03-19,0.9934967,simulation
1979-03-20,0.9972307,simulation
1979-03-21,0.9969113,simulation
1979-03-22,0.9980111,simulation
1979-03-23,0.99303555,simulation
1979-03-24,0.9923409,simulation
1979-03-25,0.99226,simulation
1979-03-26,0.99287426,simulation
1979-03-27,0.9932831,simulation
1979-03-28,0.992663,simulation
1979-03-29,0.99656266,simulation
1979-03-30,0.99710333,simulation
1979-03-31,0.99821836,simulation
1979-04-01,0.9949135,simulation
1979-04-02,0.99849504,simulation
1979-04-03,0.99523133,simulation
1979-04-04,0.9848492,simulation
1979-04-05,0.9843495,simulation
1979-04-06,0.98687553,simulation
1979-04-07,0.9896919,simulation
1979-04-08,0.995176,simulation
1979-04-09,0.9906377,simulation
1979-04-10,0.9939057,simulation
1979-04-11,0.9935538,simulation
1979-04-12,0.99600637,simulation
1979-04-13,0.9902998,simulation
1979-04-14,0.98595595,simulation
1979-04-15,0.9877135,simulation
1979-04-16,0.9885835,simulation
1979-04-17,0.9922619,simulation
1979-04-18,0.99618226,simulation
1979-04-19,0.9956968,simulation
1979-04-20,0.9969977,simulation
1979-04-21,0.9971951,simulation
1979-04-22,0.9973814,simulation
1979-04-23,0.9963072,simulation
1979-04-24,0.99197316,simulation
1979-04-25,0.99196225,simulation
1979-04-26,0.9906665,simulation
1979-04-27,0.9904188,simulation
1979-04-28,0.98890513,simulation
1979-04-29,0.9958444,simulation
1979-04-30,0.9915298,simulation
1979-05-01,0.9944271,simulation
1979-05-02,0.99631304,simulation
1979-05-03,0.9959626,simulation
1979-05-04,0.99717236,simulation
1979-05-05,0.9936997,simulation
1979-05-06,0.98983526,simulation
1979-05-07,0.99040514,simulation
1979-05-08,0.99227315,simulation
1979-05-09,0.9933057,simulation
1979-05-10,0.99232745,simulation
1979-05-11,0.9947165,simulation
1979-05-12,0.99601144,simulation
1979-05-13,0.9952959,simulation
1979-05-14,0.98968357,simulation
1979-05-15,0.98956513,simulation
1979-05-16,0.9891194,simulation
1979-05-17,0.98954105,simulation
1979-05-18,0.9924145,simulation
1979-05-19,0.9934722,simulation
1979-05-20,0.99372846,simulation
1979-05-21,0.9971697,simulation
1979-05-22,0.9955576,simulation
1979-05-23,0.9983244,simulation
1979-05-24,0.99235564,simulation
1979-05-25,0.99011225,simulation
1979-05-26,0.99007756,simulation
1979-05-27,0.99552435,simulation
1979-05-28,0.9959737,simulation
1979-05-29,0.99782,simulation
1979-05-30,0.99753153,simulation
1979-05-31,0.9961267,simulation
1979-06-01,0.9921919,simulation
1979-06-02,0.99481016,simulation
1979-06-03,0.99423957,simulation
1979-06-04,0.9923992,simulation
1979-06-05,0.995674,simulation
1979-06-06,0.989971,simulation
1979-06-07,0.99181443,simulation
1979-06-08,0.9877888,simulation
1979-06-09,0.9895986,simulation
1979-06-10,0.9922198,simulation
1979-06-11,0.9866899,simulation
1979-06-12,0.9880625,simulation
1979-06-13,0.9889776,simulation
1979-06-14,0.9891193,simulation
1979-06-15,0.99183893,simulation
1979-06-16,0.9903026,simulation
1979-06-17,0.99037796,simulation
1979-06-18,0.9893526,simulation
1979-06-19,0.988755,simulation
1979-06-20,0.98909664,simulation
1979-06-21,0.9981838,simulation
1979-06-22,0.9941943,simulation
1979-06-23,0.9941504,simulation
1979-06-24,0.99437684,simulation
1979-06-25,0.99759,simulation
1979-06-26,0.99544036,simulation
1979-06-27,0.9925478,simulation
1979-06-28,0.9911483,simulation
1979-06-29,0.9962356,simulation
1979-06-30,0.99303716,simulation
1979-07-01,0.9935187,simulation
1979-07-02,0.9914149,simulation
1979-07-03,0.9899306,simulation
1979-07-04,0.9888138,simulation
1979-07-05,0.99071765,simulation
1979-07-06,0.9933892,simulation
1979-07-07,0.998224,simulation
1979-07-08,0.99727976,simulation
1979-07-09,0.9971015,simulation
1979-07-10,0.9982868,simulation
1979-07-11,0.9987326,simulation
1979-07-12,0.99066913,simulation
1979-07-13,0.99489766,simulation
1979-07-14,0.9944065,simulation
1979-07-15,0.9901437,simulation
1979-07-16,0.99094355,simulation
1979-07-17,0.99103904,simulation
1979-07-18,0.99390197,simulation
1979-07-19,0.9946319,simulation
1979-07-20,0.99712,simulation
1979-07-21,0.9938617,simulation
1979-07-22,0.9900224,simulation
1979-07-23,0.99398893,simulation
1979-07-24,0.99414974,simulation
1979-07-25,0.9954661,simulation
1979-07-26,0.9941886,simulation
1979-07-27,0.9932966,simulation
1979-07-28,0.9932613,simulation
1979-07-29,0.9909911,simulation
1979-07-30,0.989955,simulation
1979-07-31,0.990406,simulation
1979-08-01,0.99118924,simulation
1979-08-02,0.99446535,simulation
1979-08-03,0.9937783,simulation
1979-08-04,0.99159807,simulation
1979-08-05,0.99068356,simulation
1979-08-06,0.9901525,simulation
1979-08-07,0.9896152,simulation
1979-08-08,0.99015015,simulation
1979-08-09,0.99078256,simulation
1979-08-10,0.99130344,simulation
1979-08-11,0.99557674,simulation
1979-08-12,0.99423397,simulation
1979-08-13,0.99271077,simulation
1979-08-14,0.99169266,simulation
1979-08-15,0.99151635,simulation
1979-08-16,0.99162245,simulation
1979-08-17,0.99003017,simulation
1979-08-18,0.9916877,simulation
1979-08-19,0.99076164,simulation
1979-08-20,0.9944495,simulation
1979-08-21,0.99283576,simulation
1979-08-22,0.99522024,simulation
1979-08-23,0.9961513,simulation
1979-08-24,0.99537456,simulation
1979-08-25,0.9966032,simulation
1979-08-26,0.995063,simulation
1979-08-27,0.99365187,simulation
1979-08-28,0.9921656,simulation
1979-08-29,0.9920708,simulation
1979-08-30,0.9911535,simulation
1979-08-31,0.9912462,simulation
1979-09-01,0.9928259,simulation
1979-09-02,0.99778235,simulation
1979-09-03,0.99672467,simulation
1979-09-04,0.9922355,simulation
1979-09-05,0.99292475,simulation
1979-09-06,0.99362236,simulation
1979-09-07,0.99289095,simulation
1979-09-08,0.98972094,simulation
1979-09-09,0.9916029,simulation
1979-09-10,0.99011487,simulation
1979-09-11,0.98980296,simulation
1979-09-12,0.9971315,simulation
1979-09-13,0.99846894,simulation
1979-09-14,0.9893334,simulation
1979-09-15,0.9878753,simulation
1979-09-16,0.9944623,simulation
1979-09-17,0.99652356,simulation
1979-09-18,0.9965258,simulation
1979-09-19,0.99666685,simulation
1979-09-20,0.9969113,simulation
1979-09-21,0.97942996,simulation
1979-09-22,0.9816946,simulation
1979-09-23,0.98472655,simulation
1979-09-24,0.9896062,simulation
1979-09-25,0.99165124,simulation
1979-09-26,0.99454176,simulation
1979-09-27,0.9934813,simulation
1979-09-28,0.9921306,simulation
1979-09-29,0.9925252,simulation
1979-09-30,0.99210554,simulation
1979-10-01,0.9917177,simulation
1979-10-02,0.99142414,simulation
1979-10-03,0.9922705,simulation
1979-10-04,0.9956023,simulation
1979-10-05,0.99318403,simulation
1979-10-06,0.9948464,simulation
1979-10-07,0.9927986,simulation
1979-10-08,0.99214613,simulation
1979-10-09,0.99555993,simulation
1979-10-10,0.9961331,simulation
1979-10-11,0.9938281,simulation
1979-10-12,0.9927212,simulation
1979-10-13,0.99360824,simulation
1979-10-14,0.99349535,simulation
1979-10-15,0.994444,simulation
1979-10-16,0.9956386,simulation
1979-10-17,0.99432576,simulation
1979-10-18,0.99444175,simulation
1979-10-19,0.99362916,simulation
1979-10-20,0.9956521,simulation
1979-10-21,0.9974501,simulation
1979-10-22,0.9987717,simulation
1979-10-23,0.99417967,simulation
1979-10-24,0.9954563,simulation
1979-10-25,0.99489737,simulation
1979-10-26,0.9946039,simulation
1979-10-27,0.994071,simulation
1979-10-28,0.99475354,simulation
1979-10-29,0.9986243,simulation
1979-10-30,0.99772143,simulation
1979-10-31,0.9989542,simulation
1979-11-01,0.9970343,simulation
1979-11-02,0.99464905,simulation
1979-11-03,0.9959645,simulation
1979-11-04,0.9955837,simulation
1979-11-05,0.9975189,simulation
1979-11-06,0.9986032,simulation
1979-11-07,0.9957577,simulation
1979-11-08,0.99857485,simulation
1979-11-09,0.9985941,simulation
1979-11-10,0.997847,simulation
1979-11-11,0.99725914,simulation
1979-11-12,0.99530727,simulation
1979-11-13,0.9953368,simulation
1979-11-14,0.995796,simulation
1979-11-15,0.9959745,simulation
1979-11-16,0.9954162,simulation
1979-11-17,0.99620867,simulation
1979-11-18,0.9965929,simulation
1979-11-19,0.995579,simulation
1979-11-20,0.9974089,simulation
1979-11-21,0.99752474,simulation
1979-11-22,0.99853206,simulation
1979-11-23,0.9986804,simulation
1979-11-24,0.99570423,simulation
1979-11-25,0.9967254,simulation
1979-11-26,0.9874456,simulation
1979-11-27,0.9899863,simulation
1979-11-28,0.9904097,simulation
1979-11-29,0.9927204,simulation
1979-11-30,0.99472076,simulation
1979-12-01,0.9944674,simulation
1979-12-02,0.994423,simulation
1979-12-03,0.99629563,simulation
1979-12-04,0.9955358,simulation
1979-12-05,0.99531406,simulation
1979-12-06,0.99729085,simulation
1979-12-07,0.9957438,simulation
1979-12-08,0.9954111,simulation
1979-12-09,0.995647,simulation
1979-12-10,0.9956766,simulation
1979-12-11,0.99726707,simulation
1979-12-12,0.9978766,simulation
1979-12-13,0.9974901,simulation
1979-12-14,0.98964906,simulation
1979-12-15,0.9919743,simulation
1979-12-16,0.9927013,simulation
1979-12-17,0.99291855,simulation
1979-12-18,0.9939326,simulation
1979-12-19,0.9949855,simulation
1979-12-20,0.9957569,simulation
1979-12-21,0.99556124,simulation
1979-12-22,0.9963889,simulation
1979-12-23,0.99549526,simulation
1979-12-24,0.9928339,simulation
1979-12-25,0.9905563,simulation
1979-12-26,0.993043,simulation
1979-12-27,0.9942683,simulation
1979-12-28,0.99499327,simulation
1979-12-29,0.9959434,simulation
1979-12-30,0.9957432,simulation
1979-12-31,0.9959707,simulation
1980-01-01,0.9952059,simulation
1980-01-02,0.99611443,simulation
1980-01-03,0.996814,simulation
1980-01-04,0.99631923,simulation
1980-01-05,0.99637806,simulation
1980-01-06,0.9953615,simulation
1980-01-07,0.99708956,simulation
1980-01-08,0.99752396,simulation
1980-01-09,0.99724895,simulation
1980-01-10,0.9968437,simulation
1980-01-11,0.9964211,simulation
1980-01-12,0.9818863,simulation
1980-01-13,0.9881129,simulation
1980-01-14,0.9912438,simulation
1980-01-15,0.99223554,simulation
1980-01-16,0.993812,simulation
1980-01-17,0.9859119,simulation
1980-01-18,0.98819745,simulation
1980-01-19,0.990172,simulation
1980-01-20,0.9921365,simulation
1980-01-21,0.9931687,simulation
1980-01-22,0.99255705,simulation
1980-01-23,0.98175246,simulation
1980-01-24,0.98714256,simulation
1980-01-25,0.9906949,simulation
1980-01-26,0.99210274,simulation
1980-01-27,0.9912048,simulation
1980-01-28,0.9923164,simulation
1980-01-29,0.9937081,simulation
1980-01-30,0.9939164,simulation
1980-01-31,0.9932289,simulation
1980-02-01,0.99277,simulation
1980-02-02,0.9948514,simulation
1980-02-03,0.9947939,simulation
1980-02-04,0.99528146,simulation
1980-02-05,0.99614805,simulation
1980-02-06,0.993372,simulation
1980-02-07,0.99493533,simulation
1980-02-08,0.99610484,simulation
1980-02-09,0.9957047,simulation
1980-02-10,0.9778385,simulation
1980-02-11,0.9843656,simulation
1980-02-12,0.9880685,simulation
1980-02-13,0.9905287,simulation
1980-02-14,0.9899578,simulation
1980-02-15,0.9936807,simulation
1980-02-16,0.99440426,simulation
1980-02-17,0.99319893,simulation
1980-02-18,0.9945261,simulation
1980-02-19,0.99563736,simulation
1980-02-20,0.9934474,simulation
1980-02-21,0.99658287,simulation
1980-02-22,0.99425054,simulation
1980-02-23,0.9947226,simulation
1980-02-24,0.99474454,simulation
1980-02-25,0.9938041,simulation
1980-02-26,0.99473643,simulation
1980-02-27,0.99458706,simulation
1980-02-28,0.99302566,simulation
1980-02-29,0.9980552,simulation
1980-03-01,0.99817276,simulation
1980-03-02,0.99546844,simulation
1980-03-03,0.99545497,simulation
1980-03-04,0.9980845,simulation
1980-03-05,0.99709296,simulation
1980-03-06,0.9951513,simulation
1980-03-07,0.9979268,simulation
1980-03-08,0.9949508,simulation
1980-03-09,0.99562144,simulation
1980-03-10,0.99525404,simulation
1980-03-11,0.99658066,simulation
1980-03-12,0.9974869,simulation
1980-03-13,0.99631536,simulation
1980-03-14,0.99512625,simulation
1980-03-15,0.9961259,simulation
1980-03-16,0.99710405,simulation
1980-03-17,0.9951489,simulation
1980-03-18,0.986933,simulation
1980-03-19,0.9935242,simulation
1980-03-20,0.9897968,simulation
1980-03-21,0.97386885,simulation
1980-03-22,0.9818168,simulation
1980-03-23,0.9893427,simulation
1980-03-24,0.9885457,simulation
1980-03-25,0.99171555,simulation
1980-03-26,0.9938297,simulation
1980-03-27,0.99254805,simulation
1980-03-28,0.97923285,simulation
1980-03-29,0.9732984,simulation
1980-03-30,0.95755994,simulation
1980-03-31,0.96704847,simulation
1980-04-01,0.9739516,simulation
1980-04-02,0.98556155,simulation
1980-04-03,0.9875402,simulation
1980-04-04,0.98466647,simulation
1980-04-05,0.98806447,simulation
1980-04-06,0.9897679,simulation
1980-04-07,0.9925737,simulation
1980-04-08,0.9869735,simulation
1980-04-09,0.98554426,simulation
1980-04-10,0.9875862,simulation
1980-04-11,0.9948946,simulation
1980-04-12,0.9823826,simulation
1980-04-13,0.9657662,simulation
1980-04-14,0.9601332,simulation
1980-04-15,0.9615248,simulation
1980-04-16,0.97188234,simulation
1980-04-17,0.98175704,simulation
1980-04-18,0.9889938,simulation
1980-04-19,0.9878702,simulation
1980-04-20,0.98722404,simulation
1980-04-21,0.98848987,simulation
1980-04-22,0.9882703,simulation
1980-04-23,0.9910903,simulation
1980-04-24,0.9915681,simulation
1980-04-25,0.99661565,simulation
1980-04-26,0.98749566,simulation
1980-04-27,0.99225307,simulation
1980-04-28,0.98854303,simulation
1980-04-29,0.98747724,simulation
1980-04-30,0.99460995,simulation
1980-05-01,0.99637634,simulation
1980-05-02,0.99522686,simulation
1980-05-03,0.9919763,simulation
1980-05-04,0.990332,simulation
1980-05-05,0.99034667,simulation
1980-05-06,0.9902946,simulation
1980-05-07,0.9963579,simulation
1980-05-08,0.99629855,simulation
1980-05-09,0.9892676,simulation
1980-05-10,0.9893677,simulation
1980-05-11,0.99089813,simulation
1980-05-12,0.9956986,simulation
1980-05-13,0.99799377,simulation
1980-05-14,0.9979619,simulation
1980-05-15,0.9977632,simulation
1980-05-16,0.998143,simulation
1980-05-17,0.99077064,simulation
1980-05-18,0.98370594,simulation
1980-05-19,0.98986346,simulation
1980-05-20,0.98572105,simulation
1980-05-21,0.9880266,simulation
1980-05-22,0.9845712,simulation
1980-05-23,0.98120826,simulation
1980-05-24,0.98269945,simulation
1980-05-25,0.98733574,simulation
1980-05-26,0.9846343,simulation
1980-05-27,0.9874422,simulation
1980-05-28,0.9897418,simulation
1980-05-29,0.99050474,simulation
1980-05-30,0.9940102,simulation
1980-05-31,0.9900981,simulation
1980-06-01,0.99017745,simulation
1980-06-02,0.991201,simulation
1980-06-03,0.9916936,simulation
1980-06-04,0.99059635,simulation
1980-06-05,0.9922347,simulation
1980-06-06,0.9906677,simulation
1980-06-07,0.9947081,simulation
1980-06-08,0.9955351,simulation
1980-06-09,0.99523824,simulation
1980-06-10,0.98900473,simulation
1980-06-11,0.9891745,simulation
1980-06-12,0.98980546,simulation
1980-06-13,0.98899734,simulation
1980-06-14,0.9884834,simulation
1980-06-15,0.988077,simulation
1980-06-16,0.98766327,simulation
1980-06-17,0.9890679,simulation
1980-06-18,0.9945767,simulation
1980-06-19,0.9962099,simulation
1980-06-20,0.99802953,simulation
1980-06-21,0.9947269,simulation
1980-06-22,0.9929194,simulation
1980-06-23,0.9957232,simulation
1980-06-24,0.9984187,simulation
1980-06-25,0.995326,simulation
1980-06-26,0.9937113,simulation
1980-06-27,0.9909365,simulation
1980-06-28,0.9929424,simulation
1980-06-29,0.9961903,simulation
1980-06-30,0.9891832,simulation
1980-07-01,0.9874245,simulation
1980-07-02,0.98873717,simulation
1980-07-03,0.99147,simulation
1980-07-04,0.9874525,simulation
1980-07-05,0.9888114,simulation
1980-07-06,0.98816967,simulation
1980-07-07,0.989121,simulation
1980-07-08,0.99547607,simulation
1980-07-09,0.98758006,simulation
1980-07-10,0.9880252,simulation
1980-07-11,0.98580116,simulation
1980-07-12,0.98594284,simulation
1980-07-13,0.98458767,simulation
1980-07-14,0.9842634,simulation
1980-07-15,0.9846679,simulation
1980-07-16,0.9868335,simulation
1980-07-17,0.9906785,simulation
1980-07-18,0.9916275,simulation
1980-07-19,0.9874304,simulation
1980-07-20,0.9940953,simulation
1980-07-21,0.9984598,simulation
1980-07-22,0.99828434,simulation
1980-07-23,0.99582046,simulation
1980-07-24,0.9923425,simulation
1980-07-25,0.9921185,simulation
1980-07-26,0.99290687,simulation
1980-07-27,0.9975,simulation
1980-07-28,0.9949919,simulation
1980-07-29,0.99022615,simulation
1980-07-30,0.9878831,simulation
1980-07-31,0.9890644,simulation
1980-08-01,0.9888708,simulation
1980-08-02,0.9898367,simulation
1980-08-03,0.9932172,simulation
1980-08-04,0.99227226,simulation
1980-08-05,0.9907108,simulation
1980-08-06,0.98895895,simulation
1980-08-07,0.9879861,simulation
1980-08-08,0.9874317,simulation
1980-08-09,0.9926498,simulation
1980-08-10,0.995951,simulation
1980-08-11,0.9956696,simulation
1980-08-12,0.98953205,simulation
1980-08-13,0.98970175,simulation
1980-08-14,0.9901394,simulation
1980-08-15,0.9893308,simulation
1980-08-16,0.9917996,simulation
1980-08-17,0.990898,simulation
1980-08-18,0.9894343,simulation
1980-08-19,0.98917645,simulation
1980-08-20,0.98890203,simulation
1980-08-21,0.98664826,simulation
1980-08-22,0.9843522,simulation
1980-08-23,0.9864838,simulation
1980-08-24,0.9882252,simulation
1980-08-25,0.9884299,simulation
1980-08-26,0.98908126,simulation
1980-08-27,0.9964708,simulation
1980-08-28,0.99414986,simulation
1980-08-29,0.99130446,simulation
1980-08-30,0.99189615,simulation
1980-08-31,0.9890425,simulation
1980-09-01,0.9895466,simulation
1980-09-02,0.9912609,simulation
1980-09-03,0.98821723,simulation
1980-09-04,0.9907613,simulation
1980-09-05,0.9935288,simulation
1980-09-06,0.9962113,simulation
1980-09-07,0.98901355,simulation
1980-09-08,0.99102753,simulation
1980-09-09,0.98793256,simulation
1980-09-10,0.9870193,simulation
1980-09-11,0.9882174,simulation
1980-09-12,0.98856246,simulation
1980-09-13,0.988195,simulation
1980-09-14,0.98758423,simulation
1980-09-15,0.9859067,simulation
1980-09-16,0.98750556,simulation
1980-09-17,0.9988201,simulation
1980-09-18,0.99669135,simulation
1980-09-19,0.9983833,simulation
1980-09-20,0.9967339,simulation
1980-09-21,0.99390274,simulation
1980-09-22,0.99009264,simulation
1980-09-23,0.9897983,simulation
1980-09-24,0.99398184,simulation
1980-09-25,0.9930197,simulation
1980-09-26,0.99731255,simulation
1980-09-27,0.99459165,simulation
1980-09-28,0.9984533,simulation
1980-09-29,0.9990701,simulation
1980-09-30,0.99907935,simulation
1980-10-01,0.996482,simulation
1980-10-02,0.9918816,simulation
1980-10-03,0.9924749,simulation
1980-10-04,0.9910088,simulation
1980-10-05,0.98985744,simulation
1980-10-06,0.9909645,simulation
1980-10-07,0.9913881,simulation
1980-10-08,0.9906874,simulation
1980-10-09,0.99136204,simulation
1980-10-10,0.991306,simulation
1980-10-11,0.98915815,simulation
1980-10-12,0.9909389,simulation
1980-10-13,0.9914597,simulation
1980-10-14,0.9909397,simulation
1980-10-15,0.99111027,simulation
1980-10-16,0.9979369,simulation
1980-10-17,0.99898654,simulation
1980-10-18,0.9992036,simulation
1980-10-19,0.9982521,simulation
1980-10-20,0.99882454,simulation
1980-10-21,0.99492776,simulation
1980-10-22,0.99271166,simulation
1980-10-23,0.99284756,simulation
1980-10-24,0.99773854,simulation
1980-10-25,0.9938242,simulation
1980-10-26,0.99788666,simulation
1980-10-27,0.99859446,simulation
1980-10-28,0.99929017,simulation
1980-10-29,0.9992678,simulation
1980-10-30,0.9946704,simulation
1980-10-31,0.99490124,simulation
1980-11-01,0.99892455,simulation
1980-11-02,0.99886614,simulation
1980-11-03,0.998645,simulation
1980-11-04,0.9959529,simulation
1980-11-05,0.99454147,simulation
1980-11-06,0.9940411,simulation
1980-11-07,0.9930864,simulation
1980-11-08,0.99401796,simulation
1980-11-09,0.9973939,simulation
1980-11-10,0.9983556,simulation
1980-11-11,0.9950814,simulation
1980-11-12,0.99715734,simulation
1980-11-13,0.9977416,simulation
1980-11-14,0.99787015,simulation
1980-11-15,0.99949145,simulation
1980-11-16,0.9993304,simulation
1980-11-17,0.99930865,simulation
1980-11-18,0.9991787,simulation
1980-11-19,0.99836934,simulation
1980-11-20,0.99900407,simulation
1980-11-21,0.9989598,simulation
1980-11-22,0.99915063,simulation
1980-11-23,0.99965537,simulation
1980-11-24,0.9991616,simulation
1980-11-25,0.9981227,simulation
1980-11-26,0.99930215,simulation
1980-11-27,0.999037,simulation
1980-11-28,0.9983772,simulation
1980-11-29,0.9965901,simulation
1980-11-30,0.996329,simulation
1980-12-01,0.9975901,simulation
1980-12-02,0.99873,simulation
1980-12-03,0.99680954,simulation
1980-12-04,0.9973413,simulation
1980-12-05,0.9980281,simulation
1980-12-06,0.99809295,simulation
1980-12-07,0.99846077,simulation
1980-12-08,0.9980481,simulation
1980-12-09,0.999142,simulation
1980-12-10,0.9986581,simulation
1980-12-11,0.99821293,simulation
1980-12-12,0.9972709,simulation
1980-12-13,0.9984321,simulation
1980-12-14,0.9983131,simulation
1980-12-15,0.9977518,simulation
1980-12-16,0.998259,simulation
1980-12-17,0.9974988,simulation
1980-12-18,0.9961431,simulation
1980-12-19,0.9988934,simulation
1980-12-20,0.9982256,simulation
1980-12-21,0.99778533,simulation
1980-12-22,0.9988225,simulation
1980-12-23,0.99864537,simulation
1980-12-24,0.99818736,simulation
1980-12-25,0.99768597,simulation
1980-12-26,0.9988467,simulation
1980-12-27,0.9977732,simulation
1980-12-28,0.9981817,simulation
1980-12-29,0.9978894,simulation
1980-12-30,0.9981597,simulation
1980-12-31,0.9980671,simulation
1981-01-01,0.9977749,simulation
1981-01-02,0.9980177,simulation
1981-01-03,0.9976622,simulation
1981-01-04,0.99688727,simulation
1981-01-05,0.9984793,simulation
1981-01-06,0.99884313,simulation
1981-01-07,0.9984284,simulation
1981-01-08,0.998346,simulation
1981-01-09,0.9983129,simulation
1981-01-10,0.99713004,simulation
1981-01-11,0.99857867,simulation
1981-01-12,0.9978702,simulation
1981-01-13,0.9969781,simulation
1981-01-14,0.9979906,simulation
1981-01-15,0.99763113,simulation
1981-01-16,0.99762744,simulation
1981-01-17,0.99784076,simulation
1981-01-18,0.998153,simulation
1981-01-19,0.99857634,simulation
1981-01-20,0.9992481,simulation
1981-01-21,0.99883854,simulation
1981-01-22,0.99888974,simulation
1981-01-23,0.99742997,simulation
1981-01-24,0.99696434,simulation
1981-01-25,0.9968156,simulation
1981-01-26,0.9982085,simulation
1981-01-27,0.9988051,simulation
1981-01-28,0.9964484,simulation
1981-01-29,0.99642324,simulation
1981-01-30,0.99855065,simulation
1981-01-31,0.9985364,simulation
1981-02-01,0.9987135,simulation
1981-02-02,0.99615335,simulation
1981-02-03,0.9966097,simulation
1981-02-04,0.99731034,simulation
1981-02-05,0.9977207,simulation
1981-02-06,0.9971271,simulation
1981-02-07,0.99723476,simulation
1981-02-08,0.9958672,simulation
1981-02-09,0.9962341,simulation
1981-02-10,0.9974038,simulation
1981-02-11,0.9930636,simulation
1981-02-12,0.99460155,simulation
1981-02-13,0.9951506,simulation
1981-02-14,0.99569947,simulation
1981-02-15,0.9965161,simulation
1981-02-16,0.996199,simulation
1981-02-17,0.9956979,simulation
1981-02-18,0.9960833,simulation
1981-02-19,0.99508095,simulation
1981-02-20,0.9928912,simulation
1981-02-21,0.996406,simulation
1981-02-22,0.99599504,simulation
1981-02-23,0.9930451,simulation
1981-02-24,0.9938239,simulation
1981-02-25,0.99654216,simulation
1981-02-26,0.9937687,simulation
1981-02-27,0.9935615,simulation
1981-02-28,0.9959062,simulation
1981-03-01,0.9984207,simulation
1981-03-02,0.995187,simulation
1981-03-03,0.9977362,simulation
1981-03-04,0.99815774,simulation
1981-03-05,0.98844737,simulation
1981-03-06,0.9909859,simulation
1981-03-07,0.9931002,simulation
1981-03-08,0.99339205,simulation
1981-03-09,0.9919949,simulation
1981-03-10,0.9953045,simulation
1981-03-11,0.9936173,simulation
1981-03-12,0.995573,simulation
1981-03-13,0.9966351,simulation
1981-03-14,0.9924648,simulation
1981-03-15,0.99490803,simulation
1981-03-16,0.9922944,simulation
1981-03-17,0.99284446,simulation
1981-03-18,0.9953382,simulation
1981-03-19,0.9928772,simulation
1981-03-20,0.99443364,simulation
1981-03-21,0.998002,simulation
1981-03-22,0.9960988,simulation
1981-03-23,0.9916029,simulation
1981-03-24,0.9918764,simulation
1981-03-25,0.9949441,simulation
1981-03-26,0.9919353,simulation
1981-03-27,0.99444354,simulation
1981-03-28,0.9960553,simulation
1981-03-29,0.9974546,simulation
1981-03-30,0.9807336,simulation
1981-03-31,0.9848852,simulation
1981-04-01,0.9792279,simulation
1981-04-02,0.9805324,simulation
1981-04-03,0.9878191,simulation
1981-04-04,0.9883465,simulation
1981-04-05,0.98460424,simulation
1981-04-06,0.98770475,simulation
1981-04-07,0.9920966,simulation
1981-04-08,0.9941685,simulation
1981-04-09,0.993104,simulation
1981-04-10,0.9920121,simulation
1981-04-11,0.99528414,simulation
1981-04-12,0.9946284,simulation
1981-04-13,0.9938081,simulation
1981-04-14,0.9947743,simulation
1981-04-15,0.99044895,simulation
1981-04-16,0.9954833,simulation
1981-04-17,0.9949064,simulation
1981-04-18,0.9968757,simulation
1981-04-19,0.9954363,simulation
1981-04-20,0.994303,simulation
1981-04-21,0.9932296,simulation
1981-04-22,0.99778515,simulation
1981-04-23,0.9981709,simulation
1981-04-24,0.99643993,simulation
1981-04-25,0.99592686,simulation
1981-04-26,0.99036974,simulation
1981-04-27,0.99005365,simulation
1981-04-28,0.99789983,simulation
1981-04-29,0.99654716,simulation
1981-04-30,0.99694085,simulation
1981-05-01,0.99685675,simulation
1981-05-02,0.9930558,simulation
1981-05-03,0.994895,simulation
1981-05-04,0.99631125,simulation
1981-05-05,0.9985054,simulation
1981-05-06,0.9984724,simulation
1981-05-07,0.99845695,simulation
1981-05-08,0.9964146,simulation
1981-05-09,0.9980309,simulation
1981-05-10,0.99384904,simulation
1981-05-11,0.9942812,simulation
1981-05-12,0.9901996,simulation
1981-05-13,0.99056756,simulation
1981-05-14,0.99461955,simulation
1981-05-15,0.99040574,simulation
1981-05-16,0.99799925,simulation
1981-05-17,0.9914036,simulation
1981-05-18,0.99389374,simulation
1981-05-19,0.9920813,simulation
1981-05-20,0.9980018,simulation
1981-05-21,0.9916889,simulation
1981-05-22,0.9941775,simulation
1981-05-23,0.9965754,simulation
1981-05-24,0.9939515,simulation
1981-05-25,0.99572444,simulation
1981-05-26,0.9949609,simulation
1981-05-27,0.99589604,simulation
1981-05-28,0.98960435,simulation
1981-05-29,0.99134,simulation
1981-05-30,0.9947589,simulation
1981-05-31,0.99445343,simulation
1981-06-01,0.9952034,simulation
1981-06-02,0.99534136,simulation
1981-06-03,0.9957493,simulation
1981-06-04,0.99776775,simulation
1981-06-05,0.997818,simulation
1981-06-06,0.99344134,simulation
1981-06-07,0.99523383,simulation
1981-06-08,0.9936142,simulation
1981-06-09,0.9930944,simulation
1981-06-10,0.99361926,simulation
1981-06-11,0.99591017,simulation
1981-06-12,0.9954045,simulation
1981-06-13,0.992952,simulation
1981-06-14,0.9907885,simulation
1981-06-15,0.9908521,simulation
1981-06-16,0.99050885,simulation
1981-06-17,0.9934136,simulation
1981-06-18,0.98838156,simulation
1981-06-19,0.9913019,simulation
1981-06-20,0.99353683,simulation
1981-06-21,0.98854864,simulation
1981-06-22,0.9896033,simulation
1981-06-23,0.9902917,simulation
1981-06-24,0.99560463,simulation
1981-06-25,0.9936348,simulation
1981-06-26,0.9910475,simulation
1981-06-27,0.9902766,simulation
1981-06-28,0.98844177,simulation
1981-06-29,0.99155927,simulation
1981-06-30,0.99030435,simulation
1981-07-01,0.99901617,simulation
1981-07-02,0.99757683,simulation
1981-07-03,0.9953564,simulation
1981-07-04,0.9964897,simulation
1981-07-05,0.9979678,simulation
1981-07-06,0.99574995,simulation
1981-07-07,0.9914698,simulation
1981-07-08,0.99142295,simulation
1981-07-09,0.9887895,simulation
1981-07-10,0.9900556,simulation
1981-07-11,0.9925845,simulation
1981-07-12,0.99030054,simulation
1981-07-13,0.98980165,simulation
1981-07-14,0.99045455,simulation
1981-07-15,0.98932505,simulation
1981-07-16,0.9905025,simulation
1981-07-17,0.99107707,simulation
1981-07-18,0.9904628,simulation
1981-07-19,0.98901105,simulation
1981-07-20,0.9884341,simulation
1981-07-21,0.9905505,simulation
1981-07-22,0.98818934,simulation
1981-07-23,0.9872395,simulation
1981-07-24,0.9870477,simulation
1981-07-25,0.99208945,simulation
1981-07-26,0.99068314,simulation
1981-07-27,0.9904683,simulation
1981-07-28,0.99095625,simulation
1981-07-29,0.99327517,simulation
1981-07-30,0.98988926,simulation
1981-07-31,0.9877027,simulation
1981-08-01,0.99026334,simulation
1981-08-02,0.9897884,simulation
1981-08-03,0.99036044,simulation
1981-08-04,0.9922004,simulation
1981-08-05,0.9891366,simulation
1981-08-06,0.992771,simulation
1981-08-07,0.992187,simulation
1981-08-08,0.9916949,simulation
1981-08-09,0.9900809,simulation
1981-08-10,0.99186957,simulation
1981-08-11,0.98804927,simulation
1981-08-12,0.98770463,simulation
1981-08-13,0.9884049,simulation
1981-08-14,0.9917158,simulation
1981-08-15,0.9873233,simulation
1981-08-16,0.99285483,simulation
1981-08-17,0.9970953,simulation
1981-08-18,0.99312323,simulation
1981-08-19,0.9983256,simulation
1981-08-20,0.9976613,simulation
1981-08-21,0.99602747,simulation
1981-08-22,0.99800164,simulation
1981-08-23,0.9930245,simulation
1981-08-24,0.99205256,simulation
1981-08-25,0.9878604,simulation
1981-08-26,0.987416,simulation
1981-08-27,0.98866445,simulation
1981-08-28,0.99682385,simulation
1981-08-29,0.9973003,simulation
1981-08-30,0.99199915,simulation
1981-08-31,0.9968938,simulation
1981-09-01,0.997913,simulation
1981-09-02,0.9979691,simulation
1981-09-03,0.9990642,simulation
1981-09-04,0.9968694,simulation
1981-09-05,0.98972005,simulation
1981-09-06,0.99140394,simulation
1981-09-07,0.99089706,simulation
1981-09-08,0.99607396,simulation
1981-09-09,0.98944896,simulation
1981-09-10,0.9899714,simulation
1981-09-11,0.98967224,simulation
1981-09-12,0.9922296,simulation
1981-09-13,0.99467975,simulation
1981-09-14,0.995144,simulation
1981-09-15,0.99896115,simulation
1981-09-16,0.9944924,simulation
1981-09-17,0.99104047,simulation
1981-09-18,0.9910611,simulation
1981-09-19,0.99183,simulation
1981-09-20,0.99428904,simulation
1981-09-21,0.99165833,simulation
1981-09-22,0.9907651,simulation
1981-09-23,0.98982555,simulation
1981-09-24,0.9913453,simulation
1981-09-25,0.99117213,simulation
1981-09-26,0.9924238,simulation
1981-09-27,0.99126744,simulation
1981-09-28,0.9899992,simulation
1981-09-29,0.9893121,simulation
1981-09-30,0.9896706,simulation
1981-10-01,0.99457085,simulation
1981-10-02,0.98824906,simulation
1981-10-03,0.9920592,simulation
1981-10-04,0.9900787,simulation
1981-10-05,0.9894179,simulation
1981-10-06,0.9953916,simulation
1981-10-07,0.99791056,simulation
1981-10-08,0.9993028,simulation
1981-10-09,0.9992395,simulation
1981-10-10,0.9986906,simulation
1981-10-11,0.99829686,simulation
1981-10-12,0.99902636,simulation
1981-10-13,0.9923038,simulation
1981-10-14,0.9975786,simulation
1981-10-15,0.9956824,simulation
1981-10-16,0.99564606,simulation
1981-10-17,0.99322826,simulation
1981-10-18,0.9972741,simulation
1981-10-19,0.9924204,simulation
1981-10-20,0.99324554,simulation
1981-10-21,0.997201,simulation
1981-10-22,0.9984009,simulation
1981-10-23,0.9980871,simulation
1981-10-24,0.99692464,simulation
1981-10-25,0.99926734,simulation
1981-10-26,0.99929345,simulation
1981-10-27,0.997083,simulation
1981-10-28,0.9975797,simulation
1981-10-29,0.99455255,simulation
1981-10-30,0.99665964,simulation
1981-10-31,0.99640226,simulation
1981-11-01,0.9984335,simulation
1981-11-02,0.99877447,simulation
1981-11-03,0.996838,simulation
1981-11-04,0.99787956,simulation
1981-11-05,0.99724543,simulation
1981-11-06,0.9940791,simulation
1981-11-07,0.9963683,simulation
1981-11-08,0.99462366,simulation
1981-11-09,0.99915224,simulation
1981-11-10,0.99676937,simulation
1981-11-11,0.99496657,simulation
1981-11-12,0.99854106,simulation
1981-11-13,0.9986484,simulation
1981-11-14,0.99602515,simulation
1981-11-15,0.99793655,simulation
1981-11-16,0.9985502,simulation
1981-11-17,0.99668735,simulation
1981-11-18,0.99586403,simulation
1981-11-19,0.9974175,simulation
1981-11-20,0.99647635,simulation
1981-11-21,0.99822855,simulation
1981-11-22,0.99774545,simulation
1981-11-23,0.99811745,simulation
1981-11-24,0.9971263,simulation
1981-11-25,0.995854,simulation
1981-11-26,0.99824727,simulation
1981-11-27,0.99909073,simulation
1981-11-28,0.99827504,simulation
1981-11-29,0.99867743,simulation
1981-11-30,0.9986703,simulation
1981-12-01,0.9967038,simulation
1981-12-02,0.99754816,simulation
1981-12-03,0.9954283,simulation
1981-12-04,0.99497485,simulation
1981-12-05,0.99777687,simulation
1981-12-06,0.99907553,simulation
1981-12-07,0.9970373,simulation
1981-12-08,0.9952123,simulation
1981-12-09,0.9963631,simulation
1981-12-10,0.9976954,simulation
1981-12-11,0.9988729,simulation
1981-12-12,0.99939454,simulation
1981-12-13,0.99961823,simulation
1981-12-14,0.9995764,simulation
1981-12-15,0.9979085,simulation
1981-12-16,0.9974378,simulation
1981-12-17,0.99885535,simulation
1981-12-18,0.99765617,simulation
1981-12-19,0.99841714,simulation
1981-12-20,0.99858737,simulation
1981-12-21,0.99886775,simulation
1981-12-22,0.99828595,simulation
1981-12-23,0.99886405,simulation
1981-12-24,0.9991263,simulation
1981-12-25,0.9985082,simulation
1981-12-26,0.9989112,simulation
1981-12-27,0.9981045,simulation
1981-12-28,0.99850786,simulation
1981-12-29,0.9979886,simulation
1981-12-30,0.9987376,simulation
1981-12-31,0.99941224,simulation
1982-01-01,0.99851894,simulation
1982-01-02,0.99842083,simulation
1982-01-03,0.99778724,simulation
1982-01-04,0.992942,simulation
1982-01-05,0.9945851,simulation
1982-01-06,0.99643046,simulation
1982-01-07,0.9971053,simulation
1982-01-08,0.9953044,simulation
1982-01-09,0.9949376,simulation
1982-01-10,0.9951606,simulation
1982-01-11,0.9963385,simulation
1982-01-12,0.99724185,simulation
1982-01-13,0.9966934,simulation
1982-01-14,0.9952202,simulation
1982-01-15,0.9947842,simulation
1982-01-16,0.99478364,simulation
1982-01-17,0.995049,simulation
1982-01-18,0.9959408,simulation
1982-01-19,0.99513465,simulation
1982-01-20,0.9964739,simulation
1982-01-21,0.9967726,simulation
1982-01-22,0.99645686,simulation
1982-01-23,0.9966163,simulation
1982-01-24,0.9938317,simulation
1982-01-25,0.99491376,simulation
1982-01-26,0.99421865,simulation
1982-01-27,0.9941391,simulation
1982-01-28,0.99684924,simulation
1982-01-29,0.9955872,simulation
1982-01-30,0.9965353,simulation
1982-01-31,0.9968495,simulation
1982-02-01,0.9961374,simulation
1982-02-02,0.9972271,simulation
1982-02-03,0.98799896,simulation
1982-02-04,0.9896618,simulation
1982-02-05,0.9914578,simulation
1982-02-06,0.9930952,simulation
1982-02-07,0.99214417,simulation
1982-02-08,0.9937807,simulation
1982-02-09,0.9951353,simulation
1982-02-10,0.99210835,simulation
1982-02-11,0.991973,simulation
1982-02-12,0.9953126,simulation
1982-02-13,0.9951561,simulation
1982-02-14,0.995164,simulation
1982-02-15,0.9959739,simulation
1982-02-16,0.98941064,simulation
1982-02-17,0.9811187,simulation
1982-02-18,0.9857209,simulation
1982-02-19,0.98796535,simulation
1982-02-20,0.9910993,simulation
1982-02-21,0.98907834,simulation
1982-02-22,0.9911902,simulation
1982-02-23,0.99156135,simulation
1982-02-24,0.9934205,simulation
1982-02-25,0.9955553,simulation
1982-02-26,0.99699426,simulation
1982-02-27,0.9931749,simulation
1982-02-28,0.99391735,simulation
1982-03-01,0.9924544,simulation
1982-03-02,0.99223983,simulation
1982-03-03,0.9947987,simulation
1982-03-04,0.99495816,simulation
1982-03-05,0.9956354,simulation
1982-03-06,0.9969097,simulation
1982-03-07,0.9911029,simulation
1982-03-08,0.9915776,simulation
1982-03-09,0.99453604,simulation
1982-03-10,0.99330366,simulation
1982-03-11,0.9959147,simulation
1982-03-12,0.9953211,simulation
1982-03-13,0.99674577,simulation
1982-03-14,0.9951697,simulation
1982-03-15,0.99424464,simulation
1982-03-16,0.99506533,simulation
1982-03-17,0.99670595,simulation
1982-03-18,0.995501,simulation
1982-03-19,0.9924233,simulation
1982-03-20,0.994493,simulation
1982-03-21,0.9984583,simulation
1982-03-22,0.99766594,simulation
1982-03-23,0.9954422,simulation
1982-03-24,0.99786544,simulation
1982-03-25,0.99499875,simulation
1982-03-26,0.99235845,simulation
1982-03-27,0.99620795,simulation
1982-03-28,0.9937686,simulation
1982-03-29,0.99557316,simulation
1982-03-30,0.99706393,simulation
1982-03-31,0.9968898,simulation
1982-04-01,0.9945117,simulation
1982-04-02,0.9952469,simulation
1982-04-03,0.9914947,simulation
1982-04-04,0.99643266,simulation
1982-04-05,0.9955002,simulation
1982-04-06,0.9923068,simulation
1982-04-07,0.9940939,simulation
1982-04-08,0.99692893,simulation
1982-04-09,0.9941508,simulation
1982-04-10,0.99685043,simulation
1982-04-11,0.9920553,simulation
1982-04-12,0.99297535,simulation
1982-04-13,0.99650335,simulation
1982-04-14,0.9971509,simulation
1982-04-15,0.99818784,simulation
1982-04-16,0.99538267,simulation
1982-04-17,0.9980763,simulation
1982-04-18,0.99397427,simulation
1982-04-19,0.99795383,simulation
1982-04-20,0.9972244,simulation
1982-04-21,0.9931641,simulation
1982-04-22,0.99187446,simulation
1982-04-23,0.98839223,simulation
1982-04-24,0.992467,simulation
1982-04-25,0.99319124,simulation
1982-04-26,0.98622173,simulation
1982-04-27,0.9898802,simulation
1982-04-28,0.98925334,simulation
1982-04-29,0.993257,simulation
1982-04-30,0.9936863,simulation
1982-05-01,0.9941554,simulation
1982-05-02,0.9947363,simulation
1982-05-03,0.9898074,simulation
1982-05-04,0.9900634,simulation
1982-05-05,0.99228024,simulation
1982-05-06,0.99369216,simulation
1982-05-07,0.99749696,simulation
1982-05-08,0.99030787,simulation
1982-05-09,0.989798,simulation
1982-05-10,0.9936302,simulation
1982-05-11,0.99103296,simulation
1982-05-12,0.99489,simulation
1982-05-13,0.99332154,simulation
1982-05-14,0.9974841,simulation
1982-05-15,0.99290115,simulation
1982-05-16,0.9907572,simulation
1982-05-17,0.9919586,simulation
1982-05-18,0.9960487,simulation
1982-05-19,0.9928703,simulation
1982-05-20,0.9924954,simulation
1982-05-21,0.99028873,simulation
1982-05-22,0.9943445,simulation
1982-05-23,0.9928672,simulation
1982-05-24,0.9940669,simulation
1982-05-25,0.99343836,simulation
1982-05-26,0.9955793,simulation
1982-05-27,0.99231905,simulation
1982-05-28,0.99483055,simulation
1982-05-29,0.9899498,simulation
1982-05-30,0.9894845,simulation
1982-05-31,0.99372387,simulation
1982-06-01,0.9931028,simulation
1982-06-02,0.9890441,simulation
1982-06-03,0.9902966,simulation
1982-06-04,0.99178225,simulation
1982-06-05,0.9909129,simulation
1982-06-06,0.989955,simulation
1982-06-07,0.9897207,simulation
1982-06-08,0.99258876,simulation
1982-06-09,0.98951256,simulation
1982-06-10,0.99214023,simulation
1982-06-11,0.9910821,simulation
1982-06-12,0.9939744,simulation
1982-06-13,0.9958341,simulation
1982-06-14,0.98956096,simulation
1982-06-15,0.991737,simulation
1982-06-16,0.99855304,simulation
1982-06-17,0.9931513,simulation
1982-06-18,0.9908445,simulation
1982-06-19,0.99446464,simulation
1982-06-20,0.9913737,simulation
1982-06-21,0.9951577,simulation
1982-06-22,0.9968613,simulation
1982-06-23,0.9893574,simulation
1982-06-24,0.9900277,simulation
1982-06-25,0.9949256,simulation
1982-06-26,0.9965414,simulation
1982-06-27,0.99787563,simulation
1982-06-28,0.99567664,simulation
1982-06-29,0.99674845,simulation
1982-06-30,0.99443245,simulation
1982-07-01,0.99236345,simulation
1982-07-02,0.9893921,simulation
1982-07-03,0.9878046,simulation
1982-07-04,0.9925335,simulation
1982-07-05,0.98882145,simulation
1982-07-06,0.99173725,simulation
1982-07-07,0.9900828,simulation
1982-07-08,0.9927221,simulation
1982-07-09,0.9943989,simulation
1982-07-10,0.99077886,simulation
1982-07-11,0.99120295,simulation
1982-07-12,0.9948841,simulation
1982-07-13,0.99540246,simulation
1982-07-14,0.99325234,simulation
1982-07-15,0.9933004,simulation
1982-07-16,0.9930776,simulation
1982-07-17,0.99348956,simulation
1982-07-18,0.99018884,simulation
1982-07-19,0.9905226,simulation
1982-07-20,0.9918242,simulation
1982-07-21,0.9907589,simulation
1982-07-22,0.9921874,simulation
1982-07-23,0.9927474,simulation
1982-07-24,0.9926548,simulation
1982-07-25,0.99411064,simulation
1982-07-26,0.99161744,simulation
1982-07-27,0.99167055,simulation
1982-07-28,0.9947197,simulation
1982-07-29,0.99461746,simulation
1982-07-30,0.9964943,simulation
1982-07-31,0.9959134,simulation
1982-08-01,0.99790937,simulation
1982-08-02,0.99195933,simulation
1982-08-03,0.9879709,simulation
1982-08-04,0.98936564,simulation
1982-08-05,0.98949313,simulation
1982-08-06,0.99656665,simulation
1982-08-07,0.9909764,simulation
1982-08-08,0.9911257,simulation
1982-08-09,0.9922769,simulation
1982-08-10,0.99058026,simulation
1982-08-11,0.99427104,simulation
1982-08-12,0.99285984,simulation
1982-08-13,0.99395734,simulation
1982-08-14,0.99689996,simulation
1982-08-15,0.99425095,simulation
1982-08-16,0.9969912,simulation
1982-08-17,0.9951985,simulation
1982-08-18,0.9918096,simulation
1982-08-19,0.99009126,simulation
1982-08-20,0.99075437,simulation
1982-08-21,0.99216723,simulation
1982-08-22,0.9926833,simulation
1982-08-23,0.9905746,simulation
1982-08-24,0.9908163,simulation
1982-08-25,0.98893076,simulation
1982-08-26,0.98979634,simulation
1982-08-27,0.9900209,simulation
1982-08-28,0.9944592,simulation
1982-08-29,0.9914262,simulation
1982-08-30,0.9939405,simulation
1982-08-31,0.9921215,simulation
1982-09-01,0.99215,simulation
1982-09-02,0.9909066,simulation
1982-09-03,0.9950138,simulation
1982-09-04,0.9927587,simulation
1982-09-05,0.9903763,simulation
1982-09-06,0.99147254,simulation
1982-09-07,0.99104774,simulation
1982-09-08,0.99460477,simulation
1982-09-09,0.9973789,simulation
1982-09-10,0.9986877,simulation
1982-09-11,0.99844754,simulation
1982-09-12,0.9984208,simulation
1982-09-13,0.9947039,simulation
1982-09-14,0.994111,simulation
1982-09-15,0.9933196,simulation
1982-09-16,0.99022603,simulation
1982-09-17,0.99372655,simulation
1982-09-18,0.99186206,simulation
1982-09-19,0.99533117,simulation
1982-09-20,0.99819213,simulation
1982-09-21,0.99219304,simulation
1982-09-22,0.9918692,simulation
1982-09-23,0.9918572,simulation
1982-09-24,0.9979351,simulation
1982-09-25,0.9938687,simulation
1982-09-26,0.99663234,simulation
1982-09-27,0.9933916,simulation
1982-09-28,0.9911089,simulation
1982-09-29,0.99245644,simulation
1982-09-30,0.9910319,simulation
1982-10-01,0.9919721,simulation
1982-10-02,0.99343824,simulation
1982-10-03,0.99411815,simulation
1982-10-04,0.991195,simulation
1982-10-05,0.99374026,simulation
1982-10-06,0.9989656,simulation
1982-10-07,0.9992157,simulation
1982-10-08,0.9985157,simulation
1982-10-09,0.99507606,simulation
1982-10-10,0.99622387,simulation
1982-10-11,0.99603975,simulation
1982-10-12,0.9989815,simulation
1982-10-13,0.9990762,simulation
1982-10-14,0.99374485,simulation
1982-10-15,0.99356204,simulation
1982-10-16,0.9931337,simulation
1982-10-17,0.99832016,simulation
1982-10-18,0.99549055,simulation
1982-10-19,0.9941828,simulation
1982-10-20,0.99853796,simulation
1982-10-21,0.9938398,simulation
1982-10-22,0.99461675,simulation
1982-10-23,0.9945643,simulation
1982-10-24,0.9941848,simulation
1982-10-25,0.9954743,simulation
1982-10-26,0.99514616,simulation
1982-10-27,0.99418104,simulation
1982-10-28,0.9943038,simulation
1982-10-29,0.9981606,simulation
1982-10-30,0.9961484,simulation
1982-10-31,0.99709487,simulation
1982-11-01,0.99707144,simulation
1982-11-02,0.9981168,simulation
1982-11-03,0.99906605,simulation
1982-11-04,0.99460006,simulation
1982-11-05,0.99595463,simulation
1982-11-06,0.99568385,simulation
1982-11-07,0.9952648,simulation
1982-11-08,0.997027,simulation
1982-11-09,0.99821186,simulation
1982-11-10,0.99544334,simulation
1982-11-11,0.9984663,simulation
1982-11-12,0.9984188,simulation
1982-11-13,0.9956328,simulation
1982-11-14,0.99886143,simulation
1982-11-15,0.9964316,simulation
1982-11-16,0.99839026,simulation
1982-11-17,0.9993212,simulation
1982-11-18,0.9990624,simulation
1982-11-19,0.9990621,simulation
1982-11-20,0.9981746,simulation
1982-11-21,0.9983336,simulation
1982-11-22,0.9981415,simulation
1982-11-23,0.99782896,simulation
1982-11-24,0.99686134,simulation
1982-11-25,0.99734,simulation
1982-11-26,0.9971143,simulation
1982-11-27,0.9979181,simulation
1982-11-28,0.9966558,simulation
1982-11-29,0.9934501,simulation
1982-11-30,0.9966437,simulation
1982-12-01,0.99273074,simulation
1982-12-02,0.9931419,simulation
1982-12-03,0.9944148,simulation
1982-12-04,0.97865415,simulation
1982-12-05,0.9617184,simulation
1982-12-06,0.9700434,simulation
1982-12-07,0.97881466,simulation
1982-12-08,0.9859406,simulation
1982-12-09,0.98873043,simulation
1982-12-10,0.9922441,simulation
1982-12-11,0.9916131,simulation
1982-12-12,0.98329735,simulation
1982-12-13,0.98781973,simulation
1982-12-14,0.9901904,simulation
1982-12-15,0.9915663,simulation
1982-12-16,0.98596644,simulation
1982-12-17,0.98902464,simulation
1982-12-18,0.9904284,simulation
1982-12-19,0.9907313,simulation
1982-12-20,0.9927697,simulation
1982-12-21,0.993806,simulation
1982-12-22,0.9954848,simulation
1982-12-23,0.9945448,simulation
1982-12-24,0.99554807,simulation
1982-12-25,0.99598694,simulation
1982-12-26,0.99572504,simulation
1982-12-27,0.9915155,simulation
1982-12-28,0.9848044,simulation
1982-12-29,0.988311,simulation
1982-12-30,0.99023885,simulation
1982-12-31,0.99197483,simulation
1983-01-01,0.992585,simulation
1983-01-02,0.98584515,simulation
1983-01-03,0.9878177,simulation
1983-01-04,0.98968536,simulation
1983-01-05,0.99211293,simulation
1983-01-06,0.9921972,simulation
1983-01-07,0.99424565,simulation
1983-01-08,0.994851,simulation
1983-01-09,0.9950039,simulation
1983-01-10,0.9944977,simulation
1983-01-11,0.9926671,simulation
1983-01-12,0.99402034,simulation
1983-01-13,0.9957573,simulation
1983-01-14,0.9946459,simulation
1983-01-15,0.9955467,simulation
1983-01-16,0.99657625,simulation
1983-01-17,0.99633676,simulation
1983-01-18,0.9969195,simulation
1983-01-19,0.99739623,simulation
1983-01-20,0.9982392,simulation
1983-01-21,0.9854951,simulation
1983-01-22,0.98850507,simulation
1983-01-23,0.9906291,simulation
1983-01-24,0.9914508,simulation
1983-01-25,0.9925285,simulation
1983-01-26,0.99420774,simulation
1983-01-27,0.9924674,simulation
1983-01-28,0.9935997,simulation
1983-01-29,0.9938328,simulation
1983-01-30,0.99197835,simulation
1983-01-31,0.9935773,simulation
1983-02-01,0.99162316,simulation
1983-02-02,0.97894037,simulation
1983-02-03,0.9840086,simulation
1983-02-04,0.9887706,simulation
1983-02-05,0.9917144,simulation
1983-02-06,0.9855171,simulation
1983-02-07,0.9881523,simulation
1983-02-08,0.98934186,simulation
1983-02-09,0.99330735,simulation
1983-02-10,0.9848259,simulation
1983-02-11,0.98485833,simulation
1983-02-12,0.9887987,simulation
1983-02-13,0.99007916,simulation
1983-02-14,0.99042857,simulation
1983-02-15,0.99173176,simulation
1983-02-16,0.9946556,simulation
1983-02-17,0.99286836,simulation
1983-02-18,0.99427605,simulation
1983-02-19,0.9930904,simulation
1983-02-20,0.9944499,simulation
1983-02-21,0.99586535,simulation
1983-02-22,0.9972728,simulation
1983-02-23,0.9953433,simulation
1983-02-24,0.9934045,simulation
1983-02-25,0.99340254,simulation
1983-02-26,0.99587584,simulation
1983-02-27,0.99649453,simulation
1983-02-28,0.99730045,simulation
1983-03-01,0.99196374,simulation
1983-03-02,0.9943287,simulation
1983-03-03,0.99417746,simulation
1983-03-04,0.9944344,simulation
1983-03-05,0.9960153,simulation
1983-03-06,0.97620285,simulation
1983-03-07,0.983768,simulation
1983-03-08,0.9885385,simulation
1983-03-09,0.9909003,simulation
1983-03-10,0.9930918,simulation
1983-03-11,0.9936467,simulation
1983-03-12,0.9931251,simulation
1983-03-13,0.99459314,simulation
1983-03-14,0.9929527,simulation
1983-03-15,0.9965413,simulation
1983-03-16,0.99741095,simulation
1983-03-17,0.9966353,simulation
1983-03-18,0.99257094,simulation
1983-03-19,0.99253464,simulation
1983-03-20,0.9972985,simulation
1983-03-21,0.99620515,simulation
1983-03-22,0.99381167,simulation
1983-03-23,0.99697965,simulation
1983-03-24,0.99299556,simulation
1983-03-25,0.98779666,simulation
1983-03-26,0.9937085,simulation
1983-03-27,0.9813855,simulation
1983-03-28,0.98729336,simulation
1983-03-29,0.98853976,simulation
1983-03-30,0.9944635,simulation
1983-03-31,0.9922737,simulation
1983-04-01,0.9924188,simulation
1983-04-02,0.98940027,simulation
1983-04-03,0.98806214,simulation
1983-04-04,0.9930549,simulation
1983-04-05,0.9954217,simulation
1983-04-06,0.98733294,simulation
1983-04-07,0.96117747,simulation
1983-04-08,0.9611995,simulation
1983-04-09,0.963926,simulation
1983-04-10,0.9705174,simulation
1983-04-11,0.9779239,simulation
1983-04-12,0.98212653,simulation
1983-04-13,0.98797196,simulation
1983-04-14,0.982495,simulation
1983-04-15,0.9751623,simulation
1983-04-16,0.98225623,simulation
1983-04-17,0.9859576,simulation
1983-04-18,0.991672,simulation
1983-04-19,0.9933996,simulation
1983-04-20,0.9907474,simulation
1983-04-21,0.9919504,simulation
1983-04-22,0.9963003,simulation
1983-04-23,0.9936171,simulation
1983-04-24,0.9891394,simulation
1983-04-25,0.989124,simulation
1983-04-26,0.98922026,simulation
1983-04-27,0.9897284,simulation
1983-04-28,0.9954289,simulation
1983-04-29,0.9967404,simulation
1983-04-30,0.99521774,simulation
1983-05-01,0.99502814,simulation
1983-05-02,0.9966067,simulation
1983-05-03,0.99739,simulation
1983-05-04,0.9907241,simulation
1983-05-05,0.9907271,simulation
1983-05-06,0.9890819,simulation
1983-05-07,0.99456036,simulation
1983-05-08,0.9931187,simulation
1983-05-09,0.9920951,simulation
1983-05-10,0.9941199,simulation
1983-05-11,0.9969458,simulation
1983-05-12,0.99049425,simulation
1983-05-13,0.99199367,simulation
1983-05-14,0.99510163,simulation
1983-05-15,0.99891,simulation
1983-05-16,0.9951297,simulation
1983-05-17,0.9902725,simulation
1983-05-18,0.9967876,simulation
1983-05-19,0.9958785,simulation
1983-05-20,0.9968427,simulation
1983-05-21,0.9937139,simulation
1983-05-22,0.98431945,simulation
1983-05-23,0.98454565,simulation
1983-05-24,0.98449445,simulation
1983-05-25,0.9913076,simulation
1983-05-26,0.9889104,simulation
1983-05-27,0.9895937,simulation
1983-05-28,0.992666,simulation
1983-05-29,0.9943602,simulation
1983-05-30,0.9890955,simulation
1983-05-31,0.9966999,simulation
1983-06-01,0.9926401,simulation
1983-06-02,0.9912173,simulation
1983-06-03,0.99091244,simulation
1983-06-04,0.99626577,simulation
1983-06-05,0.9973653,simulation
1983-06-06,0.9972837,simulation
1983-06-07,0.99548775,simulation
1983-06-08,0.9897705,simulation
1983-06-09,0.9895797,simulation
1983-06-10,0.9899859,simulation
1983-06-11,0.99245375,simulation
1983-06-12,0.9928931,simulation
1983-06-13,0.9905205,simulation
1983-06-14,0.9935888,simulation
1983-06-15,0.993422,simulation
1983-06-16,0.99529755,simulation
1983-06-17,0.9981067,simulation
1983-06-18,0.9968047,simulation
1983-06-19,0.9949733,simulation
1983-06-20,0.9928729,simulation
1983-06-21,0.9961917,simulation
1983-06-22,0.9950296,simulation
1983-06-23,0.9933487,simulation
1983-06-24,0.9947603,simulation
1983-06-25,0.9948248,simulation
1983-06-26,0.9938683,simulation
1983-06-27,0.99293816,simulation
1983-06-28,0.98802894,simulation
1983-06-29,0.99122494,simulation
1983-06-30,0.9892141,simulation
1983-07-01,0.9877766,simulation
1983-07-02,0.9912419,simulation
1983-07-03,0.9906284,simulation
1983-07-04,0.991076,simulation
1983-07-05,0.9953315,simulation
1983-07-06,0.9885807,simulation
1983-07-07,0.9892185,simulation
1983-07-08,0.99043065,simulation
1983-07-09,0.98928213,simulation
1983-07-10,0.9894477,simulation
1983-07-11,0.98971725,simulation
1983-07-12,0.99054456,simulation
1983-07-13,0.99197954,simulation
1983-07-14,0.99158925,simulation
1983-07-15,0.9942307,simulation
1983-07-16,0.9969592,simulation
1983-07-17,0.9955092,simulation
1983-07-18,0.9949913,simulation
1983-07-19,0.99330443,simulation
1983-07-20,0.9894842,simulation
1983-07-21,0.99206406,simulation
1983-07-22,0.9930555,simulation
1983-07-23,0.9890815,simulation
1983-07-24,0.9889821,simulation
1983-07-25,0.98988706,simulation
1983-07-26,0.9948607,simulation
1983-07-27,0.9926097,simulation
1983-07-28,0.9940341,simulation
1983-07-29,0.9917133,simulation
1983-07-30,0.9899955,simulation
1983-07-31,0.9936638,simulation
1983-08-01,0.9983609,simulation
1983-08-02,0.9990357,simulation
1983-08-03,0.995217,simulation
1983-08-04,0.99339163,simulation
1983-08-05,0.9929429,simulation
1983-08-06,0.9911471,simulation
1983-08-07,0.99356425,simulation
1983-08-08,0.9924814,simulation
1983-08-09,0.990449,simulation
1983-08-10,0.99116963,simulation
1983-08-11,0.9896022,simulation
1983-08-12,0.99372286,simulation
1983-08-13,0.99704844,simulation
1983-08-14,0.98930126,simulation
1983-08-15,0.99022675,simulation
1983-08-16,0.9904538,simulation
1983-08-17,0.99289703,simulation
1983-08-18,0.9898926,simulation
1983-08-19,0.9900238,simulation
1983-08-20,0.99056745,simulation
1983-08-21,0.9894837,simulation
1983-08-22,0.99330443,simulation
1983-08-23,0.99058044,simulation
1983-08-24,0.9889233,simulation
1983-08-25,0.98882794,simulation
1983-08-26,0.9961297,simulation
1983-08-27,0.99412906,simulation
1983-08-28,0.9907697,simulation
1983-08-29,0.991445,simulation
1983-08-30,0.9882548,simulation
1983-08-31,0.99471825,simulation
1983-09-01,0.99281275,simulation
1983-09-02,0.9910877,simulation
1983-09-03,0.9924548,simulation
1983-09-04,0.99336416,simulation
1983-09-05,0.9975679,simulation
1983-09-06,0.9985138,simulation
1983-09-07,0.99738216,simulation
1983-09-08,0.99647456,simulation
1983-09-09,0.9898427,simulation
1983-09-10,0.98982155,simulation
1983-09-11,0.9965698,simulation
1983-09-12,0.99918926,simulation
1983-09-13,0.99778575,simulation
1983-09-14,0.99122405,simulation
1983-09-15,0.9903817,simulation
1983-09-16,0.99022937,simulation
1983-09-17,0.989723,simulation
1983-09-18,0.99214315,simulation
1983-09-19,0.9987759,simulation
1983-09-20,0.99853677,simulation
1983-09-21,0.995065,simulation
1983-09-22,0.99194,simulation
1983-09-23,0.99157465,simulation
1983-09-24,0.9911564,simulation
1983-09-25,0.99321485,simulation
1983-09-26,0.993193,simulation
1983-09-27,0.99268466,simulation
1983-09-28,0.9913557,simulation
1983-09-29,0.9917916,simulation
1983-09-30,0.99134284,simulation
1983-10-01,0.9913041,simulation
1983-10-02,0.9908798,simulation
1983-10-03,0.9927561,simulation
1983-10-04,0.99596125,simulation
1983-10-05,0.99167013,simulation
1983-10-06,0.9972835,simulation
1983-10-07,0.99671704,simulation
1983-10-08,0.9947392,simulation
1983-10-09,0.9921067,simulation
1983-10-10,0.99867535,simulation
1983-10-11,0.998908,simulation
1983-10-12,0.9993227,simulation
1983-10-13,0.99354696,simulation
1983-10-14,0.9932311,simulation
1983-10-15,0.99349916,simulation
1983-10-16,0.99604833,simulation
1983-10-17,0.9921846,simulation
1983-10-18,0.9977975,simulation
1983-10-19,0.9938996,simulation
1983-10-20,0.9953502,simulation
1983-10-21,0.9986842,simulation
1983-10-22,0.9990528,simulation
1983-10-23,0.9991919,simulation
1983-10-24,0.9987902,simulation
1983-10-25,0.9986267,simulation
1983-10-26,0.9936202,simulation
1983-10-27,0.99404764,simulation
1983-10-28,0.99391633,simulation
1983-10-29,0.99861765,simulation
1983-10-30,0.9938621,simulation
1983-10-31,0.99862176,simulation
1983-11-01,0.9978889,simulation
1983-11-02,0.9935239,simulation
1983-11-03,0.9979458,simulation
1983-11-04,0.99927527,simulation
1983-11-05,0.9946937,simulation
1983-11-06,0.9986474,simulation
1983-11-07,0.99926364,simulation
1983-11-08,0.9956056,simulation
1983-11-09,0.9981412,simulation
1983-11-10,0.9981349,simulation
1983-11-11,0.9990898,simulation
1983-11-12,0.9969127,simulation
1983-11-13,0.9993374,simulation
1983-11-14,0.99807155,simulation
1983-11-15,0.9949078,simulation
1983-11-16,0.9971469,simulation
1983-11-17,0.99667495,simulation
1983-11-18,0.9969173,simulation
1983-11-19,0.9978022,simulation
1983-11-20,0.99644387,simulation
1983-11-21,0.9956718,simulation
1983-11-22,0.99936926,simulation
1983-11-23,0.9992119,simulation
1983-11-24,0.99875426,simulation
1983-11-25,0.99721706,simulation
1983-11-26,0.99869007,simulation
1983-11-27,0.99930423,simulation
1983-11-28,0.9965658,simulation
1983-11-29,0.9975961,simulation
1983-11-30,0.9987211,simulation
1983-12-01,0.9987577,simulation
1983-12-02,0.9984073,simulation
1983-12-03,0.9985107,simulation
1983-12-04,0.9979468,simulation
1983-12-05,0.99814194,simulation
1983-12-06,0.9962652,simulation
1983-12-07,0.99527586,simulation
1983-12-08,0.9961711,simulation
1983-12-09,0.99627185,simulation
1983-12-10,0.9968452,simulation
1983-12-11,0.9960638,simulation
1983-12-12,0.9934005,simulation
1983-12-13,0.99453944,simulation
1983-12-14,0.99290925,simulation
1983-12-15,0.9923182,simulation
1983-12-16,0.99482167,simulation
1983-12-17,0.9945842,simulation
1983-12-18,0.99373657,simulation
1983-12-19,0.99608344,simulation
1983-12-20,0.9965154,simulation
1983-12-21,0.99665314,simulation
1983-12-22,0.9941588,simulation
1983-12-23,0.99415034,simulation
1983-12-24,0.994123,simulation
1983-12-25,0.99516505,simulation
1983-12-26,0.99549377,simulation
1983-12-27,0.996121,simulation
1983-12-28,0.9871982,simulation
1983-12-29,0.9836283,simulation
1983-12-30,0.9879,simulation
1983-12-31,0.99063754,simulation
1984-01-01,0.9921292,simulation
1984-01-02,0.9937694,simulation
1984-01-03,0.99429166,simulation
1984-01-04,0.99470806,simulation
1984-01-05,0.9947177,simulation
1984-01-06,0.9947661,simulation
1984-01-07,0.99603844,simulation
1984-01-08,0.9951602,simulation
1984-01-09,0.99661034,simulation
1984-01-10,0.99647707,simulation
1984-01-11,0.99317986,simulation
1984-01-12,0.9949096,simulation
1984-01-13,0.99566287,simulation
1984-01-14,0.9957223,simulation
1984-01-15,0.9968511,simulation
1984-01-16,0.9960462,simulation
1984-01-17,0.9962725,simulation
1984-01-18,0.9950645,simulation
1984-01-19,0.99067205,simulation
1984-01-20,0.9926856,simulation
1984-01-21,0.99305594,simulation
1984-01-22,0.9941575,simulation
1984-01-23,0.9953743,simulation
1984-01-24,0.9946766,simulation
1984-01-25,0.9941003,simulation
1984-01-26,0.994553,simulation
1984-01-27,0.9936223,simulation
1984-01-28,0.99564415,simulation
1984-01-29,0.99411386,simulation
1984-01-30,0.9939692,simulation
1984-01-31,0.99635464,simulation
1984-02-01,0.996431,simulation
1984-02-02,0.99474865,simulation
1984-02-03,0.99666876,simulation
1984-02-04,0.9951739,simulation
1984-02-05,0.9947916,simulation
1984-02-06,0.9962597,simulation
1984-02-07,0.9962907,simulation
1984-02-08,0.9955382,simulation
1984-02-09,0.99722266,simulation
1984-02-10,0.9979739,simulation
1984-02-11,0.99653137,simulation
1984-02-12,0.9978111,simulation
1984-02-13,0.9941319,simulation
1984-02-14,0.99284977,simulation
1984-02-15,0.99316967,simulation
1984-02-16,0.9949668,simulation
1984-02-17,0.99201846,simulation
1984-02-18,0.994584,simulation
1984-02-19,0.99566287,simulation
1984-02-20,0.995366,simulation
1984-02-21,0.9955251,simulation
1984-02-22,0.9955889,simulation
1984-02-23,0.9931756,simulation
1984-02-24,0.9951163,simulation
1984-02-25,0.9939783,simulation
1984-02-26,0.9964554,simulation
1984-02-27,0.9956548,simulation
1984-02-28,0.99543273,simulation
1984-02-29,0.9941104,simulation
1984-03-01,0.99370134,simulation
1984-03-02,0.9968051,simulation
1984-03-03,0.99754626,simulation
1984-03-04,0.9953045,simulation
1984-03-05,0.9970076,simulation
1984-03-06,0.982864,simulation
1984-03-07,0.98462385,simulation
1984-03-08,0.98656154,simulation
1984-03-09,0.9896576,simulation
1984-03-10,0.99326986,simulation
1984-03-11,0.9912089,simulation
1984-03-12,0.9954182,simulation
1984-03-13,0.9940662,simulation
1984-03-14,0.9925697,simulation
1984-03-15,0.99351025,simulation
1984-03-16,0.9959144,simulation
1984-03-17,0.9947953,simulation
1984-03-18,0.9949143,simulation
1984-03-19,0.9971432,simulation
1984-03-20,0.9966041,simulation
1984-03-21,0.9914924,simulation
1984-03-22,0.99183303,simulation
1984-03-23,0.9927945,simulation
1984-03-24,0.99749744,simulation
1984-03-25,0.9927691,simulation
1984-03-26,0.9970792,simulation
1984-03-27,0.99706936,simulation
1984-03-28,0.99716556,simulation
1984-03-29,0.9944685,simulation
1984-03-30,0.99532574,simulation
1984-03-31,0.9934882,simulation
1984-04-01,0.9928617,simulation
1984-04-02,0.99667525,simulation
1984-04-03,0.9922672,simulation
1984-04-04,0.9924458,simulation
1984-04-05,0.9934456,simulation
1984-04-06,0.9920125,simulation
1984-04-07,0.9970875,simulation
1984-04-08,0.9983102,simulation
1984-04-09,0.9965493,simulation
1984-04-10,0.9964588,simulation
1984-04-11,0.99410987,simulation
1984-04-12,0.99550647,simulation
1984-04-13,0.9937165,simulation
1984-04-14,0.99445933,simulation
1984-04-15,0.9953133,simulation
1984-04-16,0.9949975,simulation
1984-04-17,0.9936135,simulation
1984-04-18,0.99184203,simulation
1984-04-19,0.9981672,simulation
1984-04-20,0.9926824,simulation
1984-04-21,0.996699,simulation
1984-04-22,0.9967596,simulation
1984-04-23,0.99203604,simulation
1984-04-24,0.9909629,simulation
1984-04-25,0.9896248,simulation
1984-04-26,0.99777555,simulation
1984-04-27,0.9958817,simulation
1984-04-28,0.9981458,simulation
1984-04-29,0.9981286,simulation
1984-04-30,0.99811476,simulation
1984-05-01,0.998755,simulation
1984-05-02,0.99506044,simulation
1984-05-03,0.9976139,simulation
1984-05-04,0.9872388,simulation
1984-05-05,0.99386823,simulation
1984-05-06,0.9934521,simulation
1984-05-07,0.991193,simulation
1984-05-08,0.9956105,simulation
1984-05-09,0.98919463,simulation
1984-05-10,0.9890667,simulation
1984-05-11,0.98918533,simulation
1984-05-12,0.99127084,simulation
1984-05-13,0.9905428,simulation
1984-05-14,0.99205494,simulation
1984-05-15,0.9916886,simulation
1984-05-16,0.99154526,simulation
1984-05-17,0.99185973,simulation
1984-05-18,0.99199593,simulation
1984-05-19,0.9916086,simulation
1984-05-20,0.9985133,simulation
1984-05-21,0.99837536,simulation
1984-05-22,0.9968629,simulation
1984-05-23,0.9934609,simulation
1984-05-24,0.99160594,simulation
1984-05-25,0.9918003,simulation
1984-05-26,0.9934966,simulation
1984-05-27,0.9932666,simulation
1984-05-28,0.99348795,simulation
1984-05-29,0.9946326,simulation
1984-05-30,0.9898249,simulation
1984-05-31,0.9900515,simulation
1984-06-01,0.98964983,simulation
1984-06-02,0.98939407,simulation
1984-06-03,0.98969805,simulation
1984-06-04,0.9901214,simulation
1984-06-05,0.9911949,simulation
1984-06-06,0.9975412,simulation
1984-06-07,0.99504846,simulation
1984-06-08,0.9903544,simulation
1984-06-09,0.9912127,simulation
1984-06-10,0.990207,simulation
1984-06-11,0.9899595,simulation
1984-06-12,0.9901708,simulation
1984-06-13,0.99007356,simulation
1984-06-14,0.9887835,simulation
1984-06-15,0.9892693,simulation
1984-06-16,0.99405676,simulation
1984-06-17,0.99073565,simulation
1984-06-18,0.9894044,simulation
1984-06-19,0.9885008,simulation
1984-06-20,0.98845565,simulation
1984-06-21,0.9910345,simulation
1984-06-22,0.9891842,simulation
1984-06-23,0.98929834,simulation
1984-06-24,0.994401,simulation
1984-06-25,0.98597836,simulation
1984-06-26,0.9933112,simulation
1984-06-27,0.99627805,simulation
1984-06-28,0.9969398,simulation
1984-06-29,0.9983459,simulation
1984-06-30,0.993049,simulation
1984-07-01,0.99152964,simulation
1984-07-02,0.99139416,simulation
1984-07-03,0.9912055,simulation
1984-07-04,0.9900861,simulation
1984-07-05,0.99201685,simulation
1984-07-06,0.99252355,simulation
1984-07-07,0.9909849,simulation
1984-07-08,0.9924841,simulation
1984-07-09,0.9887977,simulation
1984-07-10,0.98845613,simulation
1984-07-11,0.98786104,simulation
1984-07-12,0.9902453,simulation
1984-07-13,0.99768335,simulation
1984-07-14,0.9971839,simulation
1984-07-15,0.9914109,simulation
1984-07-16,0.99709135,simulation
1984-07-17,0.9977798,simulation
1984-07-18,0.9912145,simulation
1984-07-19,0.98974943,simulation
1984-07-20,0.98786163,simulation
1984-07-21,0.9882229,simulation
1984-07-22,0.98731005,simulation
1984-07-23,0.99433875,simulation
1984-07-24,0.9934868,simulation
1984-07-25,0.9918548,simulation
1984-07-26,0.990046,simulation
1984-07-27,0.99396473,simulation
1984-07-28,0.99713236,simulation
1984-07-29,0.9922763,simulation
1984-07-30,0.993198,simulation
1984-07-31,0.99437946,simulation
1984-08-01,0.9983621,simulation
1984-08-02,0.998786,simulation
1984-08-03,0.9982035,simulation
1984-08-04,0.9975872,simulation
1984-08-05,0.9973582,simulation
1984-08-06,0.99467874,simulation
1984-08-07,0.9971277,simulation
1984-08-08,0.9959555,simulation
1984-08-09,0.9941279,simulation
1984-08-10,0.99431854,simulation
1984-08-11,0.9965697,simulation
1984-08-12,0.99219507,simulation
1984-08-13,0.9979024,simulation
1984-08-14,0.9974899,simulation
1984-08-15,0.9944456,simulation
1984-08-16,0.99181914,simulation
1984-08-17,0.99457824,simulation
1984-08-18,0.9906116,simulation
1984-08-19,0.99582165,simulation
1984-08-20,0.9951919,simulation
1984-08-21,0.9913054,simulation
1984-08-22,0.9924158,simulation
1984-08-23,0.9929126,simulation
1984-08-24,0.9919026,simulation
1984-08-25,0.99306715,simulation
1984-08-26,0.9951526,simulation
1984-08-27,0.9951782,simulation
1984-08-28,0.9959078,simulation
1984-08-29,0.99802893,simulation
1984-08-30,0.9961657,simulation
1984-08-31,0.99626315,simulation
1984-09-01,0.9906972,simulation
1984-09-02,0.99305785,simulation
1984-09-03,0.9945117,simulation
1984-09-04,0.9972153,simulation
1984-09-05,0.9903218,simulation
1984-09-06,0.99022996,simulation
1984-09-07,0.98993236,simulation
1984-09-08,0.9930286,simulation
1984-09-09,0.99728614,simulation
1984-09-10,0.9941993,simulation
1984-09-11,0.992545,simulation
1984-09-12,0.9922499,simulation
1984-09-13,0.9902502,simulation
1984-09-14,0.99159944,simulation
1984-09-15,0.9945697,simulation
1984-09-16,0.98905075,simulation
1984-09-17,0.99370486,simulation
1984-09-18,0.9955074,simulation
1984-09-19,0.98985946,simulation
1984-09-20,0.99161696,simulation
1984-09-21,0.99271184,simulation
1984-09-22,0.99759454,simulation
1984-09-23,0.993348,simulation
1984-09-24,0.9938307,simulation
1984-09-25,0.991605,simulation
1984-09-26,0.99331397,simulation
1984-09-27,0.99067646,simulation
1984-09-28,0.9924695,simulation
1984-09-29,0.99439245,simulation
1984-09-30,0.99482065,simulation
1984-10-01,0.9923434,simulation
1984-10-02,0.9924424,simulation
1984-10-03,0.9937921,simulation
1984-10-04,0.99859715,simulation
1984-10-05,0.9979469,simulation
1984-10-06,0.9982898,simulation
1984-10-07,0.9980278,simulation
1984-10-08,0.9991945,simulation
1984-10-09,0.99849564,simulation
1984-10-10,0.99877626,simulation
1984-10-11,0.9933658,simulation
1984-10-12,0.9969365,simulation
1984-10-13,0.993404,simulation
1984-10-14,0.998378,simulation
1984-10-15,0.9956533,simulation
1984-10-16,0.99465495,simulation
1984-10-17,0.99902284,simulation
1984-10-18,0.99798506,simulation
1984-10-19,0.9989625,simulation
1984-10-20,0.99851924,simulation
1984-10-21,0.99902594,simulation
1984-10-22,0.9943865,simulation
1984-10-23,0.9892069,simulation
1984-10-24,0.9860739,simulation
1984-10-25,0.9859399,simulation
1984-10-26,0.98804045,simulation
1984-10-27,0.9901968,simulation
1984-10-28,0.99227226,simulation
1984-10-29,0.9924039,simulation
1984-10-30,0.9919847,simulation
1984-10-31,0.99167085,simulation
1984-11-01,0.9955705,simulation
1984-11-02,0.99376476,simulation
1984-11-03,0.9893777,simulation
1984-11-04,0.99188733,simulation
1984-11-05,0.99049723,simulation
1984-11-06,0.9917953,simulation
1984-11-07,0.9948961,simulation
1984-11-08,0.9933874,simulation
1984-11-09,0.99314916,simulation
1984-11-10,0.9948153,simulation
1984-11-11,0.99559224,simulation
1984-11-12,0.99564236,simulation
1984-11-13,0.9952065,simulation
1984-11-14,0.99527204,simulation
1984-11-15,0.9968743,simulation
1984-11-16,0.99553156,simulation
1984-11-17,0.99457026,simulation
1984-11-18,0.9952925,simulation
1984-11-19,0.99500823,simulation
1984-11-20,0.99310094,simulation
1984-11-21,0.99556786,simulation
1984-11-22,0.99465513,simulation
1984-11-23,0.9962435,simulation
1984-11-24,0.9956049,simulation
1984-11-25,0.99542683,simulation
1984-11-26,0.99710655,simulation
1984-11-27,0.99756336,simulation
1984-11-28,0.9894127,simulation
1984-11-29,0.9908748,simulation
1984-11-30,0.9932034,simulation
1984-12-01,0.9937128,simulation
1984-12-02,0.9960201,simulation
1984-12-03,0.99019945,simulation
1984-12-04,0.9934072,simulation
1984-12-05,0.9911763,simulation
1984-12-06,0.9898975,simulation
1984-12-07,0.99141335,simulation
1984-12-08,0.9929008,simulation
1984-12-09,0.9942118,simulation
1984-12-10,0.99380785,simulation
1984-12-11,0.9945203,simulation
1984-12-12,0.99600834,simulation
1984-12-13,0.9957667,simulation
1984-12-14,0.9963892,simulation
1984-12-15,0.99541104,simulation
1984-12-16,0.99615943,simulation
1984-12-17,0.9969461,simulation
1984-12-18,0.9970534,simulation
1984-12-19,0.99760723,simulation
1984-12-20,0.9978791,simulation
1984-12-21,0.9976501,simulation
1984-12-22,0.99617034,simulation
1984-12-23,0.9977723,simulation
1984-12-24,0.9972372,simulation
1984-12-25,0.9977565,simulation
1984-12-26,0.99718404,simulation
1984-12-27,0.99803925,simulation
1984-12-28,0.99792325,simulation
1984-12-29,0.99801767,simulation
1984-12-30,0.99762034,simulation
1984-12-31,0.99821335,simulation
1985-01-01,0.9976409,simulation
1985-01-02,0.9975017,simulation
1985-01-03,0.9979338,simulation
1985-01-04,0.9973354,simulation
1985-01-05,0.9967923,simulation
1985-01-06,0.9972838,simulation
1985-01-07,0.9963115,simulation
1985-01-08,0.9973442,simulation
1985-01-09,0.99737257,simulation
1985-01-10,0.9975696,simulation
1985-01-11,0.9978218,simulation
1985-01-12,0.9975382,simulation
1985-01-13,0.99797857,simulation
1985-01-14,0.9978097,simulation
1985-01-15,0.9978404,simulation
1985-01-16,0.99807787,simulation
1985-01-17,0.99714285,simulation
1985-01-18,0.99557215,simulation
1985-01-19,0.99478424,simulation
1985-01-20,0.9969737,simulation
1985-01-21,0.9970956,simulation
1985-01-22,0.9972198,simulation
1985-01-23,0.99749863,simulation
1985-01-24,0.99737966,simulation
1985-01-25,0.9952043,simulation
1985-01-26,0.9964639,simulation
1985-01-27,0.9982177,simulation
1985-01-28,0.9970471,simulation
1985-01-29,0.9954217,simulation
1985-01-30,0.9976277,simulation
1985-01-31,0.99733704,simulation
1985-02-01,0.9910173,simulation
1985-02-02,0.9918863,simulation
1985-02-03,0.99300635,simulation
1985-02-04,0.9939591,simulation
1985-02-05,0.99052745,simulation
1985-02-06,0.9813519,simulation
1985-02-07,0.9861845,simulation
1985-02-08,0.98772216,simulation
1985-02-09,0.9897554,simulation
1985-02-10,0.9925805,simulation
1985-02-11,0.9938954,simulation
1985-02-12,0.98417264,simulation
1985-02-13,0.9883636,simulation
1985-02-14,0.99154794,simulation
1985-02-15,0.99145013,simulation
1985-02-16,0.9917894,simulation
1985-02-17,0.99298173,simulation
1985-02-18,0.99511045,simulation
1985-02-19,0.996401,simulation
1985-02-20,0.9948315,simulation
1985-02-21,0.9946832,simulation
1985-02-22,0.99624014,simulation
1985-02-23,0.99667794,simulation
1985-02-24,0.9978084,simulation
1985-02-25,0.9957983,simulation
1985-02-26,0.9871139,simulation
1985-02-27,0.99012595,simulation
1985-02-28,0.99003786,simulation
1985-03-01,0.9930703,simulation
1985-03-02,0.98734593,simulation
1985-03-03,0.98864776,simulation
1985-03-04,0.9908068,simulation
1985-03-05,0.99052024,simulation
1985-03-06,0.9902841,simulation
1985-03-07,0.99291706,simulation
1985-03-08,0.99607164,simulation
1985-03-09,0.9954371,simulation
1985-03-10,0.9940636,simulation
1985-03-11,0.99478966,simulation
1985-03-12,0.9964079,simulation
1985-03-13,0.9967936,simulation
1985-03-14,0.9971191,simulation
1985-03-15,0.99518216,simulation
1985-03-16,0.997645,simulation
1985-03-17,0.9936161,simulation
1985-03-18,0.9933056,simulation
1985-03-19,0.9925233,simulation
1985-03-20,0.9974688,simulation
1985-03-21,0.99748534,simulation
1985-03-22,0.9977688,simulation
1985-03-23,0.99522334,simulation
1985-03-24,0.992471,simulation
1985-03-25,0.99197286,simulation
1985-03-26,0.9945753,simulation
1985-03-27,0.9983582,simulation
1985-03-28,0.99361086,simulation
1985-03-29,0.9940448,simulation
1985-03-30,0.9955026,simulation
1985-03-31,0.99492943,simulation
1985-04-01,0.9935051,simulation
1985-04-02,0.99270856,simulation
1985-04-03,0.9904809,simulation
1985-04-04,0.9915094,simulation
1985-04-05,0.99775475,simulation
1985-04-06,0.99221694,simulation
1985-04-07,0.99119234,simulation
1985-04-08,0.9932605,simulation
1985-04-09,0.9925133,simulation
1985-04-10,0.99371374,simulation
1985-04-11,0.996652,simulation
1985-04-12,0.998558,simulation
1985-04-13,0.99607253,simulation
1985-04-14,0.9977502,simulation
1985-04-15,0.996902,simulation
1985-04-16,0.99176884,simulation
1985-04-17,0.9913802,simulation
1985-04-18,0.991677,simulation
1985-04-19,0.9929058,simulation
1985-04-20,0.99471146,simulation
1985-04-21,0.99248415,simulation
1985-04-22,0.994238,simulation
1985-04-23,0.9958417,simulation
1985-04-24,0.9953482,simulation
1985-04-25,0.9954827,simulation
1985-04-26,0.9982476,simulation
1985-04-27,0.995941,simulation
1985-04-28,0.99572396,simulation
1985-04-29,0.99088854,simulation
1985-04-30,0.99393356,simulation
1985-05-01,0.99714977,simulation
1985-05-02,0.99444205,simulation
1985-05-03,0.9959953,simulation
1985-05-04,0.9931164,simulation
1985-05-05,0.9925226,simulation
1985-05-06,0.995684,simulation
1985-05-07,0.99253124,simulation
1985-05-08,0.99538976,simulation
1985-05-09,0.99858296,simulation
1985-05-10,0.99516857,simulation
1985-05-11,0.9972876,simulation
1985-05-12,0.99286544,simulation
1985-05-13,0.99304956,simulation
1985-05-14,0.9948975,simulation
1985-05-15,0.9904307,simulation
1985-05-16,0.98898125,simulation
1985-05-17,0.992781,simulation
1985-05-18,0.9962187,simulation
1985-05-19,0.99408454,simulation
1985-05-20,0.992853,simulation
1985-05-21,0.9975225,simulation
1985-05-22,0.9923287,simulation
1985-05-23,0.99597174,simulation
1985-05-24,0.98937553,simulation
1985-05-25,0.9896193,simulation
1985-05-26,0.988803,simulation
1985-05-27,0.9939577,simulation
1985-05-28,0.9915947,simulation
1985-05-29,0.9897479,simulation
1985-05-30,0.992921,simulation
1985-05-31,0.99119586,simulation
1985-06-01,0.9895072,simulation
1985-06-02,0.99009985,simulation
1985-06-03,0.98979115,simulation
1985-06-04,0.98618567,simulation
1985-06-05,0.9920077,simulation
1985-06-06,0.9936923,simulation
1985-06-07,0.9934381,simulation
1985-06-08,0.99073684,simulation
1985-06-09,0.988756,simulation
1985-06-10,0.9925907,simulation
1985-06-11,0.9982693,simulation
1985-06-12,0.99577343,simulation
1985-06-13,0.9932565,simulation
1985-06-14,0.9930617,simulation
1985-06-15,0.99457073,simulation
1985-06-16,0.9911699,simulation
1985-06-17,0.9927036,simulation
1985-06-18,0.99904925,simulation
1985-06-19,0.99898624,simulation
1985-06-20,0.98937374,simulation
1985-06-21,0.9925977,simulation
1985-06-22,0.9903834,simulation
1985-06-23,0.99009633,simulation
1985-06-24,0.9885989,simulation
1985-06-25,0.9882813,simulation
1985-06-26,0.99020845,simulation
1985-06-27,0.9912772,simulation
1985-06-28,0.99221045,simulation
1985-06-29,0.9944834,simulation
1985-06-30,0.98956215,simulation
1985-07-01,0.99219805,simulation
1985-07-02,0.9940432,simulation
1985-07-03,0.99399483,simulation
1985-07-04,0.99425685,simulation
1985-07-05,0.99879605,simulation
1985-07-06,0.996906,simulation
1985-07-07,0.9972284,simulation
1985-07-08,0.9937027,simulation
1985-07-09,0.98774856,simulation
1985-07-10,0.9901523,simulation
1985-07-11,0.99225986,simulation
1985-07-12,0.9876391,simulation
1985-07-13,0.9881943,simulation
1985-07-14,0.98828954,simulation
1985-07-15,0.9913047,simulation
1985-07-16,0.9962389,simulation
1985-07-17,0.9920986,simulation
1985-07-18,0.98843074,simulation
1985-07-19,0.9906345,simulation
1985-07-20,0.99382704,simulation
1985-07-21,0.9939694,simulation
1985-07-22,0.99841994,simulation
1985-07-23,0.9986822,simulation
1985-07-24,0.99699396,simulation
1985-07-25,0.9959219,simulation
1985-07-26,0.9947777,simulation
1985-07-27,0.9950792,simulation
1985-07-28,0.99787134,simulation
1985-07-29,0.9924047,simulation
1985-07-30,0.9896867,simulation
1985-07-31,0.9929669,simulation
1985-08-01,0.98806065,simulation
1985-08-02,0.997204,simulation
1985-08-03,0.99487406,simulation
1985-08-04,0.9961301,simulation
1985-08-05,0.9944454,simulation
1985-08-06,0.9968572,simulation
1985-08-07,0.9980917,simulation
1985-08-08,0.9910653,simulation
1985-08-09,0.9891606,simulation
1985-08-10,0.9897111,simulation
1985-08-11,0.99076205,simulation
1985-08-12,0.98928857,simulation
1985-08-13,0.9924469,simulation
1985-08-14,0.99306875,simulation
1985-08-15,0.998647,simulation
1985-08-16,0.9979781,simulation
1985-08-17,0.9948662,simulation
1985-08-18,0.99339414,simulation
1985-08-19,0.992703,simulation
1985-08-20,0.99758315,simulation
1985-08-21,0.99479544,simulation
1985-08-22,0.9927476,simulation
1985-08-23,0.9909838,simulation
1985-08-24,0.99398464,simulation
1985-08-25,0.9975053,simulation
1985-08-26,0.99414116,simulation
1985-08-27,0.99682206,simulation
1985-08-28,0.9936348,simulation
1985-08-29,0.9944376,simulation
1985-08-30,0.99182695,simulation
1985-08-31,0.990431,simulation
1985-09-01,0.98919934,simulation
1985-09-02,0.99709505,simulation
1985-09-03,0.99779135,simulation
1985-09-04,0.99553376,simulation
1985-09-05,0.99431354,simulation
1985-09-06,0.99247044,simulation
1985-09-07,0.99276304,simulation
1985-09-08,0.99381894,simulation
1985-09-09,0.9931384,simulation
1985-09-10,0.99170405,simulation
1985-09-11,0.9923079,simulation
1985-09-12,0.99027187,simulation
1985-09-13,0.99180657,simulation
1985-09-14,0.99697405,simulation
1985-09-15,0.9922108,simulation
1985-09-16,0.9918788,simulation
1985-09-17,0.99131805,simulation
1985-09-18,0.9913199,simulation
1985-09-19,0.9920562,simulation
1985-09-20,0.99177355,simulation
1985-09-21,0.99111795,simulation
1985-09-22,0.9945386,simulation
1985-09-23,0.9989703,simulation
1985-09-24,0.99803597,simulation
1985-09-25,0.99648416,simulation
1985-09-26,0.9948207,simulation
1985-09-27,0.99301845,simulation
1985-09-28,0.9947005,simulation
1985-09-29,0.9957552,simulation
1985-09-30,0.99911433,simulation
1985-10-01,0.9988783,simulation
1985-10-02,0.9980385,simulation
1985-10-03,0.9952634,simulation
1985-10-04,0.99391085,simulation
1985-10-05,0.99215597,simulation
1985-10-06,0.9938879,simulation
1985-10-07,0.99452436,simulation
1985-10-08,0.99388856,simulation
1985-10-09,0.9974608,simulation
1985-10-10,0.9939211,simulation
1985-10-11,0.99390054,simulation
1985-10-12,0.99525577,simulation
1985-10-13,0.9972223,simulation
1985-10-14,0.99681425,simulation
1985-10-15,0.99920934,simulation
1985-10-16,0.99912643,simulation
1985-10-17,0.9983711,simulation
1985-10-18,0.99880993,simulation
1985-10-19,0.99792653,simulation
1985-10-20,0.99816126,simulation
1985-10-21,0.99882495,simulation
1985-10-22,0.9993142,simulation
1985-10-23,0.9989344,simulation
1985-10-24,0.99856824,simulation
1985-10-25,0.99798566,simulation
1985-10-26,0.9982595,simulation
1985-10-27,0.99863774,simulation
1985-10-28,0.9965271,simulation
1985-10-29,0.9835389,simulation
1985-10-30,0.9736231,simulation
1985-10-31,0.9805891,simulation
1985-11-01,0.9843603,simulation
1985-11-02,0.9884976,simulation
1985-11-03,0.98871493,simulation
1985-11-04,0.9882783,simulation
1985-11-05,0.9906285,simulation
1985-11-06,0.99151295,simulation
1985-11-07,0.99485993,simulation
1985-11-08,0.99259824,simulation
1985-11-09,0.9927184,simulation
1985-11-10,0.9951195,simulation
1985-11-11,0.9968143,simulation
1985-11-12,0.9945455,simulation
1985-11-13,0.9973845,simulation
1985-11-14,0.9979789,simulation
1985-11-15,0.99757564,simulation
1985-11-16,0.997792,simulation
1985-11-17,0.9972462,simulation
1985-11-18,0.9955651,simulation
1985-11-19,0.9974997,simulation
1985-11-20,0.9972007,simulation
1985-11-21,0.9980187,simulation
1985-11-22,0.9972568,simulation
1985-11-23,0.9977416,simulation
1985-11-24,0.99813795,simulation
1985-11-25,0.99815667,simulation
1985-11-26,0.9978689,simulation
1985-11-27,0.9981342,simulation
1985-11-28,0.998193,simulation
1985-11-29,0.9981846,simulation
1985-11-30,0.9977302,simulation
1985-12-01,0.9977784,simulation
1985-12-02,0.9960161,simulation
1985-12-03,0.99584043,simulation
1985-12-04,0.99656725,simulation
1985-12-05,0.9971809,simulation
1985-12-06,0.9961136,simulation
1985-12-07,0.99765766,simulation
1985-12-08,0.9969795,simulation
1985-12-09,0.9969799,simulation
1985-12-10,0.9973151,simulation
1985-12-11,0.99823195,simulation
1985-12-12,0.9962452,simulation
1985-12-13,0.9919887,simulation
1985-12-14,0.992149,simulation
1985-12-15,0.9934926,simulation
1985-12-16,0.9938983,simulation
1985-12-17,0.9951664,simulation
1985-12-18,0.99572307,simulation
1985-12-19,0.9952014,simulation
1985-12-20,0.9953777,simulation
1985-12-21,0.9963553,simulation
1985-12-22,0.9947934,simulation
1985-12-23,0.99563473,simulation
1985-12-24,0.99662864,simulation
1985-12-25,0.99664366,simulation
1985-12-26,0.9966781,simulation
1985-12-27,0.9981697,simulation
1985-12-28,0.9968031,simulation
1985-12-29,0.9959862,simulation
1985-12-30,0.995321,simulation
1985-12-31,0.99715483,simulation
1986-01-01,0.9961622,simulation
1986-01-02,0.9964789,simulation
1986-01-03,0.9967706,simulation
1986-01-04,0.9966821,simulation
1986-01-05,0.9955367,simulation
1986-01-06,0.9973733,simulation
1986-01-07,0.9969858,simulation
1986-01-08,0.9965398,simulation
1986-01-09,0.99734885,simulation
1986-01-10,0.9973609,simulation
1986-01-11,0.99600315,simulation
1986-01-12,0.9958677,simulation
1986-01-13,0.995158,simulation
1986-01-14,0.9957032,simulation
1986-01-15,0.9970907,simulation
1986-01-16,0.9977466,simulation
1986-01-17,0.9982341,simulation
1986-01-18,0.9979904,simulation
1986-01-19,0.99601346,simulation
1986-01-20,0.9972646,simulation
1986-01-21,0.99756736,simulation
1986-01-22,0.99791384,simulation
1986-01-23,0.99615437,simulation
1986-01-24,0.9961631,simulation
1986-01-25,0.99868,simulation
1986-01-26,0.9965963,simulation
1986-01-27,0.9961654,simulation
1986-01-28,0.9956941,simulation
1986-01-29,0.9975074,simulation
1986-01-30,0.9962122,simulation
1986-01-31,0.9956497,simulation
1986-02-01,0.99617755,simulation
1986-02-02,0.9977481,simulation
1986-02-03,0.998289,simulation
1986-02-04,0.998475,simulation
1986-02-05,0.9957445,simulation
1986-02-06,0.99400306,simulation
1986-02-07,0.99434197,simulation
1986-02-08,0.994516,simulation
1986-02-09,0.9971852,simulation
1986-02-10,0.99777323,simulation
1986-02-11,0.99730307,simulation
1986-02-12,0.9964092,simulation
1986-02-13,0.99543583,simulation
1986-02-14,0.9971243,simulation
1986-02-15,0.9946203,simulation
1986-02-16,0.99658686,simulation
1986-02-17,0.9972337,simulation
1986-02-18,0.9973213,simulation
1986-02-19,0.9971224,simulation
1986-02-20,0.99662924,simulation
1986-02-21,0.99824065,simulation
1986-02-22,0.99804467,simulation
1986-02-23,0.9951222,simulation
1986-02-24,0.99413383,simulation
1986-02-25,0.99551153,simulation
1986-02-26,0.9941358,simulation
1986-02-27,0.9969827,simulation
1986-02-28,0.9979218,simulation
1986-03-01,0.99563897,simulation
1986-03-02,0.99425733,simulation
1986-03-03,0.99637884,simulation
1986-03-04,0.99431646,simulation
1986-03-05,0.9941865,simulation
1986-03-06,0.99348235,simulation
1986-03-07,0.9946211,simulation
1986-03-08,0.9967595,simulation
1986-03-09,0.9941525,simulation
1986-03-10,0.99653,simulation
1986-03-11,0.998002,simulation
1986-03-12,0.9986933,simulation
1986-03-13,0.9973993,simulation
1986-03-14,0.9969283,simulation
1986-03-15,0.99540544,simulation
1986-03-16,0.9945196,simulation
1986-03-17,0.99529684,simulation
1986-03-18,0.9966712,simulation
1986-03-19,0.99640644,simulation
1986-03-20,0.99133986,simulation
1986-03-21,0.99158937,simulation
1986-03-22,0.99241275,simulation
1986-03-23,0.9927268,simulation
1986-03-24,0.99193513,simulation
1986-03-25,0.9911194,simulation
1986-03-26,0.9969286,simulation
1986-03-27,0.99223435,simulation
1986-03-28,0.9920264,simulation
1986-03-29,0.99199486,simulation
1986-03-30,0.99343735,simulation
1986-03-31,0.9926472,simulation
1986-04-01,0.99556607,simulation
1986-04-02,0.99214935,simulation
1986-04-03,0.99316216,simulation
1986-04-04,0.99454975,simulation
1986-04-05,0.997081,simulation
1986-04-06,0.9972169,simulation
1986-04-07,0.9953853,simulation
1986-04-08,0.9971726,simulation
1986-04-09,0.9922201,simulation
1986-04-10,0.9981448,simulation
1986-04-11,0.99369615,simulation
1986-04-12,0.9987887,simulation
1986-04-13,0.9945368,simulation
1986-04-14,0.99715465,simulation
1986-04-15,0.9904883,simulation
1986-04-16,0.9914413,simulation
1986-04-17,0.99456847,simulation
1986-04-18,0.9917709,simulation
1986-04-19,0.9977949,simulation
1986-04-20,0.99812573,simulation
1986-04-21,0.99418133,simulation
1986-04-22,0.99252355,simulation
1986-04-23,0.991611,simulation
1986-04-24,0.99216974,simulation
1986-04-25,0.9903147,simulation
1986-04-26,0.99079025,simulation
1986-04-27,0.9974963,simulation
1986-04-28,0.9932503,simulation
1986-04-29,0.9969047,simulation
1986-04-30,0.99522054,simulation
1986-05-01,0.99779177,simulation
1986-05-02,0.9965059,simulation
1986-05-03,0.99121606,simulation
1986-05-04,0.9896283,simulation
1986-05-05,0.99431306,simulation
1986-05-06,0.99601525,simulation
1986-05-07,0.99576616,simulation
1986-05-08,0.99526834,simulation
1986-05-09,0.99239826,simulation
1986-05-10,0.9968862,simulation
1986-05-11,0.99876,simulation
1986-05-12,0.9935699,simulation
1986-05-13,0.99135876,simulation
1986-05-14,0.99241155,simulation
1986-05-15,0.99790317,simulation
1986-05-16,0.99302506,simulation
1986-05-17,0.99549836,simulation
1986-05-18,0.9988659,simulation
1986-05-19,0.99574536,simulation
1986-05-20,0.99345434,simulation
1986-05-21,0.992577,simulation
1986-05-22,0.9911572,simulation
1986-05-23,0.9934508,simulation
1986-05-24,0.99534345,simulation
1986-05-25,0.9982624,simulation
1986-05-26,0.9977745,simulation
1986-05-27,0.9979681,simulation
1986-05-28,0.9945086,simulation
1986-05-29,0.99283606,simulation
1986-05-30,0.9946132,simulation
1986-05-31,0.9927519,simulation
1986-06-01,0.99070454,simulation
1986-06-02,0.99224526,simulation
1986-06-03,0.99205816,simulation
1986-06-04,0.9939101,simulation
1986-06-05,0.9920256,simulation
1986-06-06,0.9942299,simulation
1986-06-07,0.9935327,simulation
1986-06-08,0.9929534,simulation
1986-06-09,0.99474436,simulation
1986-06-10,0.9955765,simulation
1986-06-11,0.99093497,simulation
1986-06-12,0.991639,simulation
1986-06-13,0.99036044,simulation
1986-06-14,0.98984766,simulation
1986-06-15,0.98973846,simulation
1986-06-16,0.993825,simulation
1986-06-17,0.9912519,simulation
1986-06-18,0.9906208,simulation
1986-06-19,0.98846084,simulation
1986-06-20,0.9890522,simulation
1986-06-21,0.9885674,simulation
1986-06-22,0.98820424,simulation
1986-06-23,0.9893578,simulation
1986-06-24,0.98983413,simulation
1986-06-25,0.99016404,simulation
1986-06-26,0.9897775,simulation
1986-06-27,0.9936855,simulation
1986-06-28,0.9979653,simulation
1986-06-29,0.99776775,simulation
1986-06-30,0.9960887,simulation
1986-07-01,0.9914658,simulation
1986-07-02,0.9958646,simulation
1986-07-03,0.9898509,simulation
1986-07-04,0.9887969,simulation
1986-07-05,0.98964787,simulation
1986-07-06,0.9904455,simulation
1986-07-07,0.9890236,simulation
1986-07-08,0.9910247,simulation
1986-07-09,0.98816264,simulation
1986-07-10,0.9891941,simulation
1986-07-11,0.9929841,simulation
1986-07-12,0.9911023,simulation
1986-07-13,0.98749304,simulation
1986-07-14,0.99191314,simulation
1986-07-15,0.99614275,simulation
1986-07-16,0.9968043,simulation
1986-07-17,0.9982427,simulation
1986-07-18,0.9896132,simulation
1986-07-19,0.9891845,simulation
1986-07-20,0.9884877,simulation
1986-07-21,0.99243,simulation
1986-07-22,0.996928,simulation
1986-07-23,0.98991513,simulation
1986-07-24,0.992195,simulation
1986-07-25,0.98961663,simulation
1986-07-26,0.98912805,simulation
1986-07-27,0.9935506,simulation
1986-07-28,0.99186766,simulation
1986-07-29,0.9872343,simulation
1986-07-30,0.9878907,simulation
1986-07-31,0.9874095,simulation
1986-08-01,0.98804694,simulation
1986-08-02,0.99449146,simulation
1986-08-03,0.98824674,simulation
1986-08-04,0.9920669,simulation
1986-08-05,0.99062926,simulation
1986-08-06,0.9915703,simulation
1986-08-07,0.99188673,simulation
1986-08-08,0.99647486,simulation
1986-08-09,0.9895347,simulation
1986-08-10,0.9921471,simulation
1986-08-11,0.9986831,simulation
1986-08-12,0.9924574,simulation
1986-08-13,0.9894574,simulation
1986-08-14,0.9902017,simulation
1986-08-15,0.9925412,simulation
1986-08-16,0.99194765,simulation
1986-08-17,0.9919865,simulation
1986-08-18,0.9876719,simulation
1986-08-19,0.9873166,simulation
1986-08-20,0.9868165,simulation
1986-08-21,0.98894644,simulation
1986-08-22,0.9930663,simulation
1986-08-23,0.98997873,simulation
1986-08-24,0.98683196,simulation
1986-08-25,0.9860171,simulation
1986-08-26,0.98878413,simulation
1986-08-27,0.99382746,simulation
1986-08-28,0.99809873,simulation
1986-08-29,0.9909746,simulation
1986-08-30,0.99161214,simulation
1986-08-31,0.99580216,simulation
1986-09-01,0.99824363,simulation
1986-09-02,0.9969057,simulation
1986-09-03,0.99592525,simulation
1986-09-04,0.996364,simulation
1986-09-05,0.9944601,simulation
1986-09-06,0.9968361,simulation
1986-09-07,0.9925356,simulation
1986-09-08,0.98837095,simulation
1986-09-09,0.9899392,simulation
1986-09-10,0.99110204,simulation
1986-09-11,0.99389184,simulation
1986-09-12,0.9983891,simulation
1986-09-13,0.98997384,simulation
1986-09-14,0.9931125,simulation
1986-09-15,0.9923042,simulation
1986-09-16,0.9918383,simulation
1986-09-17,0.9910308,simulation
1986-09-18,0.99500185,simulation
1986-09-19,0.99436516,simulation
1986-09-20,0.9943764,simulation
1986-09-21,0.99809253,simulation
1986-09-22,0.9983303,simulation
1986-09-23,0.9907073,simulation
1986-09-24,0.9915747,simulation
1986-09-25,0.9906358,simulation
1986-09-26,0.9907598,simulation
1986-09-27,0.9910817,simulation
1986-09-28,0.9899478,simulation
1986-09-29,0.99075335,simulation
1986-09-30,0.9918794,simulation
1986-10-01,0.9962615,simulation
1986-10-02,0.9945607,simulation
1986-10-03,0.9935626,simulation
1986-10-04,0.99270713,simulation
1986-10-05,0.9931087,simulation
1986-10-06,0.99713355,simulation
1986-10-07,0.9970204,simulation
1986-10-08,0.99815047,simulation
1986-10-09,0.9993006,simulation
1986-10-10,0.99813175,simulation
1986-10-11,0.9991357,simulation
1986-10-12,0.99932826,simulation
1986-10-13,0.9994807,simulation
1986-10-14,0.99759316,simulation
1986-10-15,0.9947428,simulation
1986-10-16,0.99409676,simulation
1986-10-17,0.9942652,simulation
1986-10-18,0.99419534,simulation
1986-10-19,0.99368316,simulation
1986-10-20,0.9942048,simulation
1986-10-21,0.9969794,simulation
1986-10-22,0.99882376,simulation
1986-10-23,0.9991114,simulation
1986-10-24,0.99927676,simulation
1986-10-25,0.9987514,simulation
1986-10-26,0.99670833,simulation
1986-10-27,0.9971185,simulation
1986-10-28,0.9951301,simulation
1986-10-29,0.9957043,simulation
1986-10-30,0.9950951,simulation
1986-10-31,0.9959526,simulation
1986-11-01,0.99919367,simulation
1986-11-02,0.9976107,simulation
1986-11-03,0.9989,simulation
1986-11-04,0.99904376,simulation
1986-11-05,0.99909484,simulation
1986-11-06,0.99894994,simulation
1986-11-07,0.99878955,simulation
1986-11-08,0.9977983,simulation
1986-11-09,0.9975741,simulation
1986-11-10,0.99720997,simulation
1986-11-11,0.99912864,simulation
1986-11-12,0.9985822,simulation
1986-11-13,0.99811786,simulation
1986-11-14,0.99889964,simulation
1986-11-15,0.9989651,simulation
1986-11-16,0.99915206,simulation
1986-11-17,0.9985699,simulation
1986-11-18,0.99875534,simulation
1986-11-19,0.9981756,simulation
1986-11-20,0.9970179,simulation
1986-11-21,0.9961648,simulation
1986-11-22,0.9988009,simulation
1986-11-23,0.9982729,simulation
1986-11-24,0.9974528,simulation
1986-11-25,0.99180037,simulation
1986-11-26,0.97645104,simulation
1986-11-27,0.9838255,simulation
1986-11-28,0.9881428,simulation
1986-11-29,0.98935425,simulation
1986-11-30,0.98917544,simulation
1986-12-01,0.9906343,simulation
1986-12-02,0.99113065,simulation
1986-12-03,0.99225575,simulation
1986-12-04,0.99399614,simulation
1986-12-05,0.99357194,simulation
1986-12-06,0.99441683,simulation
1986-12-07,0.9959088,simulation
1986-12-08,0.99584156,simulation
1986-12-09,0.99682325,simulation
1986-12-10,0.9949229,simulation
1986-12-11,0.98924756,simulation
1986-12-12,0.9900145,simulation
1986-12-13,0.99187464,simulation
1986-12-14,0.9934258,simulation
1986-12-15,0.9946584,simulation
1986-12-16,0.9927451,simulation
1986-12-17,0.99368024,simulation
1986-12-18,0.9941656,simulation
1986-12-19,0.992156,simulation
1986-12-20,0.99296945,simulation
1986-12-21,0.9940479,simulation
1986-12-22,0.99469596,simulation
1986-12-23,0.992763,simulation
1986-12-24,0.9893428,simulation
1986-12-25,0.99119586,simulation
1986-12-26,0.9924082,simulation
1986-12-27,0.99300945,simulation
1986-12-28,0.9945936,simulation
1986-12-29,0.9947604,simulation
1986-12-30,0.9950534,simulation
1986-12-31,0.99614775,simulation
1987-01-01,0.9954851,simulation
1987-01-02,0.99581325,simulation
1987-01-03,0.9966335,simulation
1987-01-04,0.994784,simulation
1987-01-05,0.993767,simulation
1987-01-06,0.99514365,simulation
1987-01-07,0.9956992,simulation
1987-01-08,0.9957456,simulation
1987-01-09,0.9963392,simulation
1987-01-10,0.9960059,simulation
1987-01-11,0.9956995,simulation
1987-01-12,0.99540645,simulation
1987-01-13,0.99696743,simulation
1987-01-14,0.9977526,simulation
1987-01-15,0.99759996,simulation
1987-01-16,0.9975165,simulation
1987-01-17,0.9970654,simulation
1987-01-18,0.9901174,simulation
1987-01-19,0.9704908,simulation
1987-01-20,0.9799425,simulation
1987-01-21,0.98405546,simulation
1987-01-22,0.9856374,simulation
1987-01-23,0.98710614,simulation
1987-01-24,0.99111533,simulation
1987-01-25,0.99095726,simulation
1987-01-26,0.9884334,simulation
1987-01-27,0.9903245,simulation
1987-01-28,0.99163246,simulation
1987-01-29,0.9930546,simulation
1987-01-30,0.9914831,simulation
1987-01-31,0.9949711,simulation
1987-02-01,0.9956271,simulation
1987-02-02,0.9957963,simulation
1987-02-03,0.9932019,simulation
1987-02-04,0.99403554,simulation
1987-02-05,0.99466133,simulation
1987-02-06,0.9947928,simulation
1987-02-07,0.9857395,simulation
1987-02-08,0.9859655,simulation
1987-02-09,0.9888368,simulation
1987-02-10,0.9925728,simulation
1987-02-11,0.9932822,simulation
1987-02-12,0.9930309,simulation
1987-02-13,0.9926178,simulation
1987-02-14,0.9932479,simulation
1987-02-15,0.9967528,simulation
1987-02-16,0.9899573,simulation
1987-02-17,0.99143773,simulation
1987-02-18,0.99267983,simulation
1987-02-19,0.99316305,simulation
1987-02-20,0.9946294,simulation
1987-02-21,0.99297327,simulation
1987-02-22,0.9886101,simulation
1987-02-23,0.9833973,simulation
1987-02-24,0.98748696,simulation
1987-02-25,0.9899941,simulation
1987-02-26,0.99181634,simulation
1987-02-27,0.977674,simulation
1987-02-28,0.9634544,simulation
1987-03-01,0.9651218,simulation
1987-03-02,0.9724184,simulation
1987-03-03,0.9812915,simulation
1987-03-04,0.983923,simulation
1987-03-05,0.9883005,simulation
1987-03-06,0.98998344,simulation
1987-03-07,0.9944432,simulation
1987-03-08,0.9930815,simulation
1987-03-09,0.9854959,simulation
1987-03-10,0.9907059,simulation
1987-03-11,0.99249595,simulation
1987-03-12,0.991209,simulation
1987-03-13,0.990681,simulation
1987-03-14,0.99054587,simulation
1987-03-15,0.9952685,simulation
1987-03-16,0.9930324,simulation
1987-03-17,0.9954966,simulation
1987-03-18,0.9908177,simulation
1987-03-19,0.99066734,simulation
1987-03-20,0.9917557,simulation
1987-03-21,0.9908265,simulation
1987-03-22,0.9934208,simulation
1987-03-23,0.9923824,simulation
1987-03-24,0.9926196,simulation
1987-03-25,0.99467444,simulation
1987-03-26,0.9963366,simulation
1987-03-27,0.9965919,simulation
1987-03-28,0.9913169,simulation
1987-03-29,0.99651086,simulation
1987-03-30,0.997185,simulation
1987-03-31,0.9932198,simulation
1987-04-01,0.991881,simulation
1987-04-02,0.9973061,simulation
1987-04-03,0.9971978,simulation
1987-04-04,0.992612,simulation
1987-04-05,0.9923936,simulation
1987-04-06,0.99303114,simulation
1987-04-07,0.9939195,simulation
1987-04-08,0.9931374,simulation
1987-04-09,0.99216735,simulation
1987-04-10,0.9911689,simulation
1987-04-11,0.9936742,simulation
1987-04-12,0.9926211,simulation
1987-04-13,0.99665093,simulation
1987-04-14,0.99148446,simulation
1987-04-15,0.99757713,simulation
1987-04-16,0.9934955,simulation
1987-04-17,0.99221176,simulation
1987-04-18,0.99085665,simulation
1987-04-19,0.990469,simulation
1987-04-20,0.9902596,simulation
1987-04-21,0.9899771,simulation
1987-04-22,0.9978384,simulation
1987-04-23,0.9900995,simulation
1987-04-24,0.99032336,simulation
1987-04-25,0.9899174,simulation
1987-04-26,0.9899817,simulation
1987-04-27,0.98934925,simulation
1987-04-28,0.98862565,simulation
1987-04-29,0.98937637,simulation
1987-04-30,0.99267864,simulation
1987-05-01,0.98956466,simulation
1987-05-02,0.9976884,simulation
1987-05-03,0.9985996,simulation
1987-05-04,0.99709386,simulation
1987-05-05,0.99676144,simulation
1987-05-06,0.9982132,simulation
1987-05-07,0.9971818,simulation
1987-05-08,0.9900642,simulation
1987-05-09,0.992995,simulation
1987-05-10,0.9974908,simulation
1987-05-11,0.99545306,simulation
1987-05-12,0.99604654,simulation
1987-05-13,0.99583304,simulation
1987-05-14,0.99566036,simulation
1987-05-15,0.9933686,simulation
1987-05-16,0.99275523,simulation
1987-05-17,0.9953575,simulation
1987-05-18,0.9915369,simulation
1987-05-19,0.9928087,simulation
1987-05-20,0.99151254,simulation
1987-05-21,0.99013454,simulation
1987-05-22,0.9916835,simulation
1987-05-23,0.9910314,simulation
1987-05-24,0.9942179,simulation
1987-05-25,0.99296707,simulation
1987-05-26,0.98974925,simulation
1987-05-27,0.9894006,simulation
1987-05-28,0.9928752,simulation
1987-05-29,0.9940509,simulation
1987-05-30,0.9935517,simulation
1987-05-31,0.99086726,simulation
1987-06-01,0.9898354,simulation
1987-06-02,0.9926615,simulation
1987-06-03,0.99358135,simulation
1987-06-04,0.995616,simulation
1987-06-05,0.99077064,simulation
1987-06-06,0.98926234,simulation
1987-06-07,0.9899793,simulation
1987-06-08,0.99060667,simulation
1987-06-09,0.99495125,simulation
1987-06-10,0.99758935,simulation
1987-06-11,0.9940106,simulation
1987-06-12,0.9986567,simulation
1987-06-13,0.9985812,simulation
1987-06-14,0.99602026,simulation
1987-06-15,0.99584866,simulation
1987-06-16,0.99248123,simulation
1987-06-17,0.996169,simulation
1987-06-18,0.9958693,simulation
1987-06-19,0.9978881,simulation
1987-06-20,0.9929599,simulation
1987-06-21,0.994526,simulation
1987-06-22,0.992399,simulation
1987-06-23,0.9906212,simulation
1987-06-24,0.9918887,simulation
1987-06-25,0.99275744,simulation
1987-06-26,0.9919362,simulation
1987-06-27,0.9908937,simulation
1987-06-28,0.9884067,simulation
1987-06-29,0.98827183,simulation
1987-06-30,0.9932418,simulation
1987-07-01,0.99607223,simulation
1987-07-02,0.9954194,simulation
1987-07-03,0.9929411,simulation
1987-07-04,0.99414116,simulation
1987-07-05,0.9913662,simulation
1987-07-06,0.99455655,simulation
1987-07-07,0.9968081,simulation
1987-07-08,0.99500585,simulation
1987-07-09,0.9939724,simulation
1987-07-10,0.9949984,simulation
1987-07-11,0.9907701,simulation
1987-07-12,0.9889089,simulation
1987-07-13,0.9949369,simulation
1987-07-14,0.9945256,simulation
1987-07-15,0.9927664,simulation
1987-07-16,0.9879393,simulation
1987-07-17,0.98832464,simulation
1987-07-18,0.9884293,simulation
1987-07-19,0.9894695,simulation
1987-07-20,0.98819447,simulation
1987-07-21,0.9982218,simulation
1987-07-22,0.9955068,simulation
1987-07-23,0.99349123,simulation
1987-07-24,0.9944981,simulation
1987-07-25,0.99521154,simulation
1987-07-26,0.9900489,simulation
1987-07-27,0.9882292,simulation
1987-07-28,0.9883919,simulation
1987-07-29,0.9868997,simulation
1987-07-30,0.9874775,simulation
1987-07-31,0.988469,simulation
1987-08-01,0.9883607,simulation
1987-08-02,0.9946916,simulation
1987-08-03,0.9908633,simulation
1987-08-04,0.9971574,simulation
1987-08-05,0.9945368,simulation
1987-08-06,0.99669605,simulation
1987-08-07,0.9913875,simulation
1987-08-08,0.9898947,simulation
1987-08-09,0.9909767,simulation
1987-08-10,0.99653846,simulation
1987-08-11,0.9979759,simulation
1987-08-12,0.99823856,simulation
1987-08-13,0.99812114,simulation
1987-08-14,0.9983482,simulation
1987-08-15,0.9938709,simulation
1987-08-16,0.9942356,simulation
1987-08-17,0.9974436,simulation
1987-08-18,0.9945826,simulation
1987-08-19,0.99438417,simulation
1987-08-20,0.9898037,simulation
1987-08-21,0.9890838,simulation
1987-08-22,0.98968714,simulation
1987-08-23,0.9894186,simulation
1987-08-24,0.9888682,simulation
1987-08-25,0.9895387,simulation
1987-08-26,0.99029326,simulation
1987-08-27,0.9938479,simulation
1987-08-28,0.9936193,simulation
1987-08-29,0.9926563,simulation
1987-08-30,0.9983394,simulation
1987-08-31,0.998779,simulation
1987-09-01,0.99367386,simulation
1987-09-02,0.98945254,simulation
1987-09-03,0.98909265,simulation
1987-09-04,0.98988205,simulation
1987-09-05,0.9899331,simulation
1987-09-06,0.9969812,simulation
1987-09-07,0.9978524,simulation
1987-09-08,0.99240136,simulation
1987-09-09,0.9917091,simulation
1987-09-10,0.99199975,simulation
1987-09-11,0.9958811,simulation
1987-09-12,0.99587315,simulation
1987-09-13,0.9934276,simulation
1987-09-14,0.99180806,simulation
1987-09-15,0.99441403,simulation
1987-09-16,0.99826926,simulation
1987-09-17,0.9978095,simulation
1987-09-18,0.99818677,simulation
1987-09-19,0.99896204,simulation
1987-09-20,0.9910443,simulation
1987-09-21,0.99181646,simulation
1987-09-22,0.99192363,simulation
1987-09-23,0.99188256,simulation
1987-09-24,0.9916491,simulation
1987-09-25,0.9919006,simulation
1987-09-26,0.99484926,simulation
1987-09-27,0.9947378,simulation
1987-09-28,0.9931817,simulation
1987-09-29,0.99889284,simulation
1987-09-30,0.99075985,simulation
1987-10-01,0.9915111,simulation
1987-10-02,0.9907802,simulation
1987-10-03,0.99066484,simulation
1987-10-04,0.9925927,simulation
1987-10-05,0.99229723,simulation
1987-10-06,0.9915373,simulation
1987-10-07,0.99197656,simulation
1987-10-08,0.99260545,simulation
1987-10-09,0.99301624,simulation
1987-10-10,0.99178594,simulation
1987-10-11,0.99166405,simulation
1987-10-12,0.9926053,simulation
1987-10-13,0.99231863,simulation
1987-10-14,0.9921971,simulation
1987-10-15,0.99400896,simulation
1987-10-16,0.99381465,simulation
1987-10-17,0.99345255,simulation
1987-10-18,0.9941668,simulation
1987-10-19,0.99748194,simulation
1987-10-20,0.99863386,simulation
1987-10-21,0.99242294,simulation
1987-10-22,0.993825,simulation
1987-10-23,0.99383533,simulation
1987-10-24,0.99877375,simulation
1987-10-25,0.99873143,simulation
1987-10-26,0.9990937,simulation
1987-10-27,0.99371827,simulation
1987-10-28,0.99355954,simulation
1987-10-29,0.9936642,simulation
1987-10-30,0.99224555,simulation
1987-10-31,0.9926731,simulation
1987-11-01,0.9926996,simulation
1987-11-02,0.992955,simulation
1987-11-03,0.99484557,simulation
1987-11-04,0.9989397,simulation
1987-11-05,0.99087936,simulation
1987-11-06,0.9914297,simulation
1987-11-07,0.99294746,simulation
1987-11-08,0.99854416,simulation
1987-11-09,0.9992395,simulation
1987-11-10,0.9992031,simulation
1987-11-11,0.99618125,simulation
1987-11-12,0.9969926,simulation
1987-11-13,0.9989089,simulation
1987-11-14,0.9971521,simulation
1987-11-15,0.9978189,simulation
1987-11-16,0.99864167,simulation
1987-11-17,0.99786675,simulation
1987-11-18,0.9986641,simulation
1987-11-19,0.9982675,simulation
1987-11-20,0.9950308,simulation
1987-11-21,0.99710244,simulation
1987-11-22,0.9948778,simulation
1987-11-23,0.9944771,simulation
1987-11-24,0.9983368,simulation
1987-11-25,0.9974741,simulation
1987-11-26,0.99911,simulation
1987-11-27,0.99964887,simulation
1987-11-28,0.9984024,simulation
1987-11-29,0.99866,simulation
1987-11-30,0.9984023,simulation
1987-12-01,0.9976529,simulation
1987-12-02,0.9980824,simulation
1987-12-03,0.9988059,simulation
1987-12-04,0.9948092,simulation
1987-12-05,0.9982317,simulation
1987-12-06,0.9984421,simulation
1987-12-07,0.99861,simulation
1987-12-08,0.99920994,simulation
1987-12-09,0.999205,simulation
1987-12-10,0.9978019,simulation
1987-12-11,0.99865806,simulation
1987-12-12,0.9978157,simulation
1987-12-13,0.9979393,simulation
1987-12-14,0.99868464,simulation
1987-12-15,0.99781626,simulation
1987-12-16,0.9975587,simulation
1987-12-17,0.9982385,simulation
1987-12-18,0.9991227,simulation
1987-12-19,0.9986436,simulation
1987-12-20,0.9986559,simulation
1987-12-21,0.99988836,simulation
1987-12-22,0.99894154,simulation
1987-12-23,0.99779594,simulation
1987-12-24,0.99905837,simulation
1987-12-25,0.9988048,simulation
1987-12-26,0.99969006,simulation
1987-12-27,0.9996374,simulation
1987-12-28,0.99868274,simulation
1987-12-29,0.9986314,simulation
1987-12-30,0.9989964,simulation
1987-12-31,0.99926645,simulation
1988-01-01,0.99953765,simulation
1988-01-02,0.9986678,simulation
1988-01-03,0.9992084,simulation
1988-01-04,0.99881256,simulation
1988-01-05,0.9984359,simulation
1988-01-06,0.9985525,simulation
1988-01-07,0.9996377,simulation
1988-01-08,0.999567,simulation
1988-01-09,0.9994849,simulation
1988-01-10,0.9988154,simulation
1988-01-11,0.9982748,simulation
1988-01-12,0.99881846,simulation
1988-01-13,0.9974464,simulation
1988-01-14,0.99835664,simulation
1988-01-15,0.9977749,simulation
1988-01-16,0.9985545,simulation
1988-01-17,0.9990734,simulation
1988-01-18,0.9993926,simulation
1988-01-19,0.9986869,simulation
1988-01-20,0.9976205,simulation
1988-01-21,0.99826634,simulation
1988-01-22,0.99770343,simulation
1988-01-23,0.9966512,simulation
1988-01-24,0.9986808,simulation
1988-01-25,0.99750024,simulation
1988-01-26,0.9978285,simulation
1988-01-27,0.99757075,simulation
1988-01-28,0.9965156,simulation
1988-01-29,0.99802405,simulation
1988-01-30,0.9973546,simulation
1988-01-31,0.99869394,simulation
1988-02-01,0.9989321,simulation
1988-02-02,0.9988274,simulation
1988-02-03,0.9980944,simulation
1988-02-04,0.99732584,simulation
1988-02-05,0.9967767,simulation
1988-02-06,0.99537426,simulation
1988-02-07,0.9974646,simulation
1988-02-08,0.9970057,simulation
1988-02-09,0.99735576,simulation
1988-02-10,0.99521375,simulation
1988-02-11,0.99830663,simulation
1988-02-12,0.99618155,simulation
1988-02-13,0.9951589,simulation
1988-02-14,0.9972146,simulation
1988-02-15,0.9945257,simulation
1988-02-16,0.9927203,simulation
1988-02-17,0.9948903,simulation
1988-02-18,0.9962121,simulation
1988-02-19,0.99274725,simulation
1988-02-20,0.99297076,simulation
1988-02-21,0.9920576,simulation
1988-02-22,0.99068975,simulation
1988-02-23,0.99545425,simulation
1988-02-24,0.9931661,simulation
1988-02-25,0.993812,simulation
1988-02-26,0.9949322,simulation
1988-02-27,0.99725807,simulation
1988-02-28,0.9933847,simulation
1988-02-29,0.9947373,simulation
1988-03-01,0.9951475,simulation
1988-03-02,0.99732643,simulation
1988-03-03,0.99686897,simulation
1988-03-04,0.99644685,simulation
1988-03-05,0.9965055,simulation
1988-03-06,0.99434566,simulation
1988-03-07,0.9933128,simulation
1988-03-08,0.9976356,simulation
1988-03-09,0.99747926,simulation
1988-03-10,0.993874,simulation
1988-03-11,0.99195623,simulation
1988-03-12,0.9971896,simulation
1988-03-13,0.9925913,simulation
1988-03-14,0.99344516,simulation
1988-03-15,0.99417764,simulation
1988-03-16,0.99408126,simulation
1988-03-17,0.9939579,simulation
1988-03-18,0.99854374,simulation
1988-03-19,0.9939685,simulation
1988-03-20,0.99251705,simulation
1988-03-21,0.9918901,simulation
1988-03-22,0.99270684,simulation
1988-03-23,0.9955687,simulation
1988-03-24,0.99422926,simulation
1988-03-25,0.99846905,simulation
1988-03-26,0.99301755,simulation
1988-03-27,0.9915958,simulation
1988-03-28,0.9948648,simulation
1988-03-29,0.99558216,simulation
1988-03-30,0.9975224,simulation
1988-03-31,0.99612314,simulation
1988-04-01,0.9933052,simulation
1988-04-02,0.9935085,simulation
1988-04-03,0.98890674,simulation
1988-04-04,0.9863272,simulation
1988-04-05,0.9866524,simulation
1988-04-06,0.9875422,simulation
1988-04-07,0.9887804,simulation
1988-04-08,0.99104327,simulation
1988-04-09,0.99600047,simulation
1988-04-10,0.99598247,simulation
1988-04-11,0.99762666,simulation
1988-04-12,0.9938931,simulation
1988-04-13,0.99097806,simulation
1988-04-14,0.9917727,simulation
1988-04-15,0.99170214,simulation
1988-04-16,0.9941883,simulation
1988-04-17,0.9940567,simulation
1988-04-18,0.997472,simulation
1988-04-19,0.9935591,simulation
1988-04-20,0.99020976,simulation
1988-04-21,0.9950496,simulation
1988-04-22,0.99741983,simulation
1988-04-23,0.997501,simulation
1988-04-24,0.9883162,simulation
1988-04-25,0.995789,simulation
1988-04-26,0.98994315,simulation
1988-04-27,0.99016464,simulation
1988-04-28,0.9920978,simulation
1988-04-29,0.9956081,simulation
1988-04-30,0.9977863,simulation
1988-05-01,0.99073637,simulation
1988-05-02,0.9900959,simulation
1988-05-03,0.992044,simulation
1988-05-04,0.9918836,simulation
1988-05-05,0.9902537,simulation
1988-05-06,0.9923251,simulation
1988-05-07,0.9970748,simulation
1988-05-08,0.99501157,simulation
1988-05-09,0.99399006,simulation
1988-05-10,0.99109316,simulation
1988-05-11,0.99230206,simulation
1988-05-12,0.9984152,simulation
1988-05-13,0.9907436,simulation
1988-05-14,0.99035025,simulation
1988-05-15,0.9905716,simulation
1988-05-16,0.9925356,simulation
1988-05-17,0.98804265,simulation
1988-05-18,0.988823,simulation
1988-05-19,0.9894076,simulation
1988-05-20,0.990331,simulation
1988-05-21,0.9949544,simulation
1988-05-22,0.9957074,simulation
1988-05-23,0.99225235,simulation
1988-05-24,0.99852467,simulation
1988-05-25,0.99268204,simulation
1988-05-26,0.987949,simulation
1988-05-27,0.9880834,simulation
1988-05-28,0.9875647,simulation
1988-05-29,0.9868905,simulation
1988-05-30,0.9872487,simulation
1988-05-31,0.9880347,simulation
1988-06-01,0.9888654,simulation
1988-06-02,0.9926982,simulation
1988-06-03,0.9940265,simulation
1988-06-04,0.9919733,simulation
1988-06-05,0.99246895,simulation
1988-06-06,0.9932817,simulation
1988-06-07,0.9950529,simulation
1988-06-08,0.98582554,simulation
1988-06-09,0.9929838,simulation
1988-06-10,0.9845411,simulation
1988-06-11,0.98584807,simulation
1988-06-12,0.9862777,simulation
1988-06-13,0.98479927,simulation
1988-06-14,0.9858611,simulation
1988-06-15,0.9853095,simulation
1988-06-16,0.9866916,simulation
1988-06-17,0.9903713,simulation
1988-06-18,0.99559975,simulation
1988-06-19,0.9930636,simulation
1988-06-20,0.98578525,simulation
1988-06-21,0.98627055,simulation
1988-06-22,0.9959236,simulation
1988-06-23,0.9962552,simulation
1988-06-24,0.9928261,simulation
1988-06-25,0.9923836,simulation
1988-06-26,0.9917884,simulation
1988-06-27,0.98624384,simulation
1988-06-28,0.98004663,simulation
1988-06-29,0.9883355,simulation
1988-06-30,0.9916897,simulation
1988-07-01,0.9891337,simulation
1988-07-02,0.9885103,simulation
1988-07-03,0.99176747,simulation
1988-07-04,0.99218565,simulation
1988-07-05,0.9985049,simulation
1988-07-06,0.9981701,simulation
1988-07-07,0.99616003,simulation
1988-07-08,0.99375904,simulation
1988-07-09,0.99505657,simulation
1988-07-10,0.9975371,simulation
1988-07-11,0.993459,simulation
1988-07-12,0.99006283,simulation
1988-07-13,0.9957024,simulation
1988-07-14,0.9891518,simulation
1988-07-15,0.98679405,simulation
1988-07-16,0.9916511,simulation
1988-07-17,0.9947618,simulation
1988-07-18,0.9936579,simulation
1988-07-19,0.99197215,simulation
1988-07-20,0.9906172,simulation
1988-07-21,0.9978752,simulation
1988-07-22,0.99618894,simulation
1988-07-23,0.98809165,simulation
1988-07-24,0.9862377,simulation
1988-07-25,0.99280405,simulation
1988-07-26,0.997469,simulation
1988-07-27,0.9910267,simulation
1988-07-28,0.9883014,simulation
1988-07-29,0.99035037,simulation
1988-07-30,0.9903958,simulation
1988-07-31,0.9880876,simulation
1988-08-01,0.98962504,simulation
1988-08-02,0.98836124,simulation
1988-08-03,0.9888549,simulation
1988-08-04,0.9909705,simulation
1988-08-05,0.99448156,simulation
1988-08-06,0.99591655,simulation
1988-08-07,0.9954051,simulation
1988-08-08,0.9893079,simulation
1988-08-09,0.9969407,simulation
1988-08-10,0.99311835,simulation
1988-08-11,0.9904145,simulation
1988-08-12,0.99194306,simulation
1988-08-13,0.9876018,simulation
1988-08-14,0.98667693,simulation
1988-08-15,0.9879294,simulation
1988-08-16,0.9915822,simulation
1988-08-17,0.9918527,simulation
1988-08-18,0.9899465,simulation
1988-08-19,0.99481857,simulation
1988-08-20,0.9946447,simulation
1988-08-21,0.99917054,simulation
1988-08-22,0.99622786,simulation
1988-08-23,0.99752426,simulation
1988-08-24,0.9972735,simulation
1988-08-25,0.9876393,simulation
1988-08-26,0.98837847,simulation
1988-08-27,0.9889245,simulation
1988-08-28,0.9908332,simulation
1988-08-29,0.993604,simulation
1988-08-30,0.9946473,simulation
1988-08-31,0.9914996,simulation
1988-09-01,0.99820817,simulation
1988-09-02,0.9985759,simulation
1988-09-03,0.99916816,simulation
1988-09-04,0.9979518,simulation
1988-09-05,0.9919607,simulation
1988-09-06,0.99030906,simulation
1988-09-07,0.9909381,simulation
1988-09-08,0.9920424,simulation
1988-09-09,0.9930897,simulation
1988-09-10,0.9972514,simulation
1988-09-11,0.9955506,simulation
1988-09-12,0.9956305,simulation
1988-09-13,0.99431705,simulation
1988-09-14,0.9919293,simulation
1988-09-15,0.9982109,simulation
1988-09-16,0.99896085,simulation
1988-09-17,0.9982784,simulation
1988-09-18,0.9970125,simulation
1988-09-19,0.9957542,simulation
1988-09-20,0.99453497,simulation
1988-09-21,0.99518746,simulation
1988-09-22,0.9924502,simulation
1988-09-23,0.9931547,simulation
1988-09-24,0.995279,simulation
1988-09-25,0.9967598,simulation
1988-09-26,0.9932055,simulation
1988-09-27,0.9958406,simulation
1988-09-28,0.99731314,simulation
1988-09-29,0.99825805,simulation
1988-09-30,0.9966349,simulation
