time,gate_loss_constrained,phase
1948-10-01,0.021839477,spinup1
1948-10-02,0.017528271,spinup1
1948-10-03,0.017790759,spinup1
1948-10-04,0.02487603,spinup1
1948-10-05,0.0056801396,spinup1
1948-10-06,0.009781578,spinup1
1948-10-07,0.0016474033,spinup1
1948-10-08,0.023481172,spinup1
1948-10-09,0.017100058,spinup1
1948-10-10,0.0032066605,spinup1
1948-10-11,0.0008576872,spinup1
1948-10-12,0.018060787,spinup1
1948-10-13,0.017363604,spinup1
1948-10-14,0.005185565,spinup1
1948-10-15,0.008613902,spinup1
1948-10-16,0.009148292,spinup1
1948-10-17,0.0015260844,spinup1
1948-10-18,0.010852004,spinup1
1948-10-19,0.009103711,spinup1
1948-10-20,0.004512295,spinup1
1948-10-21,0.0074471673,spinup1
1948-10-22,0.0043087606,spinup1
1948-10-23,0.006951974,spinup1
1948-10-24,0.0018001426,spinup1
1948-10-25,0.0022001925,spinup1
1948-10-26,0.0022190423,spinup1
1948-10-27,0.0049369275,spinup1
1948-10-28,0.008592811,spinup1
1948-10-29,0.008923047,spinup1
1948-10-30,0.0031026332,spinup1
1948-10-31,0.001465828,spinup1
1948-11-01,0.00072075275,spinup1
1948-11-02,0.0067866873,spinup1
1948-11-03,0.0010115536,spinup1
1948-11-04,0.003502121,spinup1
1948-11-05,0.0011506417,spinup1
1948-11-06,0.005728634,spinup1
1948-11-07,0.0037734471,spinup1
1948-11-08,0.0024718908,spinup1
1948-11-09,0.000818026,spinup1
1948-11-10,0.004018896,spinup1
1948-11-11,0.0016770046,spinup1
1948-11-12,0.0014176227,spinup1
1948-11-13,0.0010807766,spinup1
1948-11-14,0.0009304264,spinup1
1948-11-15,0.0014780684,spinup1
1948-11-16,0.00062022987,spinup1
1948-11-17,0.0015939713,spinup1
1948-11-18,0.0008141618,spinup1
1948-11-19,0.002998603,spinup1
1948-11-20,0.005032103,spinup1
1948-11-21,0.0009883379,spinup1
1948-11-22,0.00064642983,spinup1
1948-11-23,0.00067332544,spinup1
1948-11-24,0.0023050697,spinup1
1948-11-25,0.0033553252,spinup1
1948-11-26,0.00058491394,spinup1
1948-11-27,0.00053652056,spinup1
1948-11-28,0.0007362531,spinup1
1948-11-29,0.0015636765,spinup1
1948-11-30,0.0018648605,spinup1
1948-12-01,0.0022748061,spinup1
1948-12-02,0.0009366103,spinup1
1948-12-03,0.0024758938,spinup1
1948-12-04,0.0009815617,spinup1
1948-12-05,0.00096109504,spinup1
1948-12-06,0.0021958796,spinup1
1948-12-07,0.00035685804,spinup1
1948-12-08,0.0021519167,spinup1
1948-12-09,0.002863983,spinup1
1948-12-10,0.0022266272,spinup1
1948-12-11,0.0019759545,spinup1
1948-12-12,0.0008303004,spinup1
1948-12-13,0.00056553644,spinup1
1948-12-14,0.00072405126,spinup1
1948-12-15,0.0011432522,spinup1
1948-12-16,0.00055848813,spinup1
1948-12-17,0.0006704304,spinup1
1948-12-18,0.00024225214,spinup1
1948-12-19,0.0008366862,spinup1
1948-12-20,0.0018811952,spinup1
1948-12-21,0.0011628643,spinup1
1948-12-22,0.001020025,spinup1
1948-12-23,0.001208065,spinup1
1948-12-24,0.0008922454,spinup1
1948-12-25,0.0007901283,spinup1
1948-12-26,0.0007865985,spinup1
1948-12-27,0.0009675645,spinup1
1948-12-28,0.0009902099,spinup1
1948-12-29,0.00086101546,spinup1
1948-12-30,0.0012854264,spinup1
1948-12-31,0.0014394261,spinup1
1949-01-01,0.0011822003,spinup1
1949-01-02,0.0010213414,spinup1
1949-01-03,0.0008483624,spinup1
1949-01-04,0.00074807915,spinup1
1949-01-05,0.0007060034,spinup1
1949-01-06,0.0013766439,spinup1
1949-01-07,0.0010028061,spinup1
1949-01-08,0.0014558099,spinup1
1949-01-09,0.0024457143,spinup1
1949-01-10,0.003057956,spinup1
1949-01-11,0.0017464391,spinup1
1949-01-12,0.00088452466,spinup1
1949-01-13,0.0007069161,spinup1
1949-01-14,0.00088795647,spinup1
1949-01-15,0.0025527375,spinup1
1949-01-16,0.0017181243,spinup1
1949-01-17,0.00025199077,spinup1
1949-01-18,0.0009445399,spinup1
1949-01-19,0.00083697436,spinup1
1949-01-20,0.0010041005,spinup1
1949-01-21,0.0002487231,spinup1
1949-01-22,0.00017359821,spinup1
1949-01-23,0.0010956469,spinup1
1949-01-24,0.0012827816,spinup1
1949-01-25,0.00072052324,spinup1
1949-01-26,0.00051789987,spinup1
1949-01-27,0.001051907,spinup1
1949-01-28,0.0016587271,spinup1
1949-01-29,0.0010286559,spinup1
1949-01-30,0.00033451247,spinup1
1949-01-31,3.2677985e-05,spinup1
1949-02-01,0.0002545993,spinup1
1949-02-02,0.0020683457,spinup1
1949-02-03,0.0004997356,spinup1
1949-02-04,0.00023431028,spinup1
1949-02-05,0.00034698987,spinup1
1949-02-06,0.00027523632,spinup1
1949-02-07,0.0009573823,spinup1
1949-02-08,0.00038264773,spinup1
1949-02-09,0.00038039096,spinup1
1949-02-10,0.0036629122,spinup1
1949-02-11,0.003016543,spinup1
1949-02-12,0.003701973,spinup1
1949-02-13,0.0015537943,spinup1
1949-02-14,0.0015381626,spinup1
1949-02-15,0.0011894314,spinup1
1949-02-16,0.0008455922,spinup1
1949-02-17,0.0017575326,spinup1
1949-02-18,0.0008394998,spinup1
1949-02-19,0.00091031473,spinup1
1949-02-20,0.0012082724,spinup1
1949-02-21,0.0006884255,spinup1
1949-02-22,0.0010292755,spinup1
1949-02-23,0.002241681,spinup1
1949-02-24,0.0008858953,spinup1
1949-02-25,0.003400554,spinup1
1949-02-26,0.0008792119,spinup1
1949-02-27,0.00080662634,spinup1
1949-02-28,0.0043402906,spinup1
1949-03-01,0.003360962,spinup1
1949-03-02,0.0029922957,spinup1
1949-03-03,0.0037482919,spinup1
1949-03-04,0.0043470827,spinup1
1949-03-05,0.0017973724,spinup1
1949-03-06,0.0011054825,spinup1
1949-03-07,0.0037340003,spinup1
1949-03-08,0.0039348374,spinup1
1949-03-09,0.0012675672,spinup1
1949-03-10,0.0042064125,spinup1
1949-03-11,0.004102342,spinup1
1949-03-12,0.0025581752,spinup1
1949-03-13,0.001054623,spinup1
1949-03-14,0.00044480115,spinup1
1949-03-15,0.003847949,spinup1
1949-03-16,0.0032169432,spinup1
1949-03-17,0.0018554763,spinup1
1949-03-18,0.0015376356,spinup1
1949-03-19,0.0029479482,spinup1
1949-03-20,0.005298641,spinup1
1949-03-21,0.002369819,spinup1
1949-03-22,0.0044101165,spinup1
1949-03-23,0.0025388685,spinup1
1949-03-24,0.0015868869,spinup1
1949-03-25,0.0025449267,spinup1
1949-03-26,0.0022294782,spinup1
1949-03-27,0.0007093915,spinup1
1949-03-28,0.0014717466,spinup1
1949-03-29,0.00088110554,spinup1
1949-03-30,0.0011303604,spinup1
1949-03-31,0.0041178805,spinup1
1949-04-01,0.004758385,spinup1
1949-04-02,0.0011006484,spinup1
1949-04-03,0.0015913789,spinup1
1949-04-04,0.001418109,spinup1
1949-04-05,0.002360345,spinup1
1949-04-06,0.007516708,spinup1
1949-04-07,0.0074157566,spinup1
1949-04-08,0.003252377,spinup1
1949-04-09,0.0017884774,spinup1
1949-04-10,0.00080669596,spinup1
1949-04-11,0.0026836926,spinup1
1949-04-12,0.0010914181,spinup1
1949-04-13,0.0055573583,spinup1
1949-04-14,0.006781582,spinup1
1949-04-15,0.0052256784,spinup1
1949-04-16,0.0070128683,spinup1
1949-04-17,0.0073860083,spinup1
1949-04-18,0.008342344,spinup1
1949-04-19,0.0052101216,spinup1
1949-04-20,0.001244814,spinup1
1949-04-21,0.0008269478,spinup1
1949-04-22,0.00052073336,spinup1
1949-04-23,0.001830105,spinup1
1949-04-24,0.004759092,spinup1
1949-04-25,0.007742971,spinup1
1949-04-26,0.0025791614,spinup1
1949-04-27,0.001148963,spinup1
1949-04-28,0.0021028903,spinup1
1949-04-29,0.0023637672,spinup1
1949-04-30,0.0022315704,spinup1
1949-05-01,0.0016438805,spinup1
1949-05-02,0.0020053766,spinup1
1949-05-03,0.00715179,spinup1
1949-05-04,0.0073952973,spinup1
1949-05-05,0.007773228,spinup1
1949-05-06,0.009010635,spinup1
1949-05-07,0.0077893734,spinup1
1949-05-08,0.008541591,spinup1
1949-05-09,0.004644353,spinup1
1949-05-10,0.005029418,spinup1
1949-05-11,0.008406762,spinup1
1949-05-12,0.0069709904,spinup1
1949-05-13,0.008882619,spinup1
1949-05-14,0.008465372,spinup1
1949-05-15,0.009069312,spinup1
1949-05-16,0.009556044,spinup1
1949-05-17,0.008564234,spinup1
1949-05-18,0.008430526,spinup1
1949-05-19,0.009677939,spinup1
1949-05-20,0.0054103187,spinup1
1949-05-21,0.005001819,spinup1
1949-05-22,0.006890282,spinup1
1949-05-23,0.0047638584,spinup1
1949-05-24,0.0061960584,spinup1
1949-05-25,0.009803049,spinup1
1949-05-26,0.0029110673,spinup1
1949-05-27,0.0068019805,spinup1
1949-05-28,0.001118958,spinup1
1949-05-29,0.0013113901,spinup1
1949-05-30,0.003775705,spinup1
1949-05-31,0.002375682,spinup1
1949-06-01,0.0054971348,spinup1
1949-06-02,0.009899758,spinup1
1949-06-03,0.010621026,spinup1
1949-06-04,0.009750754,spinup1
1949-06-05,0.010553934,spinup1
1949-06-06,0.010979675,spinup1
1949-06-07,0.009707704,spinup1
1949-06-08,0.0058256085,spinup1
1949-06-09,0.0064512976,spinup1
1949-06-10,0.0024799022,spinup1
1949-06-11,0.001920681,spinup1
1949-06-12,0.0024046022,spinup1
1949-06-13,0.0036082894,spinup1
1949-06-14,0.0024169257,spinup1
1949-06-15,0.002901689,spinup1
1949-06-16,0.010458872,spinup1
1949-06-17,0.010053553,spinup1
1949-06-18,0.006337043,spinup1
1949-06-19,0.0033944147,spinup1
1949-06-20,0.0073324777,spinup1
1949-06-21,0.0035811933,spinup1
1949-06-22,0.005323795,spinup1
1949-06-23,0.004611477,spinup1
1949-06-24,0.0031035093,spinup1
1949-06-25,0.0062409835,spinup1
1949-06-26,0.007375259,spinup1
1949-06-27,0.0070988387,spinup1
1949-06-28,0.007589102,spinup1
1949-06-29,0.0075899493,spinup1
1949-06-30,0.0051977895,spinup1
1949-07-01,0.006707119,spinup1
1949-07-02,0.006850967,spinup1
1949-07-03,0.0016933054,spinup1
1949-07-04,0.006122967,spinup1
1949-07-05,0.007885464,spinup1
1949-07-06,0.00831325,spinup1
1949-07-07,0.008021433,spinup1
1949-07-08,0.0071874764,spinup1
1949-07-09,0.008906927,spinup1
1949-07-10,0.0047413334,spinup1
1949-07-11,0.0040260735,spinup1
1949-07-12,0.0042442046,spinup1
1949-07-13,0.0036081558,spinup1
1949-07-14,0.0037063858,spinup1
1949-07-15,0.0008737059,spinup1
1949-07-16,0.0008826994,spinup1
1949-07-17,0.0010817064,spinup1
1949-07-18,0.004719218,spinup1
1949-07-19,0.006051167,spinup1
1949-07-20,0.0074661896,spinup1
1949-07-21,0.0045214524,spinup1
1949-07-22,0.00481605,spinup1
1949-07-23,0.0016973685,spinup1
1949-07-24,0.0030484581,spinup1
1949-07-25,0.0030228728,spinup1
1949-07-26,0.007296309,spinup1
1949-07-27,0.003518494,spinup1
1949-07-28,0.0059822276,spinup1
1949-07-29,0.008005634,spinup1
1949-07-30,0.0062770583,spinup1
1949-07-31,0.004449703,spinup1
1949-08-01,0.0011666664,spinup1
1949-08-02,0.0044858325,spinup1
1949-08-03,0.0062865354,spinup1
1949-08-04,0.004901254,spinup1
1949-08-05,0.0043913005,spinup1
1949-08-06,0.0055943,spinup1
1949-08-07,0.0042999573,spinup1
1949-08-08,0.005486493,spinup1
1949-08-09,0.006784009,spinup1
1949-08-10,0.008253891,spinup1
1949-08-11,0.008372903,spinup1
1949-08-12,0.007213341,spinup1
1949-08-13,0.0050428226,spinup1
1949-08-14,0.006464594,spinup1
1949-08-15,0.005678093,spinup1
1949-08-16,0.003117759,spinup1
1949-08-17,0.0035325913,spinup1
1949-08-18,0.004794619,spinup1
1949-08-19,0.006151297,spinup1
1949-08-20,0.008238807,spinup1
1949-08-21,0.003917033,spinup1
1949-08-22,0.004633643,spinup1
1949-08-23,0.0043344013,spinup1
1949-08-24,0.005402361,spinup1
1949-08-25,0.0064869365,spinup1
1949-08-26,0.005708239,spinup1
1949-08-27,0.008376367,spinup1
1949-08-28,0.008654378,spinup1
1949-08-29,0.0078016855,spinup1
1949-08-30,0.0067177005,spinup1
1949-08-31,0.005385274,spinup1
1949-09-01,0.006766623,spinup1
1949-09-02,0.009438641,spinup1
1949-09-03,0.0033118536,spinup1
1949-09-04,0.00092922687,spinup1
1949-09-05,0.0033247282,spinup1
1949-09-06,0.0017739999,spinup1
1949-09-07,0.0066464804,spinup1
1949-09-08,0.00630717,spinup1
1949-09-09,0.0051057916,spinup1
1949-09-10,0.0073618945,spinup1
1949-09-11,0.003514217,spinup1
1949-09-12,0.00664082,spinup1
1949-09-13,0.0014159211,spinup1
1949-09-14,0.0033636594,spinup1
1949-09-15,0.0038350301,spinup1
1949-09-16,0.005250311,spinup1
1949-09-17,0.0038149701,spinup1
1949-09-18,0.0034254324,spinup1
1949-09-19,0.004166577,spinup1
1949-09-20,0.0067926794,spinup1
1949-09-21,0.0027471823,spinup1
1949-09-22,0.0012648504,spinup1
1949-09-23,0.007535059,spinup1
1949-09-24,0.0067281015,spinup1
1949-09-25,0.0056365114,spinup1
1949-09-26,0.0068946816,spinup1
1949-09-27,0.0026939816,spinup1
1949-09-28,0.005132187,spinup1
1949-09-29,0.0073024333,spinup1
1949-09-30,0.0069212914,spinup1
1948-10-01,0.006837191,spinup2
1948-10-02,0.006449191,spinup2
1948-10-03,0.0065204455,spinup2
1948-10-04,0.0072438847,spinup2
1948-10-05,0.0044453642,spinup2
1948-10-06,0.0054773097,spinup2
1948-10-07,0.0016474033,spinup2
1948-10-08,0.0072394386,spinup2
1948-10-09,0.0066363662,spinup2
1948-10-10,0.0032066605,spinup2
1948-10-11,0.0008576872,spinup2
1948-10-12,0.0064484216,spinup2
1948-10-13,0.0064144256,spinup2
1948-10-14,0.0042099184,spinup2
1948-10-15,0.005153027,spinup2
1948-10-16,0.0052913404,spinup2
1948-10-17,0.0015260844,spinup2
1948-10-18,0.00560772,spinup2
1948-10-19,0.0053080744,spinup2
1948-10-20,0.0040380927,spinup2
1948-10-21,0.004979161,spinup2
1948-10-22,0.003988267,spinup2
1948-10-23,0.004892405,spinup2
1948-10-24,0.0018001426,spinup2
1948-10-25,0.0022001925,spinup2
1948-10-26,0.0022190423,spinup2
1948-10-27,0.004293435,spinup2
1948-10-28,0.005361735,spinup2
1948-10-29,0.005461669,spinup2
1948-10-30,0.0031026332,spinup2
1948-10-31,0.001465828,spinup2
1948-11-01,0.00072075275,spinup2
1948-11-02,0.0049128393,spinup2
1948-11-03,0.0010115536,spinup2
1948-11-04,0.003502121,spinup2
1948-11-05,0.0011506417,spinup2
1948-11-06,0.0044247997,spinup2
1948-11-07,0.0036865612,spinup2
1948-11-08,0.0024718908,spinup2
1948-11-09,0.000818026,spinup2
1948-11-10,0.0037001579,spinup2
1948-11-11,0.0016770046,spinup2
1948-11-12,0.0014176227,spinup2
1948-11-13,0.0010807766,spinup2
1948-11-14,0.0009304264,spinup2
1948-11-15,0.0014780684,spinup2
1948-11-16,0.0004690731,spinup2
1948-11-17,0.0015939713,spinup2
1948-11-18,0.0008141618,spinup2
1948-11-19,0.0028585668,spinup2
1948-11-20,0.0036336668,spinup2
1948-11-21,0.0009883379,spinup2
1948-11-22,0.00046456693,spinup2
1948-11-23,0.00052985316,spinup2
1948-11-24,0.0023050697,spinup2
1948-11-25,0.0029991134,spinup2
1948-11-26,0.00032583022,spinup2
1948-11-27,0.00026858636,spinup2
1948-11-28,0.00062239665,spinup2
1948-11-29,0.0015636765,spinup2
1948-11-30,0.0018648605,spinup2
1948-12-01,0.0022748061,spinup2
1948-12-02,0.0009366103,spinup2
1948-12-03,0.0024758938,spinup2
1948-12-04,0.0009815617,spinup2
1948-12-05,0.00096109504,spinup2
1948-12-06,0.0021958796,spinup2
1948-12-07,0.00023346994,spinup2
1948-12-08,0.0021519167,spinup2
1948-12-09,0.0028064535,spinup2
1948-12-10,0.0022266272,spinup2
1948-12-11,0.0019759545,spinup2
1948-12-12,0.0008303004,spinup2
1948-12-13,0.00038595978,spinup2
1948-12-14,0.0006777721,spinup2
1948-12-15,0.0011432522,spinup2
1948-12-16,0.00038615055,spinup2
1948-12-17,0.0005416354,spinup2
1948-12-18,0.00017143707,spinup2
1948-12-19,0.0008366862,spinup2
1948-12-20,0.0018811952,spinup2
1948-12-21,0.0011628643,spinup2
1948-12-22,0.001020025,spinup2
1948-12-23,0.001208065,spinup2
1948-12-24,0.0008922454,spinup2
1948-12-25,0.0007901283,spinup2
1948-12-26,0.0007865985,spinup2
1948-12-27,0.0009675645,spinup2
1948-12-28,0.0009902099,spinup2
1948-12-29,0.00086101546,spinup2
1948-12-30,0.0012854264,spinup2
1948-12-31,0.0014394261,spinup2
1949-01-01,0.0011822003,spinup2
1949-01-02,0.0010213414,spinup2
1949-01-03,0.0008483624,spinup2
1949-01-04,0.00071628677,spinup2
1949-01-05,0.0005824586,spinup2
1949-01-06,0.0013766439,spinup2
1949-01-07,0.0010028061,spinup2
1949-01-08,0.0014558099,spinup2
1949-01-09,0.0024457143,spinup2
1949-01-10,0.0028895873,spinup2
1949-01-11,0.0017464391,spinup2
1949-01-12,0.00088452466,spinup2
1949-01-13,0.00063101784,spinup2
1949-01-14,0.00088795647,spinup2
1949-01-15,0.0025527375,spinup2
1949-01-16,0.0017181243,spinup2
1949-01-17,0.00022735714,spinup2
1949-01-18,0.0009445399,spinup2
1949-01-19,0.00083697436,spinup2
1949-01-20,0.0010041005,spinup2
1949-01-21,0.00022984453,spinup2
1949-01-22,0.00016172582,spinup2
1949-01-23,0.0010956469,spinup2
1949-01-24,0.0012827816,spinup2
1949-01-25,0.0006903889,spinup2
1949-01-26,0.00049901643,spinup2
1949-01-27,0.001051907,spinup2
1949-01-28,0.0016587271,spinup2
1949-01-29,0.0010286559,spinup2
1949-01-30,0.000327447,spinup2
1949-01-31,3.2078504e-05,spinup2
1949-02-01,0.0002508495,spinup2
1949-02-02,0.0020683457,spinup2
1949-02-03,0.0004944969,spinup2
1949-02-04,0.00023217668,spinup2
1949-02-05,0.00034427838,spinup2
1949-02-06,0.0002733774,spinup2
1949-02-07,0.0009573823,spinup2
1949-02-08,0.00038062775,spinup2
1949-02-09,0.00037863635,spinup2
1949-02-10,0.003649389,spinup2
1949-02-11,0.0030082006,spinup2
1949-02-12,0.0036937546,spinup2
1949-02-13,0.0015537943,spinup2
1949-02-14,0.0015381626,spinup2
1949-02-15,0.0011894314,spinup2
1949-02-16,0.0008455922,spinup2
1949-02-17,0.0017575326,spinup2
1949-02-18,0.0008394998,spinup2
1949-02-19,0.00091031473,spinup2
1949-02-20,0.0012082724,spinup2
1949-02-21,0.00068824843,spinup2
1949-02-22,0.0010292755,spinup2
1949-02-23,0.002241681,spinup2
1949-02-24,0.0008858953,spinup2
1949-02-25,0.0034001023,spinup2
1949-02-26,0.0008792119,spinup2
1949-02-27,0.00080662634,spinup2
1949-02-28,0.0043398985,spinup2
1949-03-01,0.0033606908,spinup2
1949-03-02,0.0029920752,spinup2
1949-03-03,0.0037480365,spinup2
1949-03-04,0.0043468056,spinup2
1949-03-05,0.0017973724,spinup2
1949-03-06,0.0011054825,spinup2
1949-03-07,0.003733798,spinup2
1949-03-08,0.0039346344,spinup2
1949-03-09,0.0012675672,spinup2
1949-03-10,0.004206217,spinup2
1949-03-11,0.004102163,spinup2
1949-03-12,0.0025581752,spinup2
1949-03-13,0.001054623,spinup2
1949-03-14,0.00044478488,spinup2
1949-03-15,0.003847821,spinup2
1949-03-16,0.0032168475,spinup2
1949-03-17,0.0018554763,spinup2
1949-03-18,0.0015376356,spinup2
1949-03-19,0.0029478804,spinup2
1949-03-20,0.005298529,spinup2
1949-03-21,0.002369819,spinup2
1949-03-22,0.004410041,spinup2
1949-03-23,0.0025388685,spinup2
1949-03-24,0.0015868869,spinup2
1949-03-25,0.0025449267,spinup2
1949-03-26,0.0022294782,spinup2
1949-03-27,0.0007093871,spinup2
1949-03-28,0.0014717466,spinup2
1949-03-29,0.00088110554,spinup2
1949-03-30,0.0011303604,spinup2
1949-03-31,0.004117873,spinup2
1949-04-01,0.0047583766,spinup2
1949-04-02,0.0011006484,spinup2
1949-04-03,0.0015913789,spinup2
1949-04-04,0.001418109,spinup2
1949-04-05,0.002360345,spinup2
1949-04-06,0.0075167045,spinup2
1949-04-07,0.007415753,spinup2
1949-04-08,0.0032523763,spinup2
1949-04-09,0.0017884774,spinup2
1949-04-10,0.00080669596,spinup2
1949-04-11,0.0026836926,spinup2
1949-04-12,0.0010914181,spinup2
1949-04-13,0.0055573583,spinup2
1949-04-14,0.006781582,spinup2
1949-04-15,0.005225678,spinup2
1949-04-16,0.0070128664,spinup2
1949-04-17,0.0073860064,spinup2
1949-04-18,0.008342344,spinup2
1949-04-19,0.005210121,spinup2
1949-04-20,0.001244814,spinup2
1949-04-21,0.0008269478,spinup2
1949-04-22,0.00052073336,spinup2
1949-04-23,0.001830105,spinup2
1949-04-24,0.004759092,spinup2
1949-04-25,0.007742971,spinup2
1949-04-26,0.0025791614,spinup2
1949-04-27,0.001148963,spinup2
1949-04-28,0.0021028903,spinup2
1949-04-29,0.0023637672,spinup2
1949-04-30,0.0022315704,spinup2
1949-05-01,0.0016438805,spinup2
1949-05-02,0.0020053766,spinup2
1949-05-03,0.00715179,spinup2
1949-05-04,0.0073952973,spinup2
1949-05-05,0.007773228,spinup2
1949-05-06,0.009010635,spinup2
1949-05-07,0.0077893734,spinup2
1949-05-08,0.008541591,spinup2
1949-05-09,0.004644353,spinup2
1949-05-10,0.005029418,spinup2
1949-05-11,0.008406762,spinup2
1949-05-12,0.0069709904,spinup2
1949-05-13,0.008882619,spinup2
1949-05-14,0.008465372,spinup2
1949-05-15,0.009069312,spinup2
1949-05-16,0.009556044,spinup2
1949-05-17,0.008564234,spinup2
1949-05-18,0.008430526,spinup2
1949-05-19,0.009677939,spinup2
1949-05-20,0.0054103187,spinup2
1949-05-21,0.005001819,spinup2
1949-05-22,0.006890282,spinup2
1949-05-23,0.0047638584,spinup2
1949-05-24,0.0061960584,spinup2
1949-05-25,0.009803049,spinup2
1949-05-26,0.0029110673,spinup2
1949-05-27,0.0068019805,spinup2
1949-05-28,0.001118958,spinup2
1949-05-29,0.0013113901,spinup2
1949-05-30,0.003775705,spinup2
1949-05-31,0.002375682,spinup2
1949-06-01,0.0054971348,spinup2
1949-06-02,0.009899758,spinup2
1949-06-03,0.010621026,spinup2
1949-06-04,0.009750754,spinup2
1949-06-05,0.010553934,spinup2
1949-06-06,0.010979675,spinup2
1949-06-07,0.009707704,spinup2
1949-06-08,0.0058256085,spinup2
1949-06-09,0.0064512976,spinup2
1949-06-10,0.0024799022,spinup2
1949-06-11,0.001920681,spinup2
1949-06-12,0.0024046022,spinup2
1949-06-13,0.0036082894,spinup2
1949-06-14,0.0024169257,spinup2
1949-06-15,0.002901689,spinup2
1949-06-16,0.010458872,spinup2
1949-06-17,0.010053553,spinup2
1949-06-18,0.006337043,spinup2
1949-06-19,0.0033944147,spinup2
1949-06-20,0.0073324777,spinup2
1949-06-21,0.0035811933,spinup2
1949-06-22,0.005323795,spinup2
1949-06-23,0.004611477,spinup2
1949-06-24,0.0031035093,spinup2
1949-06-25,0.0062409835,spinup2
1949-06-26,0.007375259,spinup2
1949-06-27,0.0070988387,spinup2
1949-06-28,0.007589102,spinup2
1949-06-29,0.0075899493,spinup2
1949-06-30,0.0051977895,spinup2
1949-07-01,0.006707119,spinup2
1949-07-02,0.006850967,spinup2
1949-07-03,0.0016933054,spinup2
1949-07-04,0.006122967,spinup2
1949-07-05,0.007885464,spinup2
1949-07-06,0.00831325,spinup2
1949-07-07,0.008021433,spinup2
1949-07-08,0.0071874764,spinup2
1949-07-09,0.008906927,spinup2
1949-07-10,0.0047413334,spinup2
1949-07-11,0.0040260735,spinup2
1949-07-12,0.0042442046,spinup2
1949-07-13,0.0036081558,spinup2
1949-07-14,0.0037063858,spinup2
1949-07-15,0.0008737059,spinup2
1949-07-16,0.0008826994,spinup2
1949-07-17,0.0010817064,spinup2
1949-07-18,0.004719218,spinup2
1949-07-19,0.006051167,spinup2
1949-07-20,0.0074661896,spinup2
1949-07-21,0.0045214524,spinup2
1949-07-22,0.00481605,spinup2
1949-07-23,0.0016973685,spinup2
1949-07-24,0.0030484581,spinup2
1949-07-25,0.0030228728,spinup2
1949-07-26,0.007296309,spinup2
1949-07-27,0.003518494,spinup2
1949-07-28,0.0059822276,spinup2
1949-07-29,0.008005634,spinup2
1949-07-30,0.0062770583,spinup2
1949-07-31,0.004449703,spinup2
1949-08-01,0.0011666664,spinup2
1949-08-02,0.0044858325,spinup2
1949-08-03,0.0062865354,spinup2
1949-08-04,0.004901254,spinup2
1949-08-05,0.0043913005,spinup2
1949-08-06,0.0055943,spinup2
1949-08-07,0.0042999573,spinup2
1949-08-08,0.005486493,spinup2
1949-08-09,0.006784009,spinup2
1949-08-10,0.008253891,spinup2
1949-08-11,0.008372903,spinup2
1949-08-12,0.007213341,spinup2
1949-08-13,0.0050428226,spinup2
1949-08-14,0.006464594,spinup2
1949-08-15,0.005678093,spinup2
1949-08-16,0.003117759,spinup2
1949-08-17,0.0035325913,spinup2
1949-08-18,0.004794619,spinup2
1949-08-19,0.006151297,spinup2
1949-08-20,0.008238807,spinup2
1949-08-21,0.003917033,spinup2
1949-08-22,0.004633643,spinup2
1949-08-23,0.0043344013,spinup2
1949-08-24,0.005402361,spinup2
1949-08-25,0.0064869365,spinup2
1949-08-26,0.005708239,spinup2
1949-08-27,0.008376367,spinup2
1949-08-28,0.008654378,spinup2
1949-08-29,0.0078016855,spinup2
1949-08-30,0.0067177005,spinup2
1949-08-31,0.005385274,spinup2
1949-09-01,0.006766623,spinup2
1949-09-02,0.009438641,spinup2
1949-09-03,0.0033118536,spinup2
1949-09-04,0.00092922687,spinup2
1949-09-05,0.0033247282,spinup2
1949-09-06,0.0017739999,spinup2
1949-09-07,0.0066464804,spinup2
1949-09-08,0.00630717,spinup2
1949-09-09,0.0051057916,spinup2
1949-09-10,0.0073618945,spinup2
1949-09-11,0.003514217,spinup2
1949-09-12,0.00664082,spinup2
1949-09-13,0.0014159211,spinup2
1949-09-14,0.0033636594,spinup2
1949-09-15,0.0038350301,spinup2
1949-09-16,0.005250311,spinup2
1949-09-17,0.0038149701,spinup2
1949-09-18,0.0034254324,spinup2
1949-09-19,0.004166577,spinup2
1949-09-20,0.0067926794,spinup2
1949-09-21,0.0027471823,spinup2
1949-09-22,0.0012648504,spinup2
1949-09-23,0.007535059,spinup2
1949-09-24,0.0067281015,spinup2
1949-09-25,0.0056365114,spinup2
1949-09-26,0.0068946816,spinup2
1949-09-27,0.0026939816,spinup2
1949-09-28,0.005132187,spinup2
1949-09-29,0.0073024333,spinup2
1949-09-30,0.0069212914,spinup2
1948-10-01,0.006837191,spinup3
1948-10-02,0.006449191,spinup3
1948-10-03,0.0065204455,spinup3
1948-10-04,0.0072438847,spinup3
1948-10-05,0.0044453642,spinup3
1948-10-06,0.0054773097,spinup3
1948-10-07,0.0016474033,spinup3
1948-10-08,0.0072394386,spinup3
1948-10-09,0.0066363662,spinup3
1948-10-10,0.0032066605,spinup3
1948-10-11,0.0008576872,spinup3
1948-10-12,0.0064484216,spinup3
1948-10-13,0.0064144256,spinup3
1948-10-14,0.0042099184,spinup3
1948-10-15,0.005153027,spinup3
1948-10-16,0.0052913404,spinup3
1948-10-17,0.0015260844,spinup3
1948-10-18,0.00560772,spinup3
1948-10-19,0.0053080744,spinup3
1948-10-20,0.0040380927,spinup3
1948-10-21,0.004979161,spinup3
1948-10-22,0.003988267,spinup3
1948-10-23,0.004892405,spinup3
1948-10-24,0.0018001426,spinup3
1948-10-25,0.0022001925,spinup3
1948-10-26,0.0022190423,spinup3
1948-10-27,0.004293435,spinup3
1948-10-28,0.005361735,spinup3
1948-10-29,0.005461669,spinup3
1948-10-30,0.0031026332,spinup3
1948-10-31,0.001465828,spinup3
1948-11-01,0.00072075275,spinup3
1948-11-02,0.0049128393,spinup3
1948-11-03,0.0010115536,spinup3
1948-11-04,0.003502121,spinup3
1948-11-05,0.0011506417,spinup3
1948-11-06,0.0044247997,spinup3
1948-11-07,0.0036865612,spinup3
1948-11-08,0.0024718908,spinup3
1948-11-09,0.000818026,spinup3
1948-11-10,0.0037001579,spinup3
1948-11-11,0.0016770046,spinup3
1948-11-12,0.0014176227,spinup3
1948-11-13,0.0010807766,spinup3
1948-11-14,0.0009304264,spinup3
1948-11-15,0.0014780684,spinup3
1948-11-16,0.0004690731,spinup3
1948-11-17,0.0015939713,spinup3
1948-11-18,0.0008141618,spinup3
1948-11-19,0.0028585668,spinup3
1948-11-20,0.0036336668,spinup3
1948-11-21,0.0009883379,spinup3
1948-11-22,0.00046456693,spinup3
1948-11-23,0.00052985316,spinup3
1948-11-24,0.0023050697,spinup3
1948-11-25,0.0029991134,spinup3
1948-11-26,0.00032583022,spinup3
1948-11-27,0.00026858636,spinup3
1948-11-28,0.00062239665,spinup3
1948-11-29,0.0015636765,spinup3
1948-11-30,0.0018648605,spinup3
1948-12-01,0.0022748061,spinup3
1948-12-02,0.0009366103,spinup3
1948-12-03,0.0024758938,spinup3
1948-12-04,0.0009815617,spinup3
1948-12-05,0.00096109504,spinup3
1948-12-06,0.0021958796,spinup3
1948-12-07,0.00023346994,spinup3
1948-12-08,0.0021519167,spinup3
1948-12-09,0.0028064535,spinup3
1948-12-10,0.0022266272,spinup3
1948-12-11,0.0019759545,spinup3
1948-12-12,0.0008303004,spinup3
1948-12-13,0.00038595978,spinup3
1948-12-14,0.0006777721,spinup3
1948-12-15,0.0011432522,spinup3
1948-12-16,0.00038615055,spinup3
1948-12-17,0.0005416354,spinup3
1948-12-18,0.00017143707,spinup3
1948-12-19,0.0008366862,spinup3
1948-12-20,0.0018811952,spinup3
1948-12-21,0.0011628643,spinup3
1948-12-22,0.001020025,spinup3
1948-12-23,0.001208065,spinup3
1948-12-24,0.0008922454,spinup3
1948-12-25,0.0007901283,spinup3
1948-12-26,0.0007865985,spinup3
1948-12-27,0.0009675645,spinup3
1948-12-28,0.0009902099,spinup3
1948-12-29,0.00086101546,spinup3
1948-12-30,0.0012854264,spinup3
1948-12-31,0.0014394261,spinup3
1949-01-01,0.0011822003,spinup3
1949-01-02,0.0010213414,spinup3
1949-01-03,0.0008483624,spinup3
1949-01-04,0.00071628677,spinup3
1949-01-05,0.0005824586,spinup3
1949-01-06,0.0013766439,spinup3
1949-01-07,0.0010028061,spinup3
1949-01-08,0.0014558099,spinup3
1949-01-09,0.0024457143,spinup3
1949-01-10,0.0028895873,spinup3
1949-01-11,0.0017464391,spinup3
1949-01-12,0.00088452466,spinup3
1949-01-13,0.00063101784,spinup3
1949-01-14,0.00088795647,spinup3
1949-01-15,0.0025527375,spinup3
1949-01-16,0.0017181243,spinup3
1949-01-17,0.00022735714,spinup3
1949-01-18,0.0009445399,spinup3
1949-01-19,0.00083697436,spinup3
1949-01-20,0.0010041005,spinup3
1949-01-21,0.00022984453,spinup3
1949-01-22,0.00016172582,spinup3
1949-01-23,0.0010956469,spinup3
1949-01-24,0.0012827816,spinup3
1949-01-25,0.0006903889,spinup3
1949-01-26,0.00049901643,spinup3
1949-01-27,0.001051907,spinup3
1949-01-28,0.0016587271,spinup3
1949-01-29,0.0010286559,spinup3
1949-01-30,0.000327447,spinup3
1949-01-31,3.2078504e-05,spinup3
1949-02-01,0.0002508495,spinup3
1949-02-02,0.0020683457,spinup3
1949-02-03,0.0004944969,spinup3
1949-02-04,0.00023217668,spinup3
1949-02-05,0.00034427838,spinup3
1949-02-06,0.0002733774,spinup3
1949-02-07,0.0009573823,spinup3
1949-02-08,0.00038062775,spinup3
1949-02-09,0.00037863635,spinup3
1949-02-10,0.003649389,spinup3
1949-02-11,0.0030082006,spinup3
1949-02-12,0.0036937546,spinup3
1949-02-13,0.0015537943,spinup3
1949-02-14,0.0015381626,spinup3
1949-02-15,0.0011894314,spinup3
1949-02-16,0.0008455922,spinup3
1949-02-17,0.0017575326,spinup3
1949-02-18,0.0008394998,spinup3
1949-02-19,0.00091031473,spinup3
1949-02-20,0.0012082724,spinup3
1949-02-21,0.00068824843,spinup3
1949-02-22,0.0010292755,spinup3
1949-02-23,0.002241681,spinup3
1949-02-24,0.0008858953,spinup3
1949-02-25,0.0034001023,spinup3
1949-02-26,0.0008792119,spinup3
1949-02-27,0.00080662634,spinup3
1949-02-28,0.0043398985,spinup3
1949-03-01,0.0033606908,spinup3
1949-03-02,0.0029920752,spinup3
1949-03-03,0.0037480365,spinup3
1949-03-04,0.0043468056,spinup3
1949-03-05,0.0017973724,spinup3
1949-03-06,0.0011054825,spinup3
1949-03-07,0.003733798,spinup3
1949-03-08,0.0039346344,spinup3
1949-03-09,0.0012675672,spinup3
1949-03-10,0.004206217,spinup3
1949-03-11,0.004102163,spinup3
1949-03-12,0.0025581752,spinup3
1949-03-13,0.001054623,spinup3
1949-03-14,0.00044478488,spinup3
1949-03-15,0.003847821,spinup3
1949-03-16,0.0032168475,spinup3
1949-03-17,0.0018554763,spinup3
1949-03-18,0.0015376356,spinup3
1949-03-19,0.0029478804,spinup3
1949-03-20,0.005298529,spinup3
1949-03-21,0.002369819,spinup3
1949-03-22,0.004410041,spinup3
1949-03-23,0.0025388685,spinup3
1949-03-24,0.0015868869,spinup3
1949-03-25,0.0025449267,spinup3
1949-03-26,0.0022294782,spinup3
1949-03-27,0.0007093871,spinup3
1949-03-28,0.0014717466,spinup3
1949-03-29,0.00088110554,spinup3
1949-03-30,0.0011303604,spinup3
1949-03-31,0.004117873,spinup3
1949-04-01,0.0047583766,spinup3
1949-04-02,0.0011006484,spinup3
1949-04-03,0.0015913789,spinup3
1949-04-04,0.001418109,spinup3
1949-04-05,0.002360345,spinup3
1949-04-06,0.0075167045,spinup3
1949-04-07,0.007415753,spinup3
1949-04-08,0.0032523763,spinup3
1949-04-09,0.0017884774,spinup3
1949-04-10,0.00080669596,spinup3
1949-04-11,0.0026836926,spinup3
1949-04-12,0.0010914181,spinup3
1949-04-13,0.0055573583,spinup3
1949-04-14,0.006781582,spinup3
1949-04-15,0.005225678,spinup3
1949-04-16,0.0070128664,spinup3
1949-04-17,0.0073860064,spinup3
1949-04-18,0.008342344,spinup3
1949-04-19,0.005210121,spinup3
1949-04-20,0.001244814,spinup3
1949-04-21,0.0008269478,spinup3
1949-04-22,0.00052073336,spinup3
1949-04-23,0.001830105,spinup3
1949-04-24,0.004759092,spinup3
1949-04-25,0.007742971,spinup3
1949-04-26,0.0025791614,spinup3
1949-04-27,0.001148963,spinup3
1949-04-28,0.0021028903,spinup3
1949-04-29,0.0023637672,spinup3
1949-04-30,0.0022315704,spinup3
1949-05-01,0.0016438805,spinup3
1949-05-02,0.0020053766,spinup3
1949-05-03,0.00715179,spinup3
1949-05-04,0.0073952973,spinup3
1949-05-05,0.007773228,spinup3
1949-05-06,0.009010635,spinup3
1949-05-07,0.0077893734,spinup3
1949-05-08,0.008541591,spinup3
1949-05-09,0.004644353,spinup3
1949-05-10,0.005029418,spinup3
1949-05-11,0.008406762,spinup3
1949-05-12,0.0069709904,spinup3
1949-05-13,0.008882619,spinup3
1949-05-14,0.008465372,spinup3
1949-05-15,0.009069312,spinup3
1949-05-16,0.009556044,spinup3
1949-05-17,0.008564234,spinup3
1949-05-18,0.008430526,spinup3
1949-05-19,0.009677939,spinup3
1949-05-20,0.0054103187,spinup3
1949-05-21,0.005001819,spinup3
1949-05-22,0.006890282,spinup3
1949-05-23,0.0047638584,spinup3
1949-05-24,0.0061960584,spinup3
1949-05-25,0.009803049,spinup3
1949-05-26,0.0029110673,spinup3
1949-05-27,0.0068019805,spinup3
1949-05-28,0.001118958,spinup3
1949-05-29,0.0013113901,spinup3
1949-05-30,0.003775705,spinup3
1949-05-31,0.002375682,spinup3
1949-06-01,0.0054971348,spinup3
1949-06-02,0.009899758,spinup3
1949-06-03,0.010621026,spinup3
1949-06-04,0.009750754,spinup3
1949-06-05,0.010553934,spinup3
1949-06-06,0.010979675,spinup3
1949-06-07,0.009707704,spinup3
1949-06-08,0.0058256085,spinup3
1949-06-09,0.0064512976,spinup3
1949-06-10,0.0024799022,spinup3
1949-06-11,0.001920681,spinup3
1949-06-12,0.0024046022,spinup3
1949-06-13,0.0036082894,spinup3
1949-06-14,0.0024169257,spinup3
1949-06-15,0.002901689,spinup3
1949-06-16,0.010458872,spinup3
1949-06-17,0.010053553,spinup3
1949-06-18,0.006337043,spinup3
1949-06-19,0.0033944147,spinup3
1949-06-20,0.0073324777,spinup3
1949-06-21,0.0035811933,spinup3
1949-06-22,0.005323795,spinup3
1949-06-23,0.004611477,spinup3
1949-06-24,0.0031035093,spinup3
1949-06-25,0.0062409835,spinup3
1949-06-26,0.007375259,spinup3
1949-06-27,0.0070988387,spinup3
1949-06-28,0.007589102,spinup3
1949-06-29,0.0075899493,spinup3
1949-06-30,0.0051977895,spinup3
1949-07-01,0.006707119,spinup3
1949-07-02,0.006850967,spinup3
1949-07-03,0.0016933054,spinup3
1949-07-04,0.006122967,spinup3
1949-07-05,0.007885464,spinup3
1949-07-06,0.00831325,spinup3
1949-07-07,0.008021433,spinup3
1949-07-08,0.0071874764,spinup3
1949-07-09,0.008906927,spinup3
1949-07-10,0.0047413334,spinup3
1949-07-11,0.0040260735,spinup3
1949-07-12,0.0042442046,spinup3
1949-07-13,0.0036081558,spinup3
1949-07-14,0.0037063858,spinup3
1949-07-15,0.0008737059,spinup3
1949-07-16,0.0008826994,spinup3
1949-07-17,0.0010817064,spinup3
1949-07-18,0.004719218,spinup3
1949-07-19,0.006051167,spinup3
1949-07-20,0.0074661896,spinup3
1949-07-21,0.0045214524,spinup3
1949-07-22,0.00481605,spinup3
1949-07-23,0.0016973685,spinup3
1949-07-24,0.0030484581,spinup3
1949-07-25,0.0030228728,spinup3
1949-07-26,0.007296309,spinup3
1949-07-27,0.003518494,spinup3
1949-07-28,0.0059822276,spinup3
1949-07-29,0.008005634,spinup3
1949-07-30,0.0062770583,spinup3
1949-07-31,0.004449703,spinup3
1949-08-01,0.0011666664,spinup3
1949-08-02,0.0044858325,spinup3
1949-08-03,0.0062865354,spinup3
1949-08-04,0.004901254,spinup3
1949-08-05,0.0043913005,spinup3
1949-08-06,0.0055943,spinup3
1949-08-07,0.0042999573,spinup3
1949-08-08,0.005486493,spinup3
1949-08-09,0.006784009,spinup3
1949-08-10,0.008253891,spinup3
1949-08-11,0.008372903,spinup3
1949-08-12,0.007213341,spinup3
1949-08-13,0.0050428226,spinup3
1949-08-14,0.006464594,spinup3
1949-08-15,0.005678093,spinup3
1949-08-16,0.003117759,spinup3
1949-08-17,0.0035325913,spinup3
1949-08-18,0.004794619,spinup3
1949-08-19,0.006151297,spinup3
1949-08-20,0.008238807,spinup3
1949-08-21,0.003917033,spinup3
1949-08-22,0.004633643,spinup3
1949-08-23,0.0043344013,spinup3
1949-08-24,0.005402361,spinup3
1949-08-25,0.0064869365,spinup3
1949-08-26,0.005708239,spinup3
1949-08-27,0.008376367,spinup3
1949-08-28,0.008654378,spinup3
1949-08-29,0.0078016855,spinup3
1949-08-30,0.0067177005,spinup3
1949-08-31,0.005385274,spinup3
1949-09-01,0.006766623,spinup3
1949-09-02,0.009438641,spinup3
1949-09-03,0.0033118536,spinup3
1949-09-04,0.00092922687,spinup3
1949-09-05,0.0033247282,spinup3
1949-09-06,0.0017739999,spinup3
1949-09-07,0.0066464804,spinup3
1949-09-08,0.00630717,spinup3
1949-09-09,0.0051057916,spinup3
1949-09-10,0.0073618945,spinup3
1949-09-11,0.003514217,spinup3
1949-09-12,0.00664082,spinup3
1949-09-13,0.0014159211,spinup3
1949-09-14,0.0033636594,spinup3
1949-09-15,0.0038350301,spinup3
1949-09-16,0.005250311,spinup3
1949-09-17,0.0038149701,spinup3
1949-09-18,0.0034254324,spinup3
1949-09-19,0.004166577,spinup3
1949-09-20,0.0067926794,spinup3
1949-09-21,0.0027471823,spinup3
1949-09-22,0.0012648504,spinup3
1949-09-23,0.007535059,spinup3
1949-09-24,0.0067281015,spinup3
1949-09-25,0.0056365114,spinup3
1949-09-26,0.0068946816,spinup3
1949-09-27,0.0026939816,spinup3
1949-09-28,0.005132187,spinup3
1949-09-29,0.0073024333,spinup3
1949-09-30,0.0069212914,spinup3
1948-10-01,0.006837191,simulation
1948-10-02,0.006449191,simulation
1948-10-03,0.0065204455,simulation
1948-10-04,0.0072438847,simulation
1948-10-05,0.0044453642,simulation
1948-10-06,0.0054773097,simulation
1948-10-07,0.0016474033,simulation
1948-10-08,0.0072394386,simulation
1948-10-09,0.0066363662,simulation
1948-10-10,0.0032066605,simulation
1948-10-11,0.0008576872,simulation
1948-10-12,0.0064484216,simulation
1948-10-13,0.0064144256,simulation
1948-10-14,0.0042099184,simulation
1948-10-15,0.005153027,simulation
1948-10-16,0.0052913404,simulation
1948-10-17,0.0015260844,simulation
1948-10-18,0.00560772,simulation
1948-10-19,0.0053080744,simulation
1948-10-20,0.0040380927,simulation
1948-10-21,0.004979161,simulation
1948-10-22,0.003988267,simulation
1948-10-23,0.004892405,simulation
1948-10-24,0.0018001426,simulation
1948-10-25,0.0022001925,simulation
1948-10-26,0.0022190423,simulation
1948-10-27,0.004293435,simulation
1948-10-28,0.005361735,simulation
1948-10-29,0.005461669,simulation
1948-10-30,0.0031026332,simulation
1948-10-31,0.001465828,simulation
1948-11-01,0.00072075275,simulation
1948-11-02,0.0049128393,simulation
1948-11-03,0.0010115536,simulation
1948-11-04,0.003502121,simulation
1948-11-05,0.0011506417,simulation
1948-11-06,0.0044247997,simulation
1948-11-07,0.0036865612,simulation
1948-11-08,0.0024718908,simulation
1948-11-09,0.000818026,simulation
1948-11-10,0.0037001579,simulation
1948-11-11,0.0016770046,simulation
1948-11-12,0.0014176227,simulation
1948-11-13,0.0010807766,simulation
1948-11-14,0.0009304264,simulation
1948-11-15,0.0014780684,simulation
1948-11-16,0.0004690731,simulation
1948-11-17,0.0015939713,simulation
1948-11-18,0.0008141618,simulation
1948-11-19,0.0028585668,simulation
1948-11-20,0.0036336668,simulation
1948-11-21,0.0009883379,simulation
1948-11-22,0.00046456693,simulation
1948-11-23,0.00052985316,simulation
1948-11-24,0.0023050697,simulation
1948-11-25,0.0029991134,simulation
1948-11-26,0.00032583022,simulation
1948-11-27,0.00026858636,simulation
1948-11-28,0.00062239665,simulation
1948-11-29,0.0015636765,simulation
1948-11-30,0.0018648605,simulation
1948-12-01,0.0022748061,simulation
1948-12-02,0.0009366103,simulation
1948-12-03,0.0024758938,simulation
1948-12-04,0.0009815617,simulation
1948-12-05,0.00096109504,simulation
1948-12-06,0.0021958796,simulation
1948-12-07,0.00023346994,simulation
1948-12-08,0.0021519167,simulation
1948-12-09,0.0028064535,simulation
1948-12-10,0.0022266272,simulation
1948-12-11,0.0019759545,simulation
1948-12-12,0.0008303004,simulation
1948-12-13,0.00038595978,simulation
1948-12-14,0.0006777721,simulation
1948-12-15,0.0011432522,simulation
1948-12-16,0.00038615055,simulation
1948-12-17,0.0005416354,simulation
1948-12-18,0.00017143707,simulation
1948-12-19,0.0008366862,simulation
1948-12-20,0.0018811952,simulation
1948-12-21,0.0011628643,simulation
1948-12-22,0.001020025,simulation
1948-12-23,0.001208065,simulation
1948-12-24,0.0008922454,simulation
1948-12-25,0.0007901283,simulation
1948-12-26,0.0007865985,simulation
1948-12-27,0.0009675645,simulation
1948-12-28,0.0009902099,simulation
1948-12-29,0.00086101546,simulation
1948-12-30,0.0012854264,simulation
1948-12-31,0.0014394261,simulation
1949-01-01,0.0011822003,simulation
1949-01-02,0.0010213414,simulation
1949-01-03,0.0008483624,simulation
1949-01-04,0.00071628677,simulation
1949-01-05,0.0005824586,simulation
1949-01-06,0.0013766439,simulation
1949-01-07,0.0010028061,simulation
1949-01-08,0.0014558099,simulation
1949-01-09,0.0024457143,simulation
1949-01-10,0.0028895873,simulation
1949-01-11,0.0017464391,simulation
1949-01-12,0.00088452466,simulation
1949-01-13,0.00063101784,simulation
1949-01-14,0.00088795647,simulation
1949-01-15,0.0025527375,simulation
1949-01-16,0.0017181243,simulation
1949-01-17,0.00022735714,simulation
1949-01-18,0.0009445399,simulation
1949-01-19,0.00083697436,simulation
1949-01-20,0.0010041005,simulation
1949-01-21,0.00022984453,simulation
1949-01-22,0.00016172582,simulation
1949-01-23,0.0010956469,simulation
1949-01-24,0.0012827816,simulation
1949-01-25,0.0006903889,simulation
1949-01-26,0.00049901643,simulation
1949-01-27,0.001051907,simulation
1949-01-28,0.0016587271,simulation
1949-01-29,0.0010286559,simulation
1949-01-30,0.000327447,simulation
1949-01-31,3.2078504e-05,simulation
1949-02-01,0.0002508495,simulation
1949-02-02,0.0020683457,simulation
1949-02-03,0.0004944969,simulation
1949-02-04,0.00023217668,simulation
1949-02-05,0.00034427838,simulation
1949-02-06,0.0002733774,simulation
1949-02-07,0.0009573823,simulation
1949-02-08,0.00038062775,simulation
1949-02-09,0.00037863635,simulation
1949-02-10,0.003649389,simulation
1949-02-11,0.0030082006,simulation
1949-02-12,0.0036937546,simulation
1949-02-13,0.0015537943,simulation
1949-02-14,0.0015381626,simulation
1949-02-15,0.0011894314,simulation
1949-02-16,0.0008455922,simulation
1949-02-17,0.0017575326,simulation
1949-02-18,0.0008394998,simulation
1949-02-19,0.00091031473,simulation
1949-02-20,0.0012082724,simulation
1949-02-21,0.00068824843,simulation
1949-02-22,0.0010292755,simulation
1949-02-23,0.002241681,simulation
1949-02-24,0.0008858953,simulation
1949-02-25,0.0034001023,simulation
1949-02-26,0.0008792119,simulation
1949-02-27,0.00080662634,simulation
1949-02-28,0.0043398985,simulation
1949-03-01,0.0033606908,simulation
1949-03-02,0.0029920752,simulation
1949-03-03,0.0037480365,simulation
1949-03-04,0.0043468056,simulation
1949-03-05,0.0017973724,simulation
1949-03-06,0.0011054825,simulation
1949-03-07,0.003733798,simulation
1949-03-08,0.0039346344,simulation
1949-03-09,0.0012675672,simulation
1949-03-10,0.004206217,simulation
1949-03-11,0.004102163,simulation
1949-03-12,0.0025581752,simulation
1949-03-13,0.001054623,simulation
1949-03-14,0.00044478488,simulation
1949-03-15,0.003847821,simulation
1949-03-16,0.0032168475,simulation
1949-03-17,0.0018554763,simulation
1949-03-18,0.0015376356,simulation
1949-03-19,0.0029478804,simulation
1949-03-20,0.005298529,simulation
1949-03-21,0.002369819,simulation
1949-03-22,0.004410041,simulation
1949-03-23,0.0025388685,simulation
1949-03-24,0.0015868869,simulation
1949-03-25,0.0025449267,simulation
1949-03-26,0.0022294782,simulation
1949-03-27,0.0007093871,simulation
1949-03-28,0.0014717466,simulation
1949-03-29,0.00088110554,simulation
1949-03-30,0.0011303604,simulation
1949-03-31,0.004117873,simulation
1949-04-01,0.0047583766,simulation
1949-04-02,0.0011006484,simulation
1949-04-03,0.0015913789,simulation
1949-04-04,0.001418109,simulation
1949-04-05,0.002360345,simulation
1949-04-06,0.0075167045,simulation
1949-04-07,0.007415753,simulation
1949-04-08,0.0032523763,simulation
1949-04-09,0.0017884774,simulation
1949-04-10,0.00080669596,simulation
1949-04-11,0.0026836926,simulation
1949-04-12,0.0010914181,simulation
1949-04-13,0.0055573583,simulation
1949-04-14,0.006781582,simulation
1949-04-15,0.005225678,simulation
1949-04-16,0.0070128664,simulation
1949-04-17,0.0073860064,simulation
1949-04-18,0.008342344,simulation
1949-04-19,0.005210121,simulation
1949-04-20,0.001244814,simulation
1949-04-21,0.0008269478,simulation
1949-04-22,0.00052073336,simulation
1949-04-23,0.001830105,simulation
1949-04-24,0.004759092,simulation
1949-04-25,0.007742971,simulation
1949-04-26,0.0025791614,simulation
1949-04-27,0.001148963,simulation
1949-04-28,0.0021028903,simulation
1949-04-29,0.0023637672,simulation
1949-04-30,0.0022315704,simulation
1949-05-01,0.0016438805,simulation
1949-05-02,0.0020053766,simulation
1949-05-03,0.00715179,simulation
1949-05-04,0.0073952973,simulation
1949-05-05,0.007773228,simulation
1949-05-06,0.009010635,simulation
1949-05-07,0.0077893734,simulation
1949-05-08,0.008541591,simulation
1949-05-09,0.004644353,simulation
1949-05-10,0.005029418,simulation
1949-05-11,0.008406762,simulation
1949-05-12,0.0069709904,simulation
1949-05-13,0.008882619,simulation
1949-05-14,0.008465372,simulation
1949-05-15,0.009069312,simulation
1949-05-16,0.009556044,simulation
1949-05-17,0.008564234,simulation
1949-05-18,0.008430526,simulation
1949-05-19,0.009677939,simulation
1949-05-20,0.0054103187,simulation
1949-05-21,0.005001819,simulation
1949-05-22,0.006890282,simulation
1949-05-23,0.0047638584,simulation
1949-05-24,0.0061960584,simulation
1949-05-25,0.009803049,simulation
1949-05-26,0.0029110673,simulation
1949-05-27,0.0068019805,simulation
1949-05-28,0.001118958,simulation
1949-05-29,0.0013113901,simulation
1949-05-30,0.003775705,simulation
1949-05-31,0.002375682,simulation
1949-06-01,0.0054971348,simulation
1949-06-02,0.009899758,simulation
1949-06-03,0.010621026,simulation
1949-06-04,0.009750754,simulation
1949-06-05,0.010553934,simulation
1949-06-06,0.010979675,simulation
1949-06-07,0.009707704,simulation
1949-06-08,0.0058256085,simulation
1949-06-09,0.0064512976,simulation
1949-06-10,0.0024799022,simulation
1949-06-11,0.001920681,simulation
1949-06-12,0.0024046022,simulation
1949-06-13,0.0036082894,simulation
1949-06-14,0.0024169257,simulation
1949-06-15,0.002901689,simulation
1949-06-16,0.010458872,simulation
1949-06-17,0.010053553,simulation
1949-06-18,0.006337043,simulation
1949-06-19,0.0033944147,simulation
1949-06-20,0.0073324777,simulation
1949-06-21,0.0035811933,simulation
1949-06-22,0.005323795,simulation
1949-06-23,0.004611477,simulation
1949-06-24,0.0031035093,simulation
1949-06-25,0.0062409835,simulation
1949-06-26,0.007375259,simulation
1949-06-27,0.0070988387,simulation
1949-06-28,0.007589102,simulation
1949-06-29,0.0075899493,simulation
1949-06-30,0.0051977895,simulation
1949-07-01,0.006707119,simulation
1949-07-02,0.006850967,simulation
1949-07-03,0.0016933054,simulation
1949-07-04,0.006122967,simulation
1949-07-05,0.007885464,simulation
1949-07-06,0.00831325,simulation
1949-07-07,0.008021433,simulation
1949-07-08,0.0071874764,simulation
1949-07-09,0.008906927,simulation
1949-07-10,0.0047413334,simulation
1949-07-11,0.0040260735,simulation
1949-07-12,0.0042442046,simulation
1949-07-13,0.0036081558,simulation
1949-07-14,0.0037063858,simulation
1949-07-15,0.0008737059,simulation
1949-07-16,0.0008826994,simulation
1949-07-17,0.0010817064,simulation
1949-07-18,0.004719218,simulation
1949-07-19,0.006051167,simulation
1949-07-20,0.0074661896,simulation
1949-07-21,0.0045214524,simulation
1949-07-22,0.00481605,simulation
1949-07-23,0.0016973685,simulation
1949-07-24,0.0030484581,simulation
1949-07-25,0.0030228728,simulation
1949-07-26,0.007296309,simulation
1949-07-27,0.003518494,simulation
1949-07-28,0.0059822276,simulation
1949-07-29,0.008005634,simulation
1949-07-30,0.0062770583,simulation
1949-07-31,0.004449703,simulation
1949-08-01,0.0011666664,simulation
1949-08-02,0.0044858325,simulation
1949-08-03,0.0062865354,simulation
1949-08-04,0.004901254,simulation
1949-08-05,0.0043913005,simulation
1949-08-06,0.0055943,simulation
1949-08-07,0.0042999573,simulation
1949-08-08,0.005486493,simulation
1949-08-09,0.006784009,simulation
1949-08-10,0.008253891,simulation
1949-08-11,0.008372903,simulation
1949-08-12,0.007213341,simulation
1949-08-13,0.0050428226,simulation
1949-08-14,0.006464594,simulation
1949-08-15,0.005678093,simulation
1949-08-16,0.003117759,simulation
1949-08-17,0.0035325913,simulation
1949-08-18,0.004794619,simulation
1949-08-19,0.006151297,simulation
1949-08-20,0.008238807,simulation
1949-08-21,0.003917033,simulation
1949-08-22,0.004633643,simulation
1949-08-23,0.0043344013,simulation
1949-08-24,0.005402361,simulation
1949-08-25,0.0064869365,simulation
1949-08-26,0.005708239,simulation
1949-08-27,0.008376367,simulation
1949-08-28,0.008654378,simulation
1949-08-29,0.0078016855,simulation
1949-08-30,0.0067177005,simulation
1949-08-31,0.005385274,simulation
1949-09-01,0.006766623,simulation
1949-09-02,0.009438641,simulation
1949-09-03,0.0033118536,simulation
1949-09-04,0.00092922687,simulation
1949-09-05,0.0033247282,simulation
1949-09-06,0.0017739999,simulation
1949-09-07,0.0066464804,simulation
1949-09-08,0.00630717,simulation
1949-09-09,0.0051057916,simulation
1949-09-10,0.0073618945,simulation
1949-09-11,0.003514217,simulation
1949-09-12,0.00664082,simulation
1949-09-13,0.0014159211,simulation
1949-09-14,0.0033636594,simulation
1949-09-15,0.0038350301,simulation
1949-09-16,0.005250311,simulation
1949-09-17,0.0038149701,simulation
1949-09-18,0.0034254324,simulation
1949-09-19,0.004166577,simulation
1949-09-20,0.0067926794,simulation
1949-09-21,0.0027471823,simulation
1949-09-22,0.0012648504,simulation
1949-09-23,0.007535059,simulation
1949-09-24,0.0067281015,simulation
1949-09-25,0.0056365114,simulation
1949-09-26,0.0068946816,simulation
1949-09-27,0.0026939816,simulation
1949-09-28,0.005132187,simulation
1949-09-29,0.0073024333,simulation
1949-09-30,0.0069212914,simulation
1949-10-01,0.0019275886,simulation
1949-10-02,0.00088103,simulation
1949-10-03,0.00095171685,simulation
1949-10-04,0.00096748106,simulation
1949-10-05,0.003126934,simulation
1949-10-06,0.0053923684,simulation
1949-10-07,0.0033805473,simulation
1949-10-08,0.0008169706,simulation
1949-10-09,0.002188584,simulation
1949-10-10,0.00521314,simulation
1949-10-11,0.0053918716,simulation
1949-10-12,0.0031974337,simulation
1949-10-13,0.001265936,simulation
1949-10-14,0.0026227604,simulation
1949-10-15,0.0007352392,simulation
1949-10-16,0.0014165288,simulation
1949-10-17,0.005410765,simulation
1949-10-18,0.0013579943,simulation
1949-10-19,0.0052867914,simulation
1949-10-20,0.003948609,simulation
1949-10-21,0.0021919482,simulation
1949-10-22,0.0025870758,simulation
1949-10-23,0.0045954827,simulation
1949-10-24,0.0034852475,simulation
1949-10-25,0.00079353753,simulation
1949-10-26,0.0036651753,simulation
1949-10-27,0.0045145787,simulation
1949-10-28,0.0006993916,simulation
1949-10-29,0.0009896987,simulation
1949-10-30,0.000892399,simulation
1949-10-31,0.00069198385,simulation
1949-11-01,0.0038509213,simulation
1949-11-02,0.0043321988,simulation
1949-11-03,0.0041601066,simulation
1949-11-04,0.0037174628,simulation
1949-11-05,0.0042671007,simulation
1949-11-06,0.003650571,simulation
1949-11-07,0.0036688095,simulation
1949-11-08,0.0031642704,simulation
1949-11-09,0.004018613,simulation
1949-11-10,0.0026974208,simulation
1949-11-11,0.0038066262,simulation
1949-11-12,0.00090523757,simulation
1949-11-13,0.0028532986,simulation
1949-11-14,0.0036466706,simulation
1949-11-15,0.004020181,simulation
1949-11-16,0.004318545,simulation
1949-11-17,0.0039178776,simulation
1949-11-18,0.0030753855,simulation
1949-11-19,0.0038225946,simulation
1949-11-20,0.0040292447,simulation
1949-11-21,0.0050462666,simulation
1949-11-22,0.0018831261,simulation
1949-11-23,0.0009138461,simulation
1949-11-24,0.0012866409,simulation
1949-11-25,0.0048648077,simulation
1949-11-26,0.0039701145,simulation
1949-11-27,0.001614444,simulation
1949-11-28,0.0016420521,simulation
1949-11-29,0.0018629482,simulation
1949-11-30,0.0049830293,simulation
1949-12-01,0.0031399522,simulation
1949-12-02,0.0012112851,simulation
1949-12-03,0.0025538234,simulation
1949-12-04,0.0008668895,simulation
1949-12-05,0.0021003787,simulation
1949-12-06,0.0011933198,simulation
1949-12-07,0.00087280374,simulation
1949-12-08,0.0018903854,simulation
1949-12-09,0.0011401133,simulation
1949-12-10,0.00047123828,simulation
1949-12-11,0.0011023519,simulation
1949-12-12,0.0011767303,simulation
1949-12-13,0.0005558116,simulation
1949-12-14,0.00038748415,simulation
1949-12-15,0.0010672993,simulation
1949-12-16,0.001662708,simulation
1949-12-17,0.0008204946,simulation
1949-12-18,0.00070816535,simulation
1949-12-19,0.0010592568,simulation
1949-12-20,0.0014558099,simulation
1949-12-21,0.0014288507,simulation
1949-12-22,0.0006158332,simulation
1949-12-23,0.0018129675,simulation
1949-12-24,0.0018055399,simulation
1949-12-25,0.0012050595,simulation
1949-12-26,0.00043765435,simulation
1949-12-27,0.0004107801,simulation
1949-12-28,0.0027488165,simulation
1949-12-29,0.0020465602,simulation
1949-12-30,0.001921174,simulation
1949-12-31,0.0015600628,simulation
1950-01-01,0.0008585735,simulation
1950-01-02,0.0010202883,simulation
1950-01-03,0.0016440216,simulation
1950-01-04,0.0008401502,simulation
1950-01-05,0.000775434,simulation
1950-01-06,0.00034239807,simulation
1950-01-07,0.0018156694,simulation
1950-01-08,0.0011926024,simulation
1950-01-09,0.0011005535,simulation
1950-01-10,0.0006813512,simulation
1950-01-11,0.00016731553,simulation
1950-01-12,0.00091873383,simulation
1950-01-13,0.0015415937,simulation
1950-01-14,0.0005348603,simulation
1950-01-15,0.00093427656,simulation
1950-01-16,0.00036222793,simulation
1950-01-17,0.00041819084,simulation
1950-01-18,0.0011475815,simulation
1950-01-19,0.00082275824,simulation
1950-01-20,0.00035394882,simulation
1950-01-21,0.00036022172,simulation
1950-01-22,0.0012314196,simulation
1950-01-23,0.0016544715,simulation
1950-01-24,0.002402964,simulation
1950-01-25,0.0020912539,simulation
1950-01-26,0.002101276,simulation
1950-01-27,0.0001670178,simulation
1950-01-28,0.000624091,simulation
1950-01-29,0.0012065095,simulation
1950-01-30,0.0023939717,simulation
1950-01-31,0.0020327982,simulation
1950-02-01,0.0021826169,simulation
1950-02-02,0.00077770796,simulation
1950-02-03,0.001513581,simulation
1950-02-04,0.0013417811,simulation
1950-02-05,0.00326992,simulation
1950-02-06,0.0019891672,simulation
1950-02-07,0.0011653642,simulation
1950-02-08,0.0013321453,simulation
1950-02-09,0.00063373597,simulation
1950-02-10,0.00031965095,simulation
1950-02-11,0.00073522015,simulation
1950-02-12,0.0016334966,simulation
1950-02-13,0.0007028488,simulation
1950-02-14,0.0007167426,simulation
1950-02-15,0.0030719046,simulation
1950-02-16,0.003242439,simulation
1950-02-17,0.0031001132,simulation
1950-02-18,0.0034902433,simulation
1950-02-19,0.003397628,simulation
1950-02-20,0.003658109,simulation
1950-02-21,0.0026270025,simulation
1950-02-22,0.0008769451,simulation
1950-02-23,0.0034461566,simulation
1950-02-24,0.0037384368,simulation
1950-02-25,0.0033006817,simulation
1950-02-26,0.0042499164,simulation
1950-02-27,0.0037672168,simulation
1950-02-28,0.0019345197,simulation
1950-03-01,0.00409881,simulation
1950-03-02,0.0035308977,simulation
1950-03-03,0.0007945632,simulation
1950-03-04,0.000257957,simulation
1950-03-05,0.00034932088,simulation
1950-03-06,0.00025295824,simulation
1950-03-07,0.0030756635,simulation
1950-03-08,0.0059324987,simulation
1950-03-09,0.0036083017,simulation
1950-03-10,0.004505271,simulation
1950-03-11,0.003824389,simulation
1950-03-12,0.0019418082,simulation
1950-03-13,0.00085702294,simulation
1950-03-14,0.0043966225,simulation
1950-03-15,0.0006400892,simulation
1950-03-16,0.0019155985,simulation
1950-03-17,0.004273312,simulation
1950-03-18,0.005699951,simulation
1950-03-19,0.0015251688,simulation
1950-03-20,0.0039996626,simulation
1950-03-21,0.0011939347,simulation
1950-03-22,0.0070705526,simulation
1950-03-23,0.006319687,simulation
1950-03-24,0.0038730581,simulation
1950-03-25,0.0033285767,simulation
1950-03-26,0.0030185175,simulation
1950-03-27,0.003298983,simulation
1950-03-28,0.005404531,simulation
1950-03-29,0.00772392,simulation
1950-03-30,0.005798202,simulation
1950-03-31,0.0025408135,simulation
1950-04-01,0.0005830775,simulation
1950-04-02,0.0036052759,simulation
1950-04-03,0.002926433,simulation
1950-04-04,0.0012723639,simulation
1950-04-05,0.0072561856,simulation
1950-04-06,0.0062193815,simulation
1950-04-07,0.00527504,simulation
1950-04-08,0.006963102,simulation
1950-04-09,0.006264448,simulation
1950-04-10,0.0047967867,simulation
1950-04-11,0.0055963374,simulation
1950-04-12,0.0037764218,simulation
1950-04-13,0.0027706325,simulation
1950-04-14,0.0074416567,simulation
1950-04-15,0.007141171,simulation
1950-04-16,0.0059726806,simulation
1950-04-17,0.0011447262,simulation
1950-04-18,0.0031538259,simulation
1950-04-19,0.004526613,simulation
1950-04-20,0.008984979,simulation
1950-04-21,0.008120762,simulation
1950-04-22,0.0063559515,simulation
1950-04-23,0.006620409,simulation
1950-04-24,0.0037891702,simulation
1950-04-25,0.0026700324,simulation
1950-04-26,0.008013289,simulation
1950-04-27,0.0036777137,simulation
1950-04-28,0.0035920965,simulation
1950-04-29,0.0011657646,simulation
1950-04-30,0.0015029807,simulation
1950-05-01,0.00076746166,simulation
1950-05-02,0.0010216926,simulation
1950-05-03,0.002644056,simulation
1950-05-04,0.0029022587,simulation
1950-05-05,0.0047572413,simulation
1950-05-06,0.0040899427,simulation
1950-05-07,0.0038973475,simulation
1950-05-08,0.0049088234,simulation
1950-05-09,0.0042395717,simulation
1950-05-10,0.0055362573,simulation
1950-05-11,0.002919979,simulation
1950-05-12,0.0019944424,simulation
1950-05-13,0.0007765031,simulation
1950-05-14,0.004683398,simulation
1950-05-15,0.0043160035,simulation
1950-05-16,0.007959645,simulation
1950-05-17,0.008099247,simulation
1950-05-18,0.005767083,simulation
1950-05-19,0.0072877966,simulation
1950-05-20,0.004694736,simulation
1950-05-21,0.0018983203,simulation
1950-05-22,0.0053893696,simulation
1950-05-23,0.006139364,simulation
1950-05-24,0.007930815,simulation
1950-05-25,0.008027282,simulation
1950-05-26,0.0077665523,simulation
1950-05-27,0.0045085247,simulation
1950-05-28,0.0034532074,simulation
1950-05-29,0.009092584,simulation
1950-05-30,0.004092418,simulation
1950-05-31,0.008206237,simulation
1950-06-01,0.0021983157,simulation
1950-06-02,0.0011536112,simulation
1950-06-03,0.0014910479,simulation
1950-06-04,0.002721611,simulation
1950-06-05,0.0072377957,simulation
1950-06-06,0.0013883844,simulation
1950-06-07,0.002608295,simulation
1950-06-08,0.005469258,simulation
1950-06-09,0.0050125117,simulation
1950-06-10,0.003912211,simulation
1950-06-11,0.005445065,simulation
1950-06-12,0.010500751,simulation
1950-06-13,0.010822505,simulation
1950-06-14,0.009685166,simulation
1950-06-15,0.009891637,simulation
1950-06-16,0.01068306,simulation
1950-06-17,0.009984337,simulation
1950-06-18,0.009840362,simulation
1950-06-19,0.006414815,simulation
1950-06-20,0.0015169571,simulation
1950-06-21,0.0036477717,simulation
1950-06-22,0.0052526393,simulation
1950-06-23,0.0076582134,simulation
1950-06-24,0.011826277,simulation
1950-06-25,0.010566369,simulation
1950-06-26,0.0096389055,simulation
1950-06-27,0.009921119,simulation
1950-06-28,0.0116723925,simulation
1950-06-29,0.009500757,simulation
1950-06-30,0.008378759,simulation
1950-07-01,0.012432739,simulation
1950-07-02,0.0063920002,simulation
1950-07-03,0.008637488,simulation
1950-07-04,0.0073235864,simulation
1950-07-05,0.006417353,simulation
1950-07-06,0.0026607383,simulation
1950-07-07,0.0056616864,simulation
1950-07-08,0.008930542,simulation
1950-07-09,0.010864496,simulation
1950-07-10,0.006613587,simulation
1950-07-11,0.0055356473,simulation
1950-07-12,0.001414465,simulation
1950-07-13,0.0069150943,simulation
1950-07-14,0.0018039955,simulation
1950-07-15,0.0021370922,simulation
1950-07-16,0.005302964,simulation
1950-07-17,0.006005019,simulation
1950-07-18,0.0076298676,simulation
1950-07-19,0.009182621,simulation
1950-07-20,0.010810591,simulation
1950-07-21,0.008037161,simulation
1950-07-22,0.00820614,simulation
1950-07-23,0.0076760408,simulation
1950-07-24,0.00662118,simulation
1950-07-25,0.0032752664,simulation
1950-07-26,0.0014896431,simulation
1950-07-27,0.0031745143,simulation
1950-07-28,0.001459809,simulation
1950-07-29,0.0015759146,simulation
1950-07-30,0.0026596063,simulation
1950-07-31,0.0049990634,simulation
1950-08-01,0.00921075,simulation
1950-08-02,0.009714544,simulation
1950-08-03,0.0063306997,simulation
1950-08-04,0.008762084,simulation
1950-08-05,0.0038955156,simulation
1950-08-06,0.008344695,simulation
1950-08-07,0.010195509,simulation
1950-08-08,0.007475259,simulation
1950-08-09,0.0056838077,simulation
1950-08-10,0.0061258264,simulation
1950-08-11,0.006275662,simulation
1950-08-12,0.008334916,simulation
1950-08-13,0.00819115,simulation
1950-08-14,0.007383663,simulation
1950-08-15,0.00855381,simulation
1950-08-16,0.0040651294,simulation
1950-08-17,0.0068310993,simulation
1950-08-18,0.007879758,simulation
1950-08-19,0.0021772229,simulation
1950-08-20,0.003660454,simulation
1950-08-21,0.009427153,simulation
1950-08-22,0.008238554,simulation
1950-08-23,0.009326119,simulation
1950-08-24,0.008973978,simulation
1950-08-25,0.005400108,simulation
1950-08-26,0.005143643,simulation
1950-08-27,0.008545954,simulation
1950-08-28,0.0066133663,simulation
1950-08-29,0.0039946088,simulation
1950-08-30,0.0012533927,simulation
1950-08-31,0.0037971693,simulation
1950-09-01,0.004854063,simulation
1950-09-02,0.0012248822,simulation
1950-09-03,0.007547984,simulation
1950-09-04,0.006982319,simulation
1950-09-05,0.0061472636,simulation
1950-09-06,0.009107806,simulation
1950-09-07,0.0015458261,simulation
1950-09-08,0.001970055,simulation
1950-09-09,0.0021699893,simulation
1950-09-10,0.0058965543,simulation
1950-09-11,0.005379453,simulation
1950-09-12,0.008048464,simulation
1950-09-13,0.0018847365,simulation
1950-09-14,0.0015623367,simulation
1950-09-15,0.0034980867,simulation
1950-09-16,0.002614961,simulation
1950-09-17,0.0025032402,simulation
1950-09-18,0.0073024053,simulation
1950-09-19,0.004207686,simulation
1950-09-20,0.0071930196,simulation
1950-09-21,0.003179058,simulation
1950-09-22,0.0041578594,simulation
1950-09-23,0.0033852838,simulation
1950-09-24,0.0066186013,simulation
1950-09-25,0.0040144287,simulation
1950-09-26,0.0016279112,simulation
1950-09-27,0.0010298947,simulation
1950-09-28,0.0015055597,simulation
1950-09-29,0.0012089986,simulation
1950-09-30,0.001158776,simulation
1950-10-01,0.0016248466,simulation
1950-10-02,0.0051889815,simulation
1950-10-03,0.007002229,simulation
1950-10-04,0.001986959,simulation
1950-10-05,0.006976811,simulation
1950-10-06,0.006940337,simulation
1950-10-07,0.005867449,simulation
1950-10-08,0.0013900519,simulation
1950-10-09,0.006424402,simulation
1950-10-10,0.006197411,simulation
1950-10-11,0.006789583,simulation
1950-10-12,0.0076280423,simulation
1950-10-13,0.007049676,simulation
1950-10-14,0.0071819667,simulation
1950-10-15,0.00726654,simulation
1950-10-16,0.0077668726,simulation
1950-10-17,0.005147376,simulation
1950-10-18,0.0011261916,simulation
1950-10-19,0.0021431202,simulation
1950-10-20,0.001289626,simulation
1950-10-21,0.00068976864,simulation
1950-10-22,0.0025064396,simulation
1950-10-23,0.0040816357,simulation
1950-10-24,0.0047163805,simulation
1950-10-25,0.004728626,simulation
1950-10-26,0.0058781384,simulation
1950-10-27,0.006104746,simulation
1950-10-28,0.001528178,simulation
1950-10-29,0.004967124,simulation
1950-10-30,0.0046691396,simulation
1950-10-31,0.004943023,simulation
1950-11-01,0.0051571736,simulation
1950-11-02,0.0042029237,simulation
1950-11-03,0.00057782803,simulation
1950-11-04,0.00090492604,simulation
1950-11-05,0.003429115,simulation
1950-11-06,0.0045589576,simulation
1950-11-07,0.0046843546,simulation
1950-11-08,0.0043086824,simulation
1950-11-09,0.0019499571,simulation
1950-11-10,0.00124856,simulation
1950-11-11,0.0020081194,simulation
1950-11-12,0.0028654435,simulation
1950-11-13,0.0030187736,simulation
1950-11-14,0.003091863,simulation
1950-11-15,0.0023657826,simulation
1950-11-16,0.00069693755,simulation
1950-11-17,0.0024336611,simulation
1950-11-18,0.0020174037,simulation
1950-11-19,0.0023161012,simulation
1950-11-20,0.0013110522,simulation
1950-11-21,0.0031079005,simulation
1950-11-22,0.0021816853,simulation
1950-11-23,0.003074864,simulation
1950-11-24,0.0013184987,simulation
1950-11-25,0.0017643125,simulation
1950-11-26,0.0024324167,simulation
1950-11-27,0.003351351,simulation
1950-11-28,0.0022717048,simulation
1950-11-29,0.0017929189,simulation
1950-11-30,0.0018511973,simulation
1950-12-01,0.0027892978,simulation
1950-12-02,0.0011080503,simulation
1950-12-03,0.000712112,simulation
1950-12-04,0.0009220599,simulation
1950-12-05,0.0010406644,simulation
1950-12-06,0.00020256086,simulation
1950-12-07,0.001185047,simulation
1950-12-08,0.00080454524,simulation
1950-12-09,0.0016288869,simulation
1950-12-10,0.003992824,simulation
1950-12-11,0.0008366862,simulation
1950-12-12,0.0015751041,simulation
1950-12-13,0.0009107844,simulation
1950-12-14,0.000189854,simulation
1950-12-15,0.000121882535,simulation
1950-12-16,0.000553852,simulation
1950-12-17,0.0022740304,simulation
1950-12-18,0.0014919429,simulation
1950-12-19,0.0013351203,simulation
1950-12-20,0.0009768456,simulation
1950-12-21,0.0007262852,simulation
1950-12-22,0.0012639822,simulation
1950-12-23,0.0015968403,simulation
1950-12-24,0.0014287285,simulation
1950-12-25,0.0019963167,simulation
1950-12-26,0.0007459559,simulation
1950-12-27,0.0008442828,simulation
1950-12-28,3.2277603e-05,simulation
1950-12-29,4.3350854e-05,simulation
1950-12-30,0.00030472543,simulation
1950-12-31,0.001432777,simulation
1951-01-01,0.0008164782,simulation
1951-01-02,0.00094161916,simulation
1951-01-03,0.00036055027,simulation
1951-01-04,0.0016831892,simulation
1951-01-05,0.0020277693,simulation
1951-01-06,0.00085158163,simulation
1951-01-07,0.0012518873,simulation
1951-01-08,0.0014893878,simulation
1951-01-09,0.0016428959,simulation
1951-01-10,0.00084065675,simulation
1951-01-11,0.0015466207,simulation
1951-01-12,0.0010064344,simulation
1951-01-13,0.0010010831,simulation
1951-01-14,0.0007952476,simulation
1951-01-15,0.003441645,simulation
1951-01-16,0.0024035776,simulation
1951-01-17,0.0015059465,simulation
1951-01-18,0.0013221245,simulation
1951-01-19,0.0017655203,simulation
1951-01-20,0.0015890632,simulation
1951-01-21,0.0030211138,simulation
1951-01-22,0.0015237322,simulation
1951-01-23,0.0008619055,simulation
1951-01-24,0.0028818569,simulation
1951-01-25,0.0017450944,simulation
1951-01-26,0.0023766952,simulation
1951-01-27,0.0022843305,simulation
1951-01-28,0.0020028083,simulation
1951-01-29,0.000109510234,simulation
1951-01-30,3.8380385e-05,simulation
1951-01-31,1.2574019e-05,simulation
1951-02-01,0.00043292445,simulation
1951-02-02,0.0009793695,simulation
1951-02-03,0.0010867377,simulation
1951-02-04,0.0011015945,simulation
1951-02-05,0.0009899542,simulation
1951-02-06,0.00086309284,simulation
1951-02-07,0.0025292637,simulation
1951-02-08,0.0027525795,simulation
1951-02-09,0.00058495265,simulation
1951-02-10,0.00033411232,simulation
1951-02-11,0.002166104,simulation
1951-02-12,0.001785878,simulation
1951-02-13,0.0012859785,simulation
1951-02-14,0.002527869,simulation
1951-02-15,0.00077247596,simulation
1951-02-16,0.001917565,simulation
1951-02-17,0.001653905,simulation
1951-02-18,0.0017608446,simulation
1951-02-19,0.0018730108,simulation
1951-02-20,0.0011685715,simulation
1951-02-21,0.004776026,simulation
1951-02-22,0.0031550582,simulation
1951-02-23,0.0023157063,simulation
1951-02-24,0.0030411656,simulation
1951-02-25,0.003182614,simulation
1951-02-26,0.0023768977,simulation
1951-02-27,0.0023186698,simulation
1951-02-28,0.0022478083,simulation
1951-03-01,0.0014864543,simulation
1951-03-02,0.0032920982,simulation
1951-03-03,0.0028102342,simulation
1951-03-04,0.0011096703,simulation
1951-03-05,0.0010429034,simulation
1951-03-06,0.0031077494,simulation
1951-03-07,0.0028708023,simulation
1951-03-08,0.0032539412,simulation
1951-03-09,0.003682405,simulation
1951-03-10,0.003264908,simulation
1951-03-11,0.0012986226,simulation
1951-03-12,0.0007706408,simulation
1951-03-13,0.0012078575,simulation
1951-03-14,0.0037679786,simulation
1951-03-15,0.0044342205,simulation
1951-03-16,0.0045818323,simulation
1951-03-17,0.0026492209,simulation
1951-03-18,0.0006408459,simulation
1951-03-19,0.0008455192,simulation
1951-03-20,0.00081873056,simulation
1951-03-21,0.0048079668,simulation
1951-03-22,0.005571752,simulation
1951-03-23,0.003488123,simulation
1951-03-24,0.004226947,simulation
1951-03-25,0.0029980065,simulation
1951-03-26,0.002584874,simulation
1951-03-27,0.0013137549,simulation
1951-03-28,0.00054078473,simulation
1951-03-29,0.0027591416,simulation
1951-03-30,0.0055709295,simulation
1951-03-31,0.0062653013,simulation
1951-04-01,0.004081716,simulation
1951-04-02,0.0026735177,simulation
1951-04-03,0.004382149,simulation
1951-04-04,0.006275248,simulation
1951-04-05,0.0023307577,simulation
1951-04-06,0.0007940161,simulation
1951-04-07,0.0021861584,simulation
1951-04-08,0.0062865783,simulation
1951-04-09,0.0030745405,simulation
1951-04-10,0.006260819,simulation
1951-04-11,0.0013420111,simulation
1951-04-12,0.0064795353,simulation
1951-04-13,0.007555533,simulation
1951-04-14,0.008556806,simulation
1951-04-15,0.007215705,simulation
1951-04-16,0.0062964633,simulation
1951-04-17,0.0068306923,simulation
1951-04-18,0.003625036,simulation
1951-04-19,0.0053115264,simulation
1951-04-20,0.005969774,simulation
1951-04-21,0.0014001032,simulation
1951-04-22,0.003913051,simulation
1951-04-23,0.007939566,simulation
1951-04-24,0.0085662715,simulation
1951-04-25,0.0041162632,simulation
1951-04-26,0.003926488,simulation
1951-04-27,0.005398489,simulation
1951-04-28,0.0060865115,simulation
1951-04-29,0.0037032051,simulation
1951-04-30,0.0064019263,simulation
1951-05-01,0.008124147,simulation
1951-05-02,0.004576763,simulation
1951-05-03,0.0056032347,simulation
1951-05-04,0.008986514,simulation
1951-05-05,0.009361159,simulation
1951-05-06,0.002282579,simulation
1951-05-07,0.006233666,simulation
1951-05-08,0.0040748063,simulation
1951-05-09,0.0044110115,simulation
1951-05-10,0.001887478,simulation
1951-05-11,0.0051323776,simulation
1951-05-12,0.006272396,simulation
1951-05-13,0.009315431,simulation
1951-05-14,0.010816112,simulation
1951-05-15,0.010799967,simulation
1951-05-16,0.009745907,simulation
1951-05-17,0.010760143,simulation
1951-05-18,0.009827077,simulation
1951-05-19,0.010636855,simulation
1951-05-20,0.007755149,simulation
1951-05-21,0.009742133,simulation
1951-05-22,0.0067568505,simulation
1951-05-23,0.007014756,simulation
1951-05-24,0.007955914,simulation
1951-05-25,0.006119619,simulation
1951-05-26,0.008807341,simulation
1951-05-27,0.014012314,simulation
1951-05-28,0.010736957,simulation
1951-05-29,0.011136062,simulation
1951-05-30,0.010896262,simulation
1951-05-31,0.012691043,simulation
1951-06-01,0.010782149,simulation
1951-06-02,0.0058119493,simulation
1951-06-03,0.014573745,simulation
1951-06-04,0.0058065476,simulation
1951-06-05,0.0073112166,simulation
1951-06-06,0.011047017,simulation
1951-06-07,0.010136606,simulation
1951-06-08,0.010989122,simulation
1951-06-09,0.010484885,simulation
1951-06-10,0.00765026,simulation
1951-06-11,0.0091214925,simulation
1951-06-12,0.005765108,simulation
1951-06-13,0.0069910465,simulation
1951-06-14,0.004494889,simulation
1951-06-15,0.0022251084,simulation
1951-06-16,0.0024521796,simulation
1951-06-17,0.0046041743,simulation
1951-06-18,0.007932396,simulation
1951-06-19,0.0069664144,simulation
1951-06-20,0.005570026,simulation
1951-06-21,0.008586766,simulation
1951-06-22,0.0124546215,simulation
1951-06-23,0.012045801,simulation
1951-06-24,0.01185485,simulation
1951-06-25,0.010847326,simulation
1951-06-26,0.012365371,simulation
1951-06-27,0.012576513,simulation
1951-06-28,0.009228833,simulation
1951-06-29,0.0065072025,simulation
1951-06-30,0.005339969,simulation
1951-07-01,0.0060034245,simulation
1951-07-02,0.0022701556,simulation
1951-07-03,0.0074538463,simulation
1951-07-04,0.009986965,simulation
1951-07-05,0.010839187,simulation
1951-07-06,0.01262591,simulation
1951-07-07,0.011107754,simulation
1951-07-08,0.012222633,simulation
1951-07-09,0.010018926,simulation
1951-07-10,0.013316423,simulation
1951-07-11,0.0137679055,simulation
1951-07-12,0.013034999,simulation
1951-07-13,0.00659581,simulation
1951-07-14,0.010858554,simulation
1951-07-15,0.01246788,simulation
1951-07-16,0.011362266,simulation
1951-07-17,0.015182696,simulation
1951-07-18,0.01478406,simulation
1951-07-19,0.011229165,simulation
1951-07-20,0.014584079,simulation
1951-07-21,0.013975143,simulation
1951-07-22,0.008775065,simulation
1951-07-23,0.008712907,simulation
1951-07-24,0.008624759,simulation
1951-07-25,0.009087114,simulation
1951-07-26,0.01096968,simulation
1951-07-27,0.0051548607,simulation
1951-07-28,0.0025216371,simulation
1951-07-29,0.006838664,simulation
1951-07-30,0.01118915,simulation
1951-07-31,0.011127641,simulation
1951-08-01,0.012689993,simulation
1951-08-02,0.012574628,simulation
1951-08-03,0.011430111,simulation
1951-08-04,0.015802726,simulation
1951-08-05,0.016890854,simulation
1951-08-06,0.01504264,simulation
1951-08-07,0.013441019,simulation
1951-08-08,0.008067731,simulation
1951-08-09,0.01445628,simulation
1951-08-10,0.014799967,simulation
1951-08-11,0.016290992,simulation
1951-08-12,0.017845005,simulation
1951-08-13,0.017979614,simulation
1951-08-14,0.018474579,simulation
1951-08-15,0.01575898,simulation
1951-08-16,0.016929097,simulation
1951-08-17,0.015057385,simulation
1951-08-18,0.011685617,simulation
1951-08-19,0.015652038,simulation
1951-08-20,0.016756013,simulation
1951-08-21,0.01563562,simulation
1951-08-22,0.0062868944,simulation
1951-08-23,0.019235916,simulation
1951-08-24,0.019887641,simulation
1951-08-25,0.01680123,simulation
1951-08-26,0.017316364,simulation
1951-08-27,0.019280046,simulation
1951-08-28,0.018184714,simulation
1951-08-29,0.018506281,simulation
1951-08-30,0.019759,simulation
1951-08-31,0.01947397,simulation
1951-09-01,0.014908634,simulation
1951-09-02,0.018813945,simulation
1951-09-03,0.017231777,simulation
1951-09-04,0.016024694,simulation
1951-09-05,0.017344926,simulation
1951-09-06,0.014730159,simulation
1951-09-07,0.017795566,simulation
1951-09-08,0.01715666,simulation
1951-09-09,0.018651322,simulation
1951-09-10,0.0047677425,simulation
1951-09-11,0.008077125,simulation
1951-09-12,0.004485833,simulation
1951-09-13,0.0013432787,simulation
1951-09-14,0.0009416999,simulation
1951-09-15,0.010695584,simulation
1951-09-16,0.00862799,simulation
1951-09-17,0.010441878,simulation
1951-09-18,0.016248643,simulation
1951-09-19,0.015619257,simulation
1951-09-20,0.002315904,simulation
1951-09-21,0.0011068131,simulation
1951-09-22,0.0014084126,simulation
1951-09-23,0.0017407689,simulation
1951-09-24,0.00625254,simulation
1951-09-25,0.0013583442,simulation
1951-09-26,0.0013570628,simulation
1951-09-27,0.004370446,simulation
1951-09-28,0.011876506,simulation
1951-09-29,0.013379928,simulation
1951-09-30,0.00896289,simulation
1951-10-01,0.010254422,simulation
1951-10-02,0.012793867,simulation
1951-10-03,0.012245116,simulation
1951-10-04,0.011341389,simulation
1951-10-05,0.012026519,simulation
1951-10-06,0.012900521,simulation
1951-10-07,0.0039490317,simulation
1951-10-08,0.00952978,simulation
1951-10-09,0.010582228,simulation
1951-10-10,0.0112047205,simulation
1951-10-11,0.010539172,simulation
1951-10-12,0.010811956,simulation
1951-10-13,0.011420827,simulation
1951-10-14,0.0038872315,simulation
1951-10-15,0.011976055,simulation
1951-10-16,0.011230214,simulation
1951-10-17,0.01177292,simulation
1951-10-18,0.0077331765,simulation
1951-10-19,0.0073435837,simulation
1951-10-20,0.010635848,simulation
1951-10-21,0.006342452,simulation
1951-10-22,0.0013579943,simulation
1951-10-23,0.001197529,simulation
1951-10-24,0.0031648069,simulation
1951-10-25,0.0018669347,simulation
1951-10-26,0.003645928,simulation
1951-10-27,0.0015425183,simulation
1951-10-28,0.0013147702,simulation
1951-10-29,0.0011389387,simulation
1951-10-30,0.002867391,simulation
1951-10-31,0.0017981417,simulation
1951-11-01,0.0006306892,simulation
1951-11-02,0.0007619297,simulation
1951-11-03,0.0030226188,simulation
1951-11-04,0.00401551,simulation
1951-11-05,0.0064882454,simulation
1951-11-06,0.0011547016,simulation
1951-11-07,0.0043579675,simulation
1951-11-08,0.0028630106,simulation
1951-11-09,0.0030639286,simulation
1951-11-10,0.00215302,simulation
1951-11-11,0.0048728143,simulation
1951-11-12,0.0010766975,simulation
1951-11-13,0.0018445604,simulation
1951-11-14,0.005995551,simulation
1951-11-15,0.0022175286,simulation
1951-11-16,0.0011247414,simulation
1951-11-17,0.0019110196,simulation
1951-11-18,0.00208537,simulation
1951-11-19,0.00212418,simulation
1951-11-20,0.0027029307,simulation
1951-11-21,0.0029103258,simulation
1951-11-22,0.0019954648,simulation
1951-11-23,0.0010446978,simulation
1951-11-24,0.00091321726,simulation
1951-11-25,0.0016227613,simulation
1951-11-26,0.0010222199,simulation
1951-11-27,0.0009173118,simulation
1951-11-28,0.00076330866,simulation
1951-11-29,0.0019766297,simulation
1951-11-30,0.000890941,simulation
1951-12-01,0.002377505,simulation
1951-12-02,0.0009310669,simulation
1951-12-03,0.00061453524,simulation
1951-12-04,0.0021768513,simulation
1951-12-05,0.0047581536,simulation
1951-12-06,0.0017104952,simulation
1951-12-07,0.0011310402,simulation
1951-12-08,0.0015292267,simulation
1951-12-09,0.0006680658,simulation
1951-12-10,0.00077764073,simulation
1951-12-11,0.001986959,simulation
1951-12-12,0.0025610065,simulation
1951-12-13,0.0010716196,simulation
1951-12-14,0.00086763623,simulation
1951-12-15,0.0023815602,simulation
1951-12-16,0.0015206011,simulation
1951-12-17,0.0016222055,simulation
1951-12-18,0.0020818114,simulation
1951-12-19,0.001515398,simulation
1951-12-20,0.00056507316,simulation
1951-12-21,0.0014124041,simulation
1951-12-22,0.0016732755,simulation
1951-12-23,0.0019266004,simulation
1951-12-24,0.0013648857,simulation
1951-12-25,0.0010291866,simulation
1951-12-26,0.0012058882,simulation
1951-12-27,0.0021917608,simulation
1951-12-28,0.0018204263,simulation
1951-12-29,0.00092938635,simulation
1951-12-30,0.0012030953,simulation
1951-12-31,0.0022188534,simulation
1952-01-01,0.0018304179,simulation
1952-01-02,0.0009829979,simulation
1952-01-03,0.00061895524,simulation
1952-01-04,0.0004920703,simulation
1952-01-05,0.00058740925,simulation
1952-01-06,0.00096101215,simulation
1952-01-07,0.0011053877,simulation
1952-01-08,0.0007075257,simulation
1952-01-09,0.00087272876,simulation
1952-01-10,0.0024858231,simulation
1952-01-11,0.0010284791,simulation
1952-01-12,0.0009559833,simulation
1952-01-13,0.0010814272,simulation
1952-01-14,0.0009767619,simulation
1952-01-15,0.00078497437,simulation
1952-01-16,0.0009170754,simulation
1952-01-17,0.0010446978,simulation
1952-01-18,0.0012602981,simulation
1952-01-19,0.0011055772,simulation
1952-01-20,0.0014117991,simulation
1952-01-21,0.0013234863,simulation
1952-01-22,0.0016982404,simulation
1952-01-23,0.00244613,simulation
1952-01-24,0.0011896357,simulation
1952-01-25,0.00095057144,simulation
1952-01-26,0.0013397106,simulation
1952-01-27,0.001084033,simulation
1952-01-28,0.0024154843,simulation
1952-01-29,0.0021509994,simulation
1952-01-30,0.0018781417,simulation
1952-01-31,0.0016816045,simulation
1952-02-01,0.0010124235,simulation
1952-02-02,0.0005177268,simulation
1952-02-03,0.0029614228,simulation
1952-02-04,0.00092778914,simulation
1952-02-05,0.0028306036,simulation
1952-02-06,0.0031769022,simulation
1952-02-07,0.0035110423,simulation
1952-02-08,0.0042001284,simulation
1952-02-09,0.0017216576,simulation
1952-02-10,0.0015863434,simulation
1952-02-11,0.0022464662,simulation
1952-02-12,0.0016036939,simulation
1952-02-13,0.001565955,simulation
1952-02-14,0.0035531977,simulation
1952-02-15,0.0022579911,simulation
1952-02-16,0.00077817665,simulation
1952-02-17,0.0012909548,simulation
1952-02-18,0.0024609675,simulation
1952-02-19,0.0011040582,simulation
1952-02-20,0.0032854532,simulation
1952-02-21,0.00400985,simulation
1952-02-22,0.0008323044,simulation
1952-02-23,0.00037737514,simulation
1952-02-24,0.0006575147,simulation
1952-02-25,0.00084362924,simulation
1952-02-26,0.0005490255,simulation
1952-02-27,0.003871625,simulation
1952-02-28,0.0010960236,simulation
1952-02-29,0.0044519557,simulation
1952-03-01,0.0013429333,simulation
1952-03-02,0.0010843123,simulation
1952-03-03,0.0008554752,simulation
1952-03-04,0.004149173,simulation
1952-03-05,0.0015065923,simulation
1952-03-06,0.0050251926,simulation
1952-03-07,0.005304739,simulation
1952-03-08,0.0051176,simulation
1952-03-09,0.0014314259,simulation
1952-03-10,0.00090593897,simulation
1952-03-11,0.0022722865,simulation
1952-03-12,0.0011701785,simulation
1952-03-13,0.0037545504,simulation
1952-03-14,0.0013190648,simulation
1952-03-15,0.0055497484,simulation
1952-03-16,0.0023894887,simulation
1952-03-17,0.001580511,simulation
1952-03-18,0.002017231,simulation
1952-03-19,0.005103847,simulation
1952-03-20,0.0044006724,simulation
1952-03-21,0.0019906966,simulation
1952-03-22,0.0012878564,simulation
1952-03-23,0.0012276195,simulation
1952-03-24,0.0054396875,simulation
1952-03-25,0.0029931976,simulation
1952-03-26,0.0054991227,simulation
1952-03-27,0.006422624,simulation
1952-03-28,0.0037650887,simulation
1952-03-29,0.00504369,simulation
1952-03-30,0.0032468217,simulation
1952-03-31,0.000782275,simulation
1952-04-01,0.0055556926,simulation
1952-04-02,0.00816961,simulation
1952-04-03,0.0065359585,simulation
1952-04-04,0.005636776,simulation
1952-04-05,0.0068576206,simulation
1952-04-06,0.007030761,simulation
1952-04-07,0.006910274,simulation
1952-04-08,0.00787784,simulation
1952-04-09,0.0044126366,simulation
1952-04-10,0.0012810212,simulation
1952-04-11,0.004011969,simulation
1952-04-12,0.0014749042,simulation
1952-04-13,0.0056072054,simulation
1952-04-14,0.0074314214,simulation
1952-04-15,0.007730309,simulation
1952-04-16,0.008341886,simulation
1952-04-17,0.0027408837,simulation
1952-04-18,0.0015350028,simulation
1952-04-19,0.0027408837,simulation
1952-04-20,0.0012708359,simulation
1952-04-21,0.0046689827,simulation
1952-04-22,0.0014059991,simulation
1952-04-23,0.0008611637,simulation
1952-04-24,0.0061212704,simulation
1952-04-25,0.004782208,simulation
1952-04-26,0.0070268493,simulation
1952-04-27,0.009050034,simulation
1952-04-28,0.009013001,simulation
1952-04-29,0.0097652,simulation
1952-04-30,0.010137267,simulation
1952-05-01,0.007330416,simulation
1952-05-02,0.0042720414,simulation
1952-05-03,0.009690806,simulation
1952-05-04,0.010575749,simulation
1952-05-05,0.010103423,simulation
1952-05-06,0.008836381,simulation
1952-05-07,0.009564593,simulation
1952-05-08,0.009088568,simulation
1952-05-09,0.006999447,simulation
1952-05-10,0.0044303522,simulation
1952-05-11,0.011367105,simulation
1952-05-12,0.010281481,simulation
1952-05-13,0.010580111,simulation
1952-05-14,0.010641485,simulation
1952-05-15,0.0086615905,simulation
1952-05-16,0.006184962,simulation
1952-05-17,0.007771562,simulation
1952-05-18,0.0056005074,simulation
1952-05-19,0.00084522815,simulation
1952-05-20,0.0016101631,simulation
1952-05-21,0.008169442,simulation
1952-05-22,0.0051786546,simulation
1952-05-23,0.0065860013,simulation
1952-05-24,0.008347914,simulation
1952-05-25,0.0013016353,simulation
1952-05-26,0.0071372055,simulation
1952-05-27,0.0066222344,simulation
1952-05-28,0.0013582273,simulation
1952-05-29,0.0034487613,simulation
1952-05-30,0.0043951175,simulation
1952-05-31,0.00839607,simulation
1952-06-01,0.010167763,simulation
1952-06-02,0.010554664,simulation
1952-06-03,0.0043349657,simulation
1952-06-04,0.010006428,simulation
1952-06-05,0.005608013,simulation
1952-06-06,0.006539804,simulation
1952-06-07,0.0061450666,simulation
1952-06-08,0.0053280327,simulation
1952-06-09,0.006201541,simulation
1952-06-10,0.008061755,simulation
1952-06-11,0.009404495,simulation
1952-06-12,0.011403054,simulation
1952-06-13,0.010377318,simulation
1952-06-14,0.011073299,simulation
1952-06-15,0.011499107,simulation
1952-06-16,0.010430582,simulation
1952-06-17,0.008681279,simulation
1952-06-18,0.0058438587,simulation
1952-06-19,0.0064288536,simulation
1952-06-20,0.007764235,simulation
1952-06-21,0.009458922,simulation
1952-06-22,0.0068717096,simulation
1952-06-23,0.010395892,simulation
1952-06-24,0.010953397,simulation
1952-06-25,0.009858221,simulation
1952-06-26,0.009585254,simulation
1952-06-27,0.010905657,simulation
1952-06-28,0.0037865308,simulation
1952-06-29,0.006320843,simulation
1952-06-30,0.006794411,simulation
1952-07-01,0.01142849,simulation
1952-07-02,0.010900684,simulation
1952-07-03,0.00949087,simulation
1952-07-04,0.00753655,simulation
1952-07-05,0.011299379,simulation
1952-07-06,0.012198113,simulation
1952-07-07,0.010571539,simulation
1952-07-08,0.008096812,simulation
1952-07-09,0.0027481166,simulation
1952-07-10,0.007139055,simulation
1952-07-11,0.0073385686,simulation
1952-07-12,0.00767613,simulation
1952-07-13,0.007874691,simulation
1952-07-14,0.007151781,simulation
1952-07-15,0.0010435309,simulation
1952-07-16,0.0010631791,simulation
1952-07-17,0.0068130875,simulation
1952-07-18,0.009058792,simulation
1952-07-19,0.008281497,simulation
1952-07-20,0.009139406,simulation
1952-07-21,0.009484969,simulation
1952-07-22,0.004010774,simulation
1952-07-23,0.011898838,simulation
1952-07-24,0.013110086,simulation
1952-07-25,0.012253545,simulation
1952-07-26,0.0044986675,simulation
1952-07-27,0.010329589,simulation
1952-07-28,0.0127248615,simulation
1952-07-29,0.0094872415,simulation
1952-07-30,0.007827816,simulation
1952-07-31,0.00885677,simulation
1952-08-01,0.0042147967,simulation
1952-08-02,0.008018217,simulation
1952-08-03,0.00768352,simulation
1952-08-04,0.010409392,simulation
1952-08-05,0.01145618,simulation
1952-08-06,0.009028673,simulation
1952-08-07,0.009487215,simulation
1952-08-08,0.009499483,simulation
1952-08-09,0.0040003057,simulation
1952-08-10,0.0077032484,simulation
1952-08-11,0.007507123,simulation
1952-08-12,0.0051230458,simulation
1952-08-13,0.0062158713,simulation
1952-08-14,0.009823851,simulation
1952-08-15,0.009304771,simulation
1952-08-16,0.010269027,simulation
1952-08-17,0.01277031,simulation
1952-08-18,0.009642797,simulation
1952-08-19,0.007664118,simulation
1952-08-20,0.008427495,simulation
1952-08-21,0.0058743306,simulation
1952-08-22,0.009719025,simulation
1952-08-23,0.0063163918,simulation
1952-08-24,0.0055015786,simulation
1952-08-25,0.0046293684,simulation
1952-08-26,0.007824995,simulation
1952-08-27,0.013150059,simulation
1952-08-28,0.012393199,simulation
1952-08-29,0.011459954,simulation
1952-08-30,0.010776967,simulation
1952-08-31,0.0058638053,simulation
1952-09-01,0.0042812955,simulation
1952-09-02,0.0056725605,simulation
1952-09-03,0.010072362,simulation
1952-09-04,0.012106933,simulation
1952-09-05,0.0101237465,simulation
1952-09-06,0.009922212,simulation
1952-09-07,0.005494213,simulation
1952-09-08,0.0093044415,simulation
1952-09-09,0.0060807914,simulation
1952-09-10,0.011201382,simulation
1952-09-11,0.012377065,simulation
1952-09-12,0.0033915932,simulation
1952-09-13,0.0013727531,simulation
1952-09-14,0.00095057144,simulation
1952-09-15,0.006203194,simulation
1952-09-16,0.011389006,simulation
1952-09-17,0.0084147435,simulation
1952-09-18,0.0008207772,simulation
1952-09-19,0.0009840976,simulation
1952-09-20,0.0014022661,simulation
1952-09-21,0.0018631079,simulation
1952-09-22,0.012106303,simulation
1952-09-23,0.011249706,simulation
1952-09-24,0.0031928304,simulation
1952-09-25,0.009122218,simulation
1952-09-26,0.011723414,simulation
1952-09-27,0.011180852,simulation
1952-09-28,0.011081379,simulation
1952-09-29,0.011167688,simulation
1952-09-30,0.010585558,simulation
1952-10-01,0.010426425,simulation
1952-10-02,0.011826621,simulation
1952-10-03,0.012539685,simulation
1952-10-04,0.010836072,simulation
1952-10-05,0.008640143,simulation
1952-10-06,0.005906918,simulation
1952-10-07,0.007391178,simulation
1952-10-08,0.010546806,simulation
1952-10-09,0.0018337086,simulation
1952-10-10,0.009502809,simulation
1952-10-11,0.00917933,simulation
1952-10-12,0.009310228,simulation
1952-10-13,0.009064433,simulation
1952-10-14,0.0052033765,simulation
1952-10-15,0.006999236,simulation
1952-10-16,0.009701784,simulation
1952-10-17,0.01040004,simulation
1952-10-18,0.011416051,simulation
1952-10-19,0.011869294,simulation
1952-10-20,0.012663955,simulation
1952-10-21,0.009580767,simulation
1952-10-22,0.0043601664,simulation
1952-10-23,0.00913726,simulation
1952-10-24,0.010092931,simulation
1952-10-25,0.009663335,simulation
1952-10-26,0.009564899,simulation
1952-10-27,0.009102438,simulation
1952-10-28,0.011001551,simulation
1952-10-29,0.008282236,simulation
1952-10-30,0.0014709898,simulation
1952-10-31,0.0023519117,simulation
1952-11-01,0.0030372723,simulation
1952-11-02,0.0042368504,simulation
1952-11-03,0.0027919065,simulation
1952-11-04,0.006045622,simulation
1952-11-05,0.0020441138,simulation
1952-11-06,0.003321123,simulation
1952-11-07,0.009073364,simulation
1952-11-08,0.004394399,simulation
1952-11-09,0.0011154062,simulation
1952-11-10,0.0005799419,simulation
1952-11-11,0.0025057988,simulation
1952-11-12,0.004021268,simulation
1952-11-13,0.0031677599,simulation
1952-11-14,0.0029818537,simulation
1952-11-15,0.005696735,simulation
1952-11-16,0.0017115199,simulation
1952-11-17,0.001234172,simulation
1952-11-18,0.000877398,simulation
1952-11-19,0.005494213,simulation
1952-11-20,0.004116927,simulation
1952-11-21,0.003669416,simulation
1952-11-22,0.002726475,simulation
1952-11-23,0.003218095,simulation
1952-11-24,0.001614444,simulation
1952-11-25,0.0008497515,simulation
1952-11-26,0.0017069854,simulation
1952-11-27,0.0013367254,simulation
1952-11-28,0.0019030322,simulation
1952-11-29,0.0008520215,simulation
1952-11-30,0.00069000636,simulation
1952-12-01,0.0009946474,simulation
1952-12-02,0.00066290447,simulation
1952-12-03,0.00061841455,simulation
1952-12-04,0.0008704035,simulation
1952-12-05,0.0032012302,simulation
1952-12-06,0.0024599195,simulation
1952-12-07,0.0010187984,simulation
1952-12-08,0.0009710661,simulation
1952-12-09,0.0011485683,simulation
1952-12-10,0.0054708975,simulation
1952-12-11,0.002769926,simulation
1952-12-12,0.002132537,simulation
1952-12-13,0.0019131447,simulation
1952-12-14,0.0016622815,simulation
1952-12-15,0.0017436018,simulation
1952-12-16,0.0018680528,simulation
1952-12-17,0.0010187984,simulation
1952-12-18,0.0014515722,simulation
1952-12-19,0.001112439,simulation
1952-12-20,0.002613849,simulation
1952-12-21,0.0010324656,simulation
1952-12-22,0.0011795633,simulation
1952-12-23,0.0010947996,simulation
1952-12-24,0.000569029,simulation
1952-12-25,0.00082737504,simulation
1952-12-26,0.0008868109,simulation
1952-12-27,0.0007949051,simulation
1952-12-28,0.0015513991,simulation
1952-12-29,0.00068816607,simulation
1952-12-30,0.0006096071,simulation
1952-12-31,0.0013051028,simulation
1953-01-01,0.0013331741,simulation
1953-01-02,0.003382705,simulation
1953-01-03,0.0028891482,simulation
1953-01-04,0.0022843305,simulation
1953-01-05,0.0028891482,simulation
1953-01-06,0.002486034,simulation
1953-01-07,0.0010297181,simulation
1953-01-08,0.00090835866,simulation
1953-01-09,0.00097625796,simulation
1953-01-10,0.00084522815,simulation
1953-01-11,0.0027992711,simulation
1953-01-12,0.002566025,simulation
1953-01-13,0.0014593087,simulation
1953-01-14,0.0016447258,simulation
1953-01-15,0.0013582273,simulation
1953-01-16,0.001688963,simulation
1953-01-17,0.00038418817,simulation
1953-01-18,0.0025592635,simulation
1953-01-19,0.0020225795,simulation
1953-01-20,0.0019489566,simulation
1953-01-21,0.0030855762,simulation
1953-01-22,0.0008520215,simulation
1953-01-23,0.0012708359,simulation
1953-01-24,0.0032514695,simulation
1953-01-25,0.003492374,simulation
1953-01-26,0.0035203386,simulation
1953-01-27,0.0012017528,simulation
1953-01-28,0.0012308914,simulation
1953-01-29,0.0038997761,simulation
1953-01-30,0.003541035,simulation
1953-01-31,0.0013948292,simulation
1953-02-01,0.00082958606,simulation
1953-02-02,0.00097625796,simulation
1953-02-03,0.0010977201,simulation
1953-02-04,0.0022424469,simulation
1953-02-05,0.0013225783,simulation
1953-02-06,0.0007059053,simulation
1953-02-07,0.0030613309,simulation
1953-02-08,0.0040955083,simulation
1953-02-09,0.0015513991,simulation
1953-02-10,0.002224729,simulation
1953-02-11,0.00271214,simulation
1953-02-12,0.0019131447,simulation
1953-02-13,0.0030936995,simulation
1953-02-14,0.00074756396,simulation
1953-02-15,0.0038460174,simulation
1953-02-16,0.0019080818,simulation
1953-02-17,0.0023208444,simulation
1953-02-18,0.0029120564,simulation
1953-02-19,0.0008407293,simulation
1953-02-20,0.0015350028,simulation
1953-02-21,0.0010745712,simulation
1953-02-22,0.0012912876,simulation
1953-02-23,0.0008429758,simulation
1953-02-24,0.00025175855,simulation
1953-02-25,0.00021262997,simulation
1953-02-26,0.0017436018,simulation
1953-02-27,0.004094548,simulation
1953-02-28,0.0022903765,simulation
1953-03-01,0.0010831946,simulation
1953-03-02,0.0019438012,simulation
1953-03-03,0.002093397,simulation
1953-03-04,0.0020549658,simulation
1953-03-05,0.004059817,simulation
1953-03-06,0.0022603043,simulation
1953-03-07,0.0019284118,simulation
1953-03-08,0.0055051735,simulation
1953-03-09,0.0029898614,simulation
1953-03-10,0.0008542979,simulation
1953-03-11,0.00092055334,simulation
1953-03-12,0.0010324656,simulation
1953-03-13,0.0018730108,simulation
1953-03-14,0.0011006484,simulation
1953-03-15,0.0030955004,simulation
1953-03-16,0.003603162,simulation
1953-03-17,0.0034616976,simulation
1953-03-18,0.0010297181,simulation
1953-03-19,0.002702342,simulation
1953-03-20,0.0008611637,simulation
1953-03-21,0.0024794799,simulation
1953-03-22,0.0037323623,simulation
1953-03-23,0.0038240387,simulation
1953-03-24,0.0059137903,simulation
1953-03-25,0.0070613734,simulation
1953-03-26,0.005158767,simulation
1953-03-27,0.00192331,simulation
1953-03-28,0.0060031135,simulation
1953-03-29,0.0067210086,simulation
1953-03-30,0.0037261127,simulation
1953-03-31,0.0014907921,simulation
1953-04-01,0.0034085456,simulation
1953-04-02,0.00090352574,simulation
1953-04-03,0.006623855,simulation
1953-04-04,0.0067244433,simulation
1953-04-05,0.0033635185,simulation
1953-04-06,0.0009011184,simulation
1953-04-07,0.0038296916,simulation
1953-04-08,0.0033754017,simulation
1953-04-09,0.001234172,simulation
1953-04-10,0.0068847835,simulation
1953-04-11,0.004552484,simulation
1953-04-12,0.0027408837,simulation
1953-04-13,0.0071922485,simulation
1953-04-14,0.0055197794,simulation
1953-04-15,0.0049056946,simulation
1953-04-16,0.008499566,simulation
1953-04-17,0.005419979,simulation
1953-04-18,0.003777183,simulation
1953-04-19,0.0077114105,simulation
1953-04-20,0.0072796773,simulation
1953-04-21,0.007863354,simulation
1953-04-22,0.0071882997,simulation
1953-04-23,0.005254273,simulation
1953-04-24,0.002121281,simulation
1953-04-25,0.0055668224,simulation
1953-04-26,0.00865373,simulation
1953-04-27,0.006794719,simulation
1953-04-28,0.0045588473,simulation
1953-04-29,0.0014400436,simulation
1953-04-30,0.0071184263,simulation
1953-05-01,0.001843457,simulation
1953-05-02,0.0024599195,simulation
1953-05-03,0.0033195356,simulation
1953-05-04,0.0010187984,simulation
1953-05-05,0.0010603499,simulation
1953-05-06,0.004765171,simulation
1953-05-07,0.0077832974,simulation
1953-05-08,0.007603582,simulation
1953-05-09,0.0050885286,simulation
1953-05-10,0.007228084,simulation
1953-05-11,0.0074162595,simulation
1953-05-12,0.0067608654,simulation
1953-05-13,0.0010860844,simulation
1953-05-14,0.0015107294,simulation
1953-05-15,0.00100531,simulation
1953-05-16,0.0034555588,simulation
1953-05-17,0.004149817,simulation
1953-05-18,0.0012146179,simulation
1953-05-19,0.0036339306,simulation
1953-05-20,0.006364081,simulation
1953-05-21,0.0062126275,simulation
1953-05-22,0.0065329447,simulation
1953-05-23,0.0068773143,simulation
1953-05-24,0.0068445,simulation
1953-05-25,0.008105408,simulation
1953-05-26,0.009331435,simulation
1953-05-27,0.010021694,simulation
1953-05-28,0.011174537,simulation
1953-05-29,0.009523898,simulation
1953-05-30,0.008583166,simulation
1953-05-31,0.0053078816,simulation
1953-06-01,0.00936944,simulation
1953-06-02,0.012184344,simulation
1953-06-03,0.010925882,simulation
1953-06-04,0.0070166914,simulation
1953-06-05,0.0048167184,simulation
1953-06-06,0.00735661,simulation
1953-06-07,0.0079444535,simulation
1953-06-08,0.006159633,simulation
1953-06-09,0.009078667,simulation
1953-06-10,0.009720944,simulation
1953-06-11,0.006158263,simulation
1953-06-12,0.005659487,simulation
1953-06-13,0.0102932565,simulation
1953-06-14,0.010750927,simulation
1953-06-15,0.008956552,simulation
1953-06-16,0.008152554,simulation
1953-06-17,0.011347182,simulation
1953-06-18,0.011670046,simulation
1953-06-19,0.011981487,simulation
1953-06-20,0.010372136,simulation
1953-06-21,0.011855163,simulation
1953-06-22,0.005506596,simulation
1953-06-23,0.01006287,simulation
1953-06-24,0.0075746235,simulation
1953-06-25,0.0055764895,simulation
1953-06-26,0.0060294885,simulation
1953-06-27,0.002383185,simulation
1953-06-28,0.0010106837,simulation
1953-06-29,0.008270454,simulation
1953-06-30,0.009690136,simulation
1953-07-01,0.007685789,simulation
1953-07-02,0.009732865,simulation
1953-07-03,0.010011636,simulation
1953-07-04,0.010608476,simulation
1953-07-05,0.009975795,simulation
1953-07-06,0.011447389,simulation
1953-07-07,0.011265602,simulation
1953-07-08,0.008776031,simulation
1953-07-09,0.011096448,simulation
1953-07-10,0.008177638,simulation
1953-07-11,0.006607292,simulation
1953-07-12,0.0072800983,simulation
1953-07-13,0.0011547016,simulation
1953-07-14,0.001133375,simulation
1953-07-15,0.004972463,simulation
1953-07-16,0.0009556544,simulation
1953-07-17,0.0020768405,simulation
1953-07-18,0.0068447283,simulation
1953-07-19,0.0037667626,simulation
1953-07-20,0.001051907,simulation
1953-07-21,0.0017762781,simulation
1953-07-22,0.004127494,simulation
1953-07-23,0.0015721386,simulation
1953-07-24,0.0050099157,simulation
1953-07-25,0.0058427043,simulation
1953-07-26,0.008378565,simulation
1953-07-27,0.010957412,simulation
1953-07-28,0.007950418,simulation
1953-07-29,0.009001516,simulation
1953-07-30,0.0040137656,simulation
1953-07-31,0.004018123,simulation
1953-08-01,0.005595598,simulation
1953-08-02,0.0059514996,simulation
1953-08-03,0.006654146,simulation
1953-08-04,0.007849883,simulation
1953-08-05,0.008996461,simulation
1953-08-06,0.009195708,simulation
1953-08-07,0.009738505,simulation
1953-08-08,0.010160085,simulation
1953-08-09,0.00853355,simulation
1953-08-10,0.010741785,simulation
1953-08-11,0.010310635,simulation
1953-08-12,0.0087617915,simulation
1953-08-13,0.009582639,simulation
1953-08-14,0.009609651,simulation
1953-08-15,0.007840695,simulation
1953-08-16,0.008476697,simulation
1953-08-17,0.00568501,simulation
1953-08-18,0.0061057797,simulation
1953-08-19,0.0056545157,simulation
1953-08-20,0.0075882487,simulation
1953-08-21,0.0010631791,simulation
1953-08-22,0.0010324656,simulation
1953-08-23,0.0018730108,simulation
1953-08-24,0.0022603043,simulation
1953-08-25,0.0009304264,simulation
1953-08-26,0.0012113889,simulation
1953-08-27,0.002017231,simulation
1953-08-28,0.0025323925,simulation
1953-08-29,0.004234698,simulation
1953-08-30,0.0035271242,simulation
1953-08-31,0.008280441,simulation
1953-09-01,0.0072245672,simulation
1953-09-02,0.0046226364,simulation
1953-09-03,0.005131963,simulation
1953-09-04,0.0012374613,simulation
1953-09-05,0.005963781,simulation
1953-09-06,0.009786069,simulation
1953-09-07,0.009510078,simulation
1953-09-08,0.009302538,simulation
1953-09-09,0.0090448,simulation
1953-09-10,0.00905228,simulation
1953-09-11,0.006553784,simulation
1953-09-12,0.0053115366,simulation
1953-09-13,0.002726475,simulation
1953-09-14,0.0035880373,simulation
1953-09-15,0.008176936,simulation
1953-09-16,0.008019801,simulation
1953-09-17,0.0072929747,simulation
1953-09-18,0.0068431217,simulation
1953-09-19,0.007863924,simulation
1953-09-20,0.008451492,simulation
1953-09-21,0.009841781,simulation
1953-09-22,0.010861196,simulation
1953-09-23,0.008756999,simulation
1953-09-24,0.0020549658,simulation
1953-09-25,0.0034183948,simulation
1953-09-26,0.0072891787,simulation
1953-09-27,0.008887202,simulation
1953-09-28,0.009194065,simulation
1953-09-29,0.009435199,simulation
1953-09-30,0.008408204,simulation
1953-10-01,0.0032012302,simulation
1953-10-02,0.0050233197,simulation
1953-10-03,0.0066248868,simulation
1953-10-04,0.007780769,simulation
1953-10-05,0.0068837674,simulation
1953-10-06,0.0069638095,simulation
1953-10-07,0.007245333,simulation
1953-10-08,0.007858956,simulation
1953-10-09,0.0085297115,simulation
1953-10-10,0.008209534,simulation
1953-10-11,0.008404586,simulation
1953-10-12,0.0026978792,simulation
1953-10-13,0.008089567,simulation
1953-10-14,0.007946925,simulation
1953-10-15,0.0076968153,simulation
1953-10-16,0.0080148,simulation
1953-10-17,0.008385827,simulation
1953-10-18,0.008158874,simulation
1953-10-19,0.0057047103,simulation
1953-10-20,0.007843008,simulation
1953-10-21,0.0069428543,simulation
1953-10-22,0.0051899045,simulation
1953-10-23,0.002098945,simulation
1953-10-24,0.0015721386,simulation
1953-10-25,0.0069149234,simulation
1953-10-26,0.00090835866,simulation
1953-10-27,0.0020333184,simulation
1953-10-28,0.0071946587,simulation
1953-10-29,0.0076184794,simulation
1953-10-30,0.0017715733,simulation
1953-10-31,0.0010242433,simulation
1953-11-01,0.0011363977,simulation
1953-11-02,0.004021268,simulation
1953-11-03,0.0018047678,simulation
1953-11-04,0.0006593718,simulation
1953-11-05,0.0057979203,simulation
1953-11-06,0.0067222314,simulation
1953-11-07,0.0013016353,simulation
1953-11-08,0.000782275,simulation
1953-11-09,0.0064474344,simulation
1953-11-10,0.006006273,simulation
1953-11-11,0.004605334,simulation
1953-11-12,0.0048386236,simulation
1953-11-13,0.004569509,simulation
1953-11-14,0.0045104004,simulation
1953-11-15,0.0012374613,simulation
1953-11-16,0.0009455153,simulation
1953-11-17,0.0018979949,simulation
1953-11-18,0.0012211014,simulation
1953-11-19,0.0006664559,simulation
1953-11-20,0.0024340744,simulation
1953-11-21,0.0010242433,simulation
1953-11-22,0.003826373,simulation
1953-11-23,0.002566025,simulation
1953-11-24,0.0027919065,simulation
1953-11-25,0.0051142313,simulation
1953-11-26,0.004751374,simulation
1953-11-27,0.0029120564,simulation
1953-11-28,0.0016316797,simulation
1953-11-29,0.0008542979,simulation
1953-11-30,0.00077810953,simulation
1953-12-01,0.0032864267,simulation
1953-12-02,0.0009379007,simulation
1953-12-03,0.0007719029,simulation
1953-12-04,0.0010491075,simulation
1953-12-05,0.00087506033,simulation
1953-12-06,0.0035930076,simulation
1953-12-07,0.0014709898,simulation
1953-12-08,0.00075963646,simulation
1953-12-09,0.0010324656,simulation
1953-12-10,0.0013837473,simulation
1953-12-11,0.0005711069,simulation
1953-12-12,0.00044267563,simulation
1953-12-13,0.00038414987,simulation
1953-12-14,0.0034832836,simulation
1953-12-15,0.002160935,simulation
1953-12-16,0.002486034,simulation
1953-12-17,0.0016844859,simulation
1953-12-18,0.0011639632,simulation
1953-12-19,0.0008497515,simulation
1953-12-20,0.0008120614,simulation
1953-12-21,0.0013016353,simulation
1953-12-22,0.0018095595,simulation
1953-12-23,0.0018095595,simulation
1953-12-24,0.0023086097,simulation
1953-12-25,0.002466424,simulation
1953-12-26,0.0017622005,simulation
1953-12-27,0.0009455153,simulation
1953-12-28,0.00035114778,simulation
1953-12-29,0.00020642765,simulation
1953-12-30,0.0007444787,simulation
1953-12-31,0.0022306184,simulation
1954-01-01,0.002049533,simulation
1954-01-02,0.0011921929,simulation
1954-01-03,0.0019284118,simulation
1954-01-04,0.0007949051,simulation
1954-01-05,0.0024340744,simulation
1954-01-06,0.0015472838,simulation
1954-01-07,0.0024599195,simulation
1954-01-08,0.002017231,simulation
1954-01-09,0.0010435309,simulation
1954-01-10,0.0004270271,simulation
1954-01-11,0.0021100838,simulation
1954-01-12,0.0008963242,simulation
1954-01-13,0.0009254768,simulation
1954-01-14,0.0012674585,simulation
1954-01-15,0.0006148877,simulation
1954-01-16,0.0012473813,simulation
1954-01-17,0.00081423204,simulation
1954-01-18,0.0008680844,simulation
1954-01-19,0.001244066,simulation
1954-01-20,0.0012742219,simulation
1954-01-21,0.0009659012,simulation
1954-01-22,0.00076483586,simulation
1954-01-23,0.0002660255,simulation
1954-01-24,0.0008891797,simulation
1954-01-25,0.0009304264,simulation
1954-01-26,0.00082516985,simulation
1954-01-27,0.00091810175,simulation
1954-01-28,0.0026978792,simulation
1954-01-29,0.0016979504,simulation
1954-01-30,0.00085886905,simulation
1954-01-31,0.0015721386,simulation
1954-02-01,0.0033626708,simulation
1954-02-02,0.0029359232,simulation
1954-02-03,0.004539511,simulation
1954-02-04,0.004021528,simulation
1954-02-05,0.0039017382,simulation
1954-02-06,0.0042027426,simulation
1954-02-07,0.003299026,simulation
1954-02-08,0.0032695243,simulation
1954-02-09,0.004502067,simulation
1954-02-10,0.001964508,simulation
1954-02-11,0.003237295,simulation
1954-02-12,0.0044761915,simulation
1954-02-13,0.0030213362,simulation
1954-02-14,0.0019438012,simulation
1954-02-15,0.0023025163,simulation
1954-02-16,0.0033821224,simulation
1954-02-17,0.00450668,simulation
1954-02-18,0.003029294,simulation
1954-02-19,0.0014362208,simulation
1954-02-20,0.0041195676,simulation
1954-02-21,0.0047590807,simulation
1954-02-22,0.0048302915,simulation
1954-02-23,0.0013727531,simulation
1954-02-24,0.00502438,simulation
1954-02-25,0.0053801546,simulation
1954-02-26,0.0025057988,simulation
1954-02-27,0.002466424,simulation
1954-02-28,0.004185131,simulation
1954-03-01,0.004756071,simulation
1954-03-02,0.0022722865,simulation
1954-03-03,0.005006379,simulation
1954-03-04,0.0042695934,simulation
1954-03-05,0.0007949051,simulation
1954-03-06,0.0024729427,simulation
1954-03-07,0.0046479483,simulation
1954-03-08,0.0010889819,simulation
1954-03-09,0.0041776407,simulation
1954-03-10,0.0056268475,simulation
1954-03-11,0.0051689893,simulation
1954-03-12,0.0026485447,simulation
1954-03-13,0.0013120648,simulation
1954-03-14,0.006084619,simulation
1954-03-15,0.005243815,simulation
1954-03-16,0.0048745233,simulation
1954-03-17,0.0021723981,simulation
1954-03-18,0.0013331741,simulation
1954-03-19,0.0037664513,simulation
1954-03-20,0.0050283303,simulation
1954-03-21,0.0053709387,simulation
1954-03-22,0.0054746424,simulation
1954-03-23,0.0018385764,simulation
1954-03-24,0.0019906966,simulation
1954-03-25,0.0009379007,simulation
1954-03-26,0.0009556544,simulation
1954-03-27,0.00083402556,simulation
1954-03-28,0.0008474866,simulation
1954-03-29,0.0013051028,simulation
1954-03-30,0.002877135,simulation
1954-03-31,0.0050687552,simulation
1954-04-01,0.0064946413,simulation
1954-04-02,0.0035439047,simulation
1954-04-03,0.004105616,simulation
1954-04-04,0.0035267477,simulation
1954-04-05,0.0060001956,simulation
1954-04-06,0.0032955972,simulation
1954-04-07,0.0061534345,simulation
1954-04-08,0.0017999882,simulation
1954-04-09,0.002178152,simulation
1954-04-10,0.0038396686,simulation
1954-04-11,0.0038865434,simulation
1954-04-12,0.005052339,simulation
1954-04-13,0.00704854,simulation
1954-04-14,0.0060807597,simulation
1954-04-15,0.0016316797,simulation
1954-04-16,0.0017715733,simulation
1954-04-17,0.007406283,simulation
1954-04-18,0.0076484233,simulation
1954-04-19,0.0056866966,simulation
1954-04-20,0.0055986783,simulation
1954-04-21,0.006473547,simulation
1954-04-22,0.0034601137,simulation
1954-04-23,0.0023519117,simulation
1954-04-24,0.0049213297,simulation
1954-04-25,0.0052762916,simulation
1954-04-26,0.0055178083,simulation
1954-04-27,0.005025137,simulation
1954-04-28,0.0042734933,simulation
1954-04-29,0.0058906386,simulation
1954-04-30,0.005942121,simulation
1954-05-01,0.0064854175,simulation
1954-05-02,0.00591915,simulation
1954-05-03,0.00092794874,simulation
1954-05-04,0.008077726,simulation
1954-05-05,0.008203629,simulation
1954-05-06,0.008661699,simulation
1954-05-07,0.005339759,simulation
1954-05-08,0.008641329,simulation
1954-05-09,0.004559128,simulation
1954-05-10,0.0040690782,simulation
1954-05-11,0.005505297,simulation
1954-05-12,0.0011213636,simulation
1954-05-13,0.0010803125,simulation
1954-05-14,0.006708011,simulation
1954-05-15,0.0069354884,simulation
1954-05-16,0.006338435,simulation
1954-05-17,0.0053365924,simulation
1954-05-18,0.006843401,simulation
1954-05-19,0.0037927134,simulation
1954-05-20,0.0095985755,simulation
1954-05-21,0.0092039965,simulation
1954-05-22,0.009121448,simulation
1954-05-23,0.004652741,simulation
1954-05-24,0.007050587,simulation
1954-05-25,0.002011896,simulation
1954-05-26,0.00095057144,simulation
1954-05-27,0.003923351,simulation
1954-05-28,0.0060606347,simulation
1954-05-29,0.006762212,simulation
1954-05-30,0.006564053,simulation
1954-05-31,0.007312201,simulation
1954-06-01,0.0084183365,simulation
1954-06-02,0.0077943727,simulation
1954-06-03,0.007422205,simulation
1954-06-04,0.01153069,simulation
1954-06-05,0.0077283066,simulation
1954-06-06,0.009268578,simulation
1954-06-07,0.007635195,simulation
1954-06-08,0.008037658,simulation
1954-06-09,0.0085762255,simulation
1954-06-10,0.010038603,simulation
1954-06-11,0.010426298,simulation
1954-06-12,0.011515349,simulation
1954-06-13,0.0101594925,simulation
1954-06-14,0.0075285193,simulation
1954-06-15,0.0060285185,simulation
1954-06-16,0.0042701424,simulation
1954-06-17,0.0074407645,simulation
1954-06-18,0.004799645,simulation
1954-06-19,0.0060933568,simulation
1954-06-20,0.008726347,simulation
1954-06-21,0.0071941614,simulation
1954-06-22,0.007703025,simulation
1954-06-23,0.006649847,simulation
1954-06-24,0.009548876,simulation
1954-06-25,0.009693898,simulation
1954-06-26,0.011261471,simulation
1954-06-27,0.00409548,simulation
1954-06-28,0.010601208,simulation
1954-06-29,0.011945546,simulation
1954-06-30,0.013937458,simulation
1954-07-01,0.004963535,simulation
1954-07-02,0.005819974,simulation
1954-07-03,0.0069641136,simulation
1954-07-04,0.00638449,simulation
1954-07-05,0.003708057,simulation
1954-07-06,0.0063614976,simulation
1954-07-07,0.0035369464,simulation
1954-07-08,0.008035516,simulation
1954-07-09,0.0062934267,simulation
1954-07-10,0.008227054,simulation
1954-07-11,0.0049243164,simulation
1954-07-12,0.011532329,simulation
1954-07-13,0.0075040516,simulation
1954-07-14,0.009101436,simulation
1954-07-15,0.008480374,simulation
1954-07-16,0.01040842,simulation
1954-07-17,0.0051525887,simulation
1954-07-18,0.0061146594,simulation
1954-07-19,0.006152018,simulation
1954-07-20,0.0058527254,simulation
1954-07-21,0.0061642556,simulation
1954-07-22,0.009767439,simulation
1954-07-23,0.010204565,simulation
1954-07-24,0.0058504366,simulation
1954-07-25,0.0069285,simulation
1954-07-26,0.008419264,simulation
1954-07-27,0.0039690617,simulation
1954-07-28,0.0026695787,simulation
1954-07-29,0.0009379007,simulation
1954-07-30,0.004330389,simulation
1954-07-31,0.009014046,simulation
1954-08-01,0.010960333,simulation
1954-08-02,0.010292899,simulation
1954-08-03,0.0094969645,simulation
1954-08-04,0.0074005323,simulation
1954-08-05,0.009801451,simulation
1954-08-06,0.009187713,simulation
1954-08-07,0.009764608,simulation
1954-08-08,0.004885423,simulation
1954-08-09,0.009815294,simulation
1954-08-10,0.005671812,simulation
1954-08-11,0.013158083,simulation
1954-08-12,0.013086624,simulation
1954-08-13,0.012352981,simulation
1954-08-14,0.010931265,simulation
1954-08-15,0.009120055,simulation
1954-08-16,0.010771893,simulation
1954-08-17,0.009174091,simulation
1954-08-18,0.007918644,simulation
1954-08-19,0.006755313,simulation
1954-08-20,0.0072378973,simulation
1954-08-21,0.009095188,simulation
1954-08-22,0.0072920513,simulation
1954-08-23,0.0030613309,simulation
1954-08-24,0.0078124497,simulation
1954-08-25,0.009151851,simulation
1954-08-26,0.008276395,simulation
1954-08-27,0.006078616,simulation
1954-08-28,0.007190483,simulation
1954-08-29,0.012282215,simulation
1954-08-30,0.014440134,simulation
1954-08-31,0.013188619,simulation
1954-09-01,0.014705032,simulation
1954-09-02,0.014020421,simulation
1954-09-03,0.013850316,simulation
1954-09-04,0.013219491,simulation
1954-09-05,0.0075578103,simulation
1954-09-06,0.0023269856,simulation
1954-09-07,0.010640341,simulation
1954-09-08,0.010795509,simulation
1954-09-09,0.01158553,simulation
1954-09-10,0.012262691,simulation
1954-09-11,0.011984829,simulation
1954-09-12,0.014622264,simulation
1954-09-13,0.014047921,simulation
1954-09-14,0.010781752,simulation
1954-09-15,0.007900146,simulation
1954-09-16,0.0009107844,simulation
1954-09-17,0.0021045073,simulation
1954-09-18,0.00957818,simulation
1954-09-19,0.01001947,simulation
1954-09-20,0.010742454,simulation
1954-09-21,0.008627545,simulation
1954-09-22,0.014286231,simulation
1954-09-23,0.014161952,simulation
1954-09-24,0.009970694,simulation
1954-09-25,0.010697695,simulation
1954-09-26,0.008567688,simulation
1954-09-27,0.010636531,simulation
1954-09-28,0.0044636475,simulation
1954-09-29,0.008688362,simulation
1954-09-30,0.009041791,simulation
1954-10-01,0.0037372976,simulation
1954-10-02,0.011734296,simulation
1954-10-03,0.008324389,simulation
1954-10-04,0.010694693,simulation
1954-10-05,0.010970331,simulation
1954-10-06,0.010901279,simulation
1954-10-07,0.0048386236,simulation
1954-10-08,0.002586415,simulation
1954-10-09,0.0053123776,simulation
1954-10-10,0.006108268,simulation
1954-10-11,0.0069813305,simulation
1954-10-12,0.0015107294,simulation
1954-10-13,0.0009919998,simulation
1954-10-14,0.007466015,simulation
1954-10-15,0.0118899215,simulation
1954-10-16,0.00920238,simulation
1954-10-17,0.008629081,simulation
1954-10-18,0.008765828,simulation
1954-10-19,0.009810198,simulation
1954-10-20,0.009417983,simulation
1954-10-21,0.0068748225,simulation
1954-10-22,0.004417365,simulation
1954-10-23,0.0040003057,simulation
1954-10-24,0.006963472,simulation
1954-10-25,0.008581414,simulation
1954-10-26,0.0026415694,simulation
1954-10-27,0.0035836042,simulation
1954-10-28,0.0007864631,simulation
1954-10-29,0.0060925474,simulation
1954-10-30,0.001580511,simulation
1954-10-31,0.0058462564,simulation
1954-11-01,0.004751374,simulation
1954-11-02,0.004545775,simulation
1954-11-03,0.003927774,simulation
1954-11-04,0.0006754174,simulation
1954-11-05,0.002333342,simulation
1954-11-06,0.0040003057,simulation
1954-11-07,0.004545775,simulation
1954-11-08,0.0041928547,simulation
1954-11-09,0.0016447258,simulation
1954-11-10,0.0019854323,simulation
1954-11-11,0.0013120648,simulation
1954-11-12,0.005395568,simulation
1954-11-13,0.00464143,simulation
1954-11-14,0.0010435309,simulation
1954-11-15,0.00061020645,simulation
1954-11-16,0.0010717119,simulation
1954-11-17,0.0026836926,simulation
1954-11-18,0.002049533,simulation
1954-11-19,0.0060925474,simulation
1954-11-20,0.0046899864,simulation
1954-11-21,0.0040317886,simulation
1954-11-22,0.003013399,simulation
1954-11-23,0.0033386047,simulation
1954-11-24,0.0060612266,simulation
1954-11-25,0.003640387,simulation
1954-11-26,0.004084797,simulation
1954-11-27,0.0013402851,simulation
1954-11-28,0.003382705,simulation
1954-11-29,0.0068742256,simulation
1954-11-30,0.002370627,simulation
1954-12-01,0.0026836926,simulation
1954-12-02,0.0009230122,simulation
1954-12-03,0.0010774381,simulation
1954-12-04,0.0014059991,simulation
1954-12-05,0.0036983592,simulation
1954-12-06,0.0052849213,simulation
1954-12-07,0.0023894887,simulation
1954-12-08,0.0017024613,simulation
1954-12-09,0.0051899045,simulation
1954-12-10,0.0030774737,simulation
1954-12-11,0.0026836926,simulation
1954-12-12,0.00068632996,simulation
1954-12-13,0.0007991601,simulation
1954-12-14,0.0018680528,simulation
1954-12-15,0.0031677599,simulation
1954-12-16,0.0025592635,simulation
1954-12-17,0.00078436645,simulation
1954-12-18,0.0032520848,simulation
1954-12-19,0.0024729427,simulation
1954-12-20,0.001447719,simulation
1954-12-21,0.0020604131,simulation
1954-12-22,0.00273367,simulation
1954-12-23,0.0014172577,simulation
1954-12-24,0.0008844483,simulation
1954-12-25,0.0026000966,simulation
1954-12-26,0.00075761095,simulation
1954-12-27,0.00072592474,simulation
1954-12-28,0.00081640773,simulation
1954-12-29,0.0020768405,simulation
1954-12-30,0.0017115199,simulation
1954-12-31,0.000677224,simulation
1955-01-01,0.00049972517,simulation
1955-01-02,0.00044938587,simulation
1955-01-03,0.00070115365,simulation
1955-01-04,0.0009582056,simulation
1955-01-05,0.0018483504,simulation
1955-01-06,0.0012607309,simulation
1955-01-07,0.0014554352,simulation
1955-01-08,0.0011154062,simulation
1955-01-09,0.0008497515,simulation
1955-01-10,0.00097625796,simulation
1955-01-11,0.001413495,simulation
1955-01-12,0.0007906727,simulation
1955-01-13,0.004021256,simulation
1955-01-14,0.001506721,simulation
1955-01-15,0.00056431716,simulation
1955-01-16,0.00015732046,simulation
1955-01-17,0.0005758876,simulation
1955-01-18,0.00083848875,simulation
1955-01-19,0.0013085795,simulation
1955-01-20,0.0015513991,simulation
1955-01-21,0.00048344146,simulation
1955-01-22,0.0012178554,simulation
1955-01-23,0.0005268854,simulation
1955-01-24,0.0022188534,simulation
1955-01-25,0.0029044,simulation
1955-01-26,0.0020225795,simulation
1955-01-27,0.00062268344,simulation
1955-01-28,0.0020012688,simulation
1955-01-29,0.0031100097,simulation
1955-01-30,0.0024212527,simulation
1955-01-31,0.0015638102,simulation
1955-02-01,0.0017436018,simulation
1955-02-02,0.0017389826,simulation
1955-02-03,0.0012049563,simulation
1955-02-04,0.0009814774,simulation
1955-02-05,0.0005229126,simulation
1955-02-06,0.00076858513,simulation
1955-02-07,0.0015973883,simulation
1955-02-08,0.0033521755,simulation
1955-02-09,0.0032906858,simulation
1955-02-10,0.002314719,simulation
1955-02-11,0.0037868463,simulation
1955-02-12,0.0033556614,simulation
1955-02-13,0.0032586383,simulation
1955-02-14,0.002769926,simulation
1955-02-15,0.003673603,simulation
1955-02-16,0.0027919065,simulation
1955-02-17,0.0020441138,simulation
1955-02-18,0.0005814378,simulation
1955-02-19,0.0009011184,simulation
1955-02-20,0.00093540235,simulation
1955-02-21,0.00034117696,simulation
1955-02-22,0.00032000057,simulation
1955-02-23,0.001824011,simulation
1955-02-24,0.0016755689,simulation
1955-02-25,0.003981895,simulation
1955-02-26,0.0015763191,simulation
1955-02-27,0.0025796006,simulation
1955-02-28,0.002049533,simulation
1955-03-01,0.0016666984,simulation
1955-03-02,0.0034448782,simulation
1955-03-03,0.0030846342,simulation
1955-03-04,0.0026276733,simulation
1955-03-05,0.004267165,simulation
1955-03-06,0.0035121746,simulation
1955-03-07,0.0031915484,simulation
1955-03-08,0.0052160276,simulation
1955-03-09,0.0027192982,simulation
1955-03-10,0.003699968,simulation
1955-03-11,0.005532038,simulation
1955-03-12,0.00605678,simulation
1955-03-13,0.0037866312,simulation
1955-03-14,0.004348242,simulation
1955-03-15,0.0054448927,simulation
1955-03-16,0.0047232285,simulation
1955-03-17,0.004921643,simulation
1955-03-18,0.0045941975,simulation
1955-03-19,0.0035476857,simulation
1955-03-20,0.004864549,simulation
1955-03-21,0.003668086,simulation
1955-03-22,0.0040667,simulation
1955-03-23,0.0045635486,simulation
1955-03-24,0.005397744,simulation
1955-03-25,0.005738858,simulation
1955-03-26,0.0028967648,simulation
1955-03-27,0.004397575,simulation
1955-03-28,0.0030774737,simulation
1955-03-29,0.0043435395,simulation
1955-03-30,0.005613926,simulation
1955-03-31,0.0057812445,simulation
1955-04-01,0.0009840976,simulation
1955-04-02,0.007400099,simulation
1955-04-03,0.007456081,simulation
1955-04-04,0.0013618442,simulation
1955-04-05,0.0066228025,simulation
1955-04-06,0.0062931944,simulation
1955-04-07,0.0019697177,simulation
1955-04-08,0.0021438517,simulation
1955-04-09,0.0007182116,simulation
1955-04-10,0.00051034015,simulation
1955-04-11,0.0051011466,simulation
1955-04-12,0.0019906966,simulation
1955-04-13,0.004608053,simulation
1955-04-14,0.007148862,simulation
1955-04-15,0.006006513,simulation
1955-04-16,0.0038667938,simulation
1955-04-17,0.0063781906,simulation
1955-04-18,0.005207733,simulation
1955-04-19,0.0028775649,simulation
1955-04-20,0.0035335082,simulation
1955-04-21,0.004626427,simulation
1955-04-22,0.0065959543,simulation
1955-04-23,0.0036299946,simulation
1955-04-24,0.007082304,simulation
1955-04-25,0.008528661,simulation
1955-04-26,0.005678257,simulation
1955-04-27,0.0047088317,simulation
1955-04-28,0.0070143696,simulation
1955-04-29,0.0061924495,simulation
1955-04-30,0.009150669,simulation
1955-05-01,0.008192141,simulation
1955-05-02,0.009556413,simulation
1955-05-03,0.0087198205,simulation
1955-05-04,0.008504104,simulation
1955-05-05,0.00869,simulation
1955-05-06,0.0075376835,simulation
1955-05-07,0.0067806197,simulation
1955-05-08,0.006626077,simulation
1955-05-09,0.006052953,simulation
1955-05-10,0.00563599,simulation
1955-05-11,0.0042640097,simulation
1955-05-12,0.0027192982,simulation
1955-05-13,0.005703568,simulation
1955-05-14,0.008138906,simulation
1955-05-15,0.0071238885,simulation
1955-05-16,0.0027772337,simulation
1955-05-17,0.002440512,simulation
1955-05-18,0.004198215,simulation
1955-05-19,0.0027845614,simulation
1955-05-20,0.0058792504,simulation
1955-05-21,0.007929344,simulation
1955-05-22,0.010052539,simulation
1955-05-23,0.003218095,simulation
1955-05-24,0.006756559,simulation
1955-05-25,0.008494273,simulation
1955-05-26,0.008020503,simulation
1955-05-27,0.0071868673,simulation
1955-05-28,0.008127594,simulation
1955-05-29,0.0056294044,simulation
1955-05-30,0.010414183,simulation
1955-05-31,0.008429904,simulation
1955-06-01,0.011014178,simulation
1955-06-02,0.009962667,simulation
1955-06-03,0.00792833,simulation
1955-06-04,0.008261014,simulation
1955-06-05,0.00637614,simulation
1955-06-06,0.0038663177,simulation
1955-06-07,0.008823909,simulation
1955-06-08,0.005712487,simulation
1955-06-09,0.0040467205,simulation
1955-06-10,0.0019749426,simulation
1955-06-11,0.009418309,simulation
1955-06-12,0.010441422,simulation
1955-06-13,0.01068867,simulation
1955-06-14,0.006839225,simulation
1955-06-15,0.006001646,simulation
1955-06-16,0.007434644,simulation
1955-06-17,0.010005262,simulation
1955-06-18,0.0117191225,simulation
1955-06-19,0.011670224,simulation
1955-06-20,0.012088202,simulation
1955-06-21,0.011363231,simulation
1955-06-22,0.010440119,simulation
1955-06-23,0.007816186,simulation
1955-06-24,0.00831845,simulation
1955-06-25,0.0071457326,simulation
1955-06-26,0.008111138,simulation
1955-06-27,0.0057875155,simulation
1955-06-28,0.0055623865,simulation
1955-06-29,0.0051539354,simulation
1955-06-30,0.0055237077,simulation
1955-07-01,0.006066036,simulation
1955-07-02,0.007937266,simulation
1955-07-03,0.0067490884,simulation
1955-07-04,0.0074531464,simulation
1955-07-05,0.009112291,simulation
1955-07-06,0.010199863,simulation
1955-07-07,0.010296322,simulation
1955-07-08,0.008530831,simulation
1955-07-09,0.0070170173,simulation
1955-07-10,0.0045551043,simulation
1955-07-11,0.006382118,simulation
1955-07-12,0.0022543352,simulation
1955-07-13,0.0013474335,simulation
1955-07-14,0.002440512,simulation
1955-07-15,0.0028066547,simulation
1955-07-16,0.003013399,simulation
1955-07-17,0.004607013,simulation
1955-07-18,0.004528095,simulation
1955-07-19,0.007198074,simulation
1955-07-20,0.0077821575,simulation
1955-07-21,0.003955902,simulation
1955-07-22,0.0030372723,simulation
1955-07-23,0.0059294906,simulation
1955-07-24,0.006868478,simulation
1955-07-25,0.008591015,simulation
1955-07-26,0.0065891184,simulation
1955-07-27,0.0013438546,simulation
1955-07-28,0.007077247,simulation
1955-07-29,0.0058050714,simulation
1955-07-30,0.0030936995,simulation
1955-07-31,0.0076492783,simulation
1955-08-01,0.0012607309,simulation
1955-08-02,0.0010918868,simulation
1955-08-03,0.0019801797,simulation
1955-08-04,0.008512728,simulation
1955-08-05,0.0051913187,simulation
1955-08-06,0.0060712425,simulation
1955-08-07,0.006211117,simulation
1955-08-08,0.005477483,simulation
1955-08-09,0.00362964,simulation
1955-08-10,0.008604459,simulation
1955-08-11,0.008957971,simulation
1955-08-12,0.005669991,simulation
1955-08-13,0.006090954,simulation
1955-08-14,0.007011,simulation
1955-08-15,0.0064200107,simulation
1955-08-16,0.009345911,simulation
1955-08-17,0.0106393695,simulation
1955-08-18,0.009868577,simulation
1955-08-19,0.0105943605,simulation
1955-08-20,0.0105329305,simulation
1955-08-21,0.010581568,simulation
1955-08-22,0.010829896,simulation
1955-08-23,0.009276599,simulation
1955-08-24,0.00499163,simulation
1955-08-25,0.009288538,simulation
1955-08-26,0.001933529,simulation
1955-08-27,0.0014400436,simulation
1955-08-28,0.004743069,simulation
1955-08-29,0.006647304,simulation
1955-08-30,0.007998552,simulation
1955-08-31,0.003649936,simulation
1955-09-01,0.001843457,simulation
1955-09-02,0.0057934565,simulation
1955-09-03,0.007417394,simulation
1955-09-04,0.0014670858,simulation
1955-09-05,0.0008055851,simulation
1955-09-06,0.0013296333,simulation
1955-09-07,0.0057845144,simulation
1955-09-08,0.008674275,simulation
1955-09-09,0.0078112073,simulation
1955-09-10,0.006109923,simulation
1955-09-11,0.008069462,simulation
1955-09-12,0.001716067,simulation
1955-09-13,0.0015513991,simulation
1955-09-14,0.0016622815,simulation
1955-09-15,0.0063221594,simulation
1955-09-16,0.005116169,simulation
1955-09-17,0.0048659057,simulation
1955-09-18,0.0070879646,simulation
1955-09-19,0.009254921,simulation
1955-09-20,0.009643458,simulation
1955-09-21,0.007926916,simulation
1955-09-22,0.0041928547,simulation
1955-09-23,0.0026485447,simulation
1955-09-24,0.005480724,simulation
1955-09-25,0.0066866186,simulation
1955-09-26,0.008795287,simulation
1955-09-27,0.007466833,simulation
1955-09-28,0.0076489244,simulation
1955-09-29,0.007016081,simulation
1955-09-30,0.0082682725,simulation
1955-10-01,0.0054340996,simulation
1955-10-02,0.008941507,simulation
1955-10-03,0.0066331984,simulation
1955-10-04,0.004247919,simulation
1955-10-05,0.0074903844,simulation
1955-10-06,0.002726475,simulation
1955-10-07,0.0009893583,simulation
1955-10-08,0.006118312,simulation
1955-10-09,0.008172827,simulation
1955-10-10,0.0071723238,simulation
1955-10-11,0.008583243,simulation
1955-10-12,0.006518086,simulation
1955-10-13,0.0053538177,simulation
1955-10-14,0.008775664,simulation
1955-10-15,0.0074312687,simulation
1955-10-16,0.006791661,simulation
1955-10-17,0.0079807695,simulation
1955-10-18,0.007633422,simulation
1955-10-19,0.007227646,simulation
1955-10-20,0.007179299,simulation
1955-10-21,0.0071111834,simulation
1955-10-22,0.0071709226,simulation
1955-10-23,0.0065795397,simulation
1955-10-24,0.006844631,simulation
1955-10-25,0.007760292,simulation
1955-10-26,0.007209959,simulation
1955-10-27,0.007346795,simulation
1955-10-28,0.005043913,simulation
1955-10-29,0.00705098,simulation
1955-10-30,0.006899751,simulation
1955-10-31,0.0067513785,simulation
1955-11-01,0.0031181953,simulation
1955-11-02,0.001964508,simulation
1955-11-03,0.007250502,simulation
1955-11-04,0.005339969,simulation
1955-11-05,0.0029351425,simulation
1955-11-06,0.0016101631,simulation
1955-11-07,0.0014210304,simulation
1955-11-08,0.0028214797,simulation
1955-11-09,0.0014709898,simulation
1955-11-10,0.0012243562,simulation
1955-11-11,0.0028289207,simulation
1955-11-12,0.001518778,simulation
1955-11-13,0.0018929726,simulation
1955-11-14,0.0014022661,simulation
1955-11-15,0.0023768977,simulation
1955-11-16,0.00135462,simulation
1955-11-17,0.0059590503,simulation
1955-11-18,0.0019182197,simulation
1955-11-19,0.0041601486,simulation
1955-11-20,0.003640387,simulation
1955-11-21,0.00092055334,simulation
1955-11-22,0.0013296333,simulation
1955-11-23,0.002121281,simulation
1955-11-24,0.00082958606,simulation
1955-11-25,0.00066113577,simulation
1955-11-26,0.0020279419,simulation
1955-11-27,0.00073372014,simulation
1955-11-28,0.001933529,simulation
1955-11-29,0.003472621,simulation
1955-11-30,0.0023581341,simulation
1955-12-01,0.0009840976,simulation
1955-12-02,0.00069185195,simulation
1955-12-03,0.0011273532,simulation
1955-12-04,0.0009254768,simulation
1955-12-05,0.0012540385,simulation
1955-12-06,0.001506721,simulation
1955-12-07,0.0016979504,simulation
1955-12-08,0.0031844513,simulation
1955-12-09,0.0033037302,simulation
1955-12-10,0.001351022,simulation
1955-12-11,0.0010435309,simulation
1955-12-12,0.0024276562,simulation
1955-12-13,0.002082345,simulation
1955-12-14,0.0011670669,simulation
1955-12-15,0.0012810212,simulation
1955-12-16,0.0018288534,simulation
1955-12-17,0.00076984486,simulation
1955-12-18,0.00070115365,simulation
1955-12-19,0.0013261006,simulation
1955-12-20,0.0008077381,simulation
1955-12-21,0.0008611637,simulation
1955-12-22,0.0011827083,simulation
1955-12-23,0.0013296333,simulation
1955-12-24,0.002132537,simulation
1955-12-25,0.001614444,simulation
1955-12-26,0.0008704035,simulation
1955-12-27,0.0012708359,simulation
1955-12-28,0.0012407592,simulation
1955-12-29,0.0009404859,simulation
1955-12-30,0.0017715733,simulation
1955-12-31,0.0024794799,simulation
1956-01-01,0.0018829656,simulation
1956-01-02,0.0013331741,simulation
1956-01-03,0.0012776171,simulation
1956-01-04,0.0031844513,simulation
1956-01-05,0.0023025163,simulation
1956-01-06,0.0019182197,simulation
1956-01-07,0.0018879626,simulation
1956-01-08,0.0031181953,simulation
1956-01-09,0.003243555,simulation
1956-01-10,0.003806401,simulation
1956-01-11,0.0032265591,simulation
1956-01-12,0.0008820915,simulation
1956-01-13,0.0026766264,simulation
1956-01-14,0.0022603043,simulation
1956-01-15,0.001447719,simulation
1956-01-16,0.0026069637,simulation
1956-01-17,0.0023768977,simulation
1956-01-18,0.00078018947,simulation
1956-01-19,0.0006002666,simulation
1956-01-20,0.0015350028,simulation
1956-01-21,0.0008963242,simulation
1956-01-22,0.00071438553,simulation
1956-01-23,0.00049820304,simulation
1956-01-24,0.00047762642,simulation
1956-01-25,0.001506721,simulation
1956-01-26,0.002586415,simulation
1956-01-27,0.00087506033,simulation
1956-01-28,0.0012640903,simulation
1956-01-29,0.0013402851,simulation
1956-01-30,0.0009788639,simulation
1956-01-31,0.00097625796,simulation
1956-02-01,0.00069829915,simulation
1956-02-02,0.001413495,simulation
1956-02-03,0.0007209912,simulation
1956-02-04,0.00015437708,simulation
1956-02-05,0.00022834822,simulation
1956-02-06,0.0027637382,simulation
1956-02-07,0.0014515722,simulation
1956-02-08,0.0006283821,simulation
1956-02-09,0.00037618948,simulation
1956-02-10,0.0003279401,simulation
1956-02-11,0.0015513991,simulation
1956-02-12,0.0019697177,simulation
1956-02-13,0.002093397,simulation
1956-02-14,0.00097625796,simulation
1956-02-15,0.0008020779,simulation
1956-02-16,0.0009659012,simulation
1956-02-17,0.0010215171,simulation
1956-02-18,0.0030292256,simulation
1956-02-19,0.001502723,simulation
1956-02-20,0.0012947277,simulation
1956-02-21,0.002138187,simulation
1956-02-22,0.0042775255,simulation
1956-02-23,0.0016844859,simulation
1956-02-24,0.002726475,simulation
1956-02-25,0.0022306184,simulation
1956-02-26,0.0039994568,simulation
1956-02-27,0.0018730108,simulation
1956-02-28,0.006319709,simulation
1956-02-29,0.004811595,simulation
1956-03-01,0.001614444,simulation
1956-03-02,0.0010160861,simulation
1956-03-03,0.0010026337,simulation
1956-03-04,0.0023269856,simulation
1956-03-05,0.0016934501,simulation
1956-03-06,0.004872307,simulation
1956-03-07,0.0027481166,simulation
1956-03-08,0.005235842,simulation
1956-03-09,0.004534135,simulation
1956-03-10,0.001173299,simulation
1956-03-11,0.0011006484,simulation
1956-03-12,0.00051278534,simulation
1956-03-13,0.0024084984,simulation
1956-03-14,0.0007756304,simulation
1956-03-15,0.0005311945,simulation
1956-03-16,0.0040999865,simulation
1956-03-17,0.0048826095,simulation
1956-03-18,0.004212425,simulation
1956-03-19,0.0059288573,simulation
1956-03-20,0.005131322,simulation
1956-03-21,0.0014788287,simulation
1956-03-22,0.0011764269,simulation
1956-03-23,0.0042994707,simulation
1956-03-24,0.005365895,simulation
1956-03-25,0.0065925606,simulation
1956-03-26,0.005557957,simulation
1956-03-27,0.0035864734,simulation
1956-03-28,0.0041802432,simulation
1956-03-29,0.0010660159,simulation
1956-03-30,0.006772196,simulation
1956-03-31,0.0068260394,simulation
1956-04-01,0.0015721386,simulation
1956-04-02,0.002769926,simulation
1956-04-03,0.002525718,simulation
1956-04-04,0.0028513605,simulation
1956-04-05,0.002138187,simulation
1956-04-06,0.006155392,simulation
1956-04-07,0.00473993,simulation
1956-04-08,0.0020012688,simulation
1956-04-09,0.0038129247,simulation
1956-04-10,0.0011795633,simulation
1956-04-11,0.0051728985,simulation
1956-04-12,0.0065465774,simulation
1956-04-13,0.0065277144,simulation
1956-04-14,0.0034280831,simulation
1956-04-15,0.003056861,simulation
1956-04-16,0.008281559,simulation
1956-04-17,0.0047648936,simulation
1956-04-18,0.003013399,simulation
1956-04-19,0.008046538,simulation
1956-04-20,0.003045271,simulation
1956-04-21,0.0016490968,simulation
1956-04-22,0.0007677923,simulation
1956-04-23,0.0032261938,simulation
1956-04-24,0.0010269769,simulation
1956-04-25,0.0021897056,simulation
1956-04-26,0.0022903765,simulation
1956-04-27,0.002613849,simulation
1956-04-28,0.0043825777,simulation
1956-04-29,0.0036290928,simulation
1956-04-30,0.0050719525,simulation
1956-05-01,0.0041387887,simulation
1956-05-02,0.0009531096,simulation
1956-05-03,0.0007719029,simulation
1956-05-04,0.0013225783,simulation
1956-05-05,0.0052711344,simulation
1956-05-06,0.0041659223,simulation
1956-05-07,0.006921392,simulation
1956-05-08,0.00910883,simulation
1956-05-09,0.0051984894,simulation
1956-05-10,0.004002133,simulation
1956-05-11,0.0054527675,simulation
1956-05-12,0.0061139194,simulation
1956-05-13,0.007042274,simulation
1956-05-14,0.0074537992,simulation
1956-05-15,0.0064210948,simulation
1956-05-16,0.007536873,simulation
1956-05-17,0.010317706,simulation
1956-05-18,0.010798,simulation
1956-05-19,0.010097865,simulation
1956-05-20,0.0111429095,simulation
1956-05-21,0.010704152,simulation
1956-05-22,0.011175491,simulation
1956-05-23,0.008825004,simulation
1956-05-24,0.005731577,simulation
1956-05-25,0.0049846657,simulation
1956-05-26,0.006429769,simulation
1956-05-27,0.0022722865,simulation
1956-05-28,0.0047262954,simulation
1956-05-29,0.0015513991,simulation
1956-05-30,0.0021045073,simulation
1956-05-31,0.0035369464,simulation
1956-06-01,0.0036790392,simulation
1956-06-02,0.011898756,simulation
1956-06-03,0.0031844513,simulation
1956-06-04,0.0029120564,simulation
1956-06-05,0.004575518,simulation
1956-06-06,0.012145288,simulation
1956-06-07,0.011916049,simulation
1956-06-08,0.011785857,simulation
1956-06-09,0.010013647,simulation
1956-06-10,0.0031511537,simulation
1956-06-11,0.005891262,simulation
1956-06-12,0.0009230122,simulation
1956-06-13,0.0010860844,simulation
1956-06-14,0.0027553663,simulation
1956-06-15,0.0019959759,simulation
1956-06-16,0.0035000476,simulation
1956-06-17,0.0013948292,simulation
1956-06-18,0.0028066547,simulation
1956-06-19,0.003961743,simulation
1956-06-20,0.008341331,simulation
1956-06-21,0.008429557,simulation
1956-06-22,0.008168187,simulation
1956-06-23,0.00738696,simulation
1956-06-24,0.008709248,simulation
1956-06-25,0.0094672255,simulation
1956-06-26,0.008937079,simulation
1956-06-27,0.01006411,simulation
1956-06-28,0.0053702793,simulation
1956-06-29,0.0058914884,simulation
1956-06-30,0.0062355804,simulation
1956-07-01,0.007256303,simulation
1956-07-02,0.008084964,simulation
1956-07-03,0.010154676,simulation
1956-07-04,0.011568643,simulation
1956-07-05,0.00861104,simulation
1956-07-06,0.009020202,simulation
1956-07-07,0.008764865,simulation
1956-07-08,0.0058676004,simulation
1956-07-09,0.001688963,simulation
1956-07-10,0.0041819243,simulation
1956-07-11,0.007269618,simulation
1956-07-12,0.009317484,simulation
1956-07-13,0.0094300285,simulation
1956-07-14,0.009610385,simulation
1956-07-15,0.010220788,simulation
1956-07-16,0.011372443,simulation
1956-07-17,0.00802074,simulation
1956-07-18,0.010857925,simulation
1956-07-19,0.0087560285,simulation
1956-07-20,0.008420771,simulation
1956-07-21,0.0048010424,simulation
1956-07-22,0.003243555,simulation
1956-07-23,0.005432247,simulation
1956-07-24,0.009558544,simulation
1956-07-25,0.0048924494,simulation
1956-07-26,0.0034183948,simulation
1956-07-27,0.0026625493,simulation
1956-07-28,0.009891652,simulation
1956-07-29,0.008237294,simulation
1956-07-30,0.0069507156,simulation
1956-07-31,0.0056335367,simulation
1956-08-01,0.0047733434,simulation
1956-08-02,0.0061669997,simulation
1956-08-03,0.008843709,simulation
1956-08-04,0.004617335,simulation
1956-08-05,0.0059484416,simulation
1956-08-06,0.011046682,simulation
1956-08-07,0.011131953,simulation
1956-08-08,0.011229556,simulation
1956-08-09,0.01202824,simulation
1956-08-10,0.011547077,simulation
1956-08-11,0.009871643,simulation
1956-08-12,0.010377321,simulation
1956-08-13,0.0071952324,simulation
1956-08-14,0.0030936995,simulation
1956-08-15,0.00781419,simulation
1956-08-16,0.010973584,simulation
1956-08-17,0.0115350485,simulation
1956-08-18,0.009241529,simulation
1956-08-19,0.008032414,simulation
1956-08-20,0.005555248,simulation
1956-08-21,0.0033473803,simulation
1956-08-22,0.011619933,simulation
1956-08-23,0.00867074,simulation
1956-08-24,0.003836397,simulation
1956-08-25,0.0012540385,simulation
1956-08-26,0.0014400436,simulation
1956-08-27,0.0012049563,simulation
1956-08-28,0.0018680528,simulation
1956-08-29,0.0069773435,simulation
1956-08-30,0.0043261936,simulation
1956-08-31,0.0056191287,simulation
1956-09-01,0.0062548653,simulation
1956-09-02,0.008864794,simulation
1956-09-03,0.008193935,simulation
1956-09-04,0.007170301,simulation
1956-09-05,0.0076247826,simulation
1956-09-06,0.007063706,simulation
1956-09-07,0.004813539,simulation
1956-09-08,0.009698197,simulation
1956-09-09,0.008353647,simulation
1956-09-10,0.010017313,simulation
1956-09-11,0.01104204,simulation
1956-09-12,0.00911534,simulation
1956-09-13,0.009259818,simulation
1956-09-14,0.010324266,simulation
1956-09-15,0.01026026,simulation
1956-09-16,0.007477378,simulation
1956-09-17,0.007727423,simulation
1956-09-18,0.011659063,simulation
1956-09-19,0.007612236,simulation
1956-09-20,0.008766261,simulation
1956-09-21,0.011358764,simulation
1956-09-22,0.005230423,simulation
1956-09-23,0.0011577806,simulation
1956-09-24,0.0045104004,simulation
1956-09-25,0.012238108,simulation
1956-09-26,0.012370195,simulation
1956-09-27,0.010018319,simulation
1956-09-28,0.0093066925,simulation
1956-09-29,0.0042258105,simulation
1956-09-30,0.00071438553,simulation
1956-10-01,0.002017231,simulation
1956-10-02,0.0011154062,simulation
1956-10-03,0.0043261936,simulation
1956-10-04,0.006246659,simulation
1956-10-05,0.0052986317,simulation
1956-10-06,0.008822219,simulation
1956-10-07,0.009975113,simulation
1956-10-08,0.009492565,simulation
1956-10-09,0.008806491,simulation
1956-10-10,0.006321933,simulation
1956-10-11,0.007802378,simulation
1956-10-12,0.0063009798,simulation
1956-10-13,0.008016549,simulation
1956-10-14,0.007836424,simulation
1956-10-15,0.008337273,simulation
1956-10-16,0.003917517,simulation
1956-10-17,0.0031844513,simulation
1956-10-18,0.008621135,simulation
1956-10-19,0.00071248016,simulation
1956-10-20,0.0049918164,simulation
1956-10-21,0.0061398214,simulation
1956-10-22,0.0019906966,simulation
1956-10-23,0.0077093644,simulation
1956-10-24,0.008264796,simulation
1956-10-25,0.00464143,simulation
1956-10-26,0.0019386574,simulation
1956-10-27,0.0013261006,simulation
1956-10-28,0.006690237,simulation
1956-10-29,0.004788579,simulation
1956-10-30,0.0022843305,simulation
1956-10-31,0.007019817,simulation
1956-11-01,0.0066125207,simulation
1956-11-02,0.003938056,simulation
1956-11-03,0.002098945,simulation
1956-11-04,0.0032864267,simulation
1956-11-05,0.0016490968,simulation
1956-11-06,0.0010603499,simulation
1956-11-07,0.0009254768,simulation
1956-11-08,0.006065556,simulation
1956-11-09,0.0049146423,simulation
1956-11-10,0.0041819243,simulation
1956-11-11,0.003927774,simulation
1956-11-12,0.003509237,simulation
1956-11-13,0.0031428824,simulation
1956-11-14,0.0027553663,simulation
1956-11-15,0.0013764078,simulation
1956-11-16,0.0010688602,simulation
1956-11-17,0.0014400436,simulation
1956-11-18,0.004851215,simulation
1956-11-19,0.0021723981,simulation
1956-11-20,0.002769926,simulation
1956-11-21,0.0023581341,simulation
1956-11-22,0.006285842,simulation
1956-11-23,0.0037667626,simulation
1956-11-24,0.0042590178,simulation
1956-11-25,0.0054376335,simulation
1956-11-26,0.0028438605,simulation
1956-11-27,0.0025124212,simulation
1956-11-28,0.002166659,simulation
1956-11-29,0.0011006484,simulation
1956-11-30,0.002566025,simulation
1956-12-01,0.0028664172,simulation
1956-12-02,0.003013399,simulation
1956-12-03,0.0020549658,simulation
1956-12-04,0.0011183812,simulation
1956-12-05,0.0011006484,simulation
1956-12-06,0.001843457,simulation
1956-12-07,0.0029897091,simulation
1956-12-08,0.0009710661,simulation
1956-12-09,0.0010324656,simulation
1956-12-10,0.0015309306,simulation
1956-12-11,0.0009254768,simulation
1956-12-12,0.0010947996,simulation
1956-12-13,0.0005196886,simulation
1956-12-14,0.00031793476,simulation
1956-12-15,0.0012844343,simulation
1956-12-16,0.0026276733,simulation
1956-12-17,0.0016273538,simulation
1956-12-18,0.0008429758,simulation
1956-12-19,0.00051399844,simulation
1956-12-20,0.0006402745,simulation
1956-12-21,0.00056297594,simulation
1956-12-22,0.0007719029,simulation
1956-12-23,0.0005765249,simulation
1956-12-24,0.0021723981,simulation
1956-12-25,0.0022543352,simulation
1956-12-26,0.0022662866,simulation
1956-12-27,0.0036790392,simulation
1956-12-28,0.004875006,simulation
1956-12-29,0.0040003057,simulation
1956-12-30,0.0035184498,simulation
1956-12-31,0.0029274265,simulation
1957-01-01,0.0015638102,simulation
1957-01-02,0.0020012688,simulation
1957-01-03,0.0013582273,simulation
1957-01-04,0.0010379837,simulation
1957-01-05,0.0012211014,simulation
1957-01-06,0.00026358134,simulation
1957-01-07,0.0010918868,simulation
1957-01-08,0.0010324656,simulation
1957-01-09,0.0020065764,simulation
1957-01-10,0.0024599195,simulation
1957-01-11,0.0020713503,simulation
1957-01-12,0.00090835866,simulation
1957-01-13,0.0009999645,simulation
1957-01-14,0.00082297064,simulation
1957-01-15,0.000716296,simulation
1957-01-16,0.0005454758,simulation
1957-01-17,0.0012708359,simulation
1957-01-18,0.0019749426,simulation
1957-01-19,0.0024926052,simulation
1957-01-20,0.0007760354,simulation
1957-01-21,0.00090352574,simulation
1957-01-22,0.0009329115,simulation
1957-01-23,0.00093540235,simulation
1957-01-24,0.00076370355,simulation
1957-01-25,0.0002870876,simulation
1957-01-26,0.00066741847,simulation
1957-01-27,0.0015847137,simulation
1957-01-28,0.0012507054,simulation
1957-01-29,0.0012146179,simulation
1957-01-30,0.0015596622,simulation
1957-01-31,0.0026978792,simulation
1957-02-01,0.0019749426,simulation
1957-02-02,0.00044905,simulation
1957-02-03,0.0022843305,simulation
1957-02-04,0.0026907767,simulation
1957-02-05,0.0011303604,simulation
1957-02-06,0.0010575281,simulation
1957-02-07,0.0028214797,simulation
1957-02-08,0.0028967648,simulation
1957-02-09,0.0023269856,simulation
1957-02-10,0.002613849,simulation
1957-02-11,0.0026555378,simulation
1957-02-12,0.0009867247,simulation
1957-02-13,0.004564666,simulation
1957-02-14,0.0039978586,simulation
1957-02-15,0.0023086097,simulation
1957-02-16,0.0010575281,simulation
1957-02-17,0.0018879626,simulation
1957-02-18,0.0010660159,simulation
1957-02-19,0.0007864631,simulation
1957-02-20,0.0014631919,simulation
1957-02-21,0.0040914463,simulation
1957-02-22,0.0031346325,simulation
1957-02-23,0.000716296,simulation
1957-02-24,0.0009867247,simulation
1957-02-25,0.0012878564,simulation
1957-02-26,0.0032950672,simulation
1957-02-27,0.00089871796,simulation
1957-02-28,0.0033915932,simulation
1957-03-01,0.004971998,simulation
1957-03-02,0.004368247,simulation
1957-03-03,0.0007991601,simulation
1957-03-04,0.0017668807,simulation
1957-03-05,0.00082737504,simulation
1957-03-06,0.004311278,simulation
1957-03-07,0.00095057144,simulation
1957-03-08,0.0044424594,simulation
1957-03-09,0.005462459,simulation
1957-03-10,0.0028289207,simulation
1957-03-11,0.0014286056,simulation
1957-03-12,0.00063624274,simulation
1957-03-13,0.0009919998,simulation
1957-03-14,0.003029294,simulation
1957-03-15,0.007319091,simulation
1957-03-16,0.0044480115,simulation
1957-03-17,0.0012507054,simulation
1957-03-18,0.0013948292,simulation
1957-03-19,0.0022722865,simulation
1957-03-20,0.00192331,simulation
1957-03-21,0.0016016355,simulation
1957-03-22,0.0044841343,simulation
1957-03-23,0.0011921929,simulation
1957-03-24,0.002082345,simulation
1957-03-25,0.0055391025,simulation
1957-03-26,0.005016722,simulation
1957-03-27,0.005433782,simulation
1957-03-28,0.00096848054,simulation
1957-03-29,0.0057464056,simulation
1957-03-30,0.0029044,simulation
1957-03-31,0.0031428824,simulation
1957-04-01,0.0070233718,simulation
1957-04-02,0.0034312895,simulation
1957-04-03,0.003140004,simulation
1957-04-04,0.0011065281,simulation
1957-04-05,0.00643182,simulation
1957-04-06,0.003059723,simulation
1957-04-07,0.0013800727,simulation
1957-04-08,0.0021269016,simulation
1957-04-09,0.006049743,simulation
1957-04-10,0.001814364,simulation
1957-04-11,0.0037901658,simulation
1957-04-12,0.005380959,simulation
1957-04-13,0.003970854,simulation
1957-04-14,0.0041627376,simulation
1957-04-15,0.0075968504,simulation
1957-04-16,0.0010324656,simulation
1957-04-17,0.0034542251,simulation
1957-04-18,0.0054647634,simulation
1957-04-19,0.0054404796,simulation
1957-04-20,0.0025932468,simulation
1957-04-21,0.003935468,simulation
1957-04-22,0.0024926052,simulation
1957-04-23,0.004910457,simulation
1957-04-24,0.003820702,simulation
1957-04-25,0.0045191133,simulation
1957-04-26,0.0042418176,simulation
1957-04-27,0.0049012913,simulation
1957-04-28,0.0036396352,simulation
1957-04-29,0.004376839,simulation
1957-04-30,0.0016058937,simulation
1957-05-01,0.0015107294,simulation
1957-05-02,0.004069582,simulation
1957-05-03,0.0037728231,simulation
1957-05-04,0.0047005443,simulation
1957-05-05,0.0065955967,simulation
1957-05-06,0.0060089026,simulation
1957-05-07,0.004733643,simulation
1957-05-08,0.005447995,simulation
1957-05-09,0.0016490968,simulation
1957-05-10,0.0020713503,simulation
1957-05-11,0.005558228,simulation
1957-05-12,0.0051339315,simulation
1957-05-13,0.005496507,simulation
1957-05-14,0.005725435,simulation
1957-05-15,0.00504843,simulation
1957-05-16,0.006348851,simulation
1957-05-17,0.008244757,simulation
1957-05-18,0.0071087833,simulation
1957-05-19,0.0061451076,simulation
1957-05-20,0.0072568115,simulation
1957-05-21,0.008324534,simulation
1957-05-22,0.00756108,simulation
1957-05-23,0.005066746,simulation
1957-05-24,0.005213172,simulation
1957-05-25,0.0063421,simulation
1957-05-26,0.0036734259,simulation
1957-05-27,0.006756708,simulation
1957-05-28,0.0037760516,simulation
1957-05-29,0.009323485,simulation
1957-05-30,0.008310389,simulation
1957-05-31,0.0068959277,simulation
1957-06-01,0.0018095595,simulation
1957-06-02,0.002486034,simulation
1957-06-03,0.0014286056,simulation
1957-06-04,0.0041020815,simulation
1957-06-05,0.0035726016,simulation
1957-06-06,0.0024148675,simulation
1957-06-07,0.002858879,simulation
1957-06-08,0.0055758264,simulation
1957-06-09,0.006678082,simulation
1957-06-10,0.008024879,simulation
1957-06-11,0.008353908,simulation
1957-06-12,0.008990921,simulation
1957-06-13,0.008422472,simulation
1957-06-14,0.009116594,simulation
1957-06-15,0.006937204,simulation
1957-06-16,0.009567838,simulation
1957-06-17,0.006697962,simulation
1957-06-18,0.005950341,simulation
1957-06-19,0.009294957,simulation
1957-06-20,0.00811867,simulation
1957-06-21,0.004486544,simulation
1957-06-22,0.006044864,simulation
1957-06-23,0.006213393,simulation
1957-06-24,0.004204744,simulation
1957-06-25,0.0024926052,simulation
1957-06-26,0.0028739746,simulation
1957-06-27,0.0032350458,simulation
1957-06-28,0.00600929,simulation
1957-06-29,0.0067292675,simulation
1957-06-30,0.0058075245,simulation
1957-07-01,0.0076400153,simulation
1957-07-02,0.0077155605,simulation
1957-07-03,0.0040435484,simulation
1957-07-04,0.0049908543,simulation
1957-07-05,0.009067547,simulation
1957-07-06,0.01157026,simulation
1957-07-07,0.011671871,simulation
1957-07-08,0.009080198,simulation
1957-07-09,0.0088555515,simulation
1957-07-10,0.008964218,simulation
1957-07-11,0.00840174,simulation
1957-07-12,0.012335964,simulation
1957-07-13,0.010930158,simulation
1957-07-14,0.008483559,simulation
1957-07-15,0.008813404,simulation
1957-07-16,0.0067332806,simulation
1957-07-17,0.00726432,simulation
1957-07-18,0.0053374954,simulation
1957-07-19,0.005591203,simulation
1957-07-20,0.002769926,simulation
1957-07-21,0.0019182197,simulation
1957-07-22,0.0038965794,simulation
1957-07-23,0.0050624963,simulation
1957-07-24,0.0053672623,simulation
1957-07-25,0.0063612964,simulation
1957-07-26,0.008167341,simulation
1957-07-27,0.008366674,simulation
1957-07-28,0.0082100555,simulation
1957-07-29,0.009954222,simulation
1957-07-30,0.0050004437,simulation
1957-07-31,0.00195931,simulation
1957-08-01,0.0020878639,simulation
1957-08-02,0.0015889273,simulation
1957-08-03,0.003942503,simulation
1957-08-04,0.006668376,simulation
1957-08-05,0.005891429,simulation
1957-08-06,0.010854125,simulation
1957-08-07,0.007607721,simulation
1957-08-08,0.0065003075,simulation
1957-08-09,0.0015390858,simulation
1957-08-10,0.005651646,simulation
1957-08-11,0.005768675,simulation
1957-08-12,0.005416378,simulation
1957-08-13,0.0039178273,simulation
1957-08-14,0.0065937303,simulation
1957-08-15,0.0075086243,simulation
1957-08-16,0.008068431,simulation
1957-08-17,0.0075365007,simulation
1957-08-18,0.0046047405,simulation
1957-08-19,0.008193815,simulation
1957-08-20,0.0112593025,simulation
1957-08-21,0.011234522,simulation
1957-08-22,0.010878667,simulation
1957-08-23,0.011603132,simulation
1957-08-24,0.0113020465,simulation
1957-08-25,0.009135313,simulation
1957-08-26,0.010243386,simulation
1957-08-27,0.010875162,simulation
1957-08-28,0.009792965,simulation
1957-08-29,0.0055836104,simulation
1957-08-30,0.0025124212,simulation
1957-08-31,0.0028513605,simulation
1957-09-01,0.0043601664,simulation
1957-09-02,0.0066868113,simulation
1957-09-03,0.003989864,simulation
1957-09-04,0.0017115199,simulation
1957-09-05,0.0051531717,simulation
1957-09-06,0.008555405,simulation
1957-09-07,0.007134028,simulation
1957-09-08,0.0060375235,simulation
1957-09-09,0.0048764898,simulation
1957-09-10,0.00843701,simulation
1957-09-11,0.0012540385,simulation
1957-09-12,0.0025525193,simulation
1957-09-13,0.0017389826,simulation
1957-09-14,0.0017115199,simulation
1957-09-15,0.00081640773,simulation
1957-09-16,0.0016273538,simulation
1957-09-17,0.0008680844,simulation
1957-09-18,0.0012878564,simulation
1957-09-19,0.0037024745,simulation
1957-09-20,0.0023269856,simulation
1957-09-21,0.0047532488,simulation
1957-09-22,0.003592424,simulation
1957-09-23,0.0009840976,simulation
1957-09-24,0.004039393,simulation
1957-09-25,0.0013051028,simulation
1957-09-26,0.00075963646,simulation
1957-09-27,0.0009582056,simulation
1957-09-28,0.0009304264,simulation
1957-09-29,0.001051907,simulation
1957-09-30,0.0007926705,simulation
1957-10-01,0.0014788287,simulation
1957-10-02,0.001933529,simulation
1957-10-03,0.004454089,simulation
1957-10-04,0.0054924963,simulation
1957-10-05,0.005062049,simulation
1957-10-06,0.005284693,simulation
1957-10-07,0.005514511,simulation
1957-10-08,0.005988432,simulation
1957-10-09,0.0060352013,simulation
1957-10-10,0.0052177333,simulation
1957-10-11,0.0065030716,simulation
1957-10-12,0.006136706,simulation
1957-10-13,0.0019131447,simulation
1957-10-14,0.0010603499,simulation
1957-10-15,0.0008565805,simulation
1957-10-16,0.0011273532,simulation
1957-10-17,0.004807059,simulation
1957-10-18,0.006350413,simulation
1957-10-19,0.005833773,simulation
1957-10-20,0.0029428771,simulation
1957-10-21,0.0015638102,simulation
1957-10-22,0.0010026337,simulation
1957-10-23,0.0010269769,simulation
1957-10-24,0.003956589,simulation
1957-10-25,0.0011516305,simulation
1957-10-26,0.0014987356,simulation
1957-10-27,0.004189177,simulation
1957-10-28,0.0032876618,simulation
1957-10-29,0.003704303,simulation
1957-10-30,0.00083848875,simulation
1957-10-31,0.0030855762,simulation
1957-11-01,0.0017762781,simulation
1957-11-02,0.002466424,simulation
1957-11-03,0.0027192982,simulation
1957-11-04,0.0037541431,simulation
1957-11-05,0.0013618442,simulation
1957-11-06,0.0010889819,simulation
1957-11-07,0.0010215171,simulation
1957-11-08,0.0010187984,simulation
1957-11-09,0.0042129164,simulation
1957-11-10,0.0019182197,simulation
1957-11-11,0.0026766264,simulation
1957-11-12,0.0008362542,simulation
1957-11-13,0.0005806809,simulation
1957-11-14,0.0032589568,simulation
1957-11-15,0.001234172,simulation
1957-11-16,0.0016058937,simulation
1957-11-17,0.0012776171,simulation
1957-11-18,0.00083402556,simulation
1957-11-19,0.003173069,simulation
1957-11-20,0.0033174101,simulation
1957-11-21,0.0019131447,simulation
1957-11-22,0.00078436645,simulation
1957-11-23,0.00030539048,simulation
1957-11-24,0.00021524233,simulation
1957-11-25,0.00087506033,simulation
1957-11-26,0.0023086097,simulation
1957-11-27,0.0009230122,simulation
1957-11-28,0.00082958606,simulation
1957-11-29,0.0009304264,simulation
1957-11-30,0.00400867,simulation
1957-12-01,0.0023643726,simulation
1957-12-02,0.0022783002,simulation
1957-12-03,0.00056340866,simulation
1957-12-04,0.00294516,simulation
1957-12-05,0.0021897056,simulation
1957-12-06,0.0017297801,simulation
1957-12-07,0.00030884493,simulation
1957-12-08,0.0016016355,simulation
1957-12-09,0.0014907921,simulation
1957-12-10,0.0027192982,simulation
1957-12-11,0.0032606525,simulation
1957-12-12,0.001716067,simulation
1957-12-13,0.001824011,simulation
1957-12-14,0.0008797418,simulation
1957-12-15,0.0011577806,simulation
1957-12-16,0.00089393643,simulation
1957-12-17,0.001580511,simulation
1957-12-18,0.00083848875,simulation
1957-12-19,0.0006854388,simulation
1957-12-20,0.0037056168,simulation
1957-12-21,0.002486034,simulation
1957-12-22,0.0010977201,simulation
1957-12-23,0.001964508,simulation
1957-12-24,0.0010803125,simulation
1957-12-25,0.0007677923,simulation
1957-12-26,0.003016765,simulation
1957-12-27,0.00089871796,simulation
1957-12-28,0.0013654708,simulation
1957-12-29,0.002160935,simulation
1957-12-30,0.0012878564,simulation
1957-12-31,0.0012674585,simulation
1958-01-01,0.0015638102,simulation
1958-01-02,0.0015973883,simulation
1958-01-03,0.001964508,simulation
1958-01-04,0.0011670669,simulation
1958-01-05,0.0013837473,simulation
1958-01-06,0.00040429048,simulation
1958-01-07,0.0019080818,simulation
1958-01-08,0.001843457,simulation
1958-01-09,0.0009156558,simulation
1958-01-10,0.001112439,simulation
1958-01-11,0.0012081683,simulation
1958-01-12,0.00047062515,simulation
1958-01-13,0.0009788639,simulation
1958-01-14,0.0012640903,simulation
1958-01-15,0.0010631791,simulation
1958-01-16,0.0023581341,simulation
1958-01-17,0.0015147484,simulation
1958-01-18,0.00135462,simulation
1958-01-19,0.0008497515,simulation
1958-01-20,0.00060513534,simulation
1958-01-21,0.0013800727,simulation
1958-01-22,0.0009840976,simulation
1958-01-23,0.00072246685,simulation
1958-01-24,0.0012912876,simulation
1958-01-25,0.0011701785,simulation
1958-01-26,0.003638727,simulation
1958-01-27,0.0020333184,simulation
1958-01-28,0.0014631919,simulation
1958-01-29,0.0009429973,simulation
1958-01-30,0.0023643726,simulation
1958-01-31,0.0021495314,simulation
1958-02-01,0.004443207,simulation
1958-02-02,0.004053104,simulation
1958-02-03,0.003541795,simulation
1958-02-04,0.0032996933,simulation
1958-02-05,0.00091321726,simulation
1958-02-06,0.0012473813,simulation
1958-02-07,0.0027677938,simulation
1958-02-08,0.003370407,simulation
1958-02-09,0.001506721,simulation
1958-02-10,0.0007906727,simulation
1958-02-11,0.0014438762,simulation
1958-02-12,0.0006216172,simulation
1958-02-13,0.0022662866,simulation
1958-02-14,0.00058227923,simulation
1958-02-15,0.0010660159,simulation
1958-02-16,0.0030026012,simulation
1958-02-17,0.001124355,simulation
1958-02-18,0.0026978792,simulation
1958-02-19,0.0013296333,simulation
1958-02-20,0.003773634,simulation
1958-02-21,0.0020387091,simulation
1958-02-22,0.00076370355,simulation
1958-02-23,0.0005325159,simulation
1958-02-24,0.0010269769,simulation
1958-02-25,0.00052114174,simulation
1958-02-26,0.0011154062,simulation
1958-02-27,0.006103916,simulation
1958-02-28,0.005966993,simulation
1958-03-01,0.004090838,simulation
1958-03-02,0.0058347443,simulation
1958-03-03,0.0053665014,simulation
1958-03-04,0.0037499038,simulation
1958-03-05,0.00095057144,simulation
1958-03-06,0.0005207383,simulation
1958-03-07,0.0017343754,simulation
1958-03-08,0.00070765027,simulation
1958-03-09,0.004936459,simulation
1958-03-10,0.0046045384,simulation
1958-03-11,0.004577755,simulation
1958-03-12,0.0009710661,simulation
1958-03-13,0.0013582273,simulation
1958-03-14,0.004168967,simulation
1958-03-15,0.004756511,simulation
1958-03-16,0.0036809747,simulation
1958-03-17,0.0009710661,simulation
1958-03-18,0.0010774381,simulation
1958-03-19,0.005332633,simulation
1958-03-20,0.005664073,simulation
1958-03-21,0.0049170824,simulation
1958-03-22,0.004673418,simulation
1958-03-23,0.0008611637,simulation
1958-03-24,0.0011035843,simulation
1958-03-25,0.00087272876,simulation
1958-03-26,0.0010860844,simulation
1958-03-27,0.00089871796,simulation
1958-03-28,0.004350579,simulation
1958-03-29,0.0031909344,simulation
1958-03-30,0.004049563,simulation
1958-03-31,0.0055471817,simulation
1958-04-01,0.0014438762,simulation
1958-04-02,0.001933529,simulation
1958-04-03,0.003547873,simulation
1958-04-04,0.004644559,simulation
1958-04-05,0.0028214797,simulation
1958-04-06,0.0065825954,simulation
1958-04-07,0.008445475,simulation
1958-04-08,0.0041095894,simulation
1958-04-09,0.00076370355,simulation
1958-04-10,0.0030555169,simulation
1958-04-11,0.006427264,simulation
1958-04-12,0.0024991934,simulation
1958-04-13,0.0040607187,simulation
1958-04-14,0.0008077381,simulation
1958-04-15,0.0060136737,simulation
1958-04-16,0.0055852095,simulation
1958-04-17,0.0029818537,simulation
1958-04-18,0.002545793,simulation
1958-04-19,0.0055708415,simulation
1958-04-20,0.0041874065,simulation
1958-04-21,0.0045019477,simulation
1958-04-22,0.0074037816,simulation
1958-04-23,0.00514513,simulation
1958-04-24,0.005446879,simulation
1958-04-25,0.003322147,simulation
1958-04-26,0.004304732,simulation
1958-04-27,0.004954587,simulation
1958-04-28,0.00464297,simulation
1958-04-29,0.004138283,simulation
1958-04-30,0.0039643683,simulation
1958-05-01,0.003654662,simulation
1958-05-02,0.004415065,simulation
1958-05-03,0.0029884158,simulation
1958-05-04,0.0021269016,simulation
1958-05-05,0.005660413,simulation
1958-05-06,0.0066101234,simulation
1958-05-07,0.008249234,simulation
1958-05-08,0.004640807,simulation
1958-05-09,0.0036497596,simulation
1958-05-10,0.0014670858,simulation
1958-05-11,0.0038845495,simulation
1958-05-12,0.0077412054,simulation
1958-05-13,0.0067004226,simulation
1958-05-14,0.006814016,simulation
1958-05-15,0.0037766346,simulation
1958-05-16,0.0036384256,simulation
1958-05-17,0.0011273532,simulation
1958-05-18,0.0010215171,simulation
1958-05-19,0.003676027,simulation
1958-05-20,0.0026836926,simulation
1958-05-21,0.0035956064,simulation
1958-05-22,0.0012507054,simulation
1958-05-23,0.0038465806,simulation
1958-05-24,0.0041298373,simulation
1958-05-25,0.0076098703,simulation
1958-05-26,0.009458147,simulation
1958-05-27,0.0093044415,simulation
1958-05-28,0.0074830316,simulation
1958-05-29,0.007724507,simulation
1958-05-30,0.008166604,simulation
1958-05-31,0.00821723,simulation
1958-06-01,0.009001907,simulation
1958-06-02,0.0089853,simulation
1958-06-03,0.009170111,simulation
1958-06-04,0.0061293608,simulation
1958-06-05,0.006901659,simulation
1958-06-06,0.0078083575,simulation
1958-06-07,0.008515049,simulation
1958-06-08,0.00770388,simulation
1958-06-09,0.00973941,simulation
1958-06-10,0.008326441,simulation
1958-06-11,0.008726414,simulation
1958-06-12,0.009344652,simulation
1958-06-13,0.0076095574,simulation
1958-06-14,0.005488115,simulation
1958-06-15,0.0024729427,simulation
1958-06-16,0.004490698,simulation
1958-06-17,0.004006644,simulation
1958-06-18,0.006364124,simulation
1958-06-19,0.0061266953,simulation
1958-06-20,0.006266767,simulation
1958-06-21,0.0027992711,simulation
1958-06-22,0.0010831946,simulation
1958-06-23,0.007514529,simulation
1958-06-24,0.010480419,simulation
1958-06-25,0.00676913,simulation
1958-06-26,0.0026346126,simulation
1958-06-27,0.003616602,simulation
1958-06-28,0.011348613,simulation
1958-06-29,0.011246294,simulation
1958-06-30,0.009195514,simulation
1958-07-01,0.0078436695,simulation
1958-07-02,0.008289196,simulation
1958-07-03,0.010472558,simulation
1958-07-04,0.009057477,simulation
1958-07-05,0.008833498,simulation
1958-07-06,0.0065997,simulation
1958-07-07,0.0032606372,simulation
1958-07-08,0.0022722865,simulation
1958-07-09,0.0015596622,simulation
1958-07-10,0.0044600335,simulation
1958-07-11,0.004615634,simulation
1958-07-12,0.006771991,simulation
1958-07-13,0.003803116,simulation
1958-07-14,0.006450178,simulation
1958-07-15,0.0068006646,simulation
1958-07-16,0.0062313033,simulation
1958-07-17,0.0051861643,simulation
1958-07-18,0.0044620945,simulation
1958-07-19,0.0067306366,simulation
1958-07-20,0.0062538628,simulation
1958-07-21,0.002248384,simulation
1958-07-22,0.0018680528,simulation
1958-07-23,0.0028815507,simulation
1958-07-24,0.0057539996,simulation
1958-07-25,0.0055672377,simulation
1958-07-26,0.00485802,simulation
1958-07-27,0.0045274827,simulation
1958-07-28,0.0073844492,simulation
1958-07-29,0.008752536,simulation
1958-07-30,0.006522203,simulation
1958-07-31,0.0049307877,simulation
1958-08-01,0.0069724135,simulation
1958-08-02,0.0077518933,simulation
1958-08-03,0.0049536354,simulation
1958-08-04,0.0060848026,simulation
1958-08-05,0.009800196,simulation
1958-08-06,0.0094181,simulation
1958-08-07,0.009829342,simulation
1958-08-08,0.0050999476,simulation
1958-08-09,0.00459096,simulation
1958-08-10,0.0061973073,simulation
1958-08-11,0.008420277,simulation
1958-08-12,0.006819561,simulation
1958-08-13,0.0056437943,simulation
1958-08-14,0.0063958475,simulation
1958-08-15,0.00447464,simulation
1958-08-16,0.0047152527,simulation
1958-08-17,0.005125247,simulation
1958-08-18,0.0050250143,simulation
1958-08-19,0.009539589,simulation
1958-08-20,0.008968003,simulation
1958-08-21,0.005458084,simulation
1958-08-22,0.0017904668,simulation
1958-08-23,0.0011795633,simulation
1958-08-24,0.00090593897,simulation
1958-08-25,0.0012507054,simulation
1958-08-26,0.009161685,simulation
1958-08-27,0.009124603,simulation
1958-08-28,0.0095237605,simulation
1958-08-29,0.00840012,simulation
1958-08-30,0.008255914,simulation
1958-08-31,0.007540291,simulation
1958-09-01,0.008771513,simulation
1958-09-02,0.0040350435,simulation
1958-09-03,0.0021955047,simulation
1958-09-04,0.0011608683,simulation
1958-09-05,0.0013190648,simulation
1958-09-06,0.0014400436,simulation
1958-09-07,0.0015679689,simulation
1958-09-08,0.0015679689,simulation
1958-09-09,0.009631723,simulation
1958-09-10,0.008700769,simulation
1958-09-11,0.005221554,simulation
1958-09-12,0.004213289,simulation
1958-09-13,0.0021438517,simulation
1958-09-14,0.0013727531,simulation
1958-09-15,0.00426993,simulation
1958-09-16,0.0040523307,simulation
1958-09-17,0.0026978792,simulation
1958-09-18,0.00396907,simulation
1958-09-19,0.0022662866,simulation
1958-09-20,0.0012017528,simulation
1958-09-21,0.0008542979,simulation
1958-09-22,0.0010889819,simulation
1958-09-23,0.0025057988,simulation
1958-09-24,0.0045436043,simulation
1958-09-25,0.0039120233,simulation
1958-09-26,0.0030448332,simulation
1958-09-27,0.0039969063,simulation
1958-09-28,0.007929634,simulation
1958-09-29,0.005862057,simulation
1958-09-30,0.0025525193,simulation
1958-10-01,0.0009788639,simulation
1958-10-02,0.002166659,simulation
1958-10-03,0.0011154062,simulation
1958-10-04,0.0025592635,simulation
1958-10-05,0.0031779145,simulation
1958-10-06,0.0060407966,simulation
1958-10-07,0.0055579273,simulation
1958-10-08,0.0036541834,simulation
1958-10-09,0.004071821,simulation
1958-10-10,0.0055523952,simulation
1958-10-11,0.008068863,simulation
1958-10-12,0.0052410336,simulation
1958-10-13,0.006339276,simulation
1958-10-14,0.003649042,simulation
1958-10-15,0.0013051028,simulation
1958-10-16,0.0010463155,simulation
1958-10-17,0.0009455153,simulation
1958-10-18,0.0050493767,simulation
1958-10-19,0.006744544,simulation
1958-10-20,0.005987796,simulation
1958-10-21,0.0055218907,simulation
1958-10-22,0.0030213362,simulation
1958-10-23,0.0039819973,simulation
1958-10-24,0.0058720554,simulation
1958-10-25,0.0060563525,simulation
1958-10-26,0.005895793,simulation
1958-10-27,0.0031181953,simulation
1958-10-28,0.0017436018,simulation
1958-10-29,0.0008915549,simulation
1958-10-30,0.0008611637,simulation
1958-10-31,0.0005401839,simulation
1958-11-01,0.002098945,simulation
1958-11-02,0.00195931,simulation
1958-11-03,0.0008362542,simulation
1958-11-04,0.00040919555,simulation
1958-11-05,0.00047271277,simulation
1958-11-06,0.0011213636,simulation
1958-11-07,0.0048234444,simulation
1958-11-08,0.003329853,simulation
1958-11-09,0.0040229834,simulation
1958-11-10,0.005424631,simulation
1958-11-11,0.0048256204,simulation
1958-11-12,0.004438762,simulation
1958-11-13,0.002440512,simulation
1958-11-14,0.0009404859,simulation
1958-11-15,0.0012878564,simulation
1958-11-16,0.0013367254,simulation
1958-11-17,0.0019182197,simulation
1958-11-18,0.0014987356,simulation
1958-11-19,0.0017482331,simulation
1958-11-20,0.0020878639,simulation
1958-11-21,0.0041006273,simulation
1958-11-22,0.003383168,simulation
1958-11-23,0.0015847137,simulation
1958-11-24,0.0009304264,simulation
1958-11-25,0.0010160861,simulation
1958-11-26,0.0024340744,simulation
1958-11-27,0.0014947588,simulation
1958-11-28,0.0008868109,simulation
1958-11-29,0.0024991934,simulation
1958-11-30,0.0029897091,simulation
1958-12-01,0.0015679689,simulation
1958-12-02,0.0012178554,simulation
1958-12-03,0.001824011,simulation
1958-12-04,0.003333793,simulation
1958-12-05,0.0017809952,simulation
1958-12-06,0.0017809952,simulation
1958-12-07,0.0018581758,simulation
1958-12-08,0.0011363977,simulation
1958-12-09,0.0013225783,simulation
1958-12-10,0.0007719029,simulation
1958-12-11,0.0021723981,simulation
1958-12-12,0.0022424469,simulation
1958-12-13,0.00090352574,simulation
1958-12-14,0.0020225795,simulation
1958-12-15,0.0018979949,simulation
1958-12-16,0.0021552257,simulation
1958-12-17,0.0023395158,simulation
1958-12-18,0.002224729,simulation
1958-12-19,0.0016101631,simulation
1958-12-20,0.00091321726,simulation
1958-12-21,0.0022543352,simulation
1958-12-22,0.0013874322,simulation
1958-12-23,0.0006130804,simulation
1958-12-24,0.0011035843,simulation
1958-12-25,0.0009736581,simulation
1958-12-26,0.0008520215,simulation
1958-12-27,0.00038522144,simulation
1958-12-28,0.00051947404,simulation
1958-12-29,0.0010242433,simulation
1958-12-30,0.00038441474,simulation
1958-12-31,0.00027421032,simulation
1959-01-01,0.0005248223,simulation
1959-01-02,0.0004435014,simulation
1959-01-03,0.00025228088,simulation
1959-01-04,0.0010463155,simulation
1959-01-05,0.0017904668,simulation
1959-01-06,0.0010860844,simulation
1959-01-07,0.0009254768,simulation
1959-01-08,0.0008963242,simulation
1959-01-09,0.0026625493,simulation
1959-01-10,0.0018680528,simulation
1959-01-11,0.002121281,simulation
1959-01-12,0.001933529,simulation
1959-01-13,0.001518778,simulation
1959-01-14,0.0010660159,simulation
1959-01-15,0.000576184,simulation
1959-01-16,0.0024991934,simulation
1959-01-17,0.0008077381,simulation
1959-01-18,0.002093397,simulation
1959-01-19,0.0015513991,simulation
1959-01-20,0.0008704035,simulation
1959-01-21,0.0011065281,simulation
1959-01-22,0.002017231,simulation
1959-01-23,0.0017762781,simulation
1959-01-24,0.0009840976,simulation
1959-01-25,0.0027327891,simulation
1959-01-26,0.0026207524,simulation
1959-01-27,0.0016058937,simulation
1959-01-28,0.002132537,simulation
1959-01-29,0.0006762448,simulation
1959-01-30,0.00030575233,simulation
1959-01-31,0.0005685991,simulation
1959-02-01,0.00053843326,simulation
1959-02-02,0.00027906624,simulation
1959-02-03,0.00016173604,simulation
1959-02-04,0.00043533582,simulation
1959-02-05,0.0020333184,simulation
1959-02-06,0.00097625796,simulation
1959-02-07,0.0009429973,simulation
1959-02-08,0.00025292017,simulation
1959-02-09,0.0008474866,simulation
1959-02-10,0.001112439,simulation
1959-02-11,0.0010660159,simulation
1959-02-12,0.0008497515,simulation
1959-02-13,0.0009736581,simulation
1959-02-14,0.0009556544,simulation
1959-02-15,0.0010133818,simulation
1959-02-16,0.0037322624,simulation
1959-02-17,0.0031355307,simulation
1959-02-18,0.0022188534,simulation
1959-02-19,0.001720626,simulation
1959-02-20,0.0015679689,simulation
1959-02-21,0.0014907921,simulation
1959-02-22,0.003111423,simulation
1959-02-23,0.0008362542,simulation
1959-02-24,0.00044022276,simulation
1959-02-25,0.00059665355,simulation
1959-02-26,0.0004203609,simulation
1959-02-27,0.0008797418,simulation
1959-02-28,0.0011094796,simulation
1959-03-01,0.0038248326,simulation
1959-03-02,0.0048263366,simulation
1959-03-03,0.003986742,simulation
1959-03-04,0.0017482331,simulation
1959-03-05,0.0017904668,simulation
1959-03-06,0.004030997,simulation
1959-03-07,0.0044306004,simulation
1959-03-08,0.0030936995,simulation
1959-03-09,0.0034791667,simulation
1959-03-10,0.0023208444,simulation
1959-03-11,0.0013051028,simulation
1959-03-12,0.005356293,simulation
1959-03-13,0.0049979114,simulation
1959-03-14,0.00082737504,simulation
1959-03-15,0.0071464498,simulation
1959-03-16,0.004089005,simulation
1959-03-17,0.0018095595,simulation
1959-03-18,0.0018680528,simulation
1959-03-19,0.0021100838,simulation
1959-03-20,0.0013800727,simulation
1959-03-21,0.0053977803,simulation
1959-03-22,0.0067552794,simulation
1959-03-23,0.006425841,simulation
1959-03-24,0.0051109064,simulation
1959-03-25,0.0014709898,simulation
1959-03-26,0.0015763191,simulation
1959-03-27,0.005385659,simulation
1959-03-28,0.0011701785,simulation
1959-03-29,0.0044194153,simulation
1959-03-30,0.0012810212,simulation
1959-03-31,0.0024276562,simulation
1959-04-01,0.002466424,simulation
1959-04-02,0.007041201,simulation
1959-04-03,0.0073031746,simulation
1959-04-04,0.008373622,simulation
1959-04-05,0.005039982,simulation
1959-04-06,0.00399856,simulation
1959-04-07,0.0033454066,simulation
1959-04-08,0.0031346325,simulation
1959-04-09,0.0007719029,simulation
1959-04-10,0.00083180325,simulation
1959-04-11,0.00083848875,simulation
1959-04-12,0.0013618442,simulation
1959-04-13,0.005259694,simulation
1959-04-14,0.0020441138,simulation
1959-04-15,0.00271214,simulation
1959-04-16,0.0033410932,simulation
1959-04-17,0.0007991601,simulation
1959-04-18,0.0015973883,simulation
1959-04-19,0.004725098,simulation
1959-04-20,0.002178152,simulation
1959-04-21,0.0010631791,simulation
1959-04-22,0.0051352037,simulation
1959-04-23,0.0075133033,simulation
1959-04-24,0.007370945,simulation
1959-04-25,0.006504543,simulation
1959-04-26,0.0038145096,simulation
1959-04-27,0.0032840578,simulation
1959-04-28,0.0043091443,simulation
1959-04-29,0.0048240107,simulation
1959-04-30,0.0057211546,simulation
1959-05-01,0.0060780486,simulation
1959-05-02,0.00380246,simulation
1959-05-03,0.005793196,simulation
1959-05-04,0.00719266,simulation
1959-05-05,0.006723549,simulation
1959-05-06,0.00389582,simulation
1959-05-07,0.009958632,simulation
1959-05-08,0.0073390696,simulation
1959-05-09,0.007709332,simulation
1959-05-10,0.0071956106,simulation
1959-05-11,0.003218095,simulation
1959-05-12,0.0009893583,simulation
1959-05-13,0.0062762666,simulation
1959-05-14,0.008279145,simulation
1959-05-15,0.005863735,simulation
1959-05-16,0.008955158,simulation
1959-05-17,0.0076488312,simulation
1959-05-18,0.0044547105,simulation
1959-05-19,0.0036868977,simulation
1959-05-20,0.0036638947,simulation
1959-05-21,0.0032265591,simulation
1959-05-22,0.0063698385,simulation
1959-05-23,0.0044709938,simulation
1959-05-24,0.0030936059,simulation
1959-05-25,0.0038156277,simulation
1959-05-26,0.0058603417,simulation
1959-05-27,0.0059370417,simulation
1959-05-28,0.0057083387,simulation
1959-05-29,0.0012640903,simulation
1959-05-30,0.0016316797,simulation
1959-05-31,0.00090835866,simulation
1959-06-01,0.0040781335,simulation
1959-06-02,0.007092662,simulation
1959-06-03,0.00700647,simulation
1959-06-04,0.002586415,simulation
1959-06-05,0.00419683,simulation
1959-06-06,0.0016534807,simulation
1959-06-07,0.00348533,simulation
1959-06-08,0.0011608683,simulation
1959-06-09,0.0073798597,simulation
1959-06-10,0.0060643163,simulation
1959-06-11,0.005653089,simulation
1959-06-12,0.003596392,simulation
1959-06-13,0.0010133818,simulation
1959-06-14,0.0016844859,simulation
1959-06-15,0.0035680514,simulation
1959-06-16,0.005533212,simulation
1959-06-17,0.00944899,simulation
1959-06-18,0.010915332,simulation
1959-06-19,0.011997819,simulation
1959-06-20,0.011450537,simulation
1959-06-21,0.009876147,simulation
1959-06-22,0.00760502,simulation
1959-06-23,0.007817537,simulation
1959-06-24,0.006468839,simulation
1959-06-25,0.006791573,simulation
1959-06-26,0.008544717,simulation
1959-06-27,0.008122589,simulation
1959-06-28,0.0059679933,simulation
1959-06-29,0.009558298,simulation
1959-06-30,0.0087097585,simulation
1959-07-01,0.0064559206,simulation
1959-07-02,0.005649417,simulation
1959-07-03,0.002919731,simulation
1959-07-04,0.0065196753,simulation
1959-07-05,0.006993713,simulation
1959-07-06,0.004516655,simulation
1959-07-07,0.003966551,simulation
1959-07-08,0.0044194157,simulation
1959-07-09,0.005443135,simulation
1959-07-10,0.004311837,simulation
1959-07-11,0.005012175,simulation
1959-07-12,0.0048965723,simulation
1959-07-13,0.0054804096,simulation
1959-07-14,0.0066112718,simulation
1959-07-15,0.007884618,simulation
1959-07-16,0.0076426473,simulation
1959-07-17,0.0071655344,simulation
1959-07-18,0.0076933894,simulation
1959-07-19,0.005043741,simulation
1959-07-20,0.0063550407,simulation
1959-07-21,0.007436214,simulation
1959-07-22,0.0042338534,simulation
1959-07-23,0.0061165346,simulation
1959-07-24,0.0024599195,simulation
1959-07-25,0.004029318,simulation
1959-07-26,0.0025323925,simulation
1959-07-27,0.0041866163,simulation
1959-07-28,0.006829356,simulation
1959-07-29,0.007298244,simulation
1959-07-30,0.0047860625,simulation
1959-07-31,0.0022603043,simulation
1959-08-01,0.0043155123,simulation
1959-08-02,0.005182864,simulation
1959-08-03,0.004342557,simulation
1959-08-04,0.0074280556,simulation
1959-08-05,0.006577637,simulation
1959-08-06,0.007899854,simulation
1959-08-07,0.0070864167,simulation
1959-08-08,0.0067805257,simulation
1959-08-09,0.004558307,simulation
1959-08-10,0.0061153453,simulation
1959-08-11,0.008972842,simulation
1959-08-12,0.010650635,simulation
1959-08-13,0.004316995,simulation
1959-08-14,0.0037497687,simulation
1959-08-15,0.0039758678,simulation
1959-08-16,0.0053961393,simulation
1959-08-17,0.005058414,simulation
1959-08-18,0.0056823897,simulation
1959-08-19,0.00651813,simulation
1959-08-20,0.006874727,simulation
1959-08-21,0.0077628996,simulation
1959-08-22,0.0071977004,simulation
1959-08-23,0.009321954,simulation
1959-08-24,0.0092302635,simulation
1959-08-25,0.008130979,simulation
1959-08-26,0.0063484386,simulation
1959-08-27,0.0073738806,simulation
1959-08-28,0.007545054,simulation
1959-08-29,0.008326236,simulation
1959-08-30,0.005311274,simulation
1959-08-31,0.006350759,simulation
1959-09-01,0.0073721334,simulation
1959-09-02,0.0074704457,simulation
1959-09-03,0.0058017885,simulation
1959-09-04,0.007360137,simulation
1959-09-05,0.0073249703,simulation
1959-09-06,0.0074621,simulation
1959-09-07,0.008977216,simulation
1959-09-08,0.008009249,simulation
1959-09-09,0.005548082,simulation
1959-09-10,0.0036317832,simulation
1959-09-11,0.00645281,simulation
1959-09-12,0.0014037105,simulation
1959-09-13,0.00080081355,simulation
1959-09-14,0.0005976625,simulation
1959-09-15,0.00074711355,simulation
1959-09-16,0.0010441587,simulation
1959-09-17,0.0063591683,simulation
1959-09-18,0.006572161,simulation
1959-09-19,0.0060354057,simulation
1959-09-20,0.008997634,simulation
1959-09-21,0.005968561,simulation
1959-09-22,0.007930964,simulation
1959-09-23,0.006836584,simulation
1959-09-24,0.007869801,simulation
1959-09-25,0.0058657415,simulation
1959-09-26,0.0017428563,simulation
1959-09-27,0.0035963499,simulation
1959-09-28,0.005213121,simulation
1959-09-29,0.0067313975,simulation
1959-09-30,0.005890615,simulation
1959-10-01,0.0061994866,simulation
1959-10-02,0.0075334692,simulation
1959-10-03,0.005034643,simulation
1959-10-04,0.0063815415,simulation
1959-10-05,0.001986959,simulation
1959-10-06,0.0008328059,simulation
1959-10-07,0.0017159204,simulation
1959-10-08,0.0023405126,simulation
1959-10-09,0.0063258912,simulation
1959-10-10,0.0028513605,simulation
1959-10-11,0.0042841,simulation
1959-10-12,0.0038681033,simulation
1959-10-13,0.0018755745,simulation
1959-10-14,0.00060201396,simulation
1959-10-15,0.0052714637,simulation
1959-10-16,0.0006836337,simulation
1959-10-17,0.0005091441,simulation
1959-10-18,0.0057852287,simulation
1959-10-19,0.0042413,simulation
1959-10-20,0.001000481,simulation
1959-10-21,0.00066240795,simulation
1959-10-22,0.0006232234,simulation
1959-10-23,0.0010588014,simulation
1959-10-24,0.005933807,simulation
1959-10-25,0.0056224503,simulation
1959-10-26,0.0060322788,simulation
1959-10-27,0.0016086466,simulation
1959-10-28,0.0010611706,simulation
1959-10-29,0.00048732795,simulation
1959-10-30,0.00032996637,simulation
1959-10-31,0.00043757103,simulation
1959-11-01,0.00077223516,simulation
1959-11-02,0.003285135,simulation
1959-11-03,0.0038408886,simulation
1959-11-04,0.0017640115,simulation
1959-11-05,0.0024885756,simulation
1959-11-06,0.0015932883,simulation
1959-11-07,0.003499276,simulation
1959-11-08,0.0026707132,simulation
1959-11-09,0.003514743,simulation
1959-11-10,0.0029048931,simulation
1959-11-11,0.0015521967,simulation
1959-11-12,0.0038463648,simulation
1959-11-13,0.0009790327,simulation
1959-11-14,0.0004220014,simulation
1959-11-15,0.0005603482,simulation
1959-11-16,0.0004533321,simulation
1959-11-17,0.0016645599,simulation
1959-11-18,0.0032137253,simulation
1959-11-19,0.0025410305,simulation
1959-11-20,0.0022777182,simulation
1959-11-21,0.0017518268,simulation
1959-11-22,0.0010679418,simulation
1959-11-23,0.00073458866,simulation
1959-11-24,0.0041724606,simulation
1959-11-25,0.004129601,simulation
1959-11-26,0.0036840364,simulation
1959-11-27,0.000741732,simulation
1959-11-28,0.0026823233,simulation
1959-11-29,0.0018621514,simulation
1959-11-30,0.0019903565,simulation
1959-12-01,0.0017182716,simulation
1959-12-02,0.0019292366,simulation
1959-12-03,0.00252271,simulation
1959-12-04,0.0009386269,simulation
1959-12-05,0.0008394998,simulation
1959-12-06,0.002731579,simulation
1959-12-07,0.0024943047,simulation
1959-12-08,0.0026507983,simulation
1959-12-09,0.00094779517,simulation
1959-12-10,0.0014825097,simulation
1959-12-11,0.0007268115,simulation
1959-12-12,0.00084661174,simulation
1959-12-13,0.0011120568,simulation
1959-12-14,0.0012089986,simulation
1959-12-15,0.0009224563,simulation
1959-12-16,0.0008316596,simulation
1959-12-17,0.00087762426,simulation
1959-12-18,0.0014164071,simulation
1959-12-19,0.0027160635,simulation
1959-12-20,0.00120765,simulation
1959-12-21,0.0021336293,simulation
1959-12-22,0.0013199705,simulation
1959-12-23,0.0010104234,simulation
1959-12-24,0.0008581302,simulation
1959-12-25,0.00034274763,simulation
1959-12-26,0.0006785338,simulation
1959-12-27,0.000840006,simulation
1959-12-28,0.001693161,simulation
1959-12-29,0.0021811277,simulation
1959-12-30,0.0008138816,simulation
1959-12-31,0.0008562117,simulation
1960-01-01,0.0005046042,simulation
1960-01-02,0.00024513708,simulation
1960-01-03,0.001306335,simulation
1960-01-04,0.0010927314,simulation
1960-01-05,0.00078450114,simulation
1960-01-06,9.3130395e-05,simulation
1960-01-07,0.00040951942,simulation
1960-01-08,0.0010837533,simulation
1960-01-09,0.0008661442,simulation
1960-01-10,0.0008584998,simulation
1960-01-11,0.0009149474,simulation
1960-01-12,0.000711532,simulation
1960-01-13,0.0007825445,simulation
1960-01-14,0.0009374972,simulation
1960-01-15,0.0025785025,simulation
1960-01-16,0.00094089063,simulation
1960-01-17,0.00023929385,simulation
1960-01-18,0.0015887917,simulation
1960-01-19,0.0009988472,simulation
1960-01-20,0.0017593378,simulation
1960-01-21,0.001846928,simulation
1960-01-22,0.001452817,simulation
1960-01-23,0.0011873902,simulation
1960-01-24,0.001118477,simulation
1960-01-25,0.0020301952,simulation
1960-01-26,0.0009238859,simulation
1960-01-27,0.0009135313,simulation
1960-01-28,0.00042643998,simulation
1960-01-29,0.0005642944,simulation
1960-01-30,0.0006532389,simulation
1960-01-31,0.00031023627,simulation
1960-02-01,0.00022552861,simulation
1960-02-02,0.00021888752,simulation
1960-02-03,0.00079189945,simulation
1960-02-04,0.0025111595,simulation
1960-02-05,0.0012196347,simulation
1960-02-06,0.000989018,simulation
1960-02-07,0.0013131916,simulation
1960-02-08,0.0030825653,simulation
1960-02-09,0.0017446468,simulation
1960-02-10,0.004698733,simulation
1960-02-11,0.0033867676,simulation
1960-02-12,0.001319404,simulation
1960-02-13,0.00039397852,simulation
1960-02-14,0.0016994035,simulation
1960-02-15,0.0008541509,simulation
1960-02-16,0.00044260354,simulation
1960-02-17,0.0025401656,simulation
1960-02-18,0.0011950633,simulation
1960-02-19,0.0028102342,simulation
1960-02-20,0.0013509066,simulation
1960-02-21,0.00029689528,simulation
1960-02-22,0.0034202423,simulation
1960-02-23,0.0035997266,simulation
1960-02-24,0.0012356563,simulation
1960-02-25,0.00091117644,simulation
1960-02-26,0.0023797352,simulation
1960-02-27,0.0008660694,simulation
1960-02-28,0.0010648252,simulation
1960-02-29,0.0015803758,simulation
1960-03-01,0.0011219423,simulation
1960-03-02,0.00030186845,simulation
1960-03-03,0.001904822,simulation
1960-03-04,0.003051873,simulation
1960-03-05,0.00223977,simulation
1960-03-06,0.0018863493,simulation
1960-03-07,0.0008612376,simulation
1960-03-08,0.0016242902,simulation
1960-03-09,0.0010883271,simulation
1960-03-10,0.0031848704,simulation
1960-03-11,0.00083812786,simulation
1960-03-12,0.0041260486,simulation
1960-03-13,0.0020421953,simulation
1960-03-14,0.0009683139,simulation
1960-03-15,0.00024984722,simulation
1960-03-16,0.0038628941,simulation
1960-03-17,0.001353923,simulation
1960-03-18,0.0043811523,simulation
1960-03-19,0.006171746,simulation
1960-03-20,0.0051692366,simulation
1960-03-21,0.00555949,simulation
1960-03-22,0.006235143,simulation
1960-03-23,0.0046020336,simulation
1960-03-24,0.0017305209,simulation
1960-03-25,0.0016679836,simulation
1960-03-26,0.0030560666,simulation
1960-03-27,0.00079854124,simulation
1960-03-28,0.0013715755,simulation
1960-03-29,0.0011908629,simulation
1960-03-30,0.0075460523,simulation
1960-03-31,0.0064478405,simulation
1960-04-01,0.0038056842,simulation
1960-04-02,0.0012451344,simulation
1960-04-03,0.0015292267,simulation
1960-04-04,0.0028710505,simulation
1960-04-05,0.0074572414,simulation
1960-04-06,0.008170772,simulation
1960-04-07,0.008815795,simulation
1960-04-08,0.0034141957,simulation
1960-04-09,0.002167583,simulation
1960-04-10,0.0072545707,simulation
1960-04-11,0.007585561,simulation
1960-04-12,0.0072695464,simulation
1960-04-13,0.0034026324,simulation
1960-04-14,0.0048102583,simulation
1960-04-15,0.004755089,simulation
1960-04-16,0.005959384,simulation
1960-04-17,0.001540405,simulation
1960-04-18,0.0069284607,simulation
1960-04-19,0.0085292645,simulation
1960-04-20,0.0075071547,simulation
1960-04-21,0.0041201846,simulation
1960-04-22,0.0041699177,simulation
1960-04-23,0.005176604,simulation
1960-04-24,0.0053333067,simulation
1960-04-25,0.004817661,simulation
1960-04-26,0.0045760605,simulation
1960-04-27,0.006050661,simulation
1960-04-28,0.008057766,simulation
1960-04-29,0.0052918387,simulation
1960-04-30,0.004475214,simulation
1960-05-01,0.006069217,simulation
1960-05-02,0.0028178864,simulation
1960-05-03,0.008580044,simulation
1960-05-04,0.004251919,simulation
1960-05-05,0.001539218,simulation
1960-05-06,0.00124044,simulation
1960-05-07,0.0028327694,simulation
1960-05-08,0.008815639,simulation
1960-05-09,0.005728352,simulation
1960-05-10,0.007408077,simulation
1960-05-11,0.0033197133,simulation
1960-05-12,0.0039316607,simulation
1960-05-13,0.007562956,simulation
1960-05-14,0.008333243,simulation
1960-05-15,0.007641131,simulation
1960-05-16,0.005627765,simulation
1960-05-17,0.006455863,simulation
1960-05-18,0.0076733045,simulation
1960-05-19,0.0058773225,simulation
1960-05-20,0.007713303,simulation
1960-05-21,0.006042935,simulation
1960-05-22,0.007926693,simulation
1960-05-23,0.008252282,simulation
1960-05-24,0.007031763,simulation
1960-05-25,0.008074474,simulation
1960-05-26,0.008256998,simulation
1960-05-27,0.010872245,simulation
1960-05-28,0.0076544695,simulation
1960-05-29,0.00856011,simulation
1960-05-30,0.010369863,simulation
1960-05-31,0.009079993,simulation
1960-06-01,0.0049418896,simulation
1960-06-02,0.003431728,simulation
1960-06-03,0.009480979,simulation
1960-06-04,0.009011783,simulation
1960-06-05,0.010675572,simulation
1960-06-06,0.012181275,simulation
1960-06-07,0.0120690465,simulation
1960-06-08,0.009789236,simulation
1960-06-09,0.011171751,simulation
1960-06-10,0.012228169,simulation
1960-06-11,0.0129770115,simulation
1960-06-12,0.011650823,simulation
1960-06-13,0.0078958925,simulation
1960-06-14,0.012053207,simulation
1960-06-15,0.012297861,simulation
1960-06-16,0.013451204,simulation
1960-06-17,0.008370394,simulation
1960-06-18,0.0149704665,simulation
1960-06-19,0.014330685,simulation
1960-06-20,0.011625841,simulation
1960-06-21,0.012183789,simulation
1960-06-22,0.012564726,simulation
1960-06-23,0.011120252,simulation
1960-06-24,0.0087781325,simulation
1960-06-25,0.00459722,simulation
1960-06-26,0.0067554736,simulation
1960-06-27,0.0053556073,simulation
1960-06-28,0.012891442,simulation
1960-06-29,0.012398291,simulation
1960-06-30,0.013514891,simulation
1960-07-01,0.012764975,simulation
1960-07-02,0.014091067,simulation
1960-07-03,0.014457144,simulation
1960-07-04,0.009177138,simulation
1960-07-05,0.004789382,simulation
1960-07-06,0.0114220865,simulation
1960-07-07,0.013858564,simulation
1960-07-08,0.01197641,simulation
1960-07-09,0.011611633,simulation
1960-07-10,0.012977403,simulation
1960-07-11,0.012254268,simulation
1960-07-12,0.013973743,simulation
1960-07-13,0.016320787,simulation
1960-07-14,0.014713019,simulation
1960-07-15,0.01581508,simulation
1960-07-16,0.0075136037,simulation
1960-07-17,0.006246805,simulation
1960-07-18,0.008276868,simulation
1960-07-19,0.009960569,simulation
1960-07-20,0.012704954,simulation
1960-07-21,0.01391913,simulation
1960-07-22,0.01344249,simulation
1960-07-23,0.010818742,simulation
1960-07-24,0.011429016,simulation
1960-07-25,0.013005212,simulation
1960-07-26,0.015315123,simulation
1960-07-27,0.012395106,simulation
1960-07-28,0.014746018,simulation
1960-07-29,0.016401216,simulation
1960-07-30,0.010038385,simulation
1960-07-31,0.009908184,simulation
1960-08-01,0.011763286,simulation
1960-08-02,0.0058628297,simulation
1960-08-03,0.006886768,simulation
1960-08-04,0.007382389,simulation
1960-08-05,0.0070636007,simulation
1960-08-06,0.006107759,simulation
1960-08-07,0.010938056,simulation
1960-08-08,0.012043782,simulation
1960-08-09,0.00975991,simulation
1960-08-10,0.0033239366,simulation
1960-08-11,0.0008720529,simulation
1960-08-12,0.0010714354,simulation
1960-08-13,0.0018584935,simulation
1960-08-14,0.0011645638,simulation
1960-08-15,0.0052730823,simulation
1960-08-16,0.008474182,simulation
1960-08-17,0.007324038,simulation
1960-08-18,0.0058134682,simulation
1960-08-19,0.0012899577,simulation
1960-08-20,0.0035848164,simulation
1960-08-21,0.002615407,simulation
1960-08-22,0.0008794391,simulation
1960-08-23,0.004708117,simulation
1960-08-24,0.007315658,simulation
1960-08-25,0.007946447,simulation
1960-08-26,0.0052760947,simulation
1960-08-27,0.0050328793,simulation
1960-08-28,0.005618517,simulation
1960-08-29,0.007712677,simulation
1960-08-30,0.0082633905,simulation
1960-08-31,0.009495746,simulation
1960-09-01,0.008875798,simulation
1960-09-02,0.008533221,simulation
1960-09-03,0.009131461,simulation
1960-09-04,0.008867342,simulation
1960-09-05,0.008710271,simulation
1960-09-06,0.008976534,simulation
1960-09-07,0.009462301,simulation
1960-09-08,0.00844221,simulation
1960-09-09,0.0014288507,simulation
1960-09-10,0.004220615,simulation
1960-09-11,0.0010023754,simulation
1960-09-12,0.009723473,simulation
1960-09-13,0.008420669,simulation
1960-09-14,0.0015273925,simulation
1960-09-15,0.0016771477,simulation
1960-09-16,0.0009783589,simulation
1960-09-17,0.004832772,simulation
1960-09-18,0.007835582,simulation
1960-09-19,0.009127878,simulation
1960-09-20,0.008329026,simulation
1960-09-21,0.008149654,simulation
1960-09-22,0.009660192,simulation
1960-09-23,0.0061290255,simulation
1960-09-24,0.006263566,simulation
1960-09-25,0.004561157,simulation
1960-09-26,0.0009073431,simulation
1960-09-27,0.0020969752,simulation
1960-09-28,0.000769911,simulation
1960-09-29,0.0019815334,simulation
1960-09-30,0.008350663,simulation
1960-10-01,0.0086328685,simulation
1960-10-02,0.0068932306,simulation
1960-10-03,0.0019146166,simulation
1960-10-04,0.0031076362,simulation
1960-10-05,0.0010903868,simulation
1960-10-06,0.0008221209,simulation
1960-10-07,0.0016617123,simulation
1960-10-08,0.0042556394,simulation
1960-10-09,0.005465152,simulation
1960-10-10,0.006262154,simulation
1960-10-11,0.005800193,simulation
1960-10-12,0.0057377745,simulation
1960-10-13,0.004333357,simulation
1960-10-14,0.0011634637,simulation
1960-10-15,0.002757007,simulation
1960-10-16,0.0050494107,simulation
1960-10-17,0.0046518594,simulation
1960-10-18,0.0040399525,simulation
1960-10-19,0.00086905627,simulation
1960-10-20,0.0010319332,simulation
1960-10-21,0.0038977398,simulation
1960-10-22,0.0052597523,simulation
1960-10-23,0.0048605083,simulation
1960-10-24,0.005660341,simulation
1960-10-25,0.0058234734,simulation
1960-10-26,0.00084188796,simulation
1960-10-27,0.0031442149,simulation
1960-10-28,0.005778754,simulation
1960-10-29,0.0023184714,simulation
1960-10-30,0.000551653,simulation
1960-10-31,0.0048140427,simulation
1960-11-01,0.0047404817,simulation
1960-11-02,0.0048632296,simulation
1960-11-03,0.0049633025,simulation
1960-11-04,0.0044847075,simulation
1960-11-05,0.0040762015,simulation
1960-11-06,0.004304577,simulation
1960-11-07,0.0032708733,simulation
1960-11-08,0.002273837,simulation
1960-11-09,0.001337413,simulation
1960-11-10,0.0010025478,simulation
1960-11-11,0.0029246944,simulation
1960-11-12,0.0014246912,simulation
1960-11-13,0.00088688696,simulation
1960-11-14,0.0042052637,simulation
1960-11-15,0.003825082,simulation
1960-11-16,0.00065150973,simulation
1960-11-17,0.0009169962,simulation
1960-11-18,0.00058127823,simulation
1960-11-19,0.0033973397,simulation
1960-11-20,0.0018808737,simulation
1960-11-21,0.0017011506,simulation
1960-11-22,0.00070563814,simulation
1960-11-23,0.0006323556,simulation
1960-11-24,0.00063014275,simulation
1960-11-25,0.0014998926,simulation
1960-11-26,0.0022016948,simulation
1960-11-27,0.0007389213,simulation
1960-11-28,0.00078180386,simulation
1960-11-29,0.004562669,simulation
1960-11-30,0.0028920937,simulation
1960-12-01,0.0036235058,simulation
1960-12-02,0.0020512838,simulation
1960-12-03,0.001817937,simulation
1960-12-04,0.0015689088,simulation
1960-12-05,0.0029209715,simulation
1960-12-06,0.0011212676,simulation
1960-12-07,0.00026403886,simulation
1960-12-08,0.0005567281,simulation
1960-12-09,0.001082357,simulation
1960-12-10,0.00093959615,simulation
1960-12-11,0.0021261757,simulation
1960-12-12,0.0017503286,simulation
1960-12-13,0.0012181693,simulation
1960-12-14,0.00030233516,simulation
1960-12-15,7.226228e-05,simulation
1960-12-16,0.002107204,simulation
1960-12-17,0.0015556582,simulation
1960-12-18,0.0012514575,simulation
1960-12-19,0.0015389535,simulation
1960-12-20,0.00041906658,simulation
1960-12-21,0.0019764614,simulation
1960-12-22,0.0007218711,simulation
1960-12-23,0.0015915157,simulation
1960-12-24,0.0005443273,simulation
1960-12-25,0.0006208347,simulation
1960-12-26,0.00096225296,simulation
1960-12-27,0.0007326467,simulation
1960-12-28,0.0004557015,simulation
1960-12-29,0.00060728606,simulation
1960-12-30,0.00044769936,simulation
1960-12-31,0.00060088665,simulation
1961-01-01,0.00076074956,simulation
1961-01-02,0.00043573824,simulation
1961-01-03,0.0019262711,simulation
1961-01-04,0.0013705167,simulation
1961-01-05,0.0006171785,simulation
1961-01-06,0.00049356854,simulation
1961-01-07,0.00023905284,simulation
1961-01-08,0.0009876583,simulation
1961-01-09,0.0022952643,simulation
1961-01-10,0.0015050437,simulation
1961-01-11,0.001247274,simulation
1961-01-12,0.001451696,simulation
1961-01-13,0.0006381148,simulation
1961-01-14,0.00024469005,simulation
1961-01-15,0.0005027576,simulation
1961-01-16,0.0010601677,simulation
1961-01-17,0.0013506748,simulation
1961-01-18,0.002237479,simulation
1961-01-19,0.0010891691,simulation
1961-01-20,0.00228589,simulation
1961-01-21,0.0019149437,simulation
1961-01-22,0.0010682169,simulation
1961-01-23,0.0013010766,simulation
1961-01-24,0.00011408495,simulation
1961-01-25,0.00038320426,simulation
1961-01-26,0.00015337951,simulation
1961-01-27,0.0009739937,simulation
1961-01-28,0.0005000404,simulation
1961-01-29,0.0015545923,simulation
1961-01-30,0.0017845033,simulation
1961-01-31,0.0014571829,simulation
1961-02-01,0.0013971042,simulation
1961-02-02,0.00033885255,simulation
1961-02-03,0.0012008242,simulation
1961-02-04,0.0017477849,simulation
1961-02-05,0.00226339,simulation
1961-02-06,0.00042783972,simulation
1961-02-07,0.0004675871,simulation
1961-02-08,0.0007622232,simulation
1961-02-09,0.0009769299,simulation
1961-02-10,0.0021662891,simulation
1961-02-11,0.0032081713,simulation
1961-02-12,0.0026639083,simulation
1961-02-13,0.002076486,simulation
1961-02-14,0.0010357552,simulation
1961-02-15,0.001016698,simulation
1961-02-16,0.0019688767,simulation
1961-02-17,0.0006149259,simulation
1961-02-18,0.0009455153,simulation
1961-02-19,0.00046562165,simulation
1961-02-20,0.0004375803,simulation
1961-02-21,0.0002460168,simulation
1961-02-22,0.00078908395,simulation
1961-02-23,0.00279272,simulation
1961-02-24,0.00030573845,simulation
1961-02-25,0.003357357,simulation
1961-02-26,0.0043053315,simulation
1961-02-27,0.0010401278,simulation
1961-02-28,0.003209947,simulation
1961-03-01,0.00093082694,simulation
1961-03-02,0.0035847523,simulation
1961-03-03,0.0022165827,simulation
1961-03-04,0.00143499,simulation
1961-03-05,0.0011308457,simulation
1961-03-06,0.0009103929,simulation
1961-03-07,0.0026922936,simulation
1961-03-08,0.006316839,simulation
1961-03-09,0.0055772495,simulation
1961-03-10,0.0044204225,simulation
1961-03-11,0.0010080802,simulation
1961-03-12,0.0025085746,simulation
1961-03-13,0.0022686075,simulation
1961-03-14,0.006320563,simulation
1961-03-15,0.006121489,simulation
1961-03-16,0.0014243245,simulation
1961-03-17,0.0006295496,simulation
1961-03-18,0.004423291,simulation
1961-03-19,0.003106153,simulation
1961-03-20,0.00082908646,simulation
1961-03-21,0.0040447884,simulation
1961-03-22,0.005334135,simulation
1961-03-23,0.0055946326,simulation
1961-03-24,0.005061931,simulation
1961-03-25,0.0040600677,simulation
1961-03-26,0.0066066496,simulation
1961-03-27,0.0011936275,simulation
1961-03-28,0.00088956224,simulation
1961-03-29,0.00043002336,simulation
1961-03-30,0.00042190857,simulation
1961-03-31,0.0018776492,simulation
1961-04-01,0.0038976052,simulation
1961-04-02,0.0059598424,simulation
1961-04-03,0.002740201,simulation
1961-04-04,0.0057307296,simulation
1961-04-05,0.0061242785,simulation
1961-04-06,0.0011479759,simulation
1961-04-07,0.0064838994,simulation
1961-04-08,0.0023151136,simulation
1961-04-09,0.0040124953,simulation
1961-04-10,0.0039745984,simulation
1961-04-11,0.0031677075,simulation
1961-04-12,0.002975752,simulation
1961-04-13,0.006220123,simulation
1961-04-14,0.0057797637,simulation
1961-04-15,0.0024471723,simulation
1961-04-16,0.007358577,simulation
1961-04-17,0.007992867,simulation
1961-04-18,0.0072480477,simulation
1961-04-19,0.007668689,simulation
1961-04-20,0.008360304,simulation
1961-04-21,0.006122131,simulation
1961-04-22,0.004505772,simulation
1961-04-23,0.00486815,simulation
1961-04-24,0.0048006615,simulation
1961-04-25,0.0040583494,simulation
1961-04-26,0.0044339127,simulation
1961-04-27,0.0063096005,simulation
1961-04-28,0.008960392,simulation
1961-04-29,0.0056297,simulation
1961-04-30,0.00400882,simulation
1961-05-01,0.0016330775,simulation
1961-05-02,0.0031271982,simulation
1961-05-03,0.0074192304,simulation
1961-05-04,0.007768793,simulation
1961-05-05,0.007891022,simulation
1961-05-06,0.005933388,simulation
1961-05-07,0.0059453086,simulation
1961-05-08,0.002382779,simulation
1961-05-09,0.0064967275,simulation
1961-05-10,0.006681299,simulation
1961-05-11,0.0062023364,simulation
1961-05-12,0.0076849144,simulation
1961-05-13,0.008108959,simulation
1961-05-14,0.0045922,simulation
1961-05-15,0.0072766775,simulation
1961-05-16,0.010307938,simulation
1961-05-17,0.007466549,simulation
1961-05-18,0.004352335,simulation
1961-05-19,0.009855621,simulation
1961-05-20,0.0049711303,simulation
1961-05-21,0.0045209667,simulation
1961-05-22,0.005441125,simulation
1961-05-23,0.0028943056,simulation
1961-05-24,0.0018255716,simulation
1961-05-25,0.003261466,simulation
1961-05-26,0.001507755,simulation
1961-05-27,0.010304142,simulation
1961-05-28,0.010017496,simulation
1961-05-29,0.010569401,simulation
1961-05-30,0.010332078,simulation
1961-05-31,0.010259081,simulation
1961-06-01,0.010543726,simulation
1961-06-02,0.009788614,simulation
1961-06-03,0.009534214,simulation
1961-06-04,0.010531437,simulation
1961-06-05,0.010219011,simulation
1961-06-06,0.009982981,simulation
1961-06-07,0.00483116,simulation
1961-06-08,0.008116337,simulation
1961-06-09,0.007103905,simulation
1961-06-10,0.0037702618,simulation
1961-06-11,0.0034524074,simulation
1961-06-12,0.0035483297,simulation
1961-06-13,0.0049169,simulation
1961-06-14,0.0043978044,simulation
1961-06-15,0.0022769412,simulation
1961-06-16,0.0013416662,simulation
1961-06-17,0.0007884291,simulation
1961-06-18,0.00080746,simulation
1961-06-19,0.00073245727,simulation
1961-06-20,0.0008884912,simulation
1961-06-21,0.0062415823,simulation
1961-06-22,0.008956909,simulation
1961-06-23,0.007308569,simulation
1961-06-24,0.00549091,simulation
1961-06-25,0.0017513777,simulation
1961-06-26,0.0010853381,simulation
1961-06-27,0.0073427,simulation
1961-06-28,0.007702213,simulation
1961-06-29,0.0077600926,simulation
1961-06-30,0.007175382,simulation
1961-07-01,0.0070066825,simulation
1961-07-02,0.0072233435,simulation
1961-07-03,0.0046532443,simulation
1961-07-04,0.0068649054,simulation
1961-07-05,0.008873224,simulation
1961-07-06,0.006541025,simulation
1961-07-07,0.00385063,simulation
1961-07-08,0.002525718,simulation
1961-07-09,0.0028943245,simulation
1961-07-10,0.002926513,simulation
1961-07-11,0.00083913875,simulation
1961-07-12,0.001938327,simulation
1961-07-13,0.005310325,simulation
1961-07-14,0.0042842436,simulation
1961-07-15,0.0054710647,simulation
1961-07-16,0.0051077968,simulation
1961-07-17,0.0038636918,simulation
1961-07-18,0.007414911,simulation
1961-07-19,0.006705057,simulation
1961-07-20,0.006471392,simulation
1961-07-21,0.007283589,simulation
1961-07-22,0.0053677727,simulation
1961-07-23,0.0051551512,simulation
1961-07-24,0.006046947,simulation
1961-07-25,0.007274501,simulation
1961-07-26,0.007911619,simulation
1961-07-27,0.006293455,simulation
1961-07-28,0.00687417,simulation
1961-07-29,0.0076708533,simulation
1961-07-30,0.0076151453,simulation
1961-07-31,0.0051150797,simulation
1961-08-01,0.008194152,simulation
1961-08-02,0.007869827,simulation
1961-08-03,0.0069044624,simulation
1961-08-04,0.006569121,simulation
1961-08-05,0.008252662,simulation
1961-08-06,0.0074387435,simulation
1961-08-07,0.0015332936,simulation
1961-08-08,0.0048207347,simulation
1961-08-09,0.0051895785,simulation
1961-08-10,0.008587614,simulation
1961-08-11,0.007074274,simulation
1961-08-12,0.0070980005,simulation
1961-08-13,0.007079972,simulation
1961-08-14,0.004980685,simulation
1961-08-15,0.0037128667,simulation
1961-08-16,0.0033749875,simulation
1961-08-17,0.0066837976,simulation
1961-08-18,0.007278215,simulation
1961-08-19,0.009137604,simulation
1961-08-20,0.0073059145,simulation
1961-08-21,0.004329672,simulation
1961-08-22,0.0072316937,simulation
1961-08-23,0.0070666857,simulation
1961-08-24,0.005914021,simulation
1961-08-25,0.0045294915,simulation
1961-08-26,0.0038512691,simulation
1961-08-27,0.0055250633,simulation
1961-08-28,0.0047519826,simulation
1961-08-29,0.005162022,simulation
1961-08-30,0.006354521,simulation
1961-08-31,0.0046043633,simulation
1961-09-01,0.005895328,simulation
1961-09-02,0.0043286704,simulation
1961-09-03,0.004057037,simulation
1961-09-04,0.005840731,simulation
1961-09-05,0.00757546,simulation
1961-09-06,0.0070714634,simulation
1961-09-07,0.00609379,simulation
1961-09-08,0.0064049466,simulation
1961-09-09,0.0037635828,simulation
1961-09-10,0.002614517,simulation
1961-09-11,0.0009401624,simulation
1961-09-12,0.0011179969,simulation
1961-09-13,0.0016959162,simulation
1961-09-14,0.0023413107,simulation
1961-09-15,0.0056105796,simulation
1961-09-16,0.007593626,simulation
1961-09-17,0.007995548,simulation
1961-09-18,0.006862486,simulation
1961-09-19,0.0067626527,simulation
1961-09-20,0.007014489,simulation
1961-09-21,0.003882143,simulation
1961-09-22,0.004560233,simulation
1961-09-23,0.007095864,simulation
1961-09-24,0.006817721,simulation
1961-09-25,0.008150328,simulation
1961-09-26,0.0072136195,simulation
1961-09-27,0.00766097,simulation
1961-09-28,0.0046923533,simulation
1961-09-29,0.008538134,simulation
1961-09-30,0.0055315634,simulation
1961-10-01,0.0020880424,simulation
1961-10-02,0.0008820915,simulation
1961-10-03,0.0048797275,simulation
1961-10-04,0.007150274,simulation
1961-10-05,0.006893756,simulation
1961-10-06,0.006050812,simulation
1961-10-07,0.0018046128,simulation
1961-10-08,0.0022094094,simulation
1961-10-09,0.006591612,simulation
1961-10-10,0.007127743,simulation
1961-10-11,0.006840891,simulation
1961-10-12,0.007580214,simulation
1961-10-13,0.003702736,simulation
1961-10-14,0.008368872,simulation
1961-10-15,0.007470983,simulation
1961-10-16,0.0066711577,simulation
1961-10-17,0.0067700027,simulation
1961-10-18,0.006475436,simulation
1961-10-19,0.00548751,simulation
1961-10-20,0.0060510887,simulation
1961-10-21,0.005236364,simulation
1961-10-22,0.005468383,simulation
1961-10-23,0.0056492924,simulation
1961-10-24,0.005418042,simulation
1961-10-25,0.0043524737,simulation
1961-10-26,0.006834809,simulation
1961-10-27,0.00630919,simulation
1961-10-28,0.0013682853,simulation
1961-10-29,0.0025921434,simulation
1961-10-30,0.004681336,simulation
1961-10-31,0.002729953,simulation
1961-11-01,0.0025796006,simulation
1961-11-02,0.003997946,simulation
1961-11-03,0.0007382851,simulation
1961-11-04,0.00023446936,simulation
1961-11-05,0.00048394792,simulation
1961-11-06,0.0011633635,simulation
1961-11-07,0.005792847,simulation
1961-11-08,0.0051606568,simulation
1961-11-09,0.0038428786,simulation
1961-11-10,0.0009926824,simulation
1961-11-11,0.0015905614,simulation
1961-11-12,0.0017458416,simulation
1961-11-13,0.0005414579,simulation
1961-11-14,0.000282647,simulation
1961-11-15,0.0006024074,simulation
1961-11-16,0.0043924223,simulation
1961-11-17,0.0016443032,simulation
1961-11-18,0.0007280718,simulation
1961-11-19,0.0017689981,simulation
1961-11-20,0.0029593492,simulation
1961-11-21,0.0013507903,simulation
1961-11-22,0.0009584531,simulation
1961-11-23,0.0007629308,simulation
1961-11-24,0.0027020238,simulation
1961-11-25,0.0027411487,simulation
1961-11-26,0.001421274,simulation
1961-11-27,0.0007654345,simulation
1961-11-28,0.0010700552,simulation
1961-11-29,0.0025780653,simulation
1961-11-30,0.0016506518,simulation
1961-12-01,0.0011902489,simulation
1961-12-02,0.0012378864,simulation
1961-12-03,0.0012885197,simulation
1961-12-04,0.001242785,simulation
1961-12-05,0.00028159417,simulation
1961-12-06,0.0001207497,simulation
1961-12-07,0.0017996803,simulation
1961-12-08,0.0011152145,simulation
1961-12-09,0.0008615341,simulation
1961-12-10,0.0003053201,simulation
1961-12-11,0.00045470495,simulation
1961-12-12,0.0003031265,simulation
1961-12-13,0.0018707693,simulation
1961-12-14,6.695249e-05,simulation
1961-12-15,7.5853313e-06,simulation
1961-12-16,0.000106230436,simulation
1961-12-17,0.00012253848,simulation
1961-12-18,0.0004282362,simulation
1961-12-19,0.0025038014,simulation
1961-12-20,0.0014375763,simulation
1961-12-21,0.0013220106,simulation
1961-12-22,0.001780234,simulation
1961-12-23,0.0029682936,simulation
1961-12-24,0.0012442796,simulation
1961-12-25,0.0014311806,simulation
1961-12-26,0.0014137374,simulation
1961-12-27,0.00061661185,simulation
1961-12-28,0.0012226754,simulation
1961-12-29,0.0014375763,simulation
1961-12-30,0.0017970649,simulation
1961-12-31,0.00042710375,simulation
1962-01-01,0.0007116579,simulation
1962-01-02,0.001414465,simulation
1962-01-03,0.0017427069,simulation
1962-01-04,0.0010319332,simulation
1962-01-05,0.00032019225,simulation
1962-01-06,0.00044966873,simulation
1962-01-07,0.00061247055,simulation
1962-01-08,0.0015761838,simulation
1962-01-09,0.0004347572,simulation
1962-01-10,0.001039055,simulation
1962-01-11,0.000743583,simulation
1962-01-12,0.00087747327,simulation
1962-01-13,0.0011130127,simulation
1962-01-14,0.0009385464,simulation
1962-01-15,0.0013402851,simulation
1962-01-16,0.001352414,simulation
1962-01-17,0.0015036252,simulation
1962-01-18,0.00032378806,simulation
1962-01-19,0.00011753576,simulation
1962-01-20,0.00024767028,simulation
1962-01-21,0.0007206605,simulation
1962-01-22,0.0005358941,simulation
1962-01-23,9.1484486e-05,simulation
1962-01-24,0.00062185497,simulation
1962-01-25,0.0007490437,simulation
1962-01-26,0.0007893123,simulation
1962-01-27,0.000293155,simulation
1962-01-28,0.0034630487,simulation
1962-01-29,0.0026023095,simulation
1962-01-30,0.0036239661,simulation
1962-01-31,0.0030036943,simulation
1962-02-01,0.0031813262,simulation
1962-02-02,0.002423523,simulation
1962-02-03,0.0012669144,simulation
1962-02-04,0.0007765031,simulation
1962-02-05,0.0010210783,simulation
1962-02-06,0.0036780448,simulation
1962-02-07,0.00297516,simulation
1962-02-08,0.00091912935,simulation
1962-02-09,0.0026503473,simulation
1962-02-10,0.0032333052,simulation
1962-02-11,0.0035525567,simulation
1962-02-12,0.003962316,simulation
1962-02-13,0.004869982,simulation
1962-02-14,0.00094567804,simulation
1962-02-15,0.0008078079,simulation
1962-02-16,0.0007161627,simulation
1962-02-17,0.001707131,simulation
1962-02-18,0.0008356786,simulation
1962-02-19,0.004983375,simulation
1962-02-20,0.0032002775,simulation
1962-02-21,0.00086532446,simulation
1962-02-22,0.00097458035,simulation
1962-02-23,0.0015323746,simulation
1962-02-24,0.0039987173,simulation
1962-02-25,0.0013729879,simulation
1962-02-26,0.00232124,simulation
1962-02-27,0.0033625127,simulation
1962-02-28,0.00064483605,simulation
1962-03-01,0.000662481,simulation
1962-03-02,0.00031049098,simulation
1962-03-03,0.0004472555,simulation
1962-03-04,0.00078099646,simulation
1962-03-05,0.00441,simulation
1962-03-06,0.0039451555,simulation
1962-03-07,0.0012293071,simulation
1962-03-08,0.0010537169,simulation
1962-03-09,0.0012748784,simulation
1962-03-10,0.0008439198,simulation
1962-03-11,0.000969814,simulation
1962-03-12,0.0059782155,simulation
1962-03-13,0.0036968861,simulation
1962-03-14,0.0009863849,simulation
1962-03-15,0.0022045134,simulation
1962-03-16,0.0055127405,simulation
1962-03-17,0.0048394627,simulation
1962-03-18,0.0053563872,simulation
1962-03-19,0.0039250627,simulation
1962-03-20,0.0012303635,simulation
1962-03-21,0.005629598,simulation
1962-03-22,0.0016304223,simulation
1962-03-23,0.006469628,simulation
1962-03-24,0.0060295975,simulation
1962-03-25,0.0064712754,simulation
1962-03-26,0.0043545044,simulation
1962-03-27,0.0070041437,simulation
1962-03-28,0.0062556267,simulation
1962-03-29,0.0054497314,simulation
1962-03-30,0.0027635773,simulation
1962-03-31,0.0006906454,simulation
1962-04-01,0.0063695293,simulation
1962-04-02,0.005969953,simulation
1962-04-03,0.0048145885,simulation
1962-04-04,0.0022872544,simulation
1962-04-05,0.0007325854,simulation
1962-04-06,0.0014375763,simulation
1962-04-07,0.0013364955,simulation
1962-04-08,0.006974824,simulation
1962-04-09,0.005213451,simulation
1962-04-10,0.0030535618,simulation
1962-04-11,0.0027093743,simulation
1962-04-12,0.0016567395,simulation
1962-04-13,0.0072054416,simulation
1962-04-14,0.007152088,simulation
1962-04-15,0.0071242433,simulation
1962-04-16,0.0069277715,simulation
1962-04-17,0.0017153333,simulation
1962-04-18,0.0041203033,simulation
1962-04-19,0.0073666144,simulation
1962-04-20,0.008159626,simulation
1962-04-21,0.009477124,simulation
1962-04-22,0.007642273,simulation
1962-04-23,0.0046997513,simulation
1962-04-24,0.0014321625,simulation
1962-04-25,0.001981873,simulation
1962-04-26,0.005198083,simulation
1962-04-27,0.005699918,simulation
1962-04-28,0.0020262108,simulation
1962-04-29,0.0048873588,simulation
1962-04-30,0.005796414,simulation
1962-05-01,0.0036808578,simulation
1962-05-02,0.0077483393,simulation
1962-05-03,0.0038091806,simulation
1962-05-04,0.007862382,simulation
1962-05-05,0.0081069805,simulation
1962-05-06,0.008831907,simulation
1962-05-07,0.0083501525,simulation
1962-05-08,0.010245271,simulation
1962-05-09,0.009515472,simulation
1962-05-10,0.0074044764,simulation
1962-05-11,0.010003462,simulation
1962-05-12,0.009891473,simulation
1962-05-13,0.010051228,simulation
1962-05-14,0.007500045,simulation
1962-05-15,0.008587237,simulation
1962-05-16,0.010556012,simulation
1962-05-17,0.010003403,simulation
1962-05-18,0.009805184,simulation
1962-05-19,0.011403553,simulation
1962-05-20,0.00947015,simulation
1962-05-21,0.010783777,simulation
1962-05-22,0.010326907,simulation
1962-05-23,0.005822062,simulation
1962-05-24,0.006110399,simulation
1962-05-25,0.008586369,simulation
1962-05-26,0.007393593,simulation
1962-05-27,0.009834964,simulation
1962-05-28,0.012697138,simulation
1962-05-29,0.0063603055,simulation
1962-05-30,0.002241681,simulation
1962-05-31,0.0022562593,simulation
1962-06-01,0.0034962012,simulation
1962-06-02,0.0063753594,simulation
1962-06-03,0.0065206755,simulation
1962-06-04,0.0049822386,simulation
1962-06-05,0.006020165,simulation
1962-06-06,0.0050580422,simulation
1962-06-07,0.008047996,simulation
1962-06-08,0.0053807604,simulation
1962-06-09,0.0060548745,simulation
1962-06-10,0.0066922996,simulation
1962-06-11,0.0042098123,simulation
1962-06-12,0.0051682577,simulation
1962-06-13,0.0051989835,simulation
1962-06-14,0.006589502,simulation
1962-06-15,0.010847308,simulation
1962-06-16,0.010388628,simulation
1962-06-17,0.008183353,simulation
1962-06-18,0.0090094395,simulation
1962-06-19,0.007089749,simulation
1962-06-20,0.005114775,simulation
1962-06-21,0.012464479,simulation
1962-06-22,0.012113124,simulation
1962-06-23,0.0087112,simulation
1962-06-24,0.0064920783,simulation
1962-06-25,0.008280288,simulation
1962-06-26,0.008340167,simulation
1962-06-27,0.005856869,simulation
1962-06-28,0.005251378,simulation
1962-06-29,0.0037246929,simulation
1962-06-30,0.008783339,simulation
1962-07-01,0.010319401,simulation
1962-07-02,0.010717746,simulation
1962-07-03,0.010648336,simulation
1962-07-04,0.009456072,simulation
1962-07-05,0.011611477,simulation
1962-07-06,0.0072338907,simulation
1962-07-07,0.011445783,simulation
1962-07-08,0.012104437,simulation
1962-07-09,0.01213292,simulation
1962-07-10,0.011036813,simulation
1962-07-11,0.008187731,simulation
1962-07-12,0.0083248075,simulation
1962-07-13,0.009333791,simulation
1962-07-14,0.012284122,simulation
1962-07-15,0.010798685,simulation
1962-07-16,0.009368749,simulation
1962-07-17,0.011366766,simulation
1962-07-18,0.013614692,simulation
1962-07-19,0.016154684,simulation
1962-07-20,0.01501964,simulation
1962-07-21,0.011231475,simulation
1962-07-22,0.013386942,simulation
1962-07-23,0.012707029,simulation
1962-07-24,0.012057144,simulation
1962-07-25,0.010583807,simulation
1962-07-26,0.008730503,simulation
1962-07-27,0.009222226,simulation
1962-07-28,0.00695738,simulation
1962-07-29,0.005977625,simulation
1962-07-30,0.01150059,simulation
1962-07-31,0.013272576,simulation
1962-08-01,0.011719711,simulation
1962-08-02,0.0065384,simulation
1962-08-03,0.004815557,simulation
1962-08-04,0.0079387445,simulation
1962-08-05,0.0089779105,simulation
1962-08-06,0.012935117,simulation
1962-08-07,0.013269424,simulation
1962-08-08,0.014341272,simulation
1962-08-09,0.016170576,simulation
1962-08-10,0.014148466,simulation
1962-08-11,0.015535317,simulation
1962-08-12,0.015728906,simulation
1962-08-13,0.010727406,simulation
1962-08-14,0.010691844,simulation
1962-08-15,0.008084311,simulation
1962-08-16,0.006678547,simulation
1962-08-17,0.0132971555,simulation
1962-08-18,0.013045825,simulation
1962-08-19,0.0130409375,simulation
1962-08-20,0.011083106,simulation
1962-08-21,0.0075212875,simulation
1962-08-22,0.008211447,simulation
1962-08-23,0.0098634465,simulation
1962-08-24,0.00813329,simulation
1962-08-25,0.0022118601,simulation
1962-08-26,0.0071515334,simulation
1962-08-27,0.012111474,simulation
1962-08-28,0.012075681,simulation
1962-08-29,0.006309376,simulation
1962-08-30,0.010847099,simulation
1962-08-31,0.010107284,simulation
1962-09-01,0.011206711,simulation
1962-09-02,0.011476152,simulation
1962-09-03,0.012225002,simulation
1962-09-04,0.012901822,simulation
1962-09-05,0.0071694446,simulation
1962-09-06,0.0080208955,simulation
1962-09-07,0.0035348535,simulation
1962-09-08,0.0033964773,simulation
1962-09-09,0.007378755,simulation
1962-09-10,0.008368683,simulation
1962-09-11,0.010627382,simulation
1962-09-12,0.010681162,simulation
1962-09-13,0.011447154,simulation
1962-09-14,0.008410059,simulation
1962-09-15,0.0032197305,simulation
1962-09-16,0.005752071,simulation
1962-09-17,0.007052577,simulation
1962-09-18,0.008525255,simulation
1962-09-19,0.011130696,simulation
1962-09-20,0.011542387,simulation
1962-09-21,0.0121862665,simulation
1962-09-22,0.010268146,simulation
1962-09-23,0.010976043,simulation
1962-09-24,0.009051872,simulation
1962-09-25,0.008355279,simulation
1962-09-26,0.0011067183,simulation
1962-09-27,0.01035888,simulation
1962-09-28,0.009840525,simulation
1962-09-29,0.011215838,simulation
1962-09-30,0.011345325,simulation
1962-10-01,0.0012247767,simulation
1962-10-02,0.0027066101,simulation
1962-10-03,0.006328256,simulation
1962-10-04,0.0109757595,simulation
1962-10-05,0.010042087,simulation
1962-10-06,0.01181224,simulation
1962-10-07,0.0036849498,simulation
1962-10-08,0.001648815,simulation
1962-10-09,0.002640896,simulation
1962-10-10,0.009035434,simulation
1962-10-11,0.007244216,simulation
1962-10-12,0.007242954,simulation
1962-10-13,0.0054813875,simulation
1962-10-14,0.0052950904,simulation
1962-10-15,0.0039026742,simulation
1962-10-16,0.003976767,simulation
1962-10-17,0.0055885287,simulation
1962-10-18,0.00876402,simulation
1962-10-19,0.0093284445,simulation
1962-10-20,0.007704129,simulation
1962-10-21,0.0013352352,simulation
1962-10-22,0.00731909,simulation
1962-10-23,0.008361623,simulation
1962-10-24,0.0033990662,simulation
1962-10-25,0.006725226,simulation
1962-10-26,0.0032355941,simulation
1962-10-27,0.0040084072,simulation
1962-10-28,0.005556455,simulation
1962-10-29,0.0010513646,simulation
1962-10-30,0.0027546645,simulation
1962-10-31,0.008506814,simulation
1962-11-01,0.001061444,simulation
1962-11-02,0.0011907604,simulation
1962-11-03,0.0006868625,simulation
1962-11-04,0.0029996221,simulation
1962-11-05,0.004344792,simulation
1962-11-06,0.0022369071,simulation
1962-11-07,0.00079353753,simulation
1962-11-08,0.0007882257,simulation
1962-11-09,0.004894095,simulation
1962-11-10,0.0039234688,simulation
1962-11-11,0.0036787286,simulation
1962-11-12,0.0024430074,simulation
1962-11-13,0.0055587734,simulation
1962-11-14,0.004289951,simulation
1962-11-15,0.0027614634,simulation
1962-11-16,0.0019604827,simulation
1962-11-17,0.00077938405,simulation
1962-11-18,0.00073733204,simulation
1962-11-19,0.0010680339,simulation
1962-11-20,0.00034997077,simulation
1962-11-21,0.0011357142,simulation
1962-11-22,0.0048630205,simulation
1962-11-23,0.0036366978,simulation
1962-11-24,0.0014669597,simulation
1962-11-25,0.0009447834,simulation
1962-11-26,0.0012782753,simulation
1962-11-27,0.001089918,simulation
1962-11-28,0.001444619,simulation
1962-11-29,0.0006510148,simulation
1962-11-30,0.0020224073,simulation
1962-12-01,0.0018794267,simulation
1962-12-02,0.0024233172,simulation
1962-12-03,0.0020149928,simulation
1962-12-04,0.0017234264,simulation
1962-12-05,0.001942473,simulation
1962-12-06,0.0030437214,simulation
1962-12-07,0.0019761238,simulation
1962-12-08,0.0016972235,simulation
1962-12-09,0.0029767964,simulation
1962-12-10,0.0029423772,simulation
1962-12-11,0.0013099277,simulation
1962-12-12,0.001446602,simulation
1962-12-13,0.0013472025,simulation
1962-12-14,0.0019584736,simulation
1962-12-15,0.00068792887,simulation
1962-12-16,0.00068497134,simulation
1962-12-17,0.00086287025,simulation
1962-12-18,0.00075943995,simulation
1962-12-19,0.00038419667,simulation
1962-12-20,0.00072430086,simulation
1962-12-21,0.0004859435,simulation
1962-12-22,0.00067100866,simulation
1962-12-23,0.0019033576,simulation
1962-12-24,0.000520896,simulation
1962-12-25,0.0001089882,simulation
1962-12-26,0.0003555723,simulation
1962-12-27,0.00018566483,simulation
1962-12-28,0.00021263951,simulation
1962-12-29,0.00092047435,simulation
1962-12-30,0.0015338192,simulation
1962-12-31,0.0018794267,simulation
1963-01-01,0.0012473813,simulation
1963-01-02,0.0008441375,simulation
1963-01-03,0.0015611323,simulation
1963-01-04,0.0010268003,simulation
1963-01-05,0.00042922408,simulation
1963-01-06,0.00024102983,simulation
1963-01-07,0.00074872375,simulation
1963-01-08,0.001964843,simulation
1963-01-09,0.0012128459,simulation
1963-01-10,0.002038013,simulation
1963-01-11,0.00044899248,simulation
1963-01-12,0.00022424452,simulation
1963-01-13,0.00065733783,simulation
1963-01-14,0.0007578069,simulation
1963-01-15,0.0011573829,simulation
1963-01-16,0.0014411546,simulation
1963-01-17,0.000565407,simulation
1963-01-18,0.0001135238,simulation
1963-01-19,1.4271034e-05,simulation
1963-01-20,0.00024089962,simulation
1963-01-21,0.0016050687,simulation
1963-01-22,0.0017283006,simulation
1963-01-23,0.00075898215,simulation
1963-01-24,0.0013483594,simulation
1963-01-25,0.00097265386,simulation
1963-01-26,0.0008453738,simulation
1963-01-27,0.0015314554,simulation
1963-01-28,0.0018534156,simulation
1963-01-29,0.0007723681,simulation
1963-01-30,0.00019196811,simulation
1963-01-31,0.00050627196,simulation
1963-02-01,0.0008293004,simulation
1963-02-02,0.0012268816,simulation
1963-02-03,0.0035098966,simulation
1963-02-04,0.0017635582,simulation
1963-02-05,0.0033958447,simulation
1963-02-06,0.0034534254,simulation
1963-02-07,0.0036751456,simulation
1963-02-08,0.00079449464,simulation
1963-02-09,0.001991377,simulation
1963-02-10,0.0010098151,simulation
1963-02-11,0.0007556561,simulation
1963-02-12,0.0025861952,simulation
1963-02-13,0.003321972,simulation
1963-02-14,0.0041366303,simulation
1963-02-15,0.0020903607,simulation
1963-02-16,0.003164931,simulation
1963-02-17,0.0022682208,simulation
1963-02-18,0.00082410494,simulation
1963-02-19,0.00064597937,simulation
1963-02-20,0.0029623678,simulation
1963-02-21,0.0012147224,simulation
1963-02-22,0.0029666373,simulation
1963-02-23,0.0015270005,simulation
1963-02-24,0.0033985355,simulation
1963-02-25,0.0010491975,simulation
1963-02-26,0.0026281206,simulation
1963-02-27,0.0043640304,simulation
1963-02-28,0.003358396,simulation
1963-03-01,0.0010195868,simulation
1963-03-02,0.002848341,simulation
1963-03-03,0.0042771604,simulation
1963-03-04,0.0012177511,simulation
1963-03-05,0.0008401502,simulation
1963-03-06,0.004528735,simulation
1963-03-07,0.0049346397,simulation
1963-03-08,0.0035585656,simulation
1963-03-09,0.0020472594,simulation
1963-03-10,0.004731161,simulation
1963-03-11,0.0024413436,simulation
1963-03-12,0.0011562901,simulation
1963-03-13,0.005322968,simulation
1963-03-14,0.0016459934,simulation
1963-03-15,0.003479608,simulation
1963-03-16,0.0017576833,simulation
1963-03-17,0.004276937,simulation
1963-03-18,0.0037503552,simulation
1963-03-19,0.0031237046,simulation
1963-03-20,0.007253958,simulation
1963-03-21,0.006845355,simulation
1963-03-22,0.005459564,simulation
1963-03-23,0.006066012,simulation
1963-03-24,0.0049201916,simulation
1963-03-25,0.0021290812,simulation
1963-03-26,0.007533569,simulation
1963-03-27,0.0069093145,simulation
1963-03-28,0.006309377,simulation
1963-03-29,0.007161932,simulation
1963-03-30,0.007558055,simulation
1963-03-31,0.006458506,simulation
1963-04-01,0.007885881,simulation
1963-04-02,0.0073273107,simulation
1963-04-03,0.0046393573,simulation
1963-04-04,0.006553271,simulation
1963-04-05,0.0047374954,simulation
1963-04-06,0.0013600935,simulation
1963-04-07,0.003222461,simulation
1963-04-08,0.006260086,simulation
1963-04-09,0.001986959,simulation
1963-04-10,0.005551918,simulation
1963-04-11,0.0022736427,simulation
1963-04-12,0.0046117813,simulation
1963-04-13,0.009172436,simulation
1963-04-14,0.007944997,simulation
1963-04-15,0.0070747742,simulation
1963-04-16,0.0093874,simulation
1963-04-17,0.009206526,simulation
1963-04-18,0.0057313093,simulation
1963-04-19,0.004533559,simulation
1963-04-20,0.00097357464,simulation
1963-04-21,0.004046483,simulation
1963-04-22,0.0066215005,simulation
1963-04-23,0.003809295,simulation
1963-04-24,0.0021469647,simulation
1963-04-25,0.0015285712,simulation
1963-04-26,0.003898397,simulation
1963-04-27,0.0017288922,simulation
1963-04-28,0.0022911578,simulation
1963-04-29,0.005677413,simulation
1963-04-30,0.009652067,simulation
1963-05-01,0.0065744007,simulation
1963-05-02,0.005719221,simulation
1963-05-03,0.007955875,simulation
1963-05-04,0.006485283,simulation
1963-05-05,0.007892415,simulation
1963-05-06,0.0072265603,simulation
1963-05-07,0.010176595,simulation
1963-05-08,0.010159474,simulation
1963-05-09,0.009887956,simulation
1963-05-10,0.009647351,simulation
1963-05-11,0.009756975,simulation
1963-05-12,0.0106083155,simulation
1963-05-13,0.006737734,simulation
1963-05-14,0.0082601225,simulation
1963-05-15,0.010973085,simulation
1963-05-16,0.007222413,simulation
1963-05-17,0.0094565265,simulation
1963-05-18,0.005642619,simulation
1963-05-19,0.0043678745,simulation
1963-05-20,0.0038565227,simulation
1963-05-21,0.006928143,simulation
1963-05-22,0.008984957,simulation
1963-05-23,0.010544382,simulation
1963-05-24,0.009024053,simulation
1963-05-25,0.0063701803,simulation
1963-05-26,0.0076655257,simulation
1963-05-27,0.008082613,simulation
1963-05-28,0.003501232,simulation
1963-05-29,0.009013965,simulation
1963-05-30,0.010904472,simulation
1963-05-31,0.010653626,simulation
1963-06-01,0.01585599,simulation
1963-06-02,0.012920789,simulation
1963-06-03,0.013409302,simulation
1963-06-04,0.012571394,simulation
1963-06-05,0.0102536455,simulation
1963-06-06,0.013342675,simulation
1963-06-07,0.01570806,simulation
1963-06-08,0.016217895,simulation
1963-06-09,0.015296131,simulation
1963-06-10,0.0082177445,simulation
1963-06-11,0.016533047,simulation
1963-06-12,0.013346851,simulation
1963-06-13,0.016529799,simulation
1963-06-14,0.015546486,simulation
1963-06-15,0.012694882,simulation
1963-06-16,0.014035299,simulation
1963-06-17,0.0009991056,simulation
1963-06-18,0.002390914,simulation
1963-06-19,0.0064871684,simulation
1963-06-20,0.0016946109,simulation
1963-06-21,0.0010455067,simulation
1963-06-22,0.0046301447,simulation
1963-06-23,0.004881806,simulation
1963-06-24,0.0034085733,simulation
1963-06-25,0.007888948,simulation
1963-06-26,0.0064389524,simulation
1963-06-27,0.0073032593,simulation
1963-06-28,0.007179458,simulation
1963-06-29,0.008203834,simulation
1963-06-30,0.007449701,simulation
1963-07-01,0.011479262,simulation
1963-07-02,0.00911528,simulation
1963-07-03,0.008080915,simulation
1963-07-04,0.013574943,simulation
1963-07-05,0.014759749,simulation
1963-07-06,0.014333129,simulation
1963-07-07,0.014155135,simulation
1963-07-08,0.0032650603,simulation
1963-07-09,0.007873616,simulation
1963-07-10,0.013201769,simulation
1963-07-11,0.013751168,simulation
1963-07-12,0.011677267,simulation
1963-07-13,0.0025557808,simulation
1963-07-14,0.003832837,simulation
1963-07-15,0.007977467,simulation
1963-07-16,0.0070695984,simulation
1963-07-17,0.009119119,simulation
1963-07-18,0.009820787,simulation
1963-07-19,0.00989108,simulation
1963-07-20,0.0140416995,simulation
1963-07-21,0.008371395,simulation
1963-07-22,0.012274381,simulation
1963-07-23,0.0044749156,simulation
1963-07-24,0.0078017083,simulation
1963-07-25,0.0015651503,simulation
1963-07-26,0.00466056,simulation
1963-07-27,0.007095845,simulation
1963-07-28,0.009467995,simulation
1963-07-29,0.008203658,simulation
1963-07-30,0.006391492,simulation
1963-07-31,0.0021465984,simulation
1963-08-01,0.012175083,simulation
1963-08-02,0.0135845505,simulation
1963-08-03,0.013027176,simulation
1963-08-04,0.014650568,simulation
1963-08-05,0.013711292,simulation
1963-08-06,0.01447276,simulation
1963-08-07,0.011347171,simulation
1963-08-08,0.009186474,simulation
1963-08-09,0.009577523,simulation
1963-08-10,0.010899898,simulation
1963-08-11,0.007864603,simulation
1963-08-12,0.0123446435,simulation
1963-08-13,0.0062868944,simulation
1963-08-14,0.0011971176,simulation
1963-08-15,0.010698374,simulation
1963-08-16,0.011634469,simulation
1963-08-17,0.012529101,simulation
1963-08-18,0.011769868,simulation
1963-08-19,0.0107434895,simulation
1963-08-20,0.0028231582,simulation
1963-08-21,0.010701496,simulation
1963-08-22,0.010824187,simulation
1963-08-23,0.012305032,simulation
1963-08-24,0.013585847,simulation
1963-08-25,0.011209987,simulation
1963-08-26,0.012502514,simulation
1963-08-27,0.012283739,simulation
1963-08-28,0.011383913,simulation
1963-08-29,0.00626293,simulation
1963-08-30,0.009627247,simulation
1963-08-31,0.014509071,simulation
1963-09-01,0.015309252,simulation
1963-09-02,0.014147181,simulation
1963-09-03,0.011431403,simulation
1963-09-04,0.009377826,simulation
1963-09-05,0.008434628,simulation
1963-09-06,0.012438994,simulation
1963-09-07,0.00813132,simulation
1963-09-08,0.01485157,simulation
1963-09-09,0.015225761,simulation
1963-09-10,0.014401283,simulation
1963-09-11,0.013355933,simulation
1963-09-12,0.012028787,simulation
1963-09-13,0.00705321,simulation
1963-09-14,0.0010584375,simulation
1963-09-15,0.000864952,simulation
1963-09-16,0.0012273038,simulation
1963-09-17,0.0012025787,simulation
1963-09-18,0.0016215106,simulation
1963-09-19,0.013974261,simulation
1963-09-20,0.013914555,simulation
1963-09-21,0.011373217,simulation
1963-09-22,0.016058698,simulation
1963-09-23,0.008609326,simulation
1963-09-24,0.009375639,simulation
1963-09-25,0.012435883,simulation
1963-09-26,0.0031442149,simulation
1963-09-27,0.0007897883,simulation
1963-09-28,0.0008625732,simulation
1963-09-29,0.008320971,simulation
1963-09-30,0.012487497,simulation
1963-10-01,0.0097992355,simulation
1963-10-02,0.0067894952,simulation
1963-10-03,0.012616344,simulation
1963-10-04,0.014022317,simulation
1963-10-05,0.008828256,simulation
1963-10-06,0.012047745,simulation
1963-10-07,0.012879853,simulation
1963-10-08,0.01283773,simulation
1963-10-09,0.014160348,simulation
1963-10-10,0.013735004,simulation
1963-10-11,0.013259451,simulation
1963-10-12,0.013484445,simulation
1963-10-13,0.013588812,simulation
1963-10-14,0.011646434,simulation
1963-10-15,0.012627767,simulation
1963-10-16,0.010428426,simulation
1963-10-17,0.011861524,simulation
1963-10-18,0.012500767,simulation
1963-10-19,0.013415498,simulation
1963-10-20,0.008419632,simulation
1963-10-21,0.007791228,simulation
1963-10-22,0.0044203363,simulation
1963-10-23,0.004513053,simulation
1963-10-24,0.0018224518,simulation
1963-10-25,0.0011897382,simulation
1963-10-26,0.0035477297,simulation
1963-10-27,0.0015402733,simulation
1963-10-28,0.0094915405,simulation
1963-10-29,0.011931253,simulation
1963-10-30,0.008546584,simulation
1963-10-31,0.012386551,simulation
1963-11-01,0.0017976798,simulation
1963-11-02,0.005774157,simulation
1963-11-03,0.0021028903,simulation
1963-11-04,0.0023060532,simulation
1963-11-05,0.0016098875,simulation
1963-11-06,0.0015410653,simulation
1963-11-07,0.006127081,simulation
1963-11-08,0.0012980653,simulation
1963-11-09,0.0009119607,simulation
1963-11-10,0.0040882397,simulation
1963-11-11,0.006286374,simulation
1963-11-12,0.008672507,simulation
1963-11-13,0.004693924,simulation
1963-11-14,0.002767808,simulation
1963-11-15,0.0021261757,simulation
1963-11-16,0.0074245064,simulation
1963-11-17,0.005994554,simulation
1963-11-18,0.0022956554,simulation
1963-11-19,0.0048764898,simulation
1963-11-20,0.0008086428,simulation
1963-11-21,0.0014111942,simulation
1963-11-22,0.0011285165,simulation
1963-11-23,0.0011258046,simulation
1963-11-24,0.0033809883,simulation
1963-11-25,0.0015142292,simulation
1963-11-26,0.00070557755,simulation
1963-11-27,0.00071870664,simulation
1963-11-28,0.00058089284,simulation
1963-11-29,0.0068680025,simulation
1963-11-30,0.0057305438,simulation
1963-12-01,0.0017102024,simulation
1963-12-02,0.00088140887,simulation
1963-12-03,0.0023617542,simulation
1963-12-04,0.0028528138,simulation
1963-12-05,0.0021594602,simulation
1963-12-06,0.00089864084,simulation
1963-12-07,0.0025505647,simulation
1963-12-08,0.0060005416,simulation
1963-12-09,0.0032306628,simulation
1963-12-10,0.0011421721,simulation
1963-12-11,0.00067054597,simulation
1963-12-12,0.00047162958,simulation
1963-12-13,0.00023041427,simulation
1963-12-14,0.00066113577,simulation
1963-12-15,0.0010286559,simulation
1963-12-16,0.00089201535,simulation
1963-12-17,0.0013435091,simulation
1963-12-18,0.0013010766,simulation
1963-12-19,0.0015902888,simulation
1963-12-20,0.0008197182,simulation
1963-12-21,0.0008608673,simulation
1963-12-22,0.00062759785,simulation
1963-12-23,0.0003905033,simulation
1963-12-24,0.0010607145,simulation
1963-12-25,0.0015950638,simulation
1963-12-26,0.0017907732,simulation
1963-12-27,0.0013767624,simulation
1963-12-28,0.00125846,simulation
1963-12-29,0.0019828891,simulation
1963-12-30,0.0018918398,simulation
1963-12-31,0.00073214236,simulation
1964-01-01,0.0016258212,simulation
1964-01-02,0.0025182036,simulation
1964-01-03,0.0017005684,simulation
1964-01-04,0.00073207915,simulation
1964-01-05,0.0009865547,simulation
1964-01-06,0.000412755,simulation
1964-01-07,0.0006844403,simulation
1964-01-08,0.00039866153,simulation
1964-01-09,0.0010375374,simulation
1964-01-10,0.0012137837,simulation
1964-01-11,0.0007711715,simulation
1964-01-12,0.0008656224,simulation
1964-01-13,0.0011633635,simulation
1964-01-14,0.0013017466,simulation
1964-01-15,0.0008625732,simulation
1964-01-16,0.00035997242,simulation
1964-01-17,0.0024555244,simulation
1964-01-18,0.0011879004,simulation
1964-01-19,0.0016780095,simulation
1964-01-20,0.0051902547,simulation
1964-01-21,0.0029443768,simulation
1964-01-22,0.00083216105,simulation
1964-01-23,0.00029358017,simulation
1964-01-24,0.00086532446,simulation
1964-01-25,0.0017711183,simulation
1964-01-26,0.003406255,simulation
1964-01-27,0.00086621847,simulation
1964-01-28,0.0034294755,simulation
1964-01-29,0.0012445997,simulation
1964-01-30,0.0014109515,simulation
1964-01-31,0.0012895149,simulation
1964-02-01,0.003753595,simulation
1964-02-02,0.0011059578,simulation
1964-02-03,0.0029483787,simulation
1964-02-04,0.0012086874,simulation
1964-02-05,0.0018762159,simulation
1964-02-06,0.0013339752,simulation
1964-02-07,0.0009588656,simulation
1964-02-08,0.0034993107,simulation
1964-02-09,0.004412692,simulation
1964-02-10,0.0042052744,simulation
1964-02-11,0.0036241275,simulation
1964-02-12,0.0014859447,simulation
1964-02-13,0.00055816397,simulation
1964-02-14,0.0022599185,simulation
1964-02-15,0.0018819992,simulation
1964-02-16,0.0021480643,simulation
1964-02-17,0.0021857854,simulation
1964-02-18,0.0002264517,simulation
1964-02-19,0.002306249,simulation
1964-02-20,0.0023141275,simulation
1964-02-21,0.0005713668,simulation
1964-02-22,0.0020855474,simulation
1964-02-23,0.0030564002,simulation
1964-02-24,0.002226057,simulation
1964-02-25,0.0004443916,simulation
1964-02-26,0.0004090157,simulation
1964-02-27,0.00021202216,simulation
1964-02-28,0.003971255,simulation
1964-02-29,0.0014827637,simulation
1964-03-01,0.0008026774,simulation
1964-03-02,0.0009776865,simulation
1964-03-03,0.0018907076,simulation
1964-03-04,0.0020395804,simulation
1964-03-05,0.0049127443,simulation
1964-03-06,0.004850137,simulation
1964-03-07,0.0011692746,simulation
1964-03-08,0.0032281026,simulation
1964-03-09,0.001823699,simulation
1964-03-10,0.0032969206,simulation
1964-03-11,0.0036190879,simulation
1964-03-12,0.0057120714,simulation
1964-03-13,0.0022315704,simulation
1964-03-14,0.0009546687,simulation
1964-03-15,0.0029592714,simulation
1964-03-16,0.0035171986,simulation
1964-03-17,0.0056153554,simulation
1964-03-18,0.0033608517,simulation
1964-03-19,0.002135269,simulation
1964-03-20,0.0047201333,simulation
1964-03-21,0.0019195327,simulation
1964-03-22,0.004530397,simulation
1964-03-23,0.0021102645,simulation
1964-03-24,0.0013830353,simulation
1964-03-25,0.0017756704,simulation
1964-03-26,0.0037335574,simulation
1964-03-27,0.005558444,simulation
1964-03-28,0.0020101785,simulation
1964-03-29,0.00490127,simulation
1964-03-30,0.0050908937,simulation
1964-03-31,0.0057371203,simulation
1964-04-01,0.0040712724,simulation
1964-04-02,0.0033424548,simulation
1964-04-03,0.0015177372,simulation
1964-04-04,0.00397825,simulation
1964-04-05,0.0010137298,simulation
1964-04-06,0.0022346177,simulation
1964-04-07,0.0015729468,simulation
1964-04-08,0.0030961642,simulation
1964-04-09,0.0053484607,simulation
1964-04-10,0.0061553586,simulation
1964-04-11,0.0069928765,simulation
1964-04-12,0.0013817308,simulation
1964-04-13,0.00097340724,simulation
1964-04-14,0.003044376,simulation
1964-04-15,0.007561654,simulation
1964-04-16,0.008147027,simulation
1964-04-17,0.0049453173,simulation
1964-04-18,0.003234114,simulation
1964-04-19,0.0065667443,simulation
1964-04-20,0.0064866804,simulation
1964-04-21,0.003748383,simulation
1964-04-22,0.0017970649,simulation
1964-04-23,0.005997665,simulation
1964-04-24,0.002556433,simulation
1964-04-25,0.0017172422,simulation
1964-04-26,0.0011351289,simulation
1964-04-27,0.008404709,simulation
1964-04-28,0.0046625403,simulation
1964-04-29,0.006637497,simulation
1964-04-30,0.00343277,simulation
1964-05-01,0.004592793,simulation
1964-05-02,0.005589513,simulation
1964-05-03,0.0077637583,simulation
1964-05-04,0.005913588,simulation
1964-05-05,0.007994708,simulation
1964-05-06,0.0047062426,simulation
1964-05-07,0.007474432,simulation
1964-05-08,0.004757314,simulation
1964-05-09,0.0041610277,simulation
1964-05-10,0.0041764905,simulation
1964-05-11,0.005068766,simulation
1964-05-12,0.0011465962,simulation
1964-05-13,0.009785488,simulation
1964-05-14,0.008978307,simulation
1964-05-15,0.007877197,simulation
1964-05-16,0.009935968,simulation
1964-05-17,0.010226361,simulation
1964-05-18,0.010674059,simulation
1964-05-19,0.0096917,simulation
1964-05-20,0.010653809,simulation
1964-05-21,0.009039909,simulation
1964-05-22,0.0064327363,simulation
1964-05-23,0.0030080334,simulation
1964-05-24,0.0054351394,simulation
1964-05-25,0.009911954,simulation
1964-05-26,0.011202887,simulation
1964-05-27,0.010202207,simulation
1964-05-28,0.005999377,simulation
1964-05-29,0.006561122,simulation
1964-05-30,0.0020110374,simulation
1964-05-31,0.0009947332,simulation
1964-06-01,0.0015557918,simulation
1964-06-02,0.009390458,simulation
1964-06-03,0.009558521,simulation
1964-06-04,0.004785776,simulation
1964-06-05,0.011239335,simulation
1964-06-06,0.0074328817,simulation
1964-06-07,0.009503901,simulation
1964-06-08,0.012374461,simulation
1964-06-09,0.008984316,simulation
1964-06-10,0.0065251756,simulation
1964-06-11,0.009103764,simulation
1964-06-12,0.010575436,simulation
1964-06-13,0.00948941,simulation
1964-06-14,0.009746242,simulation
1964-06-15,0.008936092,simulation
1964-06-16,0.003088456,simulation
1964-06-17,0.0092853345,simulation
1964-06-18,0.008623671,simulation
1964-06-19,0.009406228,simulation
1964-06-20,0.00989772,simulation
1964-06-21,0.011423327,simulation
1964-06-22,0.0089494195,simulation
1964-06-23,0.009603351,simulation
1964-06-24,0.0065508676,simulation
1964-06-25,0.007449357,simulation
1964-06-26,0.005933448,simulation
1964-06-27,0.004227829,simulation
1964-06-28,0.002121281,simulation
1964-06-29,0.0051831054,simulation
1964-06-30,0.0021319906,simulation
1964-07-01,0.0049533695,simulation
1964-07-02,0.004762033,simulation
1964-07-03,0.0010351323,simulation
1964-07-04,0.005599654,simulation
1964-07-05,0.009436104,simulation
1964-07-06,0.009362359,simulation
1964-07-07,0.010141008,simulation
1964-07-08,0.009880334,simulation
1964-07-09,0.0017516774,simulation
1964-07-10,0.004483998,simulation
1964-07-11,0.0039075627,simulation
1964-07-12,0.0026388748,simulation
1964-07-13,0.0038982583,simulation
1964-07-14,0.008799937,simulation
1964-07-15,0.0061248457,simulation
1964-07-16,0.007518964,simulation
1964-07-17,0.00994017,simulation
1964-07-18,0.009144966,simulation
1964-07-19,0.0085250735,simulation
1964-07-20,0.006915761,simulation
1964-07-21,0.00968425,simulation
1964-07-22,0.0067598866,simulation
1964-07-23,0.008017443,simulation
1964-07-24,0.0077949613,simulation
1964-07-25,0.008816343,simulation
1964-07-26,0.008947652,simulation
1964-07-27,0.008117823,simulation
1964-07-28,0.005728513,simulation
1964-07-29,0.004087904,simulation
1964-07-30,0.0029826134,simulation
1964-07-31,0.0046031405,simulation
1964-08-01,0.004394449,simulation
1964-08-02,0.0047333296,simulation
1964-08-03,0.0072892867,simulation
1964-08-04,0.00829564,simulation
1964-08-05,0.005140475,simulation
1964-08-06,0.0070904223,simulation
1964-08-07,0.007941375,simulation
1964-08-08,0.004371448,simulation
1964-08-09,0.007615689,simulation
1964-08-10,0.0054435823,simulation
1964-08-11,0.0050398395,simulation
1964-08-12,0.0026102937,simulation
1964-08-13,0.005555919,simulation
1964-08-14,0.005973787,simulation
1964-08-15,0.0047003124,simulation
1964-08-16,0.0025714908,simulation
1964-08-17,0.0015553924,simulation
1964-08-18,0.004640071,simulation
1964-08-19,0.007573491,simulation
1964-08-20,0.008648146,simulation
1964-08-21,0.007149907,simulation
1964-08-22,0.0034776188,simulation
1964-08-23,0.0023439068,simulation
1964-08-24,0.0054149767,simulation
1964-08-25,0.0043213535,simulation
1964-08-26,0.003976336,simulation
1964-08-27,0.00938661,simulation
1964-08-28,0.009219728,simulation
1964-08-29,0.009102952,simulation
1964-08-30,0.009216286,simulation
1964-08-31,0.008915825,simulation
1964-09-01,0.009831693,simulation
1964-09-02,0.011735186,simulation
1964-09-03,0.010979336,simulation
1964-09-04,0.009082694,simulation
1964-09-05,0.00867993,simulation
1964-09-06,0.0031874224,simulation
1964-09-07,0.0016410677,simulation
1964-09-08,0.008826369,simulation
1964-09-09,0.011351623,simulation
1964-09-10,0.0056416052,simulation
1964-09-11,0.0071367254,simulation
1964-09-12,0.008037336,simulation
1964-09-13,0.011273455,simulation
1964-09-14,0.010348968,simulation
1964-09-15,0.008283759,simulation
1964-09-16,0.006259972,simulation
1964-09-17,0.0014502035,simulation
1964-09-18,0.001655605,simulation
1964-09-19,0.0031084276,simulation
1964-09-20,0.005357504,simulation
1964-09-21,0.008967562,simulation
1964-09-22,0.009291559,simulation
1964-09-23,0.008800132,simulation
1964-09-24,0.009571001,simulation
1964-09-25,0.0066599497,simulation
1964-09-26,0.008340105,simulation
1964-09-27,0.0051848036,simulation
1964-09-28,0.00091282435,simulation
1964-09-29,0.00074730645,simulation
1964-09-30,0.0008457378,simulation
1964-10-01,0.0016843422,simulation
1964-10-02,0.001020025,simulation
1964-10-03,0.001094141,simulation
1964-10-04,0.0011247414,simulation
1964-10-05,0.0070502255,simulation
1964-10-06,0.005836295,simulation
1964-10-07,0.005194588,simulation
1964-10-08,0.005467518,simulation
1964-10-09,0.005096971,simulation
1964-10-10,0.0056668445,simulation
1964-10-11,0.005369643,simulation
1964-10-12,0.0045344243,simulation
1964-10-13,0.0021247235,simulation
1964-10-14,0.0007624544,simulation
1964-10-15,0.00095664134,simulation
1964-10-16,0.005259228,simulation
1964-10-17,0.0057701496,simulation
1964-10-18,0.0047319494,simulation
1964-10-19,0.0044008493,simulation
1964-10-20,0.0051817354,simulation
1964-10-21,0.0056813713,simulation
1964-10-22,0.005644375,simulation
1964-10-23,0.006128652,simulation
1964-10-24,0.005402972,simulation
1964-10-25,0.0053056157,simulation
1964-10-26,0.0042583654,simulation
1964-10-27,0.0020651694,simulation
1964-10-28,0.000932029,simulation
1964-10-29,0.0036545214,simulation
1964-10-30,0.0050879945,simulation
1964-10-31,0.00410884,simulation
1964-11-01,0.003795953,simulation
1964-11-02,0.004509407,simulation
1964-11-03,0.0045237537,simulation
1964-11-04,0.0016184587,simulation
1964-11-05,0.0020827004,simulation
1964-11-06,0.003509237,simulation
1964-11-07,0.001168873,simulation
1964-11-08,0.0032598085,simulation
1964-11-09,0.003605786,simulation
1964-11-10,0.0043229978,simulation
1964-11-11,0.0030753855,simulation
1964-11-12,0.0022199894,simulation
1964-11-13,0.0042468933,simulation
1964-11-14,0.001275754,simulation
1964-11-15,0.0040731803,simulation
1964-11-16,0.0026711677,simulation
1964-11-17,0.0022522218,simulation
1964-11-18,0.0015651503,simulation
1964-11-19,0.0010553489,simulation
1964-11-20,0.0007277409,simulation
1964-11-21,0.003531291,simulation
1964-11-22,0.0013592767,simulation
1964-11-23,0.0009928527,simulation
1964-11-24,0.0003699116,simulation
1964-11-25,0.0013323739,simulation
1964-11-26,0.0024618064,simulation
1964-11-27,0.0013308884,simulation
1964-11-28,0.0014068438,simulation
1964-11-29,0.0028600465,simulation
1964-11-30,0.0029323024,simulation
1964-12-01,0.002589498,simulation
1964-12-02,0.0020600613,simulation
1964-12-03,0.0015319803,simulation
1964-12-04,0.000792782,simulation
1964-12-05,0.00086592033,simulation
1964-12-06,0.0011441362,simulation
1964-12-07,0.0009303466,simulation
1964-12-08,0.0014773085,simulation
1964-12-09,0.0011991754,simulation
1964-12-10,0.0012497393,simulation
1964-12-11,0.0002788615,simulation
1964-12-12,0.00070904254,simulation
1964-12-13,0.00040788637,simulation
1964-12-14,0.0020706432,simulation
1964-12-15,0.0019373326,simulation
1964-12-16,0.0025270085,simulation
1964-12-17,0.00086502655,simulation
1964-12-18,0.0016358765,simulation
1964-12-19,0.0008844483,simulation
1964-12-20,1.5254773e-05,simulation
1964-12-21,7.9575693e-07,simulation
1964-12-22,0.00048155288,simulation
1964-12-23,0.0012097257,simulation
1964-12-24,0.0023653796,simulation
1964-12-25,0.0013896946,simulation
1964-12-26,0.0007804586,simulation
1964-12-27,0.00035860497,simulation
1964-12-28,0.0012561932,simulation
1964-12-29,0.00081038533,simulation
1964-12-30,0.00091368833,simulation
1964-12-31,0.00091573485,simulation
1965-01-01,0.001506721,simulation
1965-01-02,0.0009018945,simulation
1965-01-03,0.00084690336,simulation
1965-01-04,0.0020925042,simulation
1965-01-05,0.0016622815,simulation
1965-01-06,0.0010734635,simulation
1965-01-07,0.0016021843,simulation
1965-01-08,0.0013634815,simulation
1965-01-09,0.0011372763,simulation
1965-01-10,0.00046301802,simulation
1965-01-11,0.0016754259,simulation
1965-01-12,0.0014233476,simulation
1965-01-13,0.00053856097,simulation
1965-01-14,0.0018596058,simulation
1965-01-15,0.00050748955,simulation
1965-01-16,0.0016172114,simulation
1965-01-17,0.0017315574,simulation
1965-01-18,0.0020029799,simulation
1965-01-19,0.0018921632,simulation
1965-01-20,0.00084486476,simulation
1965-01-21,0.0016452892,simulation
1965-01-22,0.0011643631,simulation
1965-01-23,0.00056856073,simulation
1965-01-24,0.0016781535,simulation
1965-01-25,0.0036858448,simulation
1965-01-26,0.0039525074,simulation
1965-01-27,0.002566244,simulation
1965-01-28,0.0033986592,simulation
1965-01-29,0.0031507704,simulation
1965-01-30,0.001196912,simulation
1965-01-31,0.0014901538,simulation
1965-02-01,0.00072216656,simulation
1965-02-02,0.0023545194,simulation
1965-02-03,0.0011470891,simulation
1965-02-04,0.0015242546,simulation
1965-02-05,0.0015908339,simulation
1965-02-06,0.0007529274,simulation
1965-02-07,0.0002074976,simulation
1965-02-08,0.00058580854,simulation
1965-02-09,0.0019370015,simulation
1965-02-10,0.00076357165,simulation
1965-02-11,0.0017358601,simulation
1965-02-12,0.0010184477,simulation
1965-02-13,0.0014046738,simulation
1965-02-14,0.002512526,simulation
1965-02-15,0.0016951902,simulation
1965-02-16,0.00063856185,simulation
1965-02-17,0.0002973854,simulation
1965-02-18,0.003526865,simulation
1965-02-19,0.0036624563,simulation
1965-02-20,0.0028315755,simulation
1965-02-21,0.003108817,simulation
1965-02-22,0.0022612675,simulation
1965-02-23,0.0033990594,simulation
1965-02-24,0.0007027738,simulation
1965-02-25,0.0033345374,simulation
1965-02-26,0.003913867,simulation
1965-02-27,0.0033626107,simulation
1965-02-28,0.0012605144,simulation
1965-03-01,0.0010179224,simulation
1965-03-02,0.0008020555,simulation
1965-03-03,0.00037652295,simulation
1965-03-04,0.0017462892,simulation
1965-03-05,0.0021454995,simulation
1965-03-06,0.0011950633,simulation
1965-03-07,0.00093814253,simulation
1965-03-08,0.0037049837,simulation
1965-03-09,0.0018575403,simulation
1965-03-10,0.001429586,simulation
1965-03-11,0.0009608469,simulation
1965-03-12,0.00016089666,simulation
1965-03-13,0.0010033242,simulation
1965-03-14,0.004129752,simulation
1965-03-15,0.0036125237,simulation
1965-03-16,0.0045557027,simulation
1965-03-17,0.0020825225,simulation
1965-03-18,0.0037573534,simulation
1965-03-19,0.0027845614,simulation
1965-03-20,0.004513418,simulation
1965-03-21,0.0035793548,simulation
1965-03-22,0.005926179,simulation
1965-03-23,0.0009999645,simulation
1965-03-24,0.0039726007,simulation
1965-03-25,0.0012326896,simulation
1965-03-26,0.0005224934,simulation
1965-03-27,0.0006096575,simulation
1965-03-28,0.0028035564,simulation
1965-03-29,0.0010106837,simulation
1965-03-30,0.0003966638,simulation
1965-03-31,0.0031282424,simulation
1965-04-01,0.005277301,simulation
1965-04-02,0.00289973,simulation
1965-04-03,0.0011882064,simulation
1965-04-04,0.0035119185,simulation
1965-04-05,0.0031153911,simulation
1965-04-06,0.0025492634,simulation
1965-04-07,0.0028380686,simulation
1965-04-08,0.0032068088,simulation
1965-04-09,0.002979324,simulation
1965-04-10,0.002230239,simulation
1965-04-11,0.0034691102,simulation
1965-04-12,0.0031423494,simulation
1965-04-13,0.0062743817,simulation
1965-04-14,0.0040059774,simulation
1965-04-15,0.0016300031,simulation
1965-04-16,0.008440848,simulation
1965-04-17,0.008408099,simulation
1965-04-18,0.0066531748,simulation
1965-04-19,0.0041721063,simulation
1965-04-20,0.0034195886,simulation
1965-04-21,0.00861416,simulation
1965-04-22,0.007766297,simulation
1965-04-23,0.007267298,simulation
1965-04-24,0.008459844,simulation
1965-04-25,0.0037379928,simulation
1965-04-26,0.0023121557,simulation
1965-04-27,0.0009259551,simulation
1965-04-28,0.0054339063,simulation
1965-04-29,0.008314509,simulation
1965-04-30,0.008639727,simulation
1965-05-01,0.009394065,simulation
1965-05-02,0.009838946,simulation
1965-05-03,0.00907531,simulation
1965-05-04,0.008928191,simulation
1965-05-05,0.0068906248,simulation
1965-05-06,0.0061535593,simulation
1965-05-07,0.008839823,simulation
1965-05-08,0.007577792,simulation
1965-05-09,0.006114463,simulation
1965-05-10,0.0065168124,simulation
1965-05-11,0.00536049,simulation
1965-05-12,0.009626966,simulation
1965-05-13,0.006084095,simulation
1965-05-14,0.0054490394,simulation
1965-05-15,0.0086340215,simulation
1965-05-16,0.0054501696,simulation
1965-05-17,0.0058215368,simulation
1965-05-18,0.0060662623,simulation
1965-05-19,0.0048307357,simulation
1965-05-20,0.0024320022,simulation
1965-05-21,0.0026198607,simulation
1965-05-22,0.0012619222,simulation
1965-05-23,0.0032309368,simulation
1965-05-24,0.006902379,simulation
1965-05-25,0.011012338,simulation
1965-05-26,0.008035196,simulation
1965-05-27,0.0028886576,simulation
1965-05-28,0.0017655203,simulation
1965-05-29,0.009240657,simulation
1965-05-30,0.012596525,simulation
1965-05-31,0.010030184,simulation
1965-06-01,0.013620906,simulation
1965-06-02,0.009417795,simulation
1965-06-03,0.011594422,simulation
1965-06-04,0.010217868,simulation
1965-06-05,0.0099626295,simulation
1965-06-06,0.003229842,simulation
1965-06-07,0.001772786,simulation
1965-06-08,0.007878666,simulation
1965-06-09,0.009572245,simulation
1965-06-10,0.0013136425,simulation
1965-06-11,0.0028159716,simulation
1965-06-12,0.0059795054,simulation
1965-06-13,0.009585816,simulation
1965-06-14,0.004159448,simulation
1965-06-15,0.0034471527,simulation
1965-06-16,0.0067918934,simulation
1965-06-17,0.0049365475,simulation
1965-06-18,0.006830778,simulation
1965-06-19,0.012041129,simulation
1965-06-20,0.011305742,simulation
1965-06-21,0.011140436,simulation
1965-06-22,0.012857154,simulation
1965-06-23,0.008016883,simulation
1965-06-24,0.004936064,simulation
1965-06-25,0.009785127,simulation
1965-06-26,0.0108173415,simulation
1965-06-27,0.0030803466,simulation
1965-06-28,0.00699906,simulation
1965-06-29,0.009370092,simulation
1965-06-30,0.009880517,simulation
1965-07-01,0.0063608647,simulation
1965-07-02,0.011215899,simulation
1965-07-03,0.010897461,simulation
1965-07-04,0.008937383,simulation
1965-07-05,0.006785634,simulation
1965-07-06,0.00780135,simulation
1965-07-07,0.0053966236,simulation
1965-07-08,0.0061684693,simulation
1965-07-09,0.007217614,simulation
1965-07-10,0.00412352,simulation
1965-07-11,0.008554915,simulation
1965-07-12,0.010053638,simulation
1965-07-13,0.0077761877,simulation
1965-07-14,0.005958121,simulation
1965-07-15,0.00666822,simulation
1965-07-16,0.00482748,simulation
1965-07-17,0.007114427,simulation
1965-07-18,0.010721948,simulation
1965-07-19,0.0100885555,simulation
1965-07-20,0.008601956,simulation
1965-07-21,0.009709794,simulation
1965-07-22,0.007407602,simulation
1965-07-23,0.0042529283,simulation
1965-07-24,0.0026887176,simulation
1965-07-25,0.0062504755,simulation
1965-07-26,0.008251246,simulation
1965-07-27,0.0047654444,simulation
1965-07-28,0.005659705,simulation
1965-07-29,0.0018157616,simulation
1965-07-30,0.008256163,simulation
1965-07-31,0.008798353,simulation
1965-08-01,0.004941718,simulation
1965-08-02,0.009174485,simulation
1965-08-03,0.006357596,simulation
1965-08-04,0.0033519182,simulation
1965-08-05,0.0065349094,simulation
1965-08-06,0.0032606372,simulation
1965-08-07,0.005429109,simulation
1965-08-08,0.0033807014,simulation
1965-08-09,0.0063843587,simulation
1965-08-10,0.004964496,simulation
1965-08-11,0.0062944754,simulation
1965-08-12,0.003046046,simulation
1965-08-13,0.0023848105,simulation
1965-08-14,0.0066401297,simulation
1965-08-15,0.009431701,simulation
1965-08-16,0.009353064,simulation
1965-08-17,0.004451669,simulation
1965-08-18,0.006404019,simulation
1965-08-19,0.0049355235,simulation
1965-08-20,0.0060042446,simulation
1965-08-21,0.0036666272,simulation
1965-08-22,0.0031621247,simulation
1965-08-23,0.0055081625,simulation
1965-08-24,0.0047562905,simulation
1965-08-25,0.0061673787,simulation
1965-08-26,0.007699227,simulation
1965-08-27,0.008363264,simulation
1965-08-28,0.0053074462,simulation
1965-08-29,0.007812707,simulation
1965-08-30,0.008000124,simulation
1965-08-31,0.0074592214,simulation
1965-09-01,0.00729418,simulation
1965-09-02,0.0050979853,simulation
1965-09-03,0.004116741,simulation
1965-09-04,0.0027567733,simulation
1965-09-05,0.004346805,simulation
1965-09-06,0.008260336,simulation
1965-09-07,0.010286167,simulation
1965-09-08,0.010192737,simulation
1965-09-09,0.008006165,simulation
1965-09-10,0.0017033365,simulation
1965-09-11,0.0021265387,simulation
1965-09-12,0.004089253,simulation
1965-09-13,0.007373769,simulation
1965-09-14,0.00864109,simulation
1965-09-15,0.008235166,simulation
1965-09-16,0.007321979,simulation
1965-09-17,0.0061668907,simulation
1965-09-18,0.0062284004,simulation
1965-09-19,0.0055631096,simulation
1965-09-20,0.0037432986,simulation
1965-09-21,0.0051718648,simulation
1965-09-22,0.0039593684,simulation
1965-09-23,0.00091117644,simulation
1965-09-24,0.002187651,simulation
1965-09-25,0.0062455623,simulation
1965-09-26,0.0021638873,simulation
1965-09-27,0.0028771493,simulation
1965-09-28,0.0043362165,simulation
1965-09-29,0.0008165483,simulation
1965-09-30,0.0012989567,simulation
1965-10-01,0.0012049563,simulation
1965-10-02,0.004094246,simulation
1965-10-03,0.0033587357,simulation
1965-10-04,0.0015923338,simulation
1965-10-05,0.001487091,simulation
1965-10-06,0.00082304166,simulation
1965-10-07,0.0024930297,simulation
1965-10-08,0.006801633,simulation
1965-10-09,0.006240162,simulation
1965-10-10,0.006918451,simulation
1965-10-11,0.0026094054,simulation
1965-10-12,0.0011577806,simulation
1965-10-13,0.0056827664,simulation
1965-10-14,0.0064381156,simulation
1965-10-15,0.0030244144,simulation
1965-10-16,0.0057149422,simulation
1965-10-17,0.006246716,simulation
1965-10-18,0.006321853,simulation
1965-10-19,0.0010870182,simulation
1965-10-20,0.0015591279,simulation
1965-10-21,0.005923184,simulation
1965-10-22,0.0010793846,simulation
1965-10-23,0.0060316175,simulation
1965-10-24,0.0060333274,simulation
1965-10-25,0.0045909667,simulation
1965-10-26,0.004732436,simulation
1965-10-27,0.0051843054,simulation
1965-10-28,0.0052147694,simulation
1965-10-29,0.0051583145,simulation
1965-10-30,0.004639754,simulation
1965-10-31,0.004910367,simulation
1965-11-01,0.0058523193,simulation
1965-11-02,0.002548396,simulation
1965-11-03,0.0011867785,simulation
1965-11-04,0.0010349539,simulation
1965-11-05,0.0008777,simulation
1965-11-06,0.000863836,simulation
1965-11-07,0.0025965592,simulation
1965-11-08,0.0024974917,simulation
1965-11-09,0.00069813954,simulation
1965-11-10,0.0007683215,simulation
1965-11-11,0.0015373728,simulation
1965-11-12,0.000524427,simulation
1965-11-13,0.0010959292,simulation
1965-11-14,0.0030182614,simulation
1965-11-15,0.0014978364,simulation
1965-11-16,0.0011965011,simulation
1965-11-17,0.004325377,simulation
1965-11-18,0.0017569311,simulation
1965-11-19,0.0009887633,simulation
1965-11-20,0.0011395258,simulation
1965-11-21,0.0014827637,simulation
1965-11-22,0.0036734492,simulation
1965-11-23,0.0007721688,simulation
1965-11-24,0.001852464,simulation
1965-11-25,0.0016793029,simulation
1965-11-26,0.00436501,simulation
1965-11-27,0.004288832,simulation
1965-11-28,0.0007602905,simulation
1965-11-29,0.0019062882,simulation
1965-11-30,0.00200589,simulation
1965-12-01,0.0014648238,simulation
1965-12-02,0.0015028522,simulation
1965-12-03,0.00039480344,simulation
1965-12-04,0.0029127982,simulation
1965-12-05,0.0014467266,simulation
1965-12-06,0.0040013185,simulation
1965-12-07,0.0026125154,simulation
1965-12-08,0.0017427069,simulation
1965-12-09,0.0008496781,simulation
1965-12-10,0.0015336882,simulation
1965-12-11,0.0011293892,simulation
1965-12-12,0.00089956913,simulation
1965-12-13,0.0016917115,simulation
1965-12-14,0.00025435412,simulation
1965-12-15,6.856714e-05,simulation
1965-12-16,3.0405325e-05,simulation
1965-12-17,0.00024212475,simulation
1965-12-18,5.787937e-05,simulation
1965-12-19,0.00088841456,simulation
1965-12-20,0.0016367172,simulation
1965-12-21,0.0016940299,simulation
1965-12-22,0.0012985108,simulation
1965-12-23,0.0018145198,simulation
1965-12-24,0.0008619055,simulation
1965-12-25,0.001282121,simulation
1965-12-26,0.0016137523,simulation
1965-12-27,0.0012156612,simulation
1965-12-28,0.000812971,simulation
1965-12-29,0.0018296352,simulation
1965-12-30,0.0012549,simulation
1965-12-31,0.0012797025,simulation
1966-01-01,0.0009011962,simulation
1966-01-02,0.0006521683,simulation
1966-01-03,0.0007756342,simulation
1966-01-04,0.0005714707,simulation
1966-01-05,1.7515878e-05,simulation
1966-01-06,0.0018392054,simulation
1966-01-07,0.0012692005,simulation
1966-01-08,0.0023429089,simulation
1966-01-09,0.001991377,simulation
1966-01-10,0.00089864084,simulation
1966-01-11,0.0020939338,simulation
1966-01-12,0.0013432787,simulation
1966-01-13,0.00023431604,simulation
1966-01-14,0.0,simulation
1966-01-15,0.00010483328,simulation
1966-01-16,0.0014462305,simulation
1966-01-17,0.0014229813,simulation
1966-01-18,0.00091754884,simulation
1966-01-19,0.0010775309,simulation
1966-01-20,0.00046920183,simulation
1966-01-21,0.0007790485,simulation
1966-01-22,0.00026898354,simulation
1966-01-23,0.001084033,simulation
1966-01-24,0.00067002367,simulation
1966-01-25,0.00014355924,simulation
1966-01-26,0.00064732693,simulation
1966-01-27,0.00143499,simulation
1966-01-28,0.0012077534,simulation
1966-01-29,0.0008101063,simulation
1966-01-30,0.0012688739,simulation
1966-01-31,0.0010306033,simulation
1966-02-01,0.0030942387,simulation
1966-02-02,0.000854445,simulation
1966-02-03,0.0015350028,simulation
1966-02-04,0.0020277693,simulation
1966-02-05,0.00194979,simulation
1966-02-06,0.001643036,simulation
1966-02-07,0.0023783154,simulation
1966-02-08,0.0022529904,simulation
1966-02-09,0.0017216576,simulation
1966-02-10,0.00039103048,simulation
1966-02-11,0.0006738687,simulation
1966-02-12,0.00023668242,simulation
1966-02-13,0.001992909,simulation
1966-02-14,0.0014211526,simulation
1966-02-15,0.00018141832,simulation
1966-02-16,0.00011009394,simulation
1966-02-17,0.0027450684,simulation
1966-02-18,0.00090360374,simulation
1966-02-19,0.003141512,simulation
1966-02-20,0.0033947502,simulation
1966-02-21,0.0039490145,simulation
1966-02-22,0.0018941052,simulation
1966-02-23,0.0011806785,simulation
1966-02-24,0.0002253209,simulation
1966-02-25,0.00288037,simulation
1966-02-26,0.0011327909,simulation
1966-02-27,0.00023234222,simulation
1966-02-28,0.00074687717,simulation
1966-03-01,0.003738923,simulation
1966-03-02,0.0016912777,simulation
1966-03-03,0.0006261259,simulation
1966-03-04,0.0036396813,simulation
1966-03-05,0.0047898325,simulation
1966-03-06,0.0043043653,simulation
1966-03-07,0.0032853545,simulation
1966-03-08,0.0018190261,simulation
1966-03-09,0.0045199175,simulation
1966-03-10,0.0054757986,simulation
1966-03-11,0.005182256,simulation
1966-03-12,0.0015270005,simulation
1966-03-13,0.0006568391,simulation
1966-03-14,0.0008624247,simulation
1966-03-15,0.0011122478,simulation
1966-03-16,0.00325881,simulation
1966-03-17,0.0022641623,simulation
1966-03-18,0.0020474338,simulation
1966-03-19,0.0058349306,simulation
1966-03-20,0.0040582647,simulation
1966-03-21,0.004244079,simulation
1966-03-22,0.004091281,simulation
1966-03-23,0.0011327909,simulation
1966-03-24,0.0051482944,simulation
1966-03-25,0.0016375582,simulation
1966-03-26,0.0035356584,simulation
1966-03-27,0.0055698347,simulation
1966-03-28,0.0022508772,simulation
1966-03-29,0.0008543717,simulation
1966-03-30,0.00638457,simulation
1966-03-31,0.008766405,simulation
1966-04-01,0.009123467,simulation
1966-04-02,0.007896349,simulation
1966-04-03,0.0022680268,simulation
1966-04-04,0.0063334014,simulation
1966-04-05,0.0064737266,simulation
1966-04-06,0.0057982714,simulation
1966-04-07,0.0068063904,simulation
1966-04-08,0.0066769663,simulation
1966-04-09,0.009066783,simulation
1966-04-10,0.007612465,simulation
1966-04-11,0.004986582,simulation
1966-04-12,0.0042057335,simulation
1966-04-13,0.005237438,simulation
1966-04-14,0.00086898124,simulation
1966-04-15,0.006030734,simulation
1966-04-16,0.007458959,simulation
1966-04-17,0.008732114,simulation
1966-04-18,0.0011565877,simulation
1966-04-19,0.0016067192,simulation
1966-04-20,0.0049021565,simulation
1966-04-21,0.00082403416,simulation
1966-04-22,0.001444619,simulation
1966-04-23,0.0034192048,simulation
1966-04-24,0.0015986203,simulation
1966-04-25,0.0015579258,simulation
1966-04-26,0.0020736514,simulation
1966-04-27,0.0045943,simulation
1966-04-28,0.0032271242,simulation
1966-04-29,0.0028386225,simulation
1966-04-30,0.004052184,simulation
1966-05-01,0.0018642227,simulation
1966-05-02,0.0008254541,simulation
1966-05-03,0.0028999008,simulation
1966-05-04,0.0031692458,simulation
1966-05-05,0.0033490343,simulation
1966-05-06,0.0011972206,simulation
1966-05-07,0.0039446633,simulation
1966-05-08,0.0064160563,simulation
1966-05-09,0.008805629,simulation
1966-05-10,0.008918781,simulation
1966-05-11,0.0044306885,simulation
1966-05-12,0.0021735106,simulation
1966-05-13,0.0012268816,simulation
1966-05-14,0.002238052,simulation
1966-05-15,0.0070130527,simulation
1966-05-16,0.0050214017,simulation
1966-05-17,0.002118747,simulation
1966-05-18,0.0026406709,simulation
1966-05-19,0.0010934828,simulation
1966-05-20,0.0027375126,simulation
1966-05-21,0.0015215138,simulation
1966-05-22,0.006654637,simulation
1966-05-23,0.0069118515,simulation
1966-05-24,0.0029355346,simulation
1966-05-25,0.0039082263,simulation
1966-05-26,0.0027495183,simulation
1966-05-27,0.0053091543,simulation
1966-05-28,0.0057205744,simulation
1966-05-29,0.008220691,simulation
1966-05-30,0.0062357094,simulation
1966-05-31,0.010792702,simulation
1966-06-01,0.010266677,simulation
1966-06-02,0.0065405443,simulation
1966-06-03,0.005646223,simulation
1966-06-04,0.007852608,simulation
1966-06-05,0.0073639452,simulation
1966-06-06,0.0061455145,simulation
1966-06-07,0.0020441138,simulation
1966-06-08,0.009840317,simulation
1966-06-09,0.004373653,simulation
1966-06-10,0.010238923,simulation
1966-06-11,0.0080355555,simulation
1966-06-12,0.009524178,simulation
1966-06-13,0.0021247235,simulation
1966-06-14,0.00323121,simulation
1966-06-15,0.006090733,simulation
1966-06-16,0.0040110312,simulation
1966-06-17,0.0040713064,simulation
1966-06-18,0.005170007,simulation
1966-06-19,0.0064938404,simulation
1966-06-20,0.009135354,simulation
1966-06-21,0.0052031535,simulation
1966-06-22,0.0022481917,simulation
1966-06-23,0.00748053,simulation
1966-06-24,0.008805893,simulation
1966-06-25,0.011169717,simulation
1966-06-26,0.011434704,simulation
1966-06-27,0.011686377,simulation
1966-06-28,0.004176508,simulation
1966-06-29,0.0061228937,simulation
1966-06-30,0.0076661967,simulation
1966-07-01,0.007183075,simulation
1966-07-02,0.004288084,simulation
1966-07-03,0.00707091,simulation
1966-07-04,0.0072304476,simulation
1966-07-05,0.0072015533,simulation
1966-07-06,0.010393918,simulation
1966-07-07,0.010846369,simulation
1966-07-08,0.009277895,simulation
1966-07-09,0.010551993,simulation
1966-07-10,0.009933621,simulation
1966-07-11,0.011530407,simulation
1966-07-12,0.0121870935,simulation
1966-07-13,0.01055811,simulation
1966-07-14,0.008602558,simulation
1966-07-15,0.013730049,simulation
1966-07-16,0.007280331,simulation
1966-07-17,0.003058735,simulation
1966-07-18,0.007958557,simulation
1966-07-19,0.0051209563,simulation
1966-07-20,0.004123869,simulation
1966-07-21,0.006335763,simulation
1966-07-22,0.010274116,simulation
1966-07-23,0.007152332,simulation
1966-07-24,0.009578198,simulation
1966-07-25,0.010391526,simulation
1966-07-26,0.008784469,simulation
1966-07-27,0.008960338,simulation
1966-07-28,0.01183214,simulation
1966-07-29,0.0111125,simulation
1966-07-30,0.003172328,simulation
1966-07-31,0.006913727,simulation
1966-08-01,0.008768853,simulation
1966-08-02,0.0049589337,simulation
1966-08-03,0.0013849351,simulation
1966-08-04,0.0060938834,simulation
1966-08-05,0.0054878076,simulation
1966-08-06,0.008606743,simulation
1966-08-07,0.008982509,simulation
1966-08-08,0.009610012,simulation
1966-08-09,0.00837921,simulation
1966-08-10,0.0039218147,simulation
1966-08-11,0.0040464276,simulation
1966-08-12,0.0028608222,simulation
1966-08-13,0.0065119765,simulation
1966-08-14,0.0068805683,simulation
1966-08-15,0.0071506314,simulation
1966-08-16,0.009239726,simulation
1966-08-17,0.005484008,simulation
1966-08-18,0.0069397185,simulation
1966-08-19,0.005929347,simulation
1966-08-20,0.0055517326,simulation
1966-08-21,0.004562902,simulation
1966-08-22,0.0048076166,simulation
1966-08-23,0.010987565,simulation
1966-08-24,0.009912994,simulation
1966-08-25,0.006266743,simulation
1966-08-26,0.010340016,simulation
1966-08-27,0.0074501783,simulation
1966-08-28,0.0014745246,simulation
1966-08-29,0.002366388,simulation
1966-08-30,0.0053337486,simulation
1966-08-31,0.005546024,simulation
1966-09-01,0.0068167904,simulation
1966-09-02,0.0052417894,simulation
1966-09-03,0.008223711,simulation
1966-09-04,0.0063893045,simulation
1966-09-05,0.0064335796,simulation
1966-09-06,0.008600272,simulation
1966-09-07,0.008062456,simulation
1966-09-08,0.009332586,simulation
1966-09-09,0.0067304517,simulation
1966-09-10,0.0015663578,simulation
1966-09-11,0.0021301717,simulation
1966-09-12,0.0009504894,simulation
1966-09-13,0.0017050868,simulation
1966-09-14,0.008387674,simulation
1966-09-15,0.0029311574,simulation
1966-09-16,0.0010996083,simulation
1966-09-17,0.00096250157,simulation
1966-09-18,0.0024027587,simulation
1966-09-19,0.0045222538,simulation
1966-09-20,0.0042308643,simulation
1966-09-21,0.0029991122,simulation
1966-09-22,0.0071777087,simulation
1966-09-23,0.0075985603,simulation
1966-09-24,0.008381218,simulation
1966-09-25,0.007550439,simulation
1966-09-26,0.00692585,simulation
1966-09-27,0.0010167852,simulation
1966-09-28,0.0017805379,simulation
1966-09-29,0.007100938,simulation
1966-09-30,0.005675978,simulation
1966-10-01,0.0046161097,simulation
1966-10-02,0.0068936422,simulation
1966-10-03,0.007399818,simulation
1966-10-04,0.00773873,simulation
1966-10-05,0.0050441953,simulation
1966-10-06,0.0077883005,simulation
1966-10-07,0.006298532,simulation
1966-10-08,0.0061443932,simulation
1966-10-09,0.0021037888,simulation
1966-10-10,0.00416823,simulation
1966-10-11,0.0058946735,simulation
1966-10-12,0.0040659113,simulation
1966-10-13,0.0009883379,simulation
1966-10-14,0.004189158,simulation
1966-10-15,0.0015863434,simulation
1966-10-16,0.005699702,simulation
1966-10-17,0.0018884464,simulation
1966-10-18,0.0005149688,simulation
1966-10-19,0.0010980974,simulation
1966-10-20,0.004732509,simulation
1966-10-21,0.0048543154,simulation
1966-10-22,0.005077397,simulation
1966-10-23,0.0015125438,simulation
1966-10-24,0.00544118,simulation
1966-10-25,0.0060103834,simulation
1966-10-26,0.0057590227,simulation
1966-10-27,0.0050085895,simulation
1966-10-28,0.0049680774,simulation
1966-10-29,0.0052056303,simulation
1966-10-30,0.004129082,simulation
1966-10-31,0.0021971907,simulation
1966-11-01,0.00084799755,simulation
1966-11-02,0.00095705304,simulation
1966-11-03,0.0026449426,simulation
1966-11-04,0.0042861495,simulation
1966-11-05,0.0014475954,simulation
1966-11-06,0.0043081935,simulation
1966-11-07,0.0015647485,simulation
1966-11-08,0.0014733878,simulation
1966-11-09,0.0033383227,simulation
1966-11-10,0.0020784377,simulation
1966-11-11,0.0004512848,simulation
1966-11-12,0.00049198774,simulation
1966-11-13,0.0039253486,simulation
1966-11-14,0.0019484576,simulation
1966-11-15,0.002683236,simulation
1966-11-16,0.0031669538,simulation
1966-11-17,0.00335378,simulation
1966-11-18,0.0029909783,simulation
1966-11-19,0.0013284923,simulation
1966-11-20,0.0015182575,simulation
1966-11-21,0.0033219666,simulation
1966-11-22,0.0010027202,simulation
1966-11-23,0.00294088,simulation
1966-11-24,0.002971747,simulation
1966-11-25,0.0028327694,simulation
1966-11-26,0.0011352262,simulation
1966-11-27,0.001684919,simulation
1966-11-28,0.0053108516,simulation
1966-11-29,0.003846808,simulation
1966-11-30,0.00154861,simulation
1966-12-01,0.002895535,simulation
1966-12-02,0.0010529022,simulation
1966-12-03,0.00042291553,simulation
1966-12-04,0.0007368871,simulation
1966-12-05,0.0010987584,simulation
1966-12-06,0.00089063443,simulation
1966-12-07,0.0017524265,simulation
1966-12-08,0.0016149969,simulation
1966-12-09,0.00026610543,simulation
1966-12-10,0.00050833623,simulation
1966-12-11,0.00082516985,simulation
1966-12-12,0.00078450114,simulation
1966-12-13,0.00058876496,simulation
1966-12-14,0.0012587844,simulation
1966-12-15,0.0013739305,simulation
1966-12-16,0.001716508,simulation
1966-12-17,0.00075989816,simulation
1966-12-18,0.0009673151,simulation
1966-12-19,0.00087981735,simulation
1966-12-20,0.0014874738,simulation
1966-12-21,0.0006569257,simulation
1966-12-22,0.000748208,simulation
1966-12-23,0.00025213242,simulation
1966-12-24,0.0015116363,simulation
1966-12-25,0.000796138,simulation
1966-12-26,0.00049711956,simulation
1966-12-27,0.000864952,simulation
1966-12-28,0.0004607319,simulation
1966-12-29,0.0015009211,simulation
1966-12-30,0.00037241288,simulation
1966-12-31,0.00010011025,simulation
1967-01-01,0.00013506337,simulation
1967-01-02,0.00046819195,simulation
1967-01-03,0.00096640014,simulation
1967-01-04,0.0018233872,simulation
1967-01-05,0.0023285728,simulation
1967-01-06,0.0018379475,simulation
1967-01-07,0.0010705148,simulation
1967-01-08,0.0014690993,simulation
1967-01-09,0.0010305144,simulation
1967-01-10,0.0012428913,simulation
1967-01-11,0.001257272,simulation
1967-01-12,0.0010207272,simulation
1967-01-13,0.00055389554,simulation
1967-01-14,0.00015680617,simulation
1967-01-15,0.0017256405,simulation
1967-01-16,0.0018294791,simulation
1967-01-17,0.0012213112,simulation
1967-01-18,0.0007133498,simulation
1967-01-19,0.00023416479,simulation
1967-01-20,0.0007960696,simulation
1967-01-21,0.0019257767,simulation
1967-01-22,0.00079237664,simulation
1967-01-23,0.00078416365,simulation
1967-01-24,0.0017262312,simulation
1967-01-25,0.0013082423,simulation
1967-01-26,0.00079278613,simulation
1967-01-27,0.0018499315,simulation
1967-01-28,0.0019188765,simulation
1967-01-29,0.0018080125,simulation
1967-01-30,0.0015054302,simulation
1967-01-31,0.0011874926,simulation
1967-02-01,0.0013639494,simulation
1967-02-02,0.00089101796,simulation
1967-02-03,0.00072865066,simulation
1967-02-04,0.00096673274,simulation
1967-02-05,0.002970234,simulation
1967-02-06,0.00035547494,simulation
1967-02-07,0.0010242433,simulation
1967-02-08,0.0020869724,simulation
1967-02-09,0.002232142,simulation
1967-02-10,0.0017527273,simulation
1967-02-11,0.0010088603,simulation
1967-02-12,0.001318725,simulation
1967-02-13,0.0031812664,simulation
1967-02-14,0.0033639001,simulation
1967-02-15,0.0022601108,simulation
1967-02-16,0.0016669846,simulation
1967-02-17,0.0003963316,simulation
1967-02-18,0.00043608385,simulation
1967-02-19,0.00073608133,simulation
1967-02-20,0.0005964757,simulation
1967-02-21,0.003928213,simulation
1967-02-22,0.0010916053,simulation
1967-02-23,0.0037870782,simulation
1967-02-24,0.0041454267,simulation
1967-02-25,0.003266506,simulation
1967-02-26,0.002463484,simulation
1967-02-27,0.0012702903,simulation
1967-02-28,0.0042995173,simulation
1967-03-01,0.0041423705,simulation
1967-03-02,0.0053510256,simulation
1967-03-03,0.0037650638,simulation
1967-03-04,0.0030803466,simulation
1967-03-05,0.0030029328,simulation
1967-03-06,0.0011895339,simulation
1967-03-07,0.003656512,simulation
1967-03-08,0.0024326243,simulation
1967-03-09,0.0021990668,simulation
1967-03-10,0.001158776,simulation
1967-03-11,0.0053391745,simulation
1967-03-12,0.006449733,simulation
1967-03-13,0.0057388227,simulation
1967-03-14,0.004636785,simulation
1967-03-15,0.0033065293,simulation
1967-03-16,0.005482339,simulation
1967-03-17,0.0040054275,simulation
1967-03-18,0.0047710715,simulation
1967-03-19,0.006595347,simulation
1967-03-20,0.0013526462,simulation
1967-03-21,0.0051081665,simulation
1967-03-22,0.0066822404,simulation
1967-03-23,0.006801976,simulation
1967-03-24,0.0032998146,simulation
1967-03-25,0.0030383032,simulation
1967-03-26,0.0010686764,simulation
1967-03-27,0.0020667573,simulation
1967-03-28,0.004668574,simulation
1967-03-29,0.0061894953,simulation
1967-03-30,0.005462908,simulation
1967-03-31,0.0066388343,simulation
1967-04-01,0.00817766,simulation
1967-04-02,0.0072512496,simulation
1967-04-03,0.0067618554,simulation
1967-04-04,0.007451171,simulation
1967-04-05,0.007372774,simulation
1967-04-06,0.008150775,simulation
1967-04-07,0.004685013,simulation
1967-04-08,0.006614251,simulation
1967-04-09,0.006312544,simulation
1967-04-10,0.005682611,simulation
1967-04-11,0.0012269872,simulation
1967-04-12,0.005295979,simulation
1967-04-13,0.0060285996,simulation
1967-04-14,0.00094494596,simulation
1967-04-15,0.0062970426,simulation
1967-04-16,0.0039394246,simulation
1967-04-17,0.004428531,simulation
1967-04-18,0.0037025071,simulation
1967-04-19,0.007710209,simulation
1967-04-20,0.005426056,simulation
1967-04-21,0.0018381045,simulation
1967-04-22,0.005334185,simulation
1967-04-23,0.004121159,simulation
1967-04-24,0.00796438,simulation
1967-04-25,0.0018714091,simulation
1967-04-26,0.0023507094,simulation
1967-04-27,0.0067823995,simulation
1967-04-28,0.004308723,simulation
1967-04-29,0.005143433,simulation
1967-04-30,0.0034879302,simulation
1967-05-01,0.00223119,simulation
1967-05-02,0.008940931,simulation
1967-05-03,0.006356449,simulation
1967-05-04,0.0012808013,simulation
1967-05-05,0.0012247767,simulation
1967-05-06,0.0028952288,simulation
1967-05-07,0.005021015,simulation
1967-05-08,0.0074867643,simulation
1967-05-09,0.0060150158,simulation
1967-05-10,0.0039493875,simulation
1967-05-11,0.010286115,simulation
1967-05-12,0.006752163,simulation
1967-05-13,0.005745331,simulation
1967-05-14,0.00893769,simulation
1967-05-15,0.0028747066,simulation
1967-05-16,0.007580258,simulation
1967-05-17,0.009296931,simulation
1967-05-18,0.009351499,simulation
1967-05-19,0.009431228,simulation
1967-05-20,0.0017299285,simulation
1967-05-21,0.0010127717,simulation
1967-05-22,0.0009318686,simulation
1967-05-23,0.0081063025,simulation
1967-05-24,0.009126477,simulation
1967-05-25,0.009451926,simulation
1967-05-26,0.010356799,simulation
1967-05-27,0.009209588,simulation
1967-05-28,0.007098321,simulation
1967-05-29,0.0062479433,simulation
1967-05-30,0.003746561,simulation
1967-05-31,0.0027713396,simulation
1967-06-01,0.00088224374,simulation
1967-06-02,0.0017033365,simulation
1967-06-03,0.0021007375,simulation
1967-06-04,0.00567727,simulation
1967-06-05,0.005665793,simulation
1967-06-06,0.005568552,simulation
1967-06-07,0.00721753,simulation
1967-06-08,0.0062922826,simulation
1967-06-09,0.009598613,simulation
1967-06-10,0.0074244607,simulation
1967-06-11,0.0069981627,simulation
1967-06-12,0.008017231,simulation
1967-06-13,0.008649189,simulation
1967-06-14,0.009026773,simulation
1967-06-15,0.010541096,simulation
1967-06-16,0.009328302,simulation
1967-06-17,0.01020601,simulation
1967-06-18,0.011254072,simulation
1967-06-19,0.010273498,simulation
1967-06-20,0.00772357,simulation
1967-06-21,0.009919349,simulation
1967-06-22,0.006515244,simulation
1967-06-23,0.006945681,simulation
1967-06-24,0.00954086,simulation
1967-06-25,0.00978655,simulation
1967-06-26,0.0072347345,simulation
1967-06-27,0.0051505826,simulation
1967-06-28,0.007460151,simulation
1967-06-29,0.0102517605,simulation
1967-06-30,0.008111909,simulation
1967-07-01,0.00876404,simulation
1967-07-02,0.0045980974,simulation
1967-07-03,0.009159151,simulation
1967-07-04,0.005998732,simulation
1967-07-05,0.00465037,simulation
1967-07-06,0.0013876695,simulation
1967-07-07,0.0044441028,simulation
1967-07-08,0.0072303135,simulation
1967-07-09,0.0016176275,simulation
1967-07-10,0.0043041487,simulation
1967-07-11,0.003492063,simulation
1967-07-12,0.0062452503,simulation
1967-07-13,0.0023238142,simulation
1967-07-14,0.008243617,simulation
1967-07-15,0.0094240755,simulation
1967-07-16,0.0062058484,simulation
1967-07-17,0.005311295,simulation
1967-07-18,0.006393465,simulation
1967-07-19,0.0011893295,simulation
1967-07-20,0.0012279354,simulation
1967-07-21,0.002791432,simulation
1967-07-22,0.004124664,simulation
1967-07-23,0.006293077,simulation
1967-07-24,0.0054498953,simulation
1967-07-25,0.0058573405,simulation
1967-07-26,0.004562716,simulation
1967-07-27,0.010018267,simulation
1967-07-28,0.004476833,simulation
1967-07-29,0.0031073736,simulation
1967-07-30,0.0076229274,simulation
1967-07-31,0.007871261,simulation
1967-08-01,0.0075898655,simulation
1967-08-02,0.002082345,simulation
1967-08-03,0.0049647423,simulation
1967-08-04,0.0024361499,simulation
1967-08-05,0.005317602,simulation
1967-08-06,0.008494891,simulation
1967-08-07,0.008537579,simulation
1967-08-08,0.0018610377,simulation
1967-08-09,0.0016869393,simulation
1967-08-10,0.0013957866,simulation
1967-08-11,0.0072069596,simulation
1967-08-12,0.007060509,simulation
1967-08-13,0.008859534,simulation
1967-08-14,0.008745939,simulation
1967-08-15,0.005326757,simulation
1967-08-16,0.0013417811,simulation
1967-08-17,0.0046363245,simulation
1967-08-18,0.0062769237,simulation
1967-08-19,0.001609336,simulation
1967-08-20,0.0013272393,simulation
1967-08-21,0.0046248366,simulation
1967-08-22,0.004008651,simulation
1967-08-23,0.0014014242,simulation
1967-08-24,0.0019828891,simulation
1967-08-25,0.0011420745,simulation
1967-08-26,0.00094315945,simulation
1967-08-27,0.00094804,simulation
1967-08-28,0.0013561317,simulation
1967-08-29,0.009108208,simulation
1967-08-30,0.008880664,simulation
1967-08-31,0.0033990487,simulation
1967-09-01,0.0018409367,simulation
1967-09-02,0.0022403437,simulation
1967-09-03,0.00091984106,simulation
1967-09-04,0.000856654,simulation
1967-09-05,0.0010396806,simulation
1967-09-06,0.00074383855,simulation
1967-09-07,0.0007572846,simulation
1967-09-08,0.0029551445,simulation
1967-09-09,0.0027383217,simulation
1967-09-10,0.004824687,simulation
1967-09-11,0.002061469,simulation
1967-09-12,0.0015841707,simulation
1967-09-13,0.0015549923,simulation
1967-09-14,0.0067147817,simulation
1967-09-15,0.0066061653,simulation
1967-09-16,0.006635202,simulation
1967-09-17,0.007330265,simulation
1967-09-18,0.0071896818,simulation
1967-09-19,0.0012289907,simulation
1967-09-20,0.0016042442,simulation
1967-09-21,0.0010300719,simulation
1967-09-22,0.0070603043,simulation
1967-09-23,0.0072781984,simulation
1967-09-24,0.0071183387,simulation
1967-09-25,0.0067712553,simulation
1967-09-26,0.0072633997,simulation
1967-09-27,0.0008263785,simulation
1967-09-28,0.0014966818,simulation
1967-09-29,0.0055630943,simulation
1967-09-30,0.0059776558,simulation
1967-10-01,0.0066214697,simulation
1967-10-02,0.006743068,simulation
1967-10-03,0.0034334708,simulation
1967-10-04,0.0069646053,simulation
1967-10-05,0.0070636803,simulation
1967-10-06,0.006416507,simulation
1967-10-07,0.0063865576,simulation
1967-10-08,0.0013816127,simulation
1967-10-09,0.0050256504,simulation
1967-10-10,0.006581689,simulation
1967-10-11,0.0036793507,simulation
1967-10-12,0.0046740556,simulation
1967-10-13,0.0070386287,simulation
1967-10-14,0.0071652457,simulation
1967-10-15,0.00461478,simulation
1967-10-16,0.0009846904,simulation
1967-10-17,0.0011534132,simulation
1967-10-18,0.006097189,simulation
1967-10-19,0.004959426,simulation
1967-10-20,0.0052418895,simulation
1967-10-21,0.0057776803,simulation
1967-10-22,0.0020416717,simulation
1967-10-23,0.005145533,simulation
1967-10-24,0.0012073386,simulation
1967-10-25,0.005987926,simulation
1967-10-26,0.003222461,simulation
1967-10-27,0.0033675623,simulation
1967-10-28,0.0051939897,simulation
1967-10-29,0.0054021697,simulation
1967-10-30,0.0011241613,simulation
1967-10-31,0.00085820426,simulation
1967-11-01,0.0005648912,simulation
1967-11-02,0.002814775,simulation
1967-11-03,0.0014593087,simulation
1967-11-04,0.0021908267,simulation
1967-11-05,0.0030463047,simulation
1967-11-06,0.002891112,simulation
1967-11-07,0.0030215923,simulation
1967-11-08,0.0036144496,simulation
1967-11-09,0.0038364788,simulation
1967-11-10,0.0035050844,simulation
1967-11-11,0.0024048067,simulation
1967-11-12,0.0014544373,simulation
1967-11-13,0.0036045671,simulation
1967-11-14,0.0044899965,simulation
1967-11-15,0.0028605794,simulation
1967-11-16,0.0023072327,simulation
1967-11-17,0.001251028,simulation
1967-11-18,0.004173281,simulation
1967-11-19,0.0030157017,simulation
1967-11-20,0.001069687,simulation
1967-11-21,0.0015768595,simulation
1967-11-22,0.0014497064,simulation
1967-11-23,0.0009666493,simulation
1967-11-24,0.0011706814,simulation
1967-11-25,0.0040733446,simulation
1967-11-26,0.00079278613,simulation
1967-11-27,0.0010869245,simulation
1967-11-28,0.0012868616,simulation
1967-11-29,0.0011248378,simulation
1967-11-30,0.0026058545,simulation
1967-12-01,0.0018945915,simulation
1967-12-02,0.0009386269,simulation
1967-12-03,0.0015434439,simulation
1967-12-04,0.0019180563,simulation
1967-12-05,0.0009014291,simulation
1967-12-06,0.0008731795,simulation
1967-12-07,0.00088292744,simulation
1967-12-08,0.0006327059,simulation
1967-12-09,0.00043718808,simulation
1967-12-10,0.00023574397,simulation
1967-12-11,0.0009353217,simulation
1967-12-12,0.0027054606,simulation
1967-12-13,0.0016195679,simulation
1967-12-14,0.00059205334,simulation
1967-12-15,0.00013480044,simulation
1967-12-16,0.0010672993,simulation
1967-12-17,0.000731126,simulation
1967-12-18,0.00057780993,simulation
1967-12-19,0.00041088945,simulation
1967-12-20,0.0011626645,simulation
1967-12-21,0.0013115022,simulation
1967-12-22,0.0013272393,simulation
1967-12-23,0.0019643395,simulation
1967-12-24,0.0015390858,simulation
1967-12-25,0.0012906227,simulation
1967-12-26,0.0019688767,simulation
1967-12-27,0.00035670114,simulation
1967-12-28,0.00046880607,simulation
1967-12-29,0.00048463192,simulation
1967-12-30,0.0006965285,simulation
1967-12-31,0.00021570025,simulation
1968-01-01,0.00021032966,simulation
1968-01-02,8.733303e-05,simulation
1968-01-03,0.0002180668,simulation
1968-01-04,0.0009054715,simulation
1968-01-05,0.0008882621,simulation
1968-01-06,0.0004401615,simulation
1968-01-07,0.0010339759,simulation
1968-01-08,0.0009785271,simulation
1968-01-09,0.00025890663,simulation
1968-01-10,0.0001126054,simulation
1968-01-11,0.00019086941,simulation
1968-01-12,0.00010305378,simulation
1968-01-13,0.00055489986,simulation
1968-01-14,0.00035952416,simulation
1968-01-15,0.0010910425,simulation
1968-01-16,0.00094315945,simulation
1968-01-17,0.0016235952,simulation
1968-01-18,0.002520563,simulation
1968-01-19,0.001823699,simulation
1968-01-20,0.00085628557,simulation
1968-01-21,0.0023805462,simulation
1968-01-22,0.0007716371,simulation
1968-01-23,0.00027922736,simulation
1968-01-24,0.0019017312,simulation
1968-01-25,0.0018642227,simulation
1968-01-26,0.0027304175,simulation
1968-01-27,0.0009980748,simulation
1968-01-28,0.0007999866,simulation
1968-01-29,0.0012899577,simulation
1968-01-30,0.00082780246,simulation
1968-01-31,0.000938304,simulation
1968-02-01,0.000840874,simulation
1968-02-02,0.0032301364,simulation
1968-02-03,0.0022730606,simulation
1968-02-04,0.0028414459,simulation
1968-02-05,0.0024031682,simulation
1968-02-06,0.003224935,simulation
1968-02-07,0.002207713,simulation
1968-02-08,0.002279272,simulation
1968-02-09,0.0024681047,simulation
1968-02-10,0.0017299285,simulation
1968-02-11,0.0016705565,simulation
1968-02-12,0.0029294158,simulation
1968-02-13,0.0015023372,simulation
1968-02-14,0.0009003438,simulation
1968-02-15,0.00019660522,simulation
1968-02-16,0.0004555703,simulation
1968-02-17,0.0013642999,simulation
1968-02-18,0.0011879004,simulation
1968-02-19,0.0020514594,simulation
1968-02-20,0.002536492,simulation
1968-02-21,0.0008315879,simulation
1968-02-22,0.0012435318,simulation
1968-02-23,0.000988678,simulation
1968-02-24,0.0034781205,simulation
1968-02-25,0.003082698,simulation
1968-02-26,0.0028404805,simulation
1968-02-27,0.003394113,simulation
1968-02-28,0.00037692516,simulation
1968-02-29,0.0007976478,simulation
1968-03-01,0.0037328866,simulation
1968-03-02,0.0013842221,simulation
1968-03-03,0.0039123083,simulation
1968-03-04,0.0034063493,simulation
1968-03-05,0.0013086916,simulation
1968-03-06,0.001678584,simulation
1968-03-07,0.0048765712,simulation
1968-03-08,0.0052033816,simulation
1968-03-09,0.0013824427,simulation
1968-03-10,0.003234771,simulation
1968-03-11,0.0010095545,simulation
1968-03-12,0.0009310669,simulation
1968-03-13,0.0048323176,simulation
1968-03-14,0.0018768576,simulation
1968-03-15,0.0012473813,simulation
1968-03-16,0.0016138902,simulation
1968-03-17,0.0019124907,simulation
1968-03-18,0.0033591036,simulation
1968-03-19,0.00461188,simulation
1968-03-20,0.0034438134,simulation
1968-03-21,0.00077469967,simulation
1968-03-22,0.0003970156,simulation
1968-03-23,0.0010438897,simulation
1968-03-24,0.0041637057,simulation
1968-03-25,0.0052373763,simulation
1968-03-26,0.0045265006,simulation
1968-03-27,0.0042805606,simulation
1968-03-28,0.0037094054,simulation
1968-03-29,0.0017998348,simulation
1968-03-30,0.0020360989,simulation
1968-03-31,0.0036739819,simulation
1968-04-01,0.0012967291,simulation
1968-04-02,0.0009637438,simulation
1968-04-03,0.001639944,simulation
1968-04-04,0.0011559919,simulation
1968-04-05,0.006100038,simulation
1968-04-06,0.006256981,simulation
1968-04-07,0.0027894161,simulation
1968-04-08,0.0008870397,simulation
1968-04-09,0.00080219365,simulation
1968-04-10,0.0011036788,simulation
1968-04-11,0.007280372,simulation
1968-04-12,0.004476819,simulation
1968-04-13,0.0016109908,simulation
1968-04-14,0.0033862866,simulation
1968-04-15,0.008216873,simulation
1968-04-16,0.007092217,simulation
1968-04-17,0.004241755,simulation
1968-04-18,0.0043262187,simulation
1968-04-19,0.0038249504,simulation
1968-04-20,0.003514232,simulation
1968-04-21,0.0021970037,simulation
1968-04-22,0.0011888187,simulation
1968-04-23,0.0014482156,simulation
1968-04-24,0.0064778207,simulation
1968-04-25,0.008546069,simulation
1968-04-26,0.008084256,simulation
1968-04-27,0.0029945346,simulation
1968-04-28,0.0018741315,simulation
1968-04-29,0.0013975836,simulation
1968-04-30,0.008272864,simulation
1968-05-01,0.008101851,simulation
1968-05-02,0.007768128,simulation
1968-05-03,0.006711155,simulation
1968-05-04,0.0009346787,simulation
1968-05-05,0.009037171,simulation
1968-05-06,0.0069696438,simulation
1968-05-07,0.0068820342,simulation
1968-05-08,0.0019766297,simulation
1968-05-09,0.0033620778,simulation
1968-05-10,0.003084529,simulation
1968-05-11,0.0012652847,simulation
1968-05-12,0.0026091828,simulation
1968-05-13,0.0037328468,simulation
1968-05-14,0.005309825,simulation
1968-05-15,0.003602591,simulation
1968-05-16,0.0046613296,simulation
1968-05-17,0.0013791259,simulation
1968-05-18,0.0033812441,simulation
1968-05-19,0.009006515,simulation
1968-05-20,0.008665256,simulation
1968-05-21,0.006364137,simulation
1968-05-22,0.008742429,simulation
1968-05-23,0.010790855,simulation
1968-05-24,0.004026414,simulation
1968-05-25,0.004335577,simulation
1968-05-26,0.003004717,simulation
1968-05-27,0.0048740553,simulation
1968-05-28,0.007797044,simulation
1968-05-29,0.010109536,simulation
1968-05-30,0.0047961674,simulation
1968-05-31,0.004965343,simulation
1968-06-01,0.009427786,simulation
1968-06-02,0.005680464,simulation
1968-06-03,0.0038289444,simulation
1968-06-04,0.010687403,simulation
1968-06-05,0.004831122,simulation
1968-06-06,0.010781959,simulation
1968-06-07,0.010739312,simulation
1968-06-08,0.009100437,simulation
1968-06-09,0.010397874,simulation
1968-06-10,0.010515265,simulation
1968-06-11,0.009969458,simulation
1968-06-12,0.009286713,simulation
1968-06-13,0.01198981,simulation
1968-06-14,0.011004813,simulation
1968-06-15,0.0094438195,simulation
1968-06-16,0.0067300024,simulation
1968-06-17,0.005490508,simulation
1968-06-18,0.0052106753,simulation
1968-06-19,0.0018241666,simulation
1968-06-20,0.0022304286,simulation
1968-06-21,0.0011282255,simulation
1968-06-22,0.0016734191,simulation
1968-06-23,0.0052385507,simulation
1968-06-24,0.005694564,simulation
1968-06-25,0.005073747,simulation
1968-06-26,0.005273912,simulation
1968-06-27,0.010874443,simulation
1968-06-28,0.012242958,simulation
1968-06-29,0.010781914,simulation
1968-06-30,0.010606118,simulation
1968-07-01,0.009695787,simulation
1968-07-02,0.00889121,simulation
1968-07-03,0.0047039213,simulation
1968-07-04,0.011544511,simulation
1968-07-05,0.011095263,simulation
1968-07-06,0.006572977,simulation
1968-07-07,0.0051395167,simulation
1968-07-08,0.0015619355,simulation
1968-07-09,0.0045507904,simulation
1968-07-10,0.006491426,simulation
1968-07-11,0.0072421683,simulation
1968-07-12,0.0052401116,simulation
1968-07-13,0.0044209254,simulation
1968-07-14,0.002718836,simulation
1968-07-15,0.005428869,simulation
1968-07-16,0.0058315448,simulation
1968-07-17,0.008779153,simulation
1968-07-18,0.0047926204,simulation
1968-07-19,0.0061340374,simulation
1968-07-20,0.0057681147,simulation
1968-07-21,0.0068892837,simulation
1968-07-22,0.0021473311,simulation
1968-07-23,0.005126124,simulation
1968-07-24,0.0065220282,simulation
1968-07-25,0.009879433,simulation
1968-07-26,0.009782679,simulation
1968-07-27,0.011200383,simulation
1968-07-28,0.009756602,simulation
1968-07-29,0.005084924,simulation
1968-07-30,0.0069086384,simulation
1968-07-31,0.010356091,simulation
1968-08-01,0.010293096,simulation
1968-08-02,0.008759093,simulation
1968-08-03,0.009276159,simulation
1968-08-04,0.008750107,simulation
1968-08-05,0.00802971,simulation
1968-08-06,0.002564715,simulation
1968-08-07,0.0050347066,simulation
1968-08-08,0.0071281083,simulation
1968-08-09,0.010105703,simulation
1968-08-10,0.007693451,simulation
1968-08-11,0.0040413146,simulation
1968-08-12,0.0026411202,simulation
1968-08-13,0.0040686526,simulation
1968-08-14,0.003956698,simulation
1968-08-15,0.0050869025,simulation
1968-08-16,0.006213457,simulation
1968-08-17,0.008331383,simulation
1968-08-18,0.0076310188,simulation
1968-08-19,0.0046949326,simulation
1968-08-20,0.0047594626,simulation
1968-08-21,0.008761693,simulation
1968-08-22,0.009502385,simulation
1968-08-23,0.009721104,simulation
1968-08-24,0.008429611,simulation
1968-08-25,0.008057965,simulation
1968-08-26,0.010756563,simulation
1968-08-27,0.01151529,simulation
1968-08-28,0.009635832,simulation
1968-08-29,0.005375654,simulation
1968-08-30,0.004113113,simulation
1968-08-31,0.0050976393,simulation
1968-09-01,0.009664927,simulation
1968-09-02,0.0019942713,simulation
1968-09-03,0.0012509202,simulation
1968-09-04,0.0033578828,simulation
1968-09-05,0.003929099,simulation
1968-09-06,0.0064355102,simulation
1968-09-07,0.0082081035,simulation
1968-09-08,0.010112323,simulation
1968-09-09,0.0031407508,simulation
1968-09-10,0.009063909,simulation
1968-09-11,0.005116476,simulation
1968-09-12,0.009785205,simulation
1968-09-13,0.009569138,simulation
1968-09-14,0.0041953265,simulation
1968-09-15,0.0013313452,simulation
1968-09-16,0.00233573,simulation
1968-09-17,0.0018351208,simulation
1968-09-18,0.007875323,simulation
1968-09-19,0.008431936,simulation
1968-09-20,0.008050712,simulation
1968-09-21,0.008692723,simulation
1968-09-22,0.00867448,simulation
1968-09-23,0.009514682,simulation
1968-09-24,0.0073599257,simulation
1968-09-25,0.0026965034,simulation
1968-09-26,0.0013280364,simulation
1968-09-27,0.009256758,simulation
1968-09-28,0.008445714,simulation
1968-09-29,0.006520797,simulation
1968-09-30,0.008380935,simulation
1968-10-01,0.0077551147,simulation
1968-10-02,0.008364263,simulation
1968-10-03,0.0028205211,simulation
1968-10-04,0.009586755,simulation
1968-10-05,0.0035083466,simulation
1968-10-06,0.0011085267,simulation
1968-10-07,0.00083942775,simulation
1968-10-08,0.0017910796,simulation
1968-10-09,0.0035896678,simulation
1968-10-10,0.000841743,simulation
1968-10-11,0.0010669325,simulation
1968-10-12,0.004997895,simulation
1968-10-13,0.002719529,simulation
1968-10-14,0.005893727,simulation
1968-10-15,0.007979502,simulation
1968-10-16,0.005163198,simulation
1968-10-17,0.0023785187,simulation
1968-10-18,0.0071815234,simulation
1968-10-19,0.007428419,simulation
1968-10-20,0.0019246256,simulation
1968-10-21,0.0051105786,simulation
1968-10-22,0.0015600628,simulation
1968-10-23,0.0068008206,simulation
1968-10-24,0.005882096,simulation
1968-10-25,0.0059719095,simulation
1968-10-26,0.0058232653,simulation
1968-10-27,0.0068455725,simulation
1968-10-28,0.0064092833,simulation
1968-10-29,0.005415959,simulation
1968-10-30,0.0058999653,simulation
1968-10-31,0.0058105234,simulation
1968-11-01,0.006508172,simulation
1968-11-02,0.0063622473,simulation
1968-11-03,0.00079285464,simulation
1968-11-04,0.00073657,simulation
1968-11-05,0.000783219,simulation
1968-11-06,0.00055478414,simulation
1968-11-07,0.0007887011,simulation
1968-11-08,0.0020891114,simulation
1968-11-09,0.00077576813,simulation
1968-11-10,0.0014863265,simulation
1968-11-11,0.0007348589,simulation
1968-11-12,0.0010303378,simulation
1968-11-13,0.002375682,simulation
1968-11-14,0.0022682208,simulation
1968-11-15,0.0013939919,simulation
1968-11-16,0.004377802,simulation
1968-11-17,0.0010718037,simulation
1968-11-18,0.004327915,simulation
1968-11-19,0.002908596,simulation
1968-11-20,0.0023015356,simulation
1968-11-21,0.0030785175,simulation
1968-11-22,0.0019866196,simulation
1968-11-23,0.0010235391,simulation
1968-11-24,0.0008197886,simulation
1968-11-25,0.002753963,simulation
1968-11-26,0.0013161246,simulation
1968-11-27,0.001558994,simulation
1968-11-28,0.0049504945,simulation
1968-11-29,0.0009919998,simulation
1968-11-30,0.0008517282,simulation
1968-12-01,0.0006208808,simulation
1968-12-02,0.0009315481,simulation
1968-12-03,0.000790945,simulation
1968-12-04,0.002876172,simulation
1968-12-05,0.0025879566,simulation
1968-12-06,0.000613679,simulation
1968-12-07,0.0036991017,simulation
1968-12-08,0.0021037888,simulation
1968-12-09,0.0010427237,simulation
1968-12-10,0.0015834922,simulation
1968-12-11,0.0011593734,simulation
1968-12-12,0.001547682,simulation
1968-12-13,0.0009186546,simulation
1968-12-14,0.0027859807,simulation
1968-12-15,0.0014704855,simulation
1968-12-16,0.0009824904,simulation
1968-12-17,0.0015195591,simulation
1968-12-18,0.0010041005,simulation
1968-12-19,0.0011907604,simulation
1968-12-20,0.0009961027,simulation
1968-12-21,0.0005480476,simulation
1968-12-22,0.0007147365,simulation
1968-12-23,0.0025507659,simulation
1968-12-24,0.001481112,simulation
1968-12-25,0.001656598,simulation
1968-12-26,0.0013125158,simulation
1968-12-27,0.00090360374,simulation
1968-12-28,0.0022344277,simulation
1968-12-29,0.0011970146,simulation
1968-12-30,0.00043455383,simulation
1968-12-31,0.00041349963,simulation
1969-01-01,0.0013503269,simulation
1969-01-02,0.0004148951,simulation
1969-01-03,0.00036238157,simulation
1969-01-04,0.0012464176,simulation
1969-01-05,0.0010254773,simulation
1969-01-06,0.0010236269,simulation
1969-01-07,0.0008736305,simulation
1969-01-08,0.0014064816,simulation
1969-01-09,0.0013368397,simulation
1969-01-10,0.0014217616,simulation
1969-01-11,0.0016561721,simulation
1969-01-12,0.00093178835,simulation
1969-01-13,0.0015565917,simulation
1969-01-14,0.0016367172,simulation
1969-01-15,0.0019294018,simulation
1969-01-16,0.0009149474,simulation
1969-01-17,0.0007464552,simulation
1969-01-18,0.0005806554,simulation
1969-01-19,0.00046522438,simulation
1969-01-20,0.00031588145,simulation
1969-01-21,0.0005940782,simulation
1969-01-22,0.0006732167,simulation
1969-01-23,0.0016402248,simulation
1969-01-24,0.0009149474,simulation
1969-01-25,0.0015563251,simulation
1969-01-26,0.0012678938,simulation
1969-01-27,0.0018293223,simulation
1969-01-28,0.0008674869,simulation
1969-01-29,0.0010195868,simulation
1969-01-30,0.0009280283,simulation
1969-01-31,0.0005226855,simulation
1969-02-01,0.00086629327,simulation
1969-02-02,0.00087996875,simulation
1969-02-03,0.0030083568,simulation
1969-02-04,0.002032624,simulation
1969-02-05,0.0010730026,simulation
1969-02-06,0.001995124,simulation
1969-02-07,0.00093781983,simulation
1969-02-08,0.0030600203,simulation
1969-02-09,0.0015563251,simulation
1969-02-10,0.0009089057,simulation
1969-02-11,0.002116759,simulation
1969-02-12,0.003728227,simulation
1969-02-13,0.003873949,simulation
1969-02-14,0.0013071203,simulation
1969-02-15,0.00033879388,simulation
1969-02-16,0.00046872062,simulation
1969-02-17,0.0007597511,simulation
1969-02-18,0.003345243,simulation
1969-02-19,0.0018907076,simulation
1969-02-20,0.0012738936,simulation
1969-02-21,0.0014064816,simulation
1969-02-22,0.000548516,simulation
1969-02-23,0.0015821364,simulation
1969-02-24,0.0033913567,simulation
1969-02-25,0.0036006356,simulation
1969-02-26,0.0032376365,simulation
1969-02-27,0.0031341487,simulation
1969-02-28,0.003463914,simulation
1969-03-01,0.00091282435,simulation
1969-03-02,0.00382457,simulation
1969-03-03,0.00048466597,simulation
1969-03-04,0.00409397,simulation
1969-03-05,0.0012901798,simulation
1969-03-06,0.00049967045,simulation
1969-03-07,0.0026189694,simulation
1969-03-08,0.0014806044,simulation
1969-03-09,0.002965782,simulation
1969-03-10,0.0034975386,simulation
1969-03-11,0.002683465,simulation
1969-03-12,0.0011779435,simulation
1969-03-13,0.0039707767,simulation
1969-03-14,0.0013713401,simulation
1969-03-15,0.0012758633,simulation
1969-03-16,0.00059159094,simulation
1969-03-17,0.00080600136,simulation
1969-03-18,0.0007122819,simulation
1969-03-19,0.005511244,simulation
1969-03-20,0.0042565167,simulation
1969-03-21,0.005428278,simulation
1969-03-22,0.0031757925,simulation
1969-03-23,0.0015859362,simulation
1969-03-24,0.006248953,simulation
1969-03-25,0.0022045134,simulation
1969-03-26,0.0056136996,simulation
1969-03-27,0.0037655265,simulation
1969-03-28,0.006300036,simulation
1969-03-29,0.004858629,simulation
1969-03-30,0.0008578348,simulation
1969-03-31,0.0030982639,simulation
1969-04-01,0.006575061,simulation
1969-04-02,0.0030519883,simulation
1969-04-03,0.003621812,simulation
1969-04-04,0.00318812,simulation
1969-04-05,0.0011863711,simulation
1969-04-06,0.00094389013,simulation
1969-04-07,0.0042938846,simulation
1969-04-08,0.0019932496,simulation
1969-04-09,0.0028097567,simulation
1969-04-10,0.0023431077,simulation
1969-04-11,0.0053563314,simulation
1969-04-12,0.001910693,simulation
1969-04-13,0.00089925964,simulation
1969-04-14,0.0031934953,simulation
1969-04-15,0.0035523707,simulation
1969-04-16,0.0024852757,simulation
1969-04-17,0.00088910304,simulation
1969-04-18,0.0037608375,simulation
1969-04-19,0.0017753666,simulation
1969-04-20,0.0030592075,simulation
1969-04-21,0.0069502126,simulation
1969-04-22,0.008070484,simulation
1969-04-23,0.0075499713,simulation
1969-04-24,0.0075876936,simulation
1969-04-25,0.0077909008,simulation
1969-04-26,0.009126276,simulation
1969-04-27,0.0063064536,simulation
1969-04-28,0.0030626296,simulation
1969-04-29,0.007563656,simulation
1969-04-30,0.008627631,simulation
1969-05-01,0.00402994,simulation
1969-05-02,0.0071471613,simulation
1969-05-03,0.004966832,simulation
1969-05-04,0.00226339,simulation
1969-05-05,0.006874008,simulation
1969-05-06,0.0020623498,simulation
1969-05-07,0.0014892597,simulation
1969-05-08,0.00094535266,simulation
1969-05-09,0.009412512,simulation
1969-05-10,0.009310871,simulation
1969-05-11,0.0073984265,simulation
1969-05-12,0.009081047,simulation
1969-05-13,0.005211918,simulation
1969-05-14,0.0019144532,simulation
1969-05-15,0.0031823057,simulation
1969-05-16,0.0020953643,simulation
1969-05-17,0.0010640933,simulation
1969-05-18,0.004250849,simulation
1969-05-19,0.0040588817,simulation
1969-05-20,0.007967904,simulation
1969-05-21,0.009762272,simulation
1969-05-22,0.009469815,simulation
1969-05-23,0.009379327,simulation
1969-05-24,0.004518049,simulation
1969-05-25,0.0034937544,simulation
1969-05-26,0.007772809,simulation
1969-05-27,0.0071890634,simulation
1969-05-28,0.007958688,simulation
1969-05-29,0.008829724,simulation
1969-05-30,0.00795228,simulation
1969-05-31,0.010001957,simulation
1969-06-01,0.00990326,simulation
1969-06-02,0.0021122464,simulation
1969-06-03,0.0068276916,simulation
1969-06-04,0.0025145612,simulation
1969-06-05,0.006212687,simulation
1969-06-06,0.011323452,simulation
1969-06-07,0.010513276,simulation
1969-06-08,0.0075612515,simulation
1969-06-09,0.009503044,simulation
1969-06-10,0.010474876,simulation
1969-06-11,0.010411158,simulation
1969-06-12,0.009367473,simulation
1969-06-13,0.00974397,simulation
1969-06-14,0.009963103,simulation
1969-06-15,0.008490274,simulation
1969-06-16,0.007809,simulation
1969-06-17,0.012337565,simulation
1969-06-18,0.010576628,simulation
1969-06-19,0.005561077,simulation
1969-06-20,0.0068168915,simulation
1969-06-21,0.008174728,simulation
1969-06-22,0.010950897,simulation
1969-06-23,0.00910579,simulation
1969-06-24,0.005995824,simulation
1969-06-25,0.010672372,simulation
1969-06-26,0.009349108,simulation
1969-06-27,0.011161864,simulation
1969-06-28,0.013149299,simulation
1969-06-29,0.014953196,simulation
1969-06-30,0.013720356,simulation
1969-07-01,0.0092091765,simulation
1969-07-02,0.0128272325,simulation
1969-07-03,0.014912955,simulation
1969-07-04,0.015978128,simulation
1969-07-05,0.011545058,simulation
1969-07-06,0.007850991,simulation
1969-07-07,0.009847805,simulation
1969-07-08,0.011408526,simulation
1969-07-09,0.010077585,simulation
1969-07-10,0.008250172,simulation
1969-07-11,0.009443751,simulation
1969-07-12,0.0070701647,simulation
1969-07-13,0.010431707,simulation
1969-07-14,0.010612797,simulation
1969-07-15,0.010942768,simulation
1969-07-16,0.007361287,simulation
1969-07-17,0.0025160606,simulation
1969-07-18,0.0011824038,simulation
1969-07-19,0.0035690912,simulation
1969-07-20,0.009721916,simulation
1969-07-21,0.009991169,simulation
1969-07-22,0.0077596847,simulation
1969-07-23,0.0056296405,simulation
1969-07-24,0.0068952222,simulation
1969-07-25,0.003327598,simulation
1969-07-26,0.0012599733,simulation
1969-07-27,0.0027739308,simulation
1969-07-28,0.005528381,simulation
1969-07-29,0.007812548,simulation
1969-07-30,0.008250164,simulation
1969-07-31,0.006593742,simulation
1969-08-01,0.0064162347,simulation
1969-08-02,0.009281158,simulation
1969-08-03,0.009253111,simulation
1969-08-04,0.010834128,simulation
1969-08-05,0.008271046,simulation
1969-08-06,0.010954708,simulation
1969-08-07,0.010152783,simulation
1969-08-08,0.011146024,simulation
1969-08-09,0.009512505,simulation
1969-08-10,0.007428956,simulation
1969-08-11,0.013219953,simulation
1969-08-12,0.011564702,simulation
1969-08-13,0.011584684,simulation
1969-08-14,0.005665518,simulation
1969-08-15,0.009611648,simulation
1969-08-16,0.009537209,simulation
1969-08-17,0.006186434,simulation
1969-08-18,0.001283222,simulation
1969-08-19,0.0058945827,simulation
1969-08-20,0.008103661,simulation
1969-08-21,0.0075847916,simulation
1969-08-22,0.0061117536,simulation
1969-08-23,0.0010675747,simulation
1969-08-24,0.0029398804,simulation
1969-08-25,0.005410282,simulation
1969-08-26,0.004200124,simulation
1969-08-27,0.004520119,simulation
1969-08-28,0.0110838115,simulation
1969-08-29,0.010583021,simulation
1969-08-30,0.009897273,simulation
1969-08-31,0.0016315395,simulation
1969-09-01,0.0029624286,simulation
1969-09-02,0.008156776,simulation
1969-09-03,0.0031319752,simulation
1969-09-04,0.004683572,simulation
1969-09-05,0.0027777061,simulation
1969-09-06,0.007946609,simulation
1969-09-07,0.0077356827,simulation
1969-09-08,0.0040882397,simulation
1969-09-09,0.006603933,simulation
1969-09-10,0.0050922744,simulation
1969-09-11,0.0022691877,simulation
1969-09-12,0.009690635,simulation
1969-09-13,0.009662069,simulation
1969-09-14,0.0059218975,simulation
1969-09-15,0.009095646,simulation
1969-09-16,0.008081612,simulation
1969-09-17,0.005644212,simulation
1969-09-18,0.0077917986,simulation
1969-09-19,0.0028832653,simulation
1969-09-20,0.0010713434,simulation
1969-09-21,0.0011965011,simulation
1969-09-22,0.0010914181,simulation
1969-09-23,0.0013822049,simulation
1969-09-24,0.004518364,simulation
1969-09-25,0.007798452,simulation
1969-09-26,0.009354297,simulation
1969-09-27,0.009163618,simulation
1969-09-28,0.009419113,simulation
1969-09-29,0.009898432,simulation
1969-09-30,0.0038947803,simulation
1969-10-01,0.00093323214,simulation
1969-10-02,0.005979555,simulation
1969-10-03,0.0060343756,simulation
1969-10-04,0.0070298216,simulation
1969-10-05,0.0063759284,simulation
1969-10-06,0.001036557,simulation
1969-10-07,0.0010099888,simulation
1969-10-08,0.0033143796,simulation
1969-10-09,0.0074946415,simulation
1969-10-10,0.0024921808,simulation
1969-10-11,0.0054340707,simulation
1969-10-12,0.00609185,simulation
1969-10-13,0.0014066024,simulation
1969-10-14,0.0009428351,simulation
1969-10-15,0.00095573644,simulation
1969-10-16,0.006123636,simulation
1969-10-17,0.007118058,simulation
1969-10-18,0.0075284657,simulation
1969-10-19,0.007197147,simulation
1969-10-20,0.0008599787,simulation
1969-10-21,0.0009516352,simulation
1969-10-22,0.0077000074,simulation
1969-10-23,0.008090321,simulation
1969-10-24,0.0012609472,simulation
1969-10-25,0.004682908,simulation
1969-10-26,0.0051828506,simulation
1969-10-27,0.0049431357,simulation
1969-10-28,0.005494146,simulation
1969-10-29,0.0030244144,simulation
1969-10-30,0.005050674,simulation
1969-10-31,0.00078999257,simulation
1969-11-01,0.0006886998,simulation
1969-11-02,0.0052930326,simulation
1969-11-03,0.0011996907,simulation
1969-11-04,0.0011284193,simulation
1969-11-05,0.0039165253,simulation
1969-11-06,0.0027725173,simulation
1969-11-07,0.0018233872,simulation
1969-11-08,0.002699026,simulation
1969-11-09,0.004727123,simulation
1969-11-10,0.005367252,simulation
1969-11-11,0.0046648644,simulation
1969-11-12,0.0038823155,simulation
1969-11-13,0.0010374484,simulation
1969-11-14,0.0031479495,simulation
1969-11-15,0.0026429181,simulation
1969-11-16,0.003058735,simulation
1969-11-17,0.0044348533,simulation
1969-11-18,0.0010613531,simulation
1969-11-19,0.004136044,simulation
1969-11-20,0.0030141661,simulation
1969-11-21,0.0034305668,simulation
1969-11-22,0.0031530242,simulation
1969-11-23,0.0011332773,simulation
1969-11-24,0.0017404711,simulation
1969-11-25,0.0010298947,simulation
1969-11-26,0.0007352392,simulation
1969-11-27,0.00044189085,simulation
1969-11-28,0.0014215179,simulation
1969-11-29,0.0012106613,simulation
1969-11-30,0.0022666738,simulation
1969-12-01,0.003086623,simulation
1969-12-02,0.0024498838,simulation
1969-12-03,0.003211284,simulation
1969-12-04,0.0027091436,simulation
1969-12-05,0.0010121622,simulation
1969-12-06,0.00046255795,simulation
1969-12-07,0.00073321507,simulation
1969-12-08,0.00048276782,simulation
1969-12-09,0.00078375865,simulation
1969-12-10,0.001013643,simulation
1969-12-11,0.001146892,simulation
1969-12-12,0.0017084461,simulation
1969-12-13,0.001968204,simulation
1969-12-14,0.0025440603,simulation
1969-12-15,0.0019341899,simulation
1969-12-16,0.0017823675,simulation
1969-12-17,0.001408655,simulation
1969-12-18,0.00096998084,simulation
1969-12-19,0.0006339655,simulation
1969-12-20,0.0009152623,simulation
1969-12-21,0.0005061866,simulation
1969-12-22,0.0010345094,simulation
1969-12-23,0.0022372887,simulation
1969-12-24,0.0015947906,simulation
1969-12-25,0.0007984038,simulation
1969-12-26,0.0015280474,simulation
1969-12-27,0.0018773396,simulation
1969-12-28,0.001371223,simulation
1969-12-29,0.00082659174,simulation
1969-12-30,0.00016193558,simulation
1969-12-31,0.0002136876,simulation
1970-01-01,0.0012912876,simulation
1970-01-02,0.0012352321,simulation
1970-01-03,0.0010251243,simulation
1970-01-04,0.0010896368,simulation
1970-01-05,0.0007565674,simulation
1970-01-06,0.00019372161,simulation
1970-01-07,0.0011713853,simulation
1970-01-08,0.0012239357,simulation
1970-01-09,0.0010910425,simulation
1970-01-10,0.00091172557,simulation
1970-01-11,0.00011658779,simulation
1970-01-12,0.00021618675,simulation
1970-01-13,0.0014314259,simulation
1970-01-14,0.0010167852,simulation
1970-01-15,0.0009785271,simulation
1970-01-16,0.00071589637,simulation
1970-01-17,0.00033150587,simulation
1970-01-18,0.00026845167,simulation
1970-01-19,0.00018834666,simulation
1970-01-20,0.00017593641,simulation
1970-01-21,0.0011360071,simulation
1970-01-22,0.0011494562,simulation
1970-01-23,0.0010290097,simulation
1970-01-24,0.0024392637,simulation
1970-01-25,0.0009991913,simulation
1970-01-26,0.0019192046,simulation
1970-01-27,0.0028960265,simulation
1970-01-28,0.001463819,simulation
1970-01-29,0.0015005349,simulation
1970-01-30,0.0032945864,simulation
1970-01-31,0.0018535736,simulation
1970-02-01,0.0008658456,simulation
1970-02-02,0.00199359,simulation
1970-02-03,0.0024340744,simulation
1970-02-04,0.0018370048,simulation
1970-02-05,0.0010073871,simulation
1970-02-06,0.0011771346,simulation
1970-02-07,0.0019252836,simulation
1970-02-08,0.0009215046,simulation
1970-02-09,0.003008249,simulation
1970-02-10,0.0031941915,simulation
1970-02-11,0.0027441478,simulation
1970-02-12,0.0034793518,simulation
1970-02-13,0.0010595303,simulation
1970-02-14,0.0011129173,simulation
1970-02-15,0.0009524535,simulation
1970-02-16,0.00038385994,simulation
1970-02-17,0.0027137538,simulation
1970-02-18,0.004336961,simulation
1970-02-19,0.0039878483,simulation
1970-02-20,0.004388737,simulation
1970-02-21,0.003619258,simulation
1970-02-22,0.0025649338,simulation
1970-02-23,0.0007893123,simulation
1970-02-24,0.000369922,simulation
1970-02-25,0.00091023627,simulation
1970-02-26,0.0034737808,simulation
1970-02-27,0.003382413,simulation
1970-02-28,0.0014694768,simulation
1970-03-01,0.0032102303,simulation
1970-03-02,0.0019074287,simulation
1970-03-03,0.00088856794,simulation
1970-03-04,0.0005344605,simulation
1970-03-05,0.0006660217,simulation
1970-03-06,0.0013701644,simulation
1970-03-07,0.0007396805,simulation
1970-03-08,0.0011128214,simulation
1970-03-09,0.005230502,simulation
1970-03-10,0.004002408,simulation
1970-03-11,0.00057130656,simulation
1970-03-12,0.00054586766,simulation
1970-03-13,0.0015350028,simulation
1970-03-14,0.0038629924,simulation
1970-03-15,0.004733036,simulation
1970-03-16,0.0031387608,simulation
1970-03-17,0.0019492906,simulation
1970-03-18,0.0035021694,simulation
1970-03-19,0.00082780246,simulation
1970-03-20,0.001011727,simulation
1970-03-21,0.00033797565,simulation
1970-03-22,0.0014028677,simulation
1970-03-23,0.0047256392,simulation
1970-03-24,0.0073356777,simulation
1970-03-25,0.004969652,simulation
1970-03-26,0.0031253097,simulation
1970-03-27,0.0049530687,simulation
1970-03-28,0.0017527273,simulation
1970-03-29,0.0017143055,simulation
1970-03-30,0.0017431546,simulation
1970-03-31,0.0032336905,simulation
1970-04-01,0.00445432,simulation
1970-04-02,0.0066075474,simulation
1970-04-03,0.0061767157,simulation
1970-04-04,0.0032937094,simulation
1970-04-05,0.0019228166,simulation
1970-04-06,0.007124057,simulation
1970-04-07,0.006369544,simulation
1970-04-08,0.0058499044,simulation
1970-04-09,0.0013328312,simulation
1970-04-10,0.0007960696,simulation
1970-04-11,0.00067590125,simulation
1970-04-12,0.002774403,simulation
1970-04-13,0.0037909625,simulation
1970-04-14,0.0075854063,simulation
1970-04-15,0.004758364,simulation
1970-04-16,0.0011407994,simulation
1970-04-17,0.0021127877,simulation
1970-04-18,0.0024544785,simulation
1970-04-19,0.0019131447,simulation
1970-04-20,0.006248382,simulation
1970-04-21,0.008718129,simulation
1970-04-22,0.004507329,simulation
1970-04-23,0.0046180976,simulation
1970-04-24,0.0014929662,simulation
1970-04-25,0.0017221,simulation
1970-04-26,0.0013875508,simulation
1970-04-27,0.0025182036,simulation
1970-04-28,0.0033582868,simulation
1970-04-29,0.0034768106,simulation
1970-04-30,0.0067563877,simulation
1970-05-01,0.0024691552,simulation
1970-05-02,0.0007986788,simulation
1970-05-03,0.0017028986,simulation
1970-05-04,0.0075719655,simulation
1970-05-05,0.00797585,simulation
1970-05-06,0.0068322364,simulation
1970-05-07,0.0070591606,simulation
1970-05-08,0.009909041,simulation
1970-05-09,0.004142062,simulation
1970-05-10,0.0047464254,simulation
1970-05-11,0.005368507,simulation
1970-05-12,0.006455565,simulation
1970-05-13,0.006016383,simulation
1970-05-14,0.007994253,simulation
1970-05-15,0.006754255,simulation
1970-05-16,0.0015809175,simulation
1970-05-17,0.0070468932,simulation
1970-05-18,0.0076994486,simulation
1970-05-19,0.004532492,simulation
1970-05-20,0.0035252622,simulation
1970-05-21,0.0068380386,simulation
1970-05-22,0.0072192773,simulation
1970-05-23,0.0060945023,simulation
1970-05-24,0.008566454,simulation
1970-05-25,0.0065905144,simulation
1970-05-26,0.008440096,simulation
1970-05-27,0.0077185202,simulation
1970-05-28,0.0060063023,simulation
1970-05-29,0.0044115856,simulation
1970-05-30,0.0012611639,simulation
1970-05-31,0.004243229,simulation
1970-06-01,0.0012856476,simulation
1970-06-02,0.0011717882,simulation
1970-06-03,0.0062254593,simulation
1970-06-04,0.0056605535,simulation
1970-06-05,0.0069090184,simulation
1970-06-06,0.0059400117,simulation
1970-06-07,0.008406147,simulation
1970-06-08,0.009092011,simulation
1970-06-09,0.006973801,simulation
1970-06-10,0.002473575,simulation
1970-06-11,0.007141387,simulation
1970-06-12,0.0051073595,simulation
1970-06-13,0.005276593,simulation
1970-06-14,0.0043954994,simulation
1970-06-15,0.0039088484,simulation
1970-06-16,0.008084875,simulation
1970-06-17,0.010613047,simulation
1970-06-18,0.010991052,simulation
1970-06-19,0.010784119,simulation
1970-06-20,0.0084843,simulation
1970-06-21,0.0071094763,simulation
1970-06-22,0.006912561,simulation
1970-06-23,0.0055062417,simulation
1970-06-24,0.0010387873,simulation
1970-06-25,0.0028438605,simulation
1970-06-26,0.0077024978,simulation
1970-06-27,0.0038031898,simulation
1970-06-28,0.010059074,simulation
1970-06-29,0.010113675,simulation
1970-06-30,0.0107381195,simulation
1970-07-01,0.007762173,simulation
1970-07-02,0.010671835,simulation
1970-07-03,0.009480931,simulation
1970-07-04,0.0062185624,simulation
1970-07-05,0.008778812,simulation
1970-07-06,0.009623993,simulation
1970-07-07,0.011706963,simulation
1970-07-08,0.0015683714,simulation
1970-07-09,0.0052453876,simulation
1970-07-10,0.007507365,simulation
1970-07-11,0.0055736927,simulation
1970-07-12,0.0068965238,simulation
1970-07-13,0.0070319306,simulation
1970-07-14,0.009615567,simulation
1970-07-15,0.0048044585,simulation
1970-07-16,0.00402059,simulation
1970-07-17,0.004521974,simulation
1970-07-18,0.008445373,simulation
1970-07-19,0.00589794,simulation
1970-07-20,0.0039928937,simulation
1970-07-21,0.0009232503,simulation
1970-07-22,0.0010458662,simulation
1970-07-23,0.0043906188,simulation
1970-07-24,0.004770134,simulation
1970-07-25,0.001327353,simulation
1970-07-26,0.0062931255,simulation
1970-07-27,0.007929316,simulation
1970-07-28,0.006328682,simulation
1970-07-29,0.008373627,simulation
1970-07-30,0.009640094,simulation
1970-07-31,0.0095338,simulation
1970-08-01,0.009022061,simulation
1970-08-02,0.008802857,simulation
1970-08-03,0.007744504,simulation
1970-08-04,0.0052880547,simulation
1970-08-05,0.0063797976,simulation
1970-08-06,0.005532724,simulation
1970-08-07,0.0039844867,simulation
1970-08-08,0.0023680015,simulation
1970-08-09,0.003710913,simulation
1970-08-10,0.001103869,simulation
1970-08-11,0.005056751,simulation
1970-08-12,0.004047096,simulation
1970-08-13,0.007248929,simulation
1970-08-14,0.007985424,simulation
1970-08-15,0.007523963,simulation
1970-08-16,0.00538338,simulation
1970-08-17,0.004881027,simulation
1970-08-18,0.004455706,simulation
1970-08-19,0.004196351,simulation
1970-08-20,0.005412476,simulation
1970-08-21,0.004277939,simulation
1970-08-22,0.0043514012,simulation
1970-08-23,0.001714746,simulation
1970-08-24,0.004600673,simulation
1970-08-25,0.0073765907,simulation
1970-08-26,0.0050040274,simulation
1970-08-27,0.0028178864,simulation
1970-08-28,0.0035620632,simulation
1970-08-29,0.0034668162,simulation
1970-08-30,0.006238469,simulation
1970-08-31,0.0048660086,simulation
1970-09-01,0.003982428,simulation
1970-09-02,0.004422854,simulation
1970-09-03,0.0021893317,simulation
1970-09-04,0.0048503163,simulation
1970-09-05,0.0056673014,simulation
1970-09-06,0.0073927715,simulation
1970-09-07,0.0062384335,simulation
1970-09-08,0.0039507705,simulation
1970-09-09,0.0076274164,simulation
1970-09-10,0.007289486,simulation
1970-09-11,0.005517513,simulation
1970-09-12,0.0063533885,simulation
1970-09-13,0.007583726,simulation
1970-09-14,0.008683935,simulation
1970-09-15,0.007163452,simulation
1970-09-16,0.005301185,simulation
1970-09-17,0.0051499465,simulation
1970-09-18,0.005700301,simulation
1970-09-19,0.007865086,simulation
1970-09-20,0.0069646444,simulation
1970-09-21,0.0069229426,simulation
1970-09-22,0.006889377,simulation
1970-09-23,0.0023665903,simulation
1970-09-24,0.0018330815,simulation
1970-09-25,0.0019941016,simulation
1970-09-26,0.0062704794,simulation
1970-09-27,0.0011025416,simulation
1970-09-28,0.007097671,simulation
1970-09-29,0.0076784156,simulation
1970-09-30,0.0071708523,simulation
1970-10-01,0.0070454013,simulation
1970-10-02,0.0043977373,simulation
1970-10-03,0.005339152,simulation
1970-10-04,0.0080175735,simulation
1970-10-05,0.003641617,simulation
1970-10-06,0.0013180461,simulation
1970-10-07,0.0010037553,simulation
1970-10-08,0.003289212,simulation
1970-10-09,0.004769253,simulation
1970-10-10,0.005625346,simulation
1970-10-11,0.001983228,simulation
1970-10-12,0.00074936886,simulation
1970-10-13,0.001446602,simulation
1970-10-14,0.0031438444,simulation
1970-10-15,0.0008871158,simulation
1970-10-16,0.005616364,simulation
1970-10-17,0.0030476865,simulation
1970-10-18,0.000825312,simulation
1970-10-19,0.0006386273,simulation
1970-10-20,0.00058192253,simulation
1970-10-21,0.0011514332,simulation
1970-10-22,0.0043069306,simulation
1970-10-23,0.0010284791,simulation
1970-10-24,0.0030629344,simulation
1970-10-25,0.0039777723,simulation
1970-10-26,0.0051154858,simulation
1970-10-27,0.0024175427,simulation
1970-10-28,0.00082035334,simulation
1970-10-29,0.0026453924,simulation
1970-10-30,0.00398505,simulation
1970-10-31,0.004112167,simulation
1970-11-01,0.001806003,simulation
1970-11-02,0.0010444283,simulation
1970-11-03,0.0020795024,simulation
1970-11-04,0.0014029879,simulation
1970-11-05,0.0035982192,simulation
1970-11-06,0.0039244522,simulation
1970-11-07,0.0035097185,simulation
1970-11-08,0.0031979128,simulation
1970-11-09,0.0012758633,simulation
1970-11-10,0.0028330095,simulation
1970-11-11,0.0008826994,simulation
1970-11-12,0.0005296661,simulation
1970-11-13,0.0016209554,simulation
1970-11-14,0.00019479322,simulation
1970-11-15,0.0008557702,simulation
1970-11-16,0.0026067428,simulation
1970-11-17,0.0016149969,simulation
1970-11-18,0.003358432,simulation
1970-11-19,0.0011250312,simulation
1970-11-20,0.0035584325,simulation
1970-11-21,0.0031098735,simulation
1970-11-22,0.0011108151,simulation
1970-11-23,0.0037759512,simulation
1970-11-24,0.0019690443,simulation
1970-11-25,0.002030368,simulation
1970-11-26,0.0021711006,simulation
1970-11-27,0.001186677,simulation
1970-11-28,0.00072661287,simulation
1970-11-29,0.0017281532,simulation
1970-11-30,0.0025877357,simulation
1970-12-01,0.0014126472,simulation
1970-12-02,0.0010672993,simulation
1970-12-03,0.0008000553,simulation
1970-12-04,0.0041556978,simulation
1970-12-05,0.0012966183,simulation
1970-12-06,0.004369197,simulation
1970-12-07,0.0027706325,simulation
1970-12-08,0.0024494654,simulation
1970-12-09,0.0015674316,simulation
1970-12-10,0.0013093655,simulation
1970-12-11,0.0006892826,simulation
1970-12-12,0.0006913652,simulation
1970-12-13,0.0007769044,simulation
1970-12-14,0.0012839928,simulation
1970-12-15,0.0006967634,simulation
1970-12-16,0.0011642635,simulation
1970-12-17,0.001846928,simulation
1970-12-18,0.0011644635,simulation
1970-12-19,0.00085739157,simulation
1970-12-20,0.00079387944,simulation
1970-12-21,0.0023297651,simulation
1970-12-22,0.0010548952,simulation
1970-12-23,0.0010212539,simulation
1970-12-24,0.0025992116,simulation
1970-12-25,0.0015406697,simulation
1970-12-26,0.0014961689,simulation
1970-12-27,0.0017265268,simulation
1970-12-28,0.00089247595,simulation
1970-12-29,0.00042084343,simulation
1970-12-30,0.0003522719,simulation
1970-12-31,0.0006565292,simulation
1971-01-01,0.0015666255,simulation
1971-01-02,0.0018135878,simulation
1971-01-03,0.0017159204,simulation
1971-01-04,0.0010153004,simulation
1971-01-05,0.0010945172,simulation
1971-01-06,0.0013833916,simulation
1971-01-07,0.00086778525,simulation
1971-01-08,0.00014343817,simulation
1971-01-09,0.00021607126,simulation
1971-01-10,0.0004042349,simulation
1971-01-11,0.0010918868,simulation
1971-01-12,0.0008035071,simulation
1971-01-13,0.00053002295,simulation
1971-01-14,0.0008858953,simulation
1971-01-15,0.0012805815,simulation
1971-01-16,0.0013356934,simulation
1971-01-17,0.0014706113,simulation
1971-01-18,0.00062103715,simulation
1971-01-19,0.0024202222,simulation
1971-01-20,0.0016069943,simulation
1971-01-21,0.0019541276,simulation
1971-01-22,0.0010995141,simulation
1971-01-23,0.0007644932,simulation
1971-01-24,0.0007009059,simulation
1971-01-25,0.0008432661,simulation
1971-01-26,0.0039908863,simulation
1971-01-27,0.00288529,simulation
1971-01-28,0.0023835914,simulation
1971-01-29,0.0014353595,simulation
1971-01-30,0.0013498636,simulation
1971-01-31,0.0011817948,simulation
1971-02-01,0.0032265459,simulation
1971-02-02,0.0016023217,simulation
1971-02-03,0.0013447779,simulation
1971-02-04,0.0006706988,simulation
1971-02-05,0.0030432965,simulation
1971-02-06,0.0031349568,simulation
1971-02-07,0.0013427022,simulation
1971-02-08,0.0010033242,simulation
1971-02-09,0.0013676983,simulation
1971-02-10,0.002244743,simulation
1971-02-11,0.0028905591,simulation
1971-02-12,0.00076772604,simulation
1971-02-13,0.0013266698,simulation
1971-02-14,0.0025822362,simulation
1971-02-15,0.002043067,simulation
1971-02-16,0.003400555,simulation
1971-02-17,0.0032937508,simulation
1971-02-18,0.0029671988,simulation
1971-02-19,0.0012813509,simulation
1971-02-20,0.0013282644,simulation
1971-02-21,0.0011191502,simulation
1971-02-22,0.0035760882,simulation
1971-02-23,0.0037902195,simulation
1971-02-24,0.0021761083,simulation
1971-02-25,0.0035738908,simulation
1971-02-26,0.00081360125,simulation
1971-02-27,0.0050358623,simulation
1971-02-28,0.0012127422,simulation
1971-03-01,0.00072047487,simulation
1971-03-02,0.00028067018,simulation
1971-03-03,0.0008390608,simulation
1971-03-04,0.003380331,simulation
1971-03-05,0.0034621498,simulation
1971-03-06,0.0013209899,simulation
1971-03-07,0.003931515,simulation
1971-03-08,0.0040738187,simulation
1971-03-09,0.0036175102,simulation
1971-03-10,0.003500562,simulation
1971-03-11,0.0047242637,simulation
1971-03-12,0.0017877122,simulation
1971-03-13,0.00058516033,simulation
1971-03-14,0.0022344277,simulation
1971-03-15,0.0069089904,simulation
1971-03-16,0.0058468888,simulation
1971-03-17,0.0053420532,simulation
1971-03-18,0.0034088143,simulation
1971-03-19,0.0060565397,simulation
1971-03-20,0.005303243,simulation
1971-03-21,0.0013831543,simulation
1971-03-22,0.0022192323,simulation
1971-03-23,0.0022069598,simulation
1971-03-24,0.0050694994,simulation
1971-03-25,0.0010322882,simulation
1971-03-26,0.00082495704,simulation
1971-03-27,0.005438545,simulation
1971-03-28,0.0011430559,simulation
1971-03-29,0.0057016145,simulation
1971-03-30,0.0058578737,simulation
1971-03-31,0.005133673,simulation
1971-04-01,0.0012112851,simulation
1971-04-02,0.006148532,simulation
1971-04-03,0.0062208604,simulation
1971-04-04,0.0059954766,simulation
1971-04-05,0.002925187,simulation
1971-04-06,0.0030225432,simulation
1971-04-07,0.0065535773,simulation
1971-04-08,0.005830733,simulation
1971-04-09,0.0075923763,simulation
1971-04-10,0.0068362225,simulation
1971-04-11,0.008152399,simulation
1971-04-12,0.009374224,simulation
1971-04-13,0.0070844684,simulation
1971-04-14,0.006742358,simulation
1971-04-15,0.005834743,simulation
1971-04-16,0.0067744358,simulation
1971-04-17,0.0042678975,simulation
1971-04-18,0.0021751798,simulation
1971-04-19,0.008301694,simulation
1971-04-20,0.0019295663,simulation
1971-04-21,0.0012843237,simulation
1971-04-22,0.0011091934,simulation
1971-04-23,0.0046800408,simulation
1971-04-24,0.008297276,simulation
1971-04-25,0.0051681134,simulation
1971-04-26,0.0027938057,simulation
1971-04-27,0.0016395232,simulation
1971-04-28,0.007700201,simulation
1971-04-29,0.0012577045,simulation
1971-04-30,0.00050168973,simulation
1971-05-01,0.0074480083,simulation
1971-05-02,0.0047930046,simulation
1971-05-03,0.005064988,simulation
1971-05-04,0.007952865,simulation
1971-05-05,0.002515419,simulation
1971-05-06,0.002343308,simulation
1971-05-07,0.003072518,simulation
1971-05-08,0.005182079,simulation
1971-05-09,0.0010914181,simulation
1971-05-10,0.0016706991,simulation
1971-05-11,0.0016764305,simulation
1971-05-12,0.00061347336,simulation
1971-05-13,0.0010069539,simulation
1971-05-14,0.0043224697,simulation
1971-05-15,0.005266187,simulation
1971-05-16,0.008101098,simulation
1971-05-17,0.009124681,simulation
1971-05-18,0.006779965,simulation
1971-05-19,0.0037641411,simulation
1971-05-20,0.0014775618,simulation
1971-05-21,0.009415656,simulation
1971-05-22,0.0051306123,simulation
1971-05-23,0.006070071,simulation
1971-05-24,0.0027206857,simulation
1971-05-25,0.008003887,simulation
1971-05-26,0.008476097,simulation
1971-05-27,0.0022748061,simulation
1971-05-28,0.0031902,simulation
1971-05-29,0.007851377,simulation
1971-05-30,0.0069125984,simulation
1971-05-31,0.006802367,simulation
1971-06-01,0.0060058823,simulation
1971-06-02,0.008337766,simulation
1971-06-03,0.008100012,simulation
1971-06-04,0.009076934,simulation
1971-06-05,0.009210344,simulation
1971-06-06,0.0045709624,simulation
1971-06-07,0.0042555253,simulation
1971-06-08,0.008596495,simulation
1971-06-09,0.006398851,simulation
1971-06-10,0.005923485,simulation
1971-06-11,0.00831745,simulation
1971-06-12,0.007165443,simulation
1971-06-13,0.007529106,simulation
1971-06-14,0.011943355,simulation
1971-06-15,0.010348432,simulation
1971-06-16,0.009375751,simulation
1971-06-17,0.0065771937,simulation
1971-06-18,0.009145182,simulation
1971-06-19,0.006121686,simulation
1971-06-20,0.006381594,simulation
1971-06-21,0.005112502,simulation
1971-06-22,0.00547434,simulation
1971-06-23,0.009344164,simulation
1971-06-24,0.008607063,simulation
1971-06-25,0.006735432,simulation
1971-06-26,0.009261847,simulation
1971-06-27,0.003187152,simulation
1971-06-28,0.007307712,simulation
1971-06-29,0.007204148,simulation
1971-06-30,0.005007843,simulation
1971-07-01,0.005543747,simulation
1971-07-02,0.0020605887,simulation
1971-07-03,0.00507494,simulation
1971-07-04,0.005543681,simulation
1971-07-05,0.0065432563,simulation
1971-07-06,0.004302748,simulation
1971-07-07,0.0050174235,simulation
1971-07-08,0.0062166536,simulation
1971-07-09,0.008305881,simulation
1971-07-10,0.0049270643,simulation
1971-07-11,0.008763868,simulation
1971-07-12,0.007873004,simulation
1971-07-13,0.0077081565,simulation
1971-07-14,0.006875735,simulation
1971-07-15,0.009818189,simulation
1971-07-16,0.009249538,simulation
1971-07-17,0.0033726974,simulation
1971-07-18,0.007985711,simulation
1971-07-19,0.0075096954,simulation
1971-07-20,0.0016876617,simulation
1971-07-21,0.0074037034,simulation
1971-07-22,0.009607125,simulation
1971-07-23,0.0019131447,simulation
1971-07-24,0.0017226895,simulation
1971-07-25,0.0012775077,simulation
1971-07-26,0.0030981638,simulation
1971-07-27,0.0018567459,simulation
1971-07-28,0.0029048931,simulation
1971-07-29,0.002465163,simulation
1971-07-30,0.003036757,simulation
1971-07-31,0.0011481737,simulation
1971-08-01,0.00190694,simulation
1971-08-02,0.0016375582,simulation
1971-08-03,0.0045059593,simulation
1971-08-04,0.005820334,simulation
1971-08-05,0.006111035,simulation
1971-08-06,0.003648995,simulation
1971-08-07,0.0033778509,simulation
1971-08-08,0.005026216,simulation
1971-08-09,0.002635734,simulation
1971-08-10,0.0036281804,simulation
1971-08-11,0.005231389,simulation
1971-08-12,0.007050529,simulation
1971-08-13,0.007959448,simulation
1971-08-14,0.007277645,simulation
1971-08-15,0.0073898323,simulation
1971-08-16,0.00808477,simulation
1971-08-17,0.006241996,simulation
1971-08-18,0.0075595714,simulation
1971-08-19,0.0076117553,simulation
1971-08-20,0.007957675,simulation
1971-08-21,0.0044202646,simulation
1971-08-22,0.0042507,simulation
1971-08-23,0.0026465172,simulation
1971-08-24,0.0069614267,simulation
1971-08-25,0.0061395643,simulation
1971-08-26,0.008519616,simulation
1971-08-27,0.009385243,simulation
1971-08-28,0.0088669695,simulation
1971-08-29,0.009599701,simulation
1971-08-30,0.0014788287,simulation
1971-08-31,0.0021829894,simulation
1971-09-01,0.0009868094,simulation
1971-09-02,0.0028277196,simulation
1971-09-03,0.005390745,simulation
1971-09-04,0.0046278276,simulation
1971-09-05,0.002097512,simulation
1971-09-06,0.0044292905,simulation
1971-09-07,0.007349491,simulation
1971-09-08,0.0069297794,simulation
1971-09-09,0.0050333915,simulation
1971-09-10,0.0052305167,simulation
1971-09-11,0.0024039873,simulation
1971-09-12,0.0068482533,simulation
1971-09-13,0.008988425,simulation
1971-09-14,0.009281665,simulation
1971-09-15,0.003955368,simulation
1971-09-16,0.0007673295,simulation
1971-09-17,0.0016492383,simulation
1971-09-18,0.003990318,simulation
1971-09-19,0.0010483863,simulation
1971-09-20,0.0008346001,simulation
1971-09-21,0.002188771,simulation
1971-09-22,0.005644636,simulation
1971-09-23,0.0031515213,simulation
1971-09-24,0.004079887,simulation
1971-09-25,0.004860388,simulation
1971-09-26,0.0027866918,simulation
1971-09-27,0.0027040807,simulation
1971-09-28,0.005999159,simulation
1971-09-29,0.0063000936,simulation
1971-09-30,0.0060009817,simulation
1971-10-01,0.006400368,simulation
1971-10-02,0.006288046,simulation
1971-10-03,0.0052194363,simulation
1971-10-04,0.0036467307,simulation
1971-10-05,0.0019038452,simulation
1971-10-06,0.0054605296,simulation
1971-10-07,0.0069983844,simulation
1971-10-08,0.0054568583,simulation
1971-10-09,0.0011727951,simulation
1971-10-10,0.006571073,simulation
1971-10-11,0.0058299047,simulation
1971-10-12,0.0054168063,simulation
1971-10-13,0.0012546845,simulation
1971-10-14,0.004135283,simulation
1971-10-15,0.0038197585,simulation
1971-10-16,0.0030488898,simulation
1971-10-17,0.0022026335,simulation
1971-10-18,0.0010864577,simulation
1971-10-19,0.0065398924,simulation
1971-10-20,0.00085224136,simulation
1971-10-21,0.00089316757,simulation
1971-10-22,0.0020533868,simulation
1971-10-23,0.0030779955,simulation
1971-10-24,0.00079353753,simulation
1971-10-25,0.0028705588,simulation
1971-10-26,0.004399326,simulation
1971-10-27,0.0055521275,simulation
1971-10-28,0.0047141686,simulation
1971-10-29,0.006131622,simulation
1971-10-30,0.0018415663,simulation
1971-10-31,0.0010591655,simulation
1971-11-01,0.0036709665,simulation
1971-11-02,0.0012574879,simulation
1971-11-03,0.006456879,simulation
1971-11-04,0.0047369776,simulation
1971-11-05,0.0050180946,simulation
1971-11-06,0.0014233476,simulation
1971-11-07,0.005724187,simulation
1971-11-08,0.004369553,simulation
1971-11-09,0.0007729004,simulation
1971-11-10,0.0032728135,simulation
1971-11-11,0.0036595082,simulation
1971-11-12,0.004248562,simulation
1971-11-13,0.0018770185,simulation
1971-11-14,0.0010668411,simulation
1971-11-15,0.0029838788,simulation
1971-11-16,0.004050508,simulation
1971-11-17,0.002385013,simulation
1971-11-18,0.0027017824,simulation
1971-11-19,0.0006873955,simulation
1971-11-20,0.0034082842,simulation
1971-11-21,0.004653312,simulation
1971-11-22,0.002656668,simulation
1971-11-23,0.000493837,simulation
1971-11-24,0.0007799882,simulation
1971-11-25,0.0010219566,simulation
1971-11-26,0.00070947886,simulation
1971-11-27,0.0030613309,simulation
1971-11-28,0.0008356064,simulation
1971-11-29,0.002683465,simulation
1971-11-30,0.0021685085,simulation
1971-12-01,0.00070296845,simulation
1971-12-02,0.00072398875,simulation
1971-12-03,0.00023812987,simulation
1971-12-04,0.00028377588,simulation
1971-12-05,0.00020379832,simulation
1971-12-06,0.00027325476,simulation
1971-12-07,0.0005253982,simulation
1971-12-08,0.0008759644,simulation
1971-12-09,0.0013375281,simulation
1971-12-10,0.0014839084,simulation
1971-12-11,0.0013805468,simulation
1971-12-12,0.00092229765,simulation
1971-12-13,0.00046876154,simulation
1971-12-14,0.0009495909,simulation
1971-12-15,0.0009219008,simulation
1971-12-16,0.0013234863,simulation
1971-12-17,0.0007273709,simulation
1971-12-18,0.0027272203,simulation
1971-12-19,0.00090796774,simulation
1971-12-20,0.0020103506,simulation
1971-12-21,0.0020388837,simulation
1971-12-22,0.00244613,simulation
1971-12-23,0.0014952712,simulation
1971-12-24,0.0009097665,simulation
1971-12-25,0.0012199485,simulation
1971-12-26,0.0010295407,simulation
1971-12-27,0.000950817,simulation
1971-12-28,0.00038054356,simulation
1971-12-29,0.00052375696,simulation
1971-12-30,0.00080906064,simulation
1971-12-31,0.0012780557,simulation
1972-01-01,0.0010410222,simulation
1972-01-02,0.00080815586,simulation
1972-01-03,0.00037919494,simulation
1972-01-04,0.00025262308,simulation
1972-01-05,0.0005607221,simulation
1972-01-06,0.0012037153,simulation
1972-01-07,0.0015098238,simulation
1972-01-08,0.002207902,simulation
1972-01-09,0.0008246731,simulation
1972-01-10,0.0007652995,simulation
1972-01-11,0.00097014767,simulation
1972-01-12,0.002721787,simulation
1972-01-13,0.0018029162,simulation
1972-01-14,0.0021238173,simulation
1972-01-15,0.0028973876,simulation
1972-01-16,0.0018799092,simulation
1972-01-17,0.002241681,simulation
1972-01-18,0.0016853522,simulation
1972-01-19,0.0011770332,simulation
1972-01-20,0.00043810788,simulation
1972-01-21,0.00036351947,simulation
1972-01-22,0.00076556636,simulation
1972-01-23,0.0010932012,simulation
1972-01-24,0.0030111081,simulation
1972-01-25,0.0046167104,simulation
1972-01-26,0.001986959,simulation
1972-01-27,0.00086786,simulation
1972-01-28,0.00028560674,simulation
1972-01-29,0.000101146055,simulation
1972-01-30,0.0004985494,simulation
1972-01-31,0.001643036,simulation
1972-02-01,0.00060826243,simulation
1972-02-02,0.00016712415,simulation
1972-02-03,0.0010152127,simulation
1972-02-04,0.0024169257,simulation
1972-02-05,0.0024490494,simulation
1972-02-06,0.0010453265,simulation
1972-02-07,0.0005703186,simulation
1972-02-08,0.0016217884,simulation
1972-02-09,0.002539084,simulation
1972-02-10,0.001295283,simulation
1972-02-11,0.0013512545,simulation
1972-02-12,0.0009894435,simulation
1972-02-13,0.0017990647,simulation
1972-02-14,0.0020474338,simulation
1972-02-15,0.0008894859,simulation
1972-02-16,0.0010168728,simulation
1972-02-17,0.0025925855,simulation
1972-02-18,0.0044998177,simulation
1972-02-19,0.0046785236,simulation
1972-02-20,0.0016320985,simulation
1972-02-21,0.0035050963,simulation
1972-02-22,0.00079531624,simulation
1972-02-23,0.0024739965,simulation
1972-02-24,0.00303116,simulation
1972-02-25,0.0018828042,simulation
1972-02-26,0.0011217495,simulation
1972-02-27,0.0013010766,simulation
1972-02-28,0.004653248,simulation
1972-02-29,0.0014359745,simulation
1972-03-01,0.0015836281,simulation
1972-03-02,0.0006734233,simulation
1972-03-03,0.0008955529,simulation
1972-03-04,0.0018428266,simulation
1972-03-05,0.0052576996,simulation
1972-03-06,0.00456293,simulation
1972-03-07,0.0022759703,simulation
1972-03-08,0.0038615498,simulation
1972-03-09,0.0050295703,simulation
1972-03-10,0.004893242,simulation
1972-03-11,0.006174149,simulation
1972-03-12,0.005429933,simulation
1972-03-13,0.0032995702,simulation
1972-03-14,0.004860336,simulation
1972-03-15,0.003906811,simulation
1972-03-16,0.0054478482,simulation
1972-03-17,0.0055694627,simulation
1972-03-18,0.0022860845,simulation
1972-03-19,0.0054037413,simulation
1972-03-20,0.0037324196,simulation
1972-03-21,0.0023021235,simulation
1972-03-22,0.007384604,simulation
1972-03-23,0.0070440657,simulation
1972-03-24,0.002104686,simulation
1972-03-25,0.0015891998,simulation
1972-03-26,0.0018983203,simulation
1972-03-27,0.0028045091,simulation
1972-03-28,0.006108314,simulation
1972-03-29,0.002952136,simulation
1972-03-30,0.003162539,simulation
1972-03-31,0.004616869,simulation
1972-04-01,0.004731798,simulation
1972-04-02,0.0061665075,simulation
1972-04-03,0.005883948,simulation
1972-04-04,0.0013841036,simulation
1972-04-05,0.0037658243,simulation
1972-04-06,0.001452817,simulation
1972-04-07,0.0052041295,simulation
1972-04-08,0.0032079967,simulation
1972-04-09,0.0068013594,simulation
1972-04-10,0.006351875,simulation
1972-04-11,0.0018588115,simulation
1972-04-12,0.0035013452,simulation
1972-04-13,0.006479742,simulation
1972-04-14,0.0063625993,simulation
1972-04-15,0.0057432875,simulation
1972-04-16,0.009353969,simulation
1972-04-17,0.008706201,simulation
1972-04-18,0.0083949715,simulation
1972-04-19,0.0075503886,simulation
1972-04-20,0.003945696,simulation
1972-04-21,0.001984753,simulation
1972-04-22,0.008113436,simulation
1972-04-23,0.0085746795,simulation
1972-04-24,0.008326307,simulation
1972-04-25,0.008601811,simulation
1972-04-26,0.0037790763,simulation
1972-04-27,0.004862898,simulation
1972-04-28,0.0014370834,simulation
1972-04-29,0.0026898615,simulation
1972-04-30,0.0042669373,simulation
1972-05-01,0.004238695,simulation
1972-05-02,0.0010059155,simulation
1972-05-03,0.0045443014,simulation
1972-05-04,0.009111647,simulation
1972-05-05,0.0058121188,simulation
1972-05-06,0.00531484,simulation
1972-05-07,0.0009192871,simulation
1972-05-08,0.0034982173,simulation
1972-05-09,0.006363674,simulation
1972-05-10,0.00326423,simulation
1972-05-11,0.0016170732,simulation
1972-05-12,0.001000481,simulation
1972-05-13,0.0033707088,simulation
1972-05-14,0.005207365,simulation
1972-05-15,0.007914942,simulation
1972-05-16,0.009374414,simulation
1972-05-17,0.00499046,simulation
1972-05-18,0.008890245,simulation
1972-05-19,0.010017872,simulation
1972-05-20,0.0093712695,simulation
1972-05-21,0.010204069,simulation
1972-05-22,0.0104769245,simulation
1972-05-23,0.008998342,simulation
1972-05-24,0.0050100926,simulation
1972-05-25,0.01046139,simulation
1972-05-26,0.008289468,simulation
1972-05-27,0.006321145,simulation
1972-05-28,0.007408548,simulation
1972-05-29,0.0061613903,simulation
1972-05-30,0.0054044263,simulation
1972-05-31,0.0046821805,simulation
1972-06-01,0.011183836,simulation
1972-06-02,0.01164981,simulation
1972-06-03,0.012422822,simulation
1972-06-04,0.010958768,simulation
1972-06-05,0.012304962,simulation
1972-06-06,0.012658298,simulation
1972-06-07,0.011583328,simulation
1972-06-08,0.00913929,simulation
1972-06-09,0.0050416305,simulation
1972-06-10,0.00330849,simulation
1972-06-11,0.006301893,simulation
1972-06-12,0.009413581,simulation
1972-06-13,0.008482456,simulation
1972-06-14,0.005615879,simulation
1972-06-15,0.0018720501,simulation
1972-06-16,0.0011039631,simulation
1972-06-17,0.0038083303,simulation
1972-06-18,0.011579007,simulation
1972-06-19,0.006007785,simulation
1972-06-20,0.011654764,simulation
1972-06-21,0.009484122,simulation
1972-06-22,0.004199213,simulation
1972-06-23,0.009033978,simulation
1972-06-24,0.0066637928,simulation
1972-06-25,0.0012684384,simulation
1972-06-26,0.005440951,simulation
1972-06-27,0.008731186,simulation
1972-06-28,0.0086841285,simulation
1972-06-29,0.0016426146,simulation
1972-06-30,0.0071651135,simulation
1972-07-01,0.005173716,simulation
1972-07-02,0.008077698,simulation
1972-07-03,0.007423291,simulation
1972-07-04,0.0014010641,simulation
1972-07-05,0.0018083218,simulation
1972-07-06,0.00993577,simulation
1972-07-07,0.010056313,simulation
1972-07-08,0.009055112,simulation
1972-07-09,0.0061157565,simulation
1972-07-10,0.009515837,simulation
1972-07-11,0.011108704,simulation
1972-07-12,0.008538073,simulation
1972-07-13,0.0057805707,simulation
1972-07-14,0.0055531743,simulation
1972-07-15,0.005446026,simulation
1972-07-16,0.0063185897,simulation
1972-07-17,0.007553974,simulation
1972-07-18,0.007360965,simulation
1972-07-19,0.008710284,simulation
1972-07-20,0.010041073,simulation
1972-07-21,0.0104534365,simulation
1972-07-22,0.009396583,simulation
1972-07-23,0.008002435,simulation
1972-07-24,0.009051956,simulation
1972-07-25,0.008940585,simulation
1972-07-26,0.0059255883,simulation
1972-07-27,0.0069604293,simulation
1972-07-28,0.0067610587,simulation
1972-07-29,0.0021748086,simulation
1972-07-30,0.0031925591,simulation
1972-07-31,0.0053345123,simulation
1972-08-01,0.00807838,simulation
1972-08-02,0.007547319,simulation
1972-08-03,0.009701554,simulation
1972-08-04,0.008318678,simulation
1972-08-05,0.009620711,simulation
1972-08-06,0.011556499,simulation
1972-08-07,0.0137450695,simulation
1972-08-08,0.0081344005,simulation
1972-08-09,0.010112733,simulation
1972-08-10,0.006377668,simulation
1972-08-11,0.007135549,simulation
1972-08-12,0.006860928,simulation
1972-08-13,0.0026673093,simulation
1972-08-14,0.009622451,simulation
1972-08-15,0.008760551,simulation
1972-08-16,0.010478683,simulation
1972-08-17,0.009848144,simulation
1972-08-18,0.010739688,simulation
1972-08-19,0.0100916885,simulation
1972-08-20,0.011411864,simulation
1972-08-21,0.011307318,simulation
1972-08-22,0.008492332,simulation
1972-08-23,0.008835562,simulation
1972-08-24,0.008834183,simulation
1972-08-25,0.008396511,simulation
1972-08-26,0.0061035673,simulation
1972-08-27,0.009584576,simulation
1972-08-28,0.010811422,simulation
1972-08-29,0.0085195685,simulation
1972-08-30,0.011657275,simulation
1972-08-31,0.009496465,simulation
1972-09-01,0.010954831,simulation
1972-09-02,0.010439819,simulation
1972-09-03,0.009391518,simulation
1972-09-04,0.007971666,simulation
1972-09-05,0.002985146,simulation
1972-09-06,0.0070513994,simulation
1972-09-07,0.0060921847,simulation
1972-09-08,0.008137297,simulation
1972-09-09,0.008756528,simulation
1972-09-10,0.011565626,simulation
1972-09-11,0.0112142265,simulation
1972-09-12,0.013684586,simulation
1972-09-13,0.01323501,simulation
1972-09-14,0.012716994,simulation
1972-09-15,0.011882592,simulation
1972-09-16,0.009742564,simulation
1972-09-17,0.004768141,simulation
1972-09-18,0.0076757763,simulation
1972-09-19,0.010353096,simulation
1972-09-20,0.0123496875,simulation
1972-09-21,0.009419717,simulation
1972-09-22,0.0026283446,simulation
1972-09-23,0.0073463256,simulation
1972-09-24,0.009898534,simulation
1972-09-25,0.0053578443,simulation
1972-09-26,0.0026823233,simulation
1972-09-27,0.0055089057,simulation
1972-09-28,0.0029694778,simulation
1972-09-29,0.0054699606,simulation
1972-09-30,0.0064138323,simulation
1972-10-01,0.009517327,simulation
1972-10-02,0.009147157,simulation
1972-10-03,0.0041745366,simulation
1972-10-04,0.0066527217,simulation
1972-10-05,0.007882606,simulation
1972-10-06,0.005186867,simulation
1972-10-07,0.0028200417,simulation
1972-10-08,0.006695484,simulation
1972-10-09,0.009667136,simulation
1972-10-10,0.010611737,simulation
1972-10-11,0.009821864,simulation
1972-10-12,0.0062780282,simulation
1972-10-13,0.0071475557,simulation
1972-10-14,0.009110705,simulation
1972-10-15,0.0068589235,simulation
1972-10-16,0.008964088,simulation
1972-10-17,0.009015714,simulation
1972-10-18,0.0048504015,simulation
1972-10-19,0.0010375374,simulation
1972-10-20,0.002390914,simulation
1972-10-21,0.0040889285,simulation
1972-10-22,0.0019466266,simulation
1972-10-23,0.00164163,simulation
1972-10-24,0.0024580352,simulation
1972-10-25,0.0012845442,simulation
1972-10-26,0.0010166104,simulation
1972-10-27,0.0010041005,simulation
1972-10-28,0.0008382725,simulation
1972-10-29,0.0010933891,simulation
1972-10-30,0.0021979406,simulation
1972-10-31,0.0035241076,simulation
1972-11-01,0.004338584,simulation
1972-11-02,0.0018717302,simulation
1972-11-03,0.0024601296,simulation
1972-11-04,0.006173836,simulation
1972-11-05,0.0024307596,simulation
1972-11-06,0.0029103258,simulation
1972-11-07,0.0015016932,simulation
1972-11-08,0.004988677,simulation
1972-11-09,0.0016514992,simulation
1972-11-10,0.004176646,simulation
1972-11-11,0.0009336339,simulation
1972-11-12,0.0053245504,simulation
1972-11-13,0.0008516547,simulation
1972-11-14,0.0016131996,simulation
1972-11-15,0.0010110314,simulation
1972-11-16,0.0007251748,simulation
1972-11-17,0.0012292018,simulation
1972-11-18,0.00076944724,simulation
1972-11-19,0.00087332935,simulation
1972-11-20,0.00093596603,simulation
1972-11-21,0.0008746081,simulation
1972-11-22,0.0010159118,simulation
1972-11-23,0.0010632701,simulation
1972-11-24,0.00088414387,simulation
1972-11-25,0.0006905418,simulation
1972-11-26,0.003994914,simulation
1972-11-27,0.0029884411,simulation
1972-11-28,0.0015591279,simulation
1972-11-29,0.00094494596,simulation
1972-11-30,0.0015023372,simulation
1972-12-01,0.0025143477,simulation
1972-12-02,0.0025291617,simulation
1972-12-03,0.001788936,simulation
1972-12-04,0.0011592736,simulation
1972-12-05,0.0007677923,simulation
1972-12-06,0.0009088273,simulation
1972-12-07,0.0013900519,simulation
1972-12-08,0.0009577117,simulation
1972-12-09,0.001264416,simulation
1972-12-10,0.0007346692,simulation
1972-12-11,0.00036291542,simulation
1972-12-12,0.0010016002,simulation
1972-12-13,0.0005130977,simulation
1972-12-14,0.00032569485,simulation
1972-12-15,0.00080053776,simulation
1972-12-16,0.0024548967,simulation
1972-12-17,0.0015683714,simulation
1972-12-18,0.0017358601,simulation
1972-12-19,0.0009819836,simulation
1972-12-20,0.00025121713,simulation
1972-12-21,0.00036434943,simulation
1972-12-22,0.0005273493,simulation
1972-12-23,0.00038946283,simulation
1972-12-24,0.0011075741,simulation
1972-12-25,0.0011751144,simulation
1972-12-26,0.00079572684,simulation
1972-12-27,0.001840307,simulation
1972-12-28,0.0017501792,simulation
1972-12-29,0.0012443867,simulation
1972-12-30,0.000970064,simulation
1972-12-31,0.0012709446,simulation
1973-01-01,0.00094307814,simulation
1973-01-02,0.0009711499,simulation
1973-01-03,0.0005344587,simulation
1973-01-04,0.00088841456,simulation
1973-01-05,0.00043609165,simulation
1973-01-06,0.000661795,simulation
1973-01-07,0.00049813703,simulation
1973-01-08,0.00045433288,simulation
1973-01-09,0.0006024531,simulation
1973-01-10,0.0007394279,simulation
1973-01-11,0.0010621742,simulation
1973-01-12,0.0012604059,simulation
1973-01-13,0.0010061752,simulation
1973-01-14,0.0015229491,simulation
1973-01-15,0.0025313157,simulation
1973-01-16,0.002566025,simulation
1973-01-17,0.0010175725,simulation
1973-01-18,0.0009810554,simulation
1973-01-19,0.0030389135,simulation
1973-01-20,0.0012632225,simulation
1973-01-21,0.0022495335,simulation
1973-01-22,0.003607345,simulation
1973-01-23,0.0017697556,simulation
1973-01-24,0.0020248268,simulation
1973-01-25,0.0010687684,simulation
1973-01-26,0.0008651009,simulation
1973-01-27,0.0024177493,simulation
1973-01-28,0.0007131674,simulation
1973-01-29,0.0014335143,simulation
1973-01-30,0.0010003948,simulation
1973-01-31,0.00096068165,simulation
1973-02-01,0.0012097257,simulation
1973-02-02,0.0030191347,simulation
1973-02-03,0.0031617377,simulation
1973-02-04,0.0025291617,simulation
1973-02-05,0.0023491061,simulation
1973-02-06,0.0009396773,simulation
1973-02-07,0.0009802121,simulation
1973-02-08,0.00062395266,simulation
1973-02-09,0.0010510032,simulation
1973-02-10,0.00228823,simulation
1973-02-11,0.0014399204,simulation
1973-02-12,0.0012933951,simulation
1973-02-13,0.00094242935,simulation
1973-02-14,0.00058206584,simulation
1973-02-15,0.0021127877,simulation
1973-02-16,0.0015881112,simulation
1973-02-17,0.00087996875,simulation
1973-02-18,0.0023109736,simulation
1973-02-19,0.0017932256,simulation
1973-02-20,0.0017134255,simulation
1973-02-21,0.0009779386,simulation
1973-02-22,0.0018090949,simulation
1973-02-23,0.002488788,simulation
1973-02-24,0.0031272857,simulation
1973-02-25,0.0029383092,simulation
1973-02-26,0.0029863124,simulation
1973-02-27,0.003978893,simulation
1973-02-28,0.0036298118,simulation
1973-03-01,0.001350095,simulation
1973-03-02,0.0018470865,simulation
1973-03-03,0.003159419,simulation
1973-03-04,0.0026462928,simulation
1973-03-05,0.001182302,simulation
1973-03-06,0.0023730523,simulation
1973-03-07,0.0049091387,simulation
1973-03-08,0.0008465387,simulation
1973-03-09,0.002887382,simulation
1973-03-10,0.0013661736,simulation
1973-03-11,0.004050668,simulation
1973-03-12,0.004806592,simulation
1973-03-13,0.0014757891,simulation
1973-03-14,0.0025397334,simulation
1973-03-15,0.0022956554,simulation
1973-03-16,0.0010510032,simulation
1973-03-17,0.0044859657,simulation
1973-03-18,0.0044544917,simulation
1973-03-19,0.0031321421,simulation
1973-03-20,0.0018041504,simulation
1973-03-21,0.0029290784,simulation
1973-03-22,0.0030945302,simulation
1973-03-23,0.004829363,simulation
1973-03-24,0.0011374716,simulation
1973-03-25,0.0045437394,simulation
1973-03-26,0.0013873129,simulation
1973-03-27,0.001971738,simulation
1973-03-28,0.0032803512,simulation
1973-03-29,0.0010153004,simulation
1973-03-30,0.000910863,simulation
1973-03-31,0.0042516594,simulation
1973-04-01,0.006861698,simulation
1973-04-02,0.0029148597,simulation
1973-04-03,0.0011787532,simulation
1973-04-04,0.0016038315,simulation
1973-04-05,0.004679826,simulation
1973-04-06,0.0015212533,simulation
1973-04-07,0.00091156864,simulation
1973-04-08,0.006055033,simulation
1973-04-09,0.0042118886,simulation
1973-04-10,0.0064311493,simulation
1973-04-11,0.005970247,simulation
1973-04-12,0.0067265257,simulation
1973-04-13,0.0059472937,simulation
1973-04-14,0.006957028,simulation
1973-04-15,0.0028428952,simulation
1973-04-16,0.0012908443,simulation
1973-04-17,0.0014580581,simulation
1973-04-18,0.0044550034,simulation
1973-04-19,0.0026561178,simulation
1973-04-20,0.005863661,simulation
1973-04-21,0.0044114874,simulation
1973-04-22,0.0035608283,simulation
1973-04-23,0.001972413,simulation
1973-04-24,0.0023945845,simulation
1973-04-25,0.002698913,simulation
1973-04-26,0.0026207871,simulation
1973-04-27,0.004589606,simulation
1973-04-28,0.0072423033,simulation
1973-04-29,0.007908072,simulation
1973-04-30,0.0050999583,simulation
1973-05-01,0.0027692523,simulation
1973-05-02,0.0032409716,simulation
1973-05-03,0.00563805,simulation
1973-05-04,0.008114036,simulation
1973-05-05,0.008237921,simulation
1973-05-06,0.001919368,simulation
1973-05-07,0.0017287447,simulation
1973-05-08,0.008189097,simulation
1973-05-09,0.008484751,simulation
1973-05-10,0.009697646,simulation
1973-05-11,0.006424563,simulation
1973-05-12,0.0017671832,simulation
1973-05-13,0.0061892103,simulation
1973-05-14,0.0077635124,simulation
1973-05-15,0.00543629,simulation
1973-05-16,0.009218603,simulation
1973-05-17,0.009590134,simulation
1973-05-18,0.006238957,simulation
1973-05-19,0.0104616955,simulation
1973-05-20,0.004721778,simulation
1973-05-21,0.0044943844,simulation
1973-05-22,0.005504044,simulation
1973-05-23,0.0056928755,simulation
1973-05-24,0.00745425,simulation
1973-05-25,0.006000518,simulation
1973-05-26,0.0038300643,simulation
1973-05-27,0.0025551277,simulation
1973-05-28,0.010303661,simulation
1973-05-29,0.00867046,simulation
1973-05-30,0.0087758675,simulation
1973-05-31,0.0069397297,simulation
1973-06-01,0.0021947555,simulation
1973-06-02,0.005847223,simulation
1973-06-03,0.007714955,simulation
1973-06-04,0.005190378,simulation
1973-06-05,0.0050997636,simulation
1973-06-06,0.0034498475,simulation
1973-06-07,0.0033799084,simulation
1973-06-08,0.0047195824,simulation
1973-06-09,0.0052905893,simulation
1973-06-10,0.0049271863,simulation
1973-06-11,0.0027399522,simulation
1973-06-12,0.0047704997,simulation
1973-06-13,0.006091916,simulation
1973-06-14,0.005864339,simulation
1973-06-15,0.0043622726,simulation
1973-06-16,0.0049624993,simulation
1973-06-17,0.0067395456,simulation
1973-06-18,0.008879159,simulation
1973-06-19,0.00825078,simulation
1973-06-20,0.0059864987,simulation
1973-06-21,0.0060116528,simulation
1973-06-22,0.0059136264,simulation
1973-06-23,0.0040619755,simulation
1973-06-24,0.004646455,simulation
1973-06-25,0.011582106,simulation
1973-06-26,0.007222425,simulation
1973-06-27,0.0061673764,simulation
1973-06-28,0.0065743485,simulation
1973-06-29,0.009500168,simulation
1973-06-30,0.0041978094,simulation
1973-07-01,0.0076964833,simulation
1973-07-02,0.00864866,simulation
1973-07-03,0.0054328186,simulation
1973-07-04,0.007068876,simulation
1973-07-05,0.004681322,simulation
1973-07-06,0.0019046596,simulation
1973-07-07,0.0039179525,simulation
1973-07-08,0.007361874,simulation
1973-07-09,0.0092791505,simulation
1973-07-10,0.008458175,simulation
1973-07-11,0.007110756,simulation
1973-07-12,0.011456139,simulation
1973-07-13,0.00958287,simulation
1973-07-14,0.0088092275,simulation
1973-07-15,0.009477757,simulation
1973-07-16,0.008331969,simulation
1973-07-17,0.0046916394,simulation
1973-07-18,0.0048262696,simulation
1973-07-19,0.0058122887,simulation
1973-07-20,0.0063553713,simulation
1973-07-21,0.0075386185,simulation
1973-07-22,0.0067355456,simulation
1973-07-23,0.010251224,simulation
1973-07-24,0.008116959,simulation
1973-07-25,0.004229869,simulation
1973-07-26,0.0027204535,simulation
1973-07-27,0.004809817,simulation
1973-07-28,0.009580169,simulation
1973-07-29,0.004802241,simulation
1973-07-30,0.005642133,simulation
1973-07-31,0.0044384613,simulation
1973-08-01,0.0020722346,simulation
1973-08-02,0.008089261,simulation
1973-08-03,0.00926571,simulation
1973-08-04,0.008820899,simulation
1973-08-05,0.008319784,simulation
1973-08-06,0.0067167627,simulation
1973-08-07,0.007273013,simulation
1973-08-08,0.010255903,simulation
1973-08-09,0.009855378,simulation
1973-08-10,0.009305425,simulation
1973-08-11,0.009308521,simulation
1973-08-12,0.006695575,simulation
1973-08-13,0.005901671,simulation
1973-08-14,0.005828145,simulation
1973-08-15,0.0075949077,simulation
1973-08-16,0.0042654495,simulation
1973-08-17,0.0020846578,simulation
1973-08-18,0.0026134048,simulation
1973-08-19,0.00825065,simulation
1973-08-20,0.00961709,simulation
1973-08-21,0.011139214,simulation
1973-08-22,0.010952741,simulation
1973-08-23,0.0098111555,simulation
1973-08-24,0.009251535,simulation
1973-08-25,0.007921327,simulation
1973-08-26,0.008645803,simulation
1973-08-27,0.008656174,simulation
1973-08-28,0.008220894,simulation
1973-08-29,0.00595158,simulation
1973-08-30,0.0076026227,simulation
1973-08-31,0.00845455,simulation
1973-09-01,0.0023473056,simulation
1973-09-02,0.0014961689,simulation
1973-09-03,0.0050191525,simulation
1973-09-04,0.0032091073,simulation
1973-09-05,0.0015247772,simulation
1973-09-06,0.0013146577,simulation
1973-09-07,0.0024115772,simulation
1973-09-08,0.0073083695,simulation
1973-09-09,0.005990435,simulation
1973-09-10,0.0030564002,simulation
1973-09-11,0.001165464,simulation
1973-09-12,0.0018387331,simulation
1973-09-13,0.0014220055,simulation
1973-09-14,0.0037134704,simulation
1973-09-15,0.006466314,simulation
1973-09-16,0.0058544194,simulation
1973-09-17,0.004471669,simulation
1973-09-18,0.005368839,simulation
1973-09-19,0.00752783,simulation
1973-09-20,0.007920206,simulation
1973-09-21,0.008493926,simulation
1973-09-22,0.007054597,simulation
1973-09-23,0.0047665383,simulation
1973-09-24,0.0044273585,simulation
1973-09-25,0.0057782577,simulation
1973-09-26,0.0052857883,simulation
1973-09-27,0.0017324474,simulation
1973-09-28,0.002776998,simulation
1973-09-29,0.0035890513,simulation
1973-09-30,0.0019277527,simulation
1973-10-01,0.0037074205,simulation
1973-10-02,0.00328142,simulation
1973-10-03,0.0052683307,simulation
1973-10-04,0.005857265,simulation
1973-10-05,0.0071757343,simulation
1973-10-06,0.005034804,simulation
1973-10-07,0.0070237555,simulation
1973-10-08,0.00541096,simulation
1973-10-09,0.005752319,simulation
1973-10-10,0.006148163,simulation
1973-10-11,0.0056573623,simulation
1973-10-12,0.006613899,simulation
1973-10-13,0.0029998757,simulation
1973-10-14,0.00083913875,simulation
1973-10-15,0.00094186235,simulation
1973-10-16,0.0008465387,simulation
1973-10-17,0.0068388544,simulation
1973-10-18,0.0057007624,simulation
1973-10-19,0.0055483445,simulation
1973-10-20,0.004448183,simulation
1973-10-21,0.005678009,simulation
1973-10-22,0.005951826,simulation
1973-10-23,0.0056896573,simulation
1973-10-24,0.005661099,simulation
1973-10-25,0.0055303434,simulation
1973-10-26,0.0049711154,simulation
1973-10-27,0.004313406,simulation
1973-10-28,0.0041430155,simulation
1973-10-29,0.00439467,simulation
1973-10-30,0.004619378,simulation
1973-10-31,0.0011254178,simulation
1973-11-01,0.0047927354,simulation
1973-11-02,0.0032077476,simulation
1973-11-03,0.0031876923,simulation
1973-11-04,0.0024769478,simulation
1973-11-05,0.00081626757,simulation
1973-11-06,0.0038823807,simulation
1973-11-07,0.00032444083,simulation
1973-11-08,0.0014292184,simulation
1973-11-09,0.0016527727,simulation
1973-11-10,0.0044474695,simulation
1973-11-11,0.0037275758,simulation
1973-11-12,0.00407277,simulation
1973-11-13,0.0040420447,simulation
1973-11-14,0.0034591325,simulation
1973-11-15,0.0015417254,simulation
1973-11-16,0.0045561064,simulation
1973-11-17,0.0039394796,simulation
1973-11-18,0.0030574382,simulation
1973-11-19,0.001973087,simulation
1973-11-20,0.0018326108,simulation
1973-11-21,0.0031420824,simulation
1973-11-22,0.0013339752,simulation
1973-11-23,0.0014045531,simulation
1973-11-24,0.0028634963,simulation
1973-11-25,0.0013452393,simulation
1973-11-26,0.001976293,simulation
1973-11-27,0.0017809952,simulation
1973-11-28,0.0020357512,simulation
1973-11-29,0.003034784,simulation
1973-11-30,0.0030933928,simulation
1973-12-01,0.0030819864,simulation
1973-12-02,0.003511116,simulation
1973-12-03,0.003976795,simulation
1973-12-04,0.0042062234,simulation
1973-12-05,0.00228784,simulation
1973-12-06,0.0030860782,simulation
1973-12-07,0.0022470413,simulation
1973-12-08,0.0009627496,simulation
1973-12-09,0.0010661078,simulation
1973-12-10,0.0023886736,simulation
1973-12-11,0.0024571982,simulation
1973-12-12,0.0024595016,simulation
1973-12-13,0.0048849094,simulation
1973-12-14,0.0028219589,simulation
1973-12-15,0.0009788639,simulation
1973-12-16,0.0011982486,simulation
1973-12-17,0.0021003787,simulation
1973-12-18,0.0033187,simulation
1973-12-19,0.0022628107,simulation
1973-12-20,0.0007446718,simulation
1973-12-21,0.0012401204,simulation
1973-12-22,0.0018750939,simulation
1973-12-23,0.0017331884,simulation
1973-12-24,0.0013313452,simulation
1973-12-25,0.00057939155,simulation
1973-12-26,0.0015951999,simulation
1973-12-27,0.0025459724,simulation
1973-12-28,0.0028010553,simulation
1973-12-29,0.0020996616,simulation
1973-12-30,0.001039055,simulation
1973-12-31,0.00081241125,simulation
1974-01-01,0.0011057677,simulation
1974-01-02,0.00047224178,simulation
1974-01-03,0.00044069122,simulation
1974-01-04,0.000386671,simulation
1974-01-05,0.0002766642,simulation
1974-01-06,0.0004847278,simulation
1974-01-07,0.001265502,simulation
1974-01-08,0.00066939153,simulation
1974-01-09,0.0009812241,simulation
1974-01-10,0.0022084664,simulation
1974-01-11,0.0006448425,simulation
1974-01-12,0.0013154473,simulation
1974-01-13,0.0011413876,simulation
1974-01-14,0.0007473616,simulation
1974-01-15,0.0018619926,simulation
1974-01-16,0.00044649045,simulation
1974-01-17,0.0013119525,simulation
1974-01-18,0.0015164372,simulation
1974-01-19,0.0012386307,simulation
1974-01-20,0.0013402851,simulation
1974-01-21,0.001954294,simulation
1974-01-22,0.0028298714,simulation
1974-01-23,0.00044377867,simulation
1974-01-24,0.0002340097,simulation
1974-01-25,0.00021117678,simulation
1974-01-26,0.0010777157,simulation
1974-01-27,0.002525172,simulation
1974-01-28,0.0015872951,simulation
1974-01-29,0.0022154483,simulation
1974-01-30,0.00309275,simulation
1974-01-31,0.002765734,simulation
1974-02-01,0.00084399217,simulation
1974-02-02,0.001604656,simulation
1974-02-03,0.0008927061,simulation
1974-02-04,0.0026094054,simulation
1974-02-05,0.0039231125,simulation
1974-02-06,0.00074623263,simulation
1974-02-07,0.00052464753,simulation
1974-02-08,0.0008363982,simulation
1974-02-09,0.0017321501,simulation
1974-02-10,0.0028619515,simulation
1974-02-11,0.0032698712,simulation
1974-02-12,0.004167463,simulation
1974-02-13,0.002765221,simulation
1974-02-14,0.0009875731,simulation
1974-02-15,0.0002842768,simulation
1974-02-16,0.0009429973,simulation
1974-02-17,0.0033518905,simulation
1974-02-18,0.0015243856,simulation
1974-02-19,0.0020509334,simulation
1974-02-20,0.0041678436,simulation
1974-02-21,0.0012353384,simulation
1974-02-22,0.0017618989,simulation
1974-02-23,0.0023647754,simulation
1974-02-24,0.002863329,simulation
1974-02-25,0.003601255,simulation
1974-02-26,0.003396918,simulation
1974-02-27,0.004605285,simulation
1974-02-28,0.0030864193,simulation
1974-03-01,0.0018831261,simulation
1974-03-02,0.0031446903,simulation
1974-03-03,0.004640564,simulation
1974-03-04,0.003767449,simulation
1974-03-05,0.0046742773,simulation
1974-03-06,0.00417887,simulation
1974-03-07,0.0046962146,simulation
1974-03-08,0.005625553,simulation
1974-03-09,0.0030494072,simulation
1974-03-10,0.0015082712,simulation
1974-03-11,0.001083567,simulation
1974-03-12,0.0038639072,simulation
1974-03-13,0.0009707322,simulation
1974-03-14,0.00491685,simulation
1974-03-15,0.0015437084,simulation
1974-03-16,0.00473988,simulation
1974-03-17,0.00475755,simulation
1974-03-18,0.0037255215,simulation
1974-03-19,0.0023623572,simulation
1974-03-20,0.0027243888,simulation
1974-03-21,0.0009905505,simulation
1974-03-22,0.0052179033,simulation
1974-03-23,0.003728953,simulation
1974-03-24,0.0015306682,simulation
1974-03-25,0.0010134687,simulation
1974-03-26,0.0006618363,simulation
1974-03-27,0.0011050078,simulation
1974-03-28,0.0012264609,simulation
1974-03-29,0.0074483827,simulation
1974-03-30,0.007134812,simulation
1974-03-31,0.008206587,simulation
1974-04-01,0.004486582,simulation
1974-04-02,0.0076685436,simulation
1974-04-03,0.004470742,simulation
1974-04-04,0.0029290458,simulation
1974-04-05,0.006591426,simulation
1974-04-06,0.006093798,simulation
1974-04-07,0.004044178,simulation
1974-04-08,0.0051235063,simulation
1974-04-09,0.0070984233,simulation
1974-04-10,0.0068249684,simulation
1974-04-11,0.004404176,simulation
1974-04-12,0.00085312204,simulation
1974-04-13,0.0007885673,simulation
1974-04-14,0.0026978303,simulation
1974-04-15,0.0022890423,simulation
1974-04-16,0.0060595367,simulation
1974-04-17,0.0064214393,simulation
1974-04-18,0.0062770266,simulation
1974-04-19,0.0037952051,simulation
1974-04-20,0.006793175,simulation
1974-04-21,0.004031041,simulation
1974-04-22,0.0010910425,simulation
1974-04-23,0.0053650932,simulation
1974-04-24,0.007201165,simulation
1974-04-25,0.006376896,simulation
1974-04-26,0.007062763,simulation
1974-04-27,0.006929405,simulation
1974-04-28,0.0076207146,simulation
1974-04-29,0.005745462,simulation
1974-04-30,0.0042995634,simulation
1974-05-01,0.0022989856,simulation
1974-05-02,0.0056896973,simulation
1974-05-03,0.0071924385,simulation
1974-05-04,0.0035654982,simulation
1974-05-05,0.0022203682,simulation
1974-05-06,0.0063207448,simulation
1974-05-07,0.008461736,simulation
1974-05-08,0.0052627665,simulation
1974-05-09,0.006141846,simulation
1974-05-10,0.002160935,simulation
1974-05-11,0.00086980447,simulation
1974-05-12,0.008998308,simulation
1974-05-13,0.009977952,simulation
1974-05-14,0.009239651,simulation
1974-05-15,0.0020715278,simulation
1974-05-16,0.006466411,simulation
1974-05-17,0.0064932043,simulation
1974-05-18,0.0061637945,simulation
1974-05-19,0.008617818,simulation
1974-05-20,0.005048232,simulation
1974-05-21,0.0036119039,simulation
1974-05-22,0.0008861242,simulation
1974-05-23,0.004850781,simulation
1974-05-24,0.0073594246,simulation
1974-05-25,0.0066727856,simulation
1974-05-26,0.003645959,simulation
1974-05-27,0.00686137,simulation
1974-05-28,0.009337824,simulation
1974-05-29,0.0057760845,simulation
1974-05-30,0.0055471016,simulation
1974-05-31,0.004323128,simulation
1974-06-01,0.0019484576,simulation
1974-06-02,0.0043723495,simulation
1974-06-03,0.006248176,simulation
1974-06-04,0.0075862817,simulation
1974-06-05,0.004334414,simulation
1974-06-06,0.00340986,simulation
1974-06-07,0.00397182,simulation
1974-06-08,0.0031169013,simulation
1974-06-09,0.007845957,simulation
1974-06-10,0.0039631007,simulation
1974-06-11,0.009716794,simulation
1974-06-12,0.003964544,simulation
1974-06-13,0.005067022,simulation
1974-06-14,0.008650467,simulation
1974-06-15,0.002718836,simulation
1974-06-16,0.005888466,simulation
1974-06-17,0.009019241,simulation
1974-06-18,0.0038011216,simulation
1974-06-19,0.009215586,simulation
1974-06-20,0.009041805,simulation
1974-06-21,0.00996881,simulation
1974-06-22,0.010809317,simulation
1974-06-23,0.0018258839,simulation
1974-06-24,0.008355703,simulation
1974-06-25,0.009542741,simulation
1974-06-26,0.009731717,simulation
1974-06-27,0.009469844,simulation
1974-06-28,0.009912506,simulation
1974-06-29,0.00850955,simulation
1974-06-30,0.009485666,simulation
1974-07-01,0.0091396645,simulation
1974-07-02,0.008632079,simulation
1974-07-03,0.009882197,simulation
1974-07-04,0.007920541,simulation
1974-07-05,0.00354623,simulation
1974-07-06,0.004238014,simulation
1974-07-07,0.00877646,simulation
1974-07-08,0.008317295,simulation
1974-07-09,0.0074626654,simulation
1974-07-10,0.009172041,simulation
1974-07-11,0.011953466,simulation
1974-07-12,0.009919308,simulation
1974-07-13,0.009493213,simulation
1974-07-14,0.007887095,simulation
1974-07-15,0.0084791705,simulation
1974-07-16,0.007043788,simulation
1974-07-17,0.012092933,simulation
1974-07-18,0.0042841793,simulation
1974-07-19,0.010525152,simulation
1974-07-20,0.009726714,simulation
1974-07-21,0.011664927,simulation
1974-07-22,0.010428347,simulation
1974-07-23,0.0015741603,simulation
1974-07-24,0.0014125257,simulation
1974-07-25,0.004591865,simulation
1974-07-26,0.0017549776,simulation
1974-07-27,0.005467507,simulation
1974-07-28,0.0075163655,simulation
1974-07-29,0.0115191415,simulation
1974-07-30,0.008711573,simulation
1974-07-31,0.0067823716,simulation
1974-08-01,0.0059751235,simulation
1974-08-02,0.0042633545,simulation
1974-08-03,0.006718074,simulation
1974-08-04,0.0052700657,simulation
1974-08-05,0.010413643,simulation
1974-08-06,0.007038693,simulation
1974-08-07,0.0016249861,simulation
1974-08-08,0.0026641341,simulation
1974-08-09,0.0062527135,simulation
1974-08-10,0.00928143,simulation
1974-08-11,0.007281821,simulation
1974-08-12,0.009079039,simulation
1974-08-13,0.00569872,simulation
1974-08-14,0.0053572985,simulation
1974-08-15,0.007702045,simulation
1974-08-16,0.007464813,simulation
1974-08-17,0.005088429,simulation
1974-08-18,0.005821745,simulation
1974-08-19,0.007662758,simulation
1974-08-20,0.0070389323,simulation
1974-08-21,0.009718422,simulation
1974-08-22,0.005378882,simulation
1974-08-23,0.008876335,simulation
1974-08-24,0.00897124,simulation
1974-08-25,0.008464526,simulation
1974-08-26,0.0062886328,simulation
1974-08-27,0.006115638,simulation
1974-08-28,0.0040594055,simulation
1974-08-29,0.004726495,simulation
1974-08-30,0.005322605,simulation
1974-08-31,0.0036725174,simulation
1974-09-01,0.0028651992,simulation
1974-09-02,0.0028734864,simulation
1974-09-03,0.0010761425,simulation
1974-09-04,0.004601293,simulation
1974-09-05,0.005590576,simulation
1974-09-06,0.0011417798,simulation
1974-09-07,0.0009649053,simulation
1974-09-08,0.001454063,simulation
1974-09-09,0.0035076193,simulation
1974-09-10,0.0038980634,simulation
1974-09-11,0.0037750388,simulation
1974-09-12,0.0010057425,simulation
1974-09-13,0.0027443804,simulation
1974-09-14,0.0011584772,simulation
1974-09-15,0.0052709854,simulation
1974-09-16,0.00684567,simulation
1974-09-17,0.005078373,simulation
1974-09-18,0.008103181,simulation
1974-09-19,0.0077361986,simulation
1974-09-20,0.0060235057,simulation
1974-09-21,0.0064230394,simulation
1974-09-22,0.007742163,simulation
1974-09-23,0.0041348888,simulation
1974-09-24,0.0026402217,simulation
1974-09-25,0.0009196828,simulation
1974-09-26,0.00077810953,simulation
1974-09-27,0.0017309648,simulation
1974-09-28,0.0016992586,simulation
1974-09-29,0.004781563,simulation
1974-09-30,0.0066040866,simulation
1974-10-01,0.00656908,simulation
1974-10-02,0.0065852925,simulation
1974-10-03,0.0059637204,simulation
1974-10-04,0.0057359263,simulation
1974-10-05,0.006078005,simulation
1974-10-06,0.0059244605,simulation
1974-10-07,0.0063419687,simulation
1974-10-08,0.0052503212,simulation
1974-10-09,0.0021261757,simulation
1974-10-10,0.006235646,simulation
1974-10-11,0.0061548157,simulation
1974-10-12,0.0027942797,simulation
1974-10-13,0.0017078613,simulation
1974-10-14,0.0044725034,simulation
1974-10-15,0.0008150033,simulation
1974-10-16,0.005606091,simulation
1974-10-17,0.0054273712,simulation
1974-10-18,0.005234617,simulation
1974-10-19,0.0063355984,simulation
1974-10-20,0.0054067923,simulation
1974-10-21,0.0043671094,simulation
1974-10-22,0.0057973126,simulation
1974-10-23,0.0029202276,simulation
1974-10-24,0.0052021,simulation
1974-10-25,0.0015525962,simulation
1974-10-26,0.005102492,simulation
1974-10-27,0.005600989,simulation
1974-10-28,0.0019666906,simulation
1974-10-29,0.0016185967,simulation
1974-10-30,0.0028474873,simulation
1974-10-31,0.0035619785,simulation
1974-11-01,0.001220158,simulation
1974-11-02,0.0030782565,simulation
1974-11-03,0.003583586,simulation
1974-11-04,0.0014559343,simulation
1974-11-05,0.0019788267,simulation
1974-11-06,0.002282773,simulation
1974-11-07,0.0010993246,simulation
1974-11-08,0.0006901403,simulation
1974-11-09,0.002956651,simulation
1974-11-10,0.004281296,simulation
1974-11-11,0.00130063,simulation
1974-11-12,0.0046339068,simulation
1974-11-13,0.0041174074,simulation
1974-11-14,0.0007421106,simulation
1974-11-15,0.0026238754,simulation
1974-11-16,0.0009952465,simulation
1974-11-17,0.00047370233,simulation
1974-11-18,0.00040563237,simulation
1974-11-19,0.0010220446,simulation
1974-11-20,0.004067471,simulation
1974-11-21,0.0029818802,simulation
1974-11-22,0.0037913234,simulation
1974-11-23,0.0039450056,simulation
1974-11-24,0.0028219589,simulation
1974-11-25,0.003512862,simulation
1974-11-26,0.0028224387,simulation
1974-11-27,0.002817647,simulation
1974-11-28,0.0019786581,simulation
1974-11-29,0.0019241316,simulation
1974-11-30,0.00084210554,simulation
1974-12-01,0.0011171325,simulation
1974-12-02,0.0023599428,simulation
1974-12-03,0.00199359,simulation
1974-12-04,0.001748084,simulation
1974-12-05,0.0021077432,simulation
1974-12-06,0.0006882697,simulation
1974-12-07,0.0008599045,simulation
1974-12-08,0.0009240448,simulation
1974-12-09,0.0014929662,simulation
1974-12-10,0.0010545325,simulation
1974-12-11,0.001292618,simulation
1974-12-12,0.0009071087,simulation
1974-12-13,0.0011695757,simulation
1974-12-14,0.0017558796,simulation
1974-12-15,0.0011739034,simulation
1974-12-16,0.0017840449,simulation
1974-12-17,0.0012193201,simulation
1974-12-18,0.0019511234,simulation
1974-12-19,0.00073416735,simulation
1974-12-20,0.0008237505,simulation
1974-12-21,0.002390914,simulation
1974-12-22,0.0025113528,simulation
1974-12-23,0.0007108092,simulation
1974-12-24,0.0007437531,simulation
1974-12-25,0.00053006504,simulation
1974-12-26,0.0007336784,simulation
1974-12-27,0.00044499847,simulation
1974-12-28,5.3057418e-05,simulation
1974-12-29,0.00050265243,simulation
1974-12-30,0.0008176742,simulation
1974-12-31,0.0008601268,simulation
1975-01-01,0.0009703146,simulation
1975-01-02,0.002461178,simulation
1975-01-03,0.00053621095,simulation
1975-01-04,0.0017615976,simulation
1975-01-05,0.0010420068,simulation
1975-01-06,0.0014888764,simulation
1975-01-07,0.00076885096,simulation
1975-01-08,0.0011228105,simulation
1975-01-09,0.0011193425,simulation
1975-01-10,0.000800193,simulation
1975-01-11,0.0024792398,simulation
1975-01-12,0.0006504082,simulation
1975-01-13,0.0016333573,simulation
1975-01-14,0.0013023056,simulation
1975-01-15,0.0021323545,simulation
1975-01-16,0.0007532265,simulation
1975-01-17,0.0005625031,simulation
1975-01-18,0.0012945054,simulation
1975-01-19,0.00088103,simulation
1975-01-20,0.0015202106,simulation
1975-01-21,0.0011078599,simulation
1975-01-22,0.0009319486,simulation
1975-01-23,0.0009939634,simulation
1975-01-24,0.0002600765,simulation
1975-01-25,0.0027819027,simulation
1975-01-26,0.0028959175,simulation
1975-01-27,0.0032728524,simulation
1975-01-28,0.0013886219,simulation
1975-01-29,0.0011420745,simulation
1975-01-30,0.0006487592,simulation
1975-01-31,0.0014430103,simulation
1975-02-01,0.00080843415,simulation
1975-02-02,0.00030136263,simulation
1975-02-03,0.00021763297,simulation
1975-02-04,0.00018917362,simulation
1975-02-05,0.0012622469,simulation
1975-02-06,0.00063233887,simulation
1975-02-07,0.0018117275,simulation
1975-02-08,0.0024837074,simulation
1975-02-09,0.0005852347,simulation
1975-02-10,0.0004380521,simulation
1975-02-11,0.00063322525,simulation
1975-02-12,0.00079757936,simulation
1975-02-13,0.0024144563,simulation
1975-02-14,0.0037230318,simulation
1975-02-15,0.0011612673,simulation
1975-02-16,0.001983397,simulation
1975-02-17,0.0012503831,simulation
1975-02-18,0.000948774,simulation
1975-02-19,0.0010764198,simulation
1975-02-20,0.0012473813,simulation
1975-02-21,0.0047441004,simulation
1975-02-22,0.0011803746,simulation
1975-02-23,0.0009781069,simulation
1975-02-24,0.003736599,simulation
1975-02-25,0.0042086155,simulation
1975-02-26,0.004003333,simulation
1975-02-27,0.002450092,simulation
1975-02-28,0.00067597715,simulation
1975-03-01,0.002826759,simulation
1975-03-02,0.0035315983,simulation
1975-03-03,0.0015896077,simulation
1975-03-04,0.0007092327,simulation
1975-03-05,0.0032194515,simulation
1975-03-06,0.0008529751,simulation
1975-03-07,0.0023192621,simulation
1975-03-08,0.005159454,simulation
1975-03-09,0.001811883,simulation
1975-03-10,0.0014674627,simulation
1975-03-11,0.0011589745,simulation
1975-03-12,0.0035391012,simulation
1975-03-13,0.00036785274,simulation
1975-03-14,0.0023708285,simulation
1975-03-15,0.0010974369,simulation
1975-03-16,0.0005724111,simulation
1975-03-17,0.0008446465,simulation
1975-03-18,0.0030028995,simulation
1975-03-19,0.0049944865,simulation
1975-03-20,0.003675604,simulation
1975-03-21,0.004494527,simulation
1975-03-22,0.0017912332,simulation
1975-03-23,0.0014877288,simulation
1975-03-24,0.0062661096,simulation
1975-03-25,0.0059467293,simulation
1975-03-26,0.005831441,simulation
1975-03-27,0.003611429,simulation
1975-03-28,0.0016712713,simulation
1975-03-29,0.0007434365,simulation
1975-03-30,0.0017328919,simulation
1975-03-31,0.0024603384,simulation
1975-04-01,0.0013975836,simulation
1975-04-02,0.00094315945,simulation
1975-04-03,0.005101167,simulation
1975-04-04,0.0027621519,simulation
1975-04-05,0.0035083878,simulation
1975-04-06,0.0043508993,simulation
1975-04-07,0.0014313029,simulation
1975-04-08,0.00072854664,simulation
1975-04-09,0.00095861795,simulation
1975-04-10,0.00078558305,simulation
1975-04-11,0.005903136,simulation
1975-04-12,0.0064703673,simulation
1975-04-13,0.001319404,simulation
1975-04-14,0.0005492344,simulation
1975-04-15,0.004910931,simulation
1975-04-16,0.0045410343,simulation
1975-04-17,0.0029959332,simulation
1975-04-18,0.0036341182,simulation
1975-04-19,0.0012625721,simulation
1975-04-20,0.0021261757,simulation
1975-04-21,0.0066037606,simulation
1975-04-22,0.004801919,simulation
1975-04-23,0.0021546734,simulation
1975-04-24,0.004958851,simulation
1975-04-25,0.0044852104,simulation
1975-04-26,0.0047808453,simulation
1975-04-27,0.004388112,simulation
1975-04-28,0.0020352302,simulation
1975-04-29,0.0011771346,simulation
1975-04-30,0.0010299835,simulation
1975-05-01,0.004310971,simulation
1975-05-02,0.0031075429,simulation
1975-05-03,0.0010237151,simulation
1975-05-04,0.0049653994,simulation
1975-05-05,0.003934546,simulation
1975-05-06,0.0011890229,simulation
1975-05-07,0.0011895339,simulation
1975-05-08,0.0019856014,simulation
1975-05-09,0.001236293,simulation
1975-05-10,0.0031280988,simulation
1975-05-11,0.0049382285,simulation
1975-05-12,0.0068243593,simulation
1975-05-13,0.005269887,simulation
1975-05-14,0.001398063,simulation
1975-05-15,0.0028600085,simulation
1975-05-16,0.0037016578,simulation
1975-05-17,0.003953094,simulation
1975-05-18,0.007113239,simulation
1975-05-19,0.008029617,simulation
1975-05-20,0.007848006,simulation
1975-05-21,0.007490311,simulation
1975-05-22,0.009876929,simulation
1975-05-23,0.008821286,simulation
1975-05-24,0.0066006724,simulation
1975-05-25,0.004932672,simulation
1975-05-26,0.0067738406,simulation
1975-05-27,0.007896312,simulation
1975-05-28,0.0069544464,simulation
1975-05-29,0.003015445,simulation
1975-05-30,0.0015779404,simulation
1975-05-31,0.0034217278,simulation
1975-06-01,0.0070840474,simulation
1975-06-02,0.010214597,simulation
1975-06-03,0.009781584,simulation
1975-06-04,0.009054832,simulation
1975-06-05,0.0052989107,simulation
1975-06-06,0.0033984908,simulation
1975-06-07,0.0028884122,simulation
1975-06-08,0.0015413295,simulation
1975-06-09,0.0016859293,simulation
1975-06-10,0.001564614,simulation
1975-06-11,0.0015050437,simulation
1975-06-12,0.004188154,simulation
1975-06-13,0.008377541,simulation
1975-06-14,0.0041166293,simulation
1975-06-15,0.0036478285,simulation
1975-06-16,0.008459423,simulation
1975-06-17,0.008660767,simulation
1975-06-18,0.0059865694,simulation
1975-06-19,0.008498121,simulation
1975-06-20,0.008530688,simulation
1975-06-21,0.0075512826,simulation
1975-06-22,0.0074934475,simulation
1975-06-23,0.008429375,simulation
1975-06-24,0.008248866,simulation
1975-06-25,0.010013655,simulation
1975-06-26,0.008461427,simulation
1975-06-27,0.0059992922,simulation
1975-06-28,0.0071129967,simulation
1975-06-29,0.0062437905,simulation
1975-06-30,0.0055297776,simulation
1975-07-01,0.0088204555,simulation
1975-07-02,0.007473359,simulation
1975-07-03,0.0053918627,simulation
1975-07-04,0.007882435,simulation
1975-07-05,0.009520005,simulation
1975-07-06,0.0070341835,simulation
1975-07-07,0.0090404935,simulation
1975-07-08,0.0027947552,simulation
1975-07-09,0.007989787,simulation
1975-07-10,0.004619217,simulation
1975-07-11,0.003784111,simulation
1975-07-12,0.00857817,simulation
1975-07-13,0.008711375,simulation
1975-07-14,0.0031836417,simulation
1975-07-15,0.004899713,simulation
1975-07-16,0.0063776514,simulation
1975-07-17,0.005721248,simulation
1975-07-18,0.0059124483,simulation
1975-07-19,0.0044972207,simulation
1975-07-20,0.004894045,simulation
1975-07-21,0.0055819876,simulation
1975-07-22,0.006672805,simulation
1975-07-23,0.0074991193,simulation
1975-07-24,0.0061987285,simulation
1975-07-25,0.0029398804,simulation
1975-07-26,0.0044667795,simulation
1975-07-27,0.0061774864,simulation
1975-07-28,0.0042619924,simulation
1975-07-29,0.0040605394,simulation
1975-07-30,0.0014558099,simulation
1975-07-31,0.0025175598,simulation
1975-08-01,0.0012712723,simulation
1975-08-02,0.0031769457,simulation
1975-08-03,0.00339892,simulation
1975-08-04,0.002247425,simulation
1975-08-05,0.0029622084,simulation
1975-08-06,0.0071066357,simulation
1975-08-07,0.00432356,simulation
1975-08-08,0.0061270893,simulation
1975-08-09,0.0017112269,simulation
1975-08-10,0.002702242,simulation
1975-08-11,0.004697866,simulation
1975-08-12,0.0052943304,simulation
1975-08-13,0.0056149215,simulation
1975-08-14,0.0068072304,simulation
1975-08-15,0.006173324,simulation
1975-08-16,0.0054920088,simulation
1975-08-17,0.0059518404,simulation
1975-08-18,0.0053255307,simulation
1975-08-19,0.0057105618,simulation
1975-08-20,0.0068344753,simulation
1975-08-21,0.006734362,simulation
1975-08-22,0.006768767,simulation
1975-08-23,0.0061382297,simulation
1975-08-24,0.0071054082,simulation
1975-08-25,0.0063808467,simulation
1975-08-26,0.007656658,simulation
1975-08-27,0.0085778795,simulation
1975-08-28,0.0086811,simulation
1975-08-29,0.0070652068,simulation
1975-08-30,0.00768961,simulation
1975-08-31,0.007896829,simulation
1975-09-01,0.008442752,simulation
1975-09-02,0.0097096935,simulation
1975-09-03,0.010190725,simulation
1975-09-04,0.008875523,simulation
1975-09-05,0.00497087,simulation
1975-09-06,0.0012001029,simulation
1975-09-07,0.0019394865,simulation
1975-09-08,0.002871047,simulation
1975-09-09,0.004327668,simulation
1975-09-10,0.0065506715,simulation
1975-09-11,0.0053821784,simulation
1975-09-12,0.0045969877,simulation
1975-09-13,0.0061847027,simulation
1975-09-14,0.0048701563,simulation
1975-09-15,0.002043241,simulation
1975-09-16,0.0010631791,simulation
1975-09-17,0.001668269,simulation
1975-09-18,0.0059419805,simulation
1975-09-19,0.005814528,simulation
1975-09-20,0.005215178,simulation
1975-09-21,0.007414134,simulation
1975-09-22,0.0010484768,simulation
1975-09-23,0.0016937406,simulation
1975-09-24,0.0045287292,simulation
1975-09-25,0.005619307,simulation
1975-09-26,0.0058106314,simulation
1975-09-27,0.006084673,simulation
1975-09-28,0.006191371,simulation
1975-09-29,0.0062988186,simulation
1975-09-30,0.0014655774,simulation
1975-10-01,0.0010058292,simulation
1975-10-02,0.0070844665,simulation
1975-10-03,0.0049779955,simulation
1975-10-04,0.0018395201,simulation
1975-10-05,0.000661785,simulation
1975-10-06,0.00060928584,simulation
1975-10-07,0.0004718796,simulation
1975-10-08,0.004487937,simulation
1975-10-09,0.005913606,simulation
1975-10-10,0.0063263616,simulation
1975-10-11,0.0065322146,simulation
1975-10-12,0.006273633,simulation
1975-10-13,0.0066336794,simulation
1975-10-14,0.0061741285,simulation
1975-10-15,0.0020255186,simulation
1975-10-16,0.00042438082,simulation
1975-10-17,0.0008914781,simulation
1975-10-18,0.003533822,simulation
1975-10-19,0.004288802,simulation
1975-10-20,0.004549263,simulation
1975-10-21,0.0048778933,simulation
1975-10-22,0.0032045564,simulation
1975-10-23,0.0020782596,simulation
1975-10-24,0.0023591383,simulation
1975-10-25,0.0008087821,simulation
1975-10-26,0.00033342603,simulation
1975-10-27,0.0007121678,simulation
1975-10-28,0.0036518204,simulation
1975-10-29,0.0037508155,simulation
1975-10-30,0.0052449615,simulation
1975-10-31,0.0040011895,simulation
1975-11-01,0.005158567,simulation
1975-11-02,0.0046153395,simulation
1975-11-03,0.0030090553,simulation
1975-11-04,0.0008878037,simulation
1975-11-05,0.0008683083,simulation
1975-11-06,0.00047771225,simulation
1975-11-07,0.0010482062,simulation
1975-11-08,0.001564078,simulation
1975-11-09,0.000902904,simulation
1975-11-10,0.0013375281,simulation
1975-11-11,0.0021694342,simulation
1975-11-12,0.0050802752,simulation
1975-11-13,0.0038218098,simulation
1975-11-14,0.0024471723,simulation
1975-11-15,0.003313085,simulation
1975-11-16,0.0035259842,simulation
1975-11-17,0.0035445374,simulation
1975-11-18,0.001835905,simulation
1975-11-19,0.004224368,simulation
1975-11-20,0.0010008252,simulation
1975-11-21,0.0028021275,simulation
1975-11-22,0.0012081683,simulation
1975-11-23,0.0007165907,simulation
1975-11-24,0.00073866674,simulation
1975-11-25,0.0018491404,simulation
1975-11-26,0.00059991423,simulation
1975-11-27,0.0017527273,simulation
1975-11-28,0.0012151396,simulation
1975-11-29,0.001265936,simulation
1975-11-30,0.00082290004,simulation
1975-12-01,0.0025384366,simulation
1975-12-02,0.0018813566,simulation
1975-12-03,0.0022570293,simulation
1975-12-04,0.0013734591,simulation
1975-12-05,0.0013851721,simulation
1975-12-06,0.000476854,simulation
1975-12-07,0.00015585241,simulation
1975-12-08,0.00032415614,simulation
1975-12-09,0.0011573829,simulation
1975-12-10,0.0015245159,simulation
1975-12-11,0.0025562157,simulation
1975-12-12,0.0014536895,simulation
1975-12-13,0.0023495078,simulation
1975-12-14,0.0016403658,simulation
1975-12-15,0.00088239554,simulation
1975-12-16,5.4647826e-05,simulation
1975-12-17,0.00046798112,simulation
1975-12-18,0.0011229067,simulation
1975-12-19,0.00097039825,simulation
1975-12-20,0.0011832165,simulation
1975-12-21,0.0013065592,simulation
1975-12-22,0.0009924263,simulation
1975-12-23,0.0017033365,simulation
1975-12-24,0.0009888485,simulation
1975-12-25,0.00029253424,simulation
1975-12-26,0.00042373416,simulation
1975-12-27,0.0010894501,simulation
1975-12-28,0.001540933,simulation
1975-12-29,0.00041667855,simulation
1975-12-30,7.13981e-06,simulation
1975-12-31,0.0010153004,simulation
1976-01-01,0.0020191274,simulation
1976-01-02,0.0014099841,simulation
1976-01-03,0.000767785,simulation
1976-01-04,0.001111961,simulation
1976-01-05,0.00091023627,simulation
1976-01-06,0.0023383198,simulation
1976-01-07,0.00022447499,simulation
1976-01-08,0.00095804123,simulation
1976-01-09,0.0013005182,simulation
1976-01-10,0.0016280502,simulation
1976-01-11,0.0006181146,simulation
1976-01-12,1.2826902e-05,simulation
1976-01-13,0.00076911575,simulation
1976-01-14,0.0021465984,simulation
1976-01-15,0.0017628036,simulation
1976-01-16,0.0014128889,simulation
1976-01-17,0.002291354,simulation
1976-01-18,0.0016574492,simulation
1976-01-19,0.00325716,simulation
1976-01-20,0.00050975033,simulation
1976-01-21,0.0022126161,simulation
1976-01-22,0.0020540892,simulation
1976-01-23,0.0031918488,simulation
1976-01-24,0.0008363982,simulation
1976-01-25,0.0005948355,simulation
1976-01-26,0.0002431579,simulation
1976-01-27,0.0023375228,simulation
1976-01-28,0.00217073,simulation
1976-01-29,0.0029619106,simulation
1976-01-30,0.003442046,simulation
1976-01-31,0.00078032387,simulation
1976-02-01,0.0034315542,simulation
1976-02-02,0.0025079343,simulation
1976-02-03,0.0031220382,simulation
1976-02-04,0.0009909767,simulation
1976-02-05,0.0011492589,simulation
1976-02-06,0.00034617496,simulation
1976-02-07,0.0017558796,simulation
1976-02-08,0.0024998323,simulation
1976-02-09,0.0028715348,simulation
1976-02-10,0.0012130548,simulation
1976-02-11,0.00084246823,simulation
1976-02-12,0.0012595407,simulation
1976-02-13,0.001645148,simulation
1976-02-14,0.0019651793,simulation
1976-02-15,0.0008737059,simulation
1976-02-16,0.001988657,simulation
1976-02-17,0.003487644,simulation
1976-02-18,0.0047745905,simulation
1976-02-19,0.0044449507,simulation
1976-02-20,0.0030121207,simulation
1976-02-21,0.0012363994,simulation
1976-02-22,0.001083567,simulation
1976-02-23,0.0035353934,simulation
1976-02-24,0.004493435,simulation
1976-02-25,0.0032536844,simulation
1976-02-26,0.004215926,simulation
1976-02-27,0.0043834816,simulation
1976-02-28,0.004370694,simulation
1976-02-29,0.0015837642,simulation
1976-03-01,0.00428117,simulation
1976-03-02,0.0011284193,simulation
1976-03-03,0.0013209899,simulation
1976-03-04,0.0045591514,simulation
1976-03-05,0.0012963952,simulation
1976-03-06,0.000296369,simulation
1976-03-07,0.0016388211,simulation
1976-03-08,0.0009310669,simulation
1976-03-09,0.0006376978,simulation
1976-03-10,0.0033092573,simulation
1976-03-11,0.0021023524,simulation
1976-03-12,0.0008914015,simulation
1976-03-13,0.0009725705,simulation
1976-03-14,0.00016426214,simulation
1976-03-15,0.00011452829,simulation
1976-03-16,0.0013610271,simulation
1976-03-17,0.003968571,simulation
1976-03-18,0.0034235585,simulation
1976-03-19,0.0023259944,simulation
1976-03-20,0.002644043,simulation
1976-03-21,0.0047873044,simulation
1976-03-22,0.0038940946,simulation
1976-03-23,0.0053041913,simulation
1976-03-24,0.0008505561,simulation
1976-03-25,0.00072680356,simulation
1976-03-26,0.0010730026,simulation
1976-03-27,0.0062950067,simulation
1976-03-28,0.0016973685,simulation
1976-03-29,0.0013682853,simulation
1976-03-30,0.00042215118,simulation
1976-03-31,0.0011309432,simulation
1976-04-01,0.0052634636,simulation
1976-04-02,0.0058252327,simulation
1976-04-03,0.0033189135,simulation
1976-04-04,0.0032698745,simulation
1976-04-05,0.0018022994,simulation
1976-04-06,0.0048606484,simulation
1976-04-07,0.0048646913,simulation
1976-04-08,0.0034722823,simulation
1976-04-09,0.0066899154,simulation
1976-04-10,0.002474208,simulation
1976-04-11,0.0073124524,simulation
1976-04-12,0.006883379,simulation
1976-04-13,0.0012509202,simulation
1976-04-14,0.0049840785,simulation
1976-04-15,0.0065950546,simulation
1976-04-16,0.003853155,simulation
1976-04-17,0.0066934526,simulation
1976-04-18,0.0050629014,simulation
1976-04-19,0.005370526,simulation
1976-04-20,0.0018844142,simulation
1976-04-21,0.007256765,simulation
1976-04-22,0.0084006,simulation
1976-04-23,0.0065285396,simulation
1976-04-24,0.00123068,simulation
1976-04-25,0.007300174,simulation
1976-04-26,0.0042650215,simulation
1976-04-27,0.00693921,simulation
1976-04-28,0.0042886073,simulation
1976-04-29,0.0026809552,simulation
1976-04-30,0.0007655473,simulation
1976-05-01,0.003917778,simulation
1976-05-02,0.0077243317,simulation
1976-05-03,0.008750025,simulation
1976-05-04,0.008524787,simulation
1976-05-05,0.008078638,simulation
1976-05-06,0.004132702,simulation
1976-05-07,0.0007046662,simulation
1976-05-08,0.0015456938,simulation
1976-05-09,0.0033383588,simulation
1976-05-10,0.0013205366,simulation
1976-05-11,0.0025304537,simulation
1976-05-12,0.0064623496,simulation
1976-05-13,0.000899492,simulation
1976-05-14,0.0009972169,simulation
1976-05-15,0.0034498186,simulation
1976-05-16,0.004178621,simulation
1976-05-17,0.0054481523,simulation
1976-05-18,0.007966731,simulation
1976-05-19,0.008043461,simulation
1976-05-20,0.005112334,simulation
1976-05-21,0.0029811128,simulation
1976-05-22,0.0013409758,simulation
1976-05-23,0.0072222315,simulation
1976-05-24,0.0048539788,simulation
1976-05-25,0.008343652,simulation
1976-05-26,0.001335006,simulation
1976-05-27,0.001138743,simulation
1976-05-28,0.0012710541,simulation
1976-05-29,0.0066390354,simulation
1976-05-30,0.0081186,simulation
1976-05-31,0.0016715574,simulation
1976-06-01,0.0013991429,simulation
1976-06-02,0.004881091,simulation
1976-06-03,0.005270543,simulation
1976-06-04,0.007327264,simulation
1976-06-05,0.0013944701,simulation
1976-06-06,0.007348668,simulation
1976-06-07,0.009541288,simulation
1976-06-08,0.008007538,simulation
1976-06-09,0.008677803,simulation
1976-06-10,0.009318199,simulation
1976-06-11,0.010045677,simulation
1976-06-12,0.010039911,simulation
1976-06-13,0.0104568675,simulation
1976-06-14,0.010815904,simulation
1976-06-15,0.008890372,simulation
1976-06-16,0.0013404004,simulation
1976-06-17,0.0026809552,simulation
1976-06-18,0.004029456,simulation
1976-06-19,0.0016953358,simulation
1976-06-20,0.008527674,simulation
1976-06-21,0.009451203,simulation
1976-06-22,0.0053173616,simulation
1976-06-23,0.0083491765,simulation
1976-06-24,0.0046318583,simulation
1976-06-25,0.0063325902,simulation
1976-06-26,0.0044717896,simulation
1976-06-27,0.004271482,simulation
1976-06-28,0.0038995289,simulation
1976-06-29,0.008768108,simulation
1976-06-30,0.0040974854,simulation
1976-07-01,0.0040033977,simulation
1976-07-02,0.0049703126,simulation
1976-07-03,0.0058162906,simulation
1976-07-04,0.00090430345,simulation
1976-07-05,0.0009003438,simulation
1976-07-06,0.006150813,simulation
1976-07-07,0.00781524,simulation
1976-07-08,0.0064699464,simulation
1976-07-09,0.008794602,simulation
1976-07-10,0.008034609,simulation
1976-07-11,0.008546561,simulation
1976-07-12,0.0087515,simulation
1976-07-13,0.008692067,simulation
1976-07-14,0.0067604724,simulation
1976-07-15,0.006510686,simulation
1976-07-16,0.0075489134,simulation
1976-07-17,0.002687117,simulation
1976-07-18,0.007936012,simulation
1976-07-19,0.007046301,simulation
1976-07-20,0.0098119825,simulation
1976-07-21,0.00916319,simulation
1976-07-22,0.0093476325,simulation
1976-07-23,0.009968042,simulation
1976-07-24,0.009677894,simulation
1976-07-25,0.0061380654,simulation
1976-07-26,0.010441154,simulation
1976-07-27,0.008140445,simulation
1976-07-28,0.004774358,simulation
1976-07-29,0.00860206,simulation
1976-07-30,0.0071804905,simulation
1976-07-31,0.007546421,simulation
1976-08-01,0.004576731,simulation
1976-08-02,0.0045702653,simulation
1976-08-03,0.010689206,simulation
1976-08-04,0.007571878,simulation
1976-08-05,0.008895192,simulation
1976-08-06,0.006128862,simulation
1976-08-07,0.009026624,simulation
1976-08-08,0.008592043,simulation
1976-08-09,0.011097752,simulation
1976-08-10,0.010668032,simulation
1976-08-11,0.01066988,simulation
1976-08-12,0.010041777,simulation
1976-08-13,0.007914413,simulation
1976-08-14,0.008240571,simulation
1976-08-15,0.009161383,simulation
1976-08-16,0.008396123,simulation
1976-08-17,0.010982253,simulation
1976-08-18,0.010987315,simulation
1976-08-19,0.011722602,simulation
1976-08-20,0.01188644,simulation
1976-08-21,0.0090858415,simulation
1976-08-22,0.004989473,simulation
1976-08-23,0.010623455,simulation
1976-08-24,0.0070136096,simulation
1976-08-25,0.009103561,simulation
1976-08-26,0.00757298,simulation
1976-08-27,0.0019900165,simulation
1976-08-28,0.0035594478,simulation
1976-08-29,0.008128283,simulation
1976-08-30,0.0036305562,simulation
1976-08-31,0.0066464036,simulation
1976-09-01,0.002030889,simulation
1976-09-02,0.002065346,simulation
1976-09-03,0.00301519,simulation
1976-09-04,0.0024342826,simulation
1976-09-05,0.0051082256,simulation
1976-09-06,0.0057519535,simulation
1976-09-07,0.0012302576,simulation
1976-09-08,0.002555346,simulation
1976-09-09,0.0041750837,simulation
1976-09-10,0.0046319324,simulation
1976-09-11,0.007998435,simulation
1976-09-12,0.00881483,simulation
1976-09-13,0.009145457,simulation
1976-09-14,0.0073342007,simulation
1976-09-15,0.008173058,simulation
1976-09-16,0.00841774,simulation
1976-09-17,0.0071181003,simulation
1976-09-18,0.0033933166,simulation
1976-09-19,0.0056419363,simulation
1976-09-20,0.0034360876,simulation
1976-09-21,0.0037623122,simulation
1976-09-22,0.00877684,simulation
1976-09-23,0.007818828,simulation
1976-09-24,0.0066219815,simulation
1976-09-25,0.0032897685,simulation
1976-09-26,0.004749164,simulation
1976-09-27,0.0014765488,simulation
1976-09-28,0.0007964126,simulation
1976-09-29,0.00095434027,simulation
1976-09-30,0.0059053428,simulation
1976-10-01,0.008047623,simulation
1976-10-02,0.008505283,simulation
1976-10-03,0.0081309965,simulation
1976-10-04,0.007715146,simulation
1976-10-05,0.005684614,simulation
1976-10-06,0.00072542473,simulation
1976-10-07,0.0008311589,simulation
1976-10-08,0.0008346001,simulation
1976-10-09,0.0064453944,simulation
1976-10-10,0.006633783,simulation
1976-10-11,0.006927218,simulation
1976-10-12,0.006851129,simulation
1976-10-13,0.0062897806,simulation
1976-10-14,0.0067608873,simulation
1976-10-15,0.005035645,simulation
1976-10-16,0.0009693968,simulation
1976-10-17,0.0072054863,simulation
1976-10-18,0.0063458835,simulation
1976-10-19,0.0012672411,simulation
1976-10-20,0.00166513,simulation
1976-10-21,0.0052098744,simulation
1976-10-22,0.0056960224,simulation
1976-10-23,0.00403689,simulation
1976-10-24,0.0008572444,simulation
1976-10-25,0.0009816459,simulation
1976-10-26,0.0015063332,simulation
1976-10-27,0.0015435757,simulation
1976-10-28,0.0012177511,simulation
1976-10-29,0.001011727,simulation
1976-10-30,0.0010113791,simulation
1976-10-31,0.0032564967,simulation
1976-11-01,0.0047761872,simulation
1976-11-02,0.0040158476,simulation
1976-11-03,0.004600535,simulation
1976-11-04,0.0032004165,simulation
1976-11-05,0.0038526189,simulation
1976-11-06,0.0049173306,simulation
1976-11-07,0.0050994004,simulation
1976-11-08,0.0044951984,simulation
1976-11-09,0.0055720243,simulation
1976-11-10,0.0010996083,simulation
1976-11-11,0.0006361652,simulation
1976-11-12,0.0040854854,simulation
1976-11-13,0.0011268692,simulation
1976-11-14,0.00025272116,simulation
1976-11-15,0.00032027892,simulation
1976-11-16,0.0006850891,simulation
1976-11-17,0.0008320179,simulation
1976-11-18,0.0017324474,simulation
1976-11-19,0.00066119677,simulation
1976-11-20,0.00022444234,simulation
1976-11-21,0.0039810417,simulation
1976-11-22,0.0023419098,simulation
1976-11-23,0.0013941118,simulation
1976-11-24,0.0029907243,simulation
1976-11-25,0.0015707923,simulation
1976-11-26,0.0007370144,simulation
1976-11-27,0.0006125914,simulation
1976-11-28,0.00038476312,simulation
1976-11-29,0.0011707823,simulation
1976-11-30,0.0015419895,simulation
1976-12-01,0.0021332651,simulation
1976-12-02,0.0016224833,simulation
1976-12-03,0.0019419745,simulation
1976-12-04,0.0019889968,simulation
1976-12-05,0.0021447663,simulation
1976-12-06,0.0005544279,simulation
1976-12-07,0.0005205676,simulation
1976-12-08,0.001786795,simulation
1976-12-09,0.0024009165,simulation
1976-12-10,0.0008840676,simulation
1976-12-11,0.00024702642,simulation
1976-12-12,0.00010744986,simulation
1976-12-13,0.0008273036,simulation
1976-12-14,0.00075611164,simulation
1976-12-15,0.00042022803,simulation
1976-12-16,0.002184667,simulation
1976-12-17,0.001776582,simulation
1976-12-18,0.0020662274,simulation
1976-12-19,0.0010452368,simulation
1976-12-20,0.000993024,simulation
1976-12-21,0.0018698109,simulation
1976-12-22,0.0005720685,simulation
1976-12-23,0.00070523296,simulation
1976-12-24,0.0012808013,simulation
1976-12-25,0.0003936861,simulation
1976-12-26,0.0026174095,simulation
1976-12-27,0.002145316,simulation
1976-12-28,0.0012320548,simulation
1976-12-29,0.0021511822,simulation
1976-12-30,0.001183623,simulation
1976-12-31,0.0016371382,simulation
1977-01-01,0.0012919526,simulation
1977-01-02,0.00085599086,simulation
1977-01-03,0.00011859136,simulation
1977-01-04,0.00021788623,simulation
1977-01-05,0.0009792006,simulation
1977-01-06,0.00023718015,simulation
1977-01-07,0.0007455719,simulation
1977-01-08,0.0007238639,simulation
1977-01-09,0.00039554798,simulation
1977-01-10,0.0013485907,simulation
1977-01-11,0.0011385474,simulation
1977-01-12,0.001002203,simulation
1977-01-13,0.0010673912,simulation
1977-01-14,0.0003693862,simulation
1977-01-15,0.0014551857,simulation
1977-01-16,0.0012287798,simulation
1977-01-17,0.0012199485,simulation
1977-01-18,0.00084181566,simulation
1977-01-19,0.0010590743,simulation
1977-01-20,0.0023992807,simulation
1977-01-21,0.0017826724,simulation
1977-01-22,0.0010529931,simulation
1977-01-23,0.0010168728,simulation
1977-01-24,0.00029303916,simulation
1977-01-25,0.0018279151,simulation
1977-01-26,0.0013778252,simulation
1977-01-27,0.0009155773,simulation
1977-01-28,0.001818559,simulation
1977-01-29,0.001995124,simulation
1977-01-30,0.0006594387,simulation
1977-01-31,0.0016410677,simulation
1977-02-01,0.0010745712,simulation
1977-02-02,0.0026399966,simulation
1977-02-03,0.0004973904,simulation
1977-02-04,0.0017732417,simulation
1977-02-05,0.0035851072,simulation
1977-02-06,0.0029090901,simulation
1977-02-07,0.0031081236,simulation
1977-02-08,0.0009933655,simulation
1977-02-09,0.0030889171,simulation
1977-02-10,0.0031765727,simulation
1977-02-11,0.001197529,simulation
1977-02-12,0.00054593245,simulation
1977-02-13,0.003615399,simulation
1977-02-14,0.004371193,simulation
1977-02-15,0.0018249471,simulation
1977-02-16,0.0027100649,simulation
1977-02-17,0.0028414459,simulation
1977-02-18,0.0021319906,simulation
1977-02-19,0.0030829604,simulation
1977-02-20,0.0042358693,simulation
1977-02-21,0.0046648155,simulation
1977-02-22,0.004731961,simulation
1977-02-23,0.0015703891,simulation
1977-02-24,0.003001147,simulation
1977-02-25,0.00696346,simulation
1977-02-26,0.0017354148,simulation
1977-02-27,0.0017218044,simulation
1977-02-28,0.0032983157,simulation
1977-03-01,0.0042651375,simulation
1977-03-02,0.003281318,simulation
1977-03-03,0.0014391791,simulation
1977-03-04,0.002304284,simulation
1977-03-05,0.00071282964,simulation
1977-03-06,0.0006618453,simulation
1977-03-07,0.004098931,simulation
1977-03-08,0.003428024,simulation
1977-03-09,0.0013599765,simulation
1977-03-10,0.0009669819,simulation
1977-03-11,0.001075403,simulation
1977-03-12,0.0026924391,simulation
1977-03-13,0.005705571,simulation
1977-03-14,0.006021902,simulation
1977-03-15,0.0026330438,simulation
1977-03-16,0.0043519405,simulation
1977-03-17,0.0025186324,simulation
1977-03-18,0.00443042,simulation
1977-03-19,0.0020732973,simulation
1977-03-20,0.003873979,simulation
1977-03-21,0.00091070624,simulation
1977-03-22,0.005876192,simulation
1977-03-23,0.0053281034,simulation
1977-03-24,0.0011648636,simulation
1977-03-25,0.003322474,simulation
1977-03-26,0.0024538508,simulation
1977-03-27,0.0013585773,simulation
1977-03-28,0.0055429107,simulation
1977-03-29,0.0010243317,simulation
1977-03-30,0.0027708276,simulation
1977-03-31,0.004165896,simulation
1977-04-01,0.00085518067,simulation
1977-04-02,0.0019023818,simulation
1977-04-03,0.001678584,simulation
1977-04-04,0.00093644916,simulation
1977-04-05,0.0061686113,simulation
1977-04-06,0.006058676,simulation
1977-04-07,0.0073863007,simulation
1977-04-08,0.0067587066,simulation
1977-04-09,0.0076260604,simulation
1977-04-10,0.007970739,simulation
1977-04-11,0.007932615,simulation
1977-04-12,0.007934038,simulation
1977-04-13,0.007493779,simulation
1977-04-14,0.007187372,simulation
1977-04-15,0.006462884,simulation
1977-04-16,0.00787653,simulation
1977-04-17,0.004092034,simulation
1977-04-18,0.0017579831,simulation
1977-04-19,0.002586855,simulation
1977-04-20,0.0013062232,simulation
1977-04-21,0.00080150325,simulation
1977-04-22,0.0025291382,simulation
1977-04-23,0.0039000837,simulation
1977-04-24,0.0025111386,simulation
1977-04-25,0.007028099,simulation
1977-04-26,0.0062369294,simulation
1977-04-27,0.007978838,simulation
1977-04-28,0.0064478423,simulation
1977-04-29,0.008268636,simulation
1977-04-30,0.008767515,simulation
1977-05-01,0.0032990235,simulation
1977-05-02,0.0011106242,simulation
1977-05-03,0.003142738,simulation
1977-05-04,0.0030841164,simulation
1977-05-05,0.004830256,simulation
1977-05-06,0.004577867,simulation
1977-05-07,0.0028523302,simulation
1977-05-08,0.005735551,simulation
1977-05-09,0.0051055434,simulation
1977-05-10,0.009255718,simulation
1977-05-11,0.0065858653,simulation
1977-05-12,0.006963879,simulation
1977-05-13,0.0056224274,simulation
1977-05-14,0.004812612,simulation
1977-05-15,0.0057469564,simulation
1977-05-16,0.006475413,simulation
1977-05-17,0.0052432036,simulation
1977-05-18,0.0077170637,simulation
1977-05-19,0.008931778,simulation
1977-05-20,0.006080594,simulation
1977-05-21,0.0059304377,simulation
1977-05-22,0.0061951205,simulation
1977-05-23,0.0077473987,simulation
1977-05-24,0.0079841595,simulation
1977-05-25,0.008241592,simulation
1977-05-26,0.0072697923,simulation
1977-05-27,0.008961234,simulation
1977-05-28,0.009255949,simulation
1977-05-29,0.010152392,simulation
1977-05-30,0.010952778,simulation
1977-05-31,0.007870959,simulation
1977-06-01,0.0077178143,simulation
1977-06-02,0.010345679,simulation
1977-06-03,0.011915408,simulation
1977-06-04,0.010925725,simulation
1977-06-05,0.009311575,simulation
1977-06-06,0.013912857,simulation
1977-06-07,0.012369804,simulation
1977-06-08,0.012541279,simulation
1977-06-09,0.013357639,simulation
1977-06-10,0.013541393,simulation
1977-06-11,0.013298795,simulation
1977-06-12,0.014074892,simulation
1977-06-13,0.0067165527,simulation
1977-06-14,0.0017986035,simulation
1977-06-15,0.005347518,simulation
1977-06-16,0.006953684,simulation
1977-06-17,0.006870011,simulation
1977-06-18,0.010675449,simulation
1977-06-19,0.00791645,simulation
1977-06-20,0.008311063,simulation
1977-06-21,0.012538761,simulation
1977-06-22,0.013840012,simulation
1977-06-23,0.012234606,simulation
1977-06-24,0.012386575,simulation
1977-06-25,0.012228947,simulation
1977-06-26,0.011435937,simulation
1977-06-27,0.0119500905,simulation
1977-06-28,0.013310589,simulation
1977-06-29,0.0112256445,simulation
1977-06-30,0.012568891,simulation
1977-07-01,0.0121990405,simulation
1977-07-02,0.007628697,simulation
1977-07-03,0.008181822,simulation
1977-07-04,0.012104545,simulation
1977-07-05,0.015262209,simulation
1977-07-06,0.012765352,simulation
1977-07-07,0.009577958,simulation
1977-07-08,0.0101099145,simulation
1977-07-09,0.00757882,simulation
1977-07-10,0.0043196483,simulation
1977-07-11,0.0022182853,simulation
1977-07-12,0.00442108,simulation
1977-07-13,0.009051291,simulation
1977-07-14,0.012977436,simulation
1977-07-15,0.011325851,simulation
1977-07-16,0.012724593,simulation
1977-07-17,0.010311358,simulation
1977-07-18,0.00956478,simulation
1977-07-19,0.006200807,simulation
1977-07-20,0.0065608327,simulation
1977-07-21,0.0056179524,simulation
1977-07-22,0.0074816654,simulation
1977-07-23,0.007958246,simulation
1977-07-24,0.008645842,simulation
1977-07-25,0.0073236823,simulation
1977-07-26,0.0016417708,simulation
1977-07-27,0.0040782634,simulation
1977-07-28,0.001930886,simulation
1977-07-29,0.0068060854,simulation
1977-07-30,0.003279752,simulation
1977-07-31,0.005411704,simulation
1977-08-01,0.0051281885,simulation
1977-08-02,0.0055793007,simulation
1977-08-03,0.006895613,simulation
1977-08-04,0.0043145916,simulation
1977-08-05,0.0056977714,simulation
1977-08-06,0.007488142,simulation
1977-08-07,0.01101815,simulation
1977-08-08,0.010284163,simulation
1977-08-09,0.009674277,simulation
1977-08-10,0.009789392,simulation
1977-08-11,0.007971853,simulation
1977-08-12,0.00895609,simulation
1977-08-13,0.009700783,simulation
1977-08-14,0.009154476,simulation
1977-08-15,0.007606264,simulation
1977-08-16,0.008561859,simulation
1977-08-17,0.004046086,simulation
1977-08-18,0.0014837809,simulation
1977-08-19,0.0029311574,simulation
1977-08-20,0.004447484,simulation
1977-08-21,0.0057157343,simulation
1977-08-22,0.005681705,simulation
1977-08-23,0.006337917,simulation
1977-08-24,0.0071607577,simulation
1977-08-25,0.004258301,simulation
1977-08-26,0.006074779,simulation
1977-08-27,0.0075414367,simulation
1977-08-28,0.0052378313,simulation
1977-08-29,0.00942051,simulation
1977-08-30,0.010703415,simulation
1977-08-31,0.011656173,simulation
1977-09-01,0.011055961,simulation
1977-09-02,0.0114364885,simulation
1977-09-03,0.010043919,simulation
1977-09-04,0.0020894692,simulation
1977-09-05,0.0012146179,simulation
1977-09-06,0.0010904801,simulation
1977-09-07,0.0037442555,simulation
1977-09-08,0.007013647,simulation
1977-09-09,0.0012798121,simulation
1977-09-10,0.002731579,simulation
1977-09-11,0.00828824,simulation
1977-09-12,0.007294044,simulation
1977-09-13,0.0040594623,simulation
1977-09-14,0.0028140575,simulation
1977-09-15,0.0010964944,simulation
1977-09-16,0.0017428563,simulation
1977-09-17,0.0042079887,simulation
1977-09-18,0.0036764212,simulation
1977-09-19,0.001746589,simulation
1977-09-20,0.0054224166,simulation
1977-09-21,0.00764364,simulation
1977-09-22,0.0068245195,simulation
1977-09-23,0.0044885958,simulation
1977-09-24,0.0040092636,simulation
1977-09-25,0.0040284907,simulation
1977-09-26,0.0050534974,simulation
1977-09-27,0.00416799,simulation
1977-09-28,0.0037990748,simulation
1977-09-29,0.0015548596,simulation
1977-09-30,0.005533019,simulation
1977-10-01,0.004297912,simulation
1977-10-02,0.0011009318,simulation
1977-10-03,0.007216789,simulation
1977-10-04,0.004323299,simulation
1977-10-05,0.0028387918,simulation
1977-10-06,0.0056307744,simulation
1977-10-07,0.0016424743,simulation
1977-10-08,0.00092962687,simulation
1977-10-09,0.0060485676,simulation
1977-10-10,0.0014938626,simulation
1977-10-11,0.001169174,simulation
1977-10-12,0.00590639,simulation
1977-10-13,0.0051796283,simulation
1977-10-14,0.005047313,simulation
1977-10-15,0.0033666692,simulation
1977-10-16,0.005067915,simulation
1977-10-17,0.0052064704,simulation
1977-10-18,0.0059021953,simulation
1977-10-19,0.005994696,simulation
1977-10-20,0.0014008237,simulation
1977-10-21,0.005265633,simulation
1977-10-22,0.00566582,simulation
1977-10-23,0.0038286794,simulation
1977-10-24,0.0011906577,simulation
1977-10-25,0.0011727951,simulation
1977-10-26,0.002248575,simulation
1977-10-27,0.004757152,simulation
1977-10-28,0.0011021625,simulation
1977-10-29,0.0021349047,simulation
1977-10-30,0.0037775105,simulation
1977-10-31,0.0017085926,simulation
1977-11-01,0.003811646,simulation
1977-11-02,0.00095401204,simulation
1977-11-03,0.0026492209,simulation
1977-11-04,0.00060674903,simulation
1977-11-05,0.0011055772,simulation
1977-11-06,0.00090578315,simulation
1977-11-07,0.0013111643,simulation
1977-11-08,0.0039522154,simulation
1977-11-09,0.0016509338,simulation
1977-11-10,0.004233621,simulation
1977-11-11,0.0036628868,simulation
1977-11-12,0.0035400914,simulation
1977-11-13,0.0016166575,simulation
1977-11-14,0.0037650743,simulation
1977-11-15,0.0012492033,simulation
1977-11-16,0.002094112,simulation
1977-11-17,0.002350108,simulation
1977-11-18,0.0017776467,simulation
1977-11-19,0.0009802121,simulation
1977-11-20,0.0012720365,simulation
1977-11-21,0.0006949782,simulation
1977-11-22,0.0003191894,simulation
1977-11-23,0.00036394998,simulation
1977-11-24,0.00065988995,simulation
1977-11-25,0.0011165568,simulation
1977-11-26,0.00270523,simulation
1977-11-27,0.0013713401,simulation
1977-11-28,0.00041319279,simulation
1977-11-29,0.0012297294,simulation
1977-11-30,0.00058909226,simulation
1977-12-01,0.0010259179,simulation
1977-12-02,0.001747336,simulation
1977-12-03,0.0017840449,simulation
1977-12-04,0.0016188741,simulation
1977-12-05,0.0041266275,simulation
1977-12-06,0.0027967172,simulation
1977-12-07,0.0021238173,simulation
1977-12-08,0.0024087026,simulation
1977-12-09,0.0029661823,simulation
1977-12-10,0.00221526,simulation
1977-12-11,0.0019087334,simulation
1977-12-12,0.0022783002,simulation
1977-12-13,0.00084858126,simulation
1977-12-14,0.00067104073,simulation
1977-12-15,0.0011529176,simulation
1977-12-16,0.0015614005,simulation
1977-12-17,0.002114411,simulation
1977-12-18,0.002962523,simulation
1977-12-19,0.0017385366,simulation
1977-12-20,0.0026720779,simulation
1977-12-21,0.0015225572,simulation
1977-12-22,0.0013275808,simulation
1977-12-23,0.0010526306,simulation
1977-12-24,0.001188104,simulation
1977-12-25,0.0027274021,simulation
1977-12-26,0.0016115427,simulation
1977-12-27,0.0016517818,simulation
1977-12-28,0.0008176742,simulation
1977-12-29,0.0006695562,simulation
1977-12-30,0.00022370205,simulation
1977-12-31,0.0006670173,simulation
1978-01-01,0.0010765126,simulation
1978-01-02,0.0010613531,simulation
1978-01-03,0.0014002236,simulation
1978-01-04,0.001334777,simulation
1978-01-05,0.0009874884,simulation
1978-01-06,0.0010875787,simulation
1978-01-07,0.000894167,simulation
1978-01-08,0.00079408434,simulation
1978-01-09,0.0017302247,simulation
1978-01-10,0.0015580597,simulation
1978-01-11,0.0010002228,simulation
1978-01-12,0.0005983264,simulation
1978-01-13,0.00041690437,simulation
1978-01-14,0.00066114124,simulation
1978-01-15,0.0009818152,simulation
1978-01-16,0.0010878595,simulation
1978-01-17,0.0005881428,simulation
1978-01-18,0.00046250309,simulation
1978-01-19,0.00028546894,simulation
1978-01-20,0.0003694314,simulation
1978-01-21,0.00056933495,simulation
1978-01-22,0.0009961027,simulation
1978-01-23,0.0008729543,simulation
1978-01-24,0.0004864925,simulation
1978-01-25,0.00044113758,simulation
1978-01-26,0.0025534297,simulation
1978-01-27,0.0016199837,simulation
1978-01-28,0.0015155276,simulation
1978-01-29,0.002092325,simulation
1978-01-30,0.00053953205,simulation
1978-01-31,0.00066471455,simulation
1978-02-01,0.00021045044,simulation
1978-02-02,0.00043442694,simulation
1978-02-03,0.00090788945,simulation
1978-02-04,0.0021129677,simulation
1978-02-05,0.002120919,simulation
1978-02-06,0.0015829497,simulation
1978-02-07,0.0011885127,simulation
1978-02-08,0.0010572558,simulation
1978-02-09,0.0009476322,simulation
1978-02-10,0.001648815,simulation
1978-02-11,0.0025756522,simulation
1978-02-12,0.0030036136,simulation
1978-02-13,0.0039290306,simulation
1978-02-14,0.001481112,simulation
1978-02-15,0.0011459067,simulation
1978-02-16,0.003163342,simulation
1978-02-17,0.0030982778,simulation
1978-02-18,0.000762061,simulation
1978-02-19,0.0021416573,simulation
1978-02-20,0.0019516239,simulation
1978-02-21,0.0009955034,simulation
1978-02-22,0.0027556014,simulation
1978-02-23,0.0035625233,simulation
1978-02-24,0.0036074568,simulation
1978-02-25,0.0017228365,simulation
1978-02-26,0.003383885,simulation
1978-02-27,0.0013984231,simulation
1978-02-28,0.0007916268,simulation
1978-03-01,0.00083180325,simulation
1978-03-02,0.0006023234,simulation
1978-03-03,0.00058473647,simulation
1978-03-04,0.0017325953,simulation
1978-03-05,0.0037350277,simulation
1978-03-06,0.0016870841,simulation
1978-03-07,0.00022638432,simulation
1978-03-08,0.00024502413,simulation
1978-03-09,0.00017778683,simulation
1978-03-10,0.0015483447,simulation
1978-03-11,0.0039395057,simulation
1978-03-12,0.0020789695,simulation
1978-03-13,0.0010708829,simulation
1978-03-14,0.0053580264,simulation
1978-03-15,0.0027840873,simulation
1978-03-16,0.0025992116,simulation
1978-03-17,0.0048834085,simulation
1978-03-18,0.0060940534,simulation
1978-03-19,0.007066274,simulation
1978-03-20,0.0020469087,simulation
1978-03-21,0.0010439798,simulation
1978-03-22,0.0054954947,simulation
1978-03-23,0.004614774,simulation
1978-03-24,0.0010383406,simulation
1978-03-25,0.0009896987,simulation
1978-03-26,0.00085099554,simulation
1978-03-27,0.0036658943,simulation
1978-03-28,0.0055521973,simulation
1978-03-29,0.0045813457,simulation
1978-03-30,0.0052027246,simulation
1978-03-31,0.0075306557,simulation
1978-04-01,0.008932065,simulation
1978-04-02,0.005849621,simulation
1978-04-03,0.0032945094,simulation
1978-04-04,0.004378215,simulation
1978-04-05,0.0073848534,simulation
1978-04-06,0.002055493,simulation
1978-04-07,0.0062272567,simulation
1978-04-08,0.0058741127,simulation
1978-04-09,0.002216016,simulation
1978-04-10,0.0012235155,simulation
1978-04-11,0.0006387143,simulation
1978-04-12,0.0005657216,simulation
1978-04-13,0.005525398,simulation
1978-04-14,0.0035030176,simulation
1978-04-15,0.0077156723,simulation
1978-04-16,0.0024689455,simulation
1978-04-17,0.0034417554,simulation
1978-04-18,0.0049808775,simulation
1978-04-19,0.0073162653,simulation
1978-04-20,0.005073297,simulation
1978-04-21,0.0072693545,simulation
1978-04-22,0.008315351,simulation
1978-04-23,0.00231117,simulation
1978-04-24,0.0035632127,simulation
1978-04-25,0.005380679,simulation
1978-04-26,0.008497447,simulation
1978-04-27,0.0073111616,simulation
1978-04-28,0.0076810047,simulation
1978-04-29,0.0056100856,simulation
1978-04-30,0.0018013747,simulation
1978-05-01,0.0023678006,simulation
1978-05-02,0.0026087388,simulation
1978-05-03,0.0006878632,simulation
1978-05-04,0.0012715992,simulation
1978-05-05,0.0068506617,simulation
1978-05-06,0.0010536265,simulation
1978-05-07,0.0008642079,simulation
1978-05-08,0.00084828964,simulation
1978-05-09,0.0075445957,simulation
1978-05-10,0.0067495666,simulation
1978-05-11,0.0034492793,simulation
1978-05-12,0.0043143416,simulation
1978-05-13,0.00923682,simulation
1978-05-14,0.009212278,simulation
1978-05-15,0.006296145,simulation
1978-05-16,0.005917417,simulation
1978-05-17,0.0024856108,simulation
1978-05-18,0.0036120017,simulation
1978-05-19,0.0025983271,simulation
1978-05-20,0.0051724613,simulation
1978-05-21,0.0063093826,simulation
1978-05-22,0.005058558,simulation
1978-05-23,0.0064871665,simulation
1978-05-24,0.007960837,simulation
1978-05-25,0.008562334,simulation
1978-05-26,0.009529293,simulation
1978-05-27,0.009699136,simulation
1978-05-28,0.0042555546,simulation
1978-05-29,0.0048486623,simulation
1978-05-30,0.0038091682,simulation
1978-05-31,0.0075506363,simulation
1978-06-01,0.004608142,simulation
1978-06-02,0.0028627673,simulation
1978-06-03,0.0036762026,simulation
1978-06-04,0.008257844,simulation
1978-06-05,0.005048765,simulation
1978-06-06,0.003401742,simulation
1978-06-07,0.0018963743,simulation
1978-06-08,0.0038734728,simulation
1978-06-09,0.0055965893,simulation
1978-06-10,0.007834345,simulation
1978-06-11,0.006258025,simulation
1978-06-12,0.0052939756,simulation
1978-06-13,0.005222378,simulation
1978-06-14,0.009807102,simulation
1978-06-15,0.009876214,simulation
1978-06-16,0.007812794,simulation
1978-06-17,0.010358825,simulation
1978-06-18,0.007985771,simulation
1978-06-19,0.004807481,simulation
1978-06-20,0.0077345036,simulation
1978-06-21,0.008286431,simulation
1978-06-22,0.009159032,simulation
1978-06-23,0.009921197,simulation
1978-06-24,0.008211564,simulation
1978-06-25,0.008609571,simulation
1978-06-26,0.01049564,simulation
1978-06-27,0.010102525,simulation
1978-06-28,0.010573573,simulation
1978-06-29,0.0063547115,simulation
1978-06-30,0.00953763,simulation
1978-07-01,0.008316308,simulation
1978-07-02,0.011528239,simulation
1978-07-03,0.010432456,simulation
1978-07-04,0.0106856525,simulation
1978-07-05,0.009585332,simulation
1978-07-06,0.008978017,simulation
1978-07-07,0.0071759634,simulation
1978-07-08,0.009516649,simulation
1978-07-09,0.010436192,simulation
1978-07-10,0.0061901407,simulation
1978-07-11,0.008245392,simulation
1978-07-12,0.007867595,simulation
1978-07-13,0.007336137,simulation
1978-07-14,0.0044764453,simulation
1978-07-15,0.003732881,simulation
1978-07-16,0.0100962445,simulation
1978-07-17,0.012563825,simulation
1978-07-18,0.011815861,simulation
1978-07-19,0.011510648,simulation
1978-07-20,0.011545859,simulation
1978-07-21,0.007981816,simulation
1978-07-22,0.006661491,simulation
1978-07-23,0.00818754,simulation
1978-07-24,0.008882325,simulation
1978-07-25,0.009768043,simulation
1978-07-26,0.007353971,simulation
1978-07-27,0.0035736205,simulation
1978-07-28,0.0044408487,simulation
1978-07-29,0.009727303,simulation
1978-07-30,0.00788777,simulation
1978-07-31,0.009761568,simulation
1978-08-01,0.009974249,simulation
1978-08-02,0.010239303,simulation
1978-08-03,0.012563266,simulation
1978-08-04,0.0124114305,simulation
1978-08-05,0.010867935,simulation
1978-08-06,0.005539437,simulation
1978-08-07,0.003966052,simulation
1978-08-08,0.0013858858,simulation
1978-08-09,0.00100834,simulation
1978-08-10,0.004509352,simulation
1978-08-11,0.0028901298,simulation
1978-08-12,0.006878142,simulation
1978-08-13,0.004815269,simulation
1978-08-14,0.004621088,simulation
1978-08-15,0.0059562796,simulation
1978-08-16,0.008815091,simulation
1978-08-17,0.010737363,simulation
1978-08-18,0.009669378,simulation
1978-08-19,0.009689499,simulation
1978-08-20,0.008775046,simulation
1978-08-21,0.010593221,simulation
1978-08-22,0.010237016,simulation
1978-08-23,0.010097697,simulation
1978-08-24,0.0076253936,simulation
1978-08-25,0.010324195,simulation
1978-08-26,0.010739777,simulation
1978-08-27,0.009840999,simulation
1978-08-28,0.0025965592,simulation
1978-08-29,0.0014553108,simulation
1978-08-30,0.0033468136,simulation
1978-08-31,0.006967325,simulation
1978-09-01,0.0028198021,simulation
1978-09-02,0.005708002,simulation
1978-09-03,0.007369576,simulation
1978-09-04,0.011711195,simulation
1978-09-05,0.010928672,simulation
1978-09-06,0.009492293,simulation
1978-09-07,0.00976651,simulation
1978-09-08,0.009571077,simulation
1978-09-09,0.0047477884,simulation
1978-09-10,0.0057552317,simulation
1978-09-11,0.004018896,simulation
1978-09-12,0.0034326005,simulation
1978-09-13,0.0010904801,simulation
1978-09-14,0.0025675546,simulation
1978-09-15,0.0023347351,simulation
1978-09-16,0.0061645187,simulation
1978-09-17,0.00880385,simulation
1978-09-18,0.008625101,simulation
1978-09-19,0.009436691,simulation
1978-09-20,0.009700207,simulation
1978-09-21,0.010023177,simulation
1978-09-22,0.009753294,simulation
1978-09-23,0.009400442,simulation
1978-09-24,0.008957166,simulation
1978-09-25,0.0031688344,simulation
1978-09-26,0.0018589698,simulation
1978-09-27,0.0008503364,simulation
1978-09-28,0.00081073405,simulation
1978-09-29,0.005936428,simulation
1978-09-30,0.004470029,simulation
1978-10-01,0.009578954,simulation
1978-10-02,0.008852569,simulation
1978-10-03,0.0063069155,simulation
1978-10-04,0.009672504,simulation
1978-10-05,0.0022501096,simulation
1978-10-06,0.009591216,simulation
1978-10-07,0.008143,simulation
1978-10-08,0.008181357,simulation
1978-10-09,0.0055148858,simulation
1978-10-10,0.0074083107,simulation
1978-10-11,0.0068923137,simulation
1978-10-12,0.007994501,simulation
1978-10-13,0.0039513633,simulation
1978-10-14,0.008090856,simulation
1978-10-15,0.0073878784,simulation
1978-10-16,0.0092488015,simulation
1978-10-17,0.007979079,simulation
1978-10-18,0.0074916296,simulation
1978-10-19,0.006851866,simulation
1978-10-20,0.008230681,simulation
1978-10-21,0.008464549,simulation
1978-10-22,0.0083900895,simulation
1978-10-23,0.008057568,simulation
1978-10-24,0.0077397176,simulation
1978-10-25,0.007969101,simulation
1978-10-26,0.002304873,simulation
1978-10-27,0.0022903765,simulation
1978-10-28,0.0047998354,simulation
1978-10-29,0.008315118,simulation
1978-10-30,0.002946377,simulation
1978-10-31,0.007453036,simulation
1978-11-01,0.0076256245,simulation
1978-11-02,0.007664426,simulation
1978-11-03,0.0075394455,simulation
1978-11-04,0.0074052243,simulation
1978-11-05,0.0041395286,simulation
1978-11-06,0.0020220617,simulation
1978-11-07,0.00060366566,simulation
1978-11-08,0.0024432149,simulation
1978-11-09,0.0025171326,simulation
1978-11-10,0.0036320903,simulation
1978-11-11,0.0025192762,simulation
1978-11-12,0.0026312524,simulation
1978-11-13,0.0023226258,simulation
1978-11-14,0.0012805815,simulation
1978-11-15,0.00079033256,simulation
1978-11-16,0.0015760491,simulation
1978-11-17,0.0016975141,simulation
1978-11-18,0.0010316669,simulation
1978-11-19,0.0016718436,simulation
1978-11-20,0.002702471,simulation
1978-11-21,0.0014010641,simulation
1978-11-22,0.001051184,simulation
1978-11-23,0.0014176227,simulation
1978-11-24,0.0017422601,simulation
1978-11-25,0.0024496748,simulation
1978-11-26,0.0014193256,simulation
1978-11-27,0.0007085625,simulation
1978-11-28,0.0012022692,simulation
1978-11-29,0.00045626966,simulation
1978-11-30,0.00065783894,simulation
1978-12-01,0.0016685547,simulation
1978-12-02,0.001970055,simulation
1978-12-03,0.0020024665,simulation
1978-12-04,0.00039681906,simulation
1978-12-05,0.002036621,simulation
1978-12-06,0.0020973324,simulation
1978-12-07,0.0012703997,simulation
1978-12-08,0.00085407763,simulation
1978-12-09,0.000730756,simulation
1978-12-10,0.0013427022,simulation
1978-12-11,0.0014257907,simulation
1978-12-12,0.0016147204,simulation
1978-12-13,0.0015096941,simulation
1978-12-14,0.0010126845,simulation
1978-12-15,0.0011157895,simulation
1978-12-16,0.00070145587,simulation
1978-12-17,0.0024307596,simulation
1978-12-18,0.0012782753,simulation
1978-12-19,0.0010160861,simulation
1978-12-20,0.001573082,simulation
1978-12-21,0.0019115092,simulation
1978-12-22,0.0015452964,simulation
1978-12-23,0.0011789558,simulation
1978-12-24,0.0006907864,simulation
1978-12-25,0.0014900258,simulation
1978-12-26,0.0019685405,simulation
1978-12-27,0.001373813,simulation
1978-12-28,0.0025501305,simulation
1978-12-29,0.0009784433,simulation
1978-12-30,0.00013602932,simulation
1978-12-31,0.0005392625,simulation
1979-01-01,0.000362064,simulation
1979-01-02,0.001124258,simulation
1979-01-03,0.00068778865,simulation
1979-01-04,0.0009312276,simulation
1979-01-05,0.0009388694,simulation
1979-01-06,0.00013713905,simulation
1979-01-07,0.00023836468,simulation
1979-01-08,0.0012775077,simulation
1979-01-09,0.0011515318,simulation
1979-01-10,0.00074658927,simulation
1979-01-11,0.00096864655,simulation
1979-01-12,0.0006229953,simulation
1979-01-13,0.00025882313,simulation
1979-01-14,0.0010013412,simulation
1979-01-15,0.0007654154,simulation
1979-01-16,0.0007915585,simulation
1979-01-17,0.0008083645,simulation
1979-01-18,0.00013082498,simulation
1979-01-19,0.00024949844,simulation
1979-01-20,0.00038571248,simulation
1979-01-21,0.0005872636,simulation
1979-01-22,0.0007412897,simulation
1979-01-23,0.0006258523,simulation
1979-01-24,0.002094649,simulation
1979-01-25,0.0005045219,simulation
1979-01-26,0.00023179644,simulation
1979-01-27,0.00040561552,simulation
1979-01-28,0.0010704232,simulation
1979-01-29,0.0006912489,simulation
1979-01-30,0.0002270806,simulation
1979-01-31,0.0007470502,simulation
1979-02-01,0.0008273036,simulation
1979-02-02,0.0014864543,simulation
1979-02-03,9.4161165e-05,simulation
1979-02-04,0.00059544767,simulation
1979-02-05,0.00082580966,simulation
1979-02-06,0.00028018584,simulation
1979-02-07,0.0003562169,simulation
1979-02-08,0.001275754,simulation
1979-02-09,0.0013861229,simulation
1979-02-10,0.0019234741,simulation
1979-02-11,0.0019692134,simulation
1979-02-12,0.0013989023,simulation
1979-02-13,0.0008777,simulation
1979-02-14,0.0014251799,simulation
1979-02-15,0.0018066209,simulation
1979-02-16,0.00092110806,simulation
1979-02-17,0.0005720431,simulation
1979-02-18,0.00015249854,simulation
1979-02-19,0.0017294842,simulation
1979-02-20,0.0004521456,simulation
1979-02-21,0.00038440255,simulation
1979-02-22,0.0007141958,simulation
1979-02-23,0.0007106544,simulation
1979-02-24,0.0006784371,simulation
1979-02-25,0.0008518011,simulation
1979-02-26,0.0037091908,simulation
1979-02-27,0.0013619615,simulation
1979-02-28,0.0010592568,simulation
1979-03-01,0.0032215316,simulation
1979-03-02,0.00082673447,simulation
1979-03-03,0.0005387326,simulation
1979-03-04,0.0020503383,simulation
1979-03-05,0.0032279773,simulation
1979-03-06,0.003816797,simulation
1979-03-07,0.0017605424,simulation
1979-03-08,0.0037582982,simulation
1979-03-09,0.0050189993,simulation
1979-03-10,0.00038936516,simulation
1979-03-11,0.0033139389,simulation
1979-03-12,0.0050746617,simulation
1979-03-13,0.0036298265,simulation
1979-03-14,0.006309826,simulation
1979-03-15,0.0045250775,simulation
1979-03-16,0.0018111079,simulation
1979-03-17,0.004968182,simulation
1979-03-18,0.0034455582,simulation
1979-03-19,0.005018579,simulation
1979-03-20,0.0015043985,simulation
1979-03-21,0.001904822,simulation
1979-03-22,0.0008874216,simulation
1979-03-23,0.0041999836,simulation
1979-03-24,0.0052196374,simulation
1979-03-25,0.0057233926,simulation
1979-03-26,0.0054618395,simulation
1979-03-27,0.005321969,simulation
1979-03-28,0.006154647,simulation
1979-03-29,0.0024498838,simulation
1979-03-30,0.0019867897,simulation
1979-03-31,0.00093162793,simulation
1979-04-01,0.00426483,simulation
1979-04-02,0.000772834,simulation
1979-04-03,0.0009707322,simulation
1979-04-04,0.0025907322,simulation
1979-04-05,0.005912587,simulation
1979-04-06,0.006284261,simulation
1979-04-07,0.0053002974,simulation
1979-04-08,0.000797442,simulation
1979-04-09,0.0043686903,simulation
1979-04-10,0.002118747,simulation
1979-04-11,0.003024085,simulation
1979-04-12,0.0010709753,simulation
1979-04-13,0.0017269704,simulation
1979-04-14,0.007265717,simulation
1979-04-15,0.0074350126,simulation
1979-04-16,0.007824771,simulation
1979-04-17,0.005031881,simulation
1979-04-18,0.0015848498,simulation
1979-04-19,0.002270736,simulation
1979-04-20,0.0011743067,simulation
1979-04-21,0.0011059578,simulation
1979-04-22,0.0010236269,simulation
1979-04-23,0.0009664831,simulation
1979-04-24,0.0009906355,simulation
1979-04-25,0.0012278303,simulation
1979-04-26,0.0037018412,simulation
1979-04-27,0.00441722,simulation
1979-04-28,0.007003583,simulation
1979-04-29,0.0010438003,simulation
1979-04-30,0.0056619886,simulation
1979-05-01,0.0032978086,simulation
1979-05-02,0.0017050868,simulation
1979-05-03,0.0018647015,simulation
1979-05-04,0.0008011581,simulation
1979-05-05,0.00089925964,simulation
1979-05-06,0.00552593,simulation
1979-05-07,0.0059782322,simulation
1979-05-08,0.0048439084,simulation
1979-05-09,0.004314579,simulation
1979-05-10,0.005657131,simulation
1979-05-11,0.0036177358,simulation
1979-05-12,0.0021990668,simulation
1979-05-13,0.002619193,simulation
1979-05-14,0.008460078,simulation
1979-05-15,0.008999098,simulation
1979-05-16,0.009772308,simulation
1979-05-17,0.00961154,simulation
1979-05-18,0.006929327,simulation
1979-05-19,0.005980963,simulation
1979-05-20,0.0057828543,simulation
1979-05-21,0.0024087026,simulation
1979-05-22,0.0040463903,simulation
1979-05-23,0.0011541066,simulation
1979-05-24,0.0062262844,simulation
1979-05-25,0.0087135695,simulation
1979-05-26,0.009002455,simulation
1979-05-27,0.00375413,simulation
1979-05-28,0.00337732,simulation
1979-05-29,0.0015894719,simulation
1979-05-30,0.000978191,simulation
1979-05-31,0.0024264148,simulation
1979-06-01,0.0063419174,simulation
1979-06-02,0.003912029,simulation
1979-06-03,0.0037318747,simulation
1979-06-04,0.0051854546,simulation
1979-06-05,0.0023263912,simulation
1979-06-06,0.004283424,simulation
1979-06-07,0.0031160149,simulation
1979-06-08,0.008056276,simulation
1979-06-09,0.0073274374,simulation
1979-06-10,0.0054068803,simulation
1979-06-11,0.009860821,simulation
1979-06-12,0.009460218,simulation
1979-06-13,0.0091835335,simulation
1979-06-14,0.009483561,simulation
1979-06-15,0.00709443,simulation
1979-06-16,0.008824196,simulation
1979-06-17,0.008933071,simulation
1979-06-18,0.010101713,simulation
1979-06-19,0.010822587,simulation
1979-06-20,0.010580197,simulation
1979-06-21,0.0015660896,simulation
1979-06-22,0.005564306,simulation
1979-06-23,0.005637864,simulation
1979-06-24,0.005368755,simulation
1979-06-25,0.0021319906,simulation
1979-06-26,0.0042952765,simulation
1979-06-27,0.0072133597,simulation
1979-06-28,0.008650217,simulation
1979-06-29,0.003599695,simulation
1979-06-30,0.00680313,simulation
1979-07-01,0.0063444907,simulation
1979-07-02,0.008466061,simulation
1979-07-03,0.009970885,simulation
1979-07-04,0.011106133,simulation
1979-07-05,0.009219646,simulation
1979-07-06,0.0065593645,simulation
1979-07-07,0.0016925813,simulation
1979-07-08,0.0024998323,simulation
1979-07-09,0.0026232067,simulation
1979-07-10,0.0013954279,simulation
1979-07-11,0.0009401624,simulation
1979-07-12,0.007269513,simulation
1979-07-13,0.003468097,simulation
1979-07-14,0.002248384,simulation
1979-07-15,0.0069402084,simulation
1979-07-16,0.006743312,simulation
1979-07-17,0.0071059074,simulation
1979-07-18,0.004613318,simulation
1979-07-19,0.0035048074,simulation
1979-07-20,0.0011419761,simulation
1979-07-21,0.0020201623,simulation
1979-07-22,0.00603975,simulation
1979-07-23,0.002923289,simulation
1979-07-24,0.003189435,simulation
1979-07-25,0.0018712498,simulation
1979-07-26,0.0031683098,simulation
1979-07-27,0.0034987044,simulation
1979-07-28,0.0037970794,simulation
1979-07-29,0.0064865146,simulation
1979-07-30,0.008029349,simulation
1979-07-31,0.008024607,simulation
1979-08-01,0.0075739454,simulation
1979-08-02,0.0045393705,simulation
1979-08-03,0.0052539096,simulation
1979-08-04,0.007564245,simulation
1979-08-05,0.008631043,simulation
1979-08-06,0.009272125,simulation
1979-08-07,0.009930134,simulation
1979-08-08,0.009494904,simulation
1979-08-09,0.008872874,simulation
1979-08-10,0.008374918,simulation
1979-08-11,0.0041607,simulation
1979-08-12,0.004953735,simulation
1979-08-13,0.0065728175,simulation
1979-08-14,0.007706335,simulation
1979-08-15,0.007991254,simulation
1979-08-16,0.007973034,simulation
1979-08-17,0.009637788,simulation
1979-08-18,0.00804954,simulation
1979-08-19,0.009009954,simulation
1979-08-20,0.005365805,simulation
1979-08-21,0.0069927275,simulation
1979-08-22,0.00439761,simulation
1979-08-23,0.0034022252,simulation
1979-08-24,0.0042164004,simulation
1979-08-25,0.0027631077,simulation
1979-08-26,0.0040071877,simulation
1979-08-27,0.0055189277,simulation
1979-08-28,0.006879855,simulation
1979-08-29,0.007133823,simulation
1979-08-30,0.008190248,simulation
1979-08-31,0.008169979,simulation
1979-09-01,0.006507567,simulation
1979-09-02,0.001656598,simulation
1979-09-03,0.0024972796,simulation
1979-09-04,0.0068534818,simulation
1979-09-05,0.0063212058,simulation
1979-09-06,0.005741876,simulation
1979-09-07,0.006563046,simulation
1979-09-08,0.009818032,simulation
1979-09-09,0.008031553,simulation
1979-09-10,0.009584989,simulation
1979-09-11,0.009958774,simulation
1979-09-12,0.0026802707,simulation
1979-09-13,0.0013264422,simulation
1979-09-14,0.0053363396,simulation
1979-09-15,0.008010123,simulation
1979-09-16,0.0024873056,simulation
1979-09-17,0.0007908092,simulation
1979-09-18,0.0008867344,simulation
1979-09-19,0.00095812394,simulation
1979-09-20,0.0008645054,simulation
1979-09-21,0.002762259,simulation
1979-09-22,0.0061011557,simulation
1979-09-23,0.007002808,simulation
1979-09-24,0.0045932243,simulation
1979-09-25,0.0038330741,simulation
1979-09-26,0.0017774941,simulation
1979-09-27,0.0033013092,simulation
1979-09-28,0.005131458,simulation
1979-09-29,0.0052230735,simulation
1979-09-30,0.006024413,simulation
1979-10-01,0.0067451242,simulation
1979-10-02,0.0073236898,simulation
1979-10-03,0.0066899657,simulation
1979-10-04,0.0035373678,simulation
1979-10-05,0.006021715,simulation
1979-10-06,0.0044467514,simulation
1979-10-07,0.0065761413,simulation
1979-10-08,0.0073276237,simulation
1979-10-09,0.0040036626,simulation
1979-10-10,0.0034728285,simulation
1979-10-11,0.0058022696,simulation
1979-10-12,0.0069585014,simulation
1979-10-13,0.0061211362,simulation
1979-10-14,0.0062707523,simulation
1979-10-15,0.005354124,simulation
1979-10-16,0.004182927,simulation
1979-10-17,0.0055118906,simulation
1979-10-18,0.0054148636,simulation
1979-10-19,0.0062437803,simulation
1979-10-20,0.0042373035,simulation
1979-10-21,0.0024488403,simulation
1979-10-22,0.0011320127,simulation
1979-10-23,0.0057241507,simulation
1979-10-24,0.0044578146,simulation
1979-10-25,0.0050243707,simulation
1979-10-26,0.0053257146,simulation
1979-10-27,0.0058660065,simulation
1979-10-28,0.005190743,simulation
1979-10-29,0.0013179333,simulation
1979-10-30,0.0021880243,simulation
1979-10-31,0.00095878285,simulation
1979-11-01,0.0026875741,simulation
1979-11-02,0.0050056465,simulation
1979-11-03,0.0037300186,simulation
1979-11-04,0.0041371416,simulation
1979-11-05,0.0022281471,simulation
1979-11-06,0.0011565877,simulation
1979-11-07,0.004008086,simulation
1979-11-08,0.001211805,simulation
1979-11-09,0.0011979402,simulation
1979-11-10,0.00071239675,simulation
1979-11-11,0.0011731981,simulation
1979-11-12,0.0030473038,simulation
1979-11-13,0.0031968972,simulation
1979-11-14,0.0028957801,simulation
1979-11-15,0.0028443444,simulation
1979-11-16,0.003512065,simulation
1979-11-17,0.002832047,simulation
1979-11-18,0.0025308845,simulation
1979-11-19,0.0036125435,simulation
1979-11-20,0.0018634264,simulation
1979-11-21,0.0017895482,simulation
1979-11-22,0.0008197886,simulation
1979-11-23,0.00020784413,simulation
1979-11-24,0.0012525324,simulation
1979-11-25,0.0003103186,simulation
1979-11-26,0.002553419,simulation
1979-11-27,0.002007604,simulation
1979-11-28,0.0032409963,simulation
1979-11-29,0.0022054543,simulation
1979-11-30,0.0010275072,simulation
1979-12-01,0.001797219,simulation
1979-12-02,0.002317681,simulation
1979-12-03,0.00086487766,simulation
1979-12-04,0.0018728502,simulation
1979-12-05,0.0023653796,simulation
1979-12-06,0.0006423517,simulation
1979-12-07,0.0021603813,simulation
1979-12-08,0.0026971907,simulation
1979-12-09,0.0026634552,simulation
1979-12-10,0.002804986,simulation
1979-12-11,0.0013668777,simulation
1979-12-12,0.00084399217,simulation
1979-12-13,0.00026138264,simulation
1979-12-14,0.0010960236,simulation
1979-12-15,0.00069924066,simulation
1979-12-16,0.0010698712,simulation
1979-12-17,0.0015584597,simulation
1979-12-18,0.0014120413,simulation
1979-12-19,0.0010000508,simulation
1979-12-20,0.0006941774,simulation
1979-12-21,0.0012423584,simulation
1979-12-22,0.0007134736,simulation
1979-12-23,0.00071765593,simulation
1979-12-24,0.0013157856,simulation
1979-12-25,0.0023848105,simulation
1979-12-26,0.0013061108,simulation
1979-12-27,0.00095261785,simulation
1979-12-28,0.0008507756,simulation
1979-12-29,0.00038123134,simulation
1979-12-30,0.0004783016,simulation
1979-12-31,0.00062682736,simulation
1980-01-01,0.0017135725,simulation
1980-01-02,0.001149358,simulation
1980-01-03,0.0006912196,simulation
1980-01-04,0.00058046635,simulation
1980-01-05,0.000790741,simulation
1980-01-06,0.0020493583,simulation
1980-01-07,0.0006019257,simulation
1980-01-08,0.00024944905,simulation
1980-01-09,0.00031748792,simulation
1980-01-10,0.00044761886,simulation
1980-01-11,0.0010728176,simulation
1980-01-12,0.0024260022,simulation
1980-01-13,0.0008892561,simulation
1980-01-14,0.0002650385,simulation
1980-01-15,0.0008157052,simulation
1980-01-16,0.0004014997,simulation
1980-01-17,0.00017228303,simulation
1980-01-18,0.00034103138,simulation
1980-01-19,0.00093677145,simulation
1980-01-20,0.0007525056,simulation
1980-01-21,0.000920316,simulation
1980-01-22,0.00036597904,simulation
1980-01-23,0.002320053,simulation
1980-01-24,0.0016951902,simulation
1980-01-25,0.00083726295,simulation
1980-01-26,0.00015513896,simulation
1980-01-27,0.00024887468,simulation
1980-01-28,0.00069435436,simulation
1980-01-29,0.00045267635,simulation
1980-01-30,0.0008759644,simulation
1980-01-31,0.00083294965,simulation
1980-02-01,0.0021811277,simulation
1980-02-02,0.00091321726,simulation
1980-02-03,0.0014730088,simulation
1980-02-04,0.0014348666,simulation
1980-02-05,0.00092954666,simulation
1980-02-06,0.00260519,simulation
1980-02-07,0.0016469806,simulation
1980-02-08,0.0008792119,simulation
1980-02-09,0.0002591668,simulation
1980-02-10,0.0005293596,simulation
1980-02-11,0.00058804563,simulation
1980-02-12,0.0008889501,simulation
1980-02-13,0.0009516352,simulation
1980-02-14,0.0031836953,simulation
1980-02-15,0.00091117644,simulation
1980-02-16,0.0008176036,simulation
1980-02-17,0.0026321479,simulation
1980-02-18,0.001946294,simulation
1980-02-19,0.0012808013,simulation
1980-02-20,0.0037856519,simulation
1980-02-21,0.0010380731,simulation
1980-02-22,0.0035623647,simulation
1980-02-23,0.0033806027,simulation
1980-02-24,0.003590356,simulation
1980-02-25,0.0047328174,simulation
1980-02-26,0.004007448,simulation
1980-02-27,0.004308363,simulation
1980-02-28,0.0060059577,simulation
1980-02-29,0.001127644,simulation
1980-03-01,0.0007531218,simulation
1980-03-02,0.0033525822,simulation
1980-03-03,0.0034864352,simulation
1980-03-04,0.00096258405,simulation
1980-03-05,0.0015143595,simulation
1980-03-06,0.0035431366,simulation
1980-03-07,0.00091329566,simulation
1980-03-08,0.002229668,simulation
1980-03-09,0.0018707693,simulation
1980-03-10,0.0024953664,simulation
1980-03-11,0.0013919612,simulation
1980-03-12,0.00064821076,simulation
1980-03-13,0.0015536607,simulation
1980-03-14,0.0029274265,simulation
1980-03-15,0.0021482469,simulation
1980-03-16,0.0013263287,simulation
1980-03-17,0.00080857304,simulation
1980-03-18,0.005279525,simulation
1980-03-19,0.000736472,simulation
1980-03-20,0.0008736305,simulation
1980-03-21,0.005764395,simulation
1980-03-22,0.00530814,simulation
1980-03-23,0.0018916785,simulation
1980-03-24,0.0042249192,simulation
1980-03-25,0.001339251,simulation
1980-03-26,0.0004576245,simulation
1980-03-27,0.00057984795,simulation
1980-03-28,0.0008185324,simulation
1980-03-29,0.0006610488,simulation
1980-03-30,0.004799025,simulation
1980-03-31,0.0024047524,simulation
1980-04-01,0.004854521,simulation
1980-04-02,0.00083892193,simulation
1980-04-03,0.0006513059,simulation
1980-04-04,0.0062658265,simulation
1980-04-05,0.0055386145,simulation
1980-04-06,0.0054228343,simulation
1980-04-07,0.0027123701,simulation
1980-04-08,0.006836081,simulation
1980-04-09,0.0072133504,simulation
1980-04-10,0.007267732,simulation
1980-04-11,0.0013029764,simulation
1980-04-12,0.00058780913,simulation
1980-04-13,0.00054123416,simulation
1980-04-14,0.0016464167,simulation
1980-04-15,0.0059112646,simulation
1980-04-16,0.005894823,simulation
1980-04-17,0.004302846,simulation
1980-04-18,0.001429954,simulation
1980-04-19,0.0046493,simulation
1980-04-20,0.006858321,simulation
1980-04-21,0.0071613863,simulation
1980-04-22,0.008453481,simulation
1980-04-23,0.006462289,simulation
1980-04-24,0.0064713396,simulation
1980-04-25,0.0017944532,simulation
1980-04-26,0.0038323232,simulation
1980-04-27,0.0011993813,simulation
1980-04-28,0.0060093887,simulation
1980-04-29,0.0083964355,simulation
1980-04-30,0.0023611498,simulation
1980-05-01,0.00097039825,simulation
1980-05-02,0.001956633,simulation
1980-05-03,0.003371717,simulation
1980-05-04,0.0058442876,simulation
1980-05-05,0.006641969,simulation
1980-05-06,0.0073366463,simulation
1980-05-07,0.0017820625,simulation
1980-05-08,0.0019574699,simulation
1980-05-09,0.009139504,simulation
1980-05-10,0.009412445,simulation
1980-05-11,0.008163992,simulation
1980-05-12,0.0035508443,simulation
1980-05-13,0.0013283787,simulation
1980-05-14,0.0013863614,simulation
1980-05-15,0.0013914839,simulation
1980-05-16,0.0010255653,simulation
1980-05-17,0.0029207396,simulation
1980-05-18,0.0052040834,simulation
1980-05-19,0.00090523757,simulation
1980-05-20,0.0029740366,simulation
1980-05-21,0.0036831303,simulation
1980-05-22,0.0032468345,simulation
1980-05-23,0.005871294,simulation
1980-05-24,0.0074927695,simulation
1980-05-25,0.0060322927,simulation
1980-05-26,0.009040467,simulation
1980-05-27,0.008185789,simulation
1980-05-28,0.007048946,simulation
1980-05-29,0.0070080757,simulation
1980-05-30,0.0040264186,simulation
1980-05-31,0.008208983,simulation
1980-06-01,0.00849906,simulation
1980-06-02,0.007761143,simulation
1980-06-03,0.007470038,simulation
1980-06-04,0.008720271,simulation
1980-06-05,0.0072210524,simulation
1980-06-06,0.008880012,simulation
1980-06-07,0.00492963,simulation
1980-06-08,0.0041441415,simulation
1980-06-09,0.004199664,simulation
1980-06-10,0.010490663,simulation
1980-06-11,0.010437898,simulation
1980-06-12,0.009894684,simulation
1980-06-13,0.010766365,simulation
1980-06-14,0.011333458,simulation
1980-06-15,0.011782356,simulation
1980-06-16,0.012229294,simulation
1980-06-17,0.010850549,simulation
1980-06-18,0.0053591016,simulation
1980-06-19,0.0037309902,simulation
1980-06-20,0.0018834481,simulation
1980-06-21,0.0051890295,simulation
1980-06-22,0.0070048664,simulation
1980-06-23,0.0042116,simulation
1980-06-24,0.0015206011,simulation
1980-06-25,0.0045420732,simulation
1980-06-26,0.006169186,simulation
1980-06-27,0.008917816,simulation
1980-06-28,0.00693872,simulation
1980-06-29,0.003707743,simulation
1980-06-30,0.010722518,simulation
1980-07-01,0.012501173,simulation
1980-07-02,0.011206433,simulation
1980-07-03,0.008485725,simulation
1980-07-04,0.012510389,simulation
1980-07-05,0.011160143,simulation
1980-07-06,0.011807673,simulation
1980-07-07,0.010861225,simulation
1980-07-08,0.004505009,simulation
1980-07-09,0.012402542,simulation
1980-07-10,0.011961266,simulation
1980-07-11,0.014188185,simulation
1980-07-12,0.014049038,simulation
1980-07-13,0.015406221,simulation
1980-07-14,0.01573202,simulation
1980-07-15,0.015328735,simulation
1980-07-16,0.013163917,simulation
1980-07-17,0.009318095,simulation
1980-07-18,0.008369458,simulation
1980-07-19,0.012566447,simulation
1980-07-20,0.005900236,simulation
1980-07-21,0.0015013075,simulation
1980-07-22,0.0016661279,simulation
1980-07-23,0.004083996,simulation
1980-07-24,0.007562464,simulation
1980-07-25,0.007801017,simulation
1980-07-26,0.007023313,simulation
1980-07-27,0.0024398875,simulation
1980-07-28,0.0049274685,simulation
1980-07-29,0.0096942,simulation
1980-07-30,0.012052521,simulation
1980-07-31,0.010886118,simulation
1980-08-01,0.011089966,simulation
1980-08-02,0.010132242,simulation
1980-08-03,0.0067538875,simulation
1980-08-04,0.0076950192,simulation
1980-08-05,0.009260818,simulation
1980-08-06,0.011017565,simulation
1980-08-07,0.011995144,simulation
1980-08-08,0.012553588,simulation
1980-08-09,0.0073387474,simulation
1980-08-10,0.0040365485,simulation
1980-08-11,0.0043138373,simulation
1980-08-12,0.010452583,simulation
1980-08-13,0.010285724,simulation
1980-08-14,0.009849157,simulation
1980-08-15,0.01065971,simulation
1980-08-16,0.008192645,simulation
1980-08-17,0.009095315,simulation
1980-08-18,0.010560092,simulation
1980-08-19,0.010818925,simulation
1980-08-20,0.011094138,simulation
1980-08-21,0.013348632,simulation
1980-08-22,0.01564531,simulation
1980-08-23,0.01351431,simulation
1980-08-24,0.011773262,simulation
1980-08-25,0.011568923,simulation
1980-08-26,0.010917719,simulation
1980-08-27,0.0035282827,simulation
1980-08-28,0.0058489763,simulation
1980-08-29,0.008694197,simulation
1980-08-30,0.008102661,simulation
1980-08-31,0.010956217,simulation
1980-09-01,0.010452341,simulation
1980-09-02,0.008738232,simulation
1980-09-03,0.011781868,simulation
1980-09-04,0.0092380205,simulation
1980-09-05,0.006470565,simulation
1980-09-06,0.0037881294,simulation
1980-09-07,0.010985892,simulation
1980-09-08,0.008971987,simulation
1980-09-09,0.012067042,simulation
1980-09-10,0.012980372,simulation
1980-09-11,0.011782302,simulation
1980-09-12,0.011437327,simulation
1980-09-13,0.011804806,simulation
1980-09-14,0.012415614,simulation
1980-09-15,0.014093135,simulation
1980-09-16,0.012494341,simulation
1980-09-17,0.001179766,simulation
1980-09-18,0.00330849,simulation
1980-09-19,0.0016165195,simulation
1980-09-20,0.0032658894,simulation
1980-09-21,0.0060971077,simulation
1980-09-22,0.009907246,simulation
1980-09-23,0.010201564,simulation
1980-09-24,0.006018034,simulation
1980-09-25,0.0069801784,simulation
1980-09-26,0.0026873462,simulation
1980-09-27,0.0054082,simulation
1980-09-28,0.0015466207,simulation
1980-09-29,0.00092978636,simulation
1980-09-30,0.000920316,simulation
1980-10-01,0.0035175572,simulation
1980-10-02,0.00811799,simulation
1980-10-03,0.007524734,simulation
1980-10-04,0.008990891,simulation
1980-10-05,0.010142276,simulation
1980-10-06,0.009035264,simulation
1980-10-07,0.008611696,simulation
1980-10-08,0.009312451,simulation
1980-10-09,0.00863779,simulation
1980-10-10,0.008693828,simulation
1980-10-11,0.010841731,simulation
1980-10-12,0.0090609975,simulation
1980-10-13,0.008540124,simulation
1980-10-14,0.009060192,simulation
1980-10-15,0.008889647,simulation
1980-10-16,0.0020630544,simulation
1980-10-17,0.0010133818,simulation
1980-10-18,0.000796138,simulation
1980-10-19,0.0017471869,simulation
1980-10-20,0.0011747102,simulation
1980-10-21,0.0050714314,simulation
1980-10-22,0.0072875987,simulation
1980-10-23,0.007151812,simulation
1980-10-24,0.0022608817,simulation
1980-10-25,0.0061748894,simulation
1980-10-26,0.0021124273,simulation
1980-10-27,0.0014046738,simulation
1980-10-28,0.0007071597,simulation
1980-10-29,0.0007293722,simulation
1980-10-30,0.0053267865,simulation
1980-10-31,0.005096109,simulation
1980-11-01,0.0010730026,simulation
1980-11-02,0.0011314288,simulation
1980-11-03,0.0013525299,simulation
1980-11-04,0.0040447228,simulation
1980-11-05,0.0054562534,simulation
1980-11-06,0.0059568165,simulation
1980-11-07,0.0069116666,simulation
1980-11-08,0.0059803217,simulation
1980-11-09,0.0026045248,simulation
1980-11-10,0.0016428959,simulation
1980-11-11,0.0049171145,simulation
1980-11-12,0.002841205,simulation
1980-11-13,0.0022570293,simulation
1980-11-14,0.0021285366,simulation
1980-11-15,0.0005031063,simulation
1980-11-16,0.00066130684,simulation
1980-11-17,0.0006776328,simulation
1980-11-18,0.00079964206,simulation
1980-11-19,0.0016090603,simulation
1980-11-20,0.00097474747,simulation
1980-11-21,0.0010192363,simulation
1980-11-22,0.00082851574,simulation
1980-11-23,0.00027874485,simulation
1980-11-24,0.0007252371,simulation
1980-11-25,0.0017647657,simulation
1980-11-26,0.00058896176,simulation
1980-11-27,0.0005964877,simulation
1980-11-28,0.0012623549,simulation
1980-11-29,0.0030610713,simulation
1980-11-30,0.0033431312,simulation
1980-12-01,0.0021077432,simulation
1980-12-02,0.0009828289,simulation
1980-12-03,0.002909832,simulation
1980-12-04,0.0023968287,simulation
1980-12-05,0.0017243116,simulation
1980-12-06,0.0016689837,simulation
1980-12-07,0.0013099277,simulation
1980-12-08,0.0017290406,simulation
1980-12-09,0.0006435771,simulation
1980-12-10,0.00082275824,simulation
1980-12-11,0.001281901,simulation
1980-12-12,0.0022428283,simulation
1980-12-13,0.0011103376,simulation
1980-12-14,0.0012438524,simulation
1980-12-15,0.0018204263,simulation
1980-12-16,0.0013093655,simulation
1980-12-17,0.0020763092,simulation
1980-12-18,0.0034546228,simulation
1980-12-19,0.00073803077,simulation
1980-12-20,0.0014131318,simulation
1980-12-21,0.0018662964,simulation
1980-12-22,0.00084500975,simulation
1980-12-23,0.0010292755,simulation
1980-12-24,0.0014948873,simulation
1980-12-25,0.0019322066,simulation
1980-12-26,0.00078992435,simulation
1980-12-27,0.0018710901,simulation
1980-12-28,0.0014789553,simulation
1980-12-29,0.0017835875,simulation
1980-12-30,0.0015273925,simulation
1980-12-31,0.0016314003,simulation
1981-01-01,0.0019351819,simulation
1981-01-02,0.0017053786,simulation
1981-01-03,0.0020718814,simulation
1981-01-04,0.0028593647,simulation
1981-01-05,0.0012836625,simulation
1981-01-06,0.0009264331,simulation
1981-01-07,0.0010921682,simulation
1981-01-08,0.0011899426,simulation
1981-01-09,0.0012387374,simulation
1981-01-10,0.0024187788,simulation
1981-01-11,0.0009981609,simulation
1981-01-12,0.001718419,simulation
1981-01-13,0.002628792,simulation
1981-01-14,0.0016417708,simulation
1981-01-15,0.0020163702,simulation
1981-01-16,0.0020374903,simulation
1981-01-17,0.001840621,simulation
1981-01-18,0.0015423864,simulation
1981-01-19,0.0011301656,simulation
1981-01-20,0.00043891088,simulation
1981-01-21,0.0005412499,simulation
1981-01-22,0.0005044441,simulation
1981-01-23,0.0019774747,simulation
1981-01-24,0.0024765257,simulation
1981-01-25,0.0026625493,simulation
1981-01-26,0.0013061108,simulation
1981-01-27,0.000727678,simulation
1981-01-28,0.002895535,simulation
1981-01-29,0.0029704862,simulation
1981-01-30,0.0008912482,simulation
1981-01-31,0.00092213857,simulation
1981-02-01,0.00076127384,simulation
1981-02-02,0.0020060618,simulation
1981-02-03,0.0017154795,simulation
1981-02-04,0.0011476805,simulation
1981-02-05,0.00083424075,simulation
1981-02-06,0.00076600874,simulation
1981-02-07,0.00046243842,simulation
1981-02-08,0.0019725808,simulation
1981-02-09,0.0018148292,simulation
1981-02-10,0.000817533,simulation
1981-02-11,0.0022245387,simulation
1981-02-12,0.0014204216,simulation
1981-02-13,0.0013658225,simulation
1981-02-14,0.0012099334,simulation
1981-02-15,0.0007048072,simulation
1981-02-16,0.00064002955,simulation
1981-02-17,0.0008216964,simulation
1981-02-18,0.0007723681,simulation
1981-02-19,0.0020609414,simulation
1981-02-20,0.004574962,simulation
1981-02-21,0.0014702334,simulation
1981-02-22,0.002060765,simulation
1981-02-23,0.005066356,simulation
1981-02-24,0.0045865425,simulation
1981-02-25,0.0020928606,simulation
1981-02-26,0.0049758614,simulation
1981-02-27,0.0053608604,simulation
1981-02-28,0.0031728658,simulation
1981-03-01,0.00074415916,simulation
1981-03-02,0.0038377482,simulation
1981-03-03,0.0013954279,simulation
1981-03-04,0.0010179224,simulation
1981-03-05,0.0041850633,simulation
1981-03-06,0.0033973516,simulation
1981-03-07,0.0023779103,simulation
1981-03-08,0.00278835,simulation
1981-03-09,0.004759507,simulation
1981-03-10,0.0020340132,simulation
1981-03-11,0.0040130825,simulation
1981-03-12,0.002404397,simulation
1981-03-13,0.0015513991,simulation
1981-03-14,0.0058649136,simulation
1981-03-15,0.0037059805,simulation
1981-03-16,0.006397562,simulation
1981-03-17,0.006073664,simulation
1981-03-18,0.0037536907,simulation
1981-03-19,0.0062162895,simulation
1981-03-20,0.0048039323,simulation
1981-03-21,0.0013307738,simulation
1981-03-22,0.0012079609,simulation
1981-03-23,0.005409508,simulation
1981-03-24,0.0056983326,simulation
1981-03-25,0.0030742942,simulation
1981-03-26,0.006315658,simulation
1981-03-27,0.0041245962,simulation
1981-03-28,0.0026953565,simulation
1981-03-29,0.0014098634,simulation
1981-03-30,0.0070922375,simulation
1981-03-31,0.003906795,simulation
1981-04-01,0.0039370186,simulation
1981-04-02,0.005778485,simulation
1981-04-03,0.003049964,simulation
1981-04-04,0.0047285864,simulation
1981-04-05,0.0068014544,simulation
1981-04-06,0.006271271,simulation
1981-04-07,0.0034218614,simulation
1981-04-08,0.002138552,simulation
1981-04-09,0.0036976365,simulation
1981-04-10,0.0052909516,simulation
1981-04-11,0.0025045192,simulation
1981-04-12,0.0034034066,simulation
1981-04-13,0.0044683972,simulation
1981-04-14,0.0037466863,simulation
1981-04-15,0.008250002,simulation
1981-04-16,0.0034893402,simulation
1981-04-17,0.004172207,simulation
1981-04-18,0.0022562593,simulation
1981-04-19,0.00375715,simulation
1981-04-20,0.004973678,simulation
1981-04-21,0.0061391434,simulation
1981-04-22,0.0016780095,simulation
1981-04-23,0.00131782,simulation
1981-04-24,0.0027992711,simulation
1981-04-25,0.00337339,simulation
1981-04-26,0.008994535,simulation
1981-04-27,0.009442512,simulation
1981-04-28,0.001703044,simulation
1981-04-29,0.003073039,simulation
1981-04-30,0.002707072,simulation
1981-05-01,0.002783378,simulation
1981-05-02,0.0066084377,simulation
1981-05-03,0.004819178,simulation
1981-05-04,0.003434052,simulation
1981-05-05,0.0012595407,simulation
1981-05-06,0.0012657192,simulation
1981-05-07,0.0012779457,simulation
1981-05-08,0.00332788,simulation
1981-05-09,0.0017309648,simulation
1981-05-10,0.0059207925,simulation
1981-05-11,0.0054253316,simulation
1981-05-12,0.0095427185,simulation
1981-05-13,0.009227097,simulation
1981-05-14,0.0052150046,simulation
1981-05-15,0.009376068,simulation
1981-05-16,0.0018252593,simulation
1981-05-17,0.008390009,simulation
1981-05-18,0.005932133,simulation
1981-05-19,0.007654978,simulation
1981-05-20,0.0014328995,simulation
1981-05-21,0.007769946,simulation
1981-05-22,0.005378762,simulation
1981-05-23,0.0030372723,simulation
1981-05-24,0.005689826,simulation
1981-05-25,0.0039636525,simulation
1981-05-26,0.0046021594,simulation
1981-05-27,0.0034702194,simulation
1981-05-28,0.009819992,simulation
1981-05-29,0.008211937,simulation
1981-05-30,0.004876193,simulation
1981-05-31,0.005223045,simulation
1981-06-01,0.004511648,simulation
1981-06-02,0.0043941704,simulation
1981-06-03,0.0036403693,simulation
1981-06-04,0.0015271307,simulation
1981-06-05,0.0014016653,simulation
1981-06-06,0.0057761585,simulation
1981-06-07,0.0040875175,simulation
1981-06-08,0.0057313372,simulation
1981-06-09,0.0063014347,simulation
1981-06-10,0.0058684507,simulation
1981-06-11,0.0036463693,simulation
1981-06-12,0.0040001925,simulation
1981-06-13,0.0062910244,simulation
1981-06-14,0.008572891,simulation
1981-06-15,0.008630272,simulation
1981-06-16,0.009075239,simulation
1981-06-17,0.0062542744,simulation
1981-06-18,0.01133322,simulation
1981-06-19,0.008480817,simulation
1981-06-20,0.0062847584,simulation
1981-06-21,0.011296928,simulation
1981-06-22,0.010277621,simulation
1981-06-23,0.009613834,simulation
1981-06-24,0.004297771,simulation
1981-06-25,0.0062606735,simulation
1981-06-26,0.008844346,simulation
1981-06-27,0.00963464,simulation
1981-06-28,0.011486396,simulation
1981-06-29,0.008384895,simulation
1981-06-30,0.009648893,simulation
1981-07-01,0.00094429596,simulation
1981-07-02,0.0022243492,simulation
1981-07-03,0.004364795,simulation
1981-07-04,0.0032564967,simulation
1981-07-05,0.0017825195,simulation
1981-07-06,0.0038405163,simulation
1981-07-07,0.008054037,simulation
1981-07-08,0.008188311,simulation
1981-07-09,0.010892808,simulation
1981-07-10,0.009700283,simulation
1981-07-11,0.007165849,simulation
1981-07-12,0.009452168,simulation
1981-07-13,0.010000758,simulation
1981-07-14,0.009388998,simulation
1981-07-15,0.0105487555,simulation
1981-07-16,0.009398185,simulation
1981-07-17,0.008842293,simulation
1981-07-18,0.009470753,simulation
1981-07-19,0.010933198,simulation
1981-07-20,0.011521898,simulation
1981-07-21,0.009415016,simulation
1981-07-22,0.011782303,simulation
1981-07-23,0.012738295,simulation
1981-07-24,0.012935191,simulation
1981-07-25,0.007892304,simulation
1981-07-26,0.009297591,simulation
1981-07-27,0.009515662,simulation
1981-07-28,0.009026157,simulation
1981-07-29,0.0067100893,simulation
1981-07-30,0.010095134,simulation
1981-07-31,0.012284532,simulation
1981-08-01,0.009726629,simulation
1981-08-02,0.010203231,simulation
1981-08-03,0.0096326675,simulation
1981-08-04,0.0077938605,simulation
1981-08-05,0.010857873,simulation
1981-08-06,0.0072243647,simulation
1981-08-07,0.0078075835,simulation
1981-08-08,0.008298831,simulation
1981-08-09,0.009913739,simulation
1981-08-10,0.008125979,simulation
1981-08-11,0.011946857,simulation
1981-08-12,0.012292273,simulation
1981-08-13,0.011592586,simulation
1981-08-14,0.008282007,simulation
1981-08-15,0.012674786,simulation
1981-08-16,0.0071436213,simulation
1981-08-17,0.002902674,simulation
1981-08-18,0.00687449,simulation
1981-08-19,0.0016724163,simulation
1981-08-20,0.0023365263,simulation
1981-08-21,0.003970402,simulation
1981-08-22,0.0019963167,simulation
1981-08-23,0.00697351,simulation
1981-08-24,0.007945632,simulation
1981-08-25,0.012138002,simulation
1981-08-26,0.012582611,simulation
1981-08-27,0.011334475,simulation
1981-08-28,0.003175288,simulation
1981-08-29,0.002698797,simulation
1981-08-30,0.007998427,simulation
1981-08-31,0.003103686,simulation
1981-09-01,0.002082345,simulation
1981-09-02,0.0020263842,simulation
1981-09-03,0.0009199994,simulation
1981-09-04,0.0030955367,simulation
1981-09-05,0.010243941,simulation
1981-09-06,0.008566953,simulation
1981-09-07,0.009078523,simulation
1981-09-08,0.0039056384,simulation
1981-09-09,0.010532044,simulation
1981-09-10,0.010013215,simulation
1981-09-11,0.010315102,simulation
1981-09-12,0.0077601317,simulation
1981-09-13,0.005311318,simulation
1981-09-14,0.0048459433,simulation
1981-09-15,0.0010271535,simulation
1981-09-16,0.005492401,simulation
1981-09-17,0.00894583,simulation
1981-09-18,0.008927338,simulation
1981-09-19,0.008160272,simulation
1981-09-20,0.005702588,simulation
1981-09-21,0.008334088,simulation
1981-09-22,0.009228416,simulation
1981-09-23,0.010168988,simulation
1981-09-24,0.00865021,simulation
1981-09-25,0.008824011,simulation
1981-09-26,0.00757288,simulation
1981-09-27,0.008729613,simulation
1981-09-28,0.009998299,simulation
1981-09-29,0.0106857605,simulation
1981-09-30,0.010327645,simulation
1981-10-01,0.005427654,simulation
1981-10-02,0.011749558,simulation
1981-10-03,0.007939709,simulation
1981-10-04,0.009920284,simulation
1981-10-05,0.010581225,simulation
1981-10-06,0.004607654,simulation
1981-10-07,0.0020887556,simulation
1981-10-08,0.0006965175,simulation
1981-10-09,0.0007590477,simulation
1981-10-10,0.0013079054,simulation
1981-10-11,0.0017014418,simulation
1981-10-12,0.0009719011,simulation
1981-10-13,0.007694508,simulation
1981-10-14,0.0024198098,simulation
1981-10-15,0.0043160166,simulation
1981-10-16,0.0043524737,simulation
1981-10-17,0.006770394,simulation
1981-10-18,0.002724621,simulation
1981-10-19,0.007578223,simulation
1981-10-20,0.006753222,simulation
1981-10-21,0.0027978441,simulation
1981-10-22,0.0015979357,simulation
1981-10-23,0.0019118369,simulation
1981-10-24,0.0030735598,simulation
1981-10-25,0.0007309446,simulation
1981-10-26,0.0007000071,simulation
1981-10-27,0.002909584,simulation
1981-10-28,0.0024132223,simulation
1981-10-29,0.0054405327,simulation
1981-10-30,0.0033340848,simulation
1981-10-31,0.0035917924,simulation
1981-11-01,0.0015608657,simulation
1981-11-02,0.0012199485,simulation
1981-11-03,0.0031565009,simulation
1981-11-04,0.002115133,simulation
1981-11-05,0.002749284,simulation
1981-11-06,0.0059152544,simulation
1981-11-07,0.003626569,simulation
1981-11-08,0.0053715375,simulation
1981-11-09,0.00084333884,simulation
1981-11-10,0.0032246462,simulation
1981-11-11,0.0050277854,simulation
1981-11-12,0.0014536895,simulation
1981-11-13,0.001346394,simulation
1981-11-14,0.0039697313,simulation
1981-11-15,0.0020586546,simulation
1981-11-16,0.0014451146,simulation
1981-11-17,0.0033079295,simulation
1981-11-18,0.004131517,simulation
1981-11-19,0.002578284,simulation
1981-11-20,0.0035193432,simulation
1981-11-21,0.0017673338,simulation
1981-11-22,0.0022504933,simulation
1981-11-23,0.0018786239,simulation
1981-11-24,0.0028695837,simulation
1981-11-25,0.0041419696,simulation
1981-11-26,0.0017489817,simulation
1981-11-27,0.00090554915,simulation
1981-11-28,0.0017203316,simulation
1981-11-29,0.0013180461,simulation
1981-11-30,0.0013245092,simulation
1981-12-01,0.00328142,simulation
1981-12-02,0.0024378104,simulation
1981-12-03,0.004558138,simulation
1981-12-04,0.0050127143,simulation
1981-12-05,0.002211672,simulation
1981-12-06,0.00091337453,simulation
1981-12-07,0.0029516341,simulation
1981-12-08,0.0047771474,simulation
1981-12-09,0.0036271818,simulation
1981-12-10,0.0022954603,simulation
1981-12-11,0.0011181884,simulation
1981-12-12,0.0005963485,simulation
1981-12-13,0.00036368717,simulation
1981-12-14,0.00038497747,simulation
1981-12-15,0.001973255,simulation
1981-12-16,0.0024477972,simulation
1981-12-17,0.0010357552,simulation
1981-12-18,0.002229668,simulation
1981-12-19,0.0014728827,simulation
1981-12-20,0.0013055503,simulation
1981-12-21,0.0010275072,simulation
1981-12-22,0.0015868869,simulation
1981-12-23,0.0009770137,simulation
1981-12-24,0.0007064901,simulation
1981-12-25,0.0011840297,simulation
1981-12-26,0.0007897883,simulation
1981-12-27,0.0016010868,simulation
1981-12-28,0.0012087909,simulation
1981-12-29,0.0017345242,simulation
1981-12-30,0.0009966167,simulation
1981-12-31,0.00028376209,simulation
1982-01-01,0.00021881796,simulation
1982-01-02,0.00035914764,simulation
1982-01-03,0.00096706534,simulation
1982-01-04,0.0036986957,simulation
1982-01-05,0.0025939092,simulation
1982-01-06,0.0011025416,simulation
1982-01-07,0.00063549535,simulation
1982-01-08,0.0012363994,simulation
1982-01-09,0.0019817033,simulation
1982-01-10,0.002121281,simulation
1982-01-11,0.0012500614,simulation
1982-01-12,0.0005548886,simulation
1982-01-13,0.00024777543,simulation
1982-01-14,0.0007936742,simulation
1982-01-15,0.001648815,simulation
1982-01-16,0.0012527474,simulation
1982-01-17,0.0014645727,simulation
1982-01-18,0.00097374216,simulation
1982-01-19,0.0018869943,simulation
1982-01-20,0.0008855144,simulation
1982-01-21,0.00078958424,simulation
1982-01-22,0.0012588922,simulation
1982-01-23,0.0012900687,simulation
1982-01-24,0.0024517619,simulation
1982-01-25,0.0018941052,simulation
1982-01-26,0.00296633,simulation
1982-01-27,0.0034215946,simulation
1982-01-28,0.0009859612,simulation
1982-01-29,0.0024091133,simulation
1982-01-30,0.0016450075,simulation
1982-01-31,0.0009329915,simulation
1982-02-01,0.0012864199,simulation
1982-02-02,0.0004310598,simulation
1982-02-03,0.00050024124,simulation
1982-02-04,0.0007484005,simulation
1982-02-05,0.0009317083,simulation
1982-02-06,0.00066755357,simulation
1982-02-07,0.0019574699,simulation
1982-02-08,0.0013345479,simulation
1982-02-09,0.00061778526,simulation
1982-02-10,0.0021620414,simulation
1982-02-11,0.003288499,simulation
1982-02-12,0.0007921722,simulation
1982-02-13,0.0009624185,simulation
1982-02-14,0.0013906483,simulation
1982-02-15,0.000968397,simulation
1982-02-16,0.00197832,simulation
1982-02-17,0.0012628969,simulation
1982-02-18,0.0018675734,simulation
1982-02-19,0.002857899,simulation
1982-02-20,0.0019155985,simulation
1982-02-21,0.005258779,simulation
1982-02-22,0.0044601075,simulation
1982-02-23,0.0049347216,simulation
1982-02-24,0.0037359926,simulation
1982-02-25,0.0020293281,simulation
1982-02-26,0.00084159814,simulation
1982-02-27,0.0005521807,simulation
1982-02-28,0.0006067278,simulation
1982-03-01,0.002801638,simulation
1982-03-02,0.0038140588,simulation
1982-03-03,0.0019418082,simulation
1982-03-04,0.002175552,simulation
1982-03-05,0.0018344931,simulation
1982-03-06,0.0008026081,simulation
1982-03-07,0.003918596,simulation
1982-03-08,0.0043239677,simulation
1982-03-09,0.0021327196,simulation
1982-03-10,0.0037858526,simulation
1982-03-11,0.0016201228,simulation
1982-03-12,0.0024503013,simulation
1982-03-13,0.0012688739,simulation
1982-03-14,0.0029922477,simulation
1982-03-15,0.0041234964,simulation
1982-03-16,0.003518655,simulation
1982-03-17,0.0020331445,simulation
1982-03-18,0.0033340324,simulation
1982-03-19,0.006532044,simulation
1982-03-20,0.0046390602,simulation
1982-03-21,0.00078160205,simulation
1982-03-22,0.0007800551,simulation
1982-03-23,0.0030608445,simulation
1982-03-24,0.00079552154,simulation
1982-03-25,0.0031119375,simulation
1982-03-26,0.0059232675,simulation
1982-03-27,0.002370223,simulation
1982-03-28,0.0049347836,simulation
1982-03-29,0.0033139954,simulation
1982-03-30,0.0019361745,simulation
1982-03-31,0.0020282883,simulation
1982-04-01,0.003394848,simulation
1982-04-02,0.002925439,simulation
1982-04-03,0.006879499,simulation
1982-04-04,0.002221315,simulation
1982-04-05,0.00326474,simulation
1982-04-06,0.0064052194,simulation
1982-04-07,0.0048404234,simulation
1982-04-08,0.0021480643,simulation
1982-04-09,0.004987512,simulation
1982-04-10,0.0024013268,simulation
1982-04-11,0.007249439,simulation
1982-04-12,0.0064505897,simulation
1982-04-13,0.0030110984,simulation
1982-04-14,0.0024007128,simulation
1982-04-15,0.0013913641,simulation
1982-04-16,0.0041930755,simulation
1982-04-17,0.0015421221,simulation
1982-04-18,0.005412947,simulation
1982-04-19,0.0015151383,simulation
1982-04-20,0.0013860043,simulation
1982-04-21,0.0010123363,simulation
1982-04-22,0.0021865314,simulation
1982-04-23,0.0067204535,simulation
1982-04-24,0.0038529166,simulation
1982-04-25,0.0035672598,simulation
1982-04-26,0.00497496,simulation
1982-04-27,0.0037006412,simulation
1982-04-28,0.0057036476,simulation
1982-04-29,0.002861922,simulation
1982-04-30,0.0018768576,simulation
1982-05-01,0.0019355125,simulation
1982-05-02,0.0018783028,simulation
1982-05-03,0.0072199367,simulation
1982-05-04,0.0076297745,simulation
1982-05-05,0.005918978,simulation
1982-05-06,0.0048208563,simulation
1982-05-07,0.0012300463,simulation
1982-05-08,0.008150015,simulation
1982-05-09,0.008989595,simulation
1982-05-10,0.0054275435,simulation
1982-05-11,0.0081597455,simulation
1982-05-12,0.004460997,simulation
1982-05-13,0.006103426,simulation
1982-05-14,0.002025346,simulation
1982-05-15,0.0066344673,simulation
1982-05-16,0.008850023,simulation
1982-05-17,0.0077256337,simulation
1982-05-18,0.0036893869,simulation
1982-05-19,0.006889619,simulation
1982-05-20,0.0073004737,simulation
1982-05-21,0.009539042,simulation
1982-05-22,0.0055168346,simulation
1982-05-23,0.0068560764,simulation
1982-05-24,0.005698223,simulation
1982-05-25,0.0062841047,simulation
1982-05-26,0.0041359956,simulation
1982-05-27,0.0074220113,simulation
1982-05-28,0.0049523874,simulation
1982-05-29,0.009856626,simulation
1982-05-30,0.010361724,simulation
1982-05-31,0.00615489,simulation
1982-06-01,0.00678909,simulation
1982-06-02,0.01086282,simulation
1982-06-03,0.009630252,simulation
1982-06-04,0.0081581585,simulation
1982-06-05,0.009036943,simulation
1982-06-06,0.010003641,simulation
1982-06-07,0.0102457665,simulation
1982-06-08,0.007384099,simulation
1982-06-09,0.01046402,simulation
1982-06-10,0.007840879,simulation
1982-06-11,0.008901712,simulation
1982-06-12,0.006010569,simulation
1982-06-13,0.00412943,simulation
1982-06-14,0.01040443,simulation
1982-06-15,0.008235116,simulation
1982-06-16,0.001423226,simulation
1982-06-17,0.006777227,simulation
1982-06-18,0.009090129,simulation
1982-06-19,0.005481599,simulation
1982-06-20,0.008578224,simulation
1982-06-21,0.004802141,simulation
1982-06-22,0.003088456,simulation
1982-06-23,0.010595165,simulation
1982-06-24,0.009934414,simulation
1982-06-25,0.00504364,simulation
1982-06-26,0.0034288259,simulation
1982-06-27,0.002091968,simulation
1982-06-28,0.004281995,simulation
1982-06-29,0.0031836417,simulation
1982-06-30,0.0055001294,simulation
1982-07-01,0.007561531,simulation
1982-07-02,0.010544106,simulation
1982-07-03,0.012144677,simulation
1982-07-04,0.0074273665,simulation
1982-07-05,0.011145011,simulation
1982-07-06,0.008236164,simulation
1982-07-07,0.00989363,simulation
1982-07-08,0.007258417,simulation
1982-07-09,0.0055789626,simulation
1982-07-10,0.009197945,simulation
1982-07-11,0.008773066,simulation
1982-07-12,0.0050876737,simulation
1982-07-13,0.0045692297,simulation
1982-07-14,0.006719506,simulation
1982-07-15,0.0066405656,simulation
1982-07-16,0.006867958,simulation
1982-07-17,0.0064391587,simulation
1982-07-18,0.009742245,simulation
1982-07-19,0.009418216,simulation
1982-07-20,0.008111808,simulation
1982-07-21,0.00913154,simulation
1982-07-22,0.0077198707,simulation
1982-07-23,0.007022517,simulation
1982-07-24,0.0070366617,simulation
1982-07-25,0.005575459,simulation
1982-07-26,0.007999923,simulation
1982-07-27,0.007932765,simulation
1982-07-28,0.0049543004,simulation
1982-07-29,0.005000555,simulation
1982-07-30,0.0030447543,simulation
1982-07-31,0.0033403188,simulation
1982-08-01,0.00094397116,simulation
1982-08-02,0.002935759,simulation
1982-08-03,0.007828552,simulation
1982-08-04,0.007511951,simulation
1982-08-05,0.008110069,simulation
1982-08-06,0.0015889273,simulation
1982-08-07,0.0068291854,simulation
1982-08-08,0.006178189,simulation
1982-08-09,0.005428301,simulation
1982-08-10,0.0069795605,simulation
1982-08-11,0.0037342561,simulation
1982-08-12,0.005207338,simulation
1982-08-13,0.0044235517,simulation
1982-08-14,0.0017050868,simulation
1982-08-15,0.004380379,simulation
1982-08-16,0.0017468871,simulation
1982-08-17,0.0034056436,simulation
1982-08-18,0.0068925805,simulation
1982-08-19,0.00866304,simulation
1982-08-20,0.008254882,simulation
1982-08-21,0.0070429575,simulation
1982-08-22,0.0066634407,simulation
1982-08-23,0.008399017,simulation
1982-08-24,0.0083693825,simulation
1982-08-25,0.010418117,simulation
1982-08-26,0.0097057745,simulation
1982-08-27,0.009589151,simulation
1982-08-28,0.005232831,simulation
1982-08-29,0.008302361,simulation
1982-08-30,0.0058369148,simulation
1982-08-31,0.007650826,simulation
1982-09-01,0.007659834,simulation
1982-09-02,0.008934122,simulation
1982-09-03,0.004856451,simulation
1982-09-04,0.0071246643,simulation
1982-09-05,0.009524122,simulation
1982-09-06,0.008446883,simulation
1982-09-07,0.008885197,simulation
1982-09-08,0.005339862,simulation
1982-09-09,0.0025714908,simulation
1982-09-10,0.0012649586,simulation
1982-09-11,0.0015056883,simulation
1982-09-12,0.0015199502,simulation
1982-09-13,0.005230071,simulation
1982-09-14,0.0058288984,simulation
1982-09-15,0.006615105,simulation
1982-09-16,0.009717166,simulation
1982-09-17,0.0062273345,simulation
1982-09-18,0.008097375,simulation
1982-09-19,0.0046345294,simulation
1982-09-20,0.0017764304,simulation
1982-09-21,0.00777586,simulation
1982-09-22,0.00810409,simulation
1982-09-23,0.008119402,simulation
1982-09-24,0.0020449874,simulation
1982-09-25,0.0061119567,simulation
1982-09-26,0.0033482308,simulation
1982-09-27,0.006590082,simulation
1982-09-28,0.008874904,simulation
1982-09-29,0.0075299004,simulation
1982-09-30,0.008956315,simulation
1982-10-01,0.00801795,simulation
1982-10-02,0.0065531856,simulation
1982-10-03,0.0058742175,simulation
1982-10-04,0.008798106,simulation
1982-10-05,0.0062539103,simulation
1982-10-06,0.0010267122,simulation
1982-10-07,0.0007662072,simulation
1982-10-08,0.001396026,simulation
1982-10-09,0.0048364755,simulation
1982-10-10,0.0036793507,simulation
1982-10-11,0.0038705403,simulation
1982-10-12,0.0009357247,simulation
1982-10-13,0.0007858533,simulation
1982-10-14,0.0061162394,simulation
1982-10-15,0.006316277,simulation
1982-10-16,0.0067604966,simulation
1982-10-17,0.0015886553,simulation
1982-10-18,0.004420786,simulation
1982-10-19,0.0057363478,simulation
1982-10-20,0.0013905294,simulation
1982-10-21,0.0060901623,simulation
1982-10-22,0.005321659,simulation
1982-10-23,0.005380517,simulation
1982-10-24,0.0057657957,simulation
1982-10-25,0.0044818125,simulation
1982-10-26,0.0048136055,simulation
1982-10-27,0.0057823644,simulation
1982-10-28,0.0056635826,simulation
1982-10-29,0.0018101787,simulation
1982-10-30,0.0038231444,simulation
1982-10-31,0.0028786156,simulation
1982-11-01,0.002902921,simulation
1982-11-02,0.0018588115,simulation
1982-11-03,0.000864952,simulation
1982-11-04,0.0053132772,simulation
1982-11-05,0.0039672717,simulation
1982-11-06,0.0042442335,simulation
1982-11-07,0.004669178,simulation
1982-11-08,0.0029130448,simulation
1982-11-09,0.0017314096,simulation
1982-11-10,0.004501458,simulation
1982-11-11,0.0014832723,simulation
1982-11-12,0.0015318494,simulation
1982-11-13,0.004301342,simulation
1982-11-14,0.0010782714,simulation
1982-11-15,0.00350894,simulation
1982-11-16,0.0015541932,simulation
1982-11-17,0.0006212221,simulation
1982-11-18,0.00071039604,simulation
1982-11-19,0.00069847633,simulation
1982-11-20,0.0010887007,simulation
1982-11-21,0.0008285868,simulation
1982-11-22,0.0009781069,simulation
1982-11-23,0.0013268975,simulation
1982-11-24,0.0017085926,simulation
1982-11-25,0.0012734564,simulation
1982-11-26,0.0015848498,simulation
1982-11-27,0.000851142,simulation
1982-11-28,0.0009092185,simulation
1982-11-29,0.003233529,simulation
1982-11-30,0.00053610286,simulation
1982-12-01,0.0014654513,simulation
1982-12-02,0.0019670266,simulation
1982-12-03,0.001392558,simulation
1982-12-04,0.00067761913,simulation
1982-12-05,0.002553805,simulation
1982-12-06,0.002412169,simulation
1982-12-07,0.0025933464,simulation
1982-12-08,0.0014084126,simulation
1982-12-09,0.0018535736,simulation
1982-12-10,0.00045120768,simulation
1982-12-11,0.00051179307,simulation
1982-12-12,0.0012877454,simulation
1982-12-13,0.00107957,simulation
1982-12-14,0.0012894047,simulation
1982-12-15,0.0008204946,simulation
1982-12-16,0.0017058161,simulation
1982-12-17,0.0018170043,simulation
1982-12-18,0.0024284837,simulation
1982-12-19,0.0035658153,simulation
1982-12-20,0.0026691246,simulation
1982-12-21,0.0023720409,simulation
1982-12-22,0.0012340657,simulation
1982-12-23,0.0020875074,simulation
1982-12-24,0.0013996229,simulation
1982-12-25,0.0010962115,simulation
1982-12-26,0.00092158356,simulation
1982-12-27,0.0014827637,simulation
1982-12-28,0.0012406524,simulation
1982-12-29,0.0014035897,simulation
1982-12-30,0.0014878559,simulation
1982-12-31,0.0014170146,simulation
1983-01-01,0.0005355852,simulation
1983-01-02,0.00049870013,simulation
1983-01-03,0.000790387,simulation
1983-01-04,0.0015551252,simulation
1983-01-05,0.0009640754,simulation
1983-01-06,0.0020549658,simulation
1983-01-07,0.0009902949,simulation
1983-01-08,0.0009954177,simulation
1983-01-09,0.00054624374,simulation
1983-01-10,0.0010465856,simulation
1983-01-11,0.0033587439,simulation
1983-01-12,0.0026618703,simulation
1983-01-13,0.0013809018,simulation
1983-01-14,0.0027772337,simulation
1983-01-15,0.0021964407,simulation
1983-01-16,0.001401905,simulation
1983-01-17,0.0018043049,simulation
1983-01-18,0.0013811387,simulation
1983-01-19,0.0010271535,simulation
1983-01-20,2.514047e-06,simulation
1983-01-21,1.2106175e-05,simulation
1983-01-22,0.00016919585,simulation
1983-01-23,0.00053237454,simulation
1983-01-24,0.0013157856,simulation
1983-01-25,0.0014996354,simulation
1983-01-26,0.0007995731,simulation
1983-01-27,0.00050064083,simulation
1983-01-28,0.0002376253,simulation
1983-01-29,0.00087822904,simulation
1983-01-30,0.0012292018,simulation
1983-01-31,0.0008037145,simulation
1983-02-01,0.00033834678,simulation
1983-02-02,0.00090796774,simulation
1983-02-03,0.0019666906,simulation
1983-02-04,0.0011058624,simulation
1983-02-05,0.00039375067,simulation
1983-02-06,0.00027274244,simulation
1983-02-07,0.0012386307,simulation
1983-02-08,0.0024792694,simulation
1983-02-09,0.00029831563,simulation
1983-02-10,0.00022110168,simulation
1983-02-11,0.00060891407,simulation
1983-02-12,0.00042355797,simulation
1983-02-13,0.0014822554,simulation
1983-02-14,0.0028511705,simulation
1983-02-15,0.0029120792,simulation
1983-02-16,0.00095993804,simulation
1983-02-17,0.0032797048,simulation
1983-02-18,0.0024928178,simulation
1983-02-19,0.0041050147,simulation
1983-02-20,0.0031873523,simulation
1983-02-21,0.0020754226,simulation
1983-02-22,0.0008098274,simulation
1983-02-23,0.0008030921,simulation
1983-02-24,0.0031592478,simulation
1983-02-25,0.0036651192,simulation
1983-02-26,0.001629027,simulation
1983-02-27,0.0012519945,simulation
1983-02-28,0.00035468806,simulation
1983-03-01,0.0038878308,simulation
1983-03-02,0.0022666738,simulation
1983-03-03,0.0028630106,simulation
1983-03-04,0.0030034878,simulation
1983-03-05,0.0012273038,simulation
1983-03-06,0.0062378626,simulation
1983-03-07,0.005059894,simulation
1983-03-08,0.0035286332,simulation
1983-03-09,0.0030213906,simulation
1983-03-10,0.0020203344,simulation
1983-03-11,0.0022222628,simulation
1983-03-12,0.0033407114,simulation
1983-03-13,0.002424762,simulation
1983-03-14,0.0044387323,simulation
1983-03-15,0.0012688739,simulation
1983-03-16,0.00051671214,simulation
1983-03-17,0.0007807274,simulation
1983-03-18,0.005038025,simulation
1983-03-19,0.0054773293,simulation
1983-03-20,0.0010497392,simulation
1983-03-21,0.0009683139,simulation
1983-03-22,0.0036146156,simulation
1983-03-23,0.0008128309,simulation
1983-03-24,0.0011034899,simulation
1983-03-25,0.005083045,simulation
1983-03-26,0.0009355633,simulation
1983-03-27,0.006506197,simulation
1983-03-28,0.004601651,simulation
1983-03-29,0.0054245787,simulation
1983-03-30,0.00095368334,simulation
1983-03-31,0.003482419,simulation
1983-04-01,0.004070612,simulation
1983-04-02,0.003250565,simulation
1983-04-03,0.0062069036,simulation
1983-04-04,0.0026498965,simulation
1983-04-05,0.00095581886,simulation
1983-04-06,0.0008735551,simulation
1983-04-07,0.00053262175,simulation
1983-04-08,0.00042857387,simulation
1983-04-09,0.0027482004,simulation
1983-04-10,0.0053451993,simulation
1983-04-11,0.0067806356,simulation
1983-04-12,0.008064918,simulation
1983-04-13,0.0054842196,simulation
1983-04-14,0.004915882,simulation
1983-04-15,0.006890252,simulation
1983-04-16,0.0065107886,simulation
1983-04-17,0.0064333007,simulation
1983-04-18,0.0028544727,simulation
1983-04-19,0.0018661363,simulation
1983-04-20,0.0050612004,simulation
1983-04-21,0.0047071353,simulation
1983-04-22,0.0009615087,simulation
1983-04-23,0.0029865243,simulation
1983-04-24,0.006167042,simulation
1983-04-25,0.0072783623,simulation
1983-04-26,0.008032054,simulation
1983-04-27,0.008171264,simulation
1983-04-28,0.0029451267,simulation
1983-04-29,0.0018061578,simulation
1983-04-30,0.0034391505,simulation
1983-05-01,0.0037767275,simulation
1983-05-02,0.0023343363,simulation
1983-05-03,0.0016334966,simulation
1983-05-04,0.008310605,simulation
1983-05-05,0.00850381,simulation
1983-05-06,0.010304198,simulation
1983-05-07,0.004968157,simulation
1983-05-08,0.0063974615,simulation
1983-05-09,0.0074920617,simulation
1983-05-10,0.00553746,simulation
1983-05-11,0.0027548997,simulation
1983-05-12,0.009223465,simulation
1983-05-13,0.0077800453,simulation
1983-05-14,0.0047098356,simulation
1983-05-15,0.0009206328,simulation
1983-05-16,0.003909105,simulation
1983-05-17,0.008861996,simulation
1983-05-18,0.0025300218,simulation
1983-05-19,0.0034254326,simulation
1983-05-20,0.0013876695,simulation
1983-05-21,0.0012702903,simulation
1983-05-22,0.0033614417,simulation
1983-05-23,0.006547857,simulation
1983-05-24,0.008761123,simulation
1983-05-25,0.004002745,simulation
1983-05-26,0.0072974917,simulation
1983-05-27,0.0075241774,simulation
1983-05-28,0.0051096943,simulation
1983-05-29,0.0037553238,simulation
1983-05-30,0.009155288,simulation
1983-05-31,0.0019668583,simulation
1983-06-01,0.006125436,simulation
1983-06-02,0.0077524856,simulation
1983-06-03,0.008257061,simulation
1983-06-04,0.003068611,simulation
1983-06-05,0.0019534589,simulation
1983-06-06,0.0020748915,simulation
1983-06-07,0.0036346368,simulation
1983-06-08,0.009030655,simulation
1983-06-09,0.009489074,simulation
1983-06-10,0.009292901,simulation
1983-06-11,0.006980693,simulation
1983-06-12,0.006634565,simulation
1983-06-13,0.009080198,simulation
1983-06-14,0.0060905516,simulation
1983-06-15,0.0062790196,simulation
1983-06-16,0.0039602285,simulation
1983-06-17,0.0011616664,simulation
1983-06-18,0.0011779435,simulation
1983-06-19,0.0027890608,simulation
1983-06-20,0.005073357,simulation
1983-06-21,0.000963164,simulation
1983-06-22,0.0022962433,simulation
1983-06-23,0.00427197,simulation
1983-06-24,0.002938134,simulation
1983-06-25,0.0026474178,simulation
1983-06-26,0.0035837442,simulation
1983-06-27,0.003067421,simulation
1983-06-28,0.0049237525,simulation
1983-06-29,0.003180773,simulation
1983-06-30,0.0053346204,simulation
1983-07-01,0.008025624,simulation
1983-07-02,0.0056527583,simulation
1983-07-03,0.0068730805,simulation
1983-07-04,0.0069298223,simulation
1983-07-05,0.0029709905,simulation
1983-07-06,0.009869777,simulation
1983-07-07,0.009598389,simulation
1983-07-08,0.0086628795,simulation
1983-07-09,0.010000572,simulation
1983-07-10,0.009999588,simulation
1983-07-11,0.009853929,simulation
1983-07-12,0.009119697,simulation
1983-07-13,0.007751491,simulation
1983-07-14,0.008187197,simulation
1983-07-15,0.005584815,simulation
1983-07-16,0.0028778831,simulation
1983-07-17,0.0043304516,simulation
1983-07-18,0.004863119,simulation
1983-07-19,0.0065599587,simulation
1983-07-20,0.010397822,simulation
1983-07-21,0.007828582,simulation
1983-07-22,0.0068503683,simulation
1983-07-23,0.010837458,simulation
1983-07-24,0.010954067,simulation
1983-07-25,0.010062553,simulation
1983-07-26,0.0050765104,simulation
1983-07-27,0.0073333,simulation
1983-07-28,0.0059152725,simulation
1983-07-29,0.00823419,simulation
1983-07-30,0.009960365,simulation
1983-07-31,0.0063004047,simulation
1983-08-01,0.0016053437,simulation
1983-08-02,0.0009274695,simulation
1983-08-03,0.0047227475,simulation
1983-08-04,0.0065371757,simulation
1983-08-05,0.006981764,simulation
1983-08-06,0.008775197,simulation
1983-08-07,0.006371579,simulation
1983-08-08,0.0074310172,simulation
1983-08-09,0.009476528,simulation
1983-08-10,0.008761827,simulation
1983-08-11,0.010341078,simulation
1983-08-12,0.0062317452,simulation
1983-08-13,0.0029115616,simulation
1983-08-14,0.010660451,simulation
1983-08-15,0.009742614,simulation
1983-08-16,0.009521164,simulation
1983-08-17,0.007082274,simulation
1983-08-18,0.010068335,simulation
1983-08-19,0.0099445395,simulation
1983-08-20,0.009406783,simulation
1983-08-21,0.010494951,simulation
1983-08-22,0.006678292,simulation
1983-08-23,0.009404197,simulation
1983-08-24,0.011063803,simulation
1983-08-25,0.011161685,simulation
1983-08-26,0.0038617332,simulation
1983-08-27,0.005860357,simulation
1983-08-28,0.00922076,simulation
1983-08-29,0.008546963,simulation
1983-08-30,0.011737771,simulation
1983-08-31,0.0052758055,simulation
1983-09-01,0.0071817464,simulation
1983-09-02,0.008907247,simulation
1983-09-03,0.007540797,simulation
1983-09-04,0.006632047,simulation
1983-09-05,0.0024286902,simulation
1983-09-06,0.0014827637,simulation
1983-09-07,0.0026118483,simulation
1983-09-08,0.0035193432,simulation
1983-09-09,0.010151491,simulation
1983-09-10,0.010173682,simulation
1983-09-11,0.003426215,simulation
1983-09-12,0.0008048918,simulation
1983-09-13,0.0022073365,simulation
1983-09-14,0.008768791,simulation
1983-09-15,0.009612188,simulation
1983-09-16,0.0097655095,simulation
1983-09-17,0.010272674,simulation
1983-09-18,0.00785325,simulation
1983-09-19,0.0012209964,simulation
1983-09-20,0.0014595586,simulation
1983-09-21,0.0049250037,simulation
1983-09-22,0.008050114,simulation
1983-09-23,0.008416768,simulation
1983-09-24,0.008836089,simulation
1983-09-25,0.0067787766,simulation
1983-09-26,0.006801338,simulation
1983-09-27,0.00731034,simulation
1983-09-28,0.008639896,simulation
1983-09-29,0.008204596,simulation
1983-09-30,0.008653856,simulation
1983-10-01,0.0086930245,simulation
1983-10-02,0.0091177635,simulation
1983-10-03,0.0072417604,simulation
1983-10-04,0.00403689,simulation
1983-10-05,0.0083281165,simulation
1983-10-06,0.0027149084,simulation
1983-10-07,0.00328142,simulation
1983-10-08,0.005259363,simulation
1983-10-09,0.007891981,simulation
1983-10-10,0.0013234863,simulation
1983-10-11,0.0010907615,simulation
1983-10-12,0.00067594147,simulation
1983-10-13,0.0064508747,simulation
1983-10-14,0.006766832,simulation
1983-10-15,0.006499032,simulation
1983-10-16,0.0039500305,simulation
1983-10-17,0.007813845,simulation
1983-10-18,0.0022011308,simulation
1983-10-19,0.006099096,simulation
1983-10-20,0.004648449,simulation
1983-10-21,0.0013145446,simulation
1983-10-22,0.0009459223,simulation
1983-10-23,0.0008055851,simulation
1983-10-24,0.0012072348,simulation
1983-10-25,0.0013707525,simulation
1983-10-26,0.006377247,simulation
1983-10-27,0.005950058,simulation
1983-10-28,0.0060815574,simulation
1983-10-29,0.0013804281,simulation
1983-10-30,0.006135995,simulation
1983-10-31,0.0013765261,simulation
1983-11-01,0.0021093637,simulation
1983-11-02,0.0064744353,simulation
1983-11-03,0.0020526855,simulation
1983-11-04,0.0007232408,simulation
1983-11-05,0.005303886,simulation
1983-11-06,0.0013503269,simulation
1983-11-07,0.0007341632,simulation
1983-11-08,0.004391444,simulation
1983-11-09,0.0018559528,simulation
1983-11-10,0.001862311,simulation
1983-11-11,0.0009074993,simulation
1983-11-12,0.003084529,simulation
1983-11-13,0.000659997,simulation
1983-11-14,0.0019257767,simulation
1983-11-15,0.005089291,simulation
1983-11-16,0.0028496655,simulation
1983-11-17,0.0033216856,simulation
1983-11-18,0.0030795622,simulation
1983-11-19,0.0021947555,simulation
1983-11-20,0.003530372,simulation
1983-11-21,0.0043029636,simulation
1983-11-22,0.00060740183,simulation
1983-11-23,0.0007426225,simulation
1983-11-24,0.0010608968,simulation
1983-11-25,0.0026018668,simulation
1983-11-26,0.001138841,simulation
1983-11-27,0.00052840076,simulation
1983-11-28,0.0029846386,simulation
1983-11-29,0.0019879777,simulation
1983-11-30,0.00088414387,simulation
1983-12-01,0.0008542979,simulation
1983-12-02,0.0012137837,simulation
1983-12-03,0.0011223279,simulation
1983-12-04,0.0011179006,simulation
1983-12-05,0.00096548616,simulation
1983-12-06,0.0018650203,simulation
1983-12-07,0.0021307175,simulation
1983-12-08,0.0015215138,simulation
1983-12-09,0.001628608,simulation
1983-12-10,0.0012392689,simulation
1983-12-11,0.0019978527,simulation
1983-12-12,0.00082275824,simulation
1983-12-13,0.00053119706,simulation
1983-12-14,0.0010313123,simulation
1983-12-15,0.0025666805,simulation
1983-12-16,0.0009276291,simulation
1983-12-17,0.0014624397,simulation
1983-12-18,0.0028030793,simulation
1983-12-19,0.00092484016,simulation
1983-12-20,0.0007687182,simulation
1983-12-21,0.0008546655,simulation
1983-12-22,0.00035761492,simulation
1983-12-23,0.00049732946,simulation
1983-12-24,0.0012308914,simulation
1983-12-25,0.0008098969,simulation
1983-12-26,0.00093210896,simulation
1983-12-27,0.000680764,simulation
1983-12-28,0.00037356952,simulation
1983-12-29,0.0017343754,simulation
1983-12-30,0.0015619355,simulation
1983-12-31,0.0012878564,simulation
1984-01-01,0.0013668777,simulation
1984-01-02,0.0008360381,simulation
1984-01-03,0.0010680339,simulation
1984-01-04,0.001255331,simulation
1984-01-05,0.0017379415,simulation
1984-01-06,0.00212273,simulation
1984-01-07,0.001228147,simulation
1984-01-08,0.0023611498,simulation
1984-01-09,0.0011906577,simulation
1984-01-10,0.00077576813,simulation
1984-01-11,0.0018249471,simulation
1984-01-12,0.0008585735,simulation
1984-01-13,0.0006019527,simulation
1984-01-14,0.0009209496,simulation
1984-01-15,0.00012421736,simulation
1984-01-16,0.00017509691,simulation
1984-01-17,0.0002512455,simulation
1984-01-18,0.00017034181,simulation
1984-01-19,0.0015982094,simulation
1984-01-20,0.0010923559,simulation
1984-01-21,0.0017014418,simulation
1984-01-22,0.0014117991,simulation
1984-01-23,0.00078537996,simulation
1984-01-24,6.3046406e-05,simulation
1984-01-25,0.00022221499,simulation
1984-01-26,0.0005206294,simulation
1984-01-27,0.0020481332,simulation
1984-01-28,0.00065285485,simulation
1984-01-29,0.0025599177,simulation
1984-01-30,0.003155063,simulation
1984-01-31,0.0011687723,simulation
1984-02-01,0.0013053268,simulation
1984-02-02,0.0031780538,simulation
1984-02-03,0.0015087891,simulation
1984-02-04,0.0028248376,simulation
1984-02-05,0.0034317945,simulation
1984-02-06,0.0021777796,simulation
1984-02-07,0.002282968,simulation
1984-02-08,0.0031584618,simulation
1984-02-09,0.0016080957,simulation
1984-02-10,0.00082488573,simulation
1984-02-11,0.0019418082,simulation
1984-02-12,0.0007827472,simulation
1984-02-13,0.0016038315,simulation
1984-02-14,0.0034575302,simulation
1984-02-15,0.003735051,simulation
1984-02-16,0.0023060532,simulation
1984-02-17,0.0032758997,simulation
1984-02-18,0.0015437084,simulation
1984-02-19,0.0009481213,simulation
1984-02-20,0.0012942833,simulation
1984-02-21,0.0014827637,simulation
1984-02-22,0.0015732163,simulation
1984-02-23,0.004279689,simulation
1984-02-24,0.0027355296,simulation
1984-02-25,0.0041177063,simulation
1984-02-26,0.0019041707,simulation
1984-02-27,0.00054874807,simulation
1984-02-28,0.0011067183,simulation
1984-02-29,0.002784324,simulation
1984-03-01,0.0035862399,simulation
1984-03-02,0.00087475916,simulation
1984-03-03,0.00030885075,simulation
1984-03-04,0.001628329,simulation
1984-03-05,0.00023950677,simulation
1984-03-06,0.0008083825,simulation
1984-03-07,0.003592802,simulation
1984-03-08,0.0049424614,simulation
1984-03-09,0.0041095424,simulation
1984-03-10,0.0018634264,simulation
1984-03-11,0.004660136,simulation
1984-03-12,0.0012543612,simulation
1984-03-13,0.002929122,simulation
1984-03-14,0.0048102913,simulation
1984-03-15,0.0043112426,simulation
1984-03-16,0.002231,simulation
1984-03-17,0.0035271596,simulation
1984-03-18,0.0035383096,simulation
1984-03-19,0.0014910479,simulation
1984-03-20,0.0008283012,simulation
1984-03-21,0.0060820077,simulation
1984-03-22,0.00620405,simulation
1984-03-23,0.0056031365,simulation
1984-03-24,0.0011348367,simulation
1984-03-25,0.005027022,simulation
1984-03-26,0.001079199,simulation
1984-03-27,0.0012155571,simulation
1984-03-28,0.0012372489,simulation
1984-03-29,0.0039323806,simulation
1984-03-30,0.0032786627,simulation
1984-03-31,0.005266857,simulation
1984-04-01,0.006077095,simulation
1984-04-02,0.0024334532,simulation
1984-04-03,0.0060864976,simulation
1984-04-04,0.0059634913,simulation
1984-04-05,0.005233771,simulation
1984-04-06,0.006863313,simulation
1984-04-07,0.0019884866,simulation
1984-04-08,0.0008268764,simulation
1984-04-09,0.001468722,simulation
1984-04-10,0.0017200372,simulation
1984-04-11,0.0042201746,simulation
1984-04-12,0.0030494072,simulation
1984-04-13,0.004989636,simulation
1984-04-14,0.0044315923,simulation
1984-04-15,0.0034243623,simulation
1984-04-16,0.0038414695,simulation
1984-04-17,0.005326329,simulation
1984-04-18,0.007250648,simulation
1984-04-19,0.0010891691,simulation
1984-04-20,0.0063207503,simulation
1984-04-21,0.002467263,simulation
1984-04-22,0.0024689455,simulation
1984-04-23,0.0071423203,simulation
1984-04-24,0.008359935,simulation
1984-04-25,0.00983087,simulation
1984-04-26,0.0018002961,simulation
1984-04-27,0.0036752934,simulation
1984-04-28,0.0014405374,simulation
1984-04-29,0.0014735138,simulation
1984-04-30,0.0015025947,simulation
1984-05-01,0.0008416708,simulation
1984-05-02,0.00445739,simulation
1984-05-03,0.0019129808,simulation
1984-05-04,0.008192353,simulation
1984-05-05,0.002792618,simulation
1984-05-06,0.0036784746,simulation
1984-05-07,0.006367618,simulation
1984-05-08,0.0023145222,simulation
1984-05-09,0.0083459765,simulation
1984-05-10,0.009054918,simulation
1984-05-11,0.009384356,simulation
1984-05-12,0.0076355115,simulation
1984-05-13,0.008574583,simulation
1984-05-14,0.0072446596,simulation
1984-05-15,0.0076231584,simulation
1984-05-16,0.007891584,simulation
1984-05-17,0.0076803677,simulation
1984-05-18,0.00762482,simulation
1984-05-19,0.008077083,simulation
1984-05-20,0.001228147,simulation
1984-05-21,0.0012305742,simulation
1984-05-22,0.0018783028,simulation
1984-05-23,0.0049920594,simulation
1984-05-24,0.00707753,simulation
1984-05-25,0.0071295165,simulation
1984-05-26,0.005628138,simulation
1984-05-27,0.0059856847,simulation
1984-05-28,0.0057215807,simulation
1984-05-29,0.004691793,simulation
1984-05-30,0.009580463,simulation
1984-05-31,0.009483226,simulation
1984-06-01,0.009983167,simulation
1984-06-02,0.010318525,simulation
1984-06-03,0.010077588,simulation
1984-06-04,0.0097016655,simulation
1984-06-05,0.008654628,simulation
1984-06-06,0.0023353319,simulation
1984-06-07,0.0048337057,simulation
1984-06-08,0.0095395595,simulation
1984-06-09,0.008701574,simulation
1984-06-10,0.0097221285,simulation
1984-06-11,0.009983163,simulation
1984-06-12,0.009782884,simulation
1984-06-13,0.009883989,simulation
1984-06-14,0.011181481,simulation
1984-06-15,0.01070299,simulation
1984-06-16,0.0059208386,simulation
1984-06-17,0.009242786,simulation
1984-06-18,0.010577522,simulation
1984-06-19,0.011484571,simulation
1984-06-20,0.0115324855,simulation
1984-06-21,0.008956004,simulation
1984-06-22,0.010805748,simulation
1984-06-23,0.010692392,simulation
1984-06-24,0.005587478,simulation
1984-06-25,0.0140099,simulation
1984-06-26,0.006679837,simulation
1984-06-27,0.0037140122,simulation
1984-06-28,0.0030527727,simulation
1984-06-29,0.0016443032,simulation
1984-06-30,0.006940577,simulation
1984-07-01,0.00846095,simulation
1984-07-02,0.0085976105,simulation
1984-07-03,0.0087875165,simulation
1984-07-04,0.0099070035,simulation
1984-07-05,0.007977366,simulation
1984-07-06,0.007471469,simulation
1984-07-07,0.009010557,simulation
1984-07-08,0.007506892,simulation
1984-07-09,0.01119433,simulation
1984-07-10,0.011537492,simulation
1984-07-11,0.012133867,simulation
1984-07-12,0.009750582,simulation
1984-07-13,0.0023090034,simulation
1984-07-14,0.0028052244,simulation
1984-07-15,0.008576551,simulation
1984-07-16,0.0028979946,simulation
1984-07-17,0.0022073365,simulation
1984-07-18,0.008771684,simulation
1984-07-19,0.010238871,simulation
1984-07-20,0.012128763,simulation
1984-07-21,0.011769541,simulation
1984-07-22,0.012683883,simulation
1984-07-23,0.0056564775,simulation
1984-07-24,0.0065074093,simulation
1984-07-25,0.008139638,simulation
1984-07-26,0.009948991,simulation
1984-07-27,0.0060310494,simulation
1984-07-28,0.0028637403,simulation
1984-07-29,0.007714484,simulation
1984-07-30,0.0067940354,simulation
1984-07-31,0.005612856,simulation
1984-08-01,0.0016308418,simulation
1984-08-02,0.0012067168,simulation
1984-08-03,0.0017883241,simulation
1984-08-04,0.0023947877,simulation
1984-08-05,0.002621868,simulation
1984-08-06,0.0052992683,simulation
1984-08-07,0.0028520871,simulation
1984-08-08,0.0039721653,simulation
1984-08-09,0.005798242,simulation
1984-08-10,0.005610953,simulation
1984-08-11,0.0033675623,simulation
1984-08-12,0.007647803,simulation
1984-08-13,0.001898645,simulation
1984-08-14,0.0022146925,simulation
1984-08-15,0.0051584914,simulation
1984-08-16,0.007830791,simulation
1984-08-17,0.0051326877,simulation
1984-08-18,0.009094976,simulation
1984-08-19,0.0039425376,simulation
1984-08-20,0.0045930226,simulation
1984-08-21,0.008426528,simulation
1984-08-22,0.007365003,simulation
1984-08-23,0.0068039075,simulation
1984-08-24,0.00783528,simulation
1984-08-25,0.006703373,simulation
1984-08-26,0.0046512797,simulation
1984-08-27,0.004631506,simulation
1984-08-28,0.0038339286,simulation
1984-08-29,0.0017119597,simulation
1984-08-30,0.0035825614,simulation
1984-08-31,0.0035053801,simulation
1984-09-01,0.009089354,simulation
1984-09-02,0.0067696674,simulation
1984-09-03,0.005339414,simulation
1984-09-04,0.0026422443,simulation
1984-09-05,0.009542897,simulation
1984-09-06,0.009661101,simulation
1984-09-07,0.009979855,simulation
1984-09-08,0.00690097,simulation
1984-09-09,0.0026530537,simulation
1984-09-10,0.00574284,simulation
1984-09-11,0.0074014887,simulation
1984-09-12,0.0077042,simulation
1984-09-13,0.009710748,simulation
1984-09-14,0.008368637,simulation
1984-09-15,0.0054005748,simulation
1984-09-16,0.010922458,simulation
1984-09-17,0.006273609,simulation
1984-09-18,0.004473514,simulation
1984-09-19,0.01012294,simulation
1984-09-20,0.008368662,simulation
1984-09-21,0.0072759185,simulation
1984-09-22,0.0023947877,simulation
1984-09-23,0.006641581,simulation
1984-09-24,0.0061600567,simulation
1984-09-25,0.008386716,simulation
1984-09-26,0.0066789496,simulation
1984-09-27,0.0093172155,simulation
1984-09-28,0.0075252187,simulation
1984-09-29,0.0056029027,simulation
1984-09-30,0.005175131,simulation
1984-10-01,0.0076527093,simulation
1984-10-02,0.0075541786,simulation
1984-10-03,0.0062049115,simulation
1984-10-04,0.0014001032,simulation
1984-10-05,0.0020504086,simulation
1984-10-06,0.0017075698,simulation
1984-10-07,0.0019695498,simulation
1984-10-08,0.00080295384,simulation
1984-10-09,0.0015000206,simulation
1984-10-10,0.0012181693,simulation
1984-10-11,0.0066276942,simulation
1984-10-12,0.0030576976,simulation
1984-10-13,0.006590467,simulation
1984-10-14,0.0016170732,simulation
1984-10-15,0.004341869,simulation
1984-10-16,0.005336446,simulation
1984-10-17,0.00096923014,simulation
1984-10-18,0.0019666906,simulation
1984-10-19,0.0009902949,simulation
1984-10-20,0.0014045531,simulation
1984-10-21,0.0008657713,simulation
1984-10-22,0.0006737814,simulation
1984-10-23,0.0007191558,simulation
1984-10-24,0.0011417798,simulation
1984-10-25,0.002805307,simulation
1984-10-26,0.0036540148,simulation
1984-10-27,0.0035010406,simulation
1984-10-28,0.0027410476,simulation
1984-10-29,0.0034639975,simulation
1984-10-30,0.004586982,simulation
1984-10-31,0.0055178255,simulation
1984-11-01,0.0021438517,simulation
1984-11-02,0.00076947146,simulation
1984-11-03,0.0018080125,simulation
1984-11-04,0.0011819977,simulation
1984-11-05,0.0037458867,simulation
1984-11-06,0.003625568,simulation
1984-11-07,0.0013575284,simulation
1984-11-08,0.0033089214,simulation
1984-11-09,0.0040457724,simulation
1984-11-10,0.002818125,simulation
1984-11-11,0.0020507588,simulation
1984-11-12,0.0022437857,simulation
1984-11-13,0.0028950432,simulation
1984-11-14,0.0030410485,simulation
1984-11-15,0.0016238732,simulation
1984-11-16,0.002137639,simulation
1984-11-17,0.001518778,simulation
1984-11-18,0.0012805815,simulation
1984-11-19,0.0006614575,simulation
1984-11-20,0.003067248,simulation
1984-11-21,0.0011994847,simulation
1984-11-22,0.0024473811,simulation
1984-11-23,0.0012181693,simulation
1984-11-24,0.0020814568,simulation
1984-11-25,0.0024974917,simulation
1984-11-26,0.0010392341,simulation
1984-11-27,0.0007032196,simulation
1984-11-28,0.0025030277,simulation
1984-11-29,0.0027972383,simulation
1984-11-30,0.0017065466,simulation
1984-12-01,0.00197157,simulation
1984-12-02,0.0002806972,simulation
1984-12-03,0.0024380176,simulation
1984-12-04,0.0007411838,simulation
1984-12-05,0.0001195643,simulation
1984-12-06,0.0015301438,simulation
1984-12-07,0.0017843501,simulation
1984-12-08,0.0015470188,simulation
1984-12-09,0.001109861,simulation
1984-12-10,0.0021301717,simulation
1984-12-11,0.0019910368,simulation
1984-12-12,0.00094445836,simulation
1984-12-13,0.0014721255,simulation
1984-12-14,0.001093107,simulation
1984-12-15,0.002285695,simulation
1984-12-16,0.0017832825,simulation
1984-12-17,0.0011820989,simulation
1984-12-18,0.0012093103,simulation
1984-12-19,0.0007756342,simulation
1984-12-20,0.0005942988,simulation
1984-12-21,0.00089864084,simulation
1984-12-22,0.0024561514,simulation
1984-12-23,0.0009612604,simulation
1984-12-24,0.0015612665,simulation
1984-12-25,0.0011145436,simulation
1984-12-26,0.0016998404,simulation
1984-12-27,0.0009168385,simulation
1984-12-28,0.001079106,simulation
1984-12-29,0.0010314011,simulation
1984-12-30,0.0014616876,simulation
1984-12-31,0.0009179434,simulation
1985-01-01,0.0007817363,simulation
1985-01-02,0.0006624227,simulation
1985-01-03,0.00028280998,simulation
1985-01-04,0.0006819264,simulation
1985-01-05,0.0013497481,simulation
1985-01-06,0.0009983324,simulation
1985-01-07,0.0020802128,simulation
1985-01-08,0.0011859635,simulation
1985-01-09,0.00124856,simulation
1985-01-10,0.0011356163,simulation
1985-01-11,0.00088300323,simulation
1985-01-12,0.0012225702,simulation
1985-01-13,0.0008525347,simulation
1985-01-14,0.0010753103,simulation
1985-01-15,0.0011003648,simulation
1985-01-16,0.0009148685,simulation
1985-01-17,0.00029384982,simulation
1985-01-18,0.0019695498,simulation
1985-01-19,0.0030119284,simulation
1985-01-20,0.0010892623,simulation
1985-01-21,0.0010975315,simulation
1985-01-22,0.0010933891,simulation
1985-01-23,0.00092452194,simulation
1985-01-24,0.0011357142,simulation
1985-01-25,0.0033099575,simulation
1985-01-26,0.0022129936,simulation
1985-01-27,0.0005675933,simulation
1985-01-28,0.00040898382,simulation
1985-01-29,0.0022126161,simulation
1985-01-30,0.00025982043,simulation
1985-01-31,0.00018445638,simulation
1985-02-01,0.00015840516,simulation
1985-02-02,0.0001879143,simulation
1985-02-03,0.00042485696,simulation
1985-02-04,0.00045646663,simulation
1985-02-05,5.2339135e-05,simulation
1985-02-06,0.0005258411,simulation
1985-02-07,0.0009171541,simulation
1985-02-08,0.0026087055,simulation
1985-02-09,0.0029045753,simulation
1985-02-10,0.0016475448,simulation
1985-02-11,0.0005754223,simulation
1985-02-12,0.0031758044,simulation
1985-02-13,0.0025785342,simulation
1985-02-14,0.0014982219,simulation
1985-02-15,0.002852694,simulation
1985-02-16,0.003573866,simulation
1985-02-17,0.0032247622,simulation
1985-02-18,0.0016988219,simulation
1985-02-19,0.00077150384,simulation
1985-02-20,0.0025813573,simulation
1985-02-21,0.0030403521,simulation
1985-02-22,0.001764162,simulation
1985-02-23,0.0015024656,simulation
1985-02-24,0.0005023595,simulation
1985-02-25,0.0003053921,simulation
1985-02-26,0.0005077881,simulation
1985-02-27,0.0004406878,simulation
1985-02-28,0.0023385186,simulation
1985-03-01,0.00045716844,simulation
1985-03-02,0.001840464,simulation
1985-03-03,0.003155132,simulation
1985-03-04,0.0028875307,simulation
1985-03-05,0.0040534325,simulation
1985-03-06,0.0053970153,simulation
1985-03-07,0.0036813053,simulation
1985-03-08,0.001073371,simulation
1985-03-09,0.0019719067,simulation
1985-03-10,0.0036142934,simulation
1985-03-11,0.0032059888,simulation
1985-03-12,0.0018297922,simulation
1985-03-13,0.0015870233,simulation
1985-03-14,0.0013830353,simulation
1985-03-15,0.0034202836,simulation
1985-03-16,0.0011121519,simulation
1985-03-17,0.00518507,simulation
1985-03-18,0.0056154043,simulation
1985-03-19,0.006560453,simulation
1985-03-20,0.0017674855,simulation
1985-03-21,0.0011653642,simulation
1985-03-22,0.0007610117,simulation
1985-03-23,0.00338272,simulation
1985-03-24,0.006173134,simulation
1985-03-25,0.0068913326,simulation
1985-03-26,0.004492107,simulation
1985-03-27,0.0008237505,simulation
1985-03-28,0.0051445737,simulation
1985-03-29,0.0048733805,simulation
1985-03-30,0.0035616497,simulation
1985-03-31,0.004091192,simulation
1985-04-01,0.004976564,simulation
1985-04-02,0.005987455,simulation
1985-04-03,0.00820576,simulation
1985-04-04,0.0074527226,simulation
1985-04-05,0.0014023867,simulation
1985-04-06,0.00645655,simulation
1985-04-07,0.007712733,simulation
1985-04-08,0.0058576325,simulation
1985-04-09,0.0067378134,simulation
1985-04-10,0.005661255,simulation
1985-04-11,0.0028099963,simulation
1985-04-12,0.0008970958,simulation
1985-04-13,0.0031471483,simulation
1985-04-14,0.0015306682,simulation
1985-04-15,0.0021670288,simulation
1985-04-16,0.0073243976,simulation
1985-04-17,0.0078779645,simulation
1985-04-18,0.007720994,simulation
1985-04-19,0.006601194,simulation
1985-04-20,0.0048717954,simulation
1985-04-21,0.0071471203,simulation
1985-04-22,0.0054526413,simulation
1985-04-23,0.0038860827,simulation
1985-04-24,0.0043767714,simulation
1985-04-25,0.00407407,simulation
1985-04-26,0.0013529941,simulation
1985-04-27,0.0032034006,simulation
1985-04-28,0.0033758145,simulation
1985-04-29,0.008120272,simulation
1985-04-30,0.005273708,simulation
1985-05-01,0.0020539134,simulation
1985-05-02,0.0047138897,simulation
1985-05-03,0.0032646682,simulation
1985-05-04,0.006210329,simulation
1985-05-05,0.006906584,simulation
1985-05-06,0.0038384872,simulation
1985-05-07,0.0070365574,simulation
1985-05-08,0.004212521,simulation
1985-05-09,0.0010591655,simulation
1985-05-10,0.0044811177,simulation
1985-05-11,0.002398668,simulation
1985-05-12,0.0068385648,simulation
1985-05-13,0.0066993386,simulation
1985-05-14,0.0048882393,simulation
1985-05-15,0.009338986,simulation
1985-05-16,0.010833949,simulation
1985-05-17,0.0070754103,simulation
1985-05-18,0.0036588907,simulation
1985-05-19,0.0058022966,simulation
1985-05-20,0.0070473123,simulation
1985-05-21,0.0023921365,simulation
1985-05-22,0.0075443294,simulation
1985-05-23,0.003916058,simulation
1985-05-24,0.010521054,simulation
1985-05-25,0.010298945,simulation
1985-05-26,0.011131801,simulation
1985-05-27,0.005991143,simulation
1985-05-28,0.008360103,simulation
1985-05-29,0.01021412,simulation
1985-05-30,0.00704836,simulation
1985-05-31,0.008777423,simulation
1985-06-01,0.010470476,simulation
1985-06-02,0.009882078,simulation
1985-06-03,0.010194015,simulation
1985-06-04,0.013802171,simulation
1985-06-05,0.007983114,simulation
1985-06-06,0.0062997453,simulation
1985-06-07,0.0065547237,simulation
1985-06-08,0.009256713,simulation
1985-06-09,0.011238582,simulation
1985-06-10,0.007404291,simulation
1985-06-11,0.0017262312,simulation
1985-06-12,0.004221188,simulation
1985-06-13,0.0067384816,simulation
1985-06-14,0.0069337874,simulation
1985-06-15,0.0054252683,simulation
1985-06-16,0.008826308,simulation
1985-06-17,0.007293193,simulation
1985-06-18,0.00094787695,simulation
1985-06-19,0.0010053966,simulation
1985-06-20,0.010616306,simulation
1985-06-21,0.0073941313,simulation
1985-06-22,0.009609474,simulation
1985-06-23,0.009897698,simulation
1985-06-24,0.01139605,simulation
1985-06-25,0.011713944,simulation
1985-06-26,0.009787556,simulation
1985-06-27,0.008718729,simulation
1985-06-28,0.007784024,simulation
1985-06-29,0.0055117426,simulation
1985-06-30,0.010433421,simulation
1985-07-01,0.0077983253,simulation
1985-07-02,0.0059526344,simulation
1985-07-03,0.0060006822,simulation
1985-07-04,0.0057391003,simulation
1985-07-05,0.001200206,simulation
1985-07-06,0.00309029,simulation
1985-07-07,0.002767808,simulation
1985-07-08,0.006293569,simulation
1985-07-09,0.012248084,simulation
1985-07-10,0.009845024,simulation
1985-07-11,0.0077376557,simulation
1985-07-12,0.012358487,simulation
1985-07-13,0.011803798,simulation
1985-07-14,0.011708904,simulation
1985-07-15,0.00869354,simulation
1985-07-16,0.0037588193,simulation
1985-07-17,0.007898118,simulation
1985-07-18,0.011566058,simulation
1985-07-19,0.009362895,simulation
1985-07-20,0.0061707315,simulation
1985-07-21,0.0060285884,simulation
1985-07-22,0.0015782107,simulation
1985-07-23,0.0013134172,simulation
1985-07-24,0.0029810946,simulation
1985-07-25,0.00404404,simulation
1985-07-26,0.005189012,simulation
1985-07-27,0.0048904596,simulation
1985-07-28,0.002098945,simulation
1985-07-29,0.007566534,simulation
1985-07-30,0.010288563,simulation
1985-07-31,0.007012995,simulation
1985-08-01,0.0119212195,simulation
1985-08-02,0.0027814861,simulation
1985-08-03,0.0051116655,simulation
1985-08-04,0.0038565227,simulation
1985-08-05,0.005542087,simulation
1985-08-06,0.003131444,simulation
1985-08-07,0.0018696506,simulation
1985-08-08,0.008896962,simulation
1985-08-09,0.010807674,simulation
1985-08-10,0.010263544,simulation
1985-08-11,0.0092173945,simulation
1985-08-12,0.010692798,simulation
1985-08-13,0.0075378325,simulation
1985-08-14,0.006917984,simulation
1985-08-15,0.0013404004,simulation
1985-08-16,0.001989507,simulation
1985-08-17,0.0049542445,simulation
1985-08-18,0.0064283926,simulation
1985-08-19,0.0071436577,simulation
1985-08-20,0.0022864745,simulation
1985-08-21,0.0050801095,simulation
1985-08-22,0.007141037,simulation
1985-08-23,0.00892112,simulation
1985-08-24,0.0059372494,simulation
1985-08-25,0.0023641703,simulation
1985-08-26,0.0057149357,simulation
1985-08-27,0.0030116094,simulation
1985-08-28,0.006205147,simulation
1985-08-29,0.0054234066,simulation
1985-08-30,0.008049864,simulation
1985-08-31,0.009466033,simulation
1985-09-01,0.010716654,simulation
1985-09-02,0.002835177,simulation
1985-09-03,0.0021066638,simulation
1985-09-04,0.004272061,simulation
1985-09-05,0.0054824855,simulation
1985-09-06,0.0073498692,simulation
1985-09-07,0.0070851855,simulation
1985-09-08,0.005989878,simulation
1985-09-09,0.006611334,simulation
1985-09-10,0.008081935,simulation
1985-09-11,0.007514918,simulation
1985-09-12,0.009579055,simulation
1985-09-13,0.008073691,simulation
1985-09-14,0.002925687,simulation
1985-09-15,0.007693682,simulation
1985-09-16,0.008040531,simulation
1985-09-17,0.008614231,simulation
1985-09-18,0.008623868,simulation
1985-09-19,0.007896939,simulation
1985-09-20,0.0081867855,simulation
1985-09-21,0.008848527,simulation
1985-09-22,0.0054334616,simulation
1985-09-23,0.0009968741,simulation
1985-09-24,0.0018648605,simulation
1985-09-25,0.0034183948,simulation
1985-09-26,0.005084484,simulation
1985-09-27,0.006853382,simulation
1985-09-28,0.0051895124,simulation
1985-09-29,0.0041465308,simulation
1985-09-30,0.00079504243,simulation
1985-10-01,0.00086681516,simulation
1985-10-02,0.0015814592,simulation
1985-10-03,0.0043718033,simulation
1985-10-04,0.005761735,simulation
1985-10-05,0.00755943,simulation
1985-10-06,0.005874637,simulation
1985-10-07,0.005268787,simulation
1985-10-08,0.005928311,simulation
1985-10-09,0.0023793296,simulation
1985-10-10,0.0059268875,simulation
1985-10-11,0.005966496,simulation
1985-10-12,0.004627735,simulation
1985-10-13,0.0026723044,simulation
1985-10-14,0.0030855762,simulation
1985-10-15,0.00069316453,simulation
1985-10-16,0.0007185828,simulation
1985-10-17,0.001461061,simulation
1985-10-18,0.0010265353,simulation
1985-10-19,0.0019123269,simulation
1985-10-20,0.0016839092,simulation
1985-10-21,0.001025389,simulation
1985-10-22,0.0005356243,simulation
1985-10-23,0.0008987955,simulation
1985-10-24,0.0007882257,simulation
1985-10-25,0.0013889795,simulation
1985-10-26,0.0011172288,simulation
1985-10-27,0.0005364497,simulation
1985-10-28,0.000825312,simulation
1985-10-29,0.0008445011,simulation
1985-10-30,0.00036840694,simulation
1985-10-31,0.0004449312,simulation
1985-11-01,0.0005448372,simulation
1985-11-02,0.00042066214,simulation
1985-11-03,0.0012292018,simulation
1985-11-04,0.003895516,simulation
1985-11-05,0.003415047,simulation
1985-11-06,0.003730637,simulation
1985-11-07,0.0012737846,simulation
1985-11-08,0.0039949506,simulation
1985-11-09,0.0044449633,simulation
1985-11-10,0.0025128503,simulation
1985-11-11,0.0010772529,simulation
1985-11-12,0.0035045443,simulation
1985-11-13,0.00091149006,simulation
1985-11-14,0.00042158362,simulation
1985-11-15,0.00090026617,simulation
1985-11-16,0.0007701097,simulation
1985-11-17,0.001178146,simulation
1985-11-18,0.0029606686,simulation
1985-11-19,0.0011775391,simulation
1985-11-20,0.0015531282,simulation
1985-11-21,0.00081577565,simulation
1985-11-22,0.0016302831,simulation
1985-11-23,0.0012155571,simulation
1985-11-24,0.00087280374,simulation
1985-11-25,0.00089532195,simulation
1985-11-26,0.0012221504,simulation
1985-11-27,0.0009970455,simulation
1985-11-28,0.0004686637,simulation
1985-11-29,0.00047384258,simulation
1985-11-30,0.0009736581,simulation
1985-12-01,0.0009627496,simulation
1985-12-02,0.0019236389,simulation
1985-12-03,0.0022917446,simulation
1985-12-04,0.0017464391,simulation
1985-12-05,0.0012563014,simulation
1985-12-06,0.0024156906,simulation
1985-12-07,0.001004446,simulation
1985-12-08,0.0017551284,simulation
1985-12-09,0.0018431419,simulation
1985-12-10,0.0015898807,simulation
1985-12-11,0.0007399475,simulation
1985-12-12,0.00015495592,simulation
1985-12-13,0.000583136,simulation
1985-12-14,0.0014550606,simulation
1985-12-15,0.0012003089,simulation
1985-12-16,0.0015681036,simulation
1985-12-17,0.0009282681,simulation
1985-12-18,0.0008094088,simulation
1985-12-19,0.0016782975,simulation
1985-12-20,0.0018510387,simulation
1985-12-21,0.0011727951,simulation
1985-12-22,0.0029471277,simulation
1985-12-23,0.0023789243,simulation
1985-12-24,0.001587567,simulation
1985-12-25,0.0017135725,simulation
1985-12-26,0.0018078575,simulation
1985-12-27,0.00043346503,simulation
1985-12-28,0.0008797418,simulation
1985-12-29,0.001657733,simulation
1985-12-30,0.002545144,simulation
1985-12-31,0.00094405253,simulation
1986-01-01,0.0009881681,simulation
1986-01-02,0.0009291467,simulation
1986-01-03,0.0008529751,simulation
1986-01-04,0.0011230028,simulation
1986-01-05,0.0024403033,simulation
1986-01-06,0.00081451255,simulation
1986-01-07,0.0013107144,simulation
1986-01-08,0.0015426507,simulation
1986-01-09,0.0008894091,simulation
1986-01-10,0.0009428351,simulation
1986-01-11,0.0020851914,simulation
1986-01-12,0.0023994856,simulation
1986-01-13,0.0032762007,simulation
1986-01-14,0.002906374,simulation
1986-01-15,0.0016571654,simulation
1986-01-16,0.0010855246,simulation
1986-01-17,0.0006583428,simulation
1986-01-18,0.00094080955,simulation
1986-01-19,0.0026249925,simulation
1986-01-20,0.0014995065,simulation
1986-01-21,0.0012748784,simulation
1986-01-22,0.000993024,simulation
1986-01-23,0.002803318,simulation
1986-01-24,0.0028864506,simulation
1986-01-25,0.00045276928,simulation
1986-01-26,0.0022167722,simulation
1986-01-27,0.0027408837,simulation
1986-01-28,0.0033084662,simulation
1986-01-29,0.0015932883,simulation
1986-01-30,0.0029391318,simulation
1986-01-31,0.0035729527,simulation
1986-02-01,0.0031213704,simulation
1986-02-02,0.0016109908,simulation
1986-02-03,0.0011016888,simulation
1986-02-04,0.00093773886,simulation
1986-02-05,0.0013971042,simulation
1986-02-06,0.0034240137,simulation
1986-02-07,0.0033189878,simulation
1986-02-08,0.003448825,simulation
1986-02-09,0.0010378057,simulation
1986-02-10,0.00030156507,simulation
1986-02-11,0.0006064106,simulation
1986-02-12,0.0016336368,simulation
1986-02-13,0.0027696914,simulation
1986-02-14,0.0012717088,simulation
1986-02-15,0.0034894214,simulation
1986-02-16,0.0017579831,simulation
1986-02-17,0.0012433183,simulation
1986-02-18,0.001190965,simulation
1986-02-19,0.0014827637,simulation
1986-02-20,0.0020692293,simulation
1986-02-21,0.0005595049,simulation
1986-02-22,0.00080226286,simulation
1986-02-23,0.0037738436,simulation
1986-02-24,0.0048853457,simulation
1986-02-25,0.0036377695,simulation
1986-02-26,0.0050999937,simulation
1986-02-27,0.002353516,simulation
1986-02-28,0.0014529418,simulation
1986-03-01,0.0037267997,simulation
1986-03-02,0.0051701814,simulation
1986-03-03,0.0031213704,simulation
1986-03-04,0.0052234964,simulation
1986-03-05,0.005410679,simulation
1986-03-06,0.006165672,simulation
1986-03-07,0.005076298,simulation
1986-03-08,0.0029727563,simulation
1986-03-09,0.005597871,simulation
1986-03-10,0.0032512585,simulation
1986-03-11,0.0017949142,simulation
1986-03-12,0.0011113877,simulation
1986-03-13,0.0010487469,simulation
1986-03-14,0.0015868869,simulation
1986-03-15,0.0031404071,simulation
1986-03-16,0.0041130413,simulation
1986-03-17,0.0034961838,simulation
1986-03-18,0.0022522218,simulation
1986-03-19,0.0011792599,simulation
1986-03-20,0.0043865666,simulation
1986-03-21,0.004955918,simulation
1986-03-22,0.004781962,simulation
1986-03-23,0.004949638,simulation
1986-03-24,0.0061253738,simulation
1986-03-25,0.007293217,simulation
1986-03-26,0.001797834,simulation
1986-03-27,0.0065826327,simulation
1986-03-28,0.0069961064,simulation
1986-03-29,0.007200742,simulation
1986-03-30,0.0059002265,simulation
1986-03-31,0.0067866836,simulation
1986-04-01,0.0039588544,simulation
1986-04-02,0.0074218307,simulation
1986-04-03,0.006481545,simulation
1986-04-04,0.0051463046,simulation
1986-04-05,0.0026505734,simulation
1986-04-06,0.0025308845,simulation
1986-04-07,0.0043768873,simulation
1986-04-08,0.0026127382,simulation
1986-04-09,0.007480707,simulation
1986-04-10,0.0016053437,simulation
1986-04-11,0.0060629486,simulation
1986-04-12,0.0009955034,simulation
1986-04-13,0.005066531,simulation
1986-04-14,0.0024957913,simulation
1986-04-15,0.009183191,simulation
1986-04-16,0.008290365,simulation
1986-04-17,0.0052113435,simulation
1986-04-18,0.00803406,simulation
1986-04-19,0.002043241,simulation
1986-04-20,0.0016502275,simulation
1986-04-21,0.005453388,simulation
1986-04-22,0.007157143,simulation
1986-04-23,0.008120548,simulation
1986-04-24,0.0076090805,simulation
1986-04-25,0.009500202,simulation
1986-04-26,0.009061366,simulation
1986-04-27,0.0023829816,simulation
1986-04-28,0.0066346535,simulation
1986-04-29,0.002995551,simulation
1986-04-30,0.004684222,simulation
1986-05-01,0.0021220054,simulation
1986-05-02,0.003406842,simulation
1986-05-03,0.008700661,simulation
1986-05-04,0.0103028715,simulation
1986-05-05,0.0056319227,simulation
1986-05-06,0.003935732,simulation
1986-05-07,0.0041883984,simulation
1986-05-08,0.0046897903,simulation
1986-05-09,0.007563618,simulation
1986-05-10,0.00308113,simulation
1986-05-11,0.0011899426,simulation
1986-05-12,0.006320063,simulation
1986-05-13,0.00845309,simulation
1986-05-14,0.007433798,simulation
1986-05-15,0.001966187,simulation
1986-05-16,0.0068493467,simulation
1986-05-17,0.00439382,simulation
1986-05-18,0.0010298064,simulation
1986-05-19,0.003938292,simulation
1986-05-20,0.0062579503,simulation
1986-05-21,0.007175328,simulation
1986-05-22,0.008633822,simulation
1986-05-23,0.006378391,simulation
1986-05-24,0.0045089093,simulation
1986-05-25,0.0015116363,simulation
1986-05-26,0.0016431772,simulation
1986-05-27,0.0009981609,simulation
1986-05-28,0.002856451,simulation
1986-05-29,0.0046533532,simulation
1986-05-30,0.003164055,simulation
1986-05-31,0.0010839396,simulation
1986-06-01,0.004101963,simulation
1986-06-02,0.0036107707,simulation
1986-06-03,0.004517153,simulation
1986-06-04,0.0032764075,simulation
1986-06-05,0.0051443316,simulation
1986-06-06,0.0034425645,simulation
1986-06-07,0.0044498486,simulation
1986-06-08,0.0053279563,simulation
1986-06-09,0.0038119906,simulation
1986-06-10,0.0029276756,simulation
1986-06-11,0.0076802857,simulation
1986-06-12,0.007254416,simulation
1986-06-13,0.00873838,simulation
1986-06-14,0.009440497,simulation
1986-06-15,0.009705208,simulation
1986-06-16,0.005740344,simulation
1986-06-17,0.008259531,simulation
1986-06-18,0.008980922,simulation
1986-06-19,0.011220112,simulation
1986-06-20,0.010704644,simulation
1986-06-21,0.011243939,simulation
1986-06-22,0.011614203,simulation
1986-06-23,0.010466427,simulation
1986-06-24,0.010027938,simulation
1986-06-25,0.009726174,simulation
1986-06-26,0.010133613,simulation
1986-06-27,0.0062419726,simulation
1986-06-28,0.0019708963,simulation
1986-06-29,0.0021158552,simulation
1986-06-30,0.0037996594,simulation
1986-07-01,0.0084208455,simulation
1986-07-02,0.0040412885,simulation
1986-07-03,0.010027908,simulation
1986-07-04,0.011106424,simulation
1986-07-05,0.010276668,simulation
1986-07-06,0.009488281,simulation
1986-07-07,0.010914661,simulation
1986-07-08,0.008913588,simulation
1986-07-09,0.011786416,simulation
1986-07-10,0.010766134,simulation
1986-07-11,0.0069763903,simulation
1986-07-12,0.008858198,simulation
1986-07-13,0.012474149,simulation
1986-07-14,0.008061614,simulation
1986-07-15,0.0038357498,simulation
1986-07-16,0.0031739415,simulation
1986-07-17,0.0017366033,simulation
1986-07-18,0.010354228,simulation
1986-07-19,0.010789242,simulation
1986-07-20,0.011490658,simulation
1986-07-21,0.007552242,simulation
1986-07-22,0.003053031,simulation
1986-07-23,0.010065865,simulation
1986-07-24,0.0077894432,simulation
1986-07-25,0.010365687,simulation
1986-07-26,0.01085753,simulation
1986-07-27,0.0064377654,simulation
1986-07-28,0.008108839,simulation
1986-07-29,0.012744896,simulation
1986-07-30,0.012093261,simulation
1986-07-31,0.012577444,simulation
1986-08-01,0.011941992,simulation
1986-08-02,0.005499754,simulation
1986-08-03,0.011744954,simulation
1986-08-04,0.007926479,simulation
1986-08-05,0.009365022,simulation
1986-08-06,0.008424861,simulation
1986-08-07,0.008108959,simulation
1986-08-08,0.003521427,simulation
1986-08-09,0.010461129,simulation
1986-08-10,0.007849401,simulation
1986-08-11,0.0013135294,simulation
1986-08-12,0.0075390986,simulation
1986-08-13,0.010539446,simulation
1986-08-14,0.009795722,simulation
1986-08-15,0.007456651,simulation
1986-08-16,0.008050006,simulation
1986-08-17,0.008011221,simulation
1986-08-18,0.012326129,simulation
1986-08-19,0.01268179,simulation
1986-08-20,0.013182148,simulation
1986-08-21,0.011052545,simulation
1986-08-22,0.00693275,simulation
1986-08-23,0.0100204535,simulation
1986-08-24,0.013167273,simulation
1986-08-25,0.013982207,simulation
1986-08-26,0.011215348,simulation
1986-08-27,0.006172046,simulation
1986-08-28,0.0019007555,simulation
1986-08-29,0.009024868,simulation
1986-08-30,0.008387361,simulation
1986-08-31,0.0041974457,simulation
1986-09-01,0.0017560296,simulation
1986-09-02,0.003093962,simulation
1986-09-03,0.004073798,simulation
1986-09-04,0.0036345464,simulation
1986-09-05,0.005536749,simulation
1986-09-06,0.0031605177,simulation
1986-09-07,0.0074611665,simulation
1986-09-08,0.011626225,simulation
1986-09-09,0.01005853,simulation
1986-09-10,0.008896029,simulation
1986-09-11,0.0061065005,simulation
1986-09-12,0.0016090603,simulation
1986-09-13,0.010023475,simulation
1986-09-14,0.0068853046,simulation
1986-09-15,0.0076937443,simulation
1986-09-16,0.008159962,simulation
1986-09-17,0.008967608,simulation
1986-09-18,0.004996835,simulation
1986-09-19,0.005633142,simulation
1986-09-20,0.005621962,simulation
1986-09-21,0.0019059624,simulation
1986-09-22,0.0016681267,simulation
1986-09-23,0.009291148,simulation
1986-09-24,0.008423985,simulation
1986-09-25,0.009363012,simulation
1986-09-26,0.009239175,simulation
1986-09-27,0.008917379,simulation
1986-09-28,0.010051414,simulation
1986-09-29,0.009246,simulation
1986-09-30,0.008120046,simulation
1986-10-01,0.003737928,simulation
1986-10-02,0.005438542,simulation
1986-10-03,0.0064365314,simulation
1986-10-04,0.0072919093,simulation
1986-10-05,0.0068904613,simulation
1986-10-06,0.0028656868,simulation
1986-10-07,0.0029788183,simulation
1986-10-08,0.0018488242,simulation
1986-10-09,0.0006985008,simulation
1986-10-10,0.0018670949,simulation
1986-10-11,0.0008632414,simulation
1986-10-12,0.00067060365,simulation
1986-10-13,0.0005063462,simulation
1986-10-14,0.002371031,simulation
1986-10-15,0.00522276,simulation
1986-10-16,0.005872129,simulation
1986-10-17,0.005707103,simulation
1986-10-18,0.005779873,simulation
1986-10-19,0.0062946402,simulation
1986-10-20,0.0057755033,simulation
1986-10-21,0.0030029328,simulation
1986-10-22,0.0011594727,simulation
1986-10-23,0.00087197806,simulation
1986-10-24,0.0007023024,simulation
1986-10-25,0.0012151396,simulation
1986-10-26,0.0032587042,simulation
1986-10-27,0.002850391,simulation
1986-10-28,0.0048402557,simulation
1986-10-29,0.0042687054,simulation
1986-10-30,0.0048799827,simulation
1986-10-31,0.0040246584,simulation
1986-11-01,0.0007851773,simulation
1986-11-02,0.002368203,simulation
1986-11-03,0.0010796626,simulation
1986-11-04,0.0009360463,simulation
1986-11-05,0.000846029,simulation
1986-11-06,0.0009544221,simulation
1986-11-07,0.0011160774,simulation
1986-11-08,0.002080568,simulation
1986-11-09,0.0023034983,simulation
1986-11-10,0.0026641341,simulation
1986-11-11,0.00074403064,simulation
1986-11-12,0.0012669144,simulation
1986-11-13,0.0017348211,simulation
1986-11-14,0.00095804123,simulation
1986-11-15,0.0008948599,simulation
1986-11-16,0.000709968,simulation
1986-11-17,0.0011863711,simulation
1986-11-18,0.0009960168,simulation
1986-11-19,0.0015810526,simulation
1986-11-20,0.0026930657,simulation
1986-11-21,0.0031073736,simulation
1986-11-22,0.0005340538,simulation
1986-11-23,0.0006989897,simulation
1986-11-24,0.00035690778,simulation
1986-11-25,0.00048875593,simulation
1986-11-26,0.0008456969,simulation
1986-11-27,0.0005337321,simulation
1986-11-28,0.0003848677,simulation
1986-11-29,0.0005438706,simulation
1986-11-30,0.00033965788,simulation
1986-12-01,0.0003134399,simulation
1986-12-02,0.0014553108,simulation
1986-12-03,0.0016782975,simulation
1986-12-04,0.0009642417,simulation
1986-12-05,0.0020724118,simulation
1986-12-06,0.001862311,simulation
1986-12-07,0.0008486545,simulation
1986-12-08,0.0012274088,simulation
1986-12-09,0.00053199957,simulation
1986-12-10,0.000317495,simulation
1986-12-11,0.00040585166,simulation
1986-12-12,0.0011968096,simulation
1986-12-13,0.0009839284,simulation
1986-12-14,0.0006739282,simulation
1986-12-15,0.00029799325,simulation
1986-12-16,0.0005104078,simulation
1986-12-17,0.0001778134,simulation
1986-12-18,0.00027985917,simulation
1986-12-19,0.00071670074,simulation
1986-12-20,0.0010500096,simulation
1986-12-21,0.00085290195,simulation
1986-12-22,0.0008636131,simulation
1986-12-23,0.00021279915,simulation
1986-12-24,0.00023401796,simulation
1986-12-25,0.00055552914,simulation
1986-12-26,0.00067579554,simulation
1986-12-27,0.0012083758,simulation
1986-12-28,0.00051852234,simulation
1986-12-29,0.0009544221,simulation
1986-12-30,0.0011779435,simulation
1986-12-31,0.0005158549,simulation
1987-01-01,0.0014809849,simulation
1987-01-02,0.0014732612,simulation
1987-01-03,0.0009196828,simulation
1987-01-04,0.00083899434,simulation
1987-01-05,0.0016217884,simulation
1987-01-06,0.00089647854,simulation
1987-01-07,0.0007865306,simulation
1987-01-08,0.0010938593,simulation
1987-01-09,0.00081549434,simulation
1987-01-10,0.0010363788,simulation
1987-01-11,0.0016206778,simulation
1987-01-12,0.0021839212,simulation
1987-01-13,0.00088163663,simulation
1987-01-14,0.0002452359,simulation
1987-01-15,0.00017321631,simulation
1987-01-16,0.00026053426,simulation
1987-01-17,0.0002682476,simulation
1987-01-18,0.00017630076,simulation
1987-01-19,0.0019556305,simulation
1987-01-20,0.00076470757,simulation
1987-01-21,0.0006310492,simulation
1987-01-22,0.0012160793,simulation
1987-01-23,0.0023068395,simulation
1987-01-24,0.0009143179,simulation
1987-01-25,0.00031003688,simulation
1987-01-26,0.0012726919,simulation
1987-01-27,0.0017040651,simulation
1987-01-28,0.0019961467,simulation
1987-01-29,0.0017254923,simulation
1987-01-30,0.0041057845,simulation
1987-01-31,0.0014492093,simulation
1987-02-01,0.0012107649,simulation
1987-02-02,0.0006769729,simulation
1987-02-03,0.00083531917,simulation
1987-02-04,0.0008980996,simulation
1987-02-05,0.0008320893,simulation
1987-02-06,0.00021592877,simulation
1987-02-07,0.0033520996,simulation
1987-02-08,0.0039954027,simulation
1987-02-09,0.0034376879,simulation
1987-02-10,0.0014721255,simulation
1987-02-11,0.0017340785,simulation
1987-02-12,0.00273646,simulation
1987-02-13,0.0038150721,simulation
1987-02-14,0.0037797582,simulation
1987-02-15,0.00073299516,simulation
1987-02-16,0.00046861533,simulation
1987-02-17,0.00063301716,simulation
1987-02-18,0.0008017101,simulation
1987-02-19,0.0012429984,simulation
1987-02-20,0.0006266254,simulation
1987-02-21,0.00027554497,simulation
1987-02-22,0.000415691,simulation
1987-02-23,0.0008123428,simulation
1987-02-24,0.00073795865,simulation
1987-02-25,0.0009335538,simulation
1987-02-26,0.00036068537,simulation
1987-02-27,0.00034956096,simulation
1987-02-28,0.0028173062,simulation
1987-03-01,0.0017605424,simulation
1987-03-02,0.003431828,simulation
1987-03-03,0.0028597862,simulation
1987-03-04,0.005085758,simulation
1987-03-05,0.0039801444,simulation
1987-03-06,0.0041414937,simulation
1987-03-07,0.0009396773,simulation
1987-03-08,0.00036508858,simulation
1987-03-09,0.0031643254,simulation
1987-03-10,0.0010182725,simulation
1987-03-11,0.0008215549,simulation
1987-03-12,0.0028405031,simulation
1987-03-13,0.0045002894,simulation
1987-03-14,0.0056158854,simulation
1987-03-15,0.001692436,simulation
1987-03-16,0.0042640297,simulation
1987-03-17,0.0022292878,simulation
1987-03-18,0.0037343872,simulation
1987-03-19,0.0045960904,simulation
1987-03-20,0.0044736927,simulation
1987-03-21,0.006097229,simulation
1987-03-22,0.0041298466,simulation
1987-03-23,0.0055371365,simulation
1987-03-24,0.0053651673,simulation
1987-03-25,0.0032292034,simulation
1987-03-26,0.0018257281,simulation
1987-03-27,0.0017281532,simulation
1987-03-28,0.006972948,simulation
1987-03-29,0.0021106238,simulation
1987-03-30,0.00068635977,simulation
1987-03-31,0.0046928986,simulation
1987-04-01,0.006347155,simulation
1987-04-02,0.0012453481,simulation
1987-04-03,0.0012073386,simulation
1987-04-04,0.0055013914,simulation
1987-04-05,0.0060356874,simulation
1987-04-06,0.005667622,simulation
1987-04-07,0.0049842233,simulation
1987-04-08,0.0059172977,simulation
1987-04-09,0.0070327036,simulation
1987-04-10,0.00816955,simulation
1987-04-11,0.0057911673,simulation
1987-04-12,0.006918628,simulation
1987-04-13,0.0029624286,simulation
1987-04-14,0.008028563,simulation
1987-04-15,0.0019162535,simulation
1987-04-16,0.006024288,simulation
1987-04-17,0.007376291,simulation
1987-04-18,0.008800406,simulation
1987-04-19,0.009254273,simulation
1987-04-20,0.009518623,simulation
1987-04-21,0.009845614,simulation
1987-04-22,0.0020205074,simulation
1987-04-23,0.009765007,simulation
1987-04-24,0.009568077,simulation
1987-04-25,0.009994954,simulation
1987-04-26,0.009948023,simulation
1987-04-27,0.010594107,simulation
1987-04-28,0.011329316,simulation
1987-04-29,0.010588232,simulation
1987-04-30,0.0072929794,simulation
1987-05-01,0.0104107745,simulation
1987-05-02,0.0022917446,simulation
1987-05-03,0.0013600935,simulation
1987-05-04,0.0026023095,simulation
1987-05-05,0.0029249422,simulation
1987-05-06,0.0014529418,simulation
1987-05-07,0.0015096941,simulation
1987-05-08,0.008692663,simulation
1987-05-09,0.0060325414,simulation
1987-05-10,0.001679159,simulation
1987-05-11,0.0032026959,simulation
1987-05-12,0.0026620962,simulation
1987-05-13,0.0029775538,simulation
1987-05-14,0.0016197062,simulation
1987-05-15,0.0031457245,simulation
1987-05-16,0.0037755163,simulation
1987-05-17,0.001656598,simulation
1987-05-18,0.0028017939,simulation
1987-05-19,0.0025745563,simulation
1987-05-20,0.0046147644,simulation
1987-05-21,0.0067110583,simulation
1987-05-22,0.0058069825,simulation
1987-05-23,0.006427616,simulation
1987-05-24,0.003377063,simulation
1987-05-25,0.004436393,simulation
1987-05-26,0.008070223,simulation
1987-05-27,0.008910511,simulation
1987-05-28,0.0053997054,simulation
1987-05-29,0.004503041,simulation
1987-05-30,0.005196792,simulation
1987-05-31,0.008064281,simulation
1987-06-01,0.009310886,simulation
1987-06-02,0.0066726347,simulation
1987-06-03,0.005860362,simulation
1987-06-04,0.003520794,simulation
1987-06-05,0.008313663,simulation
1987-06-06,0.010006964,simulation
1987-06-07,0.009457983,simulation
1987-06-08,0.008951139,simulation
1987-06-09,0.00469497,simulation
1987-06-10,0.0020955426,simulation
1987-06-11,0.005689879,simulation
1987-06-12,0.0010820782,simulation
1987-06-13,0.0011426627,simulation
1987-06-14,0.0033531636,simulation
1987-06-15,0.0035700616,simulation
1987-06-16,0.0068053994,simulation
1987-06-17,0.0032279266,simulation
1987-06-18,0.0034303814,simulation
1987-06-19,0.001405517,simulation
1987-06-20,0.0049162605,simulation
1987-06-21,0.0036840918,simulation
1987-06-22,0.0060354993,simulation
1987-06-23,0.0080816075,simulation
1987-06-24,0.0070651677,simulation
1987-06-25,0.0060694134,simulation
1987-06-26,0.007080104,simulation
1987-06-27,0.008281596,simulation
1987-06-28,0.010932684,simulation
1987-06-29,0.0112296045,simulation
1987-06-30,0.0063699726,simulation
1987-07-01,0.0034912098,simulation
1987-07-02,0.004138892,simulation
1987-07-03,0.0066556092,simulation
1987-07-04,0.005505221,simulation
1987-07-05,0.0083056055,simulation
1987-07-06,0.005175238,simulation
1987-07-07,0.0029546428,simulation
1987-07-08,0.004766959,simulation
1987-07-09,0.005824269,simulation
1987-07-10,0.0048239203,simulation
1987-07-11,0.009070549,simulation
1987-07-12,0.0109616965,simulation
1987-07-13,0.004962248,simulation
1987-07-14,0.005383706,simulation
1987-07-15,0.007152401,simulation
1987-07-16,0.011991106,simulation
1987-07-17,0.011621848,simulation
1987-07-18,0.0115290135,simulation
1987-07-19,0.010497808,simulation
1987-07-20,0.011779323,simulation
1987-07-21,0.0017575326,simulation
1987-07-22,0.004457187,simulation
1987-07-23,0.0064594597,simulation
1987-07-24,0.0054585086,simulation
1987-07-25,0.004749473,simulation
1987-07-26,0.009915579,simulation
1987-07-27,0.011741899,simulation
1987-07-28,0.011585444,simulation
1987-07-29,0.01308246,simulation
1987-07-30,0.012508802,simulation
1987-07-31,0.011513017,simulation
1987-08-01,0.011624992,simulation
1987-08-02,0.0052970275,simulation
1987-08-03,0.009126179,simulation
1987-08-04,0.002829883,simulation
1987-08-05,0.0054466184,simulation
1987-08-06,0.0032889326,simulation
1987-08-07,0.008570142,simulation
1987-08-08,0.010056429,simulation
1987-08-09,0.008983836,simulation
1987-08-10,0.0034288259,simulation
1987-08-11,0.001984075,simulation
1987-08-12,0.0016941752,simulation
1987-08-13,0.0014950149,simulation
1987-08-14,0.0012432118,simulation
1987-08-15,0.0057270443,simulation
1987-08-16,0.00535068,simulation
1987-08-17,0.0021865314,simulation
1987-08-18,0.0050674565,simulation
1987-08-19,0.0052237688,simulation
1987-08-20,0.00985074,simulation
1987-08-21,0.010644302,simulation
1987-08-22,0.010102101,simulation
1987-08-23,0.0104151,simulation
1987-08-24,0.0110010505,simulation
1987-08-25,0.010339431,simulation
1987-08-26,0.009610273,simulation
1987-08-27,0.006074211,simulation
1987-08-28,0.0063101575,simulation
1987-08-29,0.00728151,simulation
1987-08-30,0.0016072696,simulation
1987-08-31,0.0011672672,simulation
1987-09-01,0.0062731514,simulation
1987-09-02,0.010500867,simulation
1987-09-03,0.010870032,simulation
1987-09-04,0.0100882575,simulation
1987-09-05,0.010042805,simulation
1987-09-06,0.0029991122,simulation
1987-09-07,0.0021288998,simulation
1987-09-08,0.007578615,simulation
1987-09-09,0.008273028,simulation
1987-09-10,0.007984852,simulation
1987-09-11,0.0041044606,simulation
1987-09-12,0.0041034226,simulation
1987-09-13,0.006550755,simulation
1987-09-14,0.008172793,simulation
1987-09-15,0.005569615,simulation
1987-09-16,0.0017091776,simulation
1987-09-17,0.0021692486,simulation
1987-09-18,0.0017904668,simulation
1987-09-19,0.0010065207,simulation
1987-09-20,0.008921491,simulation
1987-09-21,0.0081550535,simulation
1987-09-22,0.008052241,simulation
1987-09-23,0.008096855,simulation
1987-09-24,0.008333402,simulation
1987-09-25,0.0080844965,simulation
1987-09-26,0.0051379804,simulation
1987-09-27,0.0052505946,simulation
1987-09-28,0.0068076593,simulation
1987-09-29,0.0010978142,simulation
1987-09-30,0.00922909,simulation
1987-10-01,0.00847958,simulation
1987-10-02,0.009211879,simulation
1987-10-03,0.009328505,simulation
1987-10-04,0.0074017127,simulation
1987-10-05,0.0076977927,simulation
1987-10-06,0.008458461,simulation
1987-10-07,0.008019773,simulation
1987-10-08,0.0073913615,simulation
1987-10-09,0.0069809086,simulation
1987-10-10,0.008211517,simulation
1987-10-11,0.008333723,simulation
1987-10-12,0.0073927343,simulation
1987-10-13,0.00767964,simulation
1987-10-14,0.0078014233,simulation
1987-10-15,0.0059897294,simulation
1987-10-16,0.0061841407,simulation
1987-10-17,0.006546314,simulation
1987-10-18,0.0058321804,simulation
1987-10-19,0.0025171326,simulation
1987-10-20,0.0013652365,simulation
1987-10-21,0.0075761895,simulation
1987-10-22,0.0061741658,simulation
1987-10-23,0.0061639403,simulation
1987-10-24,0.0012256183,simulation
1987-10-25,0.0012678938,simulation
1987-10-26,0.00090554915,simulation
1987-10-27,0.006280918,simulation
1987-10-28,0.0064396714,simulation
1987-10-29,0.006335082,simulation
1987-10-30,0.0077537764,simulation
1987-10-31,0.0073262844,simulation
1987-11-01,0.0072998535,simulation
1987-11-02,0.007044474,simulation
1987-11-03,0.0051539987,simulation
1987-11-04,0.0010598941,simulation
1987-11-05,0.009120215,simulation
1987-11-06,0.008569985,simulation
1987-11-07,0.007052232,simulation
1987-11-08,0.0014555595,simulation
1987-11-09,0.0007602256,simulation
1987-11-10,0.00079648104,simulation
1987-11-11,0.0038183075,simulation
1987-11-12,0.0030070124,simulation
1987-11-13,0.0010907615,simulation
1987-11-14,0.0028474873,simulation
1987-11-15,0.0021807556,simulation
1987-11-16,0.0013579943,simulation
1987-11-17,0.0021290812,simulation
1987-11-18,0.0013318021,simulation
1987-11-19,0.001728449,simulation
1987-11-20,0.00496513,simulation
1987-11-21,0.0028938137,simulation
1987-11-22,0.005118592,simulation
1987-11-23,0.0055195484,simulation
1987-11-24,0.0016601478,simulation
1987-11-25,0.002522924,simulation
1987-11-26,0.0008871158,simulation
1987-11-27,0.00034739892,simulation
1987-11-28,0.0015934252,simulation
1987-11-29,0.0013344331,simulation
1987-11-30,0.001592197,simulation
1987-12-01,0.0023417096,simulation
1987-12-02,0.0019123269,simulation
1987-12-03,0.0011890229,simulation
1987-12-04,0.005185651,simulation
1987-12-05,0.0017635582,simulation
1987-12-06,0.0015532611,simulation
1987-12-07,0.0013854103,simulation
1987-12-08,0.00078524515,simulation
1987-12-09,0.00078999257,simulation
1987-12-10,0.0021930707,simulation
1987-12-11,0.0013370692,simulation
1987-12-12,0.002179453,simulation
1987-12-13,0.002056019,simulation
1987-12-14,0.0013107144,simulation
1987-12-15,0.0021788958,simulation
1987-12-16,0.0024353198,simulation
1987-12-17,0.0017557291,simulation
1987-12-18,0.00087167806,simulation
1987-12-19,0.0013506748,simulation
1987-12-20,0.0013303179,simulation
1987-12-21,9.4450515e-05,simulation
1987-12-22,0.0010216051,simulation
1987-12-23,0.0021668435,simulation
1987-12-24,0.00090570503,simulation
1987-12-25,0.0011590745,simulation
1987-12-26,0.0002743168,simulation
1987-12-27,0.0002878827,simulation
1987-12-28,0.0012037153,simulation
1987-12-29,0.0012571644,simulation
1987-12-30,0.0008946291,simulation
1987-12-31,0.0006238403,simulation
1988-01-01,0.00033725408,simulation
1988-01-02,0.0011754169,simulation
1988-01-03,0.00063433626,simulation
1988-01-04,0.0010203758,simulation
1988-01-05,0.0014001032,simulation
1988-01-06,0.0012880774,simulation
1988-01-07,0.00020671147,simulation
1988-01-08,0.00014290877,simulation
1988-01-09,0.00022588734,simulation
1988-01-10,0.00089678704,simulation
1988-01-11,0.0014433812,simulation
1988-01-12,0.0009091405,simulation
1988-01-13,0.002216016,simulation
1988-01-14,0.0012833325,simulation
1988-01-15,0.0018768576,simulation
1988-01-16,0.0011132038,simulation
1988-01-17,0.0006020323,simulation
1988-01-18,0.00027014996,simulation
1988-01-19,0.00091746973,simulation
1988-01-20,0.0015889273,simulation
1988-01-21,0.0009851137,simulation
1988-01-22,0.0015761838,simulation
1988-01-23,0.0026650417,simulation
1988-01-24,0.0006866434,simulation
1988-01-25,0.001814985,simulation
1988-01-26,0.0015246462,simulation
1988-01-27,0.0018129675,simulation
1988-01-28,0.0029009494,simulation
1988-01-29,0.0014375763,simulation
1988-01-30,0.002129627,simulation
1988-01-31,0.00081992976,simulation
1988-02-01,0.00059172773,simulation
1988-02-02,0.00037735637,simulation
1988-02-03,0.00022176091,simulation
1988-02-04,0.0007451566,simulation
1988-02-05,0.0011562901,simulation
1988-02-06,0.0026577974,simulation
1988-02-07,0.0007795852,simulation
1988-02-08,0.0013430482,simulation
1988-02-09,0.0011088122,simulation
1988-02-10,0.0033455878,simulation
1988-02-11,0.00037956142,simulation
1988-02-12,0.001983736,simulation
1988-02-13,0.0031704288,simulation
1988-02-14,0.001289626,simulation
1988-02-15,0.00100782,simulation
1988-02-16,0.0031793772,simulation
1988-02-17,0.0014762951,simulation
1988-02-18,0.00037941508,simulation
1988-02-19,0.0005767442,simulation
1988-02-20,0.001346394,simulation
1988-02-21,0.0031442489,simulation
1988-02-22,0.005357138,simulation
1988-02-23,0.0014037105,simulation
1988-02-24,0.004025715,simulation
1988-02-25,0.003817764,simulation
1988-02-26,0.003034753,simulation
1988-02-27,0.0009481213,simulation
1988-02-28,0.0048585804,simulation
1988-02-29,0.003771152,simulation
1988-03-01,0.0035417238,simulation
1988-03-02,0.0015091767,simulation
1988-03-03,0.001482128,simulation
1988-03-04,0.00089617,simulation
1988-03-05,0.0010604414,simulation
1988-03-06,0.0034210384,simulation
1988-03-07,0.0047457917,simulation
1988-03-08,0.000719402,simulation
1988-03-09,0.0007723018,simulation
1988-03-10,0.0035165106,simulation
1988-03-11,0.0058020186,simulation
1988-03-12,0.0009750829,simulation
1988-03-13,0.0056052543,simulation
1988-03-14,0.0050540804,simulation
1988-03-15,0.004545523,simulation
1988-03-16,0.004811505,simulation
1988-03-17,0.0050836555,simulation
1988-03-18,0.0004449786,simulation
1988-03-19,0.0047762874,simulation
1988-03-20,0.0063767117,simulation
1988-03-21,0.0071889497,simulation
1988-03-22,0.0065375622,simulation
1988-03-23,0.0037976846,simulation
1988-03-24,0.0051998487,simulation
1988-03-25,0.0006816701,simulation
1988-03-26,0.0053263605,simulation
1988-03-27,0.0068141036,simulation
1988-03-28,0.0038440847,simulation
1988-03-29,0.0032789304,simulation
1988-03-30,0.0003554203,simulation
1988-03-31,0.0007884291,simulation
1988-04-01,0.003335807,simulation
1988-04-02,0.0010395915,simulation
1988-04-03,0.0012041288,simulation
1988-04-04,0.0059500625,simulation
1988-04-05,0.007739771,simulation
1988-04-06,0.008400075,simulation
1988-04-07,0.007956523,simulation
1988-04-08,0.006487692,simulation
1988-04-09,0.0020239619,simulation
1988-04-10,0.0022270072,simulation
1988-04-11,0.0006890601,simulation
1988-04-12,0.0043848096,simulation
1988-04-13,0.0074877124,simulation
1988-04-14,0.00700056,simulation
1988-04-15,0.007296065,simulation
1988-04-16,0.004994042,simulation
1988-04-17,0.005232402,simulation
1988-04-18,0.0018370048,simulation
1988-04-19,0.00378928,simulation
1988-04-20,0.007529665,simulation
1988-04-21,0.0031792063,simulation
1988-04-22,0.0010122496,simulation
1988-04-23,0.0009802962,simulation
1988-04-24,0.008903749,simulation
1988-04-25,0.0021336293,simulation
1988-04-26,0.008184183,simulation
1988-04-27,0.008377507,simulation
1988-04-28,0.006759856,simulation
1988-04-29,0.0034510198,simulation
1988-04-30,0.0013669946,simulation
1988-05-01,0.008458793,simulation
1988-05-02,0.009261735,simulation
1988-05-03,0.0074504893,simulation
1988-05-04,0.00765457,simulation
1988-05-05,0.009351805,simulation
1988-05-06,0.0073615853,simulation
1988-05-07,0.0026630021,simulation
1988-05-08,0.00474206,simulation
1988-05-09,0.0057895523,simulation
1988-05-10,0.008714311,simulation
1988-05-11,0.007517725,simulation
1988-05-12,0.0014332685,simulation
1988-05-13,0.0091090165,simulation
1988-05-14,0.009529993,simulation
1988-05-15,0.009331781,simulation
1988-05-16,0.0073858043,simulation
1988-05-17,0.011884265,simulation
1988-05-18,0.011120692,simulation
1988-05-19,0.010548107,simulation
1988-05-20,0.009633541,simulation
1988-05-21,0.0050165593,simulation
1988-05-22,0.004262611,simulation
1988-05-23,0.0077163493,simulation
1988-05-24,0.001448464,simulation
1988-05-25,0.0072892625,simulation
1988-05-26,0.012025401,simulation
1988-05-27,0.011896618,simulation
1988-05-28,0.012419656,simulation
1988-05-29,0.013097264,simulation
1988-05-30,0.012741886,simulation
1988-05-31,0.011957876,simulation
1988-06-01,0.011128701,simulation
1988-06-02,0.0072970465,simulation
1988-06-03,0.0059689423,simulation
1988-06-04,0.008022361,simulation
1988-06-05,0.0075273165,simulation
1988-06-06,0.0067148013,simulation
1988-06-07,0.0049439645,simulation
1988-06-08,0.014171533,simulation
1988-06-09,0.0070138955,simulation
1988-06-10,0.015456863,simulation
1988-06-11,0.014150411,simulation
1988-06-12,0.013721101,simulation
1988-06-13,0.015199751,simulation
1988-06-14,0.01413817,simulation
1988-06-15,0.0146899,simulation
1988-06-16,0.013307907,simulation
1988-06-17,0.009628333,simulation
1988-06-18,0.004399944,simulation
1988-06-19,0.0069359387,simulation
1988-06-20,0.014214352,simulation
1988-06-21,0.013729185,simulation
1988-06-22,0.0040762015,simulation
1988-06-23,0.003744563,simulation
1988-06-24,0.0071736276,simulation
1988-06-25,0.007616165,simulation
1988-06-26,0.008211444,simulation
1988-06-27,0.013755947,simulation
1988-06-28,0.019953273,simulation
1988-06-29,0.011664405,simulation
1988-06-30,0.008310217,simulation
1988-07-01,0.010866226,simulation
1988-07-02,0.01148965,simulation
1988-07-03,0.008232398,simulation
1988-07-04,0.007814163,simulation
1988-07-05,0.0014948873,simulation
1988-07-06,0.0018296352,simulation
1988-07-07,0.0038396362,simulation
1988-07-08,0.006240609,simulation
1988-07-09,0.0049431357,simulation
1988-07-10,0.002462645,simulation
1988-07-11,0.006540539,simulation
1988-07-12,0.009936713,simulation
1988-07-13,0.004297176,simulation
1988-07-14,0.010847893,simulation
1988-07-15,0.013205588,simulation
1988-07-16,0.008348556,simulation
1988-07-17,0.005237862,simulation
1988-07-18,0.0063415235,simulation
1988-07-19,0.008027322,simulation
1988-07-20,0.00938232,simulation
1988-07-21,0.0021243617,simulation
1988-07-22,0.0038102588,simulation
1988-07-23,0.011907253,simulation
1988-07-24,0.013761416,simulation
1988-07-25,0.0071952115,simulation
1988-07-26,0.0025302377,simulation
1988-07-27,0.008972533,simulation
1988-07-28,0.01169787,simulation
1988-07-29,0.009649032,simulation
1988-07-30,0.009603667,simulation
1988-07-31,0.011911921,simulation
1988-08-01,0.01037455,simulation
1988-08-02,0.011638124,simulation
1988-08-03,0.011144595,simulation
1988-08-04,0.009029081,simulation
1988-08-05,0.005518108,simulation
1988-08-06,0.0040830765,simulation
1988-08-07,0.0045945193,simulation
1988-08-08,0.010691721,simulation
1988-08-09,0.0030589937,simulation
1988-08-10,0.006881244,simulation
1988-08-11,0.009585011,simulation
1988-08-12,0.008056493,simulation
1988-08-13,0.012397807,simulation
1988-08-14,0.013322741,simulation
1988-08-15,0.012070376,simulation
1988-08-16,0.008417562,simulation
1988-08-17,0.008147125,simulation
1988-08-18,0.010053358,simulation
1988-08-19,0.00518123,simulation
1988-08-20,0.005355159,simulation
1988-08-21,0.0008292288,simulation
1988-08-22,0.0037645365,simulation
1988-08-23,0.0024683143,simulation
1988-08-24,0.0027192982,simulation
1988-08-25,0.01235304,simulation
1988-08-26,0.011615507,simulation
1988-08-27,0.0110706985,simulation
1988-08-28,0.009162849,simulation
1988-08-29,0.0063925926,simulation
1988-08-30,0.0053482614,simulation
1988-08-31,0.008496432,simulation
1988-09-01,0.0017861836,simulation
1988-09-02,0.0014184735,simulation
1988-09-03,0.0008216256,simulation
1988-09-04,0.0020255186,simulation
1988-09-05,0.007684728,simulation
1988-09-06,0.009397086,simulation
1988-09-07,0.008827496,simulation
1988-09-08,0.007767249,simulation
1988-09-09,0.0067513715,simulation
1988-09-10,0.0026120709,simulation
1988-09-11,0.0042643487,simulation
1988-09-12,0.0041991873,simulation
1988-09-13,0.005527888,simulation
1988-09-14,0.0079239365,simulation
1988-09-15,0.0016665561,simulation
1988-09-16,0.0009164444,simulation
1988-09-17,0.001513451,simulation
1988-09-18,0.0027859807,simulation
1988-09-19,0.0040565096,simulation
1988-09-20,0.00529234,simulation
1988-09-21,0.0046593295,simulation
1988-09-22,0.0074117836,simulation
1988-09-23,0.006728446,simulation
1988-09-24,0.0046203407,simulation
1988-09-25,0.0031490165,simulation
1988-09-26,0.0067089107,simulation
1988-09-27,0.0040853857,simulation
1988-09-28,0.0026187461,simulation
1988-09-29,0.0016737056,simulation
1988-09-30,0.0032883757,simulation
