time,storage,phase
1948-10-01,0.0,spinup1
1948-10-02,2.1844347,spinup1
1948-10-03,4.324081,spinup1
1948-10-04,6.418722,spinup1
1948-10-05,8.424388,spinup1
1948-10-06,10.535908,spinup1
1948-10-07,12.585939,spinup1
1948-10-08,16.063995,spinup1
1948-10-09,17.823437,spinup1
1948-10-10,19.650064,spinup1
1948-10-11,34.277626,spinup1
1948-10-12,59.97678,spinup1
1948-10-13,60.89955,spinup1
1948-10-14,61.84537,spinup1
1948-10-15,63.52511,spinup1
1948-10-16,64.97335,spinup1
1948-10-17,66.37009,spinup1
1948-10-18,73.004074,spinup1
1948-10-19,74.17908,spinup1
1948-10-20,75.467514,spinup1
1948-10-21,77.0869,spinup1
1948-10-22,78.46791,spinup1
1948-10-23,80.0808,spinup1
1948-10-24,81.47027,spinup1
1948-10-25,83.80306,spinup1
1948-10-26,85.553795,spinup1
1948-10-27,87.29386,spinup1
1948-10-28,88.78763,spinup1
1948-10-29,89.944984,spinup1
1948-10-30,91.05924,spinup1
1948-10-31,92.69025,spinup1
1948-11-01,96.13395,spinup1
1948-11-02,104.98229,spinup1
1948-11-03,107.269615,spinup1
1948-11-04,109.02641,spinup1
1948-11-05,110.50466,spinup1
1948-11-06,140.90399,spinup1
1948-11-07,141.97505,spinup1
1948-11-08,143.20137,spinup1
1948-11-09,144.6058,spinup1
1948-11-10,168.28465,spinup1
1948-11-11,169.34921,spinup1
1948-11-12,170.74582,spinup1
1948-11-13,172.49692,spinup1
1948-11-14,173.99243,spinup1
1948-11-15,175.49734,spinup1
1948-11-16,176.90027,spinup1
1948-11-17,224.66388,spinup1
1948-11-18,225.82182,spinup1
1948-11-19,269.6851,spinup1
1948-11-20,285.31042,spinup1
1948-11-21,285.21033,spinup1
1948-11-22,317.18906,spinup1
1948-11-23,321.70688,spinup1
1948-11-24,331.46768,spinup1
1948-11-25,331.90192,spinup1
1948-11-26,331.98526,spinup1
1948-11-27,416.57303,spinup1
1948-11-28,434.82092,spinup1
1948-11-29,480.11368,spinup1
1948-11-30,480.11884,spinup1
1948-12-01,479.97937,spinup1
1948-12-02,479.6438,spinup1
1948-12-03,480.66394,spinup1
1948-12-04,481.3276,spinup1
1948-12-05,481.60742,spinup1
1948-12-06,490.7445,spinup1
1948-12-07,490.39108,spinup1
1948-12-08,499.62094,spinup1
1948-12-09,499.24347,spinup1
1948-12-10,498.51242,spinup1
1948-12-11,498.1034,spinup1
1948-12-12,497.82138,spinup1
1948-12-13,498.1111,spinup1
1948-12-14,498.53162,spinup1
1948-12-15,500.2151,spinup1
1948-12-16,500.8164,spinup1
1948-12-17,524.3723,spinup1
1948-12-18,525.07275,spinup1
1948-12-19,535.99426,spinup1
1948-12-20,536.9371,spinup1
1948-12-21,536.5126,spinup1
1948-12-22,536.47546,spinup1
1948-12-23,536.5152,spinup1
1948-12-24,536.45386,spinup1
1948-12-25,539.1731,spinup1
1948-12-26,558.0835,spinup1
1948-12-27,558.16534,spinup1
1948-12-28,558.1459,spinup1
1948-12-29,562.0344,spinup1
1948-12-30,582.9097,spinup1
1948-12-31,582.60223,spinup1
1949-01-01,582.2064,spinup1
1949-01-02,581.9622,spinup1
1949-01-03,581.81274,spinup1
1949-01-04,589.8811,spinup1
1949-01-05,648.44586,spinup1
1949-01-06,663.79004,spinup1
1949-01-07,662.90454,spinup1
1949-01-08,662.27673,spinup1
1949-01-09,661.35547,spinup1
1949-01-10,659.7894,spinup1
1949-01-11,657.8374,spinup1
1949-01-12,656.77106,spinup1
1949-01-13,656.2815,spinup1
1949-01-14,655.9969,spinup1
1949-01-15,655.5121,spinup1
1949-01-16,653.9403,spinup1
1949-01-17,656.7701,spinup1
1949-01-18,673.87366,spinup1
1949-01-19,691.3252,spinup1
1949-01-20,690.3657,spinup1
1949-01-21,692.73816,spinup1
1949-01-22,724.66187,spinup1
1949-01-23,735.0439,spinup1
1949-01-24,731.8964,spinup1
1949-01-25,731.8293,spinup1
1949-01-26,731.99475,spinup1
1949-01-27,740.19305,spinup1
1949-01-28,738.055,spinup1
1949-01-29,734.0665,spinup1
1949-01-30,730.9144,spinup1
1949-01-31,758.92065,spinup1
1949-02-01,753.34064,spinup1
1949-02-02,748.5019,spinup1
1949-02-03,742.993,spinup1
1949-02-04,747.72644,spinup1
1949-02-05,747.8605,spinup1
1949-02-06,743.7245,spinup1
1949-02-07,741.3002,spinup1
1949-02-08,737.493,spinup1
1949-02-09,758.43024,spinup1
1949-02-10,777.71454,spinup1
1949-02-11,765.24677,spinup1
1949-02-12,756.1914,spinup1
1949-02-13,748.29724,spinup1
1949-02-14,743.46875,spinup1
1949-02-15,739.1438,spinup1
1949-02-16,785.9099,spinup1
1949-02-17,791.37103,spinup1
1949-02-18,776.49164,spinup1
1949-02-19,780.3041,spinup1
1949-02-20,771.4971,spinup1
1949-02-21,762.46454,spinup1
1949-02-22,756.5881,spinup1
1949-02-23,750.64966,spinup1
1949-02-24,745.7204,spinup1
1949-02-25,747.9958,spinup1
1949-02-26,741.55804,spinup1
1949-02-27,746.7925,spinup1
1949-02-28,743.13,spinup1
1949-03-01,736.60455,spinup1
1949-03-02,731.54535,spinup1
1949-03-03,727.21124,spinup1
1949-03-04,722.62256,spinup1
1949-03-05,717.91626,spinup1
1949-03-06,715.324,spinup1
1949-03-07,718.5859,spinup1
1949-03-08,714.56573,spinup1
1949-03-09,710.6164,spinup1
1949-03-10,727.0328,spinup1
1949-03-11,722.1241,spinup1
1949-03-12,717.6265,spinup1
1949-03-13,714.5037,spinup1
1949-03-14,729.3147,spinup1
1949-03-15,742.49945,spinup1
1949-03-16,736.4133,spinup1
1949-03-17,732.44434,spinup1
1949-03-18,728.8252,spinup1
1949-03-19,733.3236,spinup1
1949-03-20,728.82837,spinup1
1949-03-21,722.98785,spinup1
1949-03-22,780.841,spinup1
1949-03-23,767.2455,spinup1
1949-03-24,758.13696,spinup1
1949-03-25,751.7242,spinup1
1949-03-26,751.1215,spinup1
1949-03-27,745.1456,spinup1
1949-03-28,781.11444,spinup1
1949-03-29,780.449,spinup1
1949-03-30,777.0989,spinup1
1949-03-31,862.1668,spinup1
1949-04-01,831.2275,spinup1
1949-04-02,801.5052,spinup1
1949-04-03,783.93866,spinup1
1949-04-04,771.51636,spinup1
1949-04-05,764.1226,spinup1
1949-04-06,756.5679,spinup1
1949-04-07,747.9749,spinup1
1949-04-08,738.53674,spinup1
1949-04-09,733.32306,spinup1
1949-04-10,729.6781,spinup1
1949-04-11,748.00995,spinup1
1949-04-12,750.2811,spinup1
1949-04-13,755.5748,spinup1
1949-04-14,746.63995,spinup1
1949-04-15,737.8563,spinup1
1949-04-16,731.25574,spinup1
1949-04-17,723.9635,spinup1
1949-04-18,716.9687,spinup1
1949-04-19,709.7339,spinup1
1949-04-20,705.10596,spinup1
1949-04-21,708.6034,spinup1
1949-04-22,714.18506,spinup1
1949-04-23,724.6465,spinup1
1949-04-24,721.6293,spinup1
1949-04-25,716.6889,spinup1
1949-04-26,709.9,spinup1
1949-04-27,707.3055,spinup1
1949-04-28,721.7159,spinup1
1949-04-29,724.8586,spinup1
1949-04-30,733.5422,spinup1
1949-05-01,748.6436,spinup1
1949-05-02,800.11475,spinup1
1949-05-03,787.7749,spinup1
1949-05-04,769.7325,spinup1
1949-05-05,756.3396,spinup1
1949-05-06,745.34143,spinup1
1949-05-07,735.0656,spinup1
1949-05-08,726.8551,spinup1
1949-05-09,718.8084,spinup1
1949-05-10,719.2482,spinup1
1949-05-11,714.2585,spinup1
1949-05-12,707.13043,spinup1
1949-05-13,701.3698,spinup1
1949-05-14,694.4999,spinup1
1949-05-15,688.16675,spinup1
1949-05-16,681.61053,spinup1
1949-05-17,674.8997,spinup1
1949-05-18,669.021,spinup1
1949-05-19,663.3541,spinup1
1949-05-20,656.96686,spinup1
1949-05-21,653.5022,spinup1
1949-05-22,650.35077,spinup1
1949-05-23,646.01,spinup1
1949-05-24,643.1024,spinup1
1949-05-25,640.22943,spinup1
1949-05-26,634.1585,spinup1
1949-05-27,632.551,spinup1
1949-05-28,629.9222,spinup1
1949-05-29,653.154,spinup1
1949-05-30,676.8273,spinup1
1949-05-31,689.1623,spinup1
1949-06-01,687.3581,spinup1
1949-06-02,699.29,spinup1
1949-06-03,691.78796,spinup1
1949-06-04,684.04944,spinup1
1949-06-05,677.14105,spinup1
1949-06-06,669.86505,spinup1
1949-06-07,662.4739,spinup1
1949-06-08,656.78973,spinup1
1949-06-09,672.87244,spinup1
1949-06-10,671.4763,spinup1
1949-06-11,683.5699,spinup1
1949-06-12,691.93695,spinup1
1949-06-13,718.62305,spinup1
1949-06-14,715.74774,spinup1
1949-06-15,713.5911,spinup1
1949-06-16,716.37726,spinup1
1949-06-17,707.6606,spinup1
1949-06-18,699.6954,spinup1
1949-06-19,694.6706,spinup1
1949-06-20,692.1671,spinup1
1949-06-21,696.751,spinup1
1949-06-22,693.9974,spinup1
1949-06-23,712.46155,spinup1
1949-06-24,714.3526,spinup1
1949-06-25,721.7773,spinup1
1949-06-26,715.75793,spinup1
1949-06-27,709.28503,spinup1
1949-06-28,704.194,spinup1
1949-06-29,698.12054,spinup1
1949-06-30,692.275,spinup1
1949-07-01,700.04724,spinup1
1949-07-02,695.36163,spinup1
1949-07-03,695.6313,spinup1
1949-07-04,703.85803,spinup1
1949-07-05,698.83014,spinup1
1949-07-06,694.0967,spinup1
1949-07-07,687.88226,spinup1
1949-07-08,683.59174,spinup1
1949-07-09,678.4495,spinup1
1949-07-10,672.2582,spinup1
1949-07-11,678.4775,spinup1
1949-07-12,678.2896,spinup1
1949-07-13,702.71356,spinup1
1949-07-14,701.8967,spinup1
1949-07-15,698.8155,spinup1
1949-07-16,713.56726,spinup1
1949-07-17,744.8687,spinup1
1949-07-18,744.2547,spinup1
1949-07-19,737.3123,spinup1
1949-07-20,730.1583,spinup1
1949-07-21,722.9978,spinup1
1949-07-22,723.45593,spinup1
1949-07-23,721.4229,spinup1
1949-07-24,749.72327,spinup1
1949-07-25,793.0866,spinup1
1949-07-26,780.33984,spinup1
1949-07-27,764.4748,spinup1
1949-07-28,761.9905,spinup1
1949-07-29,751.3207,spinup1
1949-07-30,741.49384,spinup1
1949-07-31,755.646,spinup1
1949-08-01,757.925,spinup1
1949-08-02,760.6615,spinup1
1949-08-03,751.3837,spinup1
1949-08-04,743.2587,spinup1
1949-08-05,737.1393,spinup1
1949-08-06,731.2264,spinup1
1949-08-07,725.356,spinup1
1949-08-08,727.6414,spinup1
1949-08-09,721.7561,spinup1
1949-08-10,716.65607,spinup1
1949-08-11,709.5029,spinup1
1949-08-12,702.7673,spinup1
1949-08-13,710.5346,spinup1
1949-08-14,711.8003,spinup1
1949-08-15,706.6457,spinup1
1949-08-16,712.0499,spinup1
1949-08-17,711.82874,spinup1
1949-08-18,709.0032,spinup1
1949-08-19,712.14246,spinup1
1949-08-20,714.63025,spinup1
1949-08-21,707.6019,spinup1
1949-08-22,703.9817,spinup1
1949-08-23,700.9042,spinup1
1949-08-24,698.23175,spinup1
1949-08-25,696.26086,spinup1
1949-08-26,691.24646,spinup1
1949-08-27,687.9714,spinup1
1949-08-28,683.261,spinup1
1949-08-29,677.123,spinup1
1949-08-30,685.8299,spinup1
1949-08-31,687.5973,spinup1
1949-09-01,683.5906,spinup1
1949-09-02,678.86884,spinup1
1949-09-03,672.3066,spinup1
1949-09-04,672.77783,spinup1
1949-09-05,740.3011,spinup1
1949-09-06,736.1237,spinup1
1949-09-07,732.23706,spinup1
1949-09-08,725.1272,spinup1
1949-09-09,726.41034,spinup1
1949-09-10,720.90137,spinup1
1949-09-11,714.6969,spinup1
1949-09-12,711.0416,spinup1
1949-09-13,709.5884,spinup1
1949-09-14,720.9113,spinup1
1949-09-15,717.0217,spinup1
1949-09-16,713.1006,spinup1
1949-09-17,709.49445,spinup1
1949-09-18,707.61865,spinup1
1949-09-19,714.2554,spinup1
1949-09-20,713.6065,spinup1
1949-09-21,707.6654,spinup1
1949-09-22,709.4277,spinup1
1949-09-23,707.61224,spinup1
1949-09-24,702.204,spinup1
1949-09-25,696.81396,spinup1
1949-09-26,692.3743,spinup1
1949-09-27,687.1965,spinup1
1949-09-28,685.0491,spinup1
1949-09-29,682.8821,spinup1
1949-09-30,677.677,spinup1
1948-10-01,672.84937,spinup2
1948-10-02,668.17676,spinup2
1948-10-03,663.85034,spinup2
1948-10-04,659.54944,spinup2
1948-10-05,654.8395,spinup2
1948-10-06,652.0354,spinup2
1948-10-07,648.5922,spinup2
1948-10-08,649.0282,spinup2
1948-10-09,644.47925,spinup2
1948-10-10,640.3819,spinup2
1948-10-11,651.09735,spinup2
1948-10-12,674.32007,spinup2
1948-10-13,669.8807,spinup2
1948-10-14,665.5473,spinup2
1948-10-15,662.7561,spinup2
1948-10-16,659.3793,spinup2
1948-10-17,655.9595,spinup2
1948-10-18,659.8047,spinup2
1948-10-19,656.17017,spinup2
1948-10-20,652.78345,spinup2
1948-10-21,650.27014,spinup2
1948-10-22,647.17334,spinup2
1948-10-23,644.75446,spinup2
1948-10-24,641.77795,spinup2
1948-10-25,641.3562,spinup2
1948-10-26,640.14374,spinup2
1948-10-27,638.929,spinup2
1948-10-28,636.3985,spinup2
1948-10-29,633.213,spinup2
1948-10-30,629.9981,spinup2
1948-10-31,628.3031,spinup2
1948-11-01,629.3208,spinup2
1948-11-02,636.1494,spinup2
1948-11-03,634.3798,spinup2
1948-11-04,633.9756,spinup2
1948-11-05,631.9949,spinup2
1948-11-06,660.1881,spinup2
1948-11-07,657.44196,spinup2
1948-11-08,655.10406,spinup2
1948-11-09,653.58954,spinup2
1948-11-10,675.2144,spinup2
1948-11-11,672.6703,spinup2
1948-11-12,671.4723,spinup2
1948-11-13,670.78186,spinup2
1948-11-14,670.0206,spinup2
1948-11-15,669.35913,spinup2
1948-11-16,668.3393,spinup2
1948-11-17,714.2219,spinup2
1948-11-18,711.96173,spinup2
1948-11-19,752.8948,spinup2
1948-11-20,761.21454,spinup2
1948-11-21,752.48157,spinup2
1948-11-22,778.14404,spinup2
1948-11-23,771.53455,spinup2
1948-11-24,771.7669,spinup2
1948-11-25,761.82513,spinup2
1948-11-26,753.4599,spinup2
1948-11-27,832.1346,spinup2
1948-11-28,823.4299,spinup2
1948-11-29,844.0588,spinup2
1948-11-30,813.8616,spinup2
1948-12-01,791.6871,spinup2
1948-12-02,776.30096,spinup2
1948-12-03,767.02686,spinup2
1948-12-04,759.1128,spinup2
1948-12-05,752.7789,spinup2
1948-12-06,756.3413,spinup2
1948-12-07,749.5612,spinup2
1948-12-08,753.9626,spinup2
1948-12-09,747.5983,spinup2
1948-12-10,741.6578,spinup2
1948-12-11,736.8701,spinup2
1948-12-12,732.7637,spinup2
1948-12-13,729.8688,spinup2
1948-12-14,727.53064,spinup2
1948-12-15,726.4957,spinup2
1948-12-16,724.3289,spinup2
1948-12-17,745.52,spinup2
1948-12-18,741.96326,spinup2
1948-12-19,749.09375,spinup2
1948-12-20,745.22986,spinup2
1948-12-21,740.2817,spinup2
1948-12-22,736.43146,spinup2
1948-12-23,733.071,spinup2
1948-12-24,729.8732,spinup2
1948-12-25,729.7761,spinup2
1948-12-26,745.9077,spinup2
1948-12-27,741.69196,spinup2
1948-12-28,737.83435,spinup2
1948-12-29,738.2816,spinup2
1948-12-30,755.7102,spinup2
1948-12-31,749.722,spinup2
1949-01-01,744.51746,spinup2
1949-01-02,740.17615,spinup2
1949-01-03,736.4418,spinup2
1949-01-04,741.32324,spinup2
1949-01-05,796.2798,spinup2
1949-01-06,796.44934,spinup2
1949-01-07,780.2843,spinup2
1949-01-08,769.20703,spinup2
1949-01-09,760.5032,spinup2
1949-01-10,752.8064,spinup2
1949-01-11,746.0644,spinup2
1949-01-12,741.11304,spinup2
1949-01-13,737.38007,spinup2
1949-01-14,734.29987,spinup2
1949-01-15,731.2306,spinup2
1949-01-16,727.20184,spinup2
1949-01-17,727.9296,spinup2
1949-01-18,743.0282,spinup2
1949-01-19,757.2111,spinup2
1949-01-20,751.31433,spinup2
1949-01-21,749.63715,spinup2
1949-01-22,777.8597,spinup2
1949-01-23,780.27716,spinup2
1949-01-24,769.2701,spinup2
1949-01-25,763.7724,spinup2
1949-01-26,759.69446,spinup2
1949-01-27,764.42456,spinup2
1949-01-28,758.6591,spinup2
1949-01-29,751.891,spinup2
1949-01-30,746.6857,spinup2
1949-01-31,773.1031,spinup2
1949-02-01,764.60187,spinup2
1949-02-02,757.79266,spinup2
1949-02-03,750.8642,spinup2
1949-02-04,754.5977,spinup2
1949-02-05,753.7505,spinup2
1949-02-06,748.7817,spinup2
1949-02-07,745.72766,spinup2
1949-02-08,741.4068,spinup2
1949-02-09,761.9448,spinup2
1949-02-10,780.59644,spinup2
1949-02-11,767.369,spinup2
1949-02-12,757.8739,spinup2
1949-02-13,749.69965,spinup2
1949-02-14,744.6804,spinup2
1949-02-15,740.212,spinup2
1949-02-16,786.8671,spinup2
1949-02-17,792.04926,spinup2
1949-02-18,776.96094,spinup2
1949-02-19,780.654,spinup2
1949-02-20,771.75256,spinup2
1949-02-21,762.6607,spinup2
1949-02-22,756.7468,spinup2
1949-02-23,750.78204,spinup2
1949-02-24,745.8338,spinup2
1949-02-25,748.09515,spinup2
1949-02-26,741.6444,spinup2
1949-02-27,746.8693,spinup2
1949-02-28,743.1971,spinup2
1949-03-01,736.664,spinup2
1949-03-02,731.59924,spinup2
1949-03-03,727.2608,spinup2
1949-03-04,722.66864,spinup2
1949-03-05,717.95953,spinup2
1949-03-06,715.365,spinup2
1949-03-07,718.6248,spinup2
1949-03-08,714.60266,spinup2
1949-03-09,710.6517,spinup2
1949-03-10,727.0666,spinup2
1949-03-11,722.1556,spinup2
1949-03-12,717.65607,spinup2
1949-03-13,714.5317,spinup2
1949-03-14,729.3414,spinup2
1949-03-15,742.5242,spinup2
1949-03-16,736.43524,spinup2
1949-03-17,732.4642,spinup2
1949-03-18,728.8434,spinup2
1949-03-19,733.34045,spinup2
1949-03-20,728.8438,spinup2
1949-03-21,723.00214,spinup2
1949-03-22,780.8544,spinup2
1949-03-23,767.2552,spinup2
1949-03-24,758.1446,spinup2
1949-03-25,751.7304,spinup2
1949-03-26,751.1269,spinup2
1949-03-27,745.1502,spinup2
1949-03-28,781.1184,spinup2
1949-03-29,780.4518,spinup2
1949-03-30,777.1009,spinup2
1949-03-31,862.16833,spinup2
1949-04-01,831.2289,spinup2
1949-04-02,801.50616,spinup2
1949-04-03,783.93933,spinup2
1949-04-04,771.5169,spinup2
1949-04-05,764.12305,spinup2
1949-04-06,756.5682,spinup2
1949-04-07,747.97516,spinup2
1949-04-08,738.5369,spinup2
1949-04-09,733.32324,spinup2
1949-04-10,729.6783,spinup2
1949-04-11,748.0101,spinup2
1949-04-12,750.28125,spinup2
1949-04-13,755.5749,spinup2
1949-04-14,746.64,spinup2
1949-04-15,737.8564,spinup2
1949-04-16,731.2558,spinup2
1949-04-17,723.96356,spinup2
1949-04-18,716.96875,spinup2
1949-04-19,709.73395,spinup2
1949-04-20,705.106,spinup2
1949-04-21,708.6034,spinup2
1949-04-22,714.18506,spinup2
1949-04-23,724.6465,spinup2
1949-04-24,721.6293,spinup2
1949-04-25,716.6889,spinup2
1949-04-26,709.9,spinup2
1949-04-27,707.3055,spinup2
1949-04-28,721.7159,spinup2
1949-04-29,724.8586,spinup2
1949-04-30,733.5422,spinup2
1949-05-01,748.6436,spinup2
1949-05-02,800.11475,spinup2
1949-05-03,787.7749,spinup2
1949-05-04,769.7325,spinup2
1949-05-05,756.3396,spinup2
1949-05-06,745.34143,spinup2
1949-05-07,735.0656,spinup2
1949-05-08,726.8551,spinup2
1949-05-09,718.8084,spinup2
1949-05-10,719.2482,spinup2
1949-05-11,714.2585,spinup2
1949-05-12,707.13043,spinup2
1949-05-13,701.3698,spinup2
1949-05-14,694.4999,spinup2
1949-05-15,688.16675,spinup2
1949-05-16,681.61053,spinup2
1949-05-17,674.8997,spinup2
1949-05-18,669.021,spinup2
1949-05-19,663.3541,spinup2
1949-05-20,656.96686,spinup2
1949-05-21,653.5022,spinup2
1949-05-22,650.35077,spinup2
1949-05-23,646.01,spinup2
1949-05-24,643.1024,spinup2
1949-05-25,640.22943,spinup2
1949-05-26,634.1585,spinup2
1949-05-27,632.551,spinup2
1949-05-28,629.9222,spinup2
1949-05-29,653.154,spinup2
1949-05-30,676.8273,spinup2
1949-05-31,689.1623,spinup2
1949-06-01,687.3581,spinup2
1949-06-02,699.29,spinup2
1949-06-03,691.78796,spinup2
1949-06-04,684.04944,spinup2
1949-06-05,677.14105,spinup2
1949-06-06,669.86505,spinup2
1949-06-07,662.4739,spinup2
1949-06-08,656.78973,spinup2
1949-06-09,672.87244,spinup2
1949-06-10,671.4763,spinup2
1949-06-11,683.5699,spinup2
1949-06-12,691.93695,spinup2
1949-06-13,718.62305,spinup2
1949-06-14,715.74774,spinup2
1949-06-15,713.5911,spinup2
1949-06-16,716.37726,spinup2
1949-06-17,707.6606,spinup2
1949-06-18,699.6954,spinup2
1949-06-19,694.6706,spinup2
1949-06-20,692.1671,spinup2
1949-06-21,696.751,spinup2
1949-06-22,693.9974,spinup2
1949-06-23,712.46155,spinup2
1949-06-24,714.3526,spinup2
1949-06-25,721.7773,spinup2
1949-06-26,715.75793,spinup2
1949-06-27,709.28503,spinup2
1949-06-28,704.194,spinup2
1949-06-29,698.12054,spinup2
1949-06-30,692.275,spinup2
1949-07-01,700.04724,spinup2
1949-07-02,695.36163,spinup2
1949-07-03,695.6313,spinup2
1949-07-04,703.85803,spinup2
1949-07-05,698.83014,spinup2
1949-07-06,694.0967,spinup2
1949-07-07,687.88226,spinup2
1949-07-08,683.59174,spinup2
1949-07-09,678.4495,spinup2
1949-07-10,672.2582,spinup2
1949-07-11,678.4775,spinup2
1949-07-12,678.2896,spinup2
1949-07-13,702.71356,spinup2
1949-07-14,701.8967,spinup2
1949-07-15,698.8155,spinup2
1949-07-16,713.56726,spinup2
1949-07-17,744.8687,spinup2
1949-07-18,744.2547,spinup2
1949-07-19,737.3123,spinup2
1949-07-20,730.1583,spinup2
1949-07-21,722.9978,spinup2
1949-07-22,723.45593,spinup2
1949-07-23,721.4229,spinup2
1949-07-24,749.72327,spinup2
1949-07-25,793.0866,spinup2
1949-07-26,780.33984,spinup2
1949-07-27,764.4748,spinup2
1949-07-28,761.9905,spinup2
1949-07-29,751.3207,spinup2
1949-07-30,741.49384,spinup2
1949-07-31,755.646,spinup2
1949-08-01,757.925,spinup2
1949-08-02,760.6615,spinup2
1949-08-03,751.3837,spinup2
1949-08-04,743.2587,spinup2
1949-08-05,737.1393,spinup2
1949-08-06,731.2264,spinup2
1949-08-07,725.356,spinup2
1949-08-08,727.6414,spinup2
1949-08-09,721.7561,spinup2
1949-08-10,716.65607,spinup2
1949-08-11,709.5029,spinup2
1949-08-12,702.7673,spinup2
1949-08-13,710.5346,spinup2
1949-08-14,711.8003,spinup2
1949-08-15,706.6457,spinup2
1949-08-16,712.0499,spinup2
1949-08-17,711.82874,spinup2
1949-08-18,709.0032,spinup2
1949-08-19,712.14246,spinup2
1949-08-20,714.63025,spinup2
1949-08-21,707.6019,spinup2
1949-08-22,703.9817,spinup2
1949-08-23,700.9042,spinup2
1949-08-24,698.23175,spinup2
1949-08-25,696.26086,spinup2
1949-08-26,691.24646,spinup2
1949-08-27,687.9714,spinup2
1949-08-28,683.261,spinup2
1949-08-29,677.123,spinup2
1949-08-30,685.8299,spinup2
1949-08-31,687.5973,spinup2
1949-09-01,683.5906,spinup2
1949-09-02,678.86884,spinup2
1949-09-03,672.3066,spinup2
1949-09-04,672.77783,spinup2
1949-09-05,740.3011,spinup2
1949-09-06,736.1237,spinup2
1949-09-07,732.23706,spinup2
1949-09-08,725.1272,spinup2
1949-09-09,726.41034,spinup2
1949-09-10,720.90137,spinup2
1949-09-11,714.6969,spinup2
1949-09-12,711.0416,spinup2
1949-09-13,709.5884,spinup2
1949-09-14,720.9113,spinup2
1949-09-15,717.0217,spinup2
1949-09-16,713.1006,spinup2
1949-09-17,709.49445,spinup2
1949-09-18,707.61865,spinup2
1949-09-19,714.2554,spinup2
1949-09-20,713.6065,spinup2
1949-09-21,707.6654,spinup2
1949-09-22,709.4277,spinup2
1949-09-23,707.61224,spinup2
1949-09-24,702.204,spinup2
1949-09-25,696.81396,spinup2
1949-09-26,692.3743,spinup2
1949-09-27,687.1965,spinup2
1949-09-28,685.0491,spinup2
1949-09-29,682.8821,spinup2
1949-09-30,677.677,spinup2
1948-10-01,672.84937,spinup3
1948-10-02,668.17676,spinup3
1948-10-03,663.85034,spinup3
1948-10-04,659.54944,spinup3
1948-10-05,654.8395,spinup3
1948-10-06,652.0354,spinup3
1948-10-07,648.5922,spinup3
1948-10-08,649.0282,spinup3
1948-10-09,644.47925,spinup3
1948-10-10,640.3819,spinup3
1948-10-11,651.09735,spinup3
1948-10-12,674.32007,spinup3
1948-10-13,669.8807,spinup3
1948-10-14,665.5473,spinup3
1948-10-15,662.7561,spinup3
1948-10-16,659.3793,spinup3
1948-10-17,655.9595,spinup3
1948-10-18,659.8047,spinup3
1948-10-19,656.17017,spinup3
1948-10-20,652.78345,spinup3
1948-10-21,650.27014,spinup3
1948-10-22,647.17334,spinup3
1948-10-23,644.75446,spinup3
1948-10-24,641.77795,spinup3
1948-10-25,641.3562,spinup3
1948-10-26,640.14374,spinup3
1948-10-27,638.929,spinup3
1948-10-28,636.3985,spinup3
1948-10-29,633.213,spinup3
1948-10-30,629.9981,spinup3
1948-10-31,628.3031,spinup3
1948-11-01,629.3208,spinup3
1948-11-02,636.1494,spinup3
1948-11-03,634.3798,spinup3
1948-11-04,633.9756,spinup3
1948-11-05,631.9949,spinup3
1948-11-06,660.1881,spinup3
1948-11-07,657.44196,spinup3
1948-11-08,655.10406,spinup3
1948-11-09,653.58954,spinup3
1948-11-10,675.2144,spinup3
1948-11-11,672.6703,spinup3
1948-11-12,671.4723,spinup3
1948-11-13,670.78186,spinup3
1948-11-14,670.0206,spinup3
1948-11-15,669.35913,spinup3
1948-11-16,668.3393,spinup3
1948-11-17,714.2219,spinup3
1948-11-18,711.96173,spinup3
1948-11-19,752.8948,spinup3
1948-11-20,761.21454,spinup3
1948-11-21,752.48157,spinup3
1948-11-22,778.14404,spinup3
1948-11-23,771.53455,spinup3
1948-11-24,771.7669,spinup3
1948-11-25,761.82513,spinup3
1948-11-26,753.4599,spinup3
1948-11-27,832.1346,spinup3
1948-11-28,823.4299,spinup3
1948-11-29,844.0588,spinup3
1948-11-30,813.8616,spinup3
1948-12-01,791.6871,spinup3
1948-12-02,776.30096,spinup3
1948-12-03,767.02686,spinup3
1948-12-04,759.1128,spinup3
1948-12-05,752.7789,spinup3
1948-12-06,756.3413,spinup3
1948-12-07,749.5612,spinup3
1948-12-08,753.9626,spinup3
1948-12-09,747.5983,spinup3
1948-12-10,741.6578,spinup3
1948-12-11,736.8701,spinup3
1948-12-12,732.7637,spinup3
1948-12-13,729.8688,spinup3
1948-12-14,727.53064,spinup3
1948-12-15,726.4957,spinup3
1948-12-16,724.3289,spinup3
1948-12-17,745.52,spinup3
1948-12-18,741.96326,spinup3
1948-12-19,749.09375,spinup3
1948-12-20,745.22986,spinup3
1948-12-21,740.2817,spinup3
1948-12-22,736.43146,spinup3
1948-12-23,733.071,spinup3
1948-12-24,729.8732,spinup3
1948-12-25,729.7761,spinup3
1948-12-26,745.9077,spinup3
1948-12-27,741.69196,spinup3
1948-12-28,737.83435,spinup3
1948-12-29,738.2816,spinup3
1948-12-30,755.7102,spinup3
1948-12-31,749.722,spinup3
1949-01-01,744.51746,spinup3
1949-01-02,740.17615,spinup3
1949-01-03,736.4418,spinup3
1949-01-04,741.32324,spinup3
1949-01-05,796.2798,spinup3
1949-01-06,796.44934,spinup3
1949-01-07,780.2843,spinup3
1949-01-08,769.20703,spinup3
1949-01-09,760.5032,spinup3
1949-01-10,752.8064,spinup3
1949-01-11,746.0644,spinup3
1949-01-12,741.11304,spinup3
1949-01-13,737.38007,spinup3
1949-01-14,734.29987,spinup3
1949-01-15,731.2306,spinup3
1949-01-16,727.20184,spinup3
1949-01-17,727.9296,spinup3
1949-01-18,743.0282,spinup3
1949-01-19,757.2111,spinup3
1949-01-20,751.31433,spinup3
1949-01-21,749.63715,spinup3
1949-01-22,777.8597,spinup3
1949-01-23,780.27716,spinup3
1949-01-24,769.2701,spinup3
1949-01-25,763.7724,spinup3
1949-01-26,759.69446,spinup3
1949-01-27,764.42456,spinup3
1949-01-28,758.6591,spinup3
1949-01-29,751.891,spinup3
1949-01-30,746.6857,spinup3
1949-01-31,773.1031,spinup3
1949-02-01,764.60187,spinup3
1949-02-02,757.79266,spinup3
1949-02-03,750.8642,spinup3
1949-02-04,754.5977,spinup3
1949-02-05,753.7505,spinup3
1949-02-06,748.7817,spinup3
1949-02-07,745.72766,spinup3
1949-02-08,741.4068,spinup3
1949-02-09,761.9448,spinup3
1949-02-10,780.59644,spinup3
1949-02-11,767.369,spinup3
1949-02-12,757.8739,spinup3
1949-02-13,749.69965,spinup3
1949-02-14,744.6804,spinup3
1949-02-15,740.212,spinup3
1949-02-16,786.8671,spinup3
1949-02-17,792.04926,spinup3
1949-02-18,776.96094,spinup3
1949-02-19,780.654,spinup3
1949-02-20,771.75256,spinup3
1949-02-21,762.6607,spinup3
1949-02-22,756.7468,spinup3
1949-02-23,750.78204,spinup3
1949-02-24,745.8338,spinup3
1949-02-25,748.09515,spinup3
1949-02-26,741.6444,spinup3
1949-02-27,746.8693,spinup3
1949-02-28,743.1971,spinup3
1949-03-01,736.664,spinup3
1949-03-02,731.59924,spinup3
1949-03-03,727.2608,spinup3
1949-03-04,722.66864,spinup3
1949-03-05,717.95953,spinup3
1949-03-06,715.365,spinup3
1949-03-07,718.6248,spinup3
1949-03-08,714.60266,spinup3
1949-03-09,710.6517,spinup3
1949-03-10,727.0666,spinup3
1949-03-11,722.1556,spinup3
1949-03-12,717.65607,spinup3
1949-03-13,714.5317,spinup3
1949-03-14,729.3414,spinup3
1949-03-15,742.5242,spinup3
1949-03-16,736.43524,spinup3
1949-03-17,732.4642,spinup3
1949-03-18,728.8434,spinup3
1949-03-19,733.34045,spinup3
1949-03-20,728.8438,spinup3
1949-03-21,723.00214,spinup3
1949-03-22,780.8544,spinup3
1949-03-23,767.2552,spinup3
1949-03-24,758.1446,spinup3
1949-03-25,751.7304,spinup3
1949-03-26,751.1269,spinup3
1949-03-27,745.1502,spinup3
1949-03-28,781.1184,spinup3
1949-03-29,780.4518,spinup3
1949-03-30,777.1009,spinup3
1949-03-31,862.16833,spinup3
1949-04-01,831.2289,spinup3
1949-04-02,801.50616,spinup3
1949-04-03,783.93933,spinup3
1949-04-04,771.5169,spinup3
1949-04-05,764.12305,spinup3
1949-04-06,756.5682,spinup3
1949-04-07,747.97516,spinup3
1949-04-08,738.5369,spinup3
1949-04-09,733.32324,spinup3
1949-04-10,729.6783,spinup3
1949-04-11,748.0101,spinup3
1949-04-12,750.28125,spinup3
1949-04-13,755.5749,spinup3
1949-04-14,746.64,spinup3
1949-04-15,737.8564,spinup3
1949-04-16,731.2558,spinup3
1949-04-17,723.96356,spinup3
1949-04-18,716.96875,spinup3
1949-04-19,709.73395,spinup3
1949-04-20,705.106,spinup3
1949-04-21,708.6034,spinup3
1949-04-22,714.18506,spinup3
1949-04-23,724.6465,spinup3
1949-04-24,721.6293,spinup3
1949-04-25,716.6889,spinup3
1949-04-26,709.9,spinup3
1949-04-27,707.3055,spinup3
1949-04-28,721.7159,spinup3
1949-04-29,724.8586,spinup3
1949-04-30,733.5422,spinup3
1949-05-01,748.6436,spinup3
1949-05-02,800.11475,spinup3
1949-05-03,787.7749,spinup3
1949-05-04,769.7325,spinup3
1949-05-05,756.3396,spinup3
1949-05-06,745.34143,spinup3
1949-05-07,735.0656,spinup3
1949-05-08,726.8551,spinup3
1949-05-09,718.8084,spinup3
1949-05-10,719.2482,spinup3
1949-05-11,714.2585,spinup3
1949-05-12,707.13043,spinup3
1949-05-13,701.3698,spinup3
1949-05-14,694.4999,spinup3
1949-05-15,688.16675,spinup3
1949-05-16,681.61053,spinup3
1949-05-17,674.8997,spinup3
1949-05-18,669.021,spinup3
1949-05-19,663.3541,spinup3
1949-05-20,656.96686,spinup3
1949-05-21,653.5022,spinup3
1949-05-22,650.35077,spinup3
1949-05-23,646.01,spinup3
1949-05-24,643.1024,spinup3
1949-05-25,640.22943,spinup3
1949-05-26,634.1585,spinup3
1949-05-27,632.551,spinup3
1949-05-28,629.9222,spinup3
1949-05-29,653.154,spinup3
1949-05-30,676.8273,spinup3
1949-05-31,689.1623,spinup3
1949-06-01,687.3581,spinup3
1949-06-02,699.29,spinup3
1949-06-03,691.78796,spinup3
1949-06-04,684.04944,spinup3
1949-06-05,677.14105,spinup3
1949-06-06,669.86505,spinup3
1949-06-07,662.4739,spinup3
1949-06-08,656.78973,spinup3
1949-06-09,672.87244,spinup3
1949-06-10,671.4763,spinup3
1949-06-11,683.5699,spinup3
1949-06-12,691.93695,spinup3
1949-06-13,718.62305,spinup3
1949-06-14,715.74774,spinup3
1949-06-15,713.5911,spinup3
1949-06-16,716.37726,spinup3
1949-06-17,707.6606,spinup3
1949-06-18,699.6954,spinup3
1949-06-19,694.6706,spinup3
1949-06-20,692.1671,spinup3
1949-06-21,696.751,spinup3
1949-06-22,693.9974,spinup3
1949-06-23,712.46155,spinup3
1949-06-24,714.3526,spinup3
1949-06-25,721.7773,spinup3
1949-06-26,715.75793,spinup3
1949-06-27,709.28503,spinup3
1949-06-28,704.194,spinup3
1949-06-29,698.12054,spinup3
1949-06-30,692.275,spinup3
1949-07-01,700.04724,spinup3
1949-07-02,695.36163,spinup3
1949-07-03,695.6313,spinup3
1949-07-04,703.85803,spinup3
1949-07-05,698.83014,spinup3
1949-07-06,694.0967,spinup3
1949-07-07,687.88226,spinup3
1949-07-08,683.59174,spinup3
1949-07-09,678.4495,spinup3
1949-07-10,672.2582,spinup3
1949-07-11,678.4775,spinup3
1949-07-12,678.2896,spinup3
1949-07-13,702.71356,spinup3
1949-07-14,701.8967,spinup3
1949-07-15,698.8155,spinup3
1949-07-16,713.56726,spinup3
1949-07-17,744.8687,spinup3
1949-07-18,744.2547,spinup3
1949-07-19,737.3123,spinup3
1949-07-20,730.1583,spinup3
1949-07-21,722.9978,spinup3
1949-07-22,723.45593,spinup3
1949-07-23,721.4229,spinup3
1949-07-24,749.72327,spinup3
1949-07-25,793.0866,spinup3
1949-07-26,780.33984,spinup3
1949-07-27,764.4748,spinup3
1949-07-28,761.9905,spinup3
1949-07-29,751.3207,spinup3
1949-07-30,741.49384,spinup3
1949-07-31,755.646,spinup3
1949-08-01,757.925,spinup3
1949-08-02,760.6615,spinup3
1949-08-03,751.3837,spinup3
1949-08-04,743.2587,spinup3
1949-08-05,737.1393,spinup3
1949-08-06,731.2264,spinup3
1949-08-07,725.356,spinup3
1949-08-08,727.6414,spinup3
1949-08-09,721.7561,spinup3
1949-08-10,716.65607,spinup3
1949-08-11,709.5029,spinup3
1949-08-12,702.7673,spinup3
1949-08-13,710.5346,spinup3
1949-08-14,711.8003,spinup3
1949-08-15,706.6457,spinup3
1949-08-16,712.0499,spinup3
1949-08-17,711.82874,spinup3
1949-08-18,709.0032,spinup3
1949-08-19,712.14246,spinup3
1949-08-20,714.63025,spinup3
1949-08-21,707.6019,spinup3
1949-08-22,703.9817,spinup3
1949-08-23,700.9042,spinup3
1949-08-24,698.23175,spinup3
1949-08-25,696.26086,spinup3
1949-08-26,691.24646,spinup3
1949-08-27,687.9714,spinup3
1949-08-28,683.261,spinup3
1949-08-29,677.123,spinup3
1949-08-30,685.8299,spinup3
1949-08-31,687.5973,spinup3
1949-09-01,683.5906,spinup3
1949-09-02,678.86884,spinup3
1949-09-03,672.3066,spinup3
1949-09-04,672.77783,spinup3
1949-09-05,740.3011,spinup3
1949-09-06,736.1237,spinup3
1949-09-07,732.23706,spinup3
1949-09-08,725.1272,spinup3
1949-09-09,726.41034,spinup3
1949-09-10,720.90137,spinup3
1949-09-11,714.6969,spinup3
1949-09-12,711.0416,spinup3
1949-09-13,709.5884,spinup3
1949-09-14,720.9113,spinup3
1949-09-15,717.0217,spinup3
1949-09-16,713.1006,spinup3
1949-09-17,709.49445,spinup3
1949-09-18,707.61865,spinup3
1949-09-19,714.2554,spinup3
1949-09-20,713.6065,spinup3
1949-09-21,707.6654,spinup3
1949-09-22,709.4277,spinup3
1949-09-23,707.61224,spinup3
1949-09-24,702.204,spinup3
1949-09-25,696.81396,spinup3
1949-09-26,692.3743,spinup3
1949-09-27,687.1965,spinup3
1949-09-28,685.0491,spinup3
1949-09-29,682.8821,spinup3
1949-09-30,677.677,spinup3
1948-10-01,672.84937,simulation
1948-10-02,668.17676,simulation
1948-10-03,663.85034,simulation
1948-10-04,659.54944,simulation
1948-10-05,654.8395,simulation
1948-10-06,652.0354,simulation
1948-10-07,648.5922,simulation
1948-10-08,649.0282,simulation
1948-10-09,644.47925,simulation
1948-10-10,640.3819,simulation
1948-10-11,651.09735,simulation
1948-10-12,674.32007,simulation
1948-10-13,669.8807,simulation
1948-10-14,665.5473,simulation
1948-10-15,662.7561,simulation
1948-10-16,659.3793,simulation
1948-10-17,655.9595,simulation
1948-10-18,659.8047,simulation
1948-10-19,656.17017,simulation
1948-10-20,652.78345,simulation
1948-10-21,650.27014,simulation
1948-10-22,647.17334,simulation
1948-10-23,644.75446,simulation
1948-10-24,641.77795,simulation
1948-10-25,641.3562,simulation
1948-10-26,640.14374,simulation
1948-10-27,638.929,simulation
1948-10-28,636.3985,simulation
1948-10-29,633.213,simulation
1948-10-30,629.9981,simulation
1948-10-31,628.3031,simulation
1948-11-01,629.3208,simulation
1948-11-02,636.1494,simulation
1948-11-03,634.3798,simulation
1948-11-04,633.9756,simulation
1948-11-05,631.9949,simulation
1948-11-06,660.1881,simulation
1948-11-07,657.44196,simulation
1948-11-08,655.10406,simulation
1948-11-09,653.58954,simulation
1948-11-10,675.2144,simulation
1948-11-11,672.6703,simulation
1948-11-12,671.4723,simulation
1948-11-13,670.78186,simulation
1948-11-14,670.0206,simulation
1948-11-15,669.35913,simulation
1948-11-16,668.3393,simulation
1948-11-17,714.2219,simulation
1948-11-18,711.96173,simulation
1948-11-19,752.8948,simulation
1948-11-20,761.21454,simulation
1948-11-21,752.48157,simulation
1948-11-22,778.14404,simulation
1948-11-23,771.53455,simulation
1948-11-24,771.7669,simulation
1948-11-25,761.82513,simulation
1948-11-26,753.4599,simulation
1948-11-27,832.1346,simulation
1948-11-28,823.4299,simulation
1948-11-29,844.0588,simulation
1948-11-30,813.8616,simulation
1948-12-01,791.6871,simulation
1948-12-02,776.30096,simulation
1948-12-03,767.02686,simulation
1948-12-04,759.1128,simulation
1948-12-05,752.7789,simulation
1948-12-06,756.3413,simulation
1948-12-07,749.5612,simulation
1948-12-08,753.9626,simulation
1948-12-09,747.5983,simulation
1948-12-10,741.6578,simulation
1948-12-11,736.8701,simulation
1948-12-12,732.7637,simulation
1948-12-13,729.8688,simulation
1948-12-14,727.53064,simulation
1948-12-15,726.4957,simulation
1948-12-16,724.3289,simulation
1948-12-17,745.52,simulation
1948-12-18,741.96326,simulation
1948-12-19,749.09375,simulation
1948-12-20,745.22986,simulation
1948-12-21,740.2817,simulation
1948-12-22,736.43146,simulation
1948-12-23,733.071,simulation
1948-12-24,729.8732,simulation
1948-12-25,729.7761,simulation
1948-12-26,745.9077,simulation
1948-12-27,741.69196,simulation
1948-12-28,737.83435,simulation
1948-12-29,738.2816,simulation
1948-12-30,755.7102,simulation
1948-12-31,749.722,simulation
1949-01-01,744.51746,simulation
1949-01-02,740.17615,simulation
1949-01-03,736.4418,simulation
1949-01-04,741.32324,simulation
1949-01-05,796.2798,simulation
1949-01-06,796.44934,simulation
1949-01-07,780.2843,simulation
1949-01-08,769.20703,simulation
1949-01-09,760.5032,simulation
1949-01-10,752.8064,simulation
1949-01-11,746.0644,simulation
1949-01-12,741.11304,simulation
1949-01-13,737.38007,simulation
1949-01-14,734.29987,simulation
1949-01-15,731.2306,simulation
1949-01-16,727.20184,simulation
1949-01-17,727.9296,simulation
1949-01-18,743.0282,simulation
1949-01-19,757.2111,simulation
1949-01-20,751.31433,simulation
1949-01-21,749.63715,simulation
1949-01-22,777.8597,simulation
1949-01-23,780.27716,simulation
1949-01-24,769.2701,simulation
1949-01-25,763.7724,simulation
1949-01-26,759.69446,simulation
1949-01-27,764.42456,simulation
1949-01-28,758.6591,simulation
1949-01-29,751.891,simulation
1949-01-30,746.6857,simulation
1949-01-31,773.1031,simulation
1949-02-01,764.60187,simulation
1949-02-02,757.79266,simulation
1949-02-03,750.8642,simulation
1949-02-04,754.5977,simulation
1949-02-05,753.7505,simulation
1949-02-06,748.7817,simulation
1949-02-07,745.72766,simulation
1949-02-08,741.4068,simulation
1949-02-09,761.9448,simulation
1949-02-10,780.59644,simulation
1949-02-11,767.369,simulation
1949-02-12,757.8739,simulation
1949-02-13,749.69965,simulation
1949-02-14,744.6804,simulation
1949-02-15,740.212,simulation
1949-02-16,786.8671,simulation
1949-02-17,792.04926,simulation
1949-02-18,776.96094,simulation
1949-02-19,780.654,simulation
1949-02-20,771.75256,simulation
1949-02-21,762.6607,simulation
1949-02-22,756.7468,simulation
1949-02-23,750.78204,simulation
1949-02-24,745.8338,simulation
1949-02-25,748.09515,simulation
1949-02-26,741.6444,simulation
1949-02-27,746.8693,simulation
1949-02-28,743.1971,simulation
1949-03-01,736.664,simulation
1949-03-02,731.59924,simulation
1949-03-03,727.2608,simulation
1949-03-04,722.66864,simulation
1949-03-05,717.95953,simulation
1949-03-06,715.365,simulation
1949-03-07,718.6248,simulation
1949-03-08,714.60266,simulation
1949-03-09,710.6517,simulation
1949-03-10,727.0666,simulation
1949-03-11,722.1556,simulation
1949-03-12,717.65607,simulation
1949-03-13,714.5317,simulation
1949-03-14,729.3414,simulation
1949-03-15,742.5242,simulation
1949-03-16,736.43524,simulation
1949-03-17,732.4642,simulation
1949-03-18,728.8434,simulation
1949-03-19,733.34045,simulation
1949-03-20,728.8438,simulation
1949-03-21,723.00214,simulation
1949-03-22,780.8544,simulation
1949-03-23,767.2552,simulation
1949-03-24,758.1446,simulation
1949-03-25,751.7304,simulation
1949-03-26,751.1269,simulation
1949-03-27,745.1502,simulation
1949-03-28,781.1184,simulation
1949-03-29,780.4518,simulation
1949-03-30,777.1009,simulation
1949-03-31,862.16833,simulation
1949-04-01,831.2289,simulation
1949-04-02,801.50616,simulation
1949-04-03,783.93933,simulation
1949-04-04,771.5169,simulation
1949-04-05,764.12305,simulation
1949-04-06,756.5682,simulation
1949-04-07,747.97516,simulation
1949-04-08,738.5369,simulation
1949-04-09,733.32324,simulation
1949-04-10,729.6783,simulation
1949-04-11,748.0101,simulation
1949-04-12,750.28125,simulation
1949-04-13,755.5749,simulation
1949-04-14,746.64,simulation
1949-04-15,737.8564,simulation
1949-04-16,731.2558,simulation
1949-04-17,723.96356,simulation
1949-04-18,716.96875,simulation
1949-04-19,709.73395,simulation
1949-04-20,705.106,simulation
1949-04-21,708.6034,simulation
1949-04-22,714.18506,simulation
1949-04-23,724.6465,simulation
1949-04-24,721.6293,simulation
1949-04-25,716.6889,simulation
1949-04-26,709.9,simulation
1949-04-27,707.3055,simulation
1949-04-28,721.7159,simulation
1949-04-29,724.8586,simulation
1949-04-30,733.5422,simulation
1949-05-01,748.6436,simulation
1949-05-02,800.11475,simulation
1949-05-03,787.7749,simulation
1949-05-04,769.7325,simulation
1949-05-05,756.3396,simulation
1949-05-06,745.34143,simulation
1949-05-07,735.0656,simulation
1949-05-08,726.8551,simulation
1949-05-09,718.8084,simulation
1949-05-10,719.2482,simulation
1949-05-11,714.2585,simulation
1949-05-12,707.13043,simulation
1949-05-13,701.3698,simulation
1949-05-14,694.4999,simulation
1949-05-15,688.16675,simulation
1949-05-16,681.61053,simulation
1949-05-17,674.8997,simulation
1949-05-18,669.021,simulation
1949-05-19,663.3541,simulation
1949-05-20,656.96686,simulation
1949-05-21,653.5022,simulation
1949-05-22,650.35077,simulation
1949-05-23,646.01,simulation
1949-05-24,643.1024,simulation
1949-05-25,640.22943,simulation
1949-05-26,634.1585,simulation
1949-05-27,632.551,simulation
1949-05-28,629.9222,simulation
1949-05-29,653.154,simulation
1949-05-30,676.8273,simulation
1949-05-31,689.1623,simulation
1949-06-01,687.3581,simulation
1949-06-02,699.29,simulation
1949-06-03,691.78796,simulation
1949-06-04,684.04944,simulation
1949-06-05,677.14105,simulation
1949-06-06,669.86505,simulation
1949-06-07,662.4739,simulation
1949-06-08,656.78973,simulation
1949-06-09,672.87244,simulation
1949-06-10,671.4763,simulation
1949-06-11,683.5699,simulation
1949-06-12,691.93695,simulation
1949-06-13,718.62305,simulation
1949-06-14,715.74774,simulation
1949-06-15,713.5911,simulation
1949-06-16,716.37726,simulation
1949-06-17,707.6606,simulation
1949-06-18,699.6954,simulation
1949-06-19,694.6706,simulation
1949-06-20,692.1671,simulation
1949-06-21,696.751,simulation
1949-06-22,693.9974,simulation
1949-06-23,712.46155,simulation
1949-06-24,714.3526,simulation
1949-06-25,721.7773,simulation
1949-06-26,715.75793,simulation
1949-06-27,709.28503,simulation
1949-06-28,704.194,simulation
1949-06-29,698.12054,simulation
1949-06-30,692.275,simulation
1949-07-01,700.04724,simulation
1949-07-02,695.36163,simulation
1949-07-03,695.6313,simulation
1949-07-04,703.85803,simulation
1949-07-05,698.83014,simulation
1949-07-06,694.0967,simulation
1949-07-07,687.88226,simulation
1949-07-08,683.59174,simulation
1949-07-09,678.4495,simulation
1949-07-10,672.2582,simulation
1949-07-11,678.4775,simulation
1949-07-12,678.2896,simulation
1949-07-13,702.71356,simulation
1949-07-14,701.8967,simulation
1949-07-15,698.8155,simulation
1949-07-16,713.56726,simulation
1949-07-17,744.8687,simulation
1949-07-18,744.2547,simulation
1949-07-19,737.3123,simulation
1949-07-20,730.1583,simulation
1949-07-21,722.9978,simulation
1949-07-22,723.45593,simulation
1949-07-23,721.4229,simulation
1949-07-24,749.72327,simulation
1949-07-25,793.0866,simulation
1949-07-26,780.33984,simulation
1949-07-27,764.4748,simulation
1949-07-28,761.9905,simulation
1949-07-29,751.3207,simulation
1949-07-30,741.49384,simulation
1949-07-31,755.646,simulation
1949-08-01,757.925,simulation
1949-08-02,760.6615,simulation
1949-08-03,751.3837,simulation
1949-08-04,743.2587,simulation
1949-08-05,737.1393,simulation
1949-08-06,731.2264,simulation
1949-08-07,725.356,simulation
1949-08-08,727.6414,simulation
1949-08-09,721.7561,simulation
1949-08-10,716.65607,simulation
1949-08-11,709.5029,simulation
1949-08-12,702.7673,simulation
1949-08-13,710.5346,simulation
1949-08-14,711.8003,simulation
1949-08-15,706.6457,simulation
1949-08-16,712.0499,simulation
1949-08-17,711.82874,simulation
1949-08-18,709.0032,simulation
1949-08-19,712.14246,simulation
1949-08-20,714.63025,simulation
1949-08-21,707.6019,simulation
1949-08-22,703.9817,simulation
1949-08-23,700.9042,simulation
1949-08-24,698.23175,simulation
1949-08-25,696.26086,simulation
1949-08-26,691.24646,simulation
1949-08-27,687.9714,simulation
1949-08-28,683.261,simulation
1949-08-29,677.123,simulation
1949-08-30,685.8299,simulation
1949-08-31,687.5973,simulation
1949-09-01,683.5906,simulation
1949-09-02,678.86884,simulation
1949-09-03,672.3066,simulation
1949-09-04,672.77783,simulation
1949-09-05,740.3011,simulation
1949-09-06,736.1237,simulation
1949-09-07,732.23706,simulation
1949-09-08,725.1272,simulation
1949-09-09,726.41034,simulation
1949-09-10,720.90137,simulation
1949-09-11,714.6969,simulation
1949-09-12,711.0416,simulation
1949-09-13,709.5884,simulation
1949-09-14,720.9113,simulation
1949-09-15,717.0217,simulation
1949-09-16,713.1006,simulation
1949-09-17,709.49445,simulation
1949-09-18,707.61865,simulation
1949-09-19,714.2554,simulation
1949-09-20,713.6065,simulation
1949-09-21,707.6654,simulation
1949-09-22,709.4277,simulation
1949-09-23,707.61224,simulation
1949-09-24,702.204,simulation
1949-09-25,696.81396,simulation
1949-09-26,692.3743,simulation
1949-09-27,687.1965,simulation
1949-09-28,685.0491,simulation
1949-09-29,682.8821,simulation
1949-09-30,677.677,simulation
1949-10-01,672.84937,simulation
1949-10-02,672.61993,simulation
1949-10-03,675.7017,simulation
1949-10-04,678.52625,simulation
1949-10-05,678.5438,simulation
1949-10-06,682.6314,simulation
1949-10-07,678.73627,simulation
1949-10-08,676.2891,simulation
1949-10-09,675.6191,simulation
1949-10-10,674.603,simulation
1949-10-11,670.99146,simulation
1949-10-12,667.32404,simulation
1949-10-13,665.1823,simulation
1949-10-14,665.95703,simulation
1949-10-15,665.50653,simulation
1949-10-16,688.2745,simulation
1949-10-17,686.98236,simulation
1949-10-18,685.02216,simulation
1949-10-19,683.8363,simulation
1949-10-20,679.9863,simulation
1949-10-21,677.1297,simulation
1949-10-22,675.5161,simulation
1949-10-23,673.66156,simulation
1949-10-24,670.4833,simulation
1949-10-25,668.10297,simulation
1949-10-26,683.73267,simulation
1949-10-27,680.9938,simulation
1949-10-28,677.73193,simulation
1949-10-29,677.11993,simulation
1949-10-30,678.02094,simulation
1949-10-31,697.70416,simulation
1949-11-01,701.1309,simulation
1949-11-02,697.7981,simulation
1949-11-03,694.237,simulation
1949-11-04,690.9013,simulation
1949-11-05,687.9613,simulation
1949-11-06,684.7148,simulation
1949-11-07,681.9651,simulation
1949-11-08,679.25995,simulation
1949-11-09,676.95,simulation
1949-11-10,674.10284,simulation
1949-11-11,672.1963,simulation
1949-11-12,669.5734,simulation
1949-11-13,671.1987,simulation
1949-11-14,669.43256,simulation
1949-11-15,666.96,simulation
1949-11-16,664.27466,simulation
1949-11-17,661.4295,simulation
1949-11-18,658.88885,simulation
1949-11-19,656.936,simulation
1949-11-20,654.5148,simulation
1949-11-21,651.987,simulation
1949-11-22,648.8255,simulation
1949-11-23,647.75476,simulation
1949-11-24,647.3211,simulation
1949-11-25,648.47375,simulation
1949-11-26,645.47253,simulation
1949-11-27,643.73816,simulation
1949-11-28,642.8831,simulation
1949-11-29,642.01697,simulation
1949-11-30,641.0157,simulation
1949-12-01,638.0221,simulation
1949-12-02,636.2365,simulation
1949-12-03,635.9768,simulation
1949-12-04,634.7705,simulation
1949-12-05,639.36273,simulation
1949-12-06,638.23004,simulation
1949-12-07,639.9472,simulation
1949-12-08,644.0859,simulation
1949-12-09,643.0504,simulation
1949-12-10,647.23096,simulation
1949-12-11,651.2998,simulation
1949-12-12,651.69073,simulation
1949-12-13,658.67645,simulation
1949-12-14,668.6725,simulation
1949-12-15,680.70734,simulation
1949-12-16,679.7979,simulation
1949-12-17,678.49884,simulation
1949-12-18,699.9778,simulation
1949-12-19,700.00385,simulation
1949-12-20,698.6627,simulation
1949-12-21,697.0839,simulation
1949-12-22,698.0786,simulation
1949-12-23,710.99695,simulation
1949-12-24,708.7266,simulation
1949-12-25,706.55615,simulation
1949-12-26,704.89417,simulation
1949-12-27,704.7566,simulation
1949-12-28,712.69824,simulation
1949-12-29,709.6856,simulation
1949-12-30,707.30493,simulation
1949-12-31,705.10846,simulation
1950-01-01,704.65906,simulation
1950-01-02,706.36566,simulation
1950-01-03,704.8412,simulation
1950-01-04,703.0155,simulation
1950-01-05,717.007,simulation
1950-01-06,826.5233,simulation
1950-01-07,869.5966,simulation
1950-01-08,834.7392,simulation
1950-01-09,807.06256,simulation
1950-01-10,789.7543,simulation
1950-01-11,785.34247,simulation
1950-01-12,779.7207,simulation
1950-01-13,771.47015,simulation
1950-01-14,766.1814,simulation
1950-01-15,760.5299,simulation
1950-01-16,757.258,simulation
1950-01-17,765.9183,simulation
1950-01-18,758.714,simulation
1950-01-19,752.4081,simulation
1950-01-20,747.8482,simulation
1950-01-21,743.7086,simulation
1950-01-22,740.0743,simulation
1950-01-23,736.76196,simulation
1950-01-24,733.2807,simulation
1950-01-25,731.45593,simulation
1950-01-26,729.91626,simulation
1950-01-27,752.6143,simulation
1950-01-28,750.53156,simulation
1950-01-29,745.82556,simulation
1950-01-30,743.4381,simulation
1950-01-31,738.32306,simulation
1950-02-01,734.92554,simulation
1950-02-02,732.7407,simulation
1950-02-03,746.03784,simulation
1950-02-04,741.2635,simulation
1950-02-05,740.0181,simulation
1950-02-06,734.6364,simulation
1950-02-07,731.6823,simulation
1950-02-08,728.6315,simulation
1950-02-09,725.69653,simulation
1950-02-10,741.4338,simulation
1950-02-11,759.50037,simulation
1950-02-12,753.3118,simulation
1950-02-13,751.0861,simulation
1950-02-14,868.7916,simulation
1950-02-15,841.5626,simulation
1950-02-16,810.6552,simulation
1950-02-17,788.3905,simulation
1950-02-18,773.3558,simulation
1950-02-19,762.11993,simulation
1950-02-20,753.3947,simulation
1950-02-21,745.9836,simulation
1950-02-22,742.04,simulation
1950-02-23,760.90564,simulation
1950-02-24,752.3733,simulation
1950-02-25,745.05817,simulation
1950-02-26,739.07336,simulation
1950-02-27,733.67163,simulation
1950-02-28,728.5447,simulation
1950-03-01,725.35693,simulation
1950-03-02,734.23254,simulation
1950-03-03,730.2711,simulation
1950-03-04,739.2705,simulation
1950-03-05,750.59924,simulation
1950-03-06,747.1589,simulation
1950-03-07,747.4484,simulation
1950-03-08,746.76794,simulation
1950-03-09,738.60236,simulation
1950-03-10,733.1191,simulation
1950-03-11,727.6456,simulation
1950-03-12,722.9694,simulation
1950-03-13,721.90686,simulation
1950-03-14,752.21375,simulation
1950-03-15,744.4275,simulation
1950-03-16,753.8566,simulation
1950-03-17,747.687,simulation
1950-03-18,740.638,simulation
1950-03-19,733.85986,simulation
1950-03-20,740.98755,simulation
1950-03-21,735.10455,simulation
1950-03-22,734.4121,simulation
1950-03-23,726.79236,simulation
1950-03-24,721.57446,simulation
1950-03-25,717.81433,simulation
1950-03-26,714.1284,simulation
1950-03-27,710.8554,simulation
1950-03-28,735.0129,simulation
1950-03-29,728.56805,simulation
1950-03-30,720.98206,simulation
1950-03-31,715.33295,simulation
1950-04-01,713.9703,simulation
1950-04-02,719.7785,simulation
1950-04-03,715.7823,simulation
1950-04-04,712.83264,simulation
1950-04-05,711.0761,simulation
1950-04-06,705.53644,simulation
1950-04-07,700.37384,simulation
1950-04-08,696.069,simulation
1950-04-09,690.9308,simulation
1950-04-10,686.2302,simulation
1950-04-11,682.66077,simulation
1950-04-12,689.38275,simulation
1950-04-13,686.43976,simulation
1950-04-14,684.2562,simulation
1950-04-15,678.92224,simulation
1950-04-16,673.9185,simulation
1950-04-17,669.8076,simulation
1950-04-18,674.42175,simulation
1950-04-19,676.6428,simulation
1950-04-20,673.45746,simulation
1950-04-21,667.32654,simulation
1950-04-22,661.8993,simulation
1950-04-23,657.7388,simulation
1950-04-24,653.4676,simulation
1950-04-25,656.98444,simulation
1950-04-26,660.2282,simulation
1950-04-27,654.9993,simulation
1950-04-28,653.8485,simulation
1950-04-29,662.7515,simulation
1950-04-30,672.9666,simulation
1950-05-01,689.3522,simulation
1950-05-02,727.38544,simulation
1950-05-03,775.0592,simulation
1950-05-04,764.06006,simulation
1950-05-05,755.3327,simulation
1950-05-06,746.7831,simulation
1950-05-07,739.9905,simulation
1950-05-08,734.1474,simulation
1950-05-09,728.1396,simulation
1950-05-10,723.12396,simulation
1950-05-11,717.5251,simulation
1950-05-12,715.76605,simulation
1950-05-13,719.6582,simulation
1950-05-14,731.0077,simulation
1950-05-15,725.43964,simulation
1950-05-16,726.06244,simulation
1950-05-17,718.499,simulation
1950-05-18,711.3474,simulation
1950-05-19,706.2492,simulation
1950-05-20,702.29724,simulation
1950-05-21,703.01953,simulation
1950-05-22,705.16595,simulation
1950-05-23,701.4733,simulation
1950-05-24,696.5237,simulation
1950-05-25,690.4952,simulation
1950-05-26,684.58954,simulation
1950-05-27,679.0248,simulation
1950-05-28,675.80646,simulation
1950-05-29,673.3619,simulation
1950-05-30,667.1606,simulation
1950-05-31,672.647,simulation
1950-06-01,667.05743,simulation
1950-06-02,678.9371,simulation
1950-06-03,703.08374,simulation
1950-06-04,709.6843,simulation
1950-06-05,707.35626,simulation
1950-06-06,701.3971,simulation
1950-06-07,701.6286,simulation
1950-06-08,708.2131,simulation
1950-06-09,708.96594,simulation
1950-06-10,704.51215,simulation
1950-06-11,703.4076,simulation
1950-06-12,698.8739,simulation
1950-06-13,690.96765,simulation
1950-06-14,683.11664,simulation
1950-06-15,676.2782,simulation
1950-06-16,669.4713,simulation
1950-06-17,662.2875,simulation
1950-06-18,655.7178,simulation
1950-06-19,649.403,simulation
1950-06-20,645.38995,simulation
1950-06-21,669.14825,simulation
1950-06-22,681.37177,simulation
1950-06-23,677.59924,simulation
1950-06-24,672.274,simulation
1950-06-25,664.2584,simulation
1950-06-26,657.26337,simulation
1950-06-27,651.0154,simulation
1950-06-28,644.69226,simulation
1950-06-29,638.0018,simulation
1950-06-30,632.15814,simulation
1950-07-01,627.1103,simulation
1950-07-02,619.587,simulation
1950-07-03,619.28894,simulation
1950-07-04,614.2482,simulation
1950-07-05,611.7164,simulation
1950-07-06,615.5153,simulation
1950-07-07,627.74585,simulation
1950-07-08,625.5835,simulation
1950-07-09,620.2773,simulation
1950-07-10,613.8424,simulation
1950-07-11,610.55194,simulation
1950-07-12,610.7379,simulation
1950-07-13,610.25916,simulation
1950-07-14,634.44336,simulation
1950-07-15,680.0306,simulation
1950-07-16,687.18176,simulation
1950-07-17,686.84216,simulation
1950-07-18,684.848,simulation
1950-07-19,679.37024,simulation
1950-07-20,672.9696,simulation
1950-07-21,665.62067,simulation
1950-07-22,668.1702,simulation
1950-07-23,670.7103,simulation
1950-07-24,665.51575,simulation
1950-07-25,691.5468,simulation
1950-07-26,691.88715,simulation
1950-07-27,702.0287,simulation
1950-07-28,726.4877,simulation
1950-07-29,732.8405,simulation
1950-07-30,754.6086,simulation
1950-07-31,748.6002,simulation
1950-08-01,740.8841,simulation
1950-08-02,731.0071,simulation
1950-08-03,721.8002,simulation
1950-08-04,719.0985,simulation
1950-08-05,711.4334,simulation
1950-08-06,707.6831,simulation
1950-08-07,700.92615,simulation
1950-08-08,693.1532,simulation
1950-08-09,687.5497,simulation
1950-08-10,683.418,simulation
1950-08-11,688.1186,simulation
1950-08-12,683.4862,simulation
1950-08-13,677.5607,simulation
1950-08-14,671.8752,simulation
1950-08-15,666.8723,simulation
1950-08-16,661.92236,simulation
1950-08-17,667.2718,simulation
1950-08-18,673.75165,simulation
1950-08-19,673.7782,simulation
1950-08-20,677.9487,simulation
1950-08-21,675.326,simulation
1950-08-22,668.85516,simulation
1950-08-23,663.31995,simulation
1950-08-24,657.1666,simulation
1950-08-25,651.3573,simulation
1950-08-26,655.7804,simulation
1950-08-27,658.4989,simulation
1950-08-28,654.8253,simulation
1950-08-29,650.9524,simulation
1950-08-30,663.11475,simulation
1950-08-31,669.1564,simulation
1950-09-01,669.78937,simulation
1950-09-02,684.7999,simulation
1950-09-03,701.76355,simulation
1950-09-04,695.8147,simulation
1950-09-05,690.46985,simulation
1950-09-06,686.2576,simulation
1950-09-07,679.72906,simulation
1950-09-08,685.37524,simulation
1950-09-09,683.763,simulation
1950-09-10,682.4834,simulation
1950-09-11,678.24744,simulation
1950-09-12,678.12946,simulation
1950-09-13,672.5278,simulation
1950-09-14,672.4238,simulation
1950-09-15,671.3098,simulation
1950-09-16,668.9082,simulation
1950-09-17,667.1336,simulation
1950-09-18,667.2597,simulation
1950-09-19,662.52563,simulation
1950-09-20,659.7785,simulation
1950-09-21,657.21857,simulation
1950-09-22,655.2169,simulation
1950-09-23,652.7225,simulation
1950-09-24,650.636,simulation
1950-09-25,646.4681,simulation
1950-09-26,644.03973,simulation
1950-09-27,643.17365,simulation
1950-09-28,661.9673,simulation
1950-09-29,667.1207,simulation
1950-09-30,666.30835,simulation
1950-10-01,665.53906,simulation
1950-10-02,665.14014,simulation
1950-10-03,661.7036,simulation
1950-10-04,657.11847,simulation
1950-10-05,655.9013,simulation
1950-10-06,651.4237,simulation
1950-10-07,647.5727,simulation
1950-10-08,643.9327,simulation
1950-10-09,644.0288,simulation
1950-10-10,640.0737,simulation
1950-10-11,636.31305,simulation
1950-10-12,632.2199,simulation
1950-10-13,627.6459,simulation
1950-10-14,623.4921,simulation
1950-10-15,619.3043,simulation
1950-10-16,615.1124,simulation
1950-10-17,610.66064,simulation
1950-10-18,609.657,simulation
1950-10-19,628.35706,simulation
1950-10-20,628.2515,simulation
1950-10-21,631.1142,simulation
1950-10-22,636.41595,simulation
1950-10-23,635.0885,simulation
1950-10-24,632.73096,simulation
1950-10-25,629.99274,simulation
1950-10-26,627.27344,simulation
1950-10-27,623.8589,simulation
1950-10-28,620.33875,simulation
1950-10-29,619.6946,simulation
1950-10-30,616.9231,simulation
1950-10-31,614.3609,simulation
1950-11-01,611.6529,simulation
1950-11-02,608.8381,simulation
1950-11-03,614.88885,simulation
1950-11-04,634.64075,simulation
1950-11-05,634.8941,simulation
1950-11-06,632.9517,simulation
1950-11-07,630.311,simulation
1950-11-08,627.61646,simulation
1950-11-09,625.18335,simulation
1950-11-10,624.7139,simulation
1950-11-11,624.34955,simulation
1950-11-12,623.4659,simulation
1950-11-13,621.96954,simulation
1950-11-14,620.38873,simulation
1950-11-15,619.84906,simulation
1950-11-16,618.6886,simulation
1950-11-17,618.8446,simulation
1950-11-18,617.6488,simulation
1950-11-19,616.718,simulation
1950-11-20,615.60876,simulation
1950-11-21,637.5466,simulation
1950-11-22,635.7856,simulation
1950-11-23,634.6285,simulation
1950-11-24,632.9132,simulation
1950-11-25,635.7075,simulation
1950-11-26,634.9108,simulation
1950-11-27,633.60114,simulation
1950-11-28,631.71924,simulation
1950-11-29,630.5353,simulation
1950-11-30,629.66174,simulation
1950-12-01,628.7574,simulation
1950-12-02,627.2692,simulation
1950-12-03,628.562,simulation
1950-12-04,659.37085,simulation
1950-12-05,659.06146,simulation
1950-12-06,688.1883,simulation
1950-12-07,691.15137,simulation
1950-12-08,689.97424,simulation
1950-12-09,691.21674,simulation
1950-12-10,689.7124,simulation
1950-12-11,686.6121,simulation
1950-12-12,685.75275,simulation
1950-12-13,684.4037,simulation
1950-12-14,689.4772,simulation
1950-12-15,705.5974,simulation
1950-12-16,704.8814,simulation
1950-12-17,703.7388,simulation
1950-12-18,701.42413,simulation
1950-12-19,699.736,simulation
1950-12-20,698.3441,simulation
1950-12-21,697.109,simulation
1950-12-22,696.1501,simulation
1950-12-23,694.7752,simulation
1950-12-24,693.2051,simulation
1950-12-25,692.5976,simulation
1950-12-26,690.80566,simulation
1950-12-27,695.1226,simulation
1950-12-28,697.078,simulation
1950-12-29,710.4821,simulation
1950-12-30,709.49115,simulation
1950-12-31,708.9506,simulation
1951-01-01,707.3377,simulation
1951-01-02,708.76245,simulation
1951-01-03,708.3617,simulation
1951-01-04,741.4386,simulation
1951-01-05,737.07825,simulation
1951-01-06,732.9135,simulation
1951-01-07,754.1608,simulation
1951-01-08,748.7728,simulation
1951-01-09,743.6608,simulation
1951-01-10,739.0782,simulation
1951-01-11,742.1641,simulation
1951-01-12,737.8245,simulation
1951-01-13,735.776,simulation
1951-01-14,732.49054,simulation
1951-01-15,740.8957,simulation
1951-01-16,735.2916,simulation
1951-01-17,731.0193,simulation
1951-01-18,728.4086,simulation
1951-01-19,747.9486,simulation
1951-01-20,742.7401,simulation
1951-01-21,738.30383,simulation
1951-01-22,733.2847,simulation
1951-01-23,729.8373,simulation
1951-01-24,736.60846,simulation
1951-01-25,731.9275,simulation
1951-01-26,728.4323,simulation
1951-01-27,724.7512,simulation
1951-01-28,721.3979,simulation
1951-01-29,718.6543,simulation
1951-01-30,742.567,simulation
1951-01-31,739.6209,simulation
1951-02-01,776.5789,simulation
1951-02-02,775.7955,simulation
1951-02-03,770.6138,simulation
1951-02-04,765.50946,simulation
1951-02-05,757.86584,simulation
1951-02-06,751.74207,simulation
1951-02-07,789.2415,simulation
1951-02-08,774.4008,simulation
1951-02-09,763.4806,simulation
1951-02-10,772.4947,simulation
1951-02-11,763.90405,simulation
1951-02-12,755.77014,simulation
1951-02-13,749.394,simulation
1951-02-14,752.0034,simulation
1951-02-15,745.65424,simulation
1951-02-16,764.17596,simulation
1951-02-17,756.31506,simulation
1951-02-18,749.9493,simulation
1951-02-19,749.4939,simulation
1951-02-20,745.25635,simulation
1951-02-21,748.0277,simulation
1951-02-22,740.5568,simulation
1951-02-23,735.2021,simulation
1951-02-24,731.00256,simulation
1951-02-25,726.6354,simulation
1951-02-26,722.4997,simulation
1951-02-27,719.2248,simulation
1951-02-28,716.18604,simulation
1951-03-01,713.3613,simulation
1951-03-02,711.21814,simulation
1951-03-03,707.88635,simulation
1951-03-04,705.88794,simulation
1951-03-05,716.34515,simulation
1951-03-06,714.3755,simulation
1951-03-07,711.0267,simulation
1951-03-08,708.003,simulation
1951-03-09,704.91974,simulation
1951-03-10,701.6124,simulation
1951-03-11,698.67444,simulation
1951-03-12,706.0573,simulation
1951-03-13,708.97955,simulation
1951-03-14,707.22266,simulation
1951-03-15,704.15985,simulation
1951-03-16,700.3093,simulation
1951-03-17,696.4921,simulation
1951-03-18,723.88696,simulation
1951-03-19,762.71497,simulation
1951-03-20,764.75665,simulation
1951-03-21,757.88794,simulation
1951-03-22,748.8668,simulation
1951-03-23,740.68494,simulation
1951-03-24,735.0695,simulation
1951-03-25,729.9517,simulation
1951-03-26,725.7006,simulation
1951-03-27,722.0648,simulation
1951-03-28,769.9921,simulation
1951-03-29,840.94995,simulation
1951-03-30,811.1753,simulation
1951-03-31,787.2566,simulation
1951-04-01,770.0683,simulation
1951-04-02,759.1496,simulation
1951-04-03,751.6632,simulation
1951-04-04,743.9705,simulation
1951-04-05,735.9051,simulation
1951-04-06,731.63293,simulation
1951-04-07,733.5582,simulation
1951-04-08,748.29254,simulation
1951-04-09,739.6553,simulation
1951-04-10,734.45667,simulation
1951-04-11,727.4274,simulation
1951-04-12,732.0125,simulation
1951-04-13,725.0446,simulation
1951-04-14,717.84973,simulation
1951-04-15,710.40875,simulation
1951-04-16,704.4113,simulation
1951-04-17,702.9742,simulation
1951-04-18,697.4827,simulation
1951-04-19,698.5186,simulation
1951-04-20,706.526,simulation
1951-04-21,701.4988,simulation
1951-04-22,729.89087,simulation
1951-04-23,724.9767,simulation
1951-04-24,717.9786,simulation
1951-04-25,710.5231,simulation
1951-04-26,706.63654,simulation
1951-04-27,703.0485,simulation
1951-04-28,698.56104,simulation
1951-04-29,693.75037,simulation
1951-04-30,690.7453,simulation
1951-05-01,685.95496,simulation
1951-05-02,680.1095,simulation
1951-05-03,676.8233,simulation
1951-05-04,678.2608,simulation
1951-05-05,672.06415,simulation
1951-05-06,665.7104,simulation
1951-05-07,664.1999,simulation
1951-05-08,660.66943,simulation
1951-05-09,658.03503,simulation
1951-05-10,655.21326,simulation
1951-05-11,662.03235,simulation
1951-05-12,658.6797,simulation
1951-05-13,654.6235,simulation
1951-05-14,648.634,simulation
1951-05-15,641.7706,simulation
1951-05-16,635.03577,simulation
1951-05-17,629.08075,simulation
1951-05-18,622.5758,simulation
1951-05-19,616.7518,simulation
1951-05-20,610.51044,simulation
1951-05-21,606.1198,simulation
1951-05-22,600.5757,simulation
1951-05-23,596.89886,simulation
1951-05-24,593.106,simulation
1951-05-25,588.7948,simulation
1951-05-26,585.6138,simulation
1951-05-27,580.8889,simulation
1951-05-28,573.1977,simulation
1951-05-29,567.5166,simulation
1951-05-30,561.68805,simulation
1951-05-31,556.0774,simulation
1951-06-01,549.5473,simulation
1951-06-02,547.0626,simulation
1951-06-03,544.43787,simulation
1951-06-04,537.0661,simulation
1951-06-05,541.63354,simulation
1951-06-06,538.2449,simulation
1951-06-07,532.8805,simulation
1951-06-08,528.0767,simulation
1951-06-09,522.886,simulation
1951-06-10,532.4264,simulation
1951-06-11,540.81055,simulation
1951-06-12,536.45135,simulation
1951-06-13,534.1976,simulation
1951-06-14,535.179,simulation
1951-06-15,550.9658,simulation
1951-06-16,552.0043,simulation
1951-06-17,564.77875,simulation
1951-06-18,564.5457,simulation
1951-06-19,561.35046,simulation
1951-06-20,557.9507,simulation
1951-06-21,555.9369,simulation
1951-06-22,551.6907,simulation
1951-06-23,545.3601,simulation
1951-06-24,539.7538,simulation
1951-06-25,536.086,simulation
1951-06-26,535.06683,simulation
1951-06-27,529.04175,simulation
1951-06-28,524.1291,simulation
1951-06-29,519.9162,simulation
1951-06-30,523.29364,simulation
1951-07-01,524.66724,simulation
1951-07-02,534.0113,simulation
1951-07-03,550.31995,simulation
1951-07-04,546.7627,simulation
1951-07-05,541.8579,simulation
1951-07-06,536.55524,simulation
1951-07-07,530.85443,simulation
1951-07-08,525.7297,simulation
1951-07-09,519.946,simulation
1951-07-10,527.94946,simulation
1951-07-11,521.5318,simulation
1951-07-12,515.02124,simulation
1951-07-13,508.9595,simulation
1951-07-14,524.92255,simulation
1951-07-15,520.58575,simulation
1951-07-16,514.73004,simulation
1951-07-17,509.534,simulation
1951-07-18,504.27963,simulation
1951-07-19,497.5081,simulation
1951-07-20,492.9278,simulation
1951-07-21,486.4566,simulation
1951-07-22,480.3953,simulation
1951-07-23,481.53845,simulation
1951-07-24,478.80762,simulation
1951-07-25,475.49753,simulation
1951-07-26,471.94632,simulation
1951-07-27,467.59146,simulation
1951-07-28,476.08743,simulation
1951-07-29,485.34332,simulation
1951-07-30,483.31644,simulation
1951-07-31,478.6549,simulation
1951-08-01,478.20355,simulation
1951-08-02,472.89676,simulation
1951-08-03,469.978,simulation
1951-08-04,465.91962,simulation
1951-08-05,459.35504,simulation
1951-08-06,452.41388,simulation
1951-08-07,446.44678,simulation
1951-08-08,441.59875,simulation
1951-08-09,439.546,simulation
1951-08-10,434.06854,simulation
1951-08-11,428.53738,simulation
1951-08-12,422.46558,simulation
1951-08-13,415.85425,simulation
1951-08-14,409.32455,simulation
1951-08-15,402.72913,simulation
1951-08-16,399.1825,simulation
1951-08-17,393.42157,simulation
1951-08-18,392.14017,simulation
1951-08-19,388.57556,simulation
1951-08-20,383.52197,simulation
1951-08-21,380.0809,simulation
1951-08-22,384.79318,simulation
1951-08-23,383.64175,simulation
1951-08-24,383.48935,simulation
1951-08-25,377.42468,simulation
1951-08-26,372.14505,simulation
1951-08-27,366.77814,simulation
1951-08-28,361.6774,simulation
1951-08-29,356.20883,simulation
1951-08-30,350.74142,simulation
1951-08-31,345.44058,simulation
1951-09-01,348.73752,simulation
1951-09-02,358.06955,simulation
1951-09-03,354.6645,simulation
1951-09-04,350.4716,simulation
1951-09-05,347.93463,simulation
1951-09-06,352.10074,simulation
1951-09-07,355.96506,simulation
1951-09-08,350.7559,simulation
1951-09-09,345.879,simulation
1951-09-10,340.58334,simulation
1951-09-11,348.0824,simulation
1951-09-12,346.41974,simulation
1951-09-13,366.36096,simulation
1951-09-14,373.2911,simulation
1951-09-15,374.55646,simulation
1951-09-16,371.62045,simulation
1951-09-17,369.49292,simulation
1951-09-18,366.71988,simulation
1951-09-19,361.85458,simulation
1951-09-20,357.31055,simulation
1951-09-21,363.59827,simulation
1951-09-22,375.65356,simulation
1951-09-23,380.51413,simulation
1951-09-24,380.9041,simulation
1951-09-25,396.3102,simulation
1951-09-26,405.19247,simulation
1951-09-27,410.4672,simulation
1951-09-28,411.18155,simulation
1951-09-29,407.2593,simulation
1951-09-30,402.78302,simulation
1951-10-01,400.1591,simulation
1951-10-02,397.04962,simulation
1951-10-03,392.973,simulation
1951-10-04,389.1763,simulation
1951-10-05,385.78912,simulation
1951-10-06,382.1861,simulation
1951-10-07,378.3031,simulation
1951-10-08,377.86813,simulation
1951-10-09,375.3274,simulation
1951-10-10,372.4234,simulation
1951-10-11,369.32693,simulation
1951-10-12,366.5202,simulation
1951-10-13,363.65143,simulation
1951-10-14,360.60077,simulation
1951-10-15,360.31067,simulation
1951-10-16,357.10806,simulation
1951-10-17,354.21967,simulation
1951-10-18,351.18008,simulation
1951-10-19,349.604,simulation
1951-10-20,348.181,simulation
1951-10-21,345.62634,simulation
1951-10-22,344.5904,simulation
1951-10-23,355.68372,simulation
1951-10-24,363.11853,simulation
1951-10-25,363.07346,simulation
1951-10-26,363.94492,simulation
1951-10-27,363.71967,simulation
1951-10-28,368.69168,simulation
1951-10-29,369.2945,simulation
1951-10-30,369.95966,simulation
1951-10-31,369.9826,simulation
1951-11-01,379.58813,simulation
1951-11-02,398.18268,simulation
1951-11-03,398.87912,simulation
1951-11-04,398.86432,simulation
1951-11-05,398.26047,simulation
1951-11-06,396.67603,simulation
1951-11-07,402.6844,simulation
1951-11-08,401.91592,simulation
1951-11-09,401.75394,simulation
1951-11-10,401.5122,simulation
1951-11-11,401.63763,simulation
1951-11-12,400.67007,simulation
1951-11-13,401.23108,simulation
1951-11-14,401.48172,simulation
1951-11-15,400.76572,simulation
1951-11-16,400.86914,simulation
1951-11-17,401.4605,simulation
1951-11-18,401.68335,simulation
1951-11-19,401.83508,simulation
1951-11-20,401.97046,simulation
1951-11-21,401.8725,simulation
1951-11-22,401.69174,simulation
1951-11-23,401.87958,simulation
1951-11-24,402.44858,simulation
1951-11-25,403.06818,simulation
1951-11-26,403.39938,simulation
1951-11-27,403.9713,simulation
1951-11-28,421.45645,simulation
1951-11-29,422.0653,simulation
1951-11-30,422.1598,simulation
1951-12-01,422.71213,simulation
1951-12-02,422.63394,simulation
1951-12-03,423.16748,simulation
1951-12-04,428.49728,simulation
1951-12-05,428.47412,simulation
1951-12-06,437.30353,simulation
1951-12-07,437.43893,simulation
1951-12-08,447.42877,simulation
1951-12-09,457.4899,simulation
1951-12-10,490.89447,simulation
1951-12-11,491.61426,simulation
1951-12-12,491.35904,simulation
1951-12-13,490.89023,simulation
1951-12-14,491.21393,simulation
1951-12-15,529.44885,simulation
1951-12-16,528.79614,simulation
1951-12-17,528.6764,simulation
1951-12-18,531.11237,simulation
1951-12-19,543.90704,simulation
1951-12-20,559.04266,simulation
1951-12-21,587.59174,simulation
1951-12-22,587.18805,simulation
1951-12-23,586.63306,simulation
1951-12-24,585.93225,simulation
1951-12-25,585.5643,simulation
1951-12-26,586.2188,simulation
1951-12-27,599.5818,simulation
1951-12-28,598.65234,simulation
1951-12-29,597.95056,simulation
1951-12-30,597.82733,simulation
1951-12-31,597.4991,simulation
1952-01-01,596.5655,simulation
1952-01-02,595.86896,simulation
1952-01-03,595.6812,simulation
1952-01-04,595.84985,simulation
1952-01-05,603.157,simulation
1952-01-06,604.9351,simulation
1952-01-07,604.719,simulation
1952-01-08,604.41656,simulation
1952-01-09,604.356,simulation
1952-01-10,606.3895,simulation
1952-01-11,605.2733,simulation
1952-01-12,605.0148,simulation
1952-01-13,604.8013,simulation
1952-01-14,604.513,simulation
1952-01-15,604.61273,simulation
1952-01-16,604.5254,simulation
1952-01-17,604.3377,simulation
1952-01-18,604.0738,simulation
1952-01-19,603.6809,simulation
1952-01-20,603.3833,simulation
1952-01-21,605.2703,simulation
1952-01-22,606.40936,simulation
1952-01-23,629.0256,simulation
1952-01-24,627.7512,simulation
1952-01-25,627.27484,simulation
1952-01-26,631.03204,simulation
1952-01-27,630.4413,simulation
1952-01-28,657.635,simulation
1952-01-29,659.6836,simulation
1952-01-30,658.3312,simulation
1952-01-31,657.173,simulation
1952-02-01,656.15594,simulation
1952-02-02,657.10333,simulation
1952-02-03,698.4232,simulation
1952-02-04,698.184,simulation
1952-02-05,697.7043,simulation
1952-02-06,695.76605,simulation
1952-02-07,693.0705,simulation
1952-02-08,690.217,simulation
1952-02-09,686.961,simulation
1952-02-10,685.48676,simulation
1952-02-11,684.1353,simulation
1952-02-12,682.3586,simulation
1952-02-13,687.86646,simulation
1952-02-14,686.4802,simulation
1952-02-15,685.6649,simulation
1952-02-16,694.64795,simulation
1952-02-17,695.3262,simulation
1952-02-18,693.95435,simulation
1952-02-19,691.8057,simulation
1952-02-20,690.6505,simulation
1952-02-21,699.9763,simulation
1952-02-22,696.57074,simulation
1952-02-23,711.22864,simulation
1952-02-24,712.37946,simulation
1952-02-25,710.9283,simulation
1952-02-26,709.621,simulation
1952-02-27,711.38086,simulation
1952-02-28,707.62946,simulation
1952-02-29,706.00433,simulation
1952-03-01,702.0703,simulation
1952-03-02,700.46606,simulation
1952-03-03,704.3539,simulation
1952-03-04,732.7726,simulation
1952-03-05,727.44495,simulation
1952-03-06,724.4697,simulation
1952-03-07,719.1494,simulation
1952-03-08,713.9675,simulation
1952-03-09,709.2036,simulation
1952-03-10,707.2792,simulation
1952-03-11,747.94684,simulation
1952-03-12,742.35956,simulation
1952-03-13,738.27747,simulation
1952-03-14,732.921,simulation
1952-03-15,729.65466,simulation
1952-03-16,723.56506,simulation
1952-03-17,720.2135,simulation
1952-03-18,718.00183,simulation
1952-03-19,736.2877,simulation
1952-03-20,729.9339,simulation
1952-03-21,724.6603,simulation
1952-03-22,721.5258,simulation
1952-03-23,730.6162,simulation
1952-03-24,727.8727,simulation
1952-03-25,722.0037,simulation
1952-03-26,718.3146,simulation
1952-03-27,713.0419,simulation
1952-03-28,707.3937,simulation
1952-03-29,703.8894,simulation
1952-03-30,699.97687,simulation
1952-03-31,697.1696,simulation
1952-04-01,700.9567,simulation
1952-04-02,696.4349,simulation
1952-04-03,690.24304,simulation
1952-04-04,685.3741,simulation
1952-04-05,690.8665,simulation
1952-04-06,685.758,simulation
1952-04-07,680.6676,simulation
1952-04-08,675.78174,simulation
1952-04-09,670.3475,simulation
1952-04-10,667.3476,simulation
1952-04-11,668.49963,simulation
1952-04-12,665.7968,simulation
1952-04-13,712.22644,simulation
1952-04-14,707.19977,simulation
1952-04-15,701.1105,simulation
1952-04-16,695.05853,simulation
1952-04-17,688.79285,simulation
1952-04-18,686.57745,simulation
1952-04-19,685.2393,simulation
1952-04-20,683.1017,simulation
1952-04-21,682.01154,simulation
1952-04-22,678.83325,simulation
1952-04-23,677.92615,simulation
1952-04-24,691.40875,simulation
1952-04-25,691.14526,simulation
1952-04-26,687.46313,simulation
1952-04-27,685.5555,simulation
1952-04-28,679.0859,simulation
1952-04-29,672.8074,simulation
1952-04-30,666.1656,simulation
1952-05-01,659.4168,simulation
1952-05-02,654.6519,simulation
1952-05-03,656.53973,simulation
1952-05-04,650.27057,simulation
1952-05-05,643.5344,simulation
1952-05-06,637.218,simulation
1952-05-07,631.8096,simulation
1952-05-08,626.0172,simulation
1952-05-09,620.6062,simulation
1952-05-10,616.565,simulation
1952-05-11,626.5449,simulation
1952-05-12,619.726,simulation
1952-05-13,613.66077,simulation
1952-05-14,607.49976,simulation
1952-05-15,601.3906,simulation
1952-05-16,596.5598,simulation
1952-05-17,593.26556,simulation
1952-05-18,596.2495,simulation
1952-05-19,608.83405,simulation
1952-05-20,652.49615,simulation
1952-05-21,652.41895,simulation
1952-05-22,647.2145,simulation
1952-05-23,695.35364,simulation
1952-05-24,704.5832,simulation
1952-05-25,703.0248,simulation
1952-05-26,724.6253,simulation
1952-05-27,717.76385,simulation
1952-05-28,711.7167,simulation
1952-05-29,715.64825,simulation
1952-05-30,716.7499,simulation
1952-05-31,712.357,simulation
1952-06-01,705.3373,simulation
1952-06-02,697.39777,simulation
1952-06-03,689.5095,simulation
1952-06-04,686.64856,simulation
1952-06-05,679.492,simulation
1952-06-06,675.6013,simulation
1952-06-07,671.0749,simulation
1952-06-08,667.4884,simulation
1952-06-09,664.46387,simulation
1952-06-10,660.36487,simulation
1952-06-11,655.1016,simulation
1952-06-12,649.04553,simulation
1952-06-13,641.794,simulation
1952-06-14,635.32996,simulation
1952-06-15,628.5272,simulation
1952-06-16,621.5664,simulation
1952-06-17,615.38165,simulation
1952-06-18,613.3447,simulation
1952-06-19,610.0932,simulation
1952-06-20,606.60187,simulation
1952-06-21,612.6491,simulation
1952-06-22,607.78174,simulation
1952-06-23,603.9597,simulation
1952-06-24,600.95514,simulation
1952-06-25,594.7524,simulation
1952-06-26,591.3146,simulation
1952-06-27,586.53046,simulation
1952-06-28,580.5637,simulation
1952-06-29,583.7354,simulation
1952-06-30,581.3749,simulation
1952-07-01,577.87164,simulation
1952-07-02,571.7257,simulation
1952-07-03,580.1997,simulation
1952-07-04,575.1438,simulation
1952-07-05,577.6157,simulation
1952-07-06,585.89386,simulation
1952-07-07,579.26294,simulation
1952-07-08,580.5371,simulation
1952-07-09,576.7899,simulation
1952-07-10,585.88983,simulation
1952-07-11,584.7462,simulation
1952-07-12,581.2434,simulation
1952-07-13,577.229,simulation
1952-07-14,573.1439,simulation
1952-07-15,569.51843,simulation
1952-07-16,570.3487,simulation
1952-07-17,572.5011,simulation
1952-07-18,570.91504,simulation
1952-07-19,573.2056,simulation
1952-07-20,568.93195,simulation
1952-07-21,564.2191,simulation
1952-07-22,559.36926,simulation
1952-07-23,557.6426,simulation
1952-07-24,551.5295,simulation
1952-07-25,546.8131,simulation
1952-07-26,540.9621,simulation
1952-07-27,539.1018,simulation
1952-07-28,534.11206,simulation
1952-07-29,545.13214,simulation
1952-07-30,547.0108,simulation
1952-07-31,546.4746,simulation
1952-08-01,544.64716,simulation
1952-08-02,542.9137,simulation
1952-08-03,539.12787,simulation
1952-08-04,535.5644,simulation
1952-08-05,535.3443,simulation
1952-08-06,540.87683,simulation
1952-08-07,546.11383,simulation
1952-08-08,541.4927,simulation
1952-08-09,540.18036,simulation
1952-08-10,541.7714,simulation
1952-08-11,538.1689,simulation
1952-08-12,536.38995,simulation
1952-08-13,534.2292,simulation
1952-08-14,531.50226,simulation
1952-08-15,528.1592,simulation
1952-08-16,523.8569,simulation
1952-08-17,519.1024,simulation
1952-08-18,514.14545,simulation
1952-08-19,552.6272,simulation
1952-08-20,548.92944,simulation
1952-08-21,547.8752,simulation
1952-08-22,545.209,simulation
1952-08-23,547.3378,simulation
1952-08-24,545.5525,simulation
1952-08-25,549.2023,simulation
1952-08-26,547.208,simulation
1952-08-27,543.4804,simulation
1952-08-28,536.8993,simulation
1952-08-29,530.83105,simulation
1952-08-30,525.3518,simulation
1952-08-31,520.3106,simulation
1952-09-01,517.8953,simulation
1952-09-02,520.91113,simulation
1952-09-03,524.54425,simulation
1952-09-04,519.88385,simulation
1952-09-05,514.2266,simulation
1952-09-06,509.67468,simulation
1952-09-07,505.2852,simulation
1952-09-08,503.1898,simulation
1952-09-09,499.1949,simulation
1952-09-10,496.85834,simulation
1952-09-11,491.99875,simulation
1952-09-12,487.04956,simulation
1952-09-13,488.26514,simulation
1952-09-14,495.17154,simulation
1952-09-15,511.33334,simulation
1952-09-16,508.8241,simulation
1952-09-17,503.69925,simulation
1952-09-18,500.20923,simulation
1952-09-19,501.2636,simulation
1952-09-20,501.4631,simulation
1952-09-21,501.45206,simulation
1952-09-22,501.21,simulation
1952-09-23,495.83514,simulation
1952-09-24,490.96613,simulation
1952-09-25,490.12207,simulation
1952-09-26,486.37714,simulation
1952-09-27,481.41235,simulation
1952-09-28,476.78177,simulation
1952-09-29,472.26422,simulation
1952-09-30,467.7694,simulation
1952-10-01,463.61047,simulation
1952-10-02,459.5818,simulation
1952-10-03,454.96353,simulation
1952-10-04,450.0893,simulation
1952-10-05,446.05743,simulation
1952-10-06,443.06076,simulation
1952-10-07,441.3099,simulation
1952-10-08,438.91962,simulation
1952-10-09,435.16904,simulation
1952-10-10,435.2608,simulation
1952-10-11,432.01407,simulation
1952-10-12,428.9476,simulation
1952-10-13,425.86227,simulation
1952-10-14,422.91953,simulation
1952-10-15,421.6451,simulation
1952-10-16,419.6239,simulation
1952-10-17,416.4888,simulation
1952-10-18,413.1026,simulation
1952-10-19,409.34198,simulation
1952-10-20,405.44998,simulation
1952-10-21,401.29358,simulation
1952-10-22,398.43945,simulation
1952-10-23,397.70126,simulation
1952-10-24,395.0686,simulation
1952-10-25,392.0903,simulation
1952-10-26,389.31934,simulation
1952-10-27,386.62173,simulation
1952-10-28,384.13675,simulation
1952-10-29,380.95224,simulation
1952-10-30,378.84818,simulation
1952-10-31,379.34824,simulation
1952-11-01,379.51187,simulation
1952-11-02,379.41455,simulation
1952-11-03,378.86267,simulation
1952-11-04,378.8622,simulation
1952-11-05,377.62903,simulation
1952-11-06,377.91806,simulation
1952-11-07,377.72308,simulation
1952-11-08,375.35657,simulation
1952-11-09,374.7748,simulation
1952-11-10,392.09464,simulation
1952-11-11,400.31845,simulation
1952-11-12,400.3088,simulation
1952-11-13,399.69254,simulation
1952-11-14,399.42175,simulation
1952-11-15,399.22687,simulation
1952-11-16,397.94928,simulation
1952-11-17,398.26868,simulation
1952-11-18,398.7767,simulation
1952-11-19,429.24976,simulation
1952-11-20,434.4385,simulation
1952-11-21,433.5419,simulation
1952-11-22,432.84564,simulation
1952-11-23,432.56216,simulation
1952-11-24,432.4077,simulation
1952-11-25,432.9109,simulation
1952-11-26,446.5688,simulation
1952-11-27,446.66232,simulation
1952-11-28,446.9712,simulation
1952-11-29,446.9752,simulation
1952-11-30,464.99396,simulation
1952-12-01,465.4741,simulation
1952-12-02,471.30316,simulation
1952-12-03,474.5336,simulation
1952-12-04,477.5653,simulation
1952-12-05,506.01212,simulation
1952-12-06,505.0708,simulation
1952-12-07,504.50977,simulation
1952-12-08,504.6788,simulation
1952-12-09,504.87128,simulation
1952-12-10,525.3617,simulation
1952-12-11,526.05005,simulation
1952-12-12,525.2113,simulation
1952-12-13,524.7122,simulation
1952-12-14,524.3309,simulation
1952-12-15,524.0829,simulation
1952-12-16,523.7934,simulation
1952-12-17,523.4401,simulation
1952-12-18,523.53314,simulation
1952-12-19,523.39923,simulation
1952-12-20,541.9748,simulation
1952-12-21,541.4191,simulation
1952-12-22,541.43207,simulation
1952-12-23,544.99896,simulation
1952-12-24,544.9634,simulation
1952-12-25,547.97034,simulation
1952-12-26,548.3096,simulation
1952-12-27,548.37427,simulation
1952-12-28,548.4891,simulation
1952-12-29,548.1886,simulation
1952-12-30,549.37024,simulation
1952-12-31,590.2219,simulation
1953-01-01,590.5856,simulation
1953-01-02,590.28467,simulation
1953-01-03,597.4198,simulation
1953-01-04,596.0861,simulation
1953-01-05,595.1215,simulation
1953-01-06,593.8026,simulation
1953-01-07,592.73145,simulation
1953-01-08,594.50507,simulation
1953-01-09,608.73737,simulation
1953-01-10,627.488,simulation
1953-01-11,627.2845,simulation
1953-01-12,626.305,simulation
1953-01-13,624.9751,simulation
1953-01-14,624.3464,simulation
1953-01-15,623.60565,simulation
1953-01-16,624.8212,simulation
1953-01-17,629.3791,simulation
1953-01-18,666.9259,simulation
1953-01-19,665.2154,simulation
1953-01-20,663.8841,simulation
1953-01-21,662.6176,simulation
1953-01-22,660.61273,simulation
1953-01-23,664.9182,simulation
1953-01-24,697.06946,simulation
1953-01-25,694.2842,simulation
1953-01-26,691.41077,simulation
1953-01-27,688.59406,simulation
1953-01-28,687.443,simulation
1953-01-29,687.73175,simulation
1953-01-30,684.7433,simulation
1953-01-31,682.06793,simulation
1953-02-01,681.16376,simulation
1953-02-02,680.40857,simulation
1953-02-03,679.692,simulation
1953-02-04,679.14825,simulation
1953-02-05,677.46643,simulation
1953-02-06,676.43634,simulation
1953-02-07,693.7562,simulation
1953-02-08,691.1963,simulation
1953-02-09,687.98755,simulation
1953-02-10,686.60876,simulation
1953-02-11,684.7964,simulation
1953-02-12,699.7621,simulation
1953-02-13,702.41077,simulation
1953-02-14,699.5658,simulation
1953-02-15,738.4522,simulation
1953-02-16,734.721,simulation
1953-02-17,730.8649,simulation
1953-02-18,727.0355,simulation
1953-02-19,723.0677,simulation
1953-02-20,738.5131,simulation
1953-02-21,772.4211,simulation
1953-02-22,767.28516,simulation
1953-02-23,759.1254,simulation
1953-02-24,763.4299,simulation
1953-02-25,801.8624,simulation
1953-02-26,797.41345,simulation
1953-02-27,781.47815,simulation
1953-02-28,767.6606,simulation
1953-03-01,758.65356,simulation
1953-03-02,752.32306,simulation
1953-03-03,746.3656,simulation
1953-03-04,745.1225,simulation
1953-03-05,740.0579,simulation
1953-03-06,734.0874,simulation
1953-03-07,730.02936,simulation
1953-03-08,726.553,simulation
1953-03-09,720.7358,simulation
1953-03-10,717.12616,simulation
1953-03-11,723.89343,simulation
1953-03-12,738.9492,simulation
1953-03-13,760.0407,simulation
1953-03-14,752.8638,simulation
1953-03-15,770.247,simulation
1953-03-16,763.27405,simulation
1953-03-17,754.16754,simulation
1953-03-18,747.1541,simulation
1953-03-19,753.8276,simulation
1953-03-20,747.0694,simulation
1953-03-21,742.78577,simulation
1953-03-22,737.6829,simulation
1953-03-23,758.099,simulation
1953-03-24,750.26337,simulation
1953-03-25,741.6263,simulation
1953-03-26,733.2566,simulation
1953-03-27,727.14606,simulation
1953-03-28,729.28815,simulation
1953-03-29,722.8974,simulation
1953-03-30,716.45715,simulation
1953-03-31,712.5594,simulation
1953-04-01,710.44965,simulation
1953-04-02,707.1532,simulation
1953-04-03,706.8241,simulation
1953-04-04,701.3221,simulation
1953-04-05,695.9676,simulation
1953-04-06,693.1364,simulation
1953-04-07,719.7447,simulation
1953-04-08,715.5889,simulation
1953-04-09,711.9877,simulation
1953-04-10,710.2038,simulation
1953-04-11,711.0404,simulation
1953-04-12,708.49963,simulation
1953-04-13,730.28625,simulation
1953-04-14,722.9455,simulation
1953-04-15,717.3704,simulation
1953-04-16,720.10724,simulation
1953-04-17,713.3607,simulation
1953-04-18,708.41156,simulation
1953-04-19,714.0848,simulation
1953-04-20,707.4627,simulation
1953-04-21,701.46924,simulation
1953-04-22,695.3104,simulation
1953-04-23,689.83856,simulation
1953-04-24,685.8649,simulation
1953-04-25,741.33856,simulation
1953-04-26,740.952,simulation
1953-04-27,731.47986,simulation
1953-04-28,724.3278,simulation
1953-04-29,719.3551,simulation
1953-04-30,789.2617,simulation
1953-05-01,770.7929,simulation
1953-05-02,761.4329,simulation
1953-05-03,764.9866,simulation
1953-05-04,808.1412,simulation
1953-05-05,824.3856,simulation
1953-05-06,799.6775,simulation
1953-05-07,782.3805,simulation
1953-05-08,765.80994,simulation
1953-05-09,753.12537,simulation
1953-05-10,744.6786,simulation
1953-05-11,735.8158,simulation
1953-05-12,727.8063,simulation
1953-05-13,720.98083,simulation
1953-05-14,719.11176,simulation
1953-05-15,734.5922,simulation
1953-05-16,754.6102,simulation
1953-05-17,747.1655,simulation
1953-05-18,796.1431,simulation
1953-05-19,788.375,simulation
1953-05-20,775.6187,simulation
1953-05-21,761.5942,simulation
1953-05-22,750.8254,simulation
1953-05-23,741.6413,simulation
1953-05-24,733.4064,simulation
1953-05-25,726.0461,simulation
1953-05-26,718.3782,simulation
1953-05-27,710.3487,simulation
1953-05-28,702.275,simulation
1953-05-29,693.7597,simulation
1953-05-30,686.71625,simulation
1953-05-31,680.53516,simulation
1953-06-01,676.74274,simulation
1953-06-02,670.2782,simulation
1953-06-03,662.0702,simulation
1953-06-04,654.8813,simulation
1953-06-05,650.7958,simulation
1953-06-06,647.79834,simulation
1953-06-07,643.1908,simulation
1953-06-08,638.26855,simulation
1953-06-09,634.55347,simulation
1953-06-10,642.38605,simulation
1953-06-11,636.397,simulation
1953-06-12,639.899,simulation
1953-06-13,636.4847,simulation
1953-06-14,630.1594,simulation
1953-06-15,624.86096,simulation
1953-06-16,619.5482,simulation
1953-06-17,614.80457,simulation
1953-06-18,608.1552,simulation
1953-06-19,601.4111,simulation
1953-06-20,594.58344,simulation
1953-06-21,597.87476,simulation
1953-06-22,592.9071,simulation
1953-06-23,590.05035,simulation
1953-06-24,584.5307,simulation
1953-06-25,587.14355,simulation
1953-06-26,588.80615,simulation
1953-06-27,588.1677,simulation
1953-06-28,592.0344,simulation
1953-06-29,600.2089,simulation
1953-06-30,598.03094,simulation
1953-07-01,592.6262,simulation
1953-07-02,589.35376,simulation
1953-07-03,584.70966,simulation
1953-07-04,579.2916,simulation
1953-07-05,576.2449,simulation
1953-07-06,570.9599,simulation
1953-07-07,565.03864,simulation
1953-07-08,580.1256,simulation
1953-07-09,580.0776,simulation
1953-07-10,595.2697,simulation
1953-07-11,590.80176,simulation
1953-07-12,587.3135,simulation
1953-07-13,583.4649,simulation
1953-07-14,583.23114,simulation
1953-07-15,583.01086,simulation
1953-07-16,600.4783,simulation
1953-07-17,614.1729,simulation
1953-07-18,615.15955,simulation
1953-07-19,627.371,simulation
1953-07-20,636.25946,simulation
1953-07-21,663.5258,simulation
1953-07-22,682.83563,simulation
1953-07-23,703.5379,simulation
1953-07-24,703.06573,simulation
1953-07-25,705.8033,simulation
1953-07-26,700.89557,simulation
1953-07-27,694.39734,simulation
1953-07-28,686.379,simulation
1953-07-29,682.01855,simulation
1953-07-30,679.7856,simulation
1953-07-31,680.59143,simulation
1953-08-01,677.6756,simulation
1953-08-02,674.1495,simulation
1953-08-03,670.0484,simulation
1953-08-04,665.5514,simulation
1953-08-05,660.3376,simulation
1953-08-06,654.4576,simulation
1953-08-07,648.54926,simulation
1953-08-08,642.3863,simulation
1953-08-09,639.1126,simulation
1953-08-10,633.87036,simulation
1953-08-11,629.3987,simulation
1953-08-12,623.1717,simulation
1953-08-13,618.00305,simulation
1953-08-14,612.3947,simulation
1953-08-15,619.26917,simulation
1953-08-16,617.7996,simulation
1953-08-17,613.5785,simulation
1953-08-18,610.8966,simulation
1953-08-19,611.40515,simulation
1953-08-20,608.41437,simulation
1953-08-21,604.51483,simulation
1953-08-22,608.8358,simulation
1953-08-23,617.6539,simulation
1953-08-24,616.9612,simulation
1953-08-25,615.88477,simulation
1953-08-26,615.6343,simulation
1953-08-27,615.2121,simulation
1953-08-28,629.84216,simulation
1953-08-29,689.73035,simulation
1953-08-30,734.02576,simulation
1953-08-31,729.04333,simulation
1953-09-01,721.012,simulation
1953-09-02,714.33264,simulation
1953-09-03,709.90375,simulation
1953-09-04,706.12396,simulation
1953-09-05,709.1474,simulation
1953-09-06,704.0111,simulation
1953-09-07,696.3984,simulation
1953-09-08,689.27423,simulation
1953-09-09,682.52484,simulation
1953-09-10,676.13916,simulation
1953-09-11,669.9031,simulation
1953-09-12,665.47595,simulation
1953-09-13,661.95264,simulation
1953-09-14,660.1938,simulation
1953-09-15,657.887,simulation
1953-09-16,652.6097,simulation
1953-09-17,647.4998,simulation
1953-09-18,642.9376,simulation
1953-09-19,638.72705,simulation
1953-09-20,633.94727,simulation
1953-09-21,628.82916,simulation
1953-09-22,622.9056,simulation
1953-09-23,616.4327,simulation
1953-09-24,611.3549,simulation
1953-09-25,610.43933,simulation
1953-09-26,608.6969,simulation
1953-09-27,604.611,simulation
1953-09-28,599.6041,simulation
1953-09-29,594.47595,simulation
1953-09-30,589.2697,simulation
1953-10-01,584.7356,simulation
1953-10-02,583.2995,simulation
1953-10-03,580.80994,simulation
1953-10-04,577.4108,simulation
1953-10-05,573.37787,simulation
1953-10-06,569.90356,simulation
1953-10-07,566.5992,simulation
1953-10-08,562.9882,simulation
1953-10-09,559.0693,simulation
1953-10-10,554.81836,simulation
1953-10-11,550.7945,simulation
1953-10-12,546.7086,simulation
1953-10-13,545.7895,simulation
1953-10-14,541.9329,simulation
1953-10-15,538.1966,simulation
1953-10-16,534.6359,simulation
1953-10-17,530.9435,simulation
1953-10-18,527.0948,simulation
1953-10-19,523.40955,simulation
1953-10-20,521.05005,simulation
1953-10-21,517.5969,simulation
1953-10-22,514.64716,simulation
1953-10-23,512.6289,simulation
1953-10-24,512.2117,simulation
1953-10-25,512.0664,simulation
1953-10-26,509.18597,simulation
1953-10-27,516.2567,simulation
1953-10-28,515.8549,simulation
1953-10-29,512.7926,simulation
1953-10-30,509.54416,simulation
1953-10-31,509.30948,simulation
1953-11-01,509.4565,simulation
1953-11-02,509.5458,simulation
1953-11-03,508.16476,simulation
1953-11-04,507.91977,simulation
1953-11-05,509.11362,simulation
1953-11-06,507.82248,simulation
1953-11-07,505.08194,simulation
1953-11-08,505.57327,simulation
1953-11-09,505.90668,simulation
1953-11-10,503.32376,simulation
1953-11-11,500.98727,simulation
1953-11-12,499.37366,simulation
1953-11-13,497.65576,simulation
1953-11-14,496.08527,simulation
1953-11-15,494.55597,simulation
1953-11-16,494.6568,simulation
1953-11-17,494.9016,simulation
1953-11-18,494.67407,simulation
1953-11-19,494.78247,simulation
1953-11-20,514.1889,simulation
1953-11-21,515.34485,simulation
1953-11-22,515.5204,simulation
1953-11-23,543.2039,simulation
1953-11-24,542.3765,simulation
1953-11-25,546.2405,simulation
1953-11-26,544.0041,simulation
1953-11-27,541.9834,simulation
1953-11-28,540.97534,simulation
1953-11-29,540.66595,simulation
1953-11-30,553.2284,simulation
1953-12-01,553.3338,simulation
1953-12-02,552.0508,simulation
1953-12-03,552.07245,simulation
1953-12-04,602.7653,simulation
1953-12-05,602.50616,simulation
1953-12-06,608.3079,simulation
1953-12-07,618.3629,simulation
1953-12-08,617.76556,simulation
1953-12-09,621.1225,simulation
1953-12-10,657.7973,simulation
1953-12-11,656.96985,simulation
1953-12-12,686.5072,simulation
1953-12-13,685.93024,simulation
1953-12-14,688.9763,simulation
1953-12-15,686.2571,simulation
1953-12-16,684.49585,simulation
1953-12-17,682.5479,simulation
1953-12-18,681.1854,simulation
1953-12-19,680.202,simulation
1953-12-20,679.44904,simulation
1953-12-21,685.52673,simulation
1953-12-22,684.3697,simulation
1953-12-23,693.27826,simulation
1953-12-24,691.5988,simulation
1953-12-25,689.61536,simulation
1953-12-26,687.57007,simulation
1953-12-27,686.0551,simulation
1953-12-28,688.59894,simulation
1953-12-29,705.8163,simulation
1953-12-30,716.34015,simulation
1953-12-31,717.2917,simulation
1954-01-01,714.4218,simulation
1954-01-02,711.8266,simulation
1954-01-03,709.962,simulation
1954-01-04,707.6537,simulation
1954-01-05,706.61865,simulation
1954-01-06,704.086,simulation
1954-01-07,702.2709,simulation
1954-01-08,699.8758,simulation
1954-01-09,697.868,simulation
1954-01-10,697.14545,simulation
1954-01-11,707.2679,simulation
1954-01-12,704.9393,simulation
1954-01-13,703.5532,simulation
1954-01-14,702.19385,simulation
1954-01-15,700.941,simulation
1954-01-16,728.4883,simulation
1954-01-17,725.62573,simulation
1954-01-18,723.2799,simulation
1954-01-19,721.04706,simulation
1954-01-20,718.67755,simulation
1954-01-21,717.8223,simulation
1954-01-22,733.75226,simulation
1954-01-23,734.1401,simulation
1954-01-24,731.5414,simulation
1954-01-25,728.7041,simulation
1954-01-26,726.05646,simulation
1954-01-27,723.6736,simulation
1954-01-28,722.62036,simulation
1954-01-29,719.10596,simulation
1954-01-30,718.5487,simulation
1954-01-31,734.823,simulation
1954-02-01,731.2045,simulation
1954-02-02,726.58575,simulation
1954-02-03,722.6329,simulation
1954-02-04,717.78687,simulation
1954-02-05,713.60504,simulation
1954-02-06,709.72705,simulation
1954-02-07,705.8144,simulation
1954-02-08,702.7016,simulation
1954-02-09,699.723,simulation
1954-02-10,695.9813,simulation
1954-02-11,694.37604,simulation
1954-02-12,692.6871,simulation
1954-02-13,689.17523,simulation
1954-02-14,686.77277,simulation
1954-02-15,687.38885,simulation
1954-02-16,685.72327,simulation
1954-02-17,685.24945,simulation
1954-02-18,681.9015,simulation
1954-02-19,679.6338,simulation
1954-02-20,681.13947,simulation
1954-02-21,698.41223,simulation
1954-02-22,694.5336,simulation
1954-02-23,690.72406,simulation
1954-02-24,696.7228,simulation
1954-02-25,692.71246,simulation
1954-02-26,688.5737,simulation
1954-02-27,686.52515,simulation
1954-02-28,688.9869,simulation
1954-03-01,686.47,simulation
1954-03-02,683.3258,simulation
1954-03-03,688.70135,simulation
1954-03-04,685.54535,simulation
1954-03-05,683.3931,simulation
1954-03-06,683.0057,simulation
1954-03-07,681.0962,simulation
1954-03-08,677.74146,simulation
1954-03-09,676.8653,simulation
1954-03-10,673.912,simulation
1954-03-11,670.03424,simulation
1954-03-12,666.5326,simulation
1954-03-13,664.76776,simulation
1954-03-14,664.4952,simulation
1954-03-15,660.4733,simulation
1954-03-16,657.0694,simulation
1954-03-17,653.9554,simulation
1954-03-18,652.6485,simulation
1954-03-19,653.63916,simulation
1954-03-20,681.3594,simulation
1954-03-21,677.74,simulation
1954-03-22,673.9618,simulation
1954-03-23,670.1857,simulation
1954-03-24,668.9136,simulation
1954-03-25,667.5565,simulation
1954-03-26,676.279,simulation
1954-03-27,679.557,simulation
1954-03-28,742.42957,simulation
1954-03-29,738.5791,simulation
1954-03-30,734.9672,simulation
1954-03-31,730.3766,simulation
1954-04-01,724.7052,simulation
1954-04-02,718.3037,simulation
1954-04-03,714.43604,simulation
1954-04-04,710.3712,simulation
1954-04-05,706.9103,simulation
1954-04-06,701.84546,simulation
1954-04-07,698.878,simulation
1954-04-08,694.00977,simulation
1954-04-09,694.4075,simulation
1954-04-10,692.84625,simulation
1954-04-11,690.0733,simulation
1954-04-12,689.7994,simulation
1954-04-13,691.06506,simulation
1954-04-14,685.8189,simulation
1954-04-15,681.3785,simulation
1954-04-16,727.79956,simulation
1954-04-17,755.2371,simulation
1954-04-18,744.70245,simulation
1954-04-19,735.5236,simulation
1954-04-20,728.81494,simulation
1954-04-21,722.75684,simulation
1954-04-22,718.67584,simulation
1954-04-23,715.36554,simulation
1954-04-24,715.7212,simulation
1954-04-25,711.04865,simulation
1954-04-26,706.893,simulation
1954-04-27,702.1699,simulation
1954-04-28,697.977,simulation
1954-04-29,696.90234,simulation
1954-04-30,692.4295,simulation
1954-05-01,687.95886,simulation
1954-05-02,687.7846,simulation
1954-05-03,712.24164,simulation
1954-05-04,720.8589,simulation
1954-05-05,713.57434,simulation
1954-05-06,706.6282,simulation
1954-05-07,699.6945,simulation
1954-05-08,695.3676,simulation
1954-05-09,688.92554,simulation
1954-05-10,695.6858,simulation
1954-05-11,702.8685,simulation
1954-05-12,723.8357,simulation
1954-05-13,737.1552,simulation
1954-05-14,734.0029,simulation
1954-05-15,729.60974,simulation
1954-05-16,722.5127,simulation
1954-05-17,716.37476,simulation
1954-05-18,711.32764,simulation
1954-05-19,707.9628,simulation
1954-05-20,704.844,simulation
1954-05-21,697.3275,simulation
1954-05-22,690.3838,simulation
1954-05-23,683.726,simulation
1954-05-24,680.3121,simulation
1954-05-25,675.33875,simulation
1954-05-26,673.8754,simulation
1954-05-27,674.1176,simulation
1954-05-28,688.6077,simulation
1954-05-29,684.1105,simulation
1954-05-30,679.24493,simulation
1954-05-31,674.626,simulation
1954-06-01,669.5979,simulation
1954-06-02,663.92773,simulation
1954-06-03,658.77985,simulation
1954-06-04,659.06744,simulation
1954-06-05,651.5399,simulation
1954-06-06,646.6365,simulation
1954-06-07,640.80884,simulation
1954-06-08,636.11804,simulation
1954-06-09,631.23334,simulation
1954-06-10,626.07324,simulation
1954-06-11,620.3353,simulation
1954-06-12,614.17145,simulation
1954-06-13,607.6385,simulation
1954-06-14,605.8296,simulation
1954-06-15,601.7565,simulation
1954-06-16,600.9826,simulation
1954-06-17,598.796,simulation
1954-06-18,600.7736,simulation
1954-06-19,603.4933,simulation
1954-06-20,600.4804,simulation
1954-06-21,595.6219,simulation
1954-06-22,619.4709,simulation
1954-06-23,615.0067,simulation
1954-06-24,614.66907,simulation
1954-06-25,609.631,simulation
1954-06-26,604.06866,simulation
1954-06-27,597.63434,simulation
1954-06-28,597.52637,simulation
1954-06-29,591.79376,simulation
1954-06-30,585.5227,simulation
1954-07-01,577.814,simulation
1954-07-02,575.89606,simulation
1954-07-03,573.00903,simulation
1954-07-04,573.5462,simulation
1954-07-05,572.1094,simulation
1954-07-06,580.49225,simulation
1954-07-07,580.7842,simulation
1954-07-08,579.1787,simulation
1954-07-09,600.07056,simulation
1954-07-10,619.9668,simulation
1954-07-11,615.1717,simulation
1954-07-12,619.18097,simulation
1954-07-13,612.34924,simulation
1954-07-14,608.09094,simulation
1954-07-15,602.9097,simulation
1954-07-16,598.1695,simulation
1954-07-17,611.38196,simulation
1954-07-18,608.9955,simulation
1954-07-19,609.8324,simulation
1954-07-20,611.3562,simulation
1954-07-21,608.11884,simulation
1954-07-22,604.72345,simulation
1954-07-23,599.1828,simulation
1954-07-24,594.1095,simulation
1954-07-25,602.80005,simulation
1954-07-26,599.1855,simulation
1954-07-27,595.06433,simulation
1954-07-28,595.30725,simulation
1954-07-29,594.8547,simulation
1954-07-30,600.7312,simulation
1954-07-31,598.5104,simulation
1954-08-01,593.5039,simulation
1954-08-02,587.40497,simulation
1954-08-03,581.78577,simulation
1954-08-04,577.75574,simulation
1954-08-05,574.47614,simulation
1954-08-06,569.31464,simulation
1954-08-07,564.5696,simulation
1954-08-08,559.7673,simulation
1954-08-09,557.54816,simulation
1954-08-10,553.7736,simulation
1954-08-11,551.1669,simulation
1954-08-12,544.4567,simulation
1954-08-13,537.89435,simulation
1954-08-14,531.8324,simulation
1954-08-15,526.61975,simulation
1954-08-16,522.4337,simulation
1954-08-17,517.4355,simulation
1954-08-18,513.3328,simulation
1954-08-19,509.92456,simulation
1954-08-20,508.06192,simulation
1954-08-21,513.4033,simulation
1954-08-22,509.39026,simulation
1954-08-23,508.32794,simulation
1954-08-24,511.18408,simulation
1954-08-25,507.85358,simulation
1954-08-26,503.87885,simulation
1954-08-27,500.3935,simulation
1954-08-28,498.04718,simulation
1954-08-29,495.7982,simulation
1954-08-30,490.41782,simulation
1954-08-31,484.06128,simulation
1954-09-01,478.4213,simulation
1954-09-02,472.14706,simulation
1954-09-03,466.307,simulation
1954-09-04,460.64557,simulation
1954-09-05,455.37,simulation
1954-09-06,452.75803,simulation
1954-09-07,452.54187,simulation
1954-09-08,448.62173,simulation
1954-09-09,449.88013,simulation
1954-09-10,445.51398,simulation
1954-09-11,441.87534,simulation
1954-09-12,437.44934,simulation
1954-09-13,431.93582,simulation
1954-09-14,426.76736,simulation
1954-09-15,423.0808,simulation
1954-09-16,420.66415,simulation
1954-09-17,424.4814,simulation
1954-09-18,441.54526,simulation
1954-09-19,438.18686,simulation
1954-09-20,434.67722,simulation
1954-09-21,430.89893,simulation
1954-09-22,428.8605,simulation
1954-09-23,423.6422,simulation
1954-09-24,418.56665,simulation
1954-09-25,415.33243,simulation
1954-09-26,411.83807,simulation
1954-09-27,409.26877,simulation
1954-09-28,405.88242,simulation
1954-09-29,405.04758,simulation
1954-09-30,404.30045,simulation
1954-10-01,403.21347,simulation
1954-10-02,402.6914,simulation
1954-10-03,398.95248,simulation
1954-10-04,403.56467,simulation
1954-10-05,402.18475,simulation
1954-10-06,398.76056,simulation
1954-10-07,395.78958,simulation
1954-10-08,394.8814,simulation
1954-10-09,394.86972,simulation
1954-10-10,393.7817,simulation
1954-10-11,392.38928,simulation
1954-10-12,390.66696,simulation
1954-10-13,428.63324,simulation
1954-10-14,436.0559,simulation
1954-10-15,434.19125,simulation
1954-10-16,429.92142,simulation
1954-10-17,426.87048,simulation
1954-10-18,424.1014,simulation
1954-10-19,421.3065,simulation
1954-10-20,418.1044,simulation
1954-10-21,415.1072,simulation
1954-10-22,413.20288,simulation
1954-10-23,412.33273,simulation
1954-10-24,411.64102,simulation
1954-10-25,409.73434,simulation
1954-10-26,407.18372,simulation
1954-10-27,407.08115,simulation
1954-10-28,411.37543,simulation
1954-10-29,414.87155,simulation
1954-10-30,413.29407,simulation
1954-10-31,413.59567,simulation
1954-11-01,412.13162,simulation
1954-11-02,411.13174,simulation
1954-11-03,410.22415,simulation
1954-11-04,409.79297,simulation
1954-11-05,434.14343,simulation
1954-11-06,434.02322,simulation
1954-11-07,433.18018,simulation
1954-11-08,432.10672,simulation
1954-11-09,431.19385,simulation
1954-11-10,431.38623,simulation
1954-11-11,431.43076,simulation
1954-11-12,431.76556,simulation
1954-11-13,430.33582,simulation
1954-11-14,429.24255,simulation
1954-11-15,429.702,simulation
1954-11-16,454.1616,simulation
1954-11-17,463.0615,simulation
1954-11-18,462.6255,simulation
1954-11-19,462.52725,simulation
1954-11-20,460.8871,simulation
1954-11-21,459.5387,simulation
1954-11-22,458.50314,simulation
1954-11-23,457.9418,simulation
1954-11-24,457.28528,simulation
1954-11-25,455.33743,simulation
1954-11-26,454.50952,simulation
1954-11-27,453.4851,simulation
1954-11-28,457.38675,simulation
1954-11-29,461.41925,simulation
1954-11-30,459.05896,simulation
1954-12-01,458.7893,simulation
1954-12-02,459.12482,simulation
1954-12-03,459.51947,simulation
1954-12-04,459.8416,simulation
1954-12-05,460.01135,simulation
1954-12-06,459.12585,simulation
1954-12-07,457.51785,simulation
1954-12-08,457.24783,simulation
1954-12-09,458.9053,simulation
1954-12-10,460.1159,simulation
1954-12-11,459.51538,simulation
1954-12-12,459.09946,simulation
1954-12-13,479.19025,simulation
1954-12-14,479.56595,simulation
1954-12-15,479.4276,simulation
1954-12-16,478.66684,simulation
1954-12-17,478.20206,simulation
1954-12-18,496.1082,simulation
1954-12-19,495.413,simulation
1954-12-20,494.8981,simulation
1954-12-21,494.89343,simulation
1954-12-22,494.58554,simulation
1954-12-23,493.94623,simulation
1954-12-24,493.9608,simulation
1954-12-25,494.23846,simulation
1954-12-26,493.66718,simulation
1954-12-27,494.0086,simulation
1954-12-28,509.17752,simulation
1954-12-29,574.5357,simulation
1954-12-30,590.1449,simulation
1954-12-31,589.5524,simulation
1955-01-01,595.7274,simulation
1955-01-02,600.37494,simulation
1955-01-03,600.613,simulation
1955-01-04,600.57294,simulation
1955-01-05,600.64734,simulation
1955-01-06,599.918,simulation
1955-01-07,599.73004,simulation
1955-01-08,599.2414,simulation
1955-01-09,599.1043,simulation
1955-01-10,608.4108,simulation
1955-01-11,624.5886,simulation
1955-01-12,623.9908,simulation
1955-01-13,623.78516,simulation
1955-01-14,621.5654,simulation
1955-01-15,620.9274,simulation
1955-01-16,650.26514,simulation
1955-01-17,656.899,simulation
1955-01-18,656.61096,simulation
1955-01-19,682.2646,simulation
1955-01-20,681.16376,simulation
1955-01-21,679.9169,simulation
1955-01-22,689.7623,simulation
1955-01-23,688.5748,simulation
1955-01-24,687.93085,simulation
1955-01-25,686.0941,simulation
1955-01-26,683.8262,simulation
1955-01-27,682.2086,simulation
1955-01-28,686.4069,simulation
1955-01-29,684.75214,simulation
1955-01-30,682.3718,simulation
1955-01-31,680.5098,simulation
1955-02-01,679.26587,simulation
1955-02-02,678.3826,simulation
1955-02-03,677.0555,simulation
1955-02-04,676.1114,simulation
1955-02-05,676.02124,simulation
1955-02-06,742.273,simulation
1955-02-07,763.2615,simulation
1955-02-08,755.68835,simulation
1955-02-09,748.1419,simulation
1955-02-10,741.7667,simulation
1955-02-11,739.3487,simulation
1955-02-12,733.65564,simulation
1955-02-13,728.83203,simulation
1955-02-14,724.478,simulation
1955-02-15,720.791,simulation
1955-02-16,716.7357,simulation
1955-02-17,717.34686,simulation
1955-02-18,714.60785,simulation
1955-02-19,713.05273,simulation
1955-02-20,711.3411,simulation
1955-02-21,717.8093,simulation
1955-02-22,755.6236,simulation
1955-02-23,755.2285,simulation
1955-02-24,748.9112,simulation
1955-02-25,743.641,simulation
1955-02-26,737.3213,simulation
1955-02-27,733.46576,simulation
1955-02-28,729.2282,simulation
1955-03-01,725.7254,simulation
1955-03-02,722.75415,simulation
1955-03-03,718.6914,simulation
1955-03-04,715.13196,simulation
1955-03-05,712.0887,simulation
1955-03-06,708.0229,simulation
1955-03-07,706.2716,simulation
1955-03-08,703.21716,simulation
1955-03-09,698.85175,simulation
1955-03-10,696.3844,simulation
1955-03-11,693.3069,simulation
1955-03-12,689.04596,simulation
1955-03-13,684.53986,simulation
1955-03-14,681.70074,simulation
1955-03-15,679.35223,simulation
1955-03-16,675.49133,simulation
1955-03-17,672.1942,simulation
1955-03-18,668.8219,simulation
1955-03-19,665.9553,simulation
1955-03-20,683.26996,simulation
1955-03-21,682.99927,simulation
1955-03-22,690.7566,simulation
1955-03-23,687.579,simulation
1955-03-24,684.1377,simulation
1955-03-25,680.205,simulation
1955-03-26,676.84424,simulation
1955-03-27,674.75824,simulation
1955-03-28,671.69415,simulation
1955-03-29,669.5691,simulation
1955-03-30,666.6279,simulation
1955-03-31,662.88495,simulation
1955-04-01,659.0897,simulation
1955-04-02,672.8963,simulation
1955-04-03,667.84406,simulation
1955-04-04,662.85095,simulation
1955-04-05,661.98566,simulation
1955-04-06,659.71265,simulation
1955-04-07,655.6273,simulation
1955-04-08,655.2341,simulation
1955-04-09,653.9331,simulation
1955-04-10,674.4521,simulation
1955-04-11,709.33075,simulation
1955-04-12,704.8133,simulation
1955-04-13,765.72473,simulation
1955-04-14,785.4678,simulation
1955-04-15,768.1163,simulation
1955-04-16,756.1561,simulation
1955-04-17,748.14325,simulation
1955-04-18,739.45807,simulation
1955-04-19,732.7029,simulation
1955-04-20,728.313,simulation
1955-04-21,723.79834,simulation
1955-04-22,723.9135,simulation
1955-04-23,717.4942,simulation
1955-04-24,713.60956,simulation
1955-04-25,707.4617,simulation
1955-04-26,700.58466,simulation
1955-04-27,695.99005,simulation
1955-04-28,692.2219,simulation
1955-04-29,686.9657,simulation
1955-04-30,682.4201,simulation
1955-05-01,675.96484,simulation
1955-05-02,670.3142,simulation
1955-05-03,663.8669,simulation
1955-05-04,658.1057,simulation
1955-05-05,652.5893,simulation
1955-05-06,647.04236,simulation
1955-05-07,643.3778,simulation
1955-05-08,639.2018,simulation
1955-05-09,635.17755,simulation
1955-05-10,631.5661,simulation
1955-05-11,628.2584,simulation
1955-05-12,625.84753,simulation
1955-05-13,624.6265,simulation
1955-05-14,621.3488,simulation
1955-05-15,619.3387,simulation
1955-05-16,619.7253,simulation
1955-05-17,620.6197,simulation
1955-05-18,621.8595,simulation
1955-05-19,622.5312,simulation
1955-05-20,628.1073,simulation
1955-05-21,651.0627,simulation
1955-05-22,652.3425,simulation
1955-05-23,645.9107,simulation
1955-05-24,681.92993,simulation
1955-05-25,683.3192,simulation
1955-05-26,677.2891,simulation
1955-05-27,671.7253,simulation
1955-05-28,666.83936,simulation
1955-05-29,662.5923,simulation
1955-05-30,670.18225,simulation
1955-05-31,663.1629,simulation
1955-06-01,657.60693,simulation
1955-06-02,650.44836,simulation
1955-06-03,644.1079,simulation
1955-06-04,639.18317,simulation
1955-06-05,634.11414,simulation
1955-06-06,641.5665,simulation
1955-06-07,650.41473,simulation
1955-06-08,644.8155,simulation
1955-06-09,641.30945,simulation
1955-06-10,644.3533,simulation
1955-06-11,659.7364,simulation
1955-06-12,653.58887,simulation
1955-06-13,646.8811,simulation
1955-06-14,640.131,simulation
1955-06-15,635.95886,simulation
1955-06-16,643.9178,simulation
1955-06-17,639.3136,simulation
1955-06-18,633.1276,simulation
1955-06-19,625.95184,simulation
1955-06-20,618.9257,simulation
1955-06-21,611.7539,simulation
1955-06-22,605.8553,simulation
1955-06-23,610.5023,simulation
1955-06-24,606.0745,simulation
1955-06-25,601.3939,simulation
1955-06-26,597.47473,simulation
1955-06-27,610.21,simulation
1955-06-28,607.0236,simulation
1955-06-29,604.00446,simulation
1955-06-30,605.1008,simulation
1955-07-01,602.12305,simulation
1955-07-02,598.8461,simulation
1955-07-03,594.4803,simulation
1955-07-04,593.6419,simulation
1955-07-05,598.181,simulation
1955-07-06,596.106,simulation
1955-07-07,598.9614,simulation
1955-07-08,596.8,simulation
1955-07-09,592.1034,simulation
1955-07-10,589.4706,simulation
1955-07-11,587.8456,simulation
1955-07-12,585.846,simulation
1955-07-13,586.18713,simulation
1955-07-14,594.6491,simulation
1955-07-15,616.89734,simulation
1955-07-16,616.0756,simulation
1955-07-17,627.2394,simulation
1955-07-18,645.72406,simulation
1955-07-19,643.9778,simulation
1955-07-20,639.861,simulation
1955-07-21,652.8978,simulation
1955-07-22,650.4368,simulation
1955-07-23,654.154,simulation
1955-07-24,652.2988,simulation
1955-07-25,648.20044,simulation
1955-07-26,642.7871,simulation
1955-07-27,640.03485,simulation
1955-07-28,654.5341,simulation
1955-07-29,653.7559,simulation
1955-07-30,669.32446,simulation
1955-07-31,676.9266,simulation
1955-08-01,671.9419,simulation
1955-08-02,675.45166,simulation
1955-08-03,697.96484,simulation
1955-08-04,696.04016,simulation
1955-08-05,697.0098,simulation
1955-08-06,693.02124,simulation
1955-08-07,688.3948,simulation
1955-08-08,683.7995,simulation
1955-08-09,683.4011,simulation
1955-08-10,680.6934,simulation
1955-08-11,679.09344,simulation
1955-08-12,675.8917,simulation
1955-08-13,671.9473,simulation
1955-08-14,667.7935,simulation
1955-08-15,663.0986,simulation
1955-08-16,658.8765,simulation
1955-08-17,652.79236,simulation
1955-08-18,645.96967,simulation
1955-08-19,639.765,simulation
1955-08-20,633.195,simulation
1955-08-21,626.7692,simulation
1955-08-22,620.4121,simulation
1955-08-23,613.99664,simulation
1955-08-24,614.94946,simulation
1955-08-25,612.20624,simulation
1955-08-26,606.8571,simulation
1955-08-27,606.74286,simulation
1955-08-28,608.5933,simulation
1955-08-29,606.8475,simulation
1955-08-30,603.17163,simulation
1955-08-31,606.6705,simulation
1955-09-01,604.8149,simulation
1955-09-02,604.23346,simulation
1955-09-03,601.10065,simulation
1955-09-04,597.0213,simulation
1955-09-05,596.53925,simulation
1955-09-06,596.45416,simulation
1955-09-07,596.05695,simulation
1955-09-08,593.0062,simulation
1955-09-09,588.27014,simulation
1955-09-10,584.099,simulation
1955-09-11,580.9681,simulation
1955-09-12,576.72815,simulation
1955-09-13,576.2004,simulation
1955-09-14,575.77014,simulation
1955-09-15,575.27814,simulation
1955-09-16,572.1078,simulation
1955-09-17,569.65753,simulation
1955-09-18,567.37024,simulation
1955-09-19,563.8405,simulation
1955-09-20,559.1251,simulation
1955-09-21,554.25085,simulation
1955-09-22,550.39,simulation
1955-09-23,548.6269,simulation
1955-09-24,564.5969,simulation
1955-09-25,562.00305,simulation
1955-09-26,558.7538,simulation
1955-09-27,554.35815,simulation
1955-09-28,558.5884,simulation
1955-09-29,557.2627,simulation
1955-09-30,553.8763,simulation
1955-10-01,550.6156,simulation
1955-10-02,548.92303,simulation
1955-10-03,544.56384,simulation
1955-10-04,541.51404,simulation
1955-10-05,539.7854,simulation
1955-10-06,536.487,simulation
1955-10-07,537.6335,simulation
1955-10-08,545.2811,simulation
1955-10-09,542.5051,simulation
1955-10-10,538.63995,simulation
1955-10-11,535.35706,simulation
1955-10-12,531.3523,simulation
1955-10-13,528.4914,simulation
1955-10-14,526.7978,simulation
1955-10-15,522.79095,simulation
1955-10-16,519.5342,simulation
1955-10-17,517.1055,simulation
1955-10-18,514.6316,simulation
1955-10-19,511.35596,simulation
1955-10-20,508.32263,simulation
1955-10-21,505.34488,simulation
1955-10-22,502.43185,simulation
1955-10-23,499.51825,simulation
1955-10-24,496.92963,simulation
1955-10-25,494.234,simulation
1955-10-26,491.11237,simulation
1955-10-27,488.29456,simulation
1955-10-28,485.43863,simulation
1955-10-29,504.38382,simulation
1955-10-30,501.51086,simulation
1955-10-31,498.74258,simulation
1955-11-01,496.0757,simulation
1955-11-02,495.23712,simulation
1955-11-03,498.62756,simulation
1955-11-04,495.71292,simulation
1955-11-05,493.77518,simulation
1955-11-06,493.04102,simulation
1955-11-07,514.03705,simulation
1955-11-08,514.44714,simulation
1955-11-09,513.6489,simulation
1955-11-10,513.6335,simulation
1955-11-11,518.7001,simulation
1955-11-12,517.8733,simulation
1955-11-13,518.358,simulation
1955-11-14,518.1961,simulation
1955-11-15,518.1115,simulation
1955-11-16,517.5223,simulation
1955-11-17,524.47955,simulation
1955-11-18,521.97736,simulation
1955-11-19,521.8239,simulation
1955-11-20,521.885,simulation
1955-11-21,520.6161,simulation
1955-11-22,520.7716,simulation
1955-11-23,520.7797,simulation
1955-11-24,545.515,simulation
1955-11-25,553.9725,simulation
1955-11-26,574.8438,simulation
1955-11-27,574.1461,simulation
1955-11-28,574.1951,simulation
1955-11-29,573.55505,simulation
1955-11-30,572.03546,simulation
1955-12-01,571.1636,simulation
1955-12-02,609.919,simulation
1955-12-03,631.0755,simulation
1955-12-04,631.75214,simulation
1955-12-05,634.3882,simulation
1955-12-06,640.3232,simulation
1955-12-07,639.56305,simulation
1955-12-08,638.68616,simulation
1955-12-09,636.8664,simulation
1955-12-10,634.9866,simulation
1955-12-11,634.3629,simulation
1955-12-12,633.9385,simulation
1955-12-13,632.6392,simulation
1955-12-14,631.5683,simulation
1955-12-15,631.08307,simulation
1955-12-16,630.52893,simulation
1955-12-17,629.6328,simulation
1955-12-18,629.4095,simulation
1955-12-19,654.2969,simulation
1955-12-20,653.54034,simulation
1955-12-21,653.1294,simulation
1955-12-22,652.687,simulation
1955-12-23,652.03845,simulation
1955-12-24,651.2997,simulation
1955-12-25,650.0444,simulation
1955-12-26,649.13745,simulation
1955-12-27,648.7214,simulation
1955-12-28,648.04877,simulation
1955-12-29,647.4011,simulation
1955-12-30,646.95294,simulation
1955-12-31,645.9705,simulation
1956-01-01,644.53894,simulation
1956-01-02,643.5046,simulation
1956-01-03,642.83234,simulation
1956-01-04,642.6208,simulation
1956-01-05,640.9502,simulation
1956-01-06,639.6755,simulation
1956-01-07,638.6569,simulation
1956-01-08,637.66534,simulation
1956-01-09,635.8967,simulation
1956-01-10,634.0636,simulation
1956-01-11,631.88916,simulation
1956-01-12,630.1005,simulation
1956-01-13,629.80383,simulation
1956-01-14,628.37866,simulation
1956-01-15,627.2257,simulation
1956-01-16,626.5906,simulation
1956-01-17,625.233,simulation
1956-01-18,624.029,simulation
1956-01-19,645.7131,simulation
1956-01-20,645.5461,simulation
1956-01-21,644.728,simulation
1956-01-22,644.34094,simulation
1956-01-23,659.7712,simulation
1956-01-24,668.7235,simulation
1956-01-25,668.3808,simulation
1956-01-26,667.3542,simulation
1956-01-27,665.6198,simulation
1956-01-28,665.0473,simulation
1956-01-29,664.2224,simulation
1956-01-30,663.35626,simulation
1956-01-31,675.5319,simulation
1956-02-01,674.92566,simulation
1956-02-02,678.2592,simulation
1956-02-03,722.47766,simulation
1956-02-04,742.98584,simulation
1956-02-05,773.8182,simulation
1956-02-06,799.8949,simulation
1956-02-07,781.5176,simulation
1956-02-08,769.7546,simulation
1956-02-09,774.8755,simulation
1956-02-10,765.6886,simulation
1956-02-11,766.4137,simulation
1956-02-12,758.2384,simulation
1956-02-13,752.2273,simulation
1956-02-14,755.8046,simulation
1956-02-15,769.25195,simulation
1956-02-16,768.9586,simulation
1956-02-17,767.4575,simulation
1956-02-18,759.468,simulation
1956-02-19,761.1078,simulation
1956-02-20,755.4297,simulation
1956-02-21,749.8338,simulation
1956-02-22,744.4257,simulation
1956-02-23,737.7912,simulation
1956-02-24,733.8099,simulation
1956-02-25,729.43427,simulation
1956-02-26,726.3986,simulation
1956-02-27,721.6865,simulation
1956-02-28,719.2577,simulation
1956-02-29,713.33936,simulation
1956-03-01,708.82526,simulation
1956-03-02,706.7862,simulation
1956-03-03,717.30115,simulation
1956-03-04,728.1893,simulation
1956-03-05,724.56256,simulation
1956-03-06,721.6499,simulation
1956-03-07,716.6265,simulation
1956-03-08,718.31805,simulation
1956-03-09,713.2342,simulation
1956-03-10,708.92316,simulation
1956-03-11,707.19293,simulation
1956-03-12,719.59937,simulation
1956-03-13,726.6932,simulation
1956-03-14,739.52747,simulation
1956-03-15,753.0199,simulation
1956-03-16,828.0759,simulation
1956-03-17,802.6651,simulation
1956-03-18,781.6875,simulation
1956-03-19,767.71967,simulation
1956-03-20,755.90656,simulation
1956-03-21,746.97925,simulation
1956-03-22,742.11145,simulation
1956-03-23,740.62604,simulation
1956-03-24,734.41614,simulation
1956-03-25,728.0479,simulation
1956-03-26,721.3261,simulation
1956-03-27,715.82855,simulation
1956-03-28,712.06384,simulation
1956-03-29,719.0701,simulation
1956-03-30,716.97565,simulation
1956-03-31,710.86615,simulation
1956-04-01,705.0379,simulation
1956-04-02,703.17194,simulation
1956-04-03,700.5282,simulation
1956-04-04,698.1938,simulation
1956-04-05,721.2406,simulation
1956-04-06,751.5525,simulation
1956-04-07,745.72833,simulation
1956-04-08,738.5866,simulation
1956-04-09,734.29193,simulation
1956-04-10,729.1039,simulation
1956-04-11,748.0332,simulation
1956-04-12,740.26465,simulation
1956-04-13,732.43085,simulation
1956-04-14,725.3908,simulation
1956-04-15,721.1646,simulation
1956-04-16,724.0787,simulation
1956-04-17,716.42737,simulation
1956-04-18,711.78705,simulation
1956-04-19,708.62787,simulation
1956-04-20,702.03876,simulation
1956-04-21,699.2405,simulation
1956-04-22,697.5095,simulation
1956-04-23,697.7262,simulation
1956-04-24,694.93896,simulation
1956-04-25,693.7607,simulation
1956-04-26,691.80536,simulation
1956-04-27,689.82947,simulation
1956-04-28,687.6775,simulation
1956-04-29,684.35834,simulation
1956-04-30,681.631,simulation
1956-05-01,677.97614,simulation
1956-05-02,675.0287,simulation
1956-05-03,678.04443,simulation
1956-05-04,677.4883,simulation
1956-05-05,676.4578,simulation
1956-05-06,677.281,simulation
1956-05-07,678.2307,simulation
1956-05-08,673.643,simulation
1956-05-09,667.4246,simulation
1956-05-10,663.946,simulation
1956-05-11,661.31555,simulation
1956-05-12,657.76135,simulation
1956-05-13,653.82294,simulation
1956-05-14,649.3333,simulation
1956-05-15,644.64087,simulation
1956-05-16,646.28925,simulation
1956-05-17,641.58624,simulation
1956-05-18,635.1639,simulation
1956-05-19,628.53876,simulation
1956-05-20,622.45856,simulation
1956-05-21,615.8172,simulation
1956-05-22,609.5482,simulation
1956-05-23,603.25183,simulation
1956-05-24,598.29956,simulation
1956-05-25,599.0171,simulation
1956-05-26,599.8816,simulation
1956-05-27,601.2152,simulation
1956-05-28,610.7532,simulation
1956-05-29,608.20966,simulation
1956-05-30,607.61896,simulation
1956-05-31,622.9852,simulation
1956-06-01,622.7006,simulation
1956-06-02,620.7034,simulation
1956-06-03,613.6201,simulation
1956-06-04,611.9978,simulation
1956-06-05,610.55383,simulation
1956-06-06,608.10406,simulation
1956-06-07,601.0718,simulation
1956-06-08,594.2887,simulation
1956-06-09,587.68787,simulation
1956-06-10,582.2289,simulation
1956-06-11,581.5562,simulation
1956-06-12,580.2428,simulation
1956-06-13,587.7906,simulation
1956-06-14,619.95917,simulation
1956-06-15,627.08673,simulation
1956-06-16,632.2135,simulation
1956-06-17,639.07697,simulation
1956-06-18,638.52344,simulation
1956-06-19,637.0681,simulation
1956-06-20,636.0016,simulation
1956-06-21,644.42303,simulation
1956-06-22,639.2361,simulation
1956-06-23,634.22565,simulation
1956-06-24,629.7789,simulation
1956-06-25,624.5546,simulation
1956-06-26,618.92706,simulation
1956-06-27,613.70557,simulation
1956-06-28,610.2662,simulation
1956-06-29,607.3338,simulation
1956-06-30,607.62585,simulation
1956-07-01,604.192,simulation
1956-07-02,600.1757,simulation
1956-07-03,595.70593,simulation
1956-07-04,590.1728,simulation
1956-07-05,588.3609,simulation
1956-07-06,586.0734,simulation
1956-07-07,581.21826,simulation
1956-07-08,580.73145,simulation
1956-07-09,581.2931,simulation
1956-07-10,580.7585,simulation
1956-07-11,578.7787,simulation
1956-07-12,575.0265,simulation
1956-07-13,570.13617,simulation
1956-07-14,565.2428,simulation
1956-07-15,560.3091,simulation
1956-07-16,555.0962,simulation
1956-07-17,549.3134,simulation
1956-07-18,550.55634,simulation
1956-07-19,545.6812,simulation
1956-07-20,541.63684,simulation
1956-07-21,537.9595,simulation
1956-07-22,543.32227,simulation
1956-07-23,574.2007,simulation
1956-07-24,571.5516,simulation
1956-07-25,566.5669,simulation
1956-07-26,564.61053,simulation
1956-07-27,565.05347,simulation
1956-07-28,564.85,simulation
1956-07-29,562.357,simulation
1956-07-30,567.8552,simulation
1956-07-31,567.99133,simulation
1956-08-01,572.91077,simulation
1956-08-02,570.65027,simulation
1956-08-03,567.6125,simulation
1956-08-04,563.0837,simulation
1956-08-05,564.5008,simulation
1956-08-06,561.64374,simulation
1956-08-07,555.94916,simulation
1956-08-08,560.779,simulation
1956-08-09,554.9941,simulation
1956-08-10,548.8488,simulation
1956-08-11,543.0605,simulation
1956-08-12,543.79156,simulation
1956-08-13,543.8184,simulation
1956-08-14,559.57166,simulation
1956-08-15,569.3872,simulation
1956-08-16,566.515,simulation
1956-08-17,562.5897,simulation
1956-08-18,556.607,simulation
1956-08-19,551.9885,simulation
1956-08-20,548.09436,simulation
1956-08-21,556.885,simulation
1956-08-22,555.5454,simulation
1956-08-23,549.6187,simulation
1956-08-24,545.4,simulation
1956-08-25,543.8675,simulation
1956-08-26,543.74994,simulation
1956-08-27,548.5122,simulation
1956-08-28,550.035,simulation
1956-08-29,555.9136,simulation
1956-08-30,552.6463,simulation
1956-08-31,556.7589,simulation
1956-09-01,555.1998,simulation
1956-09-02,552.27454,simulation
1956-09-03,547.9175,simulation
1956-09-04,543.98,simulation
1956-09-05,541.2482,simulation
1956-09-06,544.28937,simulation
1956-09-07,542.67035,simulation
1956-09-08,540.6263,simulation
1956-09-09,535.9575,simulation
1956-09-10,532.0688,simulation
1956-09-11,527.3392,simulation
1956-09-12,522.1308,simulation
1956-09-13,518.0016,simulation
1956-09-14,513.84766,simulation
1956-09-15,509.19766,simulation
1956-09-16,504.64215,simulation
1956-09-17,501.55142,simulation
1956-09-18,498.3676,simulation
1956-09-19,493.2585,simulation
1956-09-20,490.2204,simulation
1956-09-21,487.7907,simulation
1956-09-22,482.983,simulation
1956-09-23,481.20416,simulation
1956-09-24,482.4411,simulation
1956-09-25,481.62677,simulation
1956-09-26,476.48398,simulation
1956-09-27,471.35654,simulation
1956-09-28,467.41632,simulation
1956-09-29,463.86,simulation
1956-09-30,462.70413,simulation
1956-10-01,466.25146,simulation
1956-10-02,490.72324,simulation
1956-10-03,510.87714,simulation
1956-10-04,517.20447,simulation
1956-10-05,521.58154,simulation
1956-10-06,519.44977,simulation
1956-10-07,515.6733,simulation
1956-10-08,511.179,simulation
1956-10-09,506.98965,simulation
1956-10-10,503.20053,simulation
1956-10-11,500.70633,simulation
1956-10-12,497.49408,simulation
1956-10-13,495.0634,simulation
1956-10-14,491.80597,simulation
1956-10-15,488.673,simulation
1956-10-16,485.32916,simulation
1956-10-17,484.1682,simulation
1956-10-18,483.37024,simulation
1956-10-19,479.94922,simulation
1956-10-20,480.36368,simulation
1956-10-21,485.2308,simulation
1956-10-22,484.78452,simulation
1956-10-23,485.83774,simulation
1956-10-24,482.83105,simulation
1956-10-25,479.58838,simulation
1956-10-26,478.11987,simulation
1956-10-27,492.57773,simulation
1956-10-28,492.64325,simulation
1956-10-29,490.06586,simulation
1956-10-30,488.44537,simulation
1956-10-31,488.06116,simulation
1956-11-01,491.86993,simulation
1956-11-02,490.54736,simulation
1956-11-03,489.34036,simulation
1956-11-04,489.04166,simulation
1956-11-05,488.16373,simulation
1956-11-06,488.09058,simulation
1956-11-07,495.8752,simulation
1956-11-08,515.78125,simulation
1956-11-09,513.30206,simulation
1956-11-10,511.4361,simulation
1956-11-11,509.95963,simulation
1956-11-12,508.62338,simulation
1956-11-13,507.50925,simulation
1956-11-14,506.5883,simulation
1956-11-15,505.86932,simulation
1956-11-16,505.88156,simulation
1956-11-17,506.6872,simulation
1956-11-18,507.6417,simulation
1956-11-19,505.8527,simulation
1956-11-20,505.43283,simulation
1956-11-21,504.71313,simulation
1956-11-22,511.02142,simulation
1956-11-23,508.4728,simulation
1956-11-24,507.2287,simulation
1956-11-25,505.74335,simulation
1956-11-26,503.67267,simulation
1956-11-27,502.92584,simulation
1956-11-28,502.3501,simulation
1956-11-29,501.95117,simulation
1956-11-30,502.08942,simulation
1956-12-01,501.49133,simulation
1956-12-02,500.7459,simulation
1956-12-03,499.9313,simulation
1956-12-04,499.6007,simulation
1956-12-05,499.73972,simulation
1956-12-06,499.887,simulation
1956-12-07,499.66235,simulation
1956-12-08,498.86606,simulation
1956-12-09,499.08157,simulation
1956-12-10,499.2656,simulation
1956-12-11,499.19998,simulation
1956-12-12,500.7211,simulation
1956-12-13,501.0693,simulation
1956-12-14,526.52313,simulation
1956-12-15,527.1566,simulation
1956-12-16,527.1576,simulation
1956-12-17,526.38745,simulation
1956-12-18,530.3381,simulation
1956-12-19,530.9354,simulation
1956-12-20,539.20245,simulation
1956-12-21,545.3164,simulation
1956-12-22,572.16907,simulation
1956-12-23,613.15656,simulation
1956-12-24,616.9374,simulation
1956-12-25,615.91534,simulation
1956-12-26,614.8493,simulation
1956-12-27,613.78265,simulation
1956-12-28,611.85565,simulation
1956-12-29,609.2116,simulation
1956-12-30,607.12366,simulation
1956-12-31,605.3445,simulation
1957-01-01,603.93604,simulation
1957-01-02,603.36053,simulation
1957-01-03,602.52405,simulation
1957-01-04,602.08435,simulation
1957-01-05,610.1446,simulation
1957-01-06,611.5759,simulation
1957-01-07,612.357,simulation
1957-01-08,612.0251,simulation
1957-01-09,611.7313,simulation
1957-01-10,610.8431,simulation
1957-01-11,609.7755,simulation
1957-01-12,608.8593,simulation
1957-01-13,608.6566,simulation
1957-01-14,608.3991,simulation
1957-01-15,608.35974,simulation
1957-01-16,608.2763,simulation
1957-01-17,608.2971,simulation
1957-01-18,607.87665,simulation
1957-01-19,607.0303,simulation
1957-01-20,605.8745,simulation
1957-01-21,607.6006,simulation
1957-01-22,611.3797,simulation
1957-01-23,618.6595,simulation
1957-01-24,618.39185,simulation
1957-01-25,626.2897,simulation
1957-01-26,645.7717,simulation
1957-01-27,647.80225,simulation
1957-01-28,646.9715,simulation
1957-01-29,646.46014,simulation
1957-01-30,647.58984,simulation
1957-01-31,652.89197,simulation
1957-02-01,651.9918,simulation
1957-02-02,662.9551,simulation
1957-02-03,675.8467,simulation
1957-02-04,676.2598,simulation
1957-02-05,674.32306,simulation
1957-02-06,673.80145,simulation
1957-02-07,673.3573,simulation
1957-02-08,671.3977,simulation
1957-02-09,669.3985,simulation
1957-02-10,667.8099,simulation
1957-02-11,668.9151,simulation
1957-02-12,668.3951,simulation
1957-02-13,667.7159,simulation
1957-02-14,664.6558,simulation
1957-02-15,662.0184,simulation
1957-02-16,665.0349,simulation
1957-02-17,664.6677,simulation
1957-02-18,663.4325,simulation
1957-02-19,669.9645,simulation
1957-02-20,669.4049,simulation
1957-02-21,668.3945,simulation
1957-02-22,665.64014,simulation
1957-02-23,663.56335,simulation
1957-02-24,663.1186,simulation
1957-02-25,662.7789,simulation
1957-02-26,678.666,simulation
1957-02-27,676.4728,simulation
1957-02-28,675.89636,simulation
1957-03-01,673.4918,simulation
1957-03-02,670.06287,simulation
1957-03-03,676.3109,simulation
1957-03-04,677.58734,simulation
1957-03-05,676.6723,simulation
1957-03-06,676.7599,simulation
1957-03-07,673.7181,simulation
1957-03-08,676.3145,simulation
1957-03-09,673.195,simulation
1957-03-10,669.44116,simulation
1957-03-11,667.5159,simulation
1957-03-12,677.4144,simulation
1957-03-13,678.9669,simulation
1957-03-14,682.13995,simulation
1957-03-15,679.9205,simulation
1957-03-16,674.77344,simulation
1957-03-17,671.675,simulation
1957-03-18,671.62164,simulation
1957-03-19,678.938,simulation
1957-03-20,677.2395,simulation
1957-03-21,675.8061,simulation
1957-03-22,706.6693,simulation
1957-03-23,702.686,simulation
1957-03-24,718.4221,simulation
1957-03-25,719.86395,simulation
1957-03-26,714.4706,simulation
1957-03-27,709.8371,simulation
1957-03-28,705.0457,simulation
1957-03-29,703.60504,simulation
1957-03-30,698.8519,simulation
1957-03-31,696.2552,simulation
1957-04-01,748.7287,simulation
1957-04-02,740.07166,simulation
1957-04-03,734.64874,simulation
1957-04-04,731.12823,simulation
1957-04-05,796.3843,simulation
1957-04-06,776.21405,simulation
1957-04-07,764.6018,simulation
1957-04-08,756.9292,simulation
1957-04-09,751.35425,simulation
1957-04-10,742.4544,simulation
1957-04-11,737.8833,simulation
1957-04-12,732.36017,simulation
1957-04-13,726.1662,simulation
1957-04-14,722.5053,simulation
1957-04-15,718.32404,simulation
1957-04-16,711.5439,simulation
1957-04-17,714.5163,simulation
1957-04-18,723.3982,simulation
1957-04-19,722.0687,simulation
1957-04-20,716.6084,simulation
1957-04-21,720.87994,simulation
1957-04-22,720.54596,simulation
1957-04-23,717.30597,simulation
1957-04-24,712.51306,simulation
1957-04-25,708.74524,simulation
1957-04-26,704.65076,simulation
1957-04-27,700.9173,simulation
1957-04-28,696.8555,simulation
1957-04-29,695.66187,simulation
1957-04-30,692.1345,simulation
1957-05-01,704.26215,simulation
1957-05-02,719.23846,simulation
1957-05-03,735.5235,simulation
1957-05-04,746.7008,simulation
1957-05-05,739.463,simulation
1957-05-06,731.68097,simulation
1957-05-07,725.08636,simulation
1957-05-08,719.9346,simulation
1957-05-09,714.63617,simulation
1957-05-10,719.30566,simulation
1957-05-11,717.9446,simulation
1957-05-12,712.6507,simulation
1957-05-13,707.94055,simulation
1957-05-14,707.26495,simulation
1957-05-15,702.6145,simulation
1957-05-16,698.8509,simulation
1957-05-17,693.84705,simulation
1957-05-18,688.2613,simulation
1957-05-19,683.1777,simulation
1957-05-20,693.0178,simulation
1957-05-21,687.5699,simulation
1957-05-22,681.54285,simulation
1957-05-23,676.19336,simulation
1957-05-24,678.62714,simulation
1957-05-25,699.106,simulation
1957-05-26,694.6649,simulation
1957-05-27,696.5967,simulation
1957-05-28,691.38354,simulation
1957-05-29,688.3907,simulation
1957-05-30,681.653,simulation
1957-05-31,675.7902,simulation
1957-06-01,671.0193,simulation
1957-06-02,674.0333,simulation
1957-06-03,673.7976,simulation
1957-06-04,675.7301,simulation
1957-06-05,679.5608,simulation
1957-06-06,677.5237,simulation
1957-06-07,676.00446,simulation
1957-06-08,673.9629,simulation
1957-06-09,670.432,simulation
1957-06-10,666.48975,simulation
1957-06-11,661.3912,simulation
1957-06-12,655.9171,simulation
1957-06-13,650.1181,simulation
1957-06-14,644.83496,simulation
1957-06-15,639.1336,simulation
1957-06-16,637.76154,simulation
1957-06-17,631.8788,simulation
1957-06-18,627.8968,simulation
1957-06-19,624.79047,simulation
1957-06-20,628.2432,simulation
1957-06-21,630.2624,simulation
1957-06-22,631.92487,simulation
1957-06-23,644.23737,simulation
1957-06-24,643.7491,simulation
1957-06-25,641.22644,simulation
1957-06-26,639.8275,simulation
1957-06-27,640.9881,simulation
1957-06-28,664.0552,simulation
1957-06-29,744.1226,simulation
1957-06-30,735.7007,simulation
1957-07-01,728.88605,simulation
1957-07-02,721.33435,simulation
1957-07-03,715.4113,simulation
1957-07-04,711.3411,simulation
1957-07-05,706.79535,simulation
1957-07-06,701.5658,simulation
1957-07-07,692.8026,simulation
1957-07-08,684.30237,simulation
1957-07-09,677.846,simulation
1957-07-10,671.7037,simulation
1957-07-11,666.1239,simulation
1957-07-12,660.53204,simulation
1957-07-13,652.4427,simulation
1957-07-14,645.4365,simulation
1957-07-15,641.34143,simulation
1957-07-16,642.37634,simulation
1957-07-17,642.3727,simulation
1957-07-18,643.05444,simulation
1957-07-19,643.2784,simulation
1957-07-20,643.3492,simulation
1957-07-21,644.1068,simulation
1957-07-22,648.5175,simulation
1957-07-23,646.1437,simulation
1957-07-24,658.56665,simulation
1957-07-25,659.95984,simulation
1957-07-26,656.762,simulation
1957-07-27,651.4895,simulation
1957-07-28,646.17096,simulation
1957-07-29,641.0346,simulation
1957-07-30,639.28326,simulation
1957-07-31,642.33875,simulation
1957-08-01,656.8531,simulation
1957-08-02,664.9096,simulation
1957-08-03,673.9881,simulation
1957-08-04,671.40784,simulation
1957-08-05,673.63965,simulation
1957-08-06,669.5887,simulation
1957-08-07,662.2878,simulation
1957-08-08,657.29205,simulation
1957-08-09,653.1065,simulation
1957-08-10,652.30554,simulation
1957-08-11,648.7452,simulation
1957-08-12,645.1544,simulation
1957-08-13,641.8354,simulation
1957-08-14,639.51666,simulation
1957-08-15,635.5093,simulation
1957-08-16,631.00256,simulation
1957-08-17,626.166,simulation
1957-08-18,624.8561,simulation
1957-08-19,622.48175,simulation
1957-08-20,617.6758,simulation
1957-08-21,611.0363,simulation
1957-08-22,604.51355,simulation
1957-08-23,598.304,simulation
1957-08-24,591.7511,simulation
1957-08-25,585.4752,simulation
1957-08-26,580.56006,simulation
1957-08-27,575.0627,simulation
1957-08-28,569.27606,simulation
1957-08-29,564.1869,simulation
1957-08-30,561.5385,simulation
1957-08-31,563.25757,simulation
1957-09-01,570.01556,simulation
1957-09-02,568.0136,simulation
1957-09-03,564.7052,simulation
1957-09-04,562.9523,simulation
1957-09-05,567.39813,simulation
1957-09-06,564.9996,simulation
1957-09-07,560.66504,simulation
1957-09-08,560.79285,simulation
1957-09-09,558.96893,simulation
1957-09-10,556.7612,simulation
1957-09-11,555.2756,simulation
1957-09-12,558.51355,simulation
1957-09-13,600.4752,simulation
1957-09-14,602.4653,simulation
1957-09-15,608.0345,simulation
1957-09-16,613.203,simulation
1957-09-17,612.5758,simulation
1957-09-18,618.9796,simulation
1957-09-19,726.8922,simulation
1957-09-20,724.44354,simulation
1957-09-21,724.0522,simulation
1957-09-22,718.9574,simulation
1957-09-23,721.4142,simulation
1957-09-24,719.217,simulation
1957-09-25,714.94116,simulation
1957-09-26,712.85297,simulation
1957-09-27,765.5887,simulation
1957-09-28,809.60156,simulation
1957-09-29,792.3239,simulation
1957-09-30,778.3815,simulation
1957-10-01,771.66724,simulation
1957-10-02,762.3864,simulation
1957-10-03,798.45734,simulation
1957-10-04,780.1553,simulation
1957-10-05,765.6386,simulation
1957-10-06,755.69196,simulation
1957-10-07,746.6845,simulation
1957-10-08,738.8411,simulation
1957-10-09,731.57465,simulation
1957-10-10,724.97,simulation
1957-10-11,719.47534,simulation
1957-10-12,713.4119,simulation
1957-10-13,707.9489,simulation
1957-10-14,705.7331,simulation
1957-10-15,704.20325,simulation
1957-10-16,703.9666,simulation
1957-10-17,724.35144,simulation
1957-10-18,719.1973,simulation
1957-10-19,713.26056,simulation
1957-10-20,708.0213,simulation
1957-10-21,705.07355,simulation
1957-10-22,703.2122,simulation
1957-10-23,707.29407,simulation
1957-10-24,716.2482,simulation
1957-10-25,712.1964,simulation
1957-10-26,710.3445,simulation
1957-10-27,708.32526,simulation
1957-10-28,704.4824,simulation
1957-10-29,701.4275,simulation
1957-10-30,698.2153,simulation
1957-10-31,699.4267,simulation
1957-11-01,696.6854,simulation
1957-11-02,694.9392,simulation
1957-11-03,692.76056,simulation
1957-11-04,690.4638,simulation
1957-11-05,687.50946,simulation
1957-11-06,689.1548,simulation
1957-11-07,688.6167,simulation
1957-11-08,692.56537,simulation
1957-11-09,715.3714,simulation
1957-11-10,711.1821,simulation
1957-11-11,708.829,simulation
1957-11-12,706.0369,simulation
1957-11-13,704.8622,simulation
1957-11-14,768.7429,simulation
1957-11-15,759.64856,simulation
1957-11-16,754.0353,simulation
1957-11-17,749.0958,simulation
1957-11-18,746.1966,simulation
1957-11-19,764.1498,simulation
1957-11-20,755.1976,simulation
1957-11-21,747.75745,simulation
1957-11-22,743.985,simulation
1957-11-23,771.4713,simulation
1957-11-24,763.3257,simulation
1957-11-25,769.0625,simulation
1957-11-26,760.839,simulation
1957-11-27,753.1846,simulation
1957-11-28,747.86597,simulation
1957-11-29,748.24884,simulation
1957-11-30,747.95386,simulation
1957-12-01,741.0669,simulation
1957-12-02,736.2423,simulation
1957-12-03,731.97314,simulation
1957-12-04,732.7276,simulation
1957-12-05,729.32074,simulation
1957-12-06,725.70856,simulation
1957-12-07,722.69275,simulation
1957-12-08,739.27655,simulation
1957-12-09,735.2066,simulation
1957-12-10,731.61316,simulation
1957-12-11,727.4311,simulation
1957-12-12,723.18085,simulation
1957-12-13,720.3408,simulation
1957-12-14,717.5945,simulation
1957-12-15,718.03735,simulation
1957-12-16,715.8978,simulation
1957-12-17,714.05707,simulation
1957-12-18,711.8143,simulation
1957-12-19,710.20197,simulation
1957-12-20,727.949,simulation
1957-12-21,723.38007,simulation
1957-12-22,719.9705,simulation
1957-12-23,717.7684,simulation
1957-12-24,715.064,simulation
1957-12-25,713.1306,simulation
1957-12-26,724.5841,simulation
1957-12-27,720.7112,simulation
1957-12-28,731.9515,simulation
1957-12-29,733.22546,simulation
1957-12-30,729.3159,simulation
1957-12-31,726.3618,simulation
1958-01-01,726.19147,simulation
1958-01-02,723.263,simulation
1958-01-03,720.50366,simulation
1958-01-04,717.64667,simulation
1958-01-05,715.5211,simulation
1958-01-06,713.34845,simulation
1958-01-07,714.80334,simulation
1958-01-08,712.29083,simulation
1958-01-09,709.9419,simulation
1958-01-10,708.35345,simulation
1958-01-11,706.6888,simulation
1958-01-12,705.0197,simulation
1958-01-13,713.3797,simulation
1958-01-14,714.29486,simulation
1958-01-15,712.26685,simulation
1958-01-16,721.7766,simulation
1958-01-17,718.5599,simulation
1958-01-18,716.1359,simulation
1958-01-19,713.9535,simulation
1958-01-20,712.23737,simulation
1958-01-21,741.2557,simulation
1958-01-22,737.29034,simulation
1958-01-23,733.8745,simulation
1958-01-24,749.37415,simulation
1958-01-25,750.27515,simulation
1958-01-26,752.406,simulation
1958-01-27,745.1609,simulation
1958-01-28,740.1078,simulation
1958-01-29,736.0536,simulation
1958-01-30,732.78516,simulation
1958-01-31,729.4571,simulation
1958-02-01,726.43475,simulation
1958-02-02,721.39764,simulation
1958-02-03,716.9811,simulation
1958-02-04,713.1875,simulation
1958-02-05,709.75916,simulation
1958-02-06,723.0354,simulation
1958-02-07,750.56165,simulation
1958-02-08,744.24243,simulation
1958-02-09,738.30536,simulation
1958-02-10,734.4041,simulation
1958-02-11,748.22754,simulation
1958-02-12,743.2227,simulation
1958-02-13,739.45013,simulation
1958-02-14,734.8708,simulation
1958-02-15,745.5577,simulation
1958-02-16,741.4238,simulation
1958-02-17,736.0868,simulation
1958-02-18,732.68176,simulation
1958-02-19,728.42535,simulation
1958-02-20,725.5075,simulation
1958-02-21,721.0225,simulation
1958-02-22,718.08154,simulation
1958-02-23,716.22266,simulation
1958-02-24,715.9358,simulation
1958-02-25,714.0092,simulation
1958-02-26,712.52515,simulation
1958-02-27,725.8782,simulation
1958-02-28,719.67566,simulation
1958-03-01,713.9857,simulation
1958-03-02,709.954,simulation
1958-03-03,704.8726,simulation
1958-03-04,700.33795,simulation
1958-03-05,697.1024,simulation
1958-03-06,702.65625,simulation
1958-03-07,725.3426,simulation
1958-03-08,749.2402,simulation
1958-03-09,766.278,simulation
1958-03-10,755.5372,simulation
1958-03-11,747.0693,simulation
1958-03-12,739.8748,simulation
1958-03-13,751.3326,simulation
1958-03-14,745.9642,simulation
1958-03-15,739.21826,simulation
1958-03-16,732.8222,simulation
1958-03-17,727.8334,simulation
1958-03-18,764.447,simulation
1958-03-19,757.0369,simulation
1958-03-20,747.76587,simulation
1958-03-21,739.6663,simulation
1958-03-22,733.1037,simulation
1958-03-23,727.36273,simulation
1958-03-24,759.0528,simulation
1958-03-25,754.0026,simulation
1958-03-26,748.5966,simulation
1958-03-27,743.8103,simulation
1958-03-28,739.7636,simulation
1958-03-29,733.60956,simulation
1958-03-30,738.8699,simulation
1958-03-31,733.3453,simulation
1958-04-01,726.942,simulation
1958-04-02,724.0482,simulation
1958-04-03,720.99536,simulation
1958-04-04,716.9679,simulation
1958-04-05,712.4221,simulation
1958-04-06,709.37054,simulation
1958-04-07,703.7852,simulation
1958-04-08,697.1256,simulation
1958-04-09,693.7405,simulation
1958-04-10,716.40906,simulation
1958-04-11,713.0094,simulation
1958-04-12,707.3595,simulation
1958-04-13,704.7521,simulation
1958-04-14,701.1424,simulation
1958-04-15,709.96533,simulation
1958-04-16,716.1415,simulation
1958-04-17,710.9291,simulation
1958-04-18,707.83075,simulation
1958-04-19,705.17175,simulation
1958-04-20,700.48126,simulation
1958-04-21,718.33356,simulation
1958-04-22,714.44574,simulation
1958-04-23,708.08704,simulation
1958-04-24,703.5772,simulation
1958-04-25,699.0359,simulation
1958-04-26,699.39307,simulation
1958-04-27,698.40326,simulation
1958-04-28,720.55176,simulation
1958-04-29,719.2838,simulation
1958-04-30,743.01874,simulation
1958-05-01,746.5806,simulation
1958-05-02,740.8951,simulation
1958-05-03,734.5698,simulation
1958-05-04,738.2464,simulation
1958-05-05,770.15576,simulation
1958-05-06,758.0041,simulation
1958-05-07,747.5966,simulation
1958-05-08,737.5873,simulation
1958-05-09,731.44543,simulation
1958-05-10,726.59674,simulation
1958-05-11,728.73315,simulation
1958-05-12,730.5709,simulation
1958-05-13,722.80505,simulation
1958-05-14,717.1248,simulation
1958-05-15,710.9769,simulation
1958-05-16,707.3114,simulation
1958-05-17,703.9,simulation
1958-05-18,703.81433,simulation
1958-05-19,713.5693,simulation
1958-05-20,715.36804,simulation
1958-05-21,712.28595,simulation
1958-05-22,708.6893,simulation
1958-05-23,706.9135,simulation
1958-05-24,705.7179,simulation
1958-05-25,702.02246,simulation
1958-05-26,703.83765,simulation
1958-05-27,696.46313,simulation
1958-05-28,689.48,simulation
1958-05-29,683.979,simulation
1958-05-30,678.45844,simulation
1958-05-31,672.76917,simulation
1958-06-01,667.1697,simulation
1958-06-02,661.1576,simulation
1958-06-03,655.2702,simulation
1958-06-04,660.1503,simulation
1958-06-05,657.26227,simulation
1958-06-06,652.81335,simulation
1958-06-07,649.96686,simulation
1958-06-08,645.55786,simulation
1958-06-09,644.35114,simulation
1958-06-10,638.256,simulation
1958-06-11,633.1581,simulation
1958-06-12,632.74677,simulation
1958-06-13,627.0799,simulation
1958-06-14,622.5817,simulation
1958-06-15,619.459,simulation
1958-06-16,660.0755,simulation
1958-06-17,667.84076,simulation
1958-06-18,675.254,simulation
1958-06-19,678.14703,simulation
1958-06-20,696.6271,simulation
1958-06-21,691.7543,simulation
1958-06-22,701.2078,simulation
1958-06-23,702.67883,simulation
1958-06-24,696.7182,simulation
1958-06-25,688.90674,simulation
1958-06-26,683.9136,simulation
1958-06-27,682.4362,simulation
1958-06-28,679.75726,simulation
1958-06-29,671.8749,simulation
1958-06-30,664.25854,simulation
1958-07-01,658.1741,simulation
1958-07-02,653.0912,simulation
1958-07-03,647.7979,simulation
1958-07-04,641.1719,simulation
1958-07-05,637.7768,simulation
1958-07-06,632.3621,simulation
1958-07-07,628.48694,simulation
1958-07-08,649.0169,simulation
1958-07-09,665.84076,simulation
1958-07-10,686.16077,simulation
1958-07-11,692.5809,simulation
1958-07-12,696.85565,simulation
1958-07-13,713.3624,simulation
1958-07-14,725.37537,simulation
1958-07-15,720.3561,simulation
1958-07-16,714.0239,simulation
1958-07-17,708.462,simulation
1958-07-18,703.90704,simulation
1958-07-19,707.12476,simulation
1958-07-20,701.53436,simulation
1958-07-21,696.5022,simulation
1958-07-22,705.0198,simulation
1958-07-23,715.8119,simulation
1958-07-24,742.0055,simulation
1958-07-25,751.3062,simulation
1958-07-26,744.8302,simulation
1958-07-27,749.8869,simulation
1958-07-28,742.3438,simulation
1958-07-29,733.65027,simulation
1958-07-30,735.42645,simulation
1958-07-31,734.46686,simulation
1958-08-01,728.4135,simulation
1958-08-02,726.76434,simulation
1958-08-03,725.447,simulation
1958-08-04,724.5921,simulation
1958-08-05,718.4956,simulation
1958-08-06,710.1221,simulation
1958-08-07,702.48846,simulation
1958-08-08,694.9091,simulation
1958-08-09,690.90125,simulation
1958-08-10,707.43634,simulation
1958-08-11,702.2097,simulation
1958-08-12,695.6313,simulation
1958-08-13,697.7044,simulation
1958-08-14,693.2311,simulation
1958-08-15,706.78314,simulation
1958-08-16,714.10803,simulation
1958-08-17,709.6243,simulation
1958-08-18,710.82385,simulation
1958-08-19,706.27783,simulation
1958-08-20,698.7396,simulation
1958-08-21,691.9095,simulation
1958-08-22,687.7393,simulation
1958-08-23,686.20135,simulation
1958-08-24,687.20276,simulation
1958-08-25,687.53357,simulation
1958-08-26,687.01337,simulation
1958-08-27,680.63226,simulation
1958-08-28,674.24005,simulation
1958-08-29,667.72876,simulation
1958-08-30,662.10736,simulation
1958-08-31,656.68555,simulation
1958-09-01,651.82605,simulation
1958-09-02,646.23834,simulation
1958-09-03,643.79913,simulation
1958-09-04,642.5696,simulation
1958-09-05,642.0151,simulation
1958-09-06,641.363,simulation
1958-09-07,640.63806,simulation
1958-09-08,655.70197,simulation
1958-09-09,654.7739,simulation
1958-09-10,648.5747,simulation
1958-09-11,643.0844,simulation
1958-09-12,643.1792,simulation
1958-09-13,647.3133,simulation
1958-09-14,646.08685,simulation
1958-09-15,646.26355,simulation
1958-09-16,645.01154,simulation
1958-09-17,647.654,simulation
1958-09-18,707.7476,simulation
1958-09-19,705.9403,simulation
1958-09-20,709.8207,simulation
1958-09-21,720.86395,simulation
1958-09-22,752.4835,simulation
1958-09-23,759.086,simulation
1958-09-24,771.12787,simulation
1958-09-25,764.05475,simulation
1958-09-26,754.5569,simulation
1958-09-27,747.8284,simulation
1958-09-28,740.9671,simulation
1958-09-29,732.0298,simulation
1958-09-30,725.5124,simulation
1958-10-01,765.8515,simulation
1958-10-02,763.80005,simulation
1958-10-03,755.6864,simulation
1958-10-04,749.8354,simulation
1958-10-05,747.34546,simulation
1958-10-06,741.1606,simulation
1958-10-07,733.6009,simulation
1958-10-08,727.1666,simulation
1958-10-09,722.64966,simulation
1958-10-10,718.1405,simulation
1958-10-11,713.19855,simulation
1958-10-12,706.3683,simulation
1958-10-13,701.8624,simulation
1958-10-14,696.75824,simulation
1958-10-15,693.7051,simulation
1958-10-16,692.36475,simulation
1958-10-17,691.2364,simulation
1958-10-18,690.204,simulation
1958-10-19,686.3622,simulation
1958-10-20,681.45276,simulation
1958-10-21,677.1775,simulation
1958-10-22,673.30817,simulation
1958-10-23,671.19586,simulation
1958-10-24,668.4712,simulation
1958-10-25,664.5254,simulation
1958-10-26,660.52185,simulation
1958-10-27,656.68665,simulation
1958-10-28,654.7311,simulation
1958-10-29,653.6972,simulation
1958-10-30,653.2301,simulation
1958-10-31,665.88434,simulation
1958-11-01,670.26886,simulation
1958-11-02,668.82104,simulation
1958-11-03,667.4862,simulation
1958-11-04,666.9183,simulation
1958-11-05,669.1167,simulation
1958-11-06,668.85785,simulation
1958-11-07,673.02527,simulation
1958-11-08,669.7045,simulation
1958-11-09,667.44,simulation
1958-11-10,664.74567,simulation
1958-11-11,661.1585,simulation
1958-11-12,658.0213,simulation
1958-11-13,655.18146,simulation
1958-11-14,653.6867,simulation
1958-11-15,653.1951,simulation
1958-11-16,696.3409,simulation
1958-11-17,694.9102,simulation
1958-11-18,693.785,simulation
1958-11-19,701.02826,simulation
1958-11-20,699.173,simulation
1958-11-21,697.13727,simulation
1958-11-22,693.75806,simulation
1958-11-23,690.9748,simulation
1958-11-24,689.5066,simulation
1958-11-25,688.5229,simulation
1958-11-26,687.50116,simulation
1958-11-27,685.52576,simulation
1958-11-28,684.2363,simulation
1958-11-29,718.0031,simulation
1958-11-30,714.9023,simulation
1958-12-01,711.61163,simulation
1958-12-02,709.48895,simulation
1958-12-03,707.72125,simulation
1958-12-04,711.4719,simulation
1958-12-05,708.099,simulation
1958-12-06,705.9709,simulation
1958-12-07,703.92377,simulation
1958-12-08,701.8954,simulation
1958-12-09,700.4418,simulation
1958-12-10,698.9031,simulation
1958-12-11,707.04205,simulation
1958-12-12,704.67804,simulation
1958-12-13,702.3524,simulation
1958-12-14,704.0902,simulation
1958-12-15,701.9403,simulation
1958-12-16,699.9507,simulation
1958-12-17,697.84406,simulation
1958-12-18,695.672,simulation
1958-12-19,693.6415,simulation
1958-12-20,692.0912,simulation
1958-12-21,691.0614,simulation
1958-12-22,689.1285,simulation
1958-12-23,687.838,simulation
1958-12-24,704.5141,simulation
1958-12-25,702.9967,simulation
1958-12-26,701.6218,simulation
1958-12-27,700.3764,simulation
1958-12-28,704.3663,simulation
1958-12-29,703.26544,simulation
1958-12-30,701.8461,simulation
1958-12-31,700.9219,simulation
1959-01-01,726.72217,simulation
1959-01-02,727.1679,simulation
1959-01-03,724.98553,simulation
1959-01-04,723.08966,simulation
1959-01-05,720.73975,simulation
1959-01-06,717.9944,simulation
1959-01-07,715.9087,simulation
1959-01-08,714.04486,simulation
1959-01-09,719.2879,simulation
1959-01-10,715.9983,simulation
1959-01-11,713.45514,simulation
1959-01-12,710.8548,simulation
1959-01-13,708.50494,simulation
1959-01-14,706.54645,simulation
1959-01-15,704.9831,simulation
1959-01-16,743.01886,simulation
1959-01-17,737.8744,simulation
1959-01-18,734.53174,simulation
1959-01-19,730.5565,simulation
1959-01-20,727.31396,simulation
1959-01-21,739.3336,simulation
1959-01-22,769.3296,simulation
1959-01-23,760.16656,simulation
1959-01-24,753.04034,simulation
1959-01-25,747.69763,simulation
1959-01-26,741.799,simulation
1959-01-27,736.7033,simulation
1959-01-28,732.8855,simulation
1959-01-29,729.02594,simulation
1959-01-30,730.00256,simulation
1959-01-31,747.09937,simulation
1959-02-01,742.8962,simulation
1959-02-02,744.2677,simulation
1959-02-03,766.6812,simulation
1959-02-04,762.1702,simulation
1959-02-05,768.2813,simulation
1959-02-06,759.3371,simulation
1959-02-07,752.9675,simulation
1959-02-08,747.66675,simulation
1959-02-09,752.81824,simulation
1959-02-10,747.8305,simulation
1959-02-11,751.25885,simulation
1959-02-12,754.83466,simulation
1959-02-13,756.2444,simulation
1959-02-14,750.4047,simulation
1959-02-15,755.98444,simulation
1959-02-16,751.8228,simulation
1959-02-17,744.59485,simulation
1959-02-18,738.7899,simulation
1959-02-19,734.3138,simulation
1959-02-20,730.63184,simulation
1959-02-21,727.4216,simulation
1959-02-22,724.45953,simulation
1959-02-23,720.52637,simulation
1959-02-24,718.4999,simulation
1959-02-25,717.16656,simulation
1959-02-26,715.57556,simulation
1959-02-27,714.2092,simulation
1959-02-28,712.781,simulation
1959-03-01,710.93304,simulation
1959-03-02,707.30664,simulation
1959-03-03,703.0553,simulation
1959-03-04,707.1612,simulation
1959-03-05,705.093,simulation
1959-03-06,709.1794,simulation
1959-03-07,705.4123,simulation
1959-03-08,701.51654,simulation
1959-03-09,698.70184,simulation
1959-03-10,695.7082,simulation
1959-03-11,693.60986,simulation
1959-03-12,711.42487,simulation
1959-03-13,706.6152,simulation
1959-03-14,702.27094,simulation
1959-03-15,710.24084,simulation
1959-03-16,704.42566,simulation
1959-03-17,700.80835,simulation
1959-03-18,698.91705,simulation
1959-03-19,697.04266,simulation
1959-03-20,695.05383,simulation
1959-03-21,693.89636,simulation
1959-03-22,721.9835,simulation
1959-03-23,715.57947,simulation
1959-03-24,709.79584,simulation
1959-03-25,705.23553,simulation
1959-03-26,703.43384,simulation
1959-03-27,711.5749,simulation
1959-03-28,706.73724,simulation
1959-03-29,705.09326,simulation
1959-03-30,701.39404,simulation
1959-03-31,699.85486,simulation
1959-04-01,697.56055,simulation
1959-04-02,708.9558,simulation
1959-04-03,703.0642,simulation
1959-04-04,697.23706,simulation
1959-04-05,690.8755,simulation
1959-04-06,687.0224,simulation
1959-04-07,683.9826,simulation
1959-04-08,681.45715,simulation
1959-04-09,679.26697,simulation
1959-04-10,720.86285,simulation
1959-04-11,721.2171,simulation
1959-04-12,731.9987,simulation
1959-04-13,729.7953,simulation
1959-04-14,723.90594,simulation
1959-04-15,720.7822,simulation
1959-04-16,717.37,simulation
1959-04-17,713.6994,simulation
1959-04-18,719.9614,simulation
1959-04-19,721.8051,simulation
1959-04-20,733.8064,simulation
1959-04-21,731.55664,simulation
1959-04-22,769.2197,simulation
1959-04-23,757.6828,simulation
1959-04-24,746.6477,simulation
1959-04-25,737.42303,simulation
1959-04-26,729.92346,simulation
1959-04-27,725.0786,simulation
1959-04-28,720.97845,simulation
1959-04-29,717.9503,simulation
1959-04-30,713.2127,simulation
1959-05-01,708.05615,simulation
1959-05-02,702.8871,simulation
1959-05-03,699.52747,simulation
1959-05-04,694.889,simulation
1959-05-05,689.4275,simulation
1959-05-06,684.4516,simulation
1959-05-07,681.5396,simulation
1959-05-08,674.6905,simulation
1959-05-09,669.643,simulation
1959-05-10,664.4468,simulation
1959-05-11,664.7299,simulation
1959-05-12,672.0049,simulation
1959-05-13,684.70636,simulation
1959-05-14,681.6042,simulation
1959-05-15,675.76385,simulation
1959-05-16,671.69104,simulation
1959-05-17,665.618,simulation
1959-05-18,660.53674,simulation
1959-05-19,657.6532,simulation
1959-05-20,659.24384,simulation
1959-05-21,661.5763,simulation
1959-05-22,670.2682,simulation
1959-05-23,710.82635,simulation
1959-05-24,726.6278,simulation
1959-05-25,725.64734,simulation
1959-05-26,755.519,simulation
1959-05-27,749.4136,simulation
1959-05-28,740.8811,simulation
1959-05-29,734.67413,simulation
1959-05-30,732.52954,simulation
1959-05-31,737.3313,simulation
1959-06-01,740.53485,simulation
1959-06-02,746.222,simulation
1959-06-03,737.26135,simulation
1959-06-04,729.4082,simulation
1959-06-05,725.49994,simulation
1959-06-06,729.1892,simulation
1959-06-07,726.8179,simulation
1959-06-08,722.491,simulation
1959-06-09,724.7428,simulation
1959-06-10,731.1295,simulation
1959-06-11,724.5419,simulation
1959-06-12,719.0262,simulation
1959-06-13,724.1231,simulation
1959-06-14,722.2859,simulation
1959-06-15,719.5244,simulation
1959-06-16,715.5698,simulation
1959-06-17,710.4254,simulation
1959-06-18,702.75476,simulation
1959-06-19,694.40125,simulation
1959-06-20,685.61835,simulation
1959-06-21,677.5012,simulation
1959-06-22,670.6755,simulation
1959-06-23,665.52924,simulation
1959-06-24,666.2401,simulation
1959-06-25,661.96747,simulation
1959-06-26,657.5174,simulation
1959-06-27,651.98425,simulation
1959-06-28,646.8171,simulation
1959-06-29,643.58746,simulation
1959-06-30,645.77,simulation
1959-07-01,649.3265,simulation
1959-07-02,648.7218,simulation
1959-07-03,659.09393,simulation
1959-07-04,657.2413,simulation
1959-07-05,653.04376,simulation
1959-07-06,654.2231,simulation
1959-07-07,655.8343,simulation
1959-07-08,654.56616,simulation
1959-07-09,660.7773,simulation
1959-07-10,657.2373,simulation
1959-07-11,664.3822,simulation
1959-07-12,661.0747,simulation
1959-07-13,657.98,simulation
1959-07-14,655.16895,simulation
1959-07-15,658.6877,simulation
1959-07-16,653.5694,simulation
1959-07-17,657.28516,simulation
1959-07-18,653.69104,simulation
1959-07-19,663.912,simulation
1959-07-20,668.90204,simulation
1959-07-21,664.6258,simulation
1959-07-22,662.02106,simulation
1959-07-23,665.08246,simulation
1959-07-24,662.2768,simulation
1959-07-25,673.3149,simulation
1959-07-26,678.11145,simulation
1959-07-27,681.3378,simulation
1959-07-28,678.29236,simulation
1959-07-29,675.4913,simulation
1959-07-30,670.5094,simulation
1959-07-31,673.1423,simulation
1959-08-01,684.71594,simulation
1959-08-02,701.1374,simulation
1959-08-03,696.87054,simulation
1959-08-04,693.3308,simulation
1959-08-05,687.7546,simulation
1959-08-06,682.9239,simulation
1959-08-07,677.3098,simulation
1959-08-08,674.94763,simulation
1959-08-09,671.3677,simulation
1959-08-10,668.25336,simulation
1959-08-11,664.1487,simulation
1959-08-12,658.2142,simulation
1959-08-13,652.8615,simulation
1959-08-14,653.2403,simulation
1959-08-15,655.07715,simulation
1959-08-16,652.57764,simulation
1959-08-17,654.53326,simulation
1959-08-18,652.2784,simulation
1959-08-19,648.6983,simulation
1959-08-20,644.62195,simulation
1959-08-21,642.7496,simulation
1959-08-22,638.0511,simulation
1959-08-23,633.6762,simulation
1959-08-24,628.01025,simulation
1959-08-25,634.53613,simulation
1959-08-26,636.1879,simulation
1959-08-27,635.8931,simulation
1959-08-28,631.43353,simulation
1959-08-29,626.9219,simulation
1959-08-30,622.1106,simulation
1959-08-31,623.8467,simulation
1959-09-01,620.1732,simulation
1959-09-02,616.0276,simulation
1959-09-03,625.9277,simulation
1959-09-04,632.24365,simulation
1959-09-05,627.8387,simulation
1959-09-06,623.91284,simulation
1959-09-07,619.74677,simulation
1959-09-08,614.48956,simulation
1959-09-09,612.73425,simulation
1959-09-10,632.85803,simulation
1959-09-11,631.38385,simulation
1959-09-12,627.56244,simulation
1959-09-13,627.4655,simulation
1959-09-14,637.31616,simulation
1959-09-15,641.8583,simulation
1959-09-16,645.6335,simulation
1959-09-17,645.1316,simulation
1959-09-18,641.2046,simulation
1959-09-19,637.19,simulation
1959-09-20,633.5667,simulation
1959-09-21,628.10785,simulation
1959-09-22,624.62775,simulation
1959-09-23,619.95874,simulation
1959-09-24,616.0258,simulation
1959-09-25,611.4998,simulation
1959-09-26,608.2867,simulation
1959-09-27,610.62756,simulation
1959-09-28,609.5389,simulation
1959-09-29,606.70905,simulation
1959-09-30,604.45306,simulation
1959-10-01,601.25946,simulation
1959-10-02,599.32544,simulation
1959-10-03,595.1961,simulation
1959-10-04,592.59973,simulation
1959-10-05,589.22723,simulation
1959-10-06,616.9654,simulation
1959-10-07,637.985,simulation
1959-10-08,640.23883,simulation
1959-10-09,638.94556,simulation
1959-10-10,635.1163,simulation
1959-10-11,645.9933,simulation
1959-10-12,643.44196,simulation
1959-10-13,655.51,simulation
1959-10-14,678.2235,simulation
1959-10-15,687.7786,simulation
1959-10-16,683.8457,simulation
1959-10-17,683.8928,simulation
1959-10-18,683.966,simulation
1959-10-19,681.18274,simulation
1959-10-20,678.1032,simulation
1959-10-21,677.83,simulation
1959-10-22,700.71185,simulation
1959-10-23,699.67377,simulation
1959-10-24,700.4441,simulation
1959-10-25,695.67535,simulation
1959-10-26,691.281,simulation
1959-10-27,687.74097,simulation
1959-10-28,687.2285,simulation
1959-10-29,686.80646,simulation
1959-10-30,688.8581,simulation
1959-10-31,691.54486,simulation
1959-11-01,709.6656,simulation
1959-11-02,708.19006,simulation
1959-11-03,704.9931,simulation
1959-11-04,701.5293,simulation
1959-11-05,736.37885,simulation
1959-11-06,742.50867,simulation
1959-11-07,738.0955,simulation
1959-11-08,732.74457,simulation
1959-11-09,728.50275,simulation
1959-11-10,723.9873,simulation
1959-11-11,720.2351,simulation
1959-11-12,717.6906,simulation
1959-11-13,713.6399,simulation
1959-11-14,711.84595,simulation
1959-11-15,734.5433,simulation
1959-11-16,731.6932,simulation
1959-11-17,729.16254,simulation
1959-11-18,726.4156,simulation
1959-11-19,722.2731,simulation
1959-11-20,718.89374,simulation
1959-11-21,715.903,simulation
1959-11-22,713.4478,simulation
1959-11-23,715.36633,simulation
1959-11-24,717.4903,simulation
1959-11-25,713.2166,simulation
1959-11-26,709.19495,simulation
1959-11-27,706.4546,simulation
1959-11-28,713.9281,simulation
1959-11-29,710.9048,simulation
1959-11-30,708.6035,simulation
1959-12-01,706.307,simulation
1959-12-02,704.29175,simulation
1959-12-03,703.9089,simulation
1959-12-04,701.41327,simulation
1959-12-05,700.1136,simulation
1959-12-06,705.2667,simulation
1959-12-07,702.5749,simulation
1959-12-08,700.14545,simulation
1959-12-09,697.6857,simulation
1959-12-10,696.4894,simulation
1959-12-11,694.95325,simulation
1959-12-12,710.3201,simulation
1959-12-13,711.72363,simulation
1959-12-14,709.92053,simulation
1959-12-15,708.1247,simulation
1959-12-16,706.60345,simulation
1959-12-17,705.2502,simulation
1959-12-18,724.1349,simulation
1959-12-19,722.9483,simulation
1959-12-20,719.4,simulation
1959-12-21,717.1507,simulation
1959-12-22,714.3578,simulation
1959-12-23,712.2869,simulation
1959-12-24,710.53156,simulation
1959-12-25,708.97644,simulation
1959-12-26,707.8498,simulation
1959-12-27,706.5454,simulation
1959-12-28,729.84686,simulation
1959-12-29,726.5564,simulation
1959-12-30,723.15405,simulation
1959-12-31,720.9682,simulation
1960-01-01,720.9611,simulation
1960-01-02,720.0053,simulation
1960-01-03,727.85504,simulation
1960-01-04,724.9959,simulation
1960-01-05,722.49005,simulation
1960-01-06,735.52783,simulation
1960-01-07,739.40326,simulation
1960-01-08,736.2017,simulation
1960-01-09,732.8159,simulation
1960-01-10,729.8905,simulation
1960-01-11,729.12854,simulation
1960-01-12,726.46063,simulation
1960-01-13,724.1326,simulation
1960-01-14,722.1176,simulation
1960-01-15,732.69824,simulation
1960-01-16,728.52795,simulation
1960-01-17,725.88574,simulation
1960-01-18,753.22314,simulation
1960-01-19,747.3972,simulation
1960-01-20,742.83417,simulation
1960-01-21,738.2607,simulation
1960-01-22,734.11273,simulation
1960-01-23,730.64526,simulation
1960-01-24,727.6616,simulation
1960-01-25,724.9532,simulation
1960-01-26,721.77057,simulation
1960-01-27,719.8125,simulation
1960-01-28,719.2102,simulation
1960-01-29,717.53326,simulation
1960-01-30,745.97516,simulation
1960-01-31,743.6268,simulation
1960-02-01,740.0391,simulation
1960-02-02,736.90814,simulation
1960-02-03,734.09283,simulation
1960-02-04,781.0734,simulation
1960-02-05,769.29834,simulation
1960-02-06,760.7559,simulation
1960-02-07,754.2047,simulation
1960-02-08,748.4351,simulation
1960-02-09,742.1761,simulation
1960-02-10,737.68823,simulation
1960-02-11,731.84827,simulation
1960-02-12,727.1582,simulation
1960-02-13,731.2581,simulation
1960-02-14,736.8208,simulation
1960-02-15,732.9229,simulation
1960-02-16,734.7433,simulation
1960-02-17,732.3797,simulation
1960-02-18,728.5929,simulation
1960-02-19,726.13354,simulation
1960-02-20,722.304,simulation
1960-02-21,719.7824,simulation
1960-02-22,739.15814,simulation
1960-02-23,733.77795,simulation
1960-02-24,728.76447,simulation
1960-02-25,729.48364,simulation
1960-02-26,726.82526,simulation
1960-02-27,723.2595,simulation
1960-02-28,721.02936,simulation
1960-02-29,720.4062,simulation
1960-03-01,733.25256,simulation
1960-03-02,763.9089,simulation
1960-03-03,785.1156,simulation
1960-03-04,771.9849,simulation
1960-03-05,761.4156,simulation
1960-03-06,753.70605,simulation
1960-03-07,747.58545,simulation
1960-03-08,743.95374,simulation
1960-03-09,740.6042,simulation
1960-03-10,747.4402,simulation
1960-03-11,741.2376,simulation
1960-03-12,742.381,simulation
1960-03-13,736.10205,simulation
1960-03-14,732.02,simulation
1960-03-15,750.8589,simulation
1960-03-16,773.56506,simulation
1960-03-17,761.9901,simulation
1960-03-18,754.84705,simulation
1960-03-19,746.6605,simulation
1960-03-20,738.3295,simulation
1960-03-21,731.7218,simulation
1960-03-22,725.4525,simulation
1960-03-23,719.24725,simulation
1960-03-24,715.5529,simulation
1960-03-25,713.4076,simulation
1960-03-26,713.8588,simulation
1960-03-27,710.6506,simulation
1960-03-28,713.9783,simulation
1960-03-29,711.8884,simulation
1960-03-30,749.213,simulation
1960-03-31,739.5035,simulation
1960-04-01,731.82635,simulation
1960-04-02,739.2819,simulation
1960-04-03,764.28394,simulation
1960-04-04,761.6724,simulation
1960-04-05,753.44214,simulation
1960-04-06,743.1612,simulation
1960-04-07,733.7854,simulation
1960-04-08,724.9438,simulation
1960-04-09,720.7585,simulation
1960-04-10,719.78064,simulation
1960-04-11,713.1576,simulation
1960-04-12,706.67413,simulation
1960-04-13,700.72217,simulation
1960-04-14,697.7172,simulation
1960-04-15,693.8251,simulation
1960-04-16,690.08813,simulation
1960-04-17,685.6214,simulation
1960-04-18,689.3595,simulation
1960-04-19,684.2442,simulation
1960-04-20,678.1663,simulation
1960-04-21,672.93097,simulation
1960-04-22,670.08514,simulation
1960-04-23,667.25214,simulation
1960-04-24,663.79083,simulation
1960-04-25,660.27893,simulation
1960-04-26,657.1592,simulation
1960-04-27,666.9023,simulation
1960-04-28,662.86365,simulation
1960-04-29,657.55975,simulation
1960-04-30,656.23676,simulation
1960-05-01,653.3957,simulation
1960-05-02,649.54816,simulation
1960-05-03,647.8639,simulation
1960-05-04,642.4628,simulation
1960-05-05,639.92316,simulation
1960-05-06,668.4967,simulation
1960-05-07,728.4784,simulation
1960-05-08,724.6666,simulation
1960-05-09,718.6011,simulation
1960-05-10,714.3689,simulation
1960-05-11,710.0011,simulation
1960-05-12,714.1512,simulation
1960-05-13,710.2249,simulation
1960-05-14,703.90375,simulation
1960-05-15,697.31824,simulation
1960-05-16,691.4646,simulation
1960-05-17,687.1893,simulation
1960-05-18,682.457,simulation
1960-05-19,677.009,simulation
1960-05-20,672.90234,simulation
1960-05-21,667.63916,simulation
1960-05-22,663.59326,simulation
1960-05-23,658.3634,simulation
1960-05-24,653.0084,simulation
1960-05-25,648.53766,simulation
1960-05-26,643.45416,simulation
1960-05-27,640.4012,simulation
1960-05-28,633.6428,simulation
1960-05-29,629.03394,simulation
1960-05-30,623.9137,simulation
1960-05-31,617.73193,simulation
1960-06-01,612.4378,simulation
1960-06-02,615.66034,simulation
1960-06-03,617.42554,simulation
1960-06-04,611.88794,simulation
1960-06-05,606.71234,simulation
1960-06-06,600.59393,simulation
1960-06-07,593.65906,simulation
1960-06-08,586.8997,simulation
1960-06-09,581.58295,simulation
1960-06-10,575.5318,simulation
1960-06-11,568.9599,simulation
1960-06-12,562.0633,simulation
1960-06-13,556.02325,simulation
1960-06-14,552.16016,simulation
1960-06-15,546.6234,simulation
1960-06-16,540.45715,simulation
1960-06-17,533.7622,simulation
1960-06-18,532.34143,simulation
1960-06-19,524.9715,simulation
1960-06-20,518.07,simulation
1960-06-21,512.68945,simulation
1960-06-22,507.57175,simulation
1960-06-23,501.86813,simulation
1960-06-24,497.4065,simulation
1960-06-25,494.1475,simulation
1960-06-26,529.00806,simulation
1960-06-27,526.07336,simulation
1960-06-28,525.7132,simulation
1960-06-29,519.5555,simulation
1960-06-30,513.7519,simulation
1960-07-01,509.6681,simulation
1960-07-02,503.8298,simulation
1960-07-03,497.491,simulation
1960-07-04,491.00275,simulation
1960-07-05,490.17996,simulation
1960-07-06,511.649,simulation
1960-07-07,506.46658,simulation
1960-07-08,500.1249,simulation
1960-07-09,494.8314,simulation
1960-07-10,489.79758,simulation
1960-07-11,486.8426,simulation
1960-07-12,484.32263,simulation
1960-07-13,478.59207,simulation
1960-07-14,471.54153,simulation
1960-07-15,465.43558,simulation
1960-07-16,458.87433,simulation
1960-07-17,491.2431,simulation
1960-07-18,496.2022,simulation
1960-07-19,492.8031,simulation
1960-07-20,488.61255,simulation
1960-07-21,483.2487,simulation
1960-07-22,477.67188,simulation
1960-07-23,473.31754,simulation
1960-07-24,471.05542,simulation
1960-07-25,470.2499,simulation
1960-07-26,464.9195,simulation
1960-07-27,458.60037,simulation
1960-07-28,453.73596,simulation
1960-07-29,448.50943,simulation
1960-07-30,442.00336,simulation
1960-07-31,448.7805,simulation
1960-08-01,445.2923,simulation
1960-08-02,444.2389,simulation
1960-08-03,448.91223,simulation
1960-08-04,449.33963,simulation
1960-08-05,466.3627,simulation
1960-08-06,469.6194,simulation
1960-08-07,491.27563,simulation
1960-08-08,486.62463,simulation
1960-08-09,481.50034,simulation
1960-08-10,477.55273,simulation
1960-08-11,495.3503,simulation
1960-08-12,538.2098,simulation
1960-08-13,543.26447,simulation
1960-08-14,549.16907,simulation
1960-08-15,573.47864,simulation
1960-08-16,572.3502,simulation
1960-08-17,568.37494,simulation
1960-08-18,571.5693,simulation
1960-08-19,572.69086,simulation
1960-08-20,603.0278,simulation
1960-08-21,601.5284,simulation
1960-08-22,606.655,simulation
1960-08-23,676.9373,simulation
1960-08-24,673.6236,simulation
1960-08-25,670.6393,simulation
1960-08-26,665.2648,simulation
1960-08-27,661.7683,simulation
1960-08-28,658.519,simulation
1960-08-29,654.89575,simulation
1960-08-30,653.24274,simulation
1960-08-31,647.9639,simulation
1960-09-01,647.07434,simulation
1960-09-02,641.7038,simulation
1960-09-03,636.4918,simulation
1960-09-04,630.96686,simulation
1960-09-05,627.1217,simulation
1960-09-06,621.93274,simulation
1960-09-07,616.6469,simulation
1960-09-08,611.1314,simulation
1960-09-09,608.95123,simulation
1960-09-10,609.01074,simulation
1960-09-11,612.8591,simulation
1960-09-12,612.5795,simulation
1960-09-13,606.959,simulation
1960-09-14,602.2057,simulation
1960-09-15,601.66113,simulation
1960-09-16,603.1505,simulation
1960-09-17,606.8981,simulation
1960-09-18,604.6646,simulation
1960-09-19,600.2929,simulation
1960-09-20,595.1957,simulation
1960-09-21,590.6385,simulation
1960-09-22,586.2409,simulation
1960-09-23,588.0217,simulation
1960-09-24,584.8425,simulation
1960-09-25,581.6945,simulation
1960-09-26,579.4871,simulation
1960-09-27,579.80896,simulation
1960-09-28,580.9225,simulation
1960-09-29,583.6651,simulation
1960-09-30,582.9478,simulation
1960-10-01,578.5215,simulation
1960-10-02,573.9834,simulation
1960-10-03,570.4976,simulation
1960-10-04,569.88727,simulation
1960-10-05,568.9554,simulation
1960-10-06,597.7544,simulation
1960-10-07,624.6636,simulation
1960-10-08,628.48364,simulation
1960-10-09,626.0759,simulation
1960-10-10,622.9326,simulation
1960-10-11,619.3242,simulation
1960-10-12,616.0402,simulation
1960-10-13,612.82745,simulation
1960-10-14,610.5067,simulation
1960-10-15,610.14044,simulation
1960-10-16,608.8037,simulation
1960-10-17,606.08026,simulation
1960-10-18,603.62177,simulation
1960-10-19,601.5532,simulation
1960-10-20,601.7062,simulation
1960-10-21,601.46234,simulation
1960-10-22,599.4959,simulation
1960-10-23,596.7277,simulation
1960-10-24,594.22217,simulation
1960-10-25,591.26227,simulation
1960-10-26,588.23285,simulation
1960-10-27,589.0139,simulation
1960-10-28,587.5834,simulation
1960-10-29,584.61414,simulation
1960-10-30,583.70026,simulation
1960-10-31,629.0347,simulation
1960-11-01,626.47644,simulation
1960-11-02,623.783,simulation
1960-11-03,621.03815,simulation
1960-11-04,618.2566,simulation
1960-11-05,615.79663,simulation
1960-11-06,614.044,simulation
1960-11-07,612.0667,simulation
1960-11-08,610.40265,simulation
1960-11-09,609.35913,simulation
1960-11-10,611.98883,simulation
1960-11-11,611.7135,simulation
1960-11-12,610.2638,simulation
1960-11-13,609.7393,simulation
1960-11-14,609.5456,simulation
1960-11-15,607.33,simulation
1960-11-16,605.36316,simulation
1960-11-17,610.12683,simulation
1960-11-18,610.55096,simulation
1960-11-19,610.5567,simulation
1960-11-20,608.82623,simulation
1960-11-21,608.0317,simulation
1960-11-22,607.3508,simulation
1960-11-23,622.5928,simulation
1960-11-24,626.5247,simulation
1960-11-25,626.4061,simulation
1960-11-26,625.74335,simulation
1960-11-27,624.64545,simulation
1960-11-28,624.4687,simulation
1960-11-29,626.1905,simulation
1960-11-30,623.83203,simulation
1960-12-01,622.31635,simulation
1960-12-02,620.3566,simulation
1960-12-03,619.3878,simulation
1960-12-04,618.56976,simulation
1960-12-05,617.9107,simulation
1960-12-06,616.42,simulation
1960-12-07,616.19714,simulation
1960-12-08,617.357,simulation
1960-12-09,624.6229,simulation
1960-12-10,624.91864,simulation
1960-12-11,643.90375,simulation
1960-12-12,643.53516,simulation
1960-12-13,642.59424,simulation
1960-12-14,642.00275,simulation
1960-12-15,650.4085,simulation
1960-12-16,655.85864,simulation
1960-12-17,656.6242,simulation
1960-12-18,655.6953,simulation
1960-12-19,654.9748,simulation
1960-12-20,654.0727,simulation
1960-12-21,676.9052,simulation
1960-12-22,675.44116,simulation
1960-12-23,674.8476,simulation
1960-12-24,673.67554,simulation
1960-12-25,673.9314,simulation
1960-12-26,673.6369,simulation
1960-12-27,672.9065,simulation
1960-12-28,672.37,simulation
1960-12-29,672.9942,simulation
1960-12-30,682.6009,simulation
1960-12-31,682.49146,simulation
1961-01-01,708.2582,simulation
1961-01-02,706.8464,simulation
1961-01-03,705.71747,simulation
1961-01-04,703.5772,simulation
1961-01-05,701.90393,simulation
1961-01-06,700.8145,simulation
1961-01-07,699.8453,simulation
1961-01-08,718.6509,simulation
1961-01-09,717.7516,simulation
1961-01-10,714.8107,simulation
1961-01-11,712.5859,simulation
1961-01-12,710.6485,simulation
1961-01-13,708.6499,simulation
1961-01-14,721.7294,simulation
1961-01-15,722.01794,simulation
1961-01-16,720.12604,simulation
1961-01-17,717.9421,simulation
1961-01-18,715.6691,simulation
1961-01-19,712.8781,simulation
1961-01-20,717.3,simulation
1961-01-21,714.39,simulation
1961-01-22,711.8925,simulation
1961-01-23,710.1133,simulation
1961-01-24,708.2441,simulation
1961-01-25,746.86017,simulation
1961-01-26,747.1663,simulation
1961-01-27,750.91266,simulation
1961-01-28,746.9396,simulation
1961-01-29,743.8597,simulation
1961-01-30,739.3194,simulation
1961-01-31,735.10986,simulation
1961-02-01,731.5499,simulation
1961-02-02,728.3404,simulation
1961-02-03,737.11237,simulation
1961-02-04,733.5539,simulation
1961-02-05,729.9188,simulation
1961-02-06,726.20654,simulation
1961-02-07,727.35114,simulation
1961-02-08,729.3139,simulation
1961-02-09,726.7434,simulation
1961-02-10,724.20294,simulation
1961-02-11,720.97144,simulation
1961-02-12,717.19037,simulation
1961-02-13,714.015,simulation
1961-02-14,711.4201,simulation
1961-02-15,709.68445,simulation
1961-02-16,708.0347,simulation
1961-02-17,705.77606,simulation
1961-02-18,736.7835,simulation
1961-02-19,752.97186,simulation
1961-02-20,790.712,simulation
1961-02-21,830.4311,simulation
1961-02-22,902.0586,simulation
1961-02-23,894.003,simulation
1961-02-24,855.6333,simulation
1961-02-25,857.5793,simulation
1961-02-26,823.4209,simulation
1961-02-27,796.29767,simulation
1961-02-28,784.9974,simulation
1961-03-01,776.00684,simulation
1961-03-02,767.0544,simulation
1961-03-03,757.218,simulation
1961-03-04,750.2753,simulation
1961-03-05,744.9969,simulation
1961-03-06,743.78485,simulation
1961-03-07,753.5211,simulation
1961-03-08,747.4466,simulation
1961-03-09,747.39343,simulation
1961-03-10,739.409,simulation
1961-03-11,733.24115,simulation
1961-03-12,730.17554,simulation
1961-03-13,727.4193,simulation
1961-03-14,725.9796,simulation
1961-03-15,719.6124,simulation
1961-03-16,713.8152,simulation
1961-03-17,729.728,simulation
1961-03-18,782.5847,simulation
1961-03-19,768.2815,simulation
1961-03-20,758.5424,simulation
1961-03-21,761.15234,simulation
1961-03-22,752.11816,simulation
1961-03-23,743.6413,simulation
1961-03-24,736.12225,simulation
1961-03-25,729.8154,simulation
1961-03-26,724.7999,simulation
1961-03-27,718.31055,simulation
1961-03-28,738.89777,simulation
1961-03-29,790.6547,simulation
1961-03-30,810.6022,simulation
1961-03-31,859.63873,simulation
1961-04-01,839.182,simulation
1961-04-02,809.6188,simulation
1961-04-03,785.4898,simulation
1961-04-04,777.6845,simulation
1961-04-05,763.61646,simulation
1961-04-06,752.51697,simulation
1961-04-07,750.36646,simulation
1961-04-08,741.2866,simulation
1961-04-09,736.4744,simulation
1961-04-10,755.4977,simulation
1961-04-11,747.51215,simulation
1961-04-12,752.07874,simulation
1961-04-13,746.5286,simulation
1961-04-14,738.1789,simulation
1961-04-15,731.13605,simulation
1961-04-16,727.19226,simulation
1961-04-17,719.9796,simulation
1961-04-18,712.8126,simulation
1961-04-19,706.5876,simulation
1961-04-20,700.35736,simulation
1961-04-21,693.8923,simulation
1961-04-22,689.20483,simulation
1961-04-23,685.76355,simulation
1961-04-24,682.156,simulation
1961-04-25,678.6749,simulation
1961-04-26,675.76886,simulation
1961-04-27,682.9434,simulation
1961-04-28,678.9212,simulation
1961-04-29,672.6824,simulation
1961-04-30,668.82526,simulation
1961-05-01,666.11957,simulation
1961-05-02,667.16174,simulation
1961-05-03,666.1473,simulation
1961-05-04,661.2095,simulation
1961-05-05,656.1254,simulation
1961-05-06,651.04456,simulation
1961-05-07,647.31714,simulation
1961-05-08,643.6299,simulation
1961-05-09,658.8395,simulation
1961-05-10,654.6331,simulation
1961-05-11,650.36786,simulation
1961-05-12,646.47437,simulation
1961-05-13,641.6731,simulation
1961-05-14,636.66656,simulation
1961-05-15,634.39667,simulation
1961-05-16,644.95935,simulation
1961-05-17,638.48773,simulation
1961-05-18,633.9356,simulation
1961-05-19,631.4163,simulation
1961-05-20,625.6726,simulation
1961-05-21,623.2738,simulation
1961-05-22,633.8762,simulation
1961-05-23,630.6673,simulation
1961-05-24,629.2411,simulation
1961-05-25,628.35565,simulation
1961-05-26,631.35596,simulation
1961-05-27,631.48395,simulation
1961-05-28,629.8979,simulation
1961-05-29,623.84796,simulation
1961-05-30,617.54266,simulation
1961-05-31,611.47784,simulation
1961-06-01,605.54486,simulation
1961-06-02,599.5231,simulation
1961-06-03,594.0395,simulation
1961-06-04,588.78,simulation
1961-06-05,583.0016,simulation
1961-06-06,579.6265,simulation
1961-06-07,574.2927,simulation
1961-06-08,574.9269,simulation
1961-06-09,570.72833,simulation
1961-06-10,587.26575,simulation
1961-06-11,589.71655,simulation
1961-06-12,593.16644,simulation
1961-06-13,594.2362,simulation
1961-06-14,614.80676,simulation
1961-06-15,614.94324,simulation
1961-06-16,622.52576,simulation
1961-06-17,626.98425,simulation
1961-06-18,642.1815,simulation
1961-06-19,653.32404,simulation
1961-06-20,684.3548,simulation
1961-06-21,733.9484,simulation
1961-06-22,726.98065,simulation
1961-06-23,718.62225,simulation
1961-06-24,712.0314,simulation
1961-06-25,719.8793,simulation
1961-06-26,743.9758,simulation
1961-06-27,786.64526,simulation
1961-06-28,768.79205,simulation
1961-06-29,755.3776,simulation
1961-06-30,748.016,simulation
1961-07-01,738.75195,simulation
1961-07-02,737.9408,simulation
1961-07-03,729.89935,simulation
1961-07-04,740.083,simulation
1961-07-05,732.03375,simulation
1961-07-06,723.31177,simulation
1961-07-07,716.9736,simulation
1961-07-08,731.03345,simulation
1961-07-09,732.7098,simulation
1961-07-10,728.30707,simulation
1961-07-11,725.09863,simulation
1961-07-12,763.4858,simulation
1961-07-13,778.40814,simulation
1961-07-14,766.6464,simulation
1961-07-15,759.249,simulation
1961-07-16,751.06744,simulation
1961-07-17,745.0128,simulation
1961-07-18,738.66034,simulation
1961-07-19,730.3593,simulation
1961-07-20,723.3683,simulation
1961-07-21,727.5808,simulation
1961-07-22,727.63885,simulation
1961-07-23,725.0224,simulation
1961-07-24,727.17694,simulation
1961-07-25,723.41724,simulation
1961-07-26,716.54126,simulation
1961-07-27,716.61755,simulation
1961-07-28,713.86066,simulation
1961-07-29,707.84827,simulation
1961-07-30,703.3746,simulation
1961-07-31,697.5845,simulation
1961-08-01,693.89734,simulation
1961-08-02,688.4269,simulation
1961-08-03,682.68884,simulation
1961-08-04,697.5667,simulation
1961-08-05,694.261,simulation
1961-08-06,688.1673,simulation
1961-08-07,683.1801,simulation
1961-08-08,682.71747,simulation
1961-08-09,690.3258,simulation
1961-08-10,686.384,simulation
1961-08-11,681.3844,simulation
1961-08-12,678.20514,simulation
1961-08-13,673.2653,simulation
1961-08-14,686.7931,simulation
1961-08-15,683.08405,simulation
1961-08-16,682.1062,simulation
1961-08-17,679.5987,simulation
1961-08-18,674.8907,simulation
1961-08-19,669.8801,simulation
1961-08-20,663.72253,simulation
1961-08-21,663.3066,simulation
1961-08-22,660.4677,simulation
1961-08-23,658.102,simulation
1961-08-24,653.5317,simulation
1961-08-25,668.8609,simulation
1961-08-26,665.80646,simulation
1961-08-27,663.2503,simulation
1961-08-28,659.61945,simulation
1961-08-29,656.91315,simulation
1961-08-30,653.75507,simulation
1961-08-31,650.2745,simulation
1961-09-01,647.5976,simulation
1961-09-02,644.0315,simulation
1961-09-03,658.3622,simulation
1961-09-04,656.83563,simulation
1961-09-05,654.07245,simulation
1961-09-06,649.3564,simulation
1961-09-07,645.03375,simulation
1961-09-08,644.3146,simulation
1961-09-09,640.36847,simulation
1961-09-10,642.43256,simulation
1961-09-11,646.7097,simulation
1961-09-12,651.36115,simulation
1961-09-13,650.7811,simulation
1961-09-14,667.38214,simulation
1961-09-15,668.64746,simulation
1961-09-16,664.8735,simulation
1961-09-17,659.8423,simulation
1961-09-18,654.63165,simulation
1961-09-19,650.2478,simulation
1961-09-20,645.9915,simulation
1961-09-21,641.6302,simulation
1961-09-22,640.6252,simulation
1961-09-23,637.9068,simulation
1961-09-24,633.59875,simulation
1961-09-25,629.52057,simulation
1961-09-26,624.65173,simulation
1961-09-27,620.43054,simulation
1961-09-28,615.9809,simulation
1961-09-29,613.41266,simulation
1961-09-30,608.5079,simulation
1961-10-01,608.18475,simulation
1961-10-02,611.6652,simulation
1961-10-03,627.24817,simulation
1961-10-04,624.4655,simulation
1961-10-05,620.286,simulation
1961-10-06,616.31396,simulation
1961-10-07,612.9056,simulation
1961-10-08,612.61066,simulation
1961-10-09,612.7181,simulation
1961-10-10,609.01465,simulation
1961-10-11,605.0235,simulation
1961-10-12,601.2495,simulation
1961-10-13,597.0706,simulation
1961-10-14,595.2535,simulation
1961-10-15,590.67194,simulation
1961-10-16,586.6748,simulation
1961-10-17,583.1903,simulation
1961-10-18,579.683,simulation
1961-10-19,576.38165,simulation
1961-10-20,573.6819,simulation
1961-10-21,570.68225,simulation
1961-10-22,568.1753,simulation
1961-10-23,565.55756,simulation
1961-10-24,562.8601,simulation
1961-10-25,560.31647,simulation
1961-10-26,558.3916,simulation
1961-10-27,555.09503,simulation
1961-10-28,552.1229,simulation
1961-10-29,551.9067,simulation
1961-10-30,552.6281,simulation
1961-10-31,550.57874,simulation
1961-11-01,549.6197,simulation
1961-11-02,548.7488,simulation
1961-11-03,547.1045,simulation
1961-11-04,591.122,simulation
1961-11-05,601.71765,simulation
1961-11-06,602.2749,simulation
1961-11-07,601.9493,simulation
1961-11-08,598.8385,simulation
1961-11-09,596.1355,simulation
1961-11-10,594.2415,simulation
1961-11-11,594.0551,simulation
1961-11-12,593.5984,simulation
1961-11-13,600.416,simulation
1961-11-14,724.5787,simulation
1961-11-15,725.5887,simulation
1961-11-16,749.13104,simulation
1961-11-17,742.72723,simulation
1961-11-18,738.2514,simulation
1961-11-19,734.9305,simulation
1961-11-20,731.208,simulation
1961-11-21,726.8838,simulation
1961-11-22,724.0617,simulation
1961-11-23,774.51324,simulation
1961-11-24,767.31366,simulation
1961-11-25,758.14935,simulation
1961-11-26,750.6493,simulation
1961-11-27,745.3283,simulation
1961-11-28,741.1996,simulation
1961-11-29,737.31976,simulation
1961-11-30,732.72577,simulation
1961-12-01,729.233,simulation
1961-12-02,726.3563,simulation
1961-12-03,723.65314,simulation
1961-12-04,721.13873,simulation
1961-12-05,718.7649,simulation
1961-12-06,726.29584,simulation
1961-12-07,730.1551,simulation
1961-12-08,726.7628,simulation
1961-12-09,735.9592,simulation
1961-12-10,789.3355,simulation
1961-12-11,778.7467,simulation
1961-12-12,799.6662,simulation
1961-12-13,828.2046,simulation
1961-12-14,803.5549,simulation
1961-12-15,817.36566,simulation
1961-12-16,809.5609,simulation
1961-12-17,802.19714,simulation
1961-12-18,845.5614,simulation
1961-12-19,815.99927,simulation
1961-12-20,792.62823,simulation
1961-12-21,777.6143,simulation
1961-12-22,766.993,simulation
1961-12-23,759.022,simulation
1961-12-24,751.19604,simulation
1961-12-25,745.9297,simulation
1961-12-26,741.2304,simulation
1961-12-27,737.0925,simulation
1961-12-28,742.80066,simulation
1961-12-29,738.62964,simulation
1961-12-30,734.7469,simulation
1961-12-31,730.97,simulation
1962-01-01,742.07,simulation
1962-01-02,738.36053,simulation
1962-01-03,734.522,simulation
1962-01-04,730.80524,simulation
1962-01-05,731.43555,simulation
1962-01-06,830.3891,simulation
1962-01-07,806.24286,simulation
1962-01-08,787.5907,simulation
1962-01-09,773.9952,simulation
1962-01-10,774.58264,simulation
1962-01-11,764.9448,simulation
1962-01-12,757.69,simulation
1962-01-13,751.68146,simulation
1962-01-14,746.4434,simulation
1962-01-15,749.46655,simulation
1962-01-16,755.98364,simulation
1962-01-17,749.90027,simulation
1962-01-18,744.62286,simulation
1962-01-19,807.4138,simulation
1962-01-20,798.64246,simulation
1962-01-21,783.0317,simulation
1962-01-22,771.421,simulation
1962-01-23,762.97095,simulation
1962-01-24,760.6275,simulation
1962-01-25,754.2951,simulation
1962-01-26,748.93695,simulation
1962-01-27,779.79224,simulation
1962-01-28,772.3541,simulation
1962-01-29,761.3799,simulation
1962-01-30,753.40106,simulation
1962-01-31,746.01465,simulation
1962-02-01,740.1316,simulation
1962-02-02,734.8033,simulation
1962-02-03,730.561,simulation
1962-02-04,727.52594,simulation
1962-02-05,725.07605,simulation
1962-02-06,725.30383,simulation
1962-02-07,720.9024,simulation
1962-02-08,717.29346,simulation
1962-02-09,716.4851,simulation
1962-02-10,713.3567,simulation
1962-02-11,709.9676,simulation
1962-02-12,706.506,simulation
1962-02-13,702.8978,simulation
1962-02-14,698.7875,simulation
1962-02-15,697.56146,simulation
1962-02-16,698.7239,simulation
1962-02-17,697.6601,simulation
1962-02-18,696.1361,simulation
1962-02-19,701.8737,simulation
1962-02-20,697.7207,simulation
1962-02-21,701.8001,simulation
1962-02-22,725.444,simulation
1962-02-23,725.30884,simulation
1962-02-24,729.60895,simulation
1962-02-25,724.65466,simulation
1962-02-26,721.9682,simulation
1962-02-27,725.61804,simulation
1962-02-28,721.4237,simulation
1962-03-01,720.17163,simulation
1962-03-02,721.7601,simulation
1962-03-03,725.7597,simulation
1962-03-04,723.6712,simulation
1962-03-05,723.37866,simulation
1962-03-06,718.57745,simulation
1962-03-07,714.40607,simulation
1962-03-08,712.39764,simulation
1962-03-09,711.02075,simulation
1962-03-10,712.4145,simulation
1962-03-11,711.066,simulation
1962-03-12,709.3923,simulation
1962-03-13,704.2684,simulation
1962-03-14,700.93304,simulation
1962-03-15,710.35406,simulation
1962-03-16,707.83307,simulation
1962-03-17,703.0739,simulation
1962-03-18,698.9786,simulation
1962-03-19,694.66406,simulation
1962-03-20,691.47955,simulation
1962-03-21,690.2446,simulation
1962-03-22,686.08527,simulation
1962-03-23,684.69165,simulation
1962-03-24,680.01227,simulation
1962-03-25,675.74005,simulation
1962-03-26,677.689,simulation
1962-03-27,674.6007,simulation
1962-03-28,669.78094,simulation
1962-03-29,665.5557,simulation
1962-03-30,661.9392,simulation
1962-03-31,664.8853,simulation
1962-04-01,731.7808,simulation
1962-04-02,724.9137,simulation
1962-04-03,718.8777,simulation
1962-04-04,714.06415,simulation
1962-04-05,711.3164,simulation
1962-04-06,714.48456,simulation
1962-04-07,730.20154,simulation
1962-04-08,727.1438,simulation
1962-04-09,720.2139,simulation
1962-04-10,715.0338,simulation
1962-04-11,713.3659,simulation
1962-04-12,725.55835,simulation
1962-04-13,757.46936,simulation
1962-04-14,746.705,simulation
1962-04-15,737.63617,simulation
1962-04-16,729.65753,simulation
1962-04-17,722.5622,simulation
1962-04-18,719.9713,simulation
1962-04-19,715.6476,simulation
1962-04-20,709.187,simulation
1962-04-21,702.49164,simulation
1962-04-22,695.1596,simulation
1962-04-23,689.37695,simulation
1962-04-24,687.719,simulation
1962-04-25,692.65533,simulation
1962-04-26,691.6781,simulation
1962-04-27,687.6941,simulation
1962-04-28,753.43915,simulation
1962-04-29,774.3855,simulation
1962-04-30,761.8159,simulation
1962-05-01,752.08014,simulation
1962-05-02,748.0443,simulation
1962-05-03,738.3478,simulation
1962-05-04,732.7424,simulation
1962-05-05,724.69653,simulation
1962-05-06,717.1272,simulation
1962-05-07,709.53204,simulation
1962-05-08,702.6852,simulation
1962-05-09,694.8054,simulation
1962-05-10,687.73267,simulation
1962-05-11,682.3339,simulation
1962-05-12,675.299,simulation
1962-05-13,668.51526,simulation
1962-05-14,666.07605,simulation
1962-05-15,661.0857,simulation
1962-05-16,655.5887,simulation
1962-05-17,648.7692,simulation
1962-05-18,644.5468,simulation
1962-05-19,638.40607,simulation
1962-05-20,631.3416,simulation
1962-05-21,625.61566,simulation
1962-05-22,619.14954,simulation
1962-05-23,613.0646,simulation
1962-05-24,609.8292,simulation
1962-05-25,606.4496,simulation
1962-05-26,601.6019,simulation
1962-05-27,597.53143,simulation
1962-05-28,592.04675,simulation
1962-05-29,584.9405,simulation
1962-05-30,584.7934,simulation
1962-05-31,643.8283,simulation
1962-06-01,643.23535,simulation
1962-06-02,654.15924,simulation
1962-06-03,650.7915,simulation
1962-06-04,648.7646,simulation
1962-06-05,654.99866,simulation
1962-06-06,651.1611,simulation
1962-06-07,650.2861,simulation
1962-06-08,646.7301,simulation
1962-06-09,644.67065,simulation
1962-06-10,640.9457,simulation
1962-06-11,637.79565,simulation
1962-06-12,638.0293,simulation
1962-06-13,635.932,simulation
1962-06-14,632.85504,simulation
1962-06-15,628.9302,simulation
1962-06-16,622.3728,simulation
1962-06-17,616.2022,simulation
1962-06-18,611.4809,simulation
1962-06-19,606.312,simulation
1962-06-20,625.8926,simulation
1962-06-21,622.9704,simulation
1962-06-22,615.49774,simulation
1962-06-23,608.3663,simulation
1962-06-24,603.96686,simulation
1962-06-25,601.9596,simulation
1962-06-26,605.1917,simulation
1962-06-27,600.5086,simulation
1962-06-28,597.8431,simulation
1962-06-29,601.64386,simulation
1962-06-30,599.8516,simulation
1962-07-01,594.9667,simulation
1962-07-02,589.26575,simulation
1962-07-03,584.3447,simulation
1962-07-04,578.5595,simulation
1962-07-05,573.5447,simulation
1962-07-06,567.3572,simulation
1962-07-07,563.7448,simulation
1962-07-08,557.79553,simulation
1962-07-09,551.5655,simulation
1962-07-10,549.9233,simulation
1962-07-11,544.3999,simulation
1962-07-12,543.70026,simulation
1962-07-13,554.24426,simulation
1962-07-14,549.6039,simulation
1962-07-15,543.3995,simulation
1962-07-16,538.0974,simulation
1962-07-17,537.3032,simulation
1962-07-18,532.67456,simulation
1962-07-19,526.02075,simulation
1962-07-20,518.1416,simulation
1962-07-21,511.00153,simulation
1962-07-22,505.92587,simulation
1962-07-23,502.68246,simulation
1962-07-24,496.9834,simulation
1962-07-25,491.86465,simulation
1962-07-26,488.3453,simulation
1962-07-27,493.90463,simulation
1962-07-28,490.19888,simulation
1962-07-29,487.97604,simulation
1962-07-30,493.83554,simulation
1962-07-31,489.10623,simulation
1962-08-01,483.5955,simulation
1962-08-02,509.8189,simulation
1962-08-03,531.52795,simulation
1962-08-04,536.9363,simulation
1962-08-05,533.4649,simulation
1962-08-06,531.9627,simulation
1962-08-07,525.6823,simulation
1962-08-08,519.32635,simulation
1962-08-09,512.5172,simulation
1962-08-10,504.8886,simulation
1962-08-11,498.69586,simulation
1962-08-12,491.64893,simulation
1962-08-13,484.6373,simulation
1962-08-14,480.8525,simulation
1962-08-15,477.6783,simulation
1962-08-16,487.21677,simulation
1962-08-17,484.6976,simulation
1962-08-18,483.05875,simulation
1962-08-19,477.50397,simulation
1962-08-20,473.34204,simulation
1962-08-21,469.0819,simulation
1962-08-22,467.5181,simulation
1962-08-23,464.47253,simulation
1962-08-24,460.92047,simulation
1962-08-25,461.64996,simulation
1962-08-26,462.8378,simulation
1962-08-27,461.88437,simulation
1962-08-28,457.1005,simulation
1962-08-29,452.40518,simulation
1962-08-30,452.24072,simulation
1962-08-31,448.27075,simulation
1962-09-01,444.5907,simulation
1962-09-02,440.47,simulation
1962-09-03,437.12878,simulation
1962-09-04,432.75284,simulation
1962-09-05,428.06668,simulation
1962-09-06,448.06717,simulation
1962-09-07,445.32465,simulation
1962-09-08,445.076,simulation
1962-09-09,444.42456,simulation
1962-09-10,449.80795,simulation
1962-09-11,449.51804,simulation
1962-09-12,454.17346,simulation
1962-09-13,450.15558,simulation
1962-09-14,446.04922,simulation
1962-09-15,486.2316,simulation
1962-09-16,485.71722,simulation
1962-09-17,485.35452,simulation
1962-09-18,482.67178,simulation
1962-09-19,479.30515,simulation
1962-09-20,474.72845,simulation
1962-09-21,470.0209,simulation
1962-09-22,465.07907,simulation
1962-09-23,461.10428,simulation
1962-09-24,456.85574,simulation
1962-09-25,453.54556,simulation
1962-09-26,450.59113,simulation
1962-09-27,451.0623,simulation
1962-09-28,447.23224,simulation
1962-09-29,443.68506,simulation
1962-09-30,439.57312,simulation
1962-10-01,435.46268,simulation
1962-10-02,447.71844,simulation
1962-10-03,447.35904,simulation
1962-10-04,445.3815,simulation
1962-10-05,441.35245,simulation
1962-10-06,437.7917,simulation
1962-10-07,434.10696,simulation
1962-10-08,437.70734,simulation
1962-10-09,467.75833,simulation
1962-10-10,467.31573,simulation
1962-10-11,463.88736,simulation
1962-10-12,461.33112,simulation
1962-10-13,458.80157,simulation
1962-10-14,457.10608,simulation
1962-10-15,455.51013,simulation
1962-10-16,454.7463,simulation
1962-10-17,459.91147,simulation
1962-10-18,458.15732,simulation
1962-10-19,454.96332,simulation
1962-10-20,451.55008,simulation
1962-10-21,471.22687,simulation
1962-10-22,483.17484,simulation
1962-10-23,480.38522,simulation
1962-10-24,477.1235,simulation
1962-10-25,476.26654,simulation
1962-10-26,473.8309,simulation
1962-10-27,473.0724,simulation
1962-10-28,471.953,simulation
1962-10-29,470.11084,simulation
1962-10-30,470.40228,simulation
1962-10-31,470.45813,simulation
1962-11-01,467.2407,simulation
1962-11-02,467.539,simulation
1962-11-03,467.80722,simulation
1962-11-04,478.95047,simulation
1962-11-05,478.61536,simulation
1962-11-06,477.29623,simulation
1962-11-07,476.99286,simulation
1962-11-08,477.37958,simulation
1962-11-09,480.80557,simulation
1962-11-10,479.4303,simulation
1962-11-11,478.3072,simulation
1962-11-12,491.70554,simulation
1962-11-13,491.25232,simulation
1962-11-14,489.24423,simulation
1962-11-15,487.87408,simulation
1962-11-16,487.25955,simulation
1962-11-17,487.039,simulation
1962-11-18,490.5304,simulation
1962-11-19,497.21866,simulation
1962-11-20,506.61377,simulation
1962-11-21,528.4905,simulation
1962-11-22,534.51013,simulation
1962-11-23,532.5037,simulation
1962-11-24,531.16614,simulation
1962-11-25,530.99,simulation
1962-11-26,531.09186,simulation
1962-11-27,531.01624,simulation
1962-11-28,531.0409,simulation
1962-11-29,530.87714,simulation
1962-11-30,531.1354,simulation
1962-12-01,530.6643,simulation
1962-12-02,530.2715,simulation
1962-12-03,529.59216,simulation
1962-12-04,531.37964,simulation
1962-12-05,533.0661,simulation
1962-12-06,539.3725,simulation
1962-12-07,538.30896,simulation
1962-12-08,538.1079,simulation
1962-12-09,537.7766,simulation
1962-12-10,536.7588,simulation
1962-12-11,535.7655,simulation
1962-12-12,535.97815,simulation
1962-12-13,535.79126,simulation
1962-12-14,535.65845,simulation
1962-12-15,535.1988,simulation
1962-12-16,535.6535,simulation
1962-12-17,535.87604,simulation
1962-12-18,536.0024,simulation
1962-12-19,536.1837,simulation
1962-12-20,536.56555,simulation
1962-12-21,537.0995,simulation
1962-12-22,540.6327,simulation
1962-12-23,540.87085,simulation
1962-12-24,540.415,simulation
1962-12-25,567.9514,simulation
1962-12-26,568.37946,simulation
1962-12-27,569.84406,simulation
1962-12-28,582.6762,simulation
1962-12-29,601.4624,simulation
1962-12-30,605.3733,simulation
1962-12-31,604.80835,simulation
1963-01-01,604.0373,simulation
1963-01-02,603.65234,simulation
1963-01-03,603.51276,simulation
1963-01-04,602.94104,simulation
1963-01-05,602.9485,simulation
1963-01-06,607.39374,simulation
1963-01-07,607.6033,simulation
1963-01-08,607.67145,simulation
1963-01-09,606.8324,simulation
1963-01-10,606.4545,simulation
1963-01-11,605.57806,simulation
1963-01-12,633.23737,simulation
1963-01-13,635.59406,simulation
1963-01-14,637.1299,simulation
1963-01-15,637.20984,simulation
1963-01-16,636.6946,simulation
1963-01-17,636.0021,simulation
1963-01-18,650.08386,simulation
1963-01-19,651.6697,simulation
1963-01-20,693.23474,simulation
1963-01-21,697.8305,simulation
1963-01-22,696.17145,simulation
1963-01-23,694.6831,simulation
1963-01-24,696.2979,simulation
1963-01-25,694.86035,simulation
1963-01-26,694.1248,simulation
1963-01-27,719.06836,simulation
1963-01-28,716.6045,simulation
1963-01-29,714.0409,simulation
1963-01-30,723.5577,simulation
1963-01-31,733.99286,simulation
1963-02-01,731.2372,simulation
1963-02-02,728.4682,simulation
1963-02-03,743.0703,simulation
1963-02-04,737.16895,simulation
1963-02-05,733.1902,simulation
1963-02-06,728.37823,simulation
1963-02-07,723.91693,simulation
1963-02-08,719.6118,simulation
1963-02-09,717.64795,simulation
1963-02-10,714.9308,simulation
1963-02-11,713.05426,simulation
1963-02-12,721.0752,simulation
1963-02-13,717.7363,simulation
1963-02-14,714.05945,simulation
1963-02-15,709.99133,simulation
1963-02-16,707.5668,simulation
1963-02-17,704.48016,simulation
1963-02-18,702.1435,simulation
1963-02-19,734.0792,simulation
1963-02-20,731.7457,simulation
1963-02-21,727.3748,simulation
1963-02-22,724.6589,simulation
1963-02-23,720.81726,simulation
1963-02-24,727.75464,simulation
1963-02-25,729.0095,simulation
1963-02-26,726.25256,simulation
1963-02-27,722.58887,simulation
1963-02-28,717.8725,simulation
1963-03-01,714.1619,simulation
1963-03-02,737.62244,simulation
1963-03-03,732.79926,simulation
1963-03-04,727.37555,simulation
1963-03-05,725.63983,simulation
1963-03-06,731.21967,simulation
1963-03-07,725.747,simulation
1963-03-08,720.40265,simulation
1963-03-09,716.4032,simulation
1963-03-10,715.0042,simulation
1963-03-11,713.5512,simulation
1963-03-12,714.0509,simulation
1963-03-13,730.5698,simulation
1963-03-14,724.57074,simulation
1963-03-15,731.3754,simulation
1963-03-16,726.657,simulation
1963-03-17,723.5552,simulation
1963-03-18,718.83856,simulation
1963-03-19,714.7923,simulation
1963-03-20,715.5542,simulation
1963-03-21,709.4007,simulation
1963-03-22,703.6276,simulation
1963-03-23,699.07544,simulation
1963-03-24,694.2616,simulation
1963-03-25,690.3975,simulation
1963-03-26,699.88086,simulation
1963-03-27,700.5326,simulation
1963-03-28,695.346,simulation
1963-03-29,690.4841,simulation
1963-03-30,685.1762,simulation
1963-03-31,679.7392,simulation
1963-04-01,675.1813,simulation
1963-04-02,669.75446,simulation
1963-04-03,664.81195,simulation
1963-04-04,661.74585,simulation
1963-04-05,657.4571,simulation
1963-04-06,658.7252,simulation
1963-04-07,665.1062,simulation
1963-04-08,662.97815,simulation
1963-04-09,658.8641,simulation
1963-04-10,657.6286,simulation
1963-04-11,654.06177,simulation
1963-04-12,653.6953,simulation
1963-04-13,656.0526,simulation
1963-04-14,650.13226,simulation
1963-04-15,645.10895,simulation
1963-04-16,640.7206,simulation
1963-04-17,634.9083,simulation
1963-04-18,629.2977,simulation
1963-04-19,625.9541,simulation
1963-04-20,625.0455,simulation
1963-04-21,626.8901,simulation
1963-04-22,624.8735,simulation
1963-04-23,621.01965,simulation
1963-04-24,619.30347,simulation
1963-04-25,620.97754,simulation
1963-04-26,620.3294,simulation
1963-04-27,622.7492,simulation
1963-04-28,625.8872,simulation
1963-04-29,625.14386,simulation
1963-04-30,621.8772,simulation
1963-05-01,618.17035,simulation
1963-05-02,614.4193,simulation
1963-05-03,611.2338,simulation
1963-05-04,606.71216,simulation
1963-05-05,603.13605,simulation
1963-05-06,600.0365,simulation
1963-05-07,596.0834,simulation
1963-05-08,590.4144,simulation
1963-05-09,584.8328,simulation
1963-05-10,579.4855,simulation
1963-05-11,574.348,simulation
1963-05-12,569.21375,simulation
1963-05-13,563.6613,simulation
1963-05-14,560.36694,simulation
1963-05-15,556.252,simulation
1963-05-16,550.6747,simulation
1963-05-17,547.24115,simulation
1963-05-18,542.62036,simulation
1963-05-19,540.1269,simulation
1963-05-20,539.19165,simulation
1963-05-21,537.691,simulation
1963-05-22,534.5491,simulation
1963-05-23,532.2454,simulation
1963-05-24,527.37946,simulation
1963-05-25,523.2348,simulation
1963-05-26,520.8645,simulation
1963-05-27,517.50586,simulation
1963-05-28,513.9672,simulation
1963-05-29,514.03577,simulation
1963-05-30,510.05682,simulation
1963-05-31,505.16138,simulation
1963-06-01,500.46072,simulation
1963-06-02,493.2206,simulation
1963-06-03,487.5646,simulation
1963-06-04,481.76035,simulation
1963-06-05,476.45493,simulation
1963-06-06,474.8973,simulation
1963-06-07,469.33234,simulation
1963-06-08,462.74805,simulation
1963-06-09,456.3833,simulation
1963-06-10,450.34253,simulation
1963-06-11,447.8244,simulation
1963-06-12,441.2726,simulation
1963-06-13,436.2546,simulation
1963-06-14,429.92993,simulation
1963-06-15,424.20245,simulation
1963-06-16,420.58954,simulation
1963-06-17,415.6212,simulation
1963-06-18,427.02725,simulation
1963-06-19,434.0309,simulation
1963-06-20,437.3729,simulation
1963-06-21,454.8311,simulation
1963-06-22,479.0572,simulation
1963-06-23,485.57483,simulation
1963-06-24,484.19968,simulation
1963-06-25,498.54562,simulation
1963-06-26,495.3135,simulation
1963-06-27,492.83475,simulation
1963-06-28,489.95343,simulation
1963-06-29,487.1624,simulation
1963-06-30,486.38193,simulation
1963-07-01,484.09906,simulation
1963-07-02,485.79965,simulation
1963-07-03,482.39587,simulation
1963-07-04,490.00568,simulation
1963-07-05,487.36606,simulation
1963-07-06,480.90692,simulation
1963-07-07,474.76755,simulation
1963-07-08,468.81897,simulation
1963-07-09,479.1699,simulation
1963-07-10,476.15582,simulation
1963-07-11,470.73822,simulation
1963-07-12,465.0489,simulation
1963-07-13,463.99298,simulation
1963-07-14,468.53644,simulation
1963-07-15,476.06592,simulation
1963-07-16,473.56296,simulation
1963-07-17,475.40778,simulation
1963-07-18,486.28485,simulation
1963-07-19,483.26376,simulation
1963-07-20,482.7978,simulation
1963-07-21,476.7664,simulation
1963-07-22,474.42715,simulation
1963-07-23,469.37668,simulation
1963-07-24,468.06415,simulation
1963-07-25,472.64374,simulation
1963-07-26,485.49136,simulation
1963-07-27,485.90408,simulation
1963-07-28,486.3226,simulation
1963-07-29,482.45547,simulation
1963-07-30,479.24646,simulation
1963-07-31,485.88004,simulation
1963-08-01,486.04178,simulation
1963-08-02,480.8624,simulation
1963-08-03,475.08377,simulation
1963-08-04,469.74966,simulation
1963-08-05,463.65433,simulation
1963-08-06,458.102,simulation
1963-08-07,454.43045,simulation
1963-08-08,451.78378,simulation
1963-08-09,448.72772,simulation
1963-08-10,448.8207,simulation
1963-08-11,444.7777,simulation
1963-08-12,443.58508,simulation
1963-08-13,438.97388,simulation
1963-08-14,439.2404,simulation
1963-08-15,471.1464,simulation
1963-08-16,466.88852,simulation
1963-08-17,462.25183,simulation
1963-08-18,457.26938,simulation
1963-08-19,452.71133,simulation
1963-08-20,450.37704,simulation
1963-08-21,459.33765,simulation
1963-08-22,455.37833,simulation
1963-08-23,451.2788,simulation
1963-08-24,446.56763,simulation
1963-08-25,441.35645,simulation
1963-08-26,437.9519,simulation
1963-08-27,433.67908,simulation
1963-08-28,429.24606,simulation
1963-08-29,430.61908,simulation
1963-08-30,448.92374,simulation
1963-08-31,452.68234,simulation
1963-09-01,446.95197,simulation
1963-09-02,440.96414,simulation
1963-09-03,435.59827,simulation
1963-09-04,431.50723,simulation
1963-09-05,431.40018,simulation
1963-09-06,428.68414,simulation
1963-09-07,424.26077,simulation
1963-09-08,421.7332,simulation
1963-09-09,416.3995,simulation
1963-09-10,414.0951,simulation
1963-09-11,409.08408,simulation
1963-09-12,404.58777,simulation
1963-09-13,408.25885,simulation
1963-09-14,426.0269,simulation
1963-09-15,428.87762,simulation
1963-09-16,429.92526,simulation
1963-09-17,430.30295,simulation
1963-09-18,430.71072,simulation
1963-09-19,431.04965,simulation
1963-09-20,425.92807,simulation
1963-09-21,420.91873,simulation
1963-09-22,417.0637,simulation
1963-09-23,411.3098,simulation
1963-09-24,408.72946,simulation
1963-09-25,405.8658,simulation
1963-09-26,401.79547,simulation
1963-09-27,401.5212,simulation
1963-09-28,410.6536,simulation
1963-09-29,411.2621,simulation
1963-09-30,408.80087,simulation
1963-10-01,404.6642,simulation
1963-10-02,401.67935,simulation
1963-10-03,399.94156,simulation
1963-10-04,395.89035,simulation
1963-10-05,391.34567,simulation
1963-10-06,388.91095,simulation
1963-10-07,385.25284,simulation
1963-10-08,381.3291,simulation
1963-10-09,377.48367,simulation
1963-10-10,373.19977,simulation
1963-10-11,369.148,simulation
1963-10-12,365.33948,simulation
1963-10-13,361.51062,simulation
1963-10-14,359.84406,simulation
1963-10-15,357.4345,simulation
1963-10-16,354.04193,simulation
1963-10-17,351.48096,simulation
1963-10-18,348.45062,simulation
1963-10-19,345.2425,simulation
1963-10-20,341.76822,simulation
1963-10-21,340.05832,simulation
1963-10-22,338.58157,simulation
1963-10-23,338.26205,simulation
1963-10-24,337.91354,simulation
1963-10-25,338.4768,simulation
1963-10-26,339.2516,simulation
1963-10-27,339.22314,simulation
1963-10-28,340.2957,simulation
1963-10-29,338.23776,simulation
1963-10-30,335.38034,simulation
1963-10-31,333.70062,simulation
1963-11-01,330.75888,simulation
1963-11-02,339.55777,simulation
1963-11-03,338.77133,simulation
1963-11-04,339.2355,simulation
1963-11-05,339.62842,simulation
1963-11-06,341.9687,simulation
1963-11-07,342.60873,simulation
1963-11-08,341.6747,simulation
1963-11-09,342.39914,simulation
1963-11-10,348.27295,simulation
1963-11-11,348.01724,simulation
1963-11-12,346.97852,simulation
1963-11-13,345.1215,simulation
1963-11-14,344.6592,simulation
1963-11-15,344.86432,simulation
1963-11-16,345.28952,simulation
1963-11-17,343.8831,simulation
1963-11-18,342.983,simulation
1963-11-19,343.35965,simulation
1963-11-20,342.8482,simulation
1963-11-21,348.09528,simulation
1963-11-22,348.75287,simulation
1963-11-23,379.60278,simulation
1963-11-24,380.3095,simulation
1963-11-25,381.42017,simulation
1963-11-26,381.9763,simulation
1963-11-27,382.7548,simulation
1963-11-28,383.52542,simulation
1963-11-29,398.58307,simulation
1963-11-30,396.93405,simulation
1963-12-01,395.66293,simulation
1963-12-02,395.9936,simulation
1963-12-03,407.0565,simulation
1963-12-04,407.06854,simulation
1963-12-05,409.23175,simulation
1963-12-06,409.31497,simulation
1963-12-07,409.91385,simulation
1963-12-08,410.02475,simulation
1963-12-09,415.8547,simulation
1963-12-10,415.4584,simulation
1963-12-11,415.93228,simulation
1963-12-12,458.83466,simulation
1963-12-13,465.24893,simulation
1963-12-14,485.79053,simulation
1963-12-15,502.9085,simulation
1963-12-16,503.07907,simulation
1963-12-17,503.31766,simulation
1963-12-18,503.3281,simulation
1963-12-19,503.35986,simulation
1963-12-20,503.24588,simulation
1963-12-21,513.3538,simulation
1963-12-22,514.3283,simulation
1963-12-23,534.18243,simulation
1963-12-24,534.56775,simulation
1963-12-25,534.59344,simulation
1963-12-26,534.3334,simulation
1963-12-27,533.97,simulation
1963-12-28,533.82935,simulation
1963-12-29,533.7525,simulation
1963-12-30,533.2893,simulation
1963-12-31,532.87695,simulation
1964-01-01,544.1685,simulation
1964-01-02,543.9982,simulation
1964-01-03,543.1924,simulation
1964-01-04,542.8352,simulation
1964-01-05,551.52765,simulation
1964-01-06,551.90125,simulation
1964-01-07,566.0358,simulation
1964-01-08,566.1444,simulation
1964-01-09,606.9971,simulation
1964-01-10,607.8126,simulation
1964-01-11,607.42926,simulation
1964-01-12,619.51044,simulation
1964-01-13,621.612,simulation
1964-01-14,623.8741,simulation
1964-01-15,623.3503,simulation
1964-01-16,623.1033,simulation
1964-01-17,646.138,simulation
1964-01-18,648.1775,simulation
1964-01-19,647.563,simulation
1964-01-20,646.90466,simulation
1964-01-21,643.71106,simulation
1964-01-22,642.0001,simulation
1964-01-23,648.2045,simulation
1964-01-24,650.56366,simulation
1964-01-25,681.2055,simulation
1964-01-26,679.80817,simulation
1964-01-27,677.3237,simulation
1964-01-28,676.6049,simulation
1964-01-29,674.1626,simulation
1964-01-30,673.23456,simulation
1964-01-31,676.22546,simulation
1964-02-01,680.20123,simulation
1964-02-02,677.473,simulation
1964-02-03,676.58954,simulation
1964-02-04,674.4729,simulation
1964-02-05,673.5647,simulation
1964-02-06,678.3304,simulation
1964-02-07,677.2789,simulation
1964-02-08,676.5904,simulation
1964-02-09,674.101,simulation
1964-02-10,671.0382,simulation
1964-02-11,668.46436,simulation
1964-02-12,666.02136,simulation
1964-02-13,665.03754,simulation
1964-02-14,678.63763,simulation
1964-02-15,676.95276,simulation
1964-02-16,688.97406,simulation
1964-02-17,687.1629,simulation
1964-02-18,714.50116,simulation
1964-02-19,713.6675,simulation
1964-02-20,710.92505,simulation
1964-02-21,708.3016,simulation
1964-02-22,707.0222,simulation
1964-02-23,704.7204,simulation
1964-02-24,701.81964,simulation
1964-02-25,706.809,simulation
1964-02-26,724.6666,simulation
1964-02-27,723.0376,simulation
1964-02-28,723.6503,simulation
1964-02-29,719.73895,simulation
1964-03-01,717.3294,simulation
1964-03-02,738.2457,simulation
1964-03-03,780.20435,simulation
1964-03-04,771.0556,simulation
1964-03-05,766.8422,simulation
1964-03-06,755.9992,simulation
1964-03-07,748.0495,simulation
1964-03-08,744.9577,simulation
1964-03-09,739.03937,simulation
1964-03-10,747.7584,simulation
1964-03-11,741.42993,simulation
1964-03-12,735.63513,simulation
1964-03-13,728.89703,simulation
1964-03-14,725.3995,simulation
1964-03-15,782.76025,simulation
1964-03-16,778.85846,simulation
1964-03-17,766.2025,simulation
1964-03-18,754.95746,simulation
1964-03-19,747.5233,simulation
1964-03-20,760.0633,simulation
1964-03-21,751.15485,simulation
1964-03-22,745.38727,simulation
1964-03-23,738.445,simulation
1964-03-24,734.0841,simulation
1964-03-25,731.41974,simulation
1964-03-26,739.8306,simulation
1964-03-27,734.70197,simulation
1964-03-28,728.16565,simulation
1964-03-29,724.77136,simulation
1964-03-30,719.52,simulation
1964-03-31,714.4699,simulation
1964-04-01,709.23773,simulation
1964-04-02,705.4396,simulation
1964-04-03,702.8478,simulation
1964-04-04,701.1374,simulation
1964-04-05,697.71625,simulation
1964-04-06,796.4292,simulation
1964-04-07,830.1621,simulation
1964-04-08,813.006,simulation
1964-04-09,798.21094,simulation
1964-04-10,778.3138,simulation
1964-04-11,763.7487,simulation
1964-04-12,751.95917,simulation
1964-04-13,752.2115,simulation
1964-04-14,784.233,simulation
1964-04-15,770.5192,simulation
1964-04-16,756.8158,simulation
1964-04-17,745.4527,simulation
1964-04-18,738.1929,simulation
1964-04-19,733.19446,simulation
1964-04-20,726.0572,simulation
1964-04-21,719.56366,simulation
1964-04-22,715.47705,simulation
1964-04-23,713.01074,simulation
1964-04-24,707.6671,simulation
1964-04-25,728.379,simulation
1964-04-26,744.8259,simulation
1964-04-27,798.6833,simulation
1964-04-28,776.37933,simulation
1964-04-29,763.4806,simulation
1964-04-30,752.0166,simulation
1964-05-01,745.1022,simulation
1964-05-02,739.49194,simulation
1964-05-03,736.24133,simulation
1964-05-04,727.93365,simulation
1964-05-05,721.715,simulation
1964-05-06,714.434,simulation
1964-05-07,709.9402,simulation
1964-05-08,703.69543,simulation
1964-05-09,699.6349,simulation
1964-05-10,696.1347,simulation
1964-05-11,692.7327,simulation
1964-05-12,689.94275,simulation
1964-05-13,704.0016,simulation
1964-05-14,696.3897,simulation
1964-05-15,689.6362,simulation
1964-05-16,683.859,simulation
1964-05-17,676.8291,simulation
1964-05-18,669.78253,simulation
1964-05-19,662.59784,simulation
1964-05-20,656.21594,simulation
1964-05-21,649.3207,simulation
1964-05-22,643.5986,simulation
1964-05-23,640.55695,simulation
1964-05-24,640.2228,simulation
1964-05-25,641.4879,simulation
1964-05-26,635.3274,simulation
1964-05-27,628.4424,simulation
1964-05-28,622.298,simulation
1964-05-29,623.6585,simulation
1964-05-30,619.8559,simulation
1964-05-31,627.1651,simulation
1964-06-01,656.07825,simulation
1964-06-02,655.15454,simulation
1964-06-03,649.10675,simulation
1964-06-04,643.0514,simulation
1964-06-05,640.16235,simulation
1964-06-06,633.173,simulation
1964-06-07,628.7104,simulation
1964-06-08,623.00104,simulation
1964-06-09,615.584,simulation
1964-06-10,613.6693,simulation
1964-06-11,610.7144,simulation
1964-06-12,605.6489,simulation
1964-06-13,600.44824,simulation
1964-06-14,595.13196,simulation
1964-06-15,589.7321,simulation
1964-06-16,587.7675,simulation
1964-06-17,615.1852,simulation
1964-06-18,609.7984,simulation
1964-06-19,604.8865,simulation
1964-06-20,599.5622,simulation
1964-06-21,594.0127,simulation
1964-06-22,589.826,simulation
1964-06-23,603.0291,simulation
1964-06-24,598.4093,simulation
1964-06-25,625.3291,simulation
1964-06-26,626.22943,simulation
1964-06-27,623.2986,simulation
1964-06-28,624.7331,simulation
1964-06-29,647.21814,simulation
1964-06-30,651.33435,simulation
1964-07-01,656.0989,simulation
1964-07-02,656.2953,simulation
1964-07-03,653.30005,simulation
1964-07-04,672.89874,simulation
1964-07-05,669.05786,simulation
1964-07-06,662.71747,simulation
1964-07-07,659.0077,simulation
1964-07-08,652.3971,simulation
1964-07-09,646.1068,simulation
1964-07-10,675.4464,simulation
1964-07-11,672.31165,simulation
1964-07-12,669.6206,simulation
1964-07-13,676.91766,simulation
1964-07-14,674.15247,simulation
1964-07-15,668.1311,simulation
1964-07-16,670.0657,simulation
1964-07-17,664.98883,simulation
1964-07-18,658.39514,simulation
1964-07-19,652.45184,simulation
1964-07-20,647.0148,simulation
1964-07-21,642.7034,simulation
1964-07-22,638.7089,simulation
1964-07-23,643.9833,simulation
1964-07-24,640.45215,simulation
1964-07-25,641.6607,simulation
1964-07-26,636.20044,simulation
1964-07-27,630.73566,simulation
1964-07-28,630.1635,simulation
1964-07-29,628.5862,simulation
1964-07-30,640.5974,simulation
1964-07-31,638.8899,simulation
1964-08-01,639.57965,simulation
1964-08-02,650.59906,simulation
1964-08-03,656.7858,simulation
1964-08-04,652.0896,simulation
1964-08-05,646.8079,simulation
1964-08-06,647.87396,simulation
1964-08-07,647.68384,simulation
1964-08-08,647.49713,simulation
1964-08-09,644.8267,simulation
1964-08-10,641.26886,simulation
1964-08-11,640.53625,simulation
1964-08-12,642.8187,simulation
1964-08-13,646.42773,simulation
1964-08-14,645.7713,simulation
1964-08-15,642.08496,simulation
1964-08-16,641.7788,simulation
1964-08-17,642.4473,simulation
1964-08-18,644.4298,simulation
1964-08-19,641.61957,simulation
1964-08-20,636.9574,simulation
1964-08-21,631.67255,simulation
1964-08-22,634.3385,simulation
1964-08-23,636.709,simulation
1964-08-24,639.9104,simulation
1964-08-25,636.65234,simulation
1964-08-26,634.12646,simulation
1964-08-27,632.50726,simulation
1964-08-28,627.2203,simulation
1964-08-29,621.7104,simulation
1964-08-30,617.2334,simulation
1964-08-31,612.01294,simulation
1964-09-01,606.8945,simulation
1964-09-02,601.2856,simulation
1964-09-03,594.608,simulation
1964-09-04,588.4818,simulation
1964-09-05,584.037,simulation
1964-09-06,579.6156,simulation
1964-09-07,583.0245,simulation
1964-09-08,583.5355,simulation
1964-09-09,578.82477,simulation
1964-09-10,572.70935,simulation
1964-09-11,569.95325,simulation
1964-09-12,566.36926,simulation
1964-09-13,562.31213,simulation
1964-09-14,556.4806,simulation
1964-09-15,551.2474,simulation
1964-09-16,547.2229,simulation
1964-09-17,544.35156,simulation
1964-09-18,571.09314,simulation
1964-09-19,599.8216,simulation
1964-09-20,599.1223,simulation
1964-09-21,597.27496,simulation
1964-09-22,592.31177,simulation
1964-09-23,587.21844,simulation
1964-09-24,582.47833,simulation
1964-09-25,577.3467,simulation
1964-09-26,573.96155,simulation
1964-09-27,569.6455,simulation
1964-09-28,568.8819,simulation
1964-09-29,579.8594,simulation
1964-09-30,608.4456,simulation
1964-10-01,616.2528,simulation
1964-10-02,616.6258,simulation
1964-10-03,616.3163,simulation
1964-10-04,617.0864,simulation
1964-10-05,751.67804,simulation
1964-10-06,741.9776,simulation
1964-10-07,734.47595,simulation
1964-10-08,728.228,simulation
1964-10-09,722.31134,simulation
1964-10-10,717.08344,simulation
1964-10-11,711.7605,simulation
1964-10-12,706.9254,simulation
1964-10-13,702.8962,simulation
1964-10-14,701.4275,simulation
1964-10-15,700.4891,simulation
1964-10-16,699.22815,simulation
1964-10-17,694.97327,simulation
1964-10-18,690.4977,simulation
1964-10-19,686.8674,simulation
1964-10-20,683.5548,simulation
1964-10-21,679.783,simulation
1964-10-22,675.7524,simulation
1964-10-23,671.828,simulation
1964-10-24,667.65106,simulation
1964-10-25,664.0322,simulation
1964-10-26,660.53516,simulation
1964-10-27,657.78125,simulation
1964-10-28,657.01984,simulation
1964-10-29,670.97705,simulation
1964-10-30,668.4756,simulation
1964-10-31,665.05383,simulation
1964-11-01,662.337,simulation
1964-11-02,659.86505,simulation
1964-11-03,656.9544,simulation
1964-11-04,654.0724,simulation
1964-11-05,653.1267,simulation
1964-11-06,651.88654,simulation
1964-11-07,649.7283,simulation
1964-11-08,649.50836,simulation
1964-11-09,647.5374,simulation
1964-11-10,645.36237,simulation
1964-11-11,642.7465,simulation
1964-11-12,640.96014,simulation
1964-11-13,639.7382,simulation
1964-11-14,637.22943,simulation
1964-11-15,637.14343,simulation
1964-11-16,634.7709,simulation
1964-11-17,633.3107,simulation
1964-11-18,632.1274,simulation
1964-11-19,631.387,simulation
1964-11-20,667.21735,simulation
1964-11-21,666.725,simulation
1964-11-22,664.36896,simulation
1964-11-23,663.48846,simulation
1964-11-24,662.861,simulation
1964-11-25,712.94556,simulation
1964-11-26,710.9313,simulation
1964-11-27,708.2362,simulation
1964-11-28,711.7597,simulation
1964-11-29,758.20447,simulation
1964-11-30,750.6047,simulation
1964-12-01,744.1558,simulation
1964-12-02,738.81036,simulation
1964-12-03,734.44946,simulation
1964-12-04,779.1549,simulation
1964-12-05,771.8047,simulation
1964-12-06,762.96484,simulation
1964-12-07,755.7952,simulation
1964-12-08,750.0616,simulation
1964-12-09,744.78143,simulation
1964-12-10,740.3959,simulation
1964-12-11,743.73834,simulation
1964-12-12,806.01654,simulation
1964-12-13,792.1324,simulation
1964-12-14,778.0876,simulation
1964-12-15,766.7609,simulation
1964-12-16,758.21674,simulation
1964-12-17,750.8674,simulation
1964-12-18,768.8269,simulation
1964-12-19,760.1095,simulation
1964-12-20,753.86206,simulation
1964-12-21,754.0116,simulation
1964-12-22,750.90405,simulation
1964-12-23,746.25256,simulation
1964-12-24,741.67804,simulation
1964-12-25,737.24286,simulation
1964-12-26,733.5326,simulation
1964-12-27,730.60895,simulation
1964-12-28,728.2337,simulation
1964-12-29,725.3835,simulation
1964-12-30,723.0567,simulation
1964-12-31,764.0845,simulation
1965-01-01,762.1297,simulation
1965-01-02,754.8437,simulation
1965-01-03,751.1775,simulation
1965-01-04,747.46796,simulation
1965-01-05,742.0783,simulation
1965-01-06,737.7759,simulation
1965-01-07,734.2469,simulation
1965-01-08,730.65784,simulation
1965-01-09,728.3406,simulation
1965-01-10,740.7919,simulation
1965-01-11,737.64813,simulation
1965-01-12,733.6882,simulation
1965-01-13,730.2794,simulation
1965-01-14,727.7983,simulation
1965-01-15,726.3204,simulation
1965-01-16,727.2283,simulation
1965-01-17,724.1881,simulation
1965-01-18,721.27234,simulation
1965-01-19,718.3423,simulation
1965-01-20,715.65894,simulation
1965-01-21,713.86505,simulation
1965-01-22,711.58514,simulation
1965-01-23,745.3909,simulation
1965-01-24,774.0283,simulation
1965-01-25,764.03107,simulation
1965-01-26,754.7108,simulation
1965-01-27,746.8699,simulation
1965-01-28,741.20404,simulation
1965-01-29,735.59784,simulation
1965-01-30,730.74744,simulation
1965-01-31,727.7488,simulation
1965-02-01,724.76355,simulation
1965-02-02,723.7969,simulation
1965-02-03,720.45557,simulation
1965-02-04,718.19025,simulation
1965-02-05,715.7794,simulation
1965-02-06,713.4457,simulation
1965-02-07,729.64703,simulation
1965-02-08,728.90704,simulation
1965-02-09,728.51086,simulation
1965-02-10,725.2839,simulation
1965-02-11,755.98444,simulation
1965-02-12,804.4985,simulation
1965-02-13,790.53595,simulation
1965-02-14,776.191,simulation
1965-02-15,765.0094,simulation
1965-02-16,757.01355,simulation
1965-02-17,770.0445,simulation
1965-02-18,778.65186,simulation
1965-02-19,766.0433,simulation
1965-02-20,756.328,simulation
1965-02-21,749.4812,simulation
1965-02-22,743.0588,simulation
1965-02-23,738.08655,simulation
1965-02-24,732.8104,simulation
1965-02-25,743.97125,simulation
1965-02-26,738.09357,simulation
1965-02-27,732.4368,simulation
1965-02-28,727.7145,simulation
1965-03-01,726.74457,simulation
1965-03-02,747.98663,simulation
1965-03-03,748.9584,simulation
1965-03-04,745.0896,simulation
1965-03-05,741.265,simulation
1965-03-06,736.8668,simulation
1965-03-07,733.33606,simulation
1965-03-08,730.3136,simulation
1965-03-09,725.5174,simulation
1965-03-10,726.9854,simulation
1965-03-11,733.52844,simulation
1965-03-12,730.90393,simulation
1965-03-13,756.5365,simulation
1965-03-14,750.6262,simulation
1965-03-15,743.27545,simulation
1965-03-16,737.27374,simulation
1965-03-17,731.22626,simulation
1965-03-18,739.4833,simulation
1965-03-19,733.79785,simulation
1965-03-20,729.38074,simulation
1965-03-21,724.06903,simulation
1965-03-22,719.8231,simulation
1965-03-23,714.1536,simulation
1965-03-24,712.40485,simulation
1965-03-25,711.357,simulation
1965-03-26,716.3727,simulation
1965-03-27,716.7959,simulation
1965-03-28,715.80383,simulation
1965-03-29,712.60077,simulation
1965-03-30,741.9381,simulation
1965-03-31,743.1649,simulation
1965-04-01,737.5361,simulation
1965-04-02,730.93005,simulation
1965-04-03,726.689,simulation
1965-04-04,725.7287,simulation
1965-04-05,721.4182,simulation
1965-04-06,717.6769,simulation
1965-04-07,714.5578,simulation
1965-04-08,711.3926,simulation
1965-04-09,708.1136,simulation
1965-04-10,705.1363,simulation
1965-04-11,702.80273,simulation
1965-04-12,699.6804,simulation
1965-04-13,697.1524,simulation
1965-04-14,696.85864,simulation
1965-04-15,693.55383,simulation
1965-04-16,691.992,simulation
1965-04-17,685.75543,simulation
1965-04-18,679.7206,simulation
1965-04-19,675.0307,simulation
1965-04-20,683.06464,simulation
1965-04-21,680.5074,simulation
1965-04-22,674.46564,simulation
1965-04-23,669.1346,simulation
1965-04-24,664.24384,simulation
1965-04-25,660.19385,simulation
1965-04-26,657.7881,simulation
1965-04-27,660.63794,simulation
1965-04-28,663.11414,simulation
1965-04-29,659.5457,simulation
1965-04-30,654.12964,simulation
1965-05-01,648.5905,simulation
1965-05-02,642.65027,simulation
1965-05-03,636.5182,simulation
1965-05-04,630.9677,simulation
1965-05-05,625.5892,simulation
1965-05-06,621.55896,simulation
1965-05-07,618.0327,simulation
1965-05-08,612.88306,simulation
1965-05-09,608.5735,simulation
1965-05-10,605.20386,simulation
1965-05-11,601.6241,simulation
1965-05-12,598.7765,simulation
1965-05-13,593.39966,simulation
1965-05-14,590.1958,simulation
1965-05-15,587.3972,simulation
1965-05-16,582.7525,simulation
1965-05-17,580.0187,simulation
1965-05-18,577.0934,simulation
1965-05-19,574.05334,simulation
1965-05-20,571.7508,simulation
1965-05-21,570.83826,simulation
1965-05-22,570.0922,simulation
1965-05-23,573.267,simulation
1965-05-24,576.30853,simulation
1965-05-25,572.79395,simulation
1965-05-26,567.22943,simulation
1965-05-27,563.1639,simulation
1965-05-28,565.7785,simulation
1965-05-29,572.28613,simulation
1965-05-30,567.47406,simulation
1965-05-31,560.8173,simulation
1965-06-01,555.7045,simulation
1965-06-02,548.6635,simulation
1965-06-03,544.04614,simulation
1965-06-04,538.3022,simulation
1965-06-05,533.3833,simulation
1965-06-06,528.6657,simulation
1965-06-07,557.86597,simulation
1965-06-08,567.2407,simulation
1965-06-09,563.26385,simulation
1965-06-10,558.84705,simulation
1965-06-11,559.4264,simulation
1965-06-12,559.97943,simulation
1965-06-13,557.6572,simulation
1965-06-14,577.661,simulation
1965-06-15,597.23834,simulation
1965-06-16,619.47375,simulation
1965-06-17,616.3417,simulation
1965-06-18,613.61975,simulation
1965-06-19,609.76,simulation
1965-06-20,602.7647,simulation
1965-06-21,596.32324,simulation
1965-06-22,590.0762,simulation
1965-06-23,582.9073,simulation
1965-06-24,579.9357,simulation
1965-06-25,582.0467,simulation
1965-06-26,576.79596,simulation
1965-06-27,571.0183,simulation
1965-06-28,570.46234,simulation
1965-06-29,572.98254,simulation
1965-06-30,568.08765,simulation
1965-07-01,565.4577,simulation
1965-07-02,563.7265,simulation
1965-07-03,558.64386,simulation
1965-07-04,563.8899,simulation
1965-07-05,561.31824,simulation
1965-07-06,558.0957,simulation
1965-07-07,557.44116,simulation
1965-07-08,585.8828,simulation
1965-07-09,589.1143,simulation
1965-07-10,592.0729,simulation
1965-07-11,600.0644,simulation
1965-07-12,599.2457,simulation
1965-07-13,593.60706,simulation
1965-07-14,590.0686,simulation
1965-07-15,590.03754,simulation
1965-07-16,592.3173,simulation
1965-07-17,590.1389,simulation
1965-07-18,586.35803,simulation
1965-07-19,582.3231,simulation
1965-07-20,576.892,simulation
1965-07-21,572.39105,simulation
1965-07-22,567.3091,simulation
1965-07-23,563.59863,simulation
1965-07-24,562.713,simulation
1965-07-25,581.9237,simulation
1965-07-26,579.45184,simulation
1965-07-27,582.6529,simulation
1965-07-28,603.17633,simulation
1965-07-29,600.8462,simulation
1965-07-30,606.6257,simulation
1965-07-31,601.9762,simulation
1965-08-01,597.7678,simulation
1965-08-02,595.205,simulation
1965-08-03,590.1445,simulation
1965-08-04,586.8102,simulation
1965-08-05,585.2721,simulation
1965-08-06,581.88135,simulation
1965-08-07,592.23346,simulation
1965-08-08,599.1438,simulation
1965-08-09,630.306,simulation
1965-08-10,627.21375,simulation
1965-08-11,624.3729,simulation
1965-08-12,621.4535,simulation
1965-08-13,628.24664,simulation
1965-08-14,631.16235,simulation
1965-08-15,627.2252,simulation
1965-08-16,621.58234,simulation
1965-08-17,618.06036,simulation
1965-08-18,630.2292,simulation
1965-08-19,626.88385,simulation
1965-08-20,636.61633,simulation
1965-08-21,640.05457,simulation
1965-08-22,643.6079,simulation
1965-08-23,643.62665,simulation
1965-08-24,642.58057,simulation
1965-08-25,643.4176,simulation
1965-08-26,639.6356,simulation
1965-08-27,634.91956,simulation
1965-08-28,630.7742,simulation
1965-08-29,642.607,simulation
1965-08-30,637.7777,simulation
1965-08-31,632.89453,simulation
1965-09-01,628.41876,simulation
1965-09-02,624.67816,simulation
1965-09-03,621.77826,simulation
1965-09-04,621.1647,simulation
1965-09-05,620.4557,simulation
1965-09-06,618.0621,simulation
1965-09-07,613.2702,simulation
1965-09-08,607.29517,simulation
1965-09-09,601.4615,simulation
1965-09-10,597.024,simulation
1965-09-11,618.71826,simulation
1965-09-12,643.95624,simulation
1965-09-13,643.5651,simulation
1965-09-14,639.00494,simulation
1965-09-15,633.9642,simulation
1965-09-16,628.983,simulation
1965-09-17,624.64215,simulation
1965-09-18,621.15466,simulation
1965-09-19,617.58624,simulation
1965-09-20,617.53125,simulation
1965-09-21,618.4036,simulation
1965-09-22,616.54224,simulation
1965-09-23,620.33026,simulation
1965-09-24,628.64264,simulation
1965-09-25,627.53357,simulation
1965-09-26,623.8858,simulation
1965-09-27,622.82404,simulation
1965-09-28,621.3251,simulation
1965-09-29,618.9304,simulation
1965-09-30,622.22424,simulation
1965-10-01,650.4339,simulation
1965-10-02,649.79,simulation
1965-10-03,647.274,simulation
1965-10-04,645.26154,simulation
1965-10-05,644.40875,simulation
1965-10-06,643.69257,simulation
1965-10-07,677.3052,simulation
1965-10-08,675.4848,simulation
1965-10-09,670.7839,simulation
1965-10-10,666.55096,simulation
1965-10-11,661.93976,simulation
1965-10-12,660.25854,simulation
1965-10-13,659.55554,simulation
1965-10-14,655.8751,simulation
1965-10-15,651.75116,simulation
1965-10-16,649.91034,simulation
1965-10-17,646.33966,simulation
1965-10-18,642.46985,simulation
1965-10-19,638.6003,simulation
1965-10-20,638.12067,simulation
1965-10-21,637.343,simulation
1965-10-22,633.7894,simulation
1965-10-23,633.3459,simulation
1965-10-24,629.76855,simulation
1965-10-25,626.22974,simulation
1965-10-26,623.63226,simulation
1965-10-27,620.9704,simulation
1965-10-28,618.05225,simulation
1965-10-29,615.1428,simulation
1965-10-30,612.29535,simulation
1965-10-31,609.79144,simulation
1965-11-01,607.1439,simulation
1965-11-02,603.9477,simulation
1965-11-03,602.77747,simulation
1965-11-04,602.43524,simulation
1965-11-05,602.18616,simulation
1965-11-06,610.9707,simulation
1965-11-07,614.94464,simulation
1965-11-08,615.01776,simulation
1965-11-09,613.80786,simulation
1965-11-10,615.054,simulation
1965-11-11,615.0042,simulation
1965-11-12,614.3849,simulation
1965-11-13,622.492,simulation
1965-11-14,622.10425,simulation
1965-11-15,620.52277,simulation
1965-11-16,619.89636,simulation
1965-11-17,619.46045,simulation
1965-11-18,617.0886,simulation
1965-11-19,616.3221,simulation
1965-11-20,616.19293,simulation
1965-11-21,615.812,simulation
1965-11-22,615.2722,simulation
1965-11-23,616.1118,simulation
1965-11-24,615.9577,simulation
1965-11-25,615.1389,simulation
1965-11-26,614.4315,simulation
1965-11-27,612.078,simulation
1965-11-28,611.71796,simulation
1965-11-29,611.9952,simulation
1965-11-30,611.16675,simulation
1965-12-01,610.2822,simulation
1965-12-02,609.7332,simulation
1965-12-03,609.1639,simulation
1965-12-04,610.2661,simulation
1965-12-05,608.83344,simulation
1965-12-06,608.3031,simulation
1965-12-07,606.2216,simulation
1965-12-08,604.9982,simulation
1965-12-09,604.30884,simulation
1965-12-10,604.1629,simulation
1965-12-11,603.6044,simulation
1965-12-12,603.2928,simulation
1965-12-13,625.77246,simulation
1965-12-14,625.89905,simulation
1965-12-15,628.581,simulation
1965-12-16,638.04596,simulation
1965-12-17,645.948,simulation
1965-12-18,646.17145,simulation
1965-12-19,693.48096,simulation
1965-12-20,698.6716,simulation
1965-12-21,696.96606,simulation
1965-12-22,695.26935,simulation
1965-12-23,693.89374,simulation
1965-12-24,692.19525,simulation
1965-12-25,696.3613,simulation
1965-12-26,695.8146,simulation
1965-12-27,694.20526,simulation
1965-12-28,692.91455,simulation
1965-12-29,691.93475,simulation
1965-12-30,690.2745,simulation
1965-12-31,689.0836,simulation
1966-01-01,687.8683,simulation
1966-01-02,686.9393,simulation
1966-01-03,719.20856,simulation
1966-01-04,719.7219,simulation
1966-01-05,742.1835,simulation
1966-01-06,753.0137,simulation
1966-01-07,747.031,simulation
1966-01-08,742.3132,simulation
1966-01-09,737.3657,simulation
1966-01-10,733.1998,simulation
1966-01-11,730.21796,simulation
1966-01-12,726.60583,simulation
1966-01-13,723.8088,simulation
1966-01-14,740.60016,simulation
1966-01-15,756.4391,simulation
1966-01-16,756.3743,simulation
1966-01-17,750.1558,simulation
1966-01-18,744.9032,simulation
1966-01-19,740.7127,simulation
1966-01-20,737.2094,simulation
1966-01-21,737.761,simulation
1966-01-22,742.7964,simulation
1966-01-23,748.98193,simulation
1966-01-24,744.7498,simulation
1966-01-25,746.03345,simulation
1966-01-26,761.4391,simulation
1966-01-27,754.99713,simulation
1966-01-28,749.0106,simulation
1966-01-29,765.63165,simulation
1966-01-30,773.96533,simulation
1966-01-31,764.30023,simulation
1966-02-01,756.9552,simulation
1966-02-02,760.598,simulation
1966-02-03,754.0941,simulation
1966-02-04,748.1745,simulation
1966-02-05,742.7398,simulation
1966-02-06,738.03564,simulation
1966-02-07,734.06067,simulation
1966-02-08,729.91833,simulation
1966-02-09,726.2136,simulation
1966-02-10,729.3549,simulation
1966-02-11,783.9806,simulation
1966-02-12,774.03296,simulation
1966-02-13,829.0496,simulation
1966-02-14,803.34,simulation
1966-02-15,784.9263,simulation
1966-02-16,832.9251,simulation
1966-02-17,822.96674,simulation
1966-02-18,797.263,simulation
1966-02-19,781.2162,simulation
1966-02-20,768.2156,simulation
1966-02-21,758.2398,simulation
1966-02-22,749.80817,simulation
1966-02-23,744.25085,simulation
1966-02-24,740.7213,simulation
1966-02-25,743.3073,simulation
1966-02-26,738.13153,simulation
1966-02-27,750.18646,simulation
1966-02-28,759.16095,simulation
1966-03-01,755.057,simulation
1966-03-02,747.32135,simulation
1966-03-03,752.724,simulation
1966-03-04,759.84674,simulation
1966-03-05,751.3624,simulation
1966-03-06,743.4081,simulation
1966-03-07,736.8764,simulation
1966-03-08,731.8045,simulation
1966-03-09,728.26544,simulation
1966-03-10,723.036,simulation
1966-03-11,717.48676,simulation
1966-03-12,712.4888,simulation
1966-03-13,712.6555,simulation
1966-03-14,719.8596,simulation
1966-03-15,724.75586,simulation
1966-03-16,722.3189,simulation
1966-03-17,718.4188,simulation
1966-03-18,715.4641,simulation
1966-03-19,713.44464,simulation
1966-03-20,708.23376,simulation
1966-03-21,704.4874,simulation
1966-03-22,700.75854,simulation
1966-03-23,698.0088,simulation
1966-03-24,699.20245,simulation
1966-03-25,695.026,simulation
1966-03-26,693.4211,simulation
1966-03-27,690.54114,simulation
1966-03-28,686.33105,simulation
1966-03-29,684.5066,simulation
1966-03-30,685.79395,simulation
1966-03-31,681.1458,simulation
1966-04-01,674.9847,simulation
1966-04-02,668.7267,simulation
1966-04-03,663.4228,simulation
1966-04-04,663.9086,simulation
1966-04-05,669.9696,simulation
1966-04-06,665.5949,simulation
1966-04-07,661.7458,simulation
1966-04-08,657.28955,simulation
1966-04-09,652.9879,simulation
1966-04-10,647.1886,simulation
1966-04-11,642.424,simulation
1966-04-12,639.4128,simulation
1966-04-13,636.9336,simulation
1966-04-14,640.76776,simulation
1966-04-15,648.7436,simulation
1966-04-16,644.98285,simulation
1966-04-17,640.349,simulation
1966-04-18,634.9619,simulation
1966-04-19,650.25574,simulation
1966-04-20,649.44885,simulation
1966-04-21,655.1846,simulation
1966-04-22,706.58685,simulation
1966-04-23,704.75446,simulation
1966-04-24,701.5968,simulation
1966-04-25,734.341,simulation
1966-04-26,739.9626,simulation
1966-04-27,758.76636,simulation
1966-04-28,750.7923,simulation
1966-04-29,748.4264,simulation
1966-04-30,742.98206,simulation
1966-05-01,736.9246,simulation
1966-05-02,743.1317,simulation
1966-05-03,740.47363,simulation
1966-05-04,735.3169,simulation
1966-05-05,730.4792,simulation
1966-05-06,729.5382,simulation
1966-05-07,726.678,simulation
1966-05-08,721.9855,simulation
1966-05-09,715.8262,simulation
1966-05-10,708.32556,simulation
1966-05-11,701.13257,simulation
1966-05-12,697.39325,simulation
1966-05-13,695.5441,simulation
1966-05-14,711.03906,simulation
1966-05-15,708.4647,simulation
1966-05-16,706.8345,simulation
1966-05-17,708.4626,simulation
1966-05-18,706.0814,simulation
1966-05-19,709.64026,simulation
1966-05-20,759.5581,simulation
1966-05-21,751.87555,simulation
1966-05-22,769.77905,simulation
1966-05-23,756.9463,simulation
1966-05-24,746.508,simulation
1966-05-25,744.71124,simulation
1966-05-26,741.8129,simulation
1966-05-27,740.19324,simulation
1966-05-28,735.2059,simulation
1966-05-29,728.5033,simulation
1966-05-30,720.5595,simulation
1966-05-31,714.6216,simulation
1966-06-01,705.76874,simulation
1966-06-02,697.7401,simulation
1966-06-03,692.64,simulation
1966-06-04,688.31903,simulation
1966-06-05,682.59595,simulation
1966-06-06,677.35583,simulation
1966-06-07,673.06055,simulation
1966-06-08,673.87036,simulation
1966-06-09,667.15405,simulation
1966-06-10,664.23,simulation
1966-06-11,657.453,simulation
1966-06-12,652.25574,simulation
1966-06-13,646.17017,simulation
1966-06-14,646.2601,simulation
1966-06-15,652.795,simulation
1966-06-16,651.0047,simulation
1966-06-17,666.0516,simulation
1966-06-18,663.3454,simulation
1966-06-19,659.94855,simulation
1966-06-20,655.7271,simulation
1966-06-21,649.8367,simulation
1966-06-22,646.59955,simulation
1966-06-23,645.3287,simulation
1966-06-24,647.5776,simulation
1966-06-25,642.74664,simulation
1966-06-26,635.7576,simulation
1966-06-27,630.0158,simulation
1966-06-28,622.9127,simulation
1966-06-29,623.4471,simulation
1966-06-30,625.6427,simulation
1966-07-01,621.1267,simulation
1966-07-02,616.9656,simulation
1966-07-03,629.9896,simulation
1966-07-04,628.7716,simulation
1966-07-05,635.33514,simulation
1966-07-06,632.67773,simulation
1966-07-07,626.348,simulation
1966-07-08,620.03284,simulation
1966-07-09,614.5854,simulation
1966-07-10,608.4288,simulation
1966-07-11,602.73694,simulation
1966-07-12,599.2487,simulation
1966-07-13,592.3315,simulation
1966-07-14,586.48834,simulation
1966-07-15,582.1248,simulation
1966-07-16,585.7289,simulation
1966-07-17,609.00903,simulation
1966-07-18,607.74835,simulation
1966-07-19,603.26624,simulation
1966-07-20,600.54834,simulation
1966-07-21,607.7721,simulation
1966-07-22,604.27594,simulation
1966-07-23,599.2312,simulation
1966-07-24,595.33124,simulation
1966-07-25,590.02875,simulation
1966-07-26,584.3154,simulation
1966-07-27,579.85535,simulation
1966-07-28,575.1115,simulation
1966-07-29,568.7739,simulation
1966-07-30,562.9408,simulation
1966-07-31,613.533,simulation
1966-08-01,609.7263,simulation
1966-08-02,604.7268,simulation
1966-08-03,606.4719,simulation
1966-08-04,617.68494,simulation
1966-08-05,614.30725,simulation
1966-08-06,611.265,simulation
1966-08-07,606.3451,simulation
1966-08-08,601.2585,simulation
1966-08-09,596.17804,simulation
1966-08-10,592.2847,simulation
1966-08-11,593.3246,simulation
1966-08-12,592.16284,simulation
1966-08-13,596.8848,simulation
1966-08-14,599.1075,simulation
1966-08-15,597.89124,simulation
1966-08-16,594.2166,simulation
1966-08-17,590.6811,simulation
1966-08-18,597.0992,simulation
1966-08-19,594.2307,simulation
1966-08-20,600.4252,simulation
1966-08-21,601.4155,simulation
1966-08-22,599.04944,simulation
1966-08-23,596.5561,simulation
1966-08-24,590.39685,simulation
1966-08-25,584.961,simulation
1966-08-26,581.7302,simulation
1966-08-27,576.16077,simulation
1966-08-28,572.3321,simulation
1966-08-29,572.3405,simulation
1966-08-30,581.036,simulation
1966-08-31,580.6502,simulation
1966-09-01,590.9233,simulation
1966-09-02,594.7969,simulation
1966-09-03,592.0807,simulation
1966-09-04,587.6226,simulation
1966-09-05,591.3815,simulation
1966-09-06,588.02795,simulation
1966-09-07,583.39545,simulation
1966-09-08,579.132,simulation
1966-09-09,574.1814,simulation
1966-09-10,570.78705,simulation
1966-09-11,570.374,simulation
1966-09-12,575.1683,simulation
1966-09-13,579.88715,simulation
1966-09-14,579.3501,simulation
1966-09-15,577.57837,simulation
1966-09-16,588.2051,simulation
1966-09-17,588.6518,simulation
1966-09-18,599.47156,simulation
1966-09-19,623.91455,simulation
1966-09-20,621.38605,simulation
1966-09-21,619.05634,simulation
1966-09-22,617.50903,simulation
1966-09-23,613.3926,simulation
1966-09-24,609.06433,simulation
1966-09-25,604.30927,simulation
1966-09-26,600.114,simulation
1966-09-27,596.3573,simulation
1966-09-28,596.8998,simulation
1966-09-29,601.3572,simulation
1966-09-30,597.46533,simulation
1966-10-01,603.86346,simulation
1966-10-02,606.13824,simulation
1966-10-03,603.7311,simulation
1966-10-04,599.63324,simulation
1966-10-05,595.37744,simulation
1966-10-06,592.7738,simulation
1966-10-07,588.56573,simulation
1966-10-08,585.28156,simulation
1966-10-09,582.11926,simulation
1966-10-10,610.9068,simulation
1966-10-11,610.9414,simulation
1966-10-12,607.68243,simulation
1966-10-13,610.7379,simulation
1966-10-14,615.32654,simulation
1966-10-15,613.07367,simulation
1966-10-16,612.52325,simulation
1966-10-17,609.36816,simulation
1966-10-18,610.5224,simulation
1966-10-19,624.9484,simulation
1966-10-20,629.66595,simulation
1966-10-21,626.9473,simulation
1966-10-22,624.1781,simulation
1966-10-23,621.29584,simulation
1966-10-24,620.6558,simulation
1966-10-25,617.58124,simulation
1966-10-26,614.72235,simulation
1966-10-27,611.50946,simulation
1966-10-28,608.7868,simulation
1966-10-29,606.113,simulation
1966-10-30,603.3186,simulation
1966-10-31,601.19867,simulation
1966-11-01,600.2566,simulation
1966-11-02,606.5221,simulation
1966-11-03,608.7274,simulation
1966-11-04,607.46826,simulation
1966-11-05,605.2203,simulation
1966-11-06,604.70825,simulation
1966-11-07,602.4691,simulation
1966-11-08,601.90063,simulation
1966-11-09,601.93463,simulation
1966-11-10,604.807,simulation
1966-11-11,638.6211,simulation
1966-11-12,692.2937,simulation
1966-11-13,691.55646,simulation
1966-11-14,688.456,simulation
1966-11-15,686.79376,simulation
1966-11-16,684.6626,simulation
1966-11-17,682.2451,simulation
1966-11-18,679.7499,simulation
1966-11-19,677.54877,simulation
1966-11-20,680.03705,simulation
1966-11-21,678.83215,simulation
1966-11-22,676.423,simulation
1966-11-23,675.6253,simulation
1966-11-24,673.5299,simulation
1966-11-25,671.4475,simulation
1966-11-26,669.4905,simulation
1966-11-27,668.6985,simulation
1966-11-28,678.121,simulation
1966-11-29,674.37726,simulation
1966-11-30,671.6912,simulation
1966-12-01,670.59314,simulation
1966-12-02,668.6067,simulation
1966-12-03,670.11017,simulation
1966-12-04,674.50903,simulation
1966-12-05,673.91846,simulation
1966-12-06,673.0928,simulation
1966-12-07,673.9777,simulation
1966-12-08,674.8092,simulation
1966-12-09,680.5573,simulation
1966-12-10,705.0451,simulation
1966-12-11,703.9335,simulation
1966-12-12,703.05176,simulation
1966-12-13,701.80804,simulation
1966-12-14,700.7416,simulation
1966-12-15,699.2383,simulation
1966-12-16,697.6998,simulation
1966-12-17,695.9668,simulation
1966-12-18,705.3202,simulation
1966-12-19,703.8707,simulation
1966-12-20,704.92596,simulation
1966-12-21,703.1236,simulation
1966-12-22,701.9672,simulation
1966-12-23,701.2188,simulation
1966-12-24,707.9442,simulation
1966-12-25,706.0128,simulation
1966-12-26,704.6595,simulation
1966-12-27,705.3079,simulation
1966-12-28,705.1823,simulation
1966-12-29,725.4149,simulation
1966-12-30,722.58514,simulation
1966-12-31,740.18396,simulation
1967-01-01,741.1336,simulation
1967-01-02,738.3724,simulation
1967-01-03,735.23126,simulation
1967-01-04,732.0211,simulation
1967-01-05,728.46094,simulation
1967-01-06,724.8128,simulation
1967-01-07,721.8125,simulation
1967-01-08,732.6443,simulation
1967-01-09,730.9284,simulation
1967-01-10,728.14417,simulation
1967-01-11,726.34247,simulation
1967-01-12,723.9284,simulation
1967-01-13,721.6162,simulation
1967-01-14,748.05725,simulation
1967-01-15,744.4866,simulation
1967-01-16,739.74445,simulation
1967-01-17,735.4574,simulation
1967-01-18,732.0392,simulation
1967-01-19,733.2443,simulation
1967-01-20,730.88696,simulation
1967-01-21,728.17017,simulation
1967-01-22,724.83704,simulation
1967-01-23,722.5594,simulation
1967-01-24,720.4316,simulation
1967-01-25,717.7504,simulation
1967-01-26,715.5181,simulation
1967-01-27,723.4115,simulation
1967-01-28,720.4601,simulation
1967-01-29,717.6385,simulation
1967-01-30,715.05347,simulation
1967-01-31,712.81665,simulation
1967-02-01,710.9115,simulation
1967-02-02,708.9642,simulation
1967-02-03,712.4127,simulation
1967-02-04,710.8525,simulation
1967-02-05,709.18994,simulation
1967-02-06,706.3789,simulation
1967-02-07,737.5611,simulation
1967-02-08,734.0894,simulation
1967-02-09,730.15845,simulation
1967-02-10,726.4501,simulation
1967-02-11,723.3664,simulation
1967-02-12,726.36523,simulation
1967-02-13,724.67993,simulation
1967-02-14,720.68134,simulation
1967-02-15,716.8054,simulation
1967-02-16,713.93994,simulation
1967-02-17,712.53467,simulation
1967-02-18,727.38306,simulation
1967-02-19,725.1916,simulation
1967-02-20,728.2778,simulation
1967-02-21,736.56903,simulation
1967-02-22,731.0535,simulation
1967-02-23,728.1075,simulation
1967-02-24,723.4237,simulation
1967-02-25,718.8109,simulation
1967-02-26,715.114,simulation
1967-02-27,712.1891,simulation
1967-02-28,724.49994,simulation
1967-03-01,719.8777,simulation
1967-03-02,715.489,simulation
1967-03-03,710.4793,simulation
1967-03-04,706.8443,simulation
1967-03-05,703.8461,simulation
1967-03-06,701.0147,simulation
1967-03-07,705.8913,simulation
1967-03-08,702.5232,simulation
1967-03-09,700.13873,simulation
1967-03-10,697.9956,simulation
1967-03-11,696.6433,simulation
1967-03-12,692.4162,simulation
1967-03-13,687.54517,simulation
1967-03-14,683.2967,simulation
1967-03-15,679.903,simulation
1967-03-16,677.48456,simulation
1967-03-17,673.636,simulation
1967-03-18,670.8556,simulation
1967-03-19,667.607,simulation
1967-03-20,663.1928,simulation
1967-03-21,674.76263,simulation
1967-03-22,671.8106,simulation
1967-03-23,667.262,simulation
1967-03-24,662.716,simulation
1967-03-25,660.5679,simulation
1967-03-26,658.91724,simulation
1967-03-27,676.01447,simulation
1967-03-28,682.0712,simulation
1967-03-29,678.68207,simulation
1967-03-30,674.32947,simulation
1967-03-31,670.5545,simulation
1967-04-01,666.05853,simulation
1967-04-02,660.6172,simulation
1967-04-03,655.8851,simulation
1967-04-04,651.54865,simulation
1967-04-05,646.8256,simulation
1967-04-06,642.2212,simulation
1967-04-07,637.1807,simulation
1967-04-08,634.41797,simulation
1967-04-09,630.459,simulation
1967-04-10,626.7366,simulation
1967-04-11,623.45026,simulation
1967-04-12,625.68225,simulation
1967-04-13,622.64874,simulation
1967-04-14,620.22974,simulation
1967-04-15,656.3717,simulation
1967-04-16,656.5933,simulation
1967-04-17,654.0995,simulation
1967-04-18,651.3154,simulation
1967-04-19,649.24304,simulation
1967-04-20,644.51965,simulation
1967-04-21,641.20184,simulation
1967-04-22,650.76483,simulation
1967-04-23,647.6576,simulation
1967-04-24,645.14746,simulation
1967-04-25,654.41547,simulation
1967-04-26,653.30096,simulation
1967-04-27,652.37964,simulation
1967-04-28,648.0806,simulation
1967-04-29,645.4444,simulation
1967-04-30,642.5332,simulation
1967-05-01,640.48376,simulation
1967-05-02,677.81537,simulation
1967-05-03,701.4451,simulation
1967-05-04,698.01605,simulation
1967-05-05,766.74994,simulation
1967-05-06,758.9383,simulation
1967-05-07,751.18274,simulation
1967-05-08,746.9181,simulation
1967-05-09,737.57074,simulation
1967-05-10,730.41705,simulation
1967-05-11,725.43396,simulation
1967-05-12,716.2298,simulation
1967-05-13,710.17676,simulation
1967-05-14,705.1487,simulation
1967-05-15,698.0937,simulation
1967-05-16,715.1736,simulation
1967-05-17,709.2983,simulation
1967-05-18,701.79095,simulation
1967-05-19,694.5754,simulation
1967-05-20,687.569,simulation
1967-05-21,686.73126,simulation
1967-05-22,723.8356,simulation
1967-05-23,726.0278,simulation
1967-05-24,718.3606,simulation
1967-05-25,710.47943,simulation
1967-05-26,702.80396,simulation
1967-05-27,694.84094,simulation
1967-05-28,687.97955,simulation
1967-05-29,682.7847,simulation
1967-05-30,678.30206,simulation
1967-05-31,682.5888,simulation
1967-06-01,696.848,simulation
1967-06-02,707.4596,simulation
1967-06-03,707.09064,simulation
1967-06-04,704.77545,simulation
1967-06-05,700.0256,simulation
1967-06-06,695.4591,simulation
1967-06-07,691.10895,simulation
1967-06-08,685.74475,simulation
1967-06-09,681.1611,simulation
1967-06-10,674.4328,simulation
1967-06-11,669.33295,simulation
1967-06-12,664.6186,simulation
1967-06-13,659.3103,simulation
1967-06-14,653.6776,simulation
1967-06-15,647.8929,simulation
1967-06-16,641.22076,simulation
1967-06-17,635.4393,simulation
1967-06-18,629.1858,simulation
1967-06-19,622.3684,simulation
1967-06-20,616.2695,simulation
1967-06-21,611.9252,simulation
1967-06-22,606.1937,simulation
1967-06-23,602.60474,simulation
1967-06-24,598.793,simulation
1967-06-25,593.4676,simulation
1967-06-26,588.0658,simulation
1967-06-27,584.2834,simulation
1967-06-28,589.0498,simulation
1967-06-29,585.2068,simulation
1967-06-30,579.6416,simulation
1967-07-01,581.0106,simulation
1967-07-02,588.61304,simulation
1967-07-03,602.95984,simulation
1967-07-04,597.8097,simulation
1967-07-05,594.76984,simulation
1967-07-06,620.11926,simulation
1967-07-07,632.02856,simulation
1967-07-08,634.841,simulation
1967-07-09,636.1562,simulation
1967-07-10,638.8952,simulation
1967-07-11,643.3316,simulation
1967-07-12,642.5523,simulation
1967-07-13,642.1486,simulation
1967-07-14,671.93805,simulation
1967-07-15,666.4634,simulation
1967-07-16,660.1837,simulation
1967-07-17,656.1488,simulation
1967-07-18,652.76025,simulation
1967-07-19,648.70966,simulation
1967-07-20,664.22015,simulation
1967-07-21,672.81036,simulation
1967-07-22,674.2125,simulation
1967-07-23,671.9607,simulation
1967-07-24,669.09546,simulation
1967-07-25,665.42145,simulation
1967-07-26,661.5358,simulation
1967-07-27,658.5672,simulation
1967-07-28,652.0458,simulation
1967-07-29,649.2548,simulation
1967-07-30,647.4677,simulation
1967-07-31,642.6924,simulation
1967-08-01,637.8242,simulation
1967-08-02,633.53796,simulation
1967-08-03,650.7085,simulation
1967-08-04,662.3381,simulation
1967-08-05,665.7889,simulation
1967-08-06,662.2567,simulation
1967-08-07,661.6279,simulation
1967-08-08,656.0282,simulation
1967-08-09,654.98895,simulation
1967-08-10,663.8707,simulation
1967-08-11,663.83057,simulation
1967-08-12,659.0743,simulation
1967-08-13,654.49274,simulation
1967-08-14,648.8039,simulation
1967-08-15,643.2807,simulation
1967-08-16,640.04114,simulation
1967-08-17,639.62305,simulation
1967-08-18,637.87616,simulation
1967-08-19,651.0128,simulation
1967-08-20,655.2104,simulation
1967-08-21,654.44476,simulation
1967-08-22,651.56586,simulation
1967-08-23,649.08563,simulation
1967-08-24,648.32587,simulation
1967-08-25,661.815,simulation
1967-08-26,707.8376,simulation
1967-08-27,707.8139,simulation
1967-08-28,706.3338,simulation
1967-08-29,704.57336,simulation
1967-08-30,697.41406,simulation
1967-08-31,690.6933,simulation
1967-09-01,687.97906,simulation
1967-09-02,686.40125,simulation
1967-09-03,684.58246,simulation
1967-09-04,683.705,simulation
1967-09-05,683.1009,simulation
1967-09-06,682.3145,simulation
1967-09-07,697.1105,simulation
1967-09-08,703.71466,simulation
1967-09-09,712.0351,simulation
1967-09-10,712.27423,simulation
1967-09-11,707.8234,simulation
1967-09-12,706.3777,simulation
1967-09-13,710.0551,simulation
1967-09-14,708.72,simulation
1967-09-15,703.07043,simulation
1967-09-16,697.7331,simulation
1967-09-17,692.56714,simulation
1967-09-18,687.0819,simulation
1967-09-19,681.84814,simulation
1967-09-20,680.80896,simulation
1967-09-21,679.5323,simulation
1967-09-22,678.6676,simulation
1967-09-23,673.72437,simulation
1967-09-24,668.73755,simulation
1967-09-25,663.95374,simulation
1967-09-26,659.4846,simulation
1967-09-27,654.7628,simulation
1967-09-28,677.5341,simulation
1967-09-29,676.38617,simulation
1967-09-30,672.50446,simulation
1967-10-01,668.41656,simulation
1967-10-02,663.97076,simulation
1967-10-03,659.52014,simulation
1967-10-04,657.3237,simulation
1967-10-05,652.8325,simulation
1967-10-06,648.3434,simulation
1967-10-07,644.33765,simulation
1967-10-08,640.4031,simulation
1967-10-09,640.4345,simulation
1967-10-10,637.42,simulation
1967-10-11,633.44586,simulation
1967-10-12,631.3575,simulation
1967-10-13,628.65936,simulation
1967-10-14,624.50055,simulation
1967-10-15,620.3113,simulation
1967-10-16,617.7527,simulation
1967-10-17,656.14154,simulation
1967-10-18,655.48236,simulation
1967-10-19,651.5875,simulation
1967-10-20,648.48755,simulation
1967-10-21,645.24164,simulation
1967-10-22,641.6884,simulation
1967-10-23,640.575,simulation
1967-10-24,637.4821,simulation
1967-10-25,643.49493,simulation
1967-10-26,639.82745,simulation
1967-10-27,637.9732,simulation
1967-10-28,636.04285,simulation
1967-10-29,632.9679,simulation
1967-10-30,629.7933,simulation
1967-10-31,652.6429,simulation
1967-11-01,654.63934,simulation
1967-11-02,666.0762,simulation
1967-11-03,664.20654,simulation
1967-11-04,666.5398,simulation
1967-11-05,665.0799,simulation
1967-11-06,663.06934,simulation
1967-11-07,661.1877,simulation
1967-11-08,659.24286,simulation
1967-11-09,656.9305,simulation
1967-11-10,654.50024,simulation
1967-11-11,652.3157,simulation
1967-11-12,650.87317,simulation
1967-11-13,650.0632,simulation
1967-11-14,647.8624,simulation
1967-11-15,645.11115,simulation
1967-11-16,643.4414,simulation
1967-11-17,642.1429,simulation
1967-11-18,641.53357,simulation
1967-11-19,639.05383,simulation
1967-11-20,637.3386,simulation
1967-11-21,636.8785,simulation
1967-11-22,636.0983,simulation
1967-11-23,635.4045,simulation
1967-11-24,635.0223,simulation
1967-11-25,635.47284,simulation
1967-11-26,633.116,simulation
1967-11-27,632.85815,simulation
1967-11-28,632.5185,simulation
1967-11-29,632.0545,simulation
1967-11-30,631.5929,simulation
1967-12-01,632.239,simulation
1967-12-02,631.2896,simulation
1967-12-03,654.39404,simulation
1967-12-04,653.4944,simulation
1967-12-05,652.3582,simulation
1967-12-06,651.89606,simulation
1967-12-07,651.45605,simulation
1967-12-08,651.01337,simulation
1967-12-09,650.7497,simulation
1967-12-10,687.6104,simulation
1967-12-11,715.01465,simulation
1967-12-12,717.236,simulation
1967-12-13,714.0295,simulation
1967-12-14,711.7602,simulation
1967-12-15,801.1842,simulation
1967-12-16,818.0473,simulation
1967-12-17,795.21173,simulation
1967-12-18,780.01434,simulation
1967-12-19,776.36456,simulation
1967-12-20,779.90344,simulation
1967-12-21,768.8037,simulation
1967-12-22,778.22174,simulation
1967-12-23,769.396,simulation
1967-12-24,760.2589,simulation
1967-12-25,753.29614,simulation
1967-12-26,747.6837,simulation
1967-12-27,742.35815,simulation
1967-12-28,749.1371,simulation
1967-12-29,745.3079,simulation
1967-12-30,741.391,simulation
1967-12-31,743.62463,simulation
1968-01-01,746.9228,simulation
1968-01-02,754.5827,simulation
1968-01-03,749.7703,simulation
1968-01-04,758.30286,simulation
1968-01-05,758.2005,simulation
1968-01-06,755.17737,simulation
1968-01-07,757.9498,simulation
1968-01-08,751.7784,simulation
1968-01-09,750.07733,simulation
1968-01-10,778.8258,simulation
1968-01-11,769.11224,simulation
1968-01-12,761.73816,simulation
1968-01-13,756.8933,simulation
1968-01-14,751.2708,simulation
1968-01-15,746.92706,simulation
1968-01-16,742.35565,simulation
1968-01-17,738.44244,simulation
1968-01-18,734.4413,simulation
1968-01-19,730.16046,simulation
1968-01-20,726.7502,simulation
1968-01-21,724.2969,simulation
1968-01-22,720.904,simulation
1968-01-23,720.9179,simulation
1968-01-24,736.4294,simulation
1968-01-25,732.41974,simulation
1968-01-26,728.7963,simulation
1968-01-27,724.8301,simulation
1968-01-28,722.40375,simulation
1968-01-29,720.2739,simulation
1968-01-30,717.91614,simulation
1968-01-31,716.02,simulation
1968-02-01,714.9893,simulation
1968-02-02,721.9509,simulation
1968-02-03,718.8936,simulation
1968-02-04,715.9062,simulation
1968-02-05,712.6708,simulation
1968-02-06,709.9058,simulation
1968-02-07,706.6795,simulation
1968-02-08,704.30444,simulation
1968-02-09,701.96625,simulation
1968-02-10,699.5756,simulation
1968-02-11,697.7781,simulation
1968-02-12,696.0748,simulation
1968-02-13,693.5428,simulation
1968-02-14,692.06976,simulation
1968-02-15,697.33655,simulation
1968-02-16,709.4404,simulation
1968-02-17,708.19867,simulation
1968-02-18,707.1877,simulation
1968-02-19,706.8714,simulation
1968-02-20,704.5994,simulation
1968-02-21,702.06946,simulation
1968-02-22,702.3472,simulation
1968-02-23,703.6009,simulation
1968-02-24,705.6972,simulation
1968-02-25,702.46313,simulation
1968-02-26,700.33606,simulation
1968-02-27,697.73755,simulation
1968-02-28,694.8329,simulation
1968-02-29,727.5596,simulation
1968-03-01,725.0957,simulation
1968-03-02,721.0089,simulation
1968-03-03,718.57837,simulation
1968-03-04,714.43054,simulation
1968-03-05,710.8656,simulation
1968-03-06,708.9595,simulation
1968-03-07,706.86957,simulation
1968-03-08,702.60077,simulation
1968-03-09,698.267,simulation
1968-03-10,701.5643,simulation
1968-03-11,698.7808,simulation
1968-03-12,714.1974,simulation
1968-03-13,712.4118,simulation
1968-03-14,708.2724,simulation
1968-03-15,706.0695,simulation
1968-03-16,704.3955,simulation
1968-03-17,702.626,simulation
1968-03-18,700.6036,simulation
1968-03-19,697.63306,simulation
1968-03-20,693.88196,simulation
1968-03-21,691.0532,simulation
1968-03-22,723.90106,simulation
1968-03-23,769.07806,simulation
1968-03-24,761.96545,simulation
1968-03-25,752.6861,simulation
1968-03-26,744.1952,simulation
1968-03-27,737.40344,simulation
1968-03-28,731.5458,simulation
1968-03-29,726.6451,simulation
1968-03-30,723.51355,simulation
1968-03-31,721.36993,simulation
1968-04-01,717.22864,simulation
1968-04-02,715.03186,simulation
1968-04-03,716.0162,simulation
1968-04-04,713.63544,simulation
1968-04-05,761.17554,simulation
1968-04-06,750.85736,simulation
1968-04-07,741.87573,simulation
1968-04-08,736.64624,simulation
1968-04-09,753.4621,simulation
1968-04-10,749.36847,simulation
1968-04-11,746.33545,simulation
1968-04-12,737.21985,simulation
1968-04-13,731.23584,simulation
1968-04-14,739.1578,simulation
1968-04-15,740.5857,simulation
1968-04-16,731.50616,simulation
1968-04-17,724.1342,simulation
1968-04-18,719.40424,simulation
1968-04-19,714.9112,simulation
1968-04-20,711.023,simulation
1968-04-21,707.542,simulation
1968-04-22,705.14124,simulation
1968-04-23,703.5419,simulation
1968-04-24,707.62994,simulation
1968-04-25,707.8108,simulation
1968-04-26,700.9056,simulation
1968-04-27,694.6132,simulation
1968-04-28,695.4567,simulation
1968-04-29,717.0657,simulation
1968-04-30,738.2692,simulation
1968-05-01,729.3764,simulation
1968-05-02,721.44775,simulation
1968-05-03,714.3479,simulation
1968-05-04,708.4263,simulation
1968-05-05,710.98584,simulation
1968-05-06,703.5797,simulation
1968-05-07,698.4707,simulation
1968-05-08,693.1074,simulation
1968-05-09,694.45154,simulation
1968-05-10,691.7874,simulation
1968-05-11,712.6351,simulation
1968-05-12,720.5627,simulation
1968-05-13,749.5084,simulation
1968-05-14,744.017,simulation
1968-05-15,736.6642,simulation
1968-05-16,731.3793,simulation
1968-05-17,725.7969,simulation
1968-05-18,747.0623,simulation
1968-05-19,740.95276,simulation
1968-05-20,731.2191,simulation
1968-05-21,722.7218,simulation
1968-05-22,716.5513,simulation
1968-05-23,709.0541,simulation
1968-05-24,700.49927,simulation
1968-05-25,703.32043,simulation
1968-05-26,699.6257,simulation
1968-05-27,706.59845,simulation
1968-05-28,702.5356,simulation
1968-05-29,696.3821,simulation
1968-05-30,688.84174,simulation
1968-05-31,685.2094,simulation
1968-06-01,681.5491,simulation
1968-06-02,674.92725,simulation
1968-06-03,670.9943,simulation
1968-06-04,668.37555,simulation
1968-06-05,661.2129,simulation
1968-06-06,658.0713,simulation
1968-06-07,651.05646,simulation
1968-06-08,644.1999,simulation
1968-06-09,640.57336,simulation
1968-06-10,634.116,simulation
1968-06-11,627.68695,simulation
1968-06-12,629.38306,simulation
1968-06-13,641.97003,simulation
1968-06-14,634.46796,simulation
1968-06-15,627.7228,simulation
1968-06-16,622.0652,simulation
1968-06-17,618.17596,simulation
1968-06-18,626.9245,simulation
1968-06-19,633.0173,simulation
1968-06-20,638.49866,simulation
1968-06-21,637.2897,simulation
1968-06-22,652.9107,simulation
1968-06-23,651.9933,simulation
1968-06-24,648.70636,simulation
1968-06-25,645.1642,simulation
1968-06-26,642.06604,simulation
1968-06-27,641.0813,simulation
1968-06-28,634.7814,simulation
1968-06-29,627.24506,simulation
1968-06-30,620.755,simulation
1968-07-01,615.84467,simulation
1968-07-02,611.2442,simulation
1968-07-03,613.16925,simulation
1968-07-04,614.448,simulation
1968-07-05,607.68286,simulation
1968-07-06,601.2953,simulation
1968-07-07,597.72156,simulation
1968-07-08,602.5964,simulation
1968-07-09,610.24567,simulation
1968-07-10,608.8493,simulation
1968-07-11,605.46783,simulation
1968-07-12,601.66656,simulation
1968-07-13,605.2805,simulation
1968-07-14,608.2785,simulation
1968-07-15,606.9773,simulation
1968-07-16,604.04236,simulation
1968-07-17,601.40204,simulation
1968-07-18,596.50037,simulation
1968-07-19,605.311,simulation
1968-07-20,602.9353,simulation
1968-07-21,599.83014,simulation
1968-07-22,597.593,simulation
1968-07-23,615.4358,simulation
1968-07-24,614.7321,simulation
1968-07-25,611.776,simulation
1968-07-26,606.0711,simulation
1968-07-27,600.5062,simulation
1968-07-28,594.16174,simulation
1968-07-29,592.4966,simulation
1968-07-30,594.93634,simulation
1968-07-31,591.2367,simulation
1968-08-01,585.5283,simulation
1968-08-02,579.9346,simulation
1968-08-03,581.19965,simulation
1968-08-04,576.2558,simulation
1968-08-05,571.677,simulation
1968-08-06,568.86224,simulation
1968-08-07,573.61835,simulation
1968-08-08,573.60236,simulation
1968-08-09,572.9142,simulation
1968-08-10,567.5997,simulation
1968-08-11,563.72394,simulation
1968-08-12,572.15485,simulation
1968-08-13,574.1617,simulation
1968-08-14,583.5415,simulation
1968-08-15,595.17554,simulation
1968-08-16,597.2038,simulation
1968-08-17,611.4231,simulation
1968-08-18,608.1888,simulation
1968-08-19,609.2739,simulation
1968-08-20,626.7094,simulation
1968-08-21,624.8563,simulation
1968-08-22,619.6654,simulation
1968-08-23,614.84796,simulation
1968-08-24,609.19775,simulation
1968-08-25,613.8523,simulation
1968-08-26,609.23737,simulation
1968-08-27,603.03296,simulation
1968-08-28,596.46106,simulation
1968-08-29,591.10944,simulation
1968-08-30,588.3461,simulation
1968-08-31,586.34985,simulation
1968-09-01,583.79126,simulation
1968-09-02,578.5878,simulation
1968-09-03,577.8899,simulation
1968-09-04,596.154,simulation
1968-09-05,597.6275,simulation
1968-09-06,602.4231,simulation
1968-09-07,598.93256,simulation
1968-09-08,594.4035,simulation
1968-09-09,588.7957,simulation
1968-09-10,587.7045,simulation
1968-09-11,582.80347,simulation
1968-09-12,580.26373,simulation
1968-09-13,575.0362,simulation
1968-09-14,570.00104,simulation
1968-09-15,568.0932,simulation
1968-09-16,591.4086,simulation
1968-09-17,597.2023,simulation
1968-09-18,603.6831,simulation
1968-09-19,604.6417,simulation
1968-09-20,599.9097,simulation
1968-09-21,595.46356,simulation
1968-09-22,590.68665,simulation
1968-09-23,585.9785,simulation
1968-09-24,580.8347,simulation
1968-09-25,577.0084,simulation
1968-09-26,576.534,simulation
1968-09-27,576.24927,simulation
1968-09-28,571.37854,simulation
1968-09-29,567.0319,simulation
1968-09-30,563.82733,simulation
1968-10-01,559.60486,simulation
1968-10-02,555.7812,simulation
1968-10-03,551.66046,simulation
1968-10-04,550.64514,simulation
1968-10-05,545.91,simulation
1968-10-06,544.553,simulation
1968-10-07,573.0261,simulation
1968-10-08,574.033,simulation
1968-10-09,573.47546,simulation
1968-10-10,576.2366,simulation
1968-10-11,584.3982,simulation
1968-10-12,585.2864,simulation
1968-10-13,582.7951,simulation
1968-10-14,581.65234,simulation
1968-10-15,578.67017,simulation
1968-10-16,574.5083,simulation
1968-10-17,572.0111,simulation
1968-10-18,574.6274,simulation
1968-10-19,570.96936,simulation
1968-10-20,567.2084,simulation
1968-10-21,566.609,simulation
1968-10-22,564.2075,simulation
1968-10-23,563.82904,simulation
1968-10-24,560.4975,simulation
1968-10-25,557.9287,simulation
1968-10-26,555.1181,simulation
1968-10-27,552.41547,simulation
1968-10-28,549.1722,simulation
1968-10-29,546.2006,simulation
1968-10-30,543.7998,simulation
1968-10-31,541.15607,simulation
1968-11-01,538.5844,simulation
1968-11-02,535.6598,simulation
1968-11-03,532.8412,simulation
1968-11-04,539.22345,simulation
1968-11-05,539.40485,simulation
1968-11-06,540.5706,simulation
1968-11-07,554.5141,simulation
1968-11-08,554.60864,simulation
1968-11-09,560.7331,simulation
1968-11-10,568.0468,simulation
1968-11-11,571.2549,simulation
1968-11-12,576.9856,simulation
1968-11-13,576.8523,simulation
1968-11-14,576.2811,simulation
1968-11-15,575.43744,simulation
1968-11-16,580.5828,simulation
1968-11-17,578.4925,simulation
1968-11-18,622.0085,simulation
1968-11-19,619.6146,simulation
1968-11-20,618.1194,simulation
1968-11-21,617.0101,simulation
1968-11-22,615.4285,simulation
1968-11-23,614.5304,simulation
1968-11-24,614.22943,simulation
1968-11-25,621.81696,simulation
1968-11-26,620.4019,simulation
1968-11-27,619.8889,simulation
1968-11-28,620.2613,simulation
1968-11-29,626.4253,simulation
1968-11-30,627.3146,simulation
1968-12-01,638.76996,simulation
1968-12-02,669.91956,simulation
1968-12-03,669.3295,simulation
1968-12-04,684.68243,simulation
1968-12-05,682.4636,simulation
1968-12-06,680.4861,simulation
1968-12-07,683.0847,simulation
1968-12-08,680.3513,simulation
1968-12-09,678.7427,simulation
1968-12-10,677.8822,simulation
1968-12-11,676.6686,simulation
1968-12-12,675.7612,simulation
1968-12-13,688.9951,simulation
1968-12-14,709.0884,simulation
1968-12-15,706.20807,simulation
1968-12-16,704.37146,simulation
1968-12-17,702.9443,simulation
1968-12-18,701.1874,simulation
1968-12-19,702.40735,simulation
1968-12-20,709.2191,simulation
1968-12-21,707.6028,simulation
1968-12-22,788.26245,simulation
1968-12-23,788.077,simulation
1968-12-24,773.5691,simulation
1968-12-25,763.83563,simulation
1968-12-26,756.10455,simulation
1968-12-27,750.03156,simulation
1968-12-28,758.981,simulation
1968-12-29,752.10645,simulation
1968-12-30,746.7429,simulation
1968-12-31,766.38525,simulation
1969-01-01,759.9693,simulation
1969-01-02,753.20245,simulation
1969-01-03,749.21027,simulation
1969-01-04,744.9527,simulation
1969-01-05,740.5112,simulation
1969-01-06,736.7394,simulation
1969-01-07,733.3471,simulation
1969-01-08,730.37103,simulation
1969-01-09,727.24896,simulation
1969-01-10,724.41125,simulation
1969-01-11,721.7054,simulation
1969-01-12,718.9996,simulation
1969-01-13,716.97064,simulation
1969-01-14,714.60095,simulation
1969-01-15,712.2921,simulation
1969-01-16,709.8819,simulation
1969-01-17,708.4149,simulation
1969-01-18,714.19293,simulation
1969-01-19,720.08264,simulation
1969-01-20,719.8903,simulation
1969-01-21,718.25555,simulation
1969-01-22,716.55975,simulation
1969-01-23,717.1601,simulation
1969-01-24,718.371,simulation
1969-01-25,716.3881,simulation
1969-01-26,714.04846,simulation
1969-01-27,712.0293,simulation
1969-01-28,709.70215,simulation
1969-01-29,710.23157,simulation
1969-01-30,712.4811,simulation
1969-01-31,712.6656,simulation
1969-02-01,718.49036,simulation
1969-02-02,716.61017,simulation
1969-02-03,726.4431,simulation
1969-02-04,722.87646,simulation
1969-02-05,719.8267,simulation
1969-02-06,718.31506,simulation
1969-02-07,728.30505,simulation
1969-02-08,725.68146,simulation
1969-02-09,722.0574,simulation
1969-02-10,719.40234,simulation
1969-02-11,717.3678,simulation
1969-02-12,714.57556,simulation
1969-02-13,710.77344,simulation
1969-02-14,707.04785,simulation
1969-02-15,734.96014,simulation
1969-02-16,735.61945,simulation
1969-02-17,732.7399,simulation
1969-02-18,730.20105,simulation
1969-02-19,725.6766,simulation
1969-02-20,722.54614,simulation
1969-02-21,720.0653,simulation
1969-02-22,728.87573,simulation
1969-02-23,736.1449,simulation
1969-02-24,732.47974,simulation
1969-02-25,727.73267,simulation
1969-02-26,723.21277,simulation
1969-02-27,719.2703,simulation
1969-02-28,715.6933,simulation
1969-03-01,714.0552,simulation
1969-03-02,712.28925,simulation
1969-03-03,708.52924,simulation
1969-03-04,711.29,simulation
1969-03-05,707.6208,simulation
1969-03-06,706.46564,simulation
1969-03-07,736.84503,simulation
1969-03-08,732.2672,simulation
1969-03-09,730.46497,simulation
1969-03-10,726.1964,simulation
1969-03-11,721.8633,simulation
1969-03-12,718.4064,simulation
1969-03-13,716.23267,simulation
1969-03-14,712.1716,simulation
1969-03-15,715.2695,simulation
1969-03-16,720.7683,simulation
1969-03-17,720.406,simulation
1969-03-18,743.38544,simulation
1969-03-19,753.2963,simulation
1969-03-20,744.5055,simulation
1969-03-21,737.8768,simulation
1969-03-22,731.1246,simulation
1969-03-23,726.649,simulation
1969-03-24,775.81,simulation
1969-03-25,761.826,simulation
1969-03-26,754.0659,simulation
1969-03-27,745.0751,simulation
1969-03-28,738.7418,simulation
1969-03-29,731.2557,simulation
1969-03-30,725.53876,simulation
1969-03-31,723.37286,simulation
1969-04-01,719.52185,simulation
1969-04-02,713.40375,simulation
1969-04-03,710.1418,simulation
1969-04-04,706.62335,simulation
1969-04-05,703.5577,simulation
1969-04-06,734.49316,simulation
1969-04-07,731.3657,simulation
1969-04-08,726.0526,simulation
1969-04-09,722.82184,simulation
1969-04-10,719.38245,simulation
1969-04-11,762.29407,simulation
1969-04-12,752.0423,simulation
1969-04-13,746.2167,simulation
1969-04-14,827.96423,simulation
1969-04-15,804.42053,simulation
1969-04-16,783.9372,simulation
1969-04-17,772.1609,simulation
1969-04-18,815.2971,simulation
1969-04-19,794.9282,simulation
1969-04-20,778.92725,simulation
1969-04-21,766.60974,simulation
1969-04-22,754.2546,simulation
1969-04-23,743.3805,simulation
1969-04-24,734.43933,simulation
1969-04-25,726.43726,simulation
1969-04-26,718.96814,simulation
1969-04-27,711.0494,simulation
1969-04-28,709.2654,simulation
1969-04-29,707.05225,simulation
1969-04-30,700.876,simulation
1969-05-01,694.2039,simulation
1969-05-02,690.95953,simulation
1969-05-03,685.64825,simulation
1969-05-04,681.97577,simulation
1969-05-05,680.22894,simulation
1969-05-06,677.11035,simulation
1969-05-07,675.58484,simulation
1969-05-08,687.22845,simulation
1969-05-09,732.2701,simulation
1969-05-10,723.144,simulation
1969-05-11,714.8142,simulation
1969-05-12,708.3765,simulation
1969-05-13,701.0662,simulation
1969-05-14,696.8076,simulation
1969-05-15,710.8054,simulation
1969-05-16,707.57007,simulation
1969-05-17,705.25793,simulation
1969-05-18,714.9631,simulation
1969-05-19,722.8346,simulation
1969-05-20,719.0348,simulation
1969-05-21,711.9448,simulation
1969-05-22,703.9736,simulation
1969-05-23,696.5851,simulation
1969-05-24,689.5455,simulation
1969-05-25,686.6539,simulation
1969-05-26,684.2572,simulation
1969-05-27,678.6976,simulation
1969-05-28,673.66626,simulation
1969-05-29,668.3901,simulation
1969-05-30,663.1807,simulation
1969-05-31,657.94116,simulation
1969-06-01,651.442,simulation
1969-06-02,645.12317,simulation
1969-06-03,660.853,simulation
1969-06-04,656.39703,simulation
1969-06-05,654.8535,simulation
1969-06-06,651.79767,simulation
1969-06-07,644.54706,simulation
1969-06-08,637.9499,simulation
1969-06-09,633.34436,simulation
1969-06-10,627.5684,simulation
1969-06-11,621.26605,simulation
1969-06-12,616.6764,simulation
1969-06-13,611.219,simulation
1969-06-14,605.60455,simulation
1969-06-15,599.9336,simulation
1969-06-16,595.22345,simulation
1969-06-17,590.9755,simulation
1969-06-18,584.0991,simulation
1969-06-19,578.3592,simulation
1969-06-20,575.5996,simulation
1969-06-21,572.1414,simulation
1969-06-22,568.3187,simulation
1969-06-23,563.03735,simulation
1969-06-24,558.7055,simulation
1969-06-25,555.8745,simulation
1969-06-26,550.46967,simulation
1969-06-27,545.86755,simulation
1969-06-28,540.333,simulation
1969-06-29,535.1229,simulation
1969-06-30,527.71216,simulation
1969-07-01,521.62103,simulation
1969-07-02,529.1867,simulation
1969-07-03,523.0083,simulation
1969-07-04,515.83636,simulation
1969-07-05,508.24338,simulation
1969-07-06,507.19717,simulation
1969-07-07,509.09824,simulation
1969-07-08,504.75403,simulation
1969-07-09,503.0372,simulation
1969-07-10,508.71667,simulation
1969-07-11,517.6968,simulation
1969-07-12,533.3256,simulation
1969-07-13,539.5473,simulation
1969-07-14,563.122,simulation
1969-07-15,558.3597,simulation
1969-07-16,554.31885,simulation
1969-07-17,555.22845,simulation
1969-07-18,568.53595,simulation
1969-07-19,581.9788,simulation
1969-07-20,581.15094,simulation
1969-07-21,575.94855,simulation
1969-07-22,571.17004,simulation
1969-07-23,572.6298,simulation
1969-07-24,573.54205,simulation
1969-07-25,609.6118,simulation
1969-07-26,607.9308,simulation
1969-07-27,608.34247,simulation
1969-07-28,608.65924,simulation
1969-07-29,605.71783,simulation
1969-07-30,603.9396,simulation
1969-07-31,599.32587,simulation
1969-08-01,600.3677,simulation
1969-08-02,596.89746,simulation
1969-08-03,596.8696,simulation
1969-08-04,591.7411,simulation
1969-08-05,585.7422,simulation
1969-08-06,581.32996,simulation
1969-08-07,575.4087,simulation
1969-08-08,570.0329,simulation
1969-08-09,564.16266,simulation
1969-08-10,559.298,simulation
1969-08-11,555.66003,simulation
1969-08-12,548.8426,simulation
1969-08-13,543.0447,simulation
1969-08-14,537.3207,simulation
1969-08-15,534.86145,simulation
1969-08-16,530.3124,simulation
1969-08-17,525.8603,simulation
1969-08-18,532.0792,simulation
1969-08-19,622.4868,simulation
1969-08-20,622.2991,simulation
1969-08-21,617.5515,simulation
1969-08-22,618.8077,simulation
1969-08-23,616.1799,simulation
1969-08-24,615.9668,simulation
1969-08-25,614.47815,simulation
1969-08-26,611.48193,simulation
1969-08-27,609.25385,simulation
1969-08-28,606.8488,simulation
1969-08-29,600.48065,simulation
1969-08-30,594.5072,simulation
1969-08-31,589.0258,simulation
1969-09-01,590.9557,simulation
1969-09-02,589.62024,simulation
1969-09-03,587.1873,simulation
1969-09-04,585.8136,simulation
1969-09-05,587.9897,simulation
1969-09-06,587.0177,simulation
1969-09-07,583.49084,simulation
1969-09-08,586.7272,simulation
1969-09-09,584.7576,simulation
1969-09-10,581.3316,simulation
1969-09-11,578.81836,simulation
1969-09-12,577.9601,simulation
1969-09-13,572.81726,simulation
1969-09-14,567.7572,simulation
1969-09-15,564.88556,simulation
1969-09-16,560.24713,simulation
1969-09-17,556.2335,simulation
1969-09-18,553.6206,simulation
1969-09-19,549.8415,simulation
1969-09-20,579.9757,simulation
1969-09-21,579.8119,simulation
1969-09-22,579.57074,simulation
1969-09-23,579.391,simulation
1969-09-24,579.75653,simulation
1969-09-25,577.58905,simulation
1969-09-26,573.54395,simulation
1969-09-27,568.651,simulation
1969-09-28,563.92786,simulation
1969-09-29,559.1188,simulation
1969-09-30,554.102,simulation
1969-10-01,553.3838,simulation
1969-10-02,560.6772,simulation
1969-10-03,557.83734,simulation
1969-10-04,554.99274,simulation
1969-10-05,551.62164,simulation
1969-10-06,548.6453,simulation
1969-10-07,556.3147,simulation
1969-10-08,562.7653,simulation
1969-10-09,561.45447,simulation
1969-10-10,557.9216,simulation
1969-10-11,557.5194,simulation
1969-10-12,556.0872,simulation
1969-10-13,553.2266,simulation
1969-10-14,554.776,simulation
1969-10-15,554.784,simulation
1969-10-16,554.7848,simulation
1969-10-17,551.9202,simulation
1969-10-18,548.53143,simulation
1969-10-19,544.9521,simulation
1969-10-20,541.5912,simulation
1969-10-21,548.4292,simulation
1969-10-22,553.0125,simulation
1969-10-23,550.13885,simulation
1969-10-24,546.23334,simulation
1969-10-25,546.1018,simulation
1969-10-26,544.1021,simulation
1969-10-27,541.8459,simulation
1969-10-28,539.7381,simulation
1969-10-29,537.3498,simulation
1969-10-30,536.30896,simulation
1969-10-31,534.37177,simulation
1969-11-01,536.33636,simulation
1969-11-02,536.5544,simulation
1969-11-03,534.3011,simulation
1969-11-04,534.25366,simulation
1969-11-05,534.24445,simulation
1969-11-06,532.7458,simulation
1969-11-07,531.867,simulation
1969-11-08,531.4981,simulation
1969-11-09,530.66565,simulation
1969-11-10,528.76166,simulation
1969-11-11,526.5339,simulation
1969-11-12,524.6947,simulation
1969-11-13,527.5656,simulation
1969-11-14,530.2125,simulation
1969-11-15,529.1493,simulation
1969-11-16,528.35986,simulation
1969-11-17,527.3559,simulation
1969-11-18,525.6317,simulation
1969-11-19,569.43176,simulation
1969-11-20,569.9254,simulation
1969-11-21,568.69135,simulation
1969-11-22,567.2281,simulation
1969-11-23,565.9319,simulation
1969-11-24,565.78687,simulation
1969-11-25,565.2989,simulation
1969-11-26,565.21497,simulation
1969-11-27,565.298,simulation
1969-11-28,565.5842,simulation
1969-11-29,565.27765,simulation
1969-11-30,565.0917,simulation
1969-12-01,564.30975,simulation
1969-12-02,563.06934,simulation
1969-12-03,562.1952,simulation
1969-12-04,560.8978,simulation
1969-12-05,559.8904,simulation
1969-12-06,560.7946,simulation
1969-12-07,620.74115,simulation
1969-12-08,620.5882,simulation
1969-12-09,620.5914,simulation
1969-12-10,628.0843,simulation
1969-12-11,634.269,simulation
1969-12-12,633.77954,simulation
1969-12-13,632.9373,simulation
1969-12-14,631.93646,simulation
1969-12-15,630.5788,simulation
1969-12-16,629.6159,simulation
1969-12-17,628.7552,simulation
1969-12-18,628.13513,simulation
1969-12-19,627.79443,simulation
1969-12-20,627.6667,simulation
1969-12-21,640.4752,simulation
1969-12-22,666.8373,simulation
1969-12-23,666.1447,simulation
1969-12-24,664.65894,simulation
1969-12-25,663.61865,simulation
1969-12-26,684.3729,simulation
1969-12-27,683.0831,simulation
1969-12-28,681.579,simulation
1969-12-29,680.4476,simulation
1969-12-30,680.5176,simulation
1969-12-31,720.2102,simulation
1970-01-01,718.63116,simulation
1970-01-02,716.3639,simulation
1970-01-03,714.2555,simulation
1970-01-04,712.4,simulation
1970-01-05,710.58325,simulation
1970-01-06,726.3,simulation
1970-01-07,747.34515,simulation
1970-01-08,742.6599,simulation
1970-01-09,738.50397,simulation
1970-01-10,734.88983,simulation
1970-01-11,732.4952,simulation
1970-01-12,747.0394,simulation
1970-01-13,743.1072,simulation
1970-01-14,738.746,simulation
1970-01-15,735.16235,simulation
1970-01-16,731.9495,simulation
1970-01-17,730.60547,simulation
1970-01-18,728.25024,simulation
1970-01-19,726.32025,simulation
1970-01-20,727.53564,simulation
1970-01-21,726.1601,simulation
1970-01-22,723.59485,simulation
1970-01-23,721.13855,simulation
1970-01-24,719.1256,simulation
1970-01-25,716.00574,simulation
1970-01-26,714.0842,simulation
1970-01-27,711.63196,simulation
1970-01-28,708.5633,simulation
1970-01-29,706.6415,simulation
1970-01-30,717.0551,simulation
1970-01-31,713.43475,simulation
1970-02-01,711.0263,simulation
1970-02-02,742.124,simulation
1970-02-03,737.45715,simulation
1970-02-04,732.9559,simulation
1970-02-05,729.3069,simulation
1970-02-06,726.55804,simulation
1970-02-07,723.885,simulation
1970-02-08,720.8487,simulation
1970-02-09,718.92316,simulation
1970-02-10,715.61145,simulation
1970-02-11,712.1386,simulation
1970-02-12,709.1551,simulation
1970-02-13,705.7803,simulation
1970-02-14,704.2494,simulation
1970-02-15,702.7345,simulation
1970-02-16,714.06256,simulation
1970-02-17,714.978,simulation
1970-02-18,711.8809,simulation
1970-02-19,707.7752,simulation
1970-02-20,704.0978,simulation
1970-02-21,700.2816,simulation
1970-02-22,697.13947,simulation
1970-02-23,694.8308,simulation
1970-02-24,693.9301,simulation
1970-02-25,701.8384,simulation
1970-02-26,722.2678,simulation
1970-02-27,718.2151,simulation
1970-02-28,714.4684,simulation
1970-03-01,712.2854,simulation
1970-03-02,708.9632,simulation
1970-03-03,706.7109,simulation
1970-03-04,748.9796,simulation
1970-03-05,744.8706,simulation
1970-03-06,740.8714,simulation
1970-03-07,736.8046,simulation
1970-03-08,736.94977,simulation
1970-03-09,733.52423,simulation
1970-03-10,727.3371,simulation
1970-03-11,722.5543,simulation
1970-03-12,732.04553,simulation
1970-03-13,729.41846,simulation
1970-03-14,726.2763,simulation
1970-03-15,721.6721,simulation
1970-03-16,716.74786,simulation
1970-03-17,713.25555,simulation
1970-03-18,718.5831,simulation
1970-03-19,714.8117,simulation
1970-03-20,745.43353,simulation
1970-03-21,745.0241,simulation
1970-03-22,748.2648,simulation
1970-03-23,743.2857,simulation
1970-03-24,736.4554,simulation
1970-03-25,728.4414,simulation
1970-03-26,727.3519,simulation
1970-03-27,723.97546,simulation
1970-03-28,718.7413,simulation
1970-03-29,717.4191,simulation
1970-03-30,714.913,simulation
1970-03-31,714.6324,simulation
1970-04-01,711.3319,simulation
1970-04-02,726.1243,simulation
1970-04-03,720.82,simulation
1970-04-04,714.90826,simulation
1970-04-05,711.4,simulation
1970-04-06,709.0341,simulation
1970-04-07,703.0802,simulation
1970-04-08,697.9088,simulation
1970-04-09,693.285,simulation
1970-04-10,691.9378,simulation
1970-04-11,703.2092,simulation
1970-04-12,728.54456,simulation
1970-04-13,724.5653,simulation
1970-04-14,720.1327,simulation
1970-04-15,713.2493,simulation
1970-04-16,713.7617,simulation
1970-04-17,713.6539,simulation
1970-04-18,711.0502,simulation
1970-04-19,708.3215,simulation
1970-04-20,721.41876,simulation
1970-04-21,715.41724,simulation
1970-04-22,708.0025,simulation
1970-04-23,703.9479,simulation
1970-04-24,699.9758,simulation
1970-04-25,698.84326,simulation
1970-04-26,697.0782,simulation
1970-04-27,695.592,simulation
1970-04-28,693.3595,simulation
1970-04-29,690.6042,simulation
1970-04-30,687.8378,simulation
1970-05-01,682.882,simulation
1970-05-02,722.62256,simulation
1970-05-03,761.8473,simulation
1970-05-04,761.3744,simulation
1970-05-05,749.6128,simulation
1970-05-06,739.5236,simulation
1970-05-07,731.56,simulation
1970-05-08,724.2075,simulation
1970-05-09,715.36835,simulation
1970-05-10,711.2299,simulation
1970-05-11,706.8632,simulation
1970-05-12,702.2469,simulation
1970-05-13,697.0467,simulation
1970-05-14,692.33484,simulation
1970-05-15,686.3969,simulation
1970-05-16,681.4799,simulation
1970-05-17,683.56366,simulation
1970-05-18,678.581,simulation
1970-05-19,673.2059,simulation
1970-05-20,670.0778,simulation
1970-05-21,667.6769,simulation
1970-05-22,663.0995,simulation
1970-05-23,658.3474,simulation
1970-05-24,654.41327,simulation
1970-05-25,648.9175,simulation
1970-05-26,644.7912,simulation
1970-05-27,639.52673,simulation
1970-05-28,634.79987,simulation
1970-05-29,631.2696,simulation
1970-05-30,631.2772,simulation
1970-05-31,636.6142,simulation
1970-06-01,652.1726,simulation
1970-06-02,675.36053,simulation
1970-06-03,703.4983,simulation
1970-06-04,698.41223,simulation
1970-06-05,697.43634,simulation
1970-06-06,692.8606,simulation
1970-06-07,688.3297,simulation
1970-06-08,682.2252,simulation
1970-06-09,675.81506,simulation
1970-06-10,670.991,simulation
1970-06-11,669.28174,simulation
1970-06-12,664.4725,simulation
1970-06-13,661.4306,simulation
1970-06-14,657.9912,simulation
1970-06-15,655.1802,simulation
1970-06-16,652.725,simulation
1970-06-17,647.57086,simulation
1970-06-18,640.8577,simulation
1970-06-19,634.0156,simulation
1970-06-20,627.4177,simulation
1970-06-21,622.3665,simulation
1970-06-22,618.2369,simulation
1970-06-23,626.32556,simulation
1970-06-24,628.6647,simulation
1970-06-25,632.8933,simulation
1970-06-26,634.7552,simulation
1970-06-27,633.8342,simulation
1970-06-28,633.3983,simulation
1970-06-29,627.2695,simulation
1970-06-30,621.1982,simulation
1970-07-01,614.8278,simulation
1970-07-02,610.38226,simulation
1970-07-03,604.2129,simulation
1970-07-04,598.85223,simulation
1970-07-05,597.9283,simulation
1970-07-06,593.0698,simulation
1970-07-07,587.7698,simulation
1970-07-08,581.3144,simulation
1970-07-09,588.517,simulation
1970-07-10,590.6067,simulation
1970-07-11,599.27954,simulation
1970-07-12,599.0989,simulation
1970-07-13,595.3557,simulation
1970-07-14,593.19434,simulation
1970-07-15,588.724,simulation
1970-07-16,586.31793,simulation
1970-07-17,589.0348,simulation
1970-07-18,601.07465,simulation
1970-07-19,596.3777,simulation
1970-07-20,593.25635,simulation
1970-07-21,592.41785,simulation
1970-07-22,619.9605,simulation
1970-07-23,623.5795,simulation
1970-07-24,622.4982,simulation
1970-07-25,622.9575,simulation
1970-07-26,635.8684,simulation
1970-07-27,632.09735,simulation
1970-07-28,627.3344,simulation
1970-07-29,623.63654,simulation
1970-07-30,618.95654,simulation
1970-07-31,614.2567,simulation
1970-08-01,609.5948,simulation
1970-08-02,608.2684,simulation
1970-08-03,603.26654,simulation
1970-08-04,601.69574,simulation
1970-08-05,616.3832,simulation
1970-08-06,614.634,simulation
1970-08-07,611.76666,simulation
1970-08-08,644.7308,simulation
1970-08-09,654.7176,simulation
1970-08-10,652.3958,simulation
1970-08-11,662.46094,simulation
1970-08-12,672.334,simulation
1970-08-13,669.5472,simulation
1970-08-14,664.6611,simulation
1970-08-15,659.37317,simulation
1970-08-16,663.3379,simulation
1970-08-17,659.7996,simulation
1970-08-18,668.1545,simulation
1970-08-19,666.9604,simulation
1970-08-20,664.76044,simulation
1970-08-21,669.902,simulation
1970-08-22,677.34503,simulation
1970-08-23,694.80457,simulation
1970-08-24,702.1147,simulation
1970-08-25,698.2223,simulation
1970-08-26,692.52216,simulation
1970-08-27,688.71783,simulation
1970-08-28,690.611,simulation
1970-08-29,688.1818,simulation
1970-08-30,689.49615,simulation
1970-08-31,684.85284,simulation
1970-09-01,681.26776,simulation
1970-09-02,678.36285,simulation
1970-09-03,675.2154,simulation
1970-09-04,674.10034,simulation
1970-09-05,670.74255,simulation
1970-09-06,666.89465,simulation
1970-09-07,661.96106,simulation
1970-09-08,683.6388,simulation
1970-09-09,686.8381,simulation
1970-09-10,681.31006,simulation
1970-09-11,685.8706,simulation
1970-09-12,681.91956,simulation
1970-09-13,677.3847,simulation
1970-09-14,672.1147,simulation
1970-09-15,666.215,simulation
1970-09-16,661.9652,simulation
1970-09-17,659.0748,simulation
1970-09-18,656.3513,simulation
1970-09-19,653.3813,simulation
1970-09-20,648.36053,simulation
1970-09-21,644.37915,simulation
1970-09-22,641.00134,simulation
1970-09-23,636.97314,simulation
1970-09-24,647.16956,simulation
1970-09-25,654.8551,simulation
1970-09-26,655.29285,simulation
1970-09-27,655.17236,simulation
1970-09-28,654.5668,simulation
1970-09-29,650.0299,simulation
1970-09-30,645.1814,simulation
1970-10-01,640.73004,simulation
1970-10-02,636.41815,simulation
1970-10-03,633.84595,simulation
1970-10-04,630.70197,simulation
1970-10-05,625.90137,simulation
1970-10-06,623.9011,simulation
1970-10-07,629.1823,simulation
1970-10-08,655.1325,simulation
1970-10-09,653.2889,simulation
1970-10-10,673.1319,simulation
1970-10-11,669.26953,simulation
1970-10-12,671.0205,simulation
1970-10-13,693.3347,simulation
1970-10-14,737.3775,simulation
1970-10-15,732.36066,simulation
1970-10-16,729.45776,simulation
1970-10-17,723.3355,simulation
1970-10-18,719.5225,simulation
1970-10-19,740.4945,simulation
1970-10-20,786.5308,simulation
1970-10-21,774.03296,simulation
1970-10-22,764.4423,simulation
1970-10-23,754.56433,simulation
1970-10-24,749.7712,simulation
1970-10-25,743.3809,simulation
1970-10-26,737.0952,simulation
1970-10-27,730.65283,simulation
1970-10-28,727.0277,simulation
1970-10-29,727.7508,simulation
1970-10-30,729.6771,simulation
1970-10-31,724.7274,simulation
1970-11-01,720.05096,simulation
1970-11-02,717.3343,simulation
1970-11-03,715.313,simulation
1970-11-04,712.65283,simulation
1970-11-05,710.6015,simulation
1970-11-06,707.0796,simulation
1970-11-07,703.4753,simulation
1970-11-08,700.30054,simulation
1970-11-09,697.4528,simulation
1970-11-10,703.636,simulation
1970-11-11,700.93164,simulation
1970-11-12,699.6861,simulation
1970-11-13,698.72504,simulation
1970-11-14,727.95135,simulation
1970-11-15,726.3048,simulation
1970-11-16,724.30994,simulation
1970-11-17,720.7523,simulation
1970-11-18,718.1327,simulation
1970-11-19,714.5608,simulation
1970-11-20,716.7201,simulation
1970-11-21,714.1126,simulation
1970-11-22,710.7751,simulation
1970-11-23,709.0134,simulation
1970-11-24,705.46796,simulation
1970-11-25,703.3066,simulation
1970-11-26,701.1783,simulation
1970-11-27,699.0217,simulation
1970-11-28,697.6205,simulation
1970-11-29,696.5802,simulation
1970-11-30,694.87036,simulation
1970-12-01,692.60925,simulation
1970-12-02,691.2214,simulation
1970-12-03,690.1051,simulation
1970-12-04,689.19836,simulation
1970-12-05,685.9985,simulation
1970-12-06,684.8398,simulation
1970-12-07,681.64984,simulation
1970-12-08,679.56323,simulation
1970-12-09,677.7335,simulation
1970-12-10,676.53326,simulation
1970-12-11,680.4176,simulation
1970-12-12,705.99445,simulation
1970-12-13,704.71796,simulation
1970-12-14,703.4237,simulation
1970-12-15,701.8164,simulation
1970-12-16,731.5261,simulation
1970-12-17,728.7701,simulation
1970-12-18,725.4497,simulation
1970-12-19,722.86163,simulation
1970-12-20,722.7472,simulation
1970-12-21,720.70526,simulation
1970-12-22,717.57324,simulation
1970-12-23,715.5327,simulation
1970-12-24,724.84717,simulation
1970-12-25,721.26196,simulation
1970-12-26,720.5787,simulation
1970-12-27,718.05475,simulation
1970-12-28,715.5059,simulation
1970-12-29,714.9928,simulation
1970-12-30,738.35016,simulation
1970-12-31,754.8788,simulation
1971-01-01,749.4987,simulation
1971-01-02,744.2298,simulation
1971-01-03,739.4529,simulation
1971-01-04,737.4566,simulation
1971-01-05,761.12506,simulation
1971-01-06,754.34155,simulation
1971-01-07,748.4977,simulation
1971-01-08,744.57166,simulation
1971-01-09,744.199,simulation
1971-01-10,741.648,simulation
1971-01-11,750.2671,simulation
1971-01-12,745.2472,simulation
1971-01-13,741.1,simulation
1971-01-14,737.6312,simulation
1971-01-15,745.5042,simulation
1971-01-16,742.9156,simulation
1971-01-17,738.6476,simulation
1971-01-18,734.73865,simulation
1971-01-19,731.8266,simulation
1971-01-20,727.8457,simulation
1971-01-21,724.76843,simulation
1971-01-22,721.65326,simulation
1971-01-23,720.1688,simulation
1971-01-24,732.33795,simulation
1971-01-25,745.4674,simulation
1971-01-26,741.264,simulation
1971-01-27,735.21204,simulation
1971-01-28,730.59283,simulation
1971-01-29,726.7394,simulation
1971-01-30,723.8661,simulation
1971-01-31,721.2475,simulation
1971-02-01,718.91125,simulation
1971-02-02,715.2375,simulation
1971-02-03,712.92236,simulation
1971-02-04,710.9003,simulation
1971-02-05,741.5643,simulation
1971-02-06,736.3738,simulation
1971-02-07,731.8023,simulation
1971-02-08,743.03204,simulation
1971-02-09,739.4794,simulation
1971-02-10,735.5615,simulation
1971-02-11,731.381,simulation
1971-02-12,729.0061,simulation
1971-02-13,752.13824,simulation
1971-02-14,746.6724,simulation
1971-02-15,741.02,simulation
1971-02-16,736.4386,simulation
1971-02-17,731.3243,simulation
1971-02-18,726.74603,simulation
1971-02-19,722.759,simulation
1971-02-20,746.33325,simulation
1971-02-21,769.1355,simulation
1971-02-22,794.1638,simulation
1971-02-23,776.97345,simulation
1971-02-24,764.59924,simulation
1971-02-25,756.3186,simulation
1971-02-26,748.96405,simulation
1971-02-27,776.6495,simulation
1971-02-28,763.3913,simulation
1971-03-01,757.55585,simulation
1971-03-02,787.7573,simulation
1971-03-03,810.42993,simulation
1971-03-04,790.18884,simulation
1971-03-05,774.4321,simulation
1971-03-06,762.95465,simulation
1971-03-07,762.3524,simulation
1971-03-08,753.1754,simulation
1971-03-09,745.4851,simulation
1971-03-10,741.88086,simulation
1971-03-11,745.28015,simulation
1971-03-12,739.7156,simulation
1971-03-13,745.6076,simulation
1971-03-14,765.1458,simulation
1971-03-15,756.70966,simulation
1971-03-16,746.61926,simulation
1971-03-17,738.53625,simulation
1971-03-18,731.77936,simulation
1971-03-19,773.9897,simulation
1971-03-20,761.4774,simulation
1971-03-21,751.4235,simulation
1971-03-22,747.0689,simulation
1971-03-23,742.2533,simulation
1971-03-24,738.6923,simulation
1971-03-25,732.3471,simulation
1971-03-26,772.1907,simulation
1971-03-27,763.29236,simulation
1971-03-28,752.78125,simulation
1971-03-29,747.911,simulation
1971-03-30,753.87427,simulation
1971-03-31,744.7299,simulation
1971-04-01,737.4204,simulation
1971-04-02,760.5391,simulation
1971-04-03,750.02496,simulation
1971-04-04,741.19214,simulation
1971-04-05,733.66254,simulation
1971-04-06,729.15424,simulation
1971-04-07,724.9475,simulation
1971-04-08,718.486,simulation
1971-04-09,712.9651,simulation
1971-04-10,706.48676,simulation
1971-04-11,700.849,simulation
1971-04-12,694.511,simulation
1971-04-13,687.5463,simulation
1971-04-14,682.37256,simulation
1971-04-15,677.56195,simulation
1971-04-16,673.473,simulation
1971-04-17,668.8305,simulation
1971-04-18,665.95154,simulation
1971-04-19,666.2857,simulation
1971-04-20,660.75745,simulation
1971-04-21,668.73236,simulation
1971-04-22,682.33356,simulation
1971-04-23,710.57074,simulation
1971-04-24,707.97925,simulation
1971-04-25,701.2424,simulation
1971-04-26,696.9822,simulation
1971-04-27,694.5185,simulation
1971-04-28,692.956,simulation
1971-04-29,687.20264,simulation
1971-04-30,728.73724,simulation
1971-05-01,726.86554,simulation
1971-05-02,719.6738,simulation
1971-05-03,714.8289,simulation
1971-05-04,710.0585,simulation
1971-05-05,703.4684,simulation
1971-05-06,700.99335,simulation
1971-05-07,700.94775,simulation
1971-05-08,714.09564,simulation
1971-05-09,709.54645,simulation
1971-05-10,713.2935,simulation
1971-05-11,714.72815,simulation
1971-05-12,729.29004,simulation
1971-05-13,795.00653,simulation
1971-05-14,779.85504,simulation
1971-05-15,766.304,simulation
1971-05-16,755.305,simulation
1971-05-17,744.2343,simulation
1971-05-18,734.0157,simulation
1971-05-19,726.6465,simulation
1971-05-20,722.08746,simulation
1971-05-21,730.77246,simulation
1971-05-22,721.7657,simulation
1971-05-23,716.5485,simulation
1971-05-24,710.9664,simulation
1971-05-25,711.0295,simulation
1971-05-26,705.6195,simulation
1971-05-27,698.8611,simulation
1971-05-28,699.7994,simulation
1971-05-29,696.97314,simulation
1971-05-30,690.98474,simulation
1971-05-31,685.83484,simulation
1971-06-01,680.8991,simulation
1971-06-02,676.7281,simulation
1971-06-03,670.962,simulation
1971-06-04,665.478,simulation
1971-06-05,662.78723,simulation
1971-06-06,657.17017,simulation
1971-06-07,659.8715,simulation
1971-06-08,662.4909,simulation
1971-06-09,656.8367,simulation
1971-06-10,652.8589,simulation
1971-06-11,649.8266,simulation
1971-06-12,644.5658,simulation
1971-06-13,640.46124,simulation
1971-06-14,635.8431,simulation
1971-06-15,630.0181,simulation
1971-06-16,623.75793,simulation
1971-06-17,619.9301,simulation
1971-06-18,633.8311,simulation
1971-06-19,628.438,simulation
1971-06-20,627.0847,simulation
1971-06-21,634.3274,simulation
1971-06-22,638.12256,simulation
1971-06-23,638.3771,simulation
1971-06-24,654.25323,simulation
1971-06-25,648.73346,simulation
1971-06-26,647.6247,simulation
1971-06-27,647.47845,simulation
1971-06-28,649.6288,simulation
1971-06-29,645.87787,simulation
1971-06-30,662.1613,simulation
1971-07-01,659.9688,simulation
1971-07-02,668.7283,simulation
1971-07-03,668.1064,simulation
1971-07-04,664.77496,simulation
1971-07-05,661.10815,simulation
1971-07-06,656.83606,simulation
1971-07-07,654.10065,simulation
1971-07-08,653.6314,simulation
1971-07-09,649.6843,simulation
1971-07-10,646.4093,simulation
1971-07-11,643.39166,simulation
1971-07-12,637.9395,simulation
1971-07-13,633.34204,simulation
1971-07-14,638.4772,simulation
1971-07-15,634.30237,simulation
1971-07-16,628.31256,simulation
1971-07-17,644.4456,simulation
1971-07-18,653.0163,simulation
1971-07-19,647.9225,simulation
1971-07-20,643.214,simulation
1971-07-21,648.6618,simulation
1971-07-22,644.01154,simulation
1971-07-23,638.00696,simulation
1971-07-24,642.22363,simulation
1971-07-25,662.4265,simulation
1971-07-26,667.4274,simulation
1971-07-27,673.4718,simulation
1971-07-28,698.38495,simulation
1971-07-29,706.5018,simulation
1971-07-30,711.20056,simulation
1971-07-31,710.72394,simulation
1971-08-01,708.94434,simulation
1971-08-02,706.8528,simulation
1971-08-03,710.17065,simulation
1971-08-04,711.5227,simulation
1971-08-05,719.40344,simulation
1971-08-06,713.7308,simulation
1971-08-07,712.07996,simulation
1971-08-08,710.0371,simulation
1971-08-09,711.82086,simulation
1971-08-10,709.1434,simulation
1971-08-11,705.6635,simulation
1971-08-12,706.5569,simulation
1971-08-13,700.7648,simulation
1971-08-14,694.56525,simulation
1971-08-15,689.05493,simulation
1971-08-16,684.34845,simulation
1971-08-17,678.6452,simulation
1971-08-18,674.25775,simulation
1971-08-19,669.0704,simulation
1971-08-20,663.9504,simulation
1971-08-21,658.6936,simulation
1971-08-22,664.6435,simulation
1971-08-23,662.28754,simulation
1971-08-24,663.0968,simulation
1971-08-25,658.51575,simulation
1971-08-26,654.7125,simulation
1971-08-27,649.24255,simulation
1971-08-28,643.2974,simulation
1971-08-29,637.7803,simulation
1971-08-30,631.8769,simulation
1971-08-31,634.85583,simulation
1971-09-01,641.0143,simulation
1971-09-02,648.6457,simulation
1971-09-03,658.7772,simulation
1971-09-04,655.40466,simulation
1971-09-05,662.5336,simulation
1971-09-06,662.9053,simulation
1971-09-07,664.7398,simulation
1971-09-08,660.09314,simulation
1971-09-09,655.5818,simulation
1971-09-10,652.383,simulation
1971-09-11,649.0963,simulation
1971-09-12,648.8662,simulation
1971-09-13,644.5734,simulation
1971-09-14,638.95874,simulation
1971-09-15,633.24066,simulation
1971-09-16,632.0832,simulation
1971-09-17,716.5865,simulation
1971-09-18,716.0331,simulation
1971-09-19,712.08936,simulation
1971-09-20,714.094,simulation
1971-09-21,713.20526,simulation
1971-09-22,710.5684,simulation
1971-09-23,705.62744,simulation
1971-09-24,703.4018,simulation
1971-09-25,700.4585,simulation
1971-09-26,699.3648,simulation
1971-09-27,700.86115,simulation
1971-09-28,698.59784,simulation
1971-09-29,693.8469,simulation
1971-09-30,689.03735,simulation
1971-10-01,684.56995,simulation
1971-10-02,679.94086,simulation
1971-10-03,675.49445,simulation
1971-10-04,671.86206,simulation
1971-10-05,669.5587,simulation
1971-10-06,684.80536,simulation
1971-10-07,680.8143,simulation
1971-10-08,675.8651,simulation
1971-10-09,672.0653,simulation
1971-10-10,671.21466,simulation
1971-10-11,666.7519,simulation
1971-10-12,662.8629,simulation
1971-10-13,659.30963,simulation
1971-10-14,658.55225,simulation
1971-10-15,655.90533,simulation
1971-10-16,653.49835,simulation
1971-10-17,651.8343,simulation
1971-10-18,650.6866,simulation
1971-10-19,650.1177,simulation
1971-10-20,646.00806,simulation
1971-10-21,645.6274,simulation
1971-10-22,645.2231,simulation
1971-10-23,644.07306,simulation
1971-10-24,645.47656,simulation
1971-10-25,645.1387,simulation
1971-10-26,643.4622,simulation
1971-10-27,640.8174,simulation
1971-10-28,637.4613,simulation
1971-10-29,634.67706,simulation
1971-10-30,631.0213,simulation
1971-10-31,630.11383,simulation
1971-11-01,629.7055,simulation
1971-11-02,627.65497,simulation
1971-11-03,631.0014,simulation
1971-11-04,632.44965,simulation
1971-11-05,629.7012,simulation
1971-11-06,626.8023,simulation
1971-11-07,626.185,simulation
1971-11-08,622.8783,simulation
1971-11-09,620.4494,simulation
1971-11-10,630.4045,simulation
1971-11-11,628.5989,simulation
1971-11-12,626.56494,simulation
1971-11-13,624.17896,simulation
1971-11-14,623.2943,simulation
1971-11-15,622.9202,simulation
1971-11-16,621.3541,simulation
1971-11-17,619.1368,simulation
1971-11-18,617.9691,simulation
1971-11-19,616.71606,simulation
1971-11-20,624.86456,simulation
1971-11-21,623.0187,simulation
1971-11-22,620.41174,simulation
1971-11-23,619.84015,simulation
1971-11-24,634.7202,simulation
1971-11-25,634.7083,simulation
1971-11-26,634.29535,simulation
1971-11-27,634.08325,simulation
1971-11-28,632.3811,simulation
1971-11-29,648.2823,simulation
1971-11-30,646.6974,simulation
1971-12-01,645.4877,simulation
1971-12-02,651.8263,simulation
1971-12-03,702.1378,simulation
1971-12-04,705.1339,simulation
1971-12-05,704.61816,simulation
1971-12-06,725.3305,simulation
1971-12-07,806.436,simulation
1971-12-08,787.73474,simulation
1971-12-09,774.86145,simulation
1971-12-10,764.9858,simulation
1971-12-11,778.5242,simulation
1971-12-12,767.6203,simulation
1971-12-13,767.1278,simulation
1971-12-14,759.6324,simulation
1971-12-15,753.56445,simulation
1971-12-16,765.34985,simulation
1971-12-17,757.6602,simulation
1971-12-18,769.64813,simulation
1971-12-19,759.8675,simulation
1971-12-20,764.4619,simulation
1971-12-21,760.0565,simulation
1971-12-22,752.7506,simulation
1971-12-23,746.3509,simulation
1971-12-24,741.61743,simulation
1971-12-25,737.8109,simulation
1971-12-26,734.1704,simulation
1971-12-27,731.00854,simulation
1971-12-28,728.16895,simulation
1971-12-29,738.51044,simulation
1971-12-30,739.2107,simulation
1971-12-31,740.84735,simulation
1972-01-01,736.8521,simulation
1972-01-02,738.30273,simulation
1972-01-03,753.1746,simulation
1972-01-04,748.9419,simulation
1972-01-05,793.2629,simulation
1972-01-06,781.1768,simulation
1972-01-07,769.7008,simulation
1972-01-08,760.8453,simulation
1972-01-09,753.26636,simulation
1972-01-10,803.0843,simulation
1972-01-11,799.0462,simulation
1972-01-12,782.6475,simulation
1972-01-13,769.5778,simulation
1972-01-14,760.5957,simulation
1972-01-15,753.1267,simulation
1972-01-16,746.32996,simulation
1972-01-17,741.24554,simulation
1972-01-18,736.4923,simulation
1972-01-19,732.63605,simulation
1972-01-20,729.5007,simulation
1972-01-21,741.0882,simulation
1972-01-22,747.1593,simulation
1972-01-23,744.0464,simulation
1972-01-24,739.8273,simulation
1972-01-25,734.65735,simulation
1972-01-26,728.817,simulation
1972-01-27,725.39105,simulation
1972-01-28,723.0221,simulation
1972-01-29,721.7285,simulation
1972-01-30,758.6009,simulation
1972-01-31,773.7071,simulation
1972-02-01,763.81506,simulation
1972-02-02,756.92236,simulation
1972-02-03,766.7377,simulation
1972-02-04,759.47296,simulation
1972-02-05,751.9851,simulation
1972-02-06,745.69794,simulation
1972-02-07,775.8821,simulation
1972-02-08,766.2856,simulation
1972-02-09,758.127,simulation
1972-02-10,750.784,simulation
1972-02-11,745.5384,simulation
1972-02-12,740.94727,simulation
1972-02-13,759.2673,simulation
1972-02-14,752.28534,simulation
1972-02-15,746.2556,simulation
1972-02-16,741.98474,simulation
1972-02-17,741.6303,simulation
1972-02-18,736.67426,simulation
1972-02-19,735.296,simulation
1972-02-20,729.35046,simulation
1972-02-21,726.1427,simulation
1972-02-22,721.80786,simulation
1972-02-23,720.1922,simulation
1972-02-24,716.98627,simulation
1972-02-25,713.5585,simulation
1972-02-26,711.12335,simulation
1972-02-27,709.3391,simulation
1972-02-28,708.4084,simulation
1972-02-29,704.2333,simulation
1972-03-01,714.48145,simulation
1972-03-02,724.3587,simulation
1972-03-03,762.4692,simulation
1972-03-04,755.5844,simulation
1972-03-05,751.12695,simulation
1972-03-06,742.85596,simulation
1972-03-07,736.1973,simulation
1972-03-08,731.93414,simulation
1972-03-09,750.50146,simulation
1972-03-10,742.4934,simulation
1972-03-11,735.63184,simulation
1972-03-12,728.55414,simulation
1972-03-13,722.6395,simulation
1972-03-14,718.71576,simulation
1972-03-15,716.5179,simulation
1972-03-16,713.1256,simulation
1972-03-17,726.38965,simulation
1972-03-18,720.5377,simulation
1972-03-19,719.8161,simulation
1972-03-20,714.5231,simulation
1972-03-21,710.72046,simulation
1972-03-22,708.13544,simulation
1972-03-23,702.0377,simulation
1972-03-24,696.4588,simulation
1972-03-25,694.4901,simulation
1972-03-26,693.4372,simulation
1972-03-27,691.69214,simulation
1972-03-28,701.3555,simulation
1972-03-29,722.50397,simulation
1972-03-30,724.13336,simulation
1972-03-31,720.185,simulation
1972-04-01,715.4363,simulation
1972-04-02,710.87244,simulation
1972-04-03,705.5127,simulation
1972-04-04,700.5877,simulation
1972-04-05,724.038,simulation
1972-04-06,719.6592,simulation
1972-04-07,717.21893,simulation
1972-04-08,712.2202,simulation
1972-04-09,708.94653,simulation
1972-04-10,703.2254,simulation
1972-04-11,698.0609,simulation
1972-04-12,696.21814,simulation
1972-04-13,693.28375,simulation
1972-04-14,688.36646,simulation
1972-04-15,683.66766,simulation
1972-04-16,679.5296,simulation
1972-04-17,692.4031,simulation
1972-04-18,685.9701,simulation
1972-04-19,679.9385,simulation
1972-04-20,674.6338,simulation
1972-04-21,671.8767,simulation
1972-04-22,682.80554,simulation
1972-04-23,685.28503,simulation
1972-04-24,679.14856,simulation
1972-04-25,673.3349,simulation
1972-04-26,667.46466,simulation
1972-04-27,664.93274,simulation
1972-04-28,661.71625,simulation
1972-04-29,661.0926,simulation
1972-04-30,666.778,simulation
1972-05-01,663.9308,simulation
1972-05-02,661.4021,simulation
1972-05-03,681.33685,simulation
1972-05-04,678.05524,simulation
1972-05-05,671.7344,simulation
1972-05-06,667.7717,simulation
1972-05-07,665.65765,simulation
1972-05-08,681.0326,simulation
1972-05-09,678.77454,simulation
1972-05-10,674.34564,simulation
1972-05-11,672.05304,simulation
1972-05-12,671.826,simulation
1972-05-13,693.5336,simulation
1972-05-14,691.04047,simulation
1972-05-15,688.9628,simulation
1972-05-16,683.1787,simulation
1972-05-17,676.5509,simulation
1972-05-18,675.1895,simulation
1972-05-19,669.08435,simulation
1972-05-20,662.3541,simulation
1972-05-21,656.18915,simulation
1972-05-22,649.5895,simulation
1972-05-23,642.92957,simulation
1972-05-24,637.3335,simulation
1972-05-25,637.5635,simulation
1972-05-26,631.114,simulation
1972-05-27,626.13654,simulation
1972-05-28,622.4566,simulation
1972-05-29,618.1397,simulation
1972-05-30,614.64435,simulation
1972-05-31,611.8517,simulation
1972-06-01,609.3256,simulation
1972-06-02,602.8596,simulation
1972-06-03,596.2093,simulation
1972-06-04,589.19934,simulation
1972-06-05,583.1632,simulation
1972-06-06,576.42834,simulation
1972-06-07,569.59467,simulation
1972-06-08,565.74414,simulation
1972-06-09,561.78253,simulation
1972-06-10,559.45953,simulation
1972-06-11,569.6701,simulation
1972-06-12,572.16266,simulation
1972-06-13,567.2532,simulation
1972-06-14,565.32556,simulation
1972-06-15,562.649,simulation
1972-06-16,582.0765,simulation
1972-06-17,582.02875,simulation
1972-06-18,580.2569,simulation
1972-06-19,573.9886,simulation
1972-06-20,571.011,simulation
1972-06-21,564.8599,simulation
1972-06-22,560.72864,simulation
1972-06-23,558.9454,simulation
1972-06-24,554.414,simulation
1972-06-25,551.2517,simulation
1972-06-26,566.2062,simulation
1972-06-27,563.7264,simulation
1972-06-28,559.3076,simulation
1972-06-29,554.9675,simulation
1972-06-30,606.36865,simulation
1972-07-01,604.9037,simulation
1972-07-02,602.1394,simulation
1972-07-03,600.95984,simulation
1972-07-04,606.85675,simulation
1972-07-05,618.50824,simulation
1972-07-06,618.18066,simulation
1972-07-07,612.3516,simulation
1972-07-08,606.5304,simulation
1972-07-09,601.3974,simulation
1972-07-10,598.0976,simulation
1972-07-11,592.7962,simulation
1972-07-12,586.61957,simulation
1972-07-13,596.10034,simulation
1972-07-14,599.26086,simulation
1972-07-15,600.47455,simulation
1972-07-16,597.5859,simulation
1972-07-17,594.60095,simulation
1972-07-18,590.8328,simulation
1972-07-19,590.7385,simulation
1972-07-20,587.2181,simulation
1972-07-21,584.80304,simulation
1972-07-22,579.12537,simulation
1972-07-23,574.13776,simulation
1972-07-24,572.77124,simulation
1972-07-25,568.0612,simulation
1972-07-26,564.754,simulation
1972-07-27,592.3485,simulation
1972-07-28,588.6356,simulation
1972-07-29,587.7076,simulation
1972-07-30,610.38806,simulation
1972-07-31,618.5008,simulation
1972-08-01,616.2251,simulation
1972-08-02,611.5682,simulation
1972-08-03,607.65515,simulation
1972-08-04,602.115,simulation
1972-08-05,597.4818,simulation
1972-08-06,592.12573,simulation
1972-08-07,585.69366,simulation
1972-08-08,578.0758,simulation
1972-08-09,573.83105,simulation
1972-08-10,568.4993,simulation
1972-08-11,566.5576,simulation
1972-08-12,573.5813,simulation
1972-08-13,573.8344,simulation
1972-08-14,572.7751,simulation
1972-08-15,567.7383,simulation
1972-08-16,568.621,simulation
1972-08-17,563.19244,simulation
1972-08-18,561.1709,simulation
1972-08-19,555.65533,simulation
1972-08-20,550.5762,simulation
1972-08-21,545.3283,simulation
1972-08-22,539.72217,simulation
1972-08-23,548.29565,simulation
1972-08-24,552.35443,simulation
1972-08-25,548.0133,simulation
1972-08-26,548.31866,simulation
1972-08-27,548.37067,simulation
1972-08-28,544.1376,simulation
1972-08-29,538.81836,simulation
1972-08-30,534.8077,simulation
1972-08-31,529.1652,simulation
1972-09-01,524.9464,simulation
1972-09-02,519.81744,simulation
1972-09-03,515.33734,simulation
1972-09-04,515.30005,simulation
1972-09-05,511.84302,simulation
1972-09-06,512.01184,simulation
1972-09-07,509.06204,simulation
1972-09-08,506.6302,simulation
1972-09-09,503.45303,simulation
1972-09-10,499.7308,simulation
1972-09-11,494.64844,simulation
1972-09-12,489.81384,simulation
1972-09-13,483.83792,simulation
1972-09-14,478.1791,simulation
1972-09-15,472.85977,simulation
1972-09-16,468.0185,simulation
1972-09-17,475.89313,simulation
1972-09-18,476.38177,simulation
1972-09-19,474.19632,simulation
1972-09-20,470.06046,simulation
1972-09-21,465.38553,simulation
1972-09-22,464.91125,simulation
1972-09-23,474.41403,simulation
1972-09-24,472.31238,simulation
1972-09-25,468.75403,simulation
1972-09-26,467.45755,simulation
1972-09-27,483.9195,simulation
1972-09-28,487.00638,simulation
1972-09-29,486.29556,simulation
1972-09-30,491.84323,simulation
1972-10-01,492.69086,simulation
1972-10-02,488.72015,simulation
1972-10-03,484.97998,simulation
1972-10-04,483.69678,simulation
1972-10-05,481.22406,simulation
1972-10-06,478.18338,simulation
1972-10-07,476.46478,simulation
1972-10-08,475.88794,simulation
1972-10-09,473.47012,simulation
1972-10-10,469.6687,simulation
1972-10-11,465.47174,simulation
1972-10-12,461.69946,simulation
1972-10-13,459.61166,simulation
1972-10-14,457.14352,simulation
1972-10-15,453.80298,simulation
1972-10-16,451.56857,simulation
1972-10-17,448.36163,simulation
1972-10-18,445.1698,simulation
1972-10-19,443.8705,simulation
1972-10-20,445.74744,simulation
1972-10-21,445.53995,simulation
1972-10-22,444.57703,simulation
1972-10-23,509.03775,simulation
1972-10-24,508.8762,simulation
1972-10-25,508.29538,simulation
1972-10-26,508.31418,simulation
1972-10-27,512.5728,simulation
1972-10-28,540.68304,simulation
1972-10-29,540.9362,simulation
1972-10-30,540.9182,simulation
1972-10-31,540.3028,simulation
1972-11-01,538.97406,simulation
1972-11-02,537.215,simulation
1972-11-03,549.04486,simulation
1972-11-04,548.6702,simulation
1972-11-05,545.83264,simulation
1972-11-06,545.0644,simulation
1972-11-07,544.0389,simulation
1972-11-08,555.7987,simulation
1972-11-09,553.5539,simulation
1972-11-10,553.17456,simulation
1972-11-11,551.40015,simulation
1972-11-12,551.4268,simulation
1972-11-13,549.0321,simulation
1972-11-14,576.30225,simulation
1972-11-15,575.8359,simulation
1972-11-16,575.71857,simulation
1972-11-17,575.7663,simulation
1972-11-18,575.5236,simulation
1972-11-19,586.3773,simulation
1972-11-20,590.6375,simulation
1972-11-21,590.5006,simulation
1972-11-22,590.4006,simulation
1972-11-23,590.2175,simulation
1972-11-24,590.0073,simulation
1972-11-25,597.2257,simulation
1972-11-26,622.3482,simulation
1972-11-27,620.15704,simulation
1972-11-28,618.877,simulation
1972-11-29,620.4003,simulation
1972-11-30,622.5343,simulation
1972-12-01,621.8943,simulation
1972-12-02,620.62775,simulation
1972-12-03,619.3607,simulation
1972-12-04,618.5608,simulation
1972-12-05,622.24255,simulation
1972-12-06,632.26764,simulation
1972-12-07,660.4758,simulation
1972-12-08,660.02026,simulation
1972-12-09,659.45166,simulation
1972-12-10,659.5027,simulation
1972-12-11,663.791,simulation
1972-12-12,664.10114,simulation
1972-12-13,667.90405,simulation
1972-12-14,669.6452,simulation
1972-12-15,679.0812,simulation
1972-12-16,703.5353,simulation
1972-12-17,701.1005,simulation
1972-12-18,699.3691,simulation
1972-12-19,697.5736,simulation
1972-12-20,704.1717,simulation
1972-12-21,772.0611,simulation
1972-12-22,779.17993,simulation
1972-12-23,769.0079,simulation
1972-12-24,761.1681,simulation
1972-12-25,754.36664,simulation
1972-12-26,748.67584,simulation
1972-12-27,744.09625,simulation
1972-12-28,739.31537,simulation
1972-12-29,735.13165,simulation
1972-12-30,731.7262,simulation
1972-12-31,777.09753,simulation
1973-01-01,766.7576,simulation
1973-01-02,764.49615,simulation
1973-01-03,763.2021,simulation
1973-01-04,770.5685,simulation
1973-01-05,761.9958,simulation
1973-01-06,759.1474,simulation
1973-01-07,758.0244,simulation
1973-01-08,773.2216,simulation
1973-01-09,764.3749,simulation
1973-01-10,757.3422,simulation
1973-01-11,751.70184,simulation
1973-01-12,746.499,simulation
1973-01-13,742.52734,simulation
1973-01-14,738.54803,simulation
1973-01-15,734.6105,simulation
1973-01-16,730.30646,simulation
1973-01-17,726.3426,simulation
1973-01-18,723.80035,simulation
1973-01-19,721.8369,simulation
1973-01-20,718.12506,simulation
1973-01-21,715.9192,simulation
1973-01-22,737.2181,simulation
1973-01-23,731.8753,simulation
1973-01-24,728.3664,simulation
1973-01-25,724.94653,simulation
1973-01-26,723.5992,simulation
1973-01-27,724.94934,simulation
1973-01-28,724.79474,simulation
1973-01-29,722.58075,simulation
1973-01-30,719.9825,simulation
1973-01-31,717.84973,simulation
1973-02-01,715.86163,simulation
1973-02-02,754.3221,simulation
1973-02-03,747.2473,simulation
1973-02-04,741.08746,simulation
1973-02-05,736.13855,simulation
1973-02-06,731.82715,simulation
1973-02-07,728.92975,simulation
1973-02-08,727.29877,simulation
1973-02-09,755.27844,simulation
1973-02-10,749.6262,simulation
1973-02-11,743.7987,simulation
1973-02-12,739.35077,simulation
1973-02-13,735.50104,simulation
1973-02-14,795.2709,simulation
1973-02-15,780.1108,simulation
1973-02-16,768.3461,simulation
1973-02-17,759.72986,simulation
1973-02-18,753.3635,simulation
1973-02-19,746.9721,simulation
1973-02-20,741.8704,simulation
1973-02-21,737.43976,simulation
1973-02-22,734.014,simulation
1973-02-23,730.4256,simulation
1973-02-24,726.5086,simulation
1973-02-25,727.0848,simulation
1973-02-26,723.0992,simulation
1973-02-27,719.3458,simulation
1973-02-28,715.10596,simulation
1973-03-01,711.34735,simulation
1973-03-02,709.39844,simulation
1973-03-03,732.41315,simulation
1973-03-04,727.8416,simulation
1973-03-05,746.0411,simulation
1973-03-06,741.5135,simulation
1973-03-07,762.7,simulation
1973-03-08,752.7194,simulation
1973-03-09,747.52844,simulation
1973-03-10,742.3637,simulation
1973-03-11,741.70483,simulation
1973-03-12,773.97876,simulation
1973-03-13,761.57227,simulation
1973-03-14,754.41504,simulation
1973-03-15,747.6872,simulation
1973-03-16,742.2009,simulation
1973-03-17,783.265,simulation
1973-03-18,768.63983,simulation
1973-03-19,757.75616,simulation
1973-03-20,750.02783,simulation
1973-03-21,750.74805,simulation
1973-03-22,744.281,simulation
1973-03-23,738.5446,simulation
1973-03-24,732.1655,simulation
1973-03-25,831.2316,simulation
1973-03-26,802.75757,simulation
1973-03-27,784.5556,simulation
1973-03-28,771.53326,simulation
1973-03-29,765.19446,simulation
1973-03-30,757.6812,simulation
1973-03-31,842.377,simulation
1973-04-01,814.1132,simulation
1973-04-02,787.7909,simulation
1973-04-03,773.0815,simulation
1973-04-04,767.97845,simulation
1973-04-05,759.42993,simulation
1973-04-06,750.2314,simulation
1973-04-07,746.344,simulation
1973-04-08,784.5376,simulation
1973-04-09,768.5863,simulation
1973-04-10,760.0819,simulation
1973-04-11,749.4329,simulation
1973-04-12,740.8728,simulation
1973-04-13,732.8376,simulation
1973-04-14,726.1866,simulation
1973-04-15,720.1505,simulation
1973-04-16,716.684,simulation
1973-04-17,745.42535,simulation
1973-04-18,779.6178,simulation
1973-04-19,796.2373,simulation
1973-04-20,779.1208,simulation
1973-04-21,764.79877,simulation
1973-04-22,754.7682,simulation
1973-04-23,747.32697,simulation
1973-04-24,742.0455,simulation
1973-04-25,793.8011,simulation
1973-04-26,822.1194,simulation
1973-04-27,810.4399,simulation
1973-04-28,787.153,simulation
1973-04-29,769.2267,simulation
1973-04-30,755.55524,simulation
1973-05-01,747.42194,simulation
1973-05-02,741.87634,simulation
1973-05-03,752.8844,simulation
1973-05-04,745.2273,simulation
1973-05-05,735.6345,simulation
1973-05-06,727.0384,simulation
1973-05-07,728.6704,simulation
1973-05-08,779.4021,simulation
1973-05-09,776.0748,simulation
1973-05-10,760.2877,simulation
1973-05-11,747.11694,simulation
1973-05-12,738.66296,simulation
1973-05-13,739.1572,simulation
1973-05-14,732.24603,simulation
1973-05-15,724.3175,simulation
1973-05-16,718.70996,simulation
1973-05-17,710.7409,simulation
1973-05-18,702.9541,simulation
1973-05-19,697.87933,simulation
1973-05-20,691.0744,simulation
1973-05-21,689.70514,simulation
1973-05-22,686.2591,simulation
1973-05-23,682.20355,simulation
1973-05-24,699.2522,simulation
1973-05-25,698.40643,simulation
1973-05-26,697.89954,simulation
1973-05-27,707.37665,simulation
1973-05-28,719.2781,simulation
1973-05-29,710.4929,simulation
1973-05-30,703.372,simulation
1973-05-31,696.4969,simulation
1973-06-01,702.43134,simulation
1973-06-02,703.2056,simulation
1973-06-03,698.3968,simulation
1973-06-04,692.45435,simulation
1973-06-05,688.7182,simulation
1973-06-06,697.9439,simulation
1973-06-07,695.01886,simulation
1973-06-08,701.82056,simulation
1973-06-09,707.0101,simulation
1973-06-10,703.64703,simulation
1973-06-11,699.46875,simulation
1973-06-12,701.3521,simulation
1973-06-13,697.3668,simulation
1973-06-14,693.0705,simulation
1973-06-15,688.586,simulation
1973-06-16,691.24445,simulation
1973-06-17,687.4351,simulation
1973-06-18,682.59845,simulation
1973-06-19,676.324,simulation
1973-06-20,670.62573,simulation
1973-06-21,673.37555,simulation
1973-06-22,688.24097,simulation
1973-06-23,683.8545,simulation
1973-06-24,680.8417,simulation
1973-06-25,677.49316,simulation
1973-06-26,669.51184,simulation
1973-06-27,665.9234,simulation
1973-06-28,671.09314,simulation
1973-06-29,666.63043,simulation
1973-06-30,660.2968,simulation
1973-07-01,657.5861,simulation
1973-07-02,652.6096,simulation
1973-07-03,652.1293,simulation
1973-07-04,667.5036,simulation
1973-07-05,678.22723,simulation
1973-07-06,690.3823,simulation
1973-07-07,694.08704,simulation
1973-07-08,694.3205,simulation
1973-07-09,692.39087,simulation
1973-07-10,685.5615,simulation
1973-07-11,680.209,simulation
1973-07-12,677.1651,simulation
1973-07-13,669.2776,simulation
1973-07-14,671.87494,simulation
1973-07-15,665.89606,simulation
1973-07-16,659.592,simulation
1973-07-17,654.16364,simulation
1973-07-18,660.1372,simulation
1973-07-19,659.80896,simulation
1973-07-20,671.82544,simulation
1973-07-21,667.4962,simulation
1973-07-22,664.8311,simulation
1973-07-23,660.516,simulation
1973-07-24,653.804,simulation
1973-07-25,652.90436,simulation
1973-07-26,651.6532,simulation
1973-07-27,658.549,simulation
1973-07-28,656.19934,simulation
1973-07-29,650.11316,simulation
1973-07-30,648.46045,simulation
1973-07-31,646.1023,simulation
1973-08-01,646.11646,simulation
1973-08-02,653.4837,simulation
1973-08-03,648.31525,simulation
1973-08-04,642.4627,simulation
1973-08-05,636.9877,simulation
1973-08-06,631.91156,simulation
1973-08-07,632.9014,simulation
1973-08-08,629.57904,simulation
1973-08-09,625.14087,simulation
1973-08-10,619.2624,simulation
1973-08-11,614.48004,simulation
1973-08-12,616.48175,simulation
1973-08-13,616.8253,simulation
1973-08-14,614.38074,simulation
1973-08-15,639.67865,simulation
1973-08-16,635.0327,simulation
1973-08-17,672.2764,simulation
1973-08-18,677.487,simulation
1973-08-19,675.583,simulation
1973-08-20,669.9012,simulation
1973-08-21,663.422,simulation
1973-08-22,656.0639,simulation
1973-08-23,648.9754,simulation
1973-08-24,642.7582,simulation
1973-08-25,637.00195,simulation
1973-08-26,632.1795,simulation
1973-08-27,627.06683,simulation
1973-08-28,622.0005,simulation
1973-08-29,617.21423,simulation
1973-08-30,617.7605,simulation
1973-08-31,619.40607,simulation
1973-09-01,614.4771,simulation
1973-09-02,617.56525,simulation
1973-09-03,624.5078,simulation
1973-09-04,641.5125,simulation
1973-09-05,658.9329,simulation
1973-09-06,664.7212,simulation
1973-09-07,672.3111,simulation
1973-09-08,671.20294,simulation
1973-09-09,666.2455,simulation
1973-09-10,662.65985,simulation
1973-09-11,667.3238,simulation
1973-09-12,668.791,simulation
1973-09-13,671.0999,simulation
1973-09-14,698.7803,simulation
1973-09-15,695.6204,simulation
1973-09-16,690.64075,simulation
1973-09-17,686.23145,simulation
1973-09-18,682.8851,simulation
1973-09-19,679.0004,simulation
1973-09-20,673.7324,simulation
1973-09-21,668.3129,simulation
1973-09-22,662.6176,simulation
1973-09-23,657.9828,simulation
1973-09-24,654.92773,simulation
1973-09-25,652.1343,simulation
1973-09-26,648.4936,simulation
1973-09-27,645.84973,simulation
1973-09-28,653.579,simulation
1973-09-29,660.03516,simulation
1973-09-30,664.4737,simulation
1973-10-01,683.2783,simulation
1973-10-02,680.52,simulation
1973-10-03,683.2715,simulation
1973-10-04,679.44684,simulation
1973-10-05,675.3037,simulation
1973-10-06,670.3538,simulation
1973-10-07,666.9367,simulation
1973-10-08,662.2485,simulation
1973-10-09,658.81256,simulation
1973-10-10,676.1043,simulation
1973-10-11,671.8325,simulation
1973-10-12,667.97205,simulation
1973-10-13,663.5392,simulation
1973-10-14,663.6602,simulation
1973-10-15,663.38745,simulation
1973-10-16,666.5632,simulation
1973-10-17,686.0506,simulation
1973-10-18,681.08435,simulation
1973-10-19,677.01276,simulation
1973-10-20,673.1288,simulation
1973-10-21,670.05884,simulation
1973-10-22,666.2157,simulation
1973-10-23,662.2543,simulation
1973-10-24,658.52936,simulation
1973-10-25,654.878,simulation
1973-10-26,651.36285,simulation
1973-10-27,648.258,simulation
1973-10-28,645.6167,simulation
1973-10-29,646.9655,simulation
1973-10-30,644.2859,simulation
1973-10-31,645.3676,simulation
1973-11-01,652.717,simulation
1973-11-02,649.71185,simulation
1973-11-03,647.7727,simulation
1973-11-04,645.866,simulation
1973-11-05,679.33984,simulation
1973-11-06,678.63,simulation
1973-11-07,675.9322,simulation
1973-11-08,682.09827,simulation
1973-11-09,682.4015,simulation
1973-11-10,681.3313,simulation
1973-11-11,678.1083,simulation
1973-11-12,675.43713,simulation
1973-11-13,672.5804,simulation
1973-11-14,669.79297,simulation
1973-11-15,667.4406,simulation
1973-11-16,666.40234,simulation
1973-11-17,664.174,simulation
1973-11-18,661.5821,simulation
1973-11-19,659.60876,simulation
1973-11-20,658.37445,simulation
1973-11-21,695.5928,simulation
1973-11-22,704.452,simulation
1973-11-23,702.7878,simulation
1973-11-24,703.8171,simulation
1973-11-25,702.05786,simulation
1973-11-26,704.22534,simulation
1973-11-27,702.8357,simulation
1973-11-28,731.03406,simulation
1973-11-29,727.39935,simulation
1973-11-30,723.3158,simulation
1973-12-01,719.47107,simulation
1973-12-02,715.86926,simulation
1973-12-03,712.1564,simulation
1973-12-04,709.4963,simulation
1973-12-05,730.10345,simulation
1973-12-06,726.35876,simulation
1973-12-07,722.313,simulation
1973-12-08,719.1435,simulation
1973-12-09,717.0845,simulation
1973-12-10,715.0606,simulation
1973-12-11,712.1918,simulation
1973-12-12,709.41016,simulation
1973-12-13,706.748,simulation
1973-12-14,702.4782,simulation
1973-12-15,699.82184,simulation
1973-12-16,704.2461,simulation
1973-12-17,702.67126,simulation
1973-12-18,700.51526,simulation
1973-12-19,697.5759,simulation
1973-12-20,738.9833,simulation
1973-12-21,736.58185,simulation
1973-12-22,733.07556,simulation
1973-12-23,729.3884,simulation
1973-12-24,726.1921,simulation
1973-12-25,751.30536,simulation
1973-12-26,814.37726,simulation
1973-12-27,807.7464,simulation
1973-12-28,786.98914,simulation
1973-12-29,772.6072,simulation
1973-12-30,763.0798,simulation
1973-12-31,755.96814,simulation
1974-01-01,771.75916,simulation
1974-01-02,762.7449,simulation
1974-01-03,756.9927,simulation
1974-01-04,764.73285,simulation
1974-01-05,760.48865,simulation
1974-01-06,754.4441,simulation
1974-01-07,766.5863,simulation
1974-01-08,758.59937,simulation
1974-01-09,758.61194,simulation
1974-01-10,752.5786,simulation
1974-01-11,746.3838,simulation
1974-01-12,772.793,simulation
1974-01-13,763.3735,simulation
1974-01-14,756.1266,simulation
1974-01-15,769.2326,simulation
1974-01-16,761.49445,simulation
1974-01-17,755.1662,simulation
1974-01-18,749.24554,simulation
1974-01-19,748.18634,simulation
1974-01-20,774.993,simulation
1974-01-21,791.6616,simulation
1974-01-22,776.53705,simulation
1974-01-23,765.021,simulation
1974-01-24,775.1816,simulation
1974-01-25,788.43896,simulation
1974-01-26,782.5091,simulation
1974-01-27,778.75885,simulation
1974-01-28,768.7859,simulation
1974-01-29,780.711,simulation
1974-01-30,768.5717,simulation
1974-01-31,758.74976,simulation
1974-02-01,751.12585,simulation
1974-02-02,749.7265,simulation
1974-02-03,746.05383,simulation
1974-02-04,741.7408,simulation
1974-02-05,736.66,simulation
1974-02-06,731.1393,simulation
1974-02-07,741.2596,simulation
1974-02-08,746.6143,simulation
1974-02-09,742.2729,simulation
1974-02-10,737.7833,simulation
1974-02-11,732.9341,simulation
1974-02-12,728.2368,simulation
1974-02-13,723.2663,simulation
1974-02-14,719.6621,simulation
1974-02-15,723.9423,simulation
1974-02-16,773.55396,simulation
1974-02-17,766.5525,simulation
1974-02-18,757.05597,simulation
1974-02-19,759.53925,simulation
1974-02-20,754.6109,simulation
1974-02-21,746.67664,simulation
1974-02-22,763.09985,simulation
1974-02-23,755.43274,simulation
1974-02-24,748.674,simulation
1974-02-25,742.5467,simulation
1974-02-26,736.6383,simulation
1974-02-27,731.5074,simulation
1974-02-28,725.9545,simulation
1974-03-01,721.93695,simulation
1974-03-02,719.0533,simulation
1974-03-03,715.4303,simulation
1974-03-04,710.932,simulation
1974-03-05,707.2751,simulation
1974-03-06,703.1326,simulation
1974-03-07,699.4996,simulation
1974-03-08,695.6294,simulation
1974-03-09,691.2343,simulation
1974-03-10,688.7476,simulation
1974-03-11,687.38214,simulation
1974-03-12,710.78314,simulation
1974-03-13,717.686,simulation
1974-03-14,716.0072,simulation
1974-03-15,711.28064,simulation
1974-03-16,709.21625,simulation
1974-03-17,705.00574,simulation
1974-03-18,700.8952,simulation
1974-03-19,697.65826,simulation
1974-03-20,703.2005,simulation
1974-03-21,708.63666,simulation
1974-03-22,718.50696,simulation
1974-03-23,713.5515,simulation
1974-03-24,712.98486,simulation
1974-03-25,718.5222,simulation
1974-03-26,719.06,simulation
1974-03-27,737.7618,simulation
1974-03-28,742.0782,simulation
1974-03-29,737.98584,simulation
1974-03-30,732.49304,simulation
1974-03-31,725.0028,simulation
1974-04-01,717.339,simulation
1974-04-02,742.6704,simulation
1974-04-03,735.2024,simulation
1974-04-04,729.4184,simulation
1974-04-05,729.4477,simulation
1974-04-06,722.73474,simulation
1974-04-07,716.7588,simulation
1974-04-08,712.9883,simulation
1974-04-09,708.6926,simulation
1974-04-10,702.77246,simulation
1974-04-11,697.2928,simulation
1974-04-12,693.69714,simulation
1974-04-13,914.1896,simulation
1974-04-14,918.99774,simulation
1974-04-15,903.8714,simulation
1974-04-16,865.1486,simulation
1974-04-17,827.2444,simulation
1974-04-18,797.25635,simulation
1974-04-19,776.92773,simulation
1974-04-20,764.56146,simulation
1974-04-21,752.75836,simulation
1974-04-22,745.1644,simulation
1974-04-23,764.6838,simulation
1974-04-24,753.94745,simulation
1974-04-25,743.7787,simulation
1974-04-26,735.6611,simulation
1974-04-27,727.9268,simulation
1974-04-28,720.9693,simulation
1974-04-29,714.007,simulation
1974-04-30,708.79285,simulation
1974-05-01,704.8519,simulation
1974-05-02,702.4802,simulation
1974-05-03,698.12213,simulation
1974-05-04,692.554,simulation
1974-05-05,716.04565,simulation
1974-05-06,713.25446,simulation
1974-05-07,707.6681,simulation
1974-05-08,700.8291,simulation
1974-05-09,696.517,simulation
1974-05-10,691.7348,simulation
1974-05-11,689.8622,simulation
1974-05-12,721.5578,simulation
1974-05-13,713.5631,simulation
1974-05-14,705.3514,simulation
1974-05-15,698.0659,simulation
1974-05-16,702.2442,simulation
1974-05-17,697.03644,simulation
1974-05-18,691.99255,simulation
1974-05-19,687.33167,simulation
1974-05-20,681.10974,simulation
1974-05-21,677.48206,simulation
1974-05-22,676.8853,simulation
1974-05-23,696.2384,simulation
1974-05-24,692.3639,simulation
1974-05-25,686.86456,simulation
1974-05-26,682.5365,simulation
1974-05-27,692.6022,simulation
1974-05-28,687.4406,simulation
1974-05-29,680.72064,simulation
1974-05-30,676.6056,simulation
1974-05-31,672.73047,simulation
1974-06-01,669.75146,simulation
1974-06-02,695.8272,simulation
1974-06-03,692.2981,simulation
1974-06-04,687.57007,simulation
1974-06-05,682.32983,simulation
1974-06-06,730.44055,simulation
1974-06-07,731.25165,simulation
1974-06-08,726.5228,simulation
1974-06-09,722.4996,simulation
1974-06-10,715.2733,simulation
1974-06-11,711.60284,simulation
1974-06-12,704.3938,simulation
1974-06-13,700.8653,simulation
1974-06-14,700.4479,simulation
1974-06-15,693.7762,simulation
1974-06-16,691.45337,simulation
1974-06-17,686.9981,simulation
1974-06-18,680.50964,simulation
1974-06-19,677.74316,simulation
1974-06-20,671.3592,simulation
1974-06-21,665.235,simulation
1974-06-22,658.61725,simulation
1974-06-23,651.5739,simulation
1974-06-24,689.03845,simulation
1974-06-25,682.94855,simulation
1974-06-26,676.21185,simulation
1974-06-27,669.51465,simulation
1974-06-28,663.14215,simulation
1974-06-29,656.6034,simulation
1974-06-30,651.1087,simulation
1974-07-01,645.0675,simulation
1974-07-02,639.3477,simulation
1974-07-03,634.0391,simulation
1974-07-04,628.0127,simulation
1974-07-05,624.8423,simulation
1974-07-06,632.938,simulation
1974-07-07,632.4077,simulation
1974-07-08,627.4877,simulation
1974-07-09,625.32623,simulation
1974-07-10,620.94135,simulation
1974-07-11,618.0134,simulation
1974-07-12,610.93976,simulation
1974-07-13,605.222,simulation
1974-07-14,599.8406,simulation
1974-07-15,595.95447,simulation
1974-07-16,593.7998,simulation
1974-07-17,590.0223,simulation
1974-07-18,583.3052,simulation
1974-07-19,581.84436,simulation
1974-07-20,577.1733,simulation
1974-07-21,580.0981,simulation
1974-07-22,573.78235,simulation
1974-07-23,568.2702,simulation
1974-07-24,592.51764,simulation
1974-07-25,624.4957,simulation
1974-07-26,621.91364,simulation
1974-07-27,626.6293,simulation
1974-07-28,623.50616,simulation
1974-07-29,619.1348,simulation
1974-07-30,612.31195,simulation
1974-07-31,615.5369,simulation
1974-08-01,611.6861,simulation
1974-08-02,608.7226,simulation
1974-08-03,610.2047,simulation
1974-08-04,606.5769,simulation
1974-08-05,603.8713,simulation
1974-08-06,597.9519,simulation
1974-08-07,594.55347,simulation
1974-08-08,600.54785,simulation
1974-08-09,600.0115,simulation
1974-08-10,596.64294,simulation
1974-08-11,591.50037,simulation
1974-08-12,587.60614,simulation
1974-08-13,582.973,simulation
1974-08-14,605.60376,simulation
1974-08-15,602.7231,simulation
1974-08-16,598.48785,simulation
1974-08-17,599.4974,simulation
1974-08-18,613.20105,simulation
1974-08-19,633.55786,simulation
1974-08-20,628.9448,simulation
1974-08-21,624.7825,simulation
1974-08-22,618.9948,simulation
1974-08-23,615.9749,simulation
1974-08-24,610.8295,simulation
1974-08-25,605.69244,simulation
1974-08-26,600.95734,simulation
1974-08-27,600.11725,simulation
1974-08-28,601.22974,simulation
1974-08-29,607.6384,simulation
1974-08-30,615.33777,simulation
1974-08-31,639.72906,simulation
1974-09-01,639.13104,simulation
1974-09-02,659.48364,simulation
1974-09-03,662.6399,simulation
1974-09-04,661.9662,simulation
1974-09-05,658.96606,simulation
1974-09-06,655.3549,simulation
1974-09-07,654.7228,simulation
1974-09-08,705.94226,simulation
1974-09-09,720.3461,simulation
1974-09-10,725.078,simulation
1974-09-11,724.73425,simulation
1974-09-12,720.3017,simulation
1974-09-13,718.14703,simulation
1974-09-14,715.7246,simulation
1974-09-15,713.79443,simulation
1974-09-16,708.9298,simulation
1974-09-17,703.178,simulation
1974-09-18,698.91077,simulation
1974-09-19,692.6787,simulation
1974-09-20,686.90894,simulation
1974-09-21,682.4807,simulation
1974-09-22,677.88544,simulation
1974-09-23,672.4969,simulation
1974-09-24,669.6484,simulation
1974-09-25,667.84656,simulation
1974-09-26,684.6403,simulation
1974-09-27,699.4656,simulation
1974-09-28,697.6846,simulation
1974-09-29,732.73114,simulation
1974-09-30,726.9438,simulation
1974-10-01,720.29865,simulation
1974-10-02,714.13684,simulation
1974-10-03,708.31616,simulation
1974-10-04,703.21674,simulation
1974-10-05,698.4857,simulation
1974-10-06,693.6835,simulation
1974-10-07,689.13934,simulation
1974-10-08,684.43427,simulation
1974-10-09,680.5956,simulation
1974-10-10,678.96735,simulation
1974-10-11,674.57745,simulation
1974-10-12,670.3311,simulation
1974-10-13,668.4164,simulation
1974-10-14,667.2549,simulation
1974-10-15,664.2633,simulation
1974-10-16,693.567,simulation
1974-10-17,689.24713,simulation
1974-10-18,685.16956,simulation
1974-10-19,681.3247,simulation
1974-10-20,676.81537,simulation
1974-10-21,673.031,simulation
1974-10-22,670.01733,simulation
1974-10-23,666.095,simulation
1974-10-24,664.15485,simulation
1974-10-25,660.7246,simulation
1974-10-26,659.75604,simulation
1974-10-27,656.4555,simulation
1974-10-28,652.8727,simulation
1974-10-29,651.7765,simulation
1974-10-30,670.0299,simulation
1974-10-31,668.08374,simulation
1974-11-01,665.6878,simulation
1974-11-02,664.8848,simulation
1974-11-03,662.8556,simulation
1974-11-04,660.5176,simulation
1974-11-05,665.2845,simulation
1974-11-06,664.5001,simulation
1974-11-07,663.0045,simulation
1974-11-08,662.3291,simulation
1974-11-09,664.78375,simulation
1974-11-10,662.8367,simulation
1974-11-11,670.06244,simulation
1974-11-12,682.9874,simulation
1974-11-13,679.6024,simulation
1974-11-14,676.6385,simulation
1974-11-15,679.1411,simulation
1974-11-16,677.2004,simulation
1974-11-17,681.01843,simulation
1974-11-18,708.5234,simulation
1974-11-19,707.3529,simulation
1974-11-20,709.50726,simulation
1974-11-21,720.8539,simulation
1974-11-22,717.243,simulation
1974-11-23,713.2563,simulation
1974-11-24,709.3644,simulation
1974-11-25,715.14343,simulation
1974-11-26,713.88855,simulation
1974-11-27,710.7671,simulation
1974-11-28,707.7926,simulation
1974-11-29,705.53656,simulation
1974-11-30,706.321,simulation
1974-12-01,721.2096,simulation
1974-12-02,718.9222,simulation
1974-12-03,715.8707,simulation
1974-12-04,713.24414,simulation
1974-12-05,710.91974,simulation
1974-12-06,708.44324,simulation
1974-12-07,773.52783,simulation
1974-12-08,779.00073,simulation
1974-12-09,768.32697,simulation
1974-12-10,759.78796,simulation
1974-12-11,753.27856,simulation
1974-12-12,755.1378,simulation
1974-12-13,749.52747,simulation
1974-12-14,744.5521,simulation
1974-12-15,739.7796,simulation
1974-12-16,742.3057,simulation
1974-12-17,737.7739,simulation
1974-12-18,734.1375,simulation
1974-12-19,730.3512,simulation
1974-12-20,738.6286,simulation
1974-12-21,738.0261,simulation
1974-12-22,733.5002,simulation
1974-12-23,729.30963,simulation
1974-12-24,799.3244,simulation
1974-12-25,783.6774,simulation
1974-12-26,777.5887,simulation
1974-12-27,768.76666,simulation
1974-12-28,761.4393,simulation
1974-12-29,756.7854,simulation
1974-12-30,751.2127,simulation
1974-12-31,746.2644,simulation
1975-01-01,741.9493,simulation
1975-01-02,738.0613,simulation
1975-01-03,733.48,simulation
1975-01-04,734.29,simulation
1975-01-05,730.5833,simulation
1975-01-06,727.7108,simulation
1975-01-07,724.7294,simulation
1975-01-08,753.6644,simulation
1975-01-09,765.8656,simulation
1975-01-10,758.13745,simulation
1975-01-11,802.504,simulation
1975-01-12,783.50793,simulation
1975-01-13,785.432,simulation
1975-01-14,772.42316,simulation
1975-01-15,763.10144,simulation
1975-01-16,755.1513,simulation
1975-01-17,751.46246,simulation
1975-01-18,746.9057,simulation
1975-01-19,742.36945,simulation
1975-01-20,749.85974,simulation
1975-01-21,744.57556,simulation
1975-01-22,740.2827,simulation
1975-01-23,736.6033,simulation
1975-01-24,733.2458,simulation
1975-01-25,765.05194,simulation
1975-01-26,757.8945,simulation
1975-01-27,750.3547,simulation
1975-01-28,743.68604,simulation
1975-01-29,739.2895,simulation
1975-01-30,735.558,simulation
1975-01-31,732.5584,simulation
1975-02-01,729.2318,simulation
1975-02-02,726.6993,simulation
1975-02-03,728.7498,simulation
1975-02-04,733.1889,simulation
1975-02-05,736.34607,simulation
1975-02-06,733.1512,simulation
1975-02-07,730.36865,simulation
1975-02-08,726.95074,simulation
1975-02-09,723.4704,simulation
1975-02-10,722.9734,simulation
1975-02-11,721.07043,simulation
1975-02-12,726.76965,simulation
1975-02-13,728.1799,simulation
1975-02-14,724.4902,simulation
1975-02-15,720.11194,simulation
1975-02-16,737.4408,simulation
1975-02-17,790.86523,simulation
1975-02-18,776.547,simulation
1975-02-19,767.5478,simulation
1975-02-20,759.4969,simulation
1975-02-21,752.893,simulation
1975-02-22,744.7416,simulation
1975-02-23,743.70667,simulation
1975-02-24,758.9522,simulation
1975-02-25,750.5556,simulation
1975-02-26,743.1558,simulation
1975-02-27,736.87775,simulation
1975-02-28,732.4212,simulation
1975-03-01,731.82416,simulation
1975-03-02,727.54596,simulation
1975-03-03,723.0902,simulation
1975-03-04,722.7529,simulation
1975-03-05,728.8508,simulation
1975-03-06,725.23596,simulation
1975-03-07,722.888,simulation
1975-03-08,719.63043,simulation
1975-03-09,714.5245,simulation
1975-03-10,712.0985,simulation
1975-03-11,714.0731,simulation
1975-03-12,713.1189,simulation
1975-03-13,709.5231,simulation
1975-03-14,739.5458,simulation
1975-03-15,734.87915,simulation
1975-03-16,743.1721,simulation
1975-03-17,745.56433,simulation
1975-03-18,758.56683,simulation
1975-03-19,766.0047,simulation
1975-03-20,755.2772,simulation
1975-03-21,747.55365,simulation
1975-03-22,740.35706,simulation
1975-03-23,736.0336,simulation
1975-03-24,738.9913,simulation
1975-03-25,743.2657,simulation
1975-03-26,735.5301,simulation
1975-03-27,728.71436,simulation
1975-03-28,724.1123,simulation
1975-03-29,721.2452,simulation
1975-03-30,739.6961,simulation
1975-03-31,735.5015,simulation
1975-04-01,731.16797,simulation
1975-04-02,728.7107,simulation
1975-04-03,759.5321,simulation
1975-04-04,749.99493,simulation
1975-04-05,743.76044,simulation
1975-04-06,737.77856,simulation
1975-04-07,731.8313,simulation
1975-04-08,728.5738,simulation
1975-04-09,743.48737,simulation
1975-04-10,743.4701,simulation
1975-04-11,741.3009,simulation
1975-04-12,738.55164,simulation
1975-04-13,730.9598,simulation
1975-04-14,740.4853,simulation
1975-04-15,762.7067,simulation
1975-04-16,752.714,simulation
1975-04-17,744.7429,simulation
1975-04-18,739.0238,simulation
1975-04-19,733.4778,simulation
1975-04-20,730.33716,simulation
1975-04-21,726.69214,simulation
1975-04-22,720.0663,simulation
1975-04-23,715.19147,simulation
1975-04-24,712.4836,simulation
1975-04-25,707.9935,simulation
1975-04-26,703.955,simulation
1975-04-27,699.86816,simulation
1975-04-28,696.2014,simulation
1975-04-29,695.01514,simulation
1975-04-30,725.1348,simulation
1975-05-01,777.9454,simulation
1975-05-02,764.913,simulation
1975-05-03,755.90295,simulation
1975-05-04,771.6197,simulation
1975-05-05,759.8844,simulation
1975-05-06,762.0186,simulation
1975-05-07,770.57263,simulation
1975-05-08,785.78754,simulation
1975-05-09,789.2838,simulation
1975-05-10,778.55597,simulation
1975-05-11,766.9957,simulation
1975-05-12,756.1002,simulation
1975-05-13,745.8604,simulation
1975-05-14,738.30664,simulation
1975-05-15,749.4733,simulation
1975-05-16,752.6898,simulation
1975-05-17,748.2493,simulation
1975-05-18,741.3641,simulation
1975-05-19,732.9862,simulation
1975-05-20,724.7956,simulation
1975-05-21,717.4068,simulation
1975-05-22,710.75745,simulation
1975-05-23,702.766,simulation
1975-05-24,695.8836,simulation
1975-05-25,690.8021,simulation
1975-05-26,687.0252,simulation
1975-05-27,696.021,simulation
1975-05-28,690.0333,simulation
1975-05-29,685.31793,simulation
1975-05-30,704.5211,simulation
1975-05-31,703.3581,simulation
1975-06-01,700.24945,simulation
1975-06-02,694.68207,simulation
1975-06-03,687.12787,simulation
1975-06-04,680.1119,simulation
1975-06-05,673.78,simulation
1975-06-06,673.7272,simulation
1975-06-07,678.8053,simulation
1975-06-08,683.70166,simulation
1975-06-09,689.34735,simulation
1975-06-10,701.0639,simulation
1975-06-11,714.56116,simulation
1975-06-12,713.799,simulation
1975-06-13,709.70703,simulation
1975-06-14,702.83234,simulation
1975-06-15,703.7886,simulation
1975-06-16,715.1789,simulation
1975-06-17,707.9626,simulation
1975-06-18,700.9691,simulation
1975-06-19,700.7785,simulation
1975-06-20,700.225,simulation
1975-06-21,693.6702,simulation
1975-06-22,688.5482,simulation
1975-06-23,684.47546,simulation
1975-06-24,678.5177,simulation
1975-06-25,672.7713,simulation
1975-06-26,665.9632,simulation
1975-06-27,660.3612,simulation
1975-06-28,658.3723,simulation
1975-06-29,665.70135,simulation
1975-06-30,662.01575,simulation
1975-07-01,670.997,simulation
1975-07-02,665.02893,simulation
1975-07-03,668.0252,simulation
1975-07-04,665.137,simulation
1975-07-05,660.0417,simulation
1975-07-06,653.8215,simulation
1975-07-07,649.95337,simulation
1975-07-08,648.3221,simulation
1975-07-09,652.6332,simulation
1975-07-10,651.08435,simulation
1975-07-11,658.14667,simulation
1975-07-12,657.09827,simulation
1975-07-13,651.55023,simulation
1975-07-14,646.0061,simulation
1975-07-15,644.1193,simulation
1975-07-16,641.14514,simulation
1975-07-17,637.25604,simulation
1975-07-18,633.83215,simulation
1975-07-19,634.6364,simulation
1975-07-20,639.7571,simulation
1975-07-21,636.8341,simulation
1975-07-22,639.7759,simulation
1975-07-23,635.71466,simulation
1975-07-24,631.1778,simulation
1975-07-25,627.5838,simulation
1975-07-26,644.9837,simulation
1975-07-27,642.8343,simulation
1975-07-28,640.8036,simulation
1975-07-29,640.9001,simulation
1975-07-30,642.60065,simulation
1975-07-31,664.57117,simulation
1975-08-01,713.8972,simulation
1975-08-02,743.44995,simulation
1975-08-03,745.0014,simulation
1975-08-04,739.2905,simulation
1975-08-05,742.0478,simulation
1975-08-06,743.5867,simulation
1975-08-07,734.9499,simulation
1975-08-08,737.38116,simulation
1975-08-09,733.3899,simulation
1975-08-10,729.85254,simulation
1975-08-11,726.94714,simulation
1975-08-12,722.5843,simulation
1975-08-13,717.19604,simulation
1975-08-14,713.7118,simulation
1975-08-15,707.7549,simulation
1975-08-16,708.229,simulation
1975-08-17,707.445,simulation
1975-08-18,711.8915,simulation
1975-08-19,716.602,simulation
1975-08-20,711.43726,simulation
1975-08-21,705.5754,simulation
1975-08-22,700.6003,simulation
1975-08-23,698.39355,simulation
1975-08-24,702.9293,simulation
1975-08-25,698.7944,simulation
1975-08-26,695.6299,simulation
1975-08-27,689.8792,simulation
1975-08-28,683.61163,simulation
1975-08-29,677.55975,simulation
1975-08-30,681.90704,simulation
1975-08-31,676.4613,simulation
1975-09-01,671.2504,simulation
1975-09-02,665.53064,simulation
1975-09-03,659.0794,simulation
1975-09-04,652.43475,simulation
1975-09-05,647.3716,simulation
1975-09-06,661.2028,simulation
1975-09-07,662.97125,simulation
1975-09-08,676.13525,simulation
1975-09-09,674.0813,simulation
1975-09-10,671.0762,simulation
1975-09-11,668.11237,simulation
1975-09-12,666.1754,simulation
1975-09-13,667.7766,simulation
1975-09-14,663.6337,simulation
1975-09-15,660.4316,simulation
1975-09-16,659.142,simulation
1975-09-17,661.8989,simulation
1975-09-18,702.1228,simulation
1975-09-19,697.28784,simulation
1975-09-20,692.7089,simulation
1975-09-21,688.6846,simulation
1975-09-22,683.26,simulation
1975-09-23,707.7372,simulation
1975-09-24,707.68195,simulation
1975-09-25,704.1794,simulation
1975-09-26,699.49365,simulation
1975-09-27,694.8442,simulation
1975-09-28,690.154,simulation
1975-09-29,685.5253,simulation
1975-09-30,680.94257,simulation
1975-10-01,686.9894,simulation
1975-10-02,691.9222,simulation
1975-10-03,687.14404,simulation
1975-10-04,683.42834,simulation
1975-10-05,681.9435,simulation
1975-10-06,681.2894,simulation
1975-10-07,680.6821,simulation
1975-10-08,688.4232,simulation
1975-10-09,685.01355,simulation
1975-10-10,680.7072,simulation
1975-10-11,676.2179,simulation
1975-10-12,671.68414,simulation
1975-10-13,667.4124,simulation
1975-10-14,662.9761,simulation
1975-10-15,658.919,simulation
1975-10-16,665.9113,simulation
1975-10-17,782.28705,simulation
1975-10-18,770.7519,simulation
1975-10-19,760.14233,simulation
1975-10-20,751.11066,simulation
1975-10-21,743.3742,simulation
1975-10-22,736.42017,simulation
1975-10-23,731.452,simulation
1975-10-24,727.75226,simulation
1975-10-25,724.1344,simulation
1975-10-26,721.8993,simulation
1975-10-27,723.0038,simulation
1975-10-28,720.90076,simulation
1975-10-29,716.80414,simulation
1975-10-30,713.1797,simulation
1975-10-31,708.3644,simulation
1975-11-01,704.6531,simulation
1975-11-02,700.27356,simulation
1975-11-03,696.4341,simulation
1975-11-04,693.90027,simulation
1975-11-05,695.11884,simulation
1975-11-06,694.1417,simulation
1975-11-07,696.216,simulation
1975-11-08,695.0684,simulation
1975-11-09,693.5135,simulation
1975-11-10,701.21686,simulation
1975-11-11,699.693,simulation
1975-11-12,698.8007,simulation
1975-11-13,694.8279,simulation
1975-11-14,692.11346,simulation
1975-11-15,690.0215,simulation
1975-11-16,687.38257,simulation
1975-11-17,684.6592,simulation
1975-11-18,681.9833,simulation
1975-11-19,680.52783,simulation
1975-11-20,677.473,simulation
1975-11-21,682.58167,simulation
1975-11-22,680.4556,simulation
1975-11-23,679.4674,simulation
1975-11-24,678.81683,simulation
1975-11-25,678.16156,simulation
1975-11-26,676.76337,simulation
1975-11-27,701.0142,simulation
1975-11-28,699.15625,simulation
1975-11-29,697.76996,simulation
1975-11-30,696.34924,simulation
1975-12-01,713.6853,simulation
1975-12-02,710.7763,simulation
1975-12-03,708.46686,simulation
1975-12-04,705.9869,simulation
1975-12-05,704.2269,simulation
1975-12-06,702.5211,simulation
1975-12-07,708.36255,simulation
1975-12-08,707.3752,simulation
1975-12-09,706.3057,simulation
1975-12-10,704.68665,simulation
1975-12-11,702.8667,simulation
1975-12-12,700.3838,simulation
1975-12-13,698.755,simulation
1975-12-14,696.549,simulation
1975-12-15,694.90125,simulation
1975-12-16,695.3615,simulation
1975-12-17,711.7808,simulation
1975-12-18,716.96484,simulation
1975-12-19,714.9064,simulation
1975-12-20,713.05914,simulation
1975-12-21,711.14606,simulation
1975-12-22,709.2295,simulation
1975-12-23,707.61536,simulation
1975-12-24,705.56104,simulation
1975-12-25,704.19104,simulation
1975-12-26,724.7468,simulation
1975-12-27,725.1757,simulation
1975-12-28,722.66034,simulation
1975-12-29,719.9795,simulation
1975-12-30,728.3092,simulation
1975-12-31,731.355,simulation
1976-01-01,729.184,simulation
1976-01-02,725.81104,simulation
1976-01-03,732.3665,simulation
1976-01-04,735.1212,simulation
1976-01-05,731.81396,simulation
1976-01-06,728.93915,simulation
1976-01-07,725.2478,simulation
1976-01-08,731.6011,simulation
1976-01-09,728.7086,simulation
1976-01-10,725.79095,simulation
1976-01-11,722.8433,simulation
1976-01-12,725.039,simulation
1976-01-13,724.8595,simulation
1976-01-14,730.66235,simulation
1976-01-15,729.5125,simulation
1976-01-16,726.197,simulation
1976-01-17,723.37775,simulation
1976-01-18,720.1092,simulation
1976-01-19,717.49615,simulation
1976-01-20,713.8789,simulation
1976-01-21,712.84344,simulation
1976-01-22,710.42615,simulation
1976-01-23,708.0223,simulation
1976-01-24,704.8982,simulation
1976-01-25,703.55585,simulation
1976-01-26,735.32465,simulation
1976-01-27,734.9716,simulation
1976-01-28,730.7772,simulation
1976-01-29,727.0645,simulation
1976-01-30,723.05835,simulation
1976-01-31,718.9781,simulation
1976-02-01,723.5497,simulation
1976-02-02,721.4582,simulation
1976-02-03,718.15265,simulation
1976-02-04,714.5964,simulation
1976-02-05,712.7492,simulation
1976-02-06,710.9122,simulation
1976-02-07,717.30237,simulation
1976-02-08,714.7724,simulation
1976-02-09,711.8383,simulation
1976-02-10,708.7778,simulation
1976-02-11,707.02515,simulation
1976-02-12,705.6021,simulation
1976-02-13,703.9364,simulation
1976-02-14,702.05853,simulation
1976-02-15,700.0179,simulation
1976-02-16,698.80634,simulation
1976-02-17,696.8888,simulation
1976-02-18,693.9443,simulation
1976-02-19,695.89075,simulation
1976-02-20,692.3092,simulation
1976-02-21,689.82117,simulation
1976-02-22,707.4724,simulation
1976-02-23,705.86206,simulation
1976-02-24,702.58057,simulation
1976-02-25,698.74634,simulation
1976-02-26,695.9088,simulation
1976-02-27,692.4861,simulation
1976-02-28,689.0439,simulation
1976-02-29,685.6996,simulation
1976-03-01,684.34564,simulation
1976-03-02,681.17224,simulation
1976-03-03,680.21326,simulation
1976-03-04,679.1395,simulation
1976-03-05,675.8845,simulation
1976-03-06,676.5215,simulation
1976-03-07,696.8445,simulation
1976-03-08,695.1896,simulation
1976-03-09,734.04675,simulation
1976-03-10,733.36694,simulation
1976-03-11,728.60297,simulation
1976-03-12,725.10895,simulation
1976-03-13,731.59827,simulation
1976-03-14,737.8451,simulation
1976-03-15,762.2571,simulation
1976-03-16,788.3103,simulation
1976-03-17,788.8482,simulation
1976-03-18,775.12915,simulation
1976-03-19,763.5083,simulation
1976-03-20,755.3306,simulation
1976-03-21,753.9733,simulation
1976-03-22,761.9743,simulation
1976-03-23,753.6116,simulation
1976-03-24,744.9262,simulation
1976-03-25,746.6942,simulation
1976-03-26,742.43365,simulation
1976-03-27,743.92303,simulation
1976-03-28,755.11707,simulation
1976-03-29,749.01764,simulation
1976-03-30,762.28613,simulation
1976-03-31,831.9893,simulation
1976-04-01,810.55,simulation
1976-04-02,786.68115,simulation
1976-04-03,770.011,simulation
1976-04-04,759.6928,simulation
1976-04-05,751.5175,simulation
1976-04-06,745.7853,simulation
1976-04-07,738.5463,simulation
1976-04-08,732.1409,simulation
1976-04-09,727.3635,simulation
1976-04-10,720.624,simulation
1976-04-11,717.3927,simulation
1976-04-12,710.87177,simulation
1976-04-13,705.00244,simulation
1976-04-14,705.38617,simulation
1976-04-15,701.101,simulation
1976-04-16,695.84534,simulation
1976-04-17,692.67694,simulation
1976-04-18,687.62946,simulation
1976-04-19,683.8436,simulation
1976-04-20,679.9363,simulation
1976-04-21,678.48413,simulation
1976-04-22,675.4398,simulation
1976-04-23,669.6598,simulation
1976-04-24,665.25397,simulation
1976-04-25,665.7925,simulation
1976-04-26,673.31433,simulation
1976-04-27,670.36456,simulation
1976-04-28,665.67065,simulation
1976-04-29,662.8253,simulation
1976-04-30,661.08594,simulation
1976-05-01,673.06006,simulation
1976-05-02,670.3493,simulation
1976-05-03,665.1294,simulation
1976-05-04,659.32446,simulation
1976-05-05,653.77356,simulation
1976-05-06,648.6071,simulation
1976-05-07,646.07916,simulation
1976-05-08,701.81635,simulation
1976-05-09,717.4184,simulation
1976-05-10,713.7555,simulation
1976-05-11,715.9443,simulation
1976-05-12,712.92957,simulation
1976-05-13,707.4152,simulation
1976-05-14,742.47876,simulation
1976-05-15,776.56256,simulation
1976-05-16,764.5585,simulation
1976-05-17,754.843,simulation
1976-05-18,745.8517,simulation
1976-05-19,736.2875,simulation
1976-05-20,727.7693,simulation
1976-05-21,722.1465,simulation
1976-05-22,718.45715,simulation
1976-05-23,716.1636,simulation
1976-05-24,709.9125,simulation
1976-05-25,714.4712,simulation
1976-05-26,707.3767,simulation
1976-05-27,705.59216,simulation
1976-05-28,736.3462,simulation
1976-05-29,733.1486,simulation
1976-05-30,725.9625,simulation
1976-05-31,718.2913,simulation
1976-06-01,720.4949,simulation
1976-06-02,733.05334,simulation
1976-06-03,729.4125,simulation
1976-06-04,724.1858,simulation
1976-06-05,717.21783,simulation
1976-06-06,718.47034,simulation
1976-06-07,711.88495,simulation
1976-06-08,704.07416,simulation
1976-06-09,697.711,simulation
1976-06-10,691.12067,simulation
1976-06-11,684.3043,simulation
1976-06-12,677.18713,simulation
1976-06-13,670.25806,simulation
1976-06-14,663.2084,simulation
1976-06-15,656.06915,simulation
1976-06-16,650.33356,simulation
1976-06-17,680.35175,simulation
1976-06-18,686.19684,simulation
1976-06-19,692.8272,simulation
1976-06-20,691.30225,simulation
1976-06-21,688.579,simulation
1976-06-22,681.74786,simulation
1976-06-23,677.92316,simulation
1976-06-24,672.2356,simulation
1976-06-25,669.80493,simulation
1976-06-26,665.5277,simulation
1976-06-27,664.05524,simulation
1976-06-28,664.49054,simulation
1976-06-29,691.9737,simulation
1976-06-30,685.6156,simulation
1976-07-01,685.76746,simulation
1976-07-02,682.75385,simulation
1976-07-03,679.14417,simulation
1976-07-04,676.5749,simulation
1976-07-05,692.92,simulation
1976-07-06,699.80994,simulation
1976-07-07,694.9115,simulation
1976-07-08,689.0166,simulation
1976-07-09,684.2266,simulation
1976-07-10,678.9753,simulation
1976-07-11,691.84534,simulation
1976-07-12,687.88196,simulation
1976-07-13,681.55255,simulation
1976-07-14,677.5414,simulation
1976-07-15,693.69025,simulation
1976-07-16,689.94037,simulation
1976-07-17,684.8659,simulation
1976-07-18,684.04626,simulation
1976-07-19,678.48364,simulation
1976-07-20,673.5539,simulation
1976-07-21,666.86383,simulation
1976-07-22,660.9588,simulation
1976-07-23,655.3645,simulation
1976-07-24,649.8003,simulation
1976-07-25,643.8511,simulation
1976-07-26,641.07855,simulation
1976-07-27,637.2994,simulation
1976-07-28,636.0227,simulation
1976-07-29,641.56726,simulation
1976-07-30,636.68353,simulation
1976-07-31,634.4465,simulation
1976-08-01,630.71216,simulation
1976-08-02,652.5223,simulation
1976-08-03,649.66473,simulation
1976-08-04,642.8656,simulation
1976-08-05,638.1875,simulation
1976-08-06,632.72754,simulation
1976-08-07,630.5126,simulation
1976-08-08,625.07825,simulation
1976-08-09,619.99036,simulation
1976-08-10,617.6585,simulation
1976-08-11,611.3845,simulation
1976-08-12,605.2017,simulation
1976-08-13,599.48865,simulation
1976-08-14,595.5534,simulation
1976-08-15,592.09393,simulation
1976-08-16,587.08044,simulation
1976-08-17,582.6946,simulation
1976-08-18,576.7378,simulation
1976-08-19,570.8629,simulation
1976-08-20,564.6517,simulation
1976-08-21,558.44037,simulation
1976-08-22,553.88617,simulation
1976-08-23,555.4596,simulation
1976-08-24,550.08765,simulation
1976-08-25,546.775,simulation
1976-08-26,542.74536,simulation
1976-08-27,550.91235,simulation
1976-08-28,559.2266,simulation
1976-08-29,564.1044,simulation
1976-08-30,560.41504,simulation
1976-08-31,560.84467,simulation
1976-09-01,579.8755,simulation
1976-09-02,595.1395,simulation
1976-09-03,594.4427,simulation
1976-09-04,601.8369,simulation
1976-09-05,618.2773,simulation
1976-09-06,621.66705,simulation
1976-09-07,623.45325,simulation
1976-09-08,628.7271,simulation
1976-09-09,636.77765,simulation
1976-09-10,634.7027,simulation
1976-09-11,635.4243,simulation
1976-09-12,630.57385,simulation
1976-09-13,625.2722,simulation
1976-09-14,619.8358,simulation
1976-09-15,615.5959,simulation
1976-09-16,610.88837,simulation
1976-09-17,606.0886,simulation
1976-09-18,602.1353,simulation
1976-09-19,600.4676,simulation
1976-09-20,597.46136,simulation
1976-09-21,596.946,simulation
1976-09-22,595.1459,simulation
1976-09-23,590.5361,simulation
1976-09-24,586.3351,simulation
1976-09-25,582.8829,simulation
1976-09-26,581.68134,simulation
1976-09-27,579.3647,simulation
1976-09-28,579.02924,simulation
1976-09-29,579.1224,simulation
1976-09-30,579.42444,simulation
1976-10-01,576.456,simulation
1976-10-02,572.2797,simulation
1976-10-03,567.88855,simulation
1976-10-04,563.7612,simulation
1976-10-05,559.91486,simulation
1976-10-06,583.7166,simulation
1976-10-07,588.523,simulation
1976-10-08,588.4569,simulation
1976-10-09,588.3891,simulation
1976-10-10,585.0508,simulation
1976-10-11,581.6044,simulation
1976-10-12,578.02155,simulation
1976-10-13,574.5192,simulation
1976-10-14,571.3747,simulation
1976-10-15,567.9908,simulation
1976-10-16,565.6204,simulation
1976-10-17,567.87286,simulation
1976-10-18,564.2713,simulation
1976-10-19,561.1921,simulation
1976-10-20,566.70135,simulation
1976-10-21,566.25165,simulation
1976-10-22,563.79694,simulation
1976-10-23,561.08856,simulation
1976-10-24,559.33496,simulation
1976-10-25,582.4771,simulation
1976-10-26,585.2632,simulation
1976-10-27,584.81555,simulation
1976-10-28,584.3484,simulation
1976-10-29,584.07385,simulation
1976-10-30,595.8113,simulation
1976-10-31,605.8378,simulation
1976-11-01,604.22675,simulation
1976-11-02,601.70874,simulation
1976-11-03,599.6694,simulation
1976-11-04,597.295,simulation
1976-11-05,595.77625,simulation
1976-11-06,593.87915,simulation
1976-11-07,591.36365,simulation
1976-11-08,588.76154,simulation
1976-11-09,586.5373,simulation
1976-11-10,583.69885,simulation
1976-11-11,583.4962,simulation
1976-11-12,593.6109,simulation
1976-11-13,591.71686,simulation
1976-11-14,592.3525,simulation
1976-11-15,614.4644,simulation
1976-11-16,614.596,simulation
1976-11-17,614.50275,simulation
1976-11-18,614.3197,simulation
1976-11-19,613.58435,simulation
1976-11-20,623.7682,simulation
1976-11-21,637.72253,simulation
1976-11-22,635.4032,simulation
1976-11-23,634.14716,simulation
1976-11-24,633.5017,simulation
1976-11-25,631.8491,simulation
1976-11-26,631.10706,simulation
1976-11-27,632.88513,simulation
1976-11-28,635.7158,simulation
1976-11-29,672.12244,simulation
1976-11-30,671.27234,simulation
1976-12-01,670.1844,simulation
1976-12-02,668.7147,simulation
1976-12-03,667.6065,simulation
1976-12-04,666.29895,simulation
1976-12-05,664.97656,simulation
1976-12-06,663.5669,simulation
1976-12-07,678.8744,simulation
1976-12-08,678.4049,simulation
1976-12-09,677.045,simulation
1976-12-10,675.2913,simulation
1976-12-11,674.8266,simulation
1976-12-12,686.83203,simulation
1976-12-13,704.26215,simulation
1976-12-14,702.94806,simulation
1976-12-15,706.99713,simulation
1976-12-16,706.6924,simulation
1976-12-17,704.33307,simulation
1976-12-18,702.3479,simulation
1976-12-19,700.2267,simulation
1976-12-20,700.28375,simulation
1976-12-21,710.41785,simulation
1976-12-22,708.13196,simulation
1976-12-23,706.8586,simulation
1976-12-24,705.5387,simulation
1976-12-25,703.8603,simulation
1976-12-26,741.11804,simulation
1976-12-27,736.10034,simulation
1976-12-28,731.94257,simulation
1976-12-29,728.82166,simulation
1976-12-30,725.27563,simulation
1976-12-31,722.76404,simulation
1977-01-01,720.1913,simulation
1977-01-02,717.83673,simulation
1977-01-03,728.5522,simulation
1977-01-04,741.67145,simulation
1977-01-05,738.3723,simulation
1977-01-06,734.88446,simulation
1977-01-07,738.8958,simulation
1977-01-08,735.4974,simulation
1977-01-09,732.9073,simulation
1977-01-10,785.3932,simulation
1977-01-11,772.6192,simulation
1977-01-12,763.3776,simulation
1977-01-13,756.7697,simulation
1977-01-14,766.1358,simulation
1977-01-15,779.1541,simulation
1977-01-16,768.026,simulation
1977-01-17,759.75525,simulation
1977-01-18,753.12604,simulation
1977-01-19,750.6542,simulation
1977-01-20,745.60535,simulation
1977-01-21,740.2245,simulation
1977-01-22,735.9215,simulation
1977-01-23,732.58435,simulation
1977-01-24,741.1979,simulation
1977-01-25,741.7376,simulation
1977-01-26,737.2634,simulation
1977-01-27,734.1481,simulation
1977-01-28,731.0728,simulation
1977-01-29,727.59375,simulation
1977-01-30,724.2523,simulation
1977-01-31,727.1728,simulation
1977-02-01,725.58777,simulation
1977-02-02,723.0556,simulation
1977-02-03,719.5555,simulation
1977-02-04,730.10895,simulation
1977-02-05,728.68115,simulation
1977-02-06,724.1008,simulation
1977-02-07,720.33813,simulation
1977-02-08,716.66693,simulation
1977-02-09,714.7165,simulation
1977-02-10,711.3642,simulation
1977-02-11,708.108,simulation
1977-02-12,707.23035,simulation
1977-02-13,720.0589,simulation
1977-02-14,716.1432,simulation
1977-02-15,711.8001,simulation
1977-02-16,709.4862,simulation
1977-02-17,706.6431,simulation
1977-02-18,703.8216,simulation
1977-02-19,701.60406,simulation
1977-02-20,698.794,simulation
1977-02-21,695.2686,simulation
1977-02-22,691.55255,simulation
1977-02-23,687.8943,simulation
1977-02-24,725.2894,simulation
1977-02-25,721.37994,simulation
1977-02-26,714.86505,simulation
1977-02-27,734.32465,simulation
1977-02-28,730.6456,simulation
1977-03-01,726.1196,simulation
1977-03-02,721.2346,simulation
1977-03-03,717.3848,simulation
1977-03-04,787.52264,simulation
1977-03-05,784.1986,simulation
1977-03-06,801.5468,simulation
1977-03-07,793.49963,simulation
1977-03-08,776.1031,simulation
1977-03-09,764.2332,simulation
1977-03-10,757.4795,simulation
1977-03-11,757.04974,simulation
1977-03-12,754.5203,simulation
1977-03-13,783.7253,simulation
1977-03-14,768.01306,simulation
1977-03-15,756.0639,simulation
1977-03-16,748.9992,simulation
1977-03-17,741.71246,simulation
1977-03-18,736.70215,simulation
1977-03-19,730.8036,simulation
1977-03-20,727.1852,simulation
1977-03-21,722.5375,simulation
1977-03-22,746.86127,simulation
1977-03-23,738.7244,simulation
1977-03-24,731.9581,simulation
1977-03-25,728.9146,simulation
1977-03-26,724.50775,simulation
1977-03-27,721.0478,simulation
1977-03-28,723.158,simulation
1977-03-29,745.9221,simulation
1977-03-30,777.8181,simulation
1977-03-31,766.50977,simulation
1977-04-01,800.8626,simulation
1977-04-02,796.2306,simulation
1977-04-03,780.41925,simulation
1977-04-04,770.94775,simulation
1977-04-05,803.71405,simulation
1977-04-06,781.3589,simulation
1977-04-07,766.0396,simulation
1977-04-08,753.4725,simulation
1977-04-09,743.7131,simulation
1977-04-10,734.67456,simulation
1977-04-11,726.3685,simulation
1977-04-12,718.8017,simulation
1977-04-13,711.75037,simulation
1977-04-14,705.40393,simulation
1977-04-15,699.56384,simulation
1977-04-16,694.4557,simulation
1977-04-17,688.53296,simulation
1977-04-18,685.3931,simulation
1977-04-19,693.0448,simulation
1977-04-20,693.62604,simulation
1977-04-21,701.786,simulation
1977-04-22,772.7138,simulation
1977-04-23,765.4451,simulation
1977-04-24,755.92975,simulation
1977-04-25,748.97925,simulation
1977-04-26,739.69086,simulation
1977-04-27,732.14935,simulation
1977-04-28,724.0717,simulation
1977-04-29,717.7486,simulation
1977-04-30,710.52057,simulation
1977-05-01,703.32935,simulation
1977-05-02,700.308,simulation
1977-05-03,713.9634,simulation
1977-05-04,725.8481,simulation
1977-05-05,721.84576,simulation
1977-05-06,716.84033,simulation
1977-05-07,712.3116,simulation
1977-05-08,709.2431,simulation
1977-05-09,706.62415,simulation
1977-05-10,702.2144,simulation
1977-05-11,695.04913,simulation
1977-05-12,691.8701,simulation
1977-05-13,691.76526,simulation
1977-05-14,687.4853,simulation
1977-05-15,683.87506,simulation
1977-05-16,679.7095,simulation
1977-05-17,675.1407,simulation
1977-05-18,671.4989,simulation
1977-05-19,666.26135,simulation
1977-05-20,660.3138,simulation
1977-05-21,656.3596,simulation
1977-05-22,652.5619,simulation
1977-05-23,648.6435,simulation
1977-05-24,653.00543,simulation
1977-05-25,649.21924,simulation
1977-05-26,644.84656,simulation
1977-05-27,640.336,simulation
1977-05-28,634.8024,simulation
1977-05-29,629.1619,simulation
1977-05-30,623.0381,simulation
1977-05-31,617.8663,simulation
1977-06-01,630.82623,simulation
1977-06-02,626.2132,simulation
1977-06-03,620.0122,simulation
1977-06-04,612.92975,simulation
1977-06-05,606.5675,simulation
1977-06-06,601.27856,simulation
1977-06-07,593.2916,simulation
1977-06-08,586.35956,simulation
1977-06-09,579.4362,simulation
1977-06-10,572.1495,simulation
1977-06-11,564.8784,simulation
1977-06-12,557.86584,simulation
1977-06-13,550.5354,simulation
1977-06-14,567.67834,simulation
1977-06-15,568.18884,simulation
1977-06-16,580.46924,simulation
1977-06-17,581.73126,simulation
1977-06-18,578.5144,simulation
1977-06-19,572.7947,simulation
1977-06-20,570.6731,simulation
1977-06-21,566.41156,simulation
1977-06-22,559.8043,simulation
1977-06-23,552.5721,simulation
1977-06-24,546.3494,simulation
1977-06-25,540.66797,simulation
1977-06-26,534.63043,simulation
1977-06-27,529.10895,simulation
1977-06-28,523.39526,simulation
1977-06-29,517.14636,simulation
1977-06-30,511.9863,simulation
1977-07-01,506.2119,simulation
1977-07-02,500.7146,simulation
1977-07-03,515.8753,simulation
1977-07-04,512.3035,simulation
1977-07-05,516.02625,simulation
1977-07-06,508.79913,simulation
1977-07-07,508.16678,simulation
1977-07-08,511.7155,simulation
1977-07-09,516.46564,simulation
1977-07-10,520.438,simulation
1977-07-11,539.2328,simulation
1977-07-12,551.42645,simulation
1977-07-13,557.8541,simulation
1977-07-14,555.01715,simulation
1977-07-15,553.6272,simulation
1977-07-16,562.4148,simulation
1977-07-17,555.7657,simulation
1977-07-18,552.1507,simulation
1977-07-19,549.1704,simulation
1977-07-20,548.9547,simulation
1977-07-21,546.3734,simulation
1977-07-22,544.70496,simulation
1977-07-23,542.5693,simulation
1977-07-24,542.88525,simulation
1977-07-25,538.75903,simulation
1977-07-26,542.2402,simulation
1977-07-27,546.84015,simulation
1977-07-28,557.9967,simulation
1977-07-29,570.4454,simulation
1977-07-30,583.98584,simulation
1977-07-31,608.77313,simulation
1977-08-01,610.6835,simulation
1977-08-02,617.2279,simulation
1977-08-03,617.47955,simulation
1977-08-04,613.84717,simulation
1977-08-05,612.9765,simulation
1977-08-06,618.3777,simulation
1977-08-07,614.0594,simulation
1977-08-08,607.62354,simulation
1977-08-09,601.72974,simulation
1977-08-10,596.6254,simulation
1977-08-11,591.18,simulation
1977-08-12,590.5367,simulation
1977-08-13,585.66406,simulation
1977-08-14,580.4154,simulation
1977-08-15,575.55194,simulation
1977-08-16,571.6399,simulation
1977-08-17,569.47217,simulation
1977-08-18,577.9272,simulation
1977-08-19,606.2184,simulation
1977-08-20,605.4884,simulation
1977-08-21,603.1596,simulation
1977-08-22,600.0839,simulation
1977-08-23,597.0574,simulation
1977-08-24,593.68024,simulation
1977-08-25,589.83453,simulation
1977-08-26,587.7415,simulation
1977-08-27,584.59686,simulation
1977-08-28,583.27576,simulation
1977-08-29,589.12933,simulation
1977-08-30,584.00055,simulation
1977-08-31,579.2469,simulation
1977-09-01,572.94885,simulation
1977-09-02,567.08844,simulation
1977-09-03,561.09564,simulation
1977-09-04,555.9715,simulation
1977-09-05,558.4473,simulation
1977-09-06,574.2541,simulation
1977-09-07,658.3685,simulation
1977-09-08,656.19214,simulation
1977-09-09,651.8749,simulation
1977-09-10,651.9465,simulation
1977-09-11,650.37933,simulation
1977-09-12,645.129,simulation
1977-09-13,648.8297,simulation
1977-09-14,656.0638,simulation
1977-09-15,654.31476,simulation
1977-09-16,659.8798,simulation
1977-09-17,658.79456,simulation
1977-09-18,656.1272,simulation
1977-09-19,653.81165,simulation
1977-09-20,668.8715,simulation
1977-09-21,665.21967,simulation
1977-09-22,660.14905,simulation
1977-09-23,655.70624,simulation
1977-09-24,652.86304,simulation
1977-09-25,650.3676,simulation
1977-09-26,647.88794,simulation
1977-09-27,644.7713,simulation
1977-09-28,642.26166,simulation
1977-09-29,665.876,simulation
1977-09-30,665.0077,simulation
1977-10-01,661.34436,simulation
1977-10-02,658.5535,simulation
1977-10-03,668.0811,simulation
1977-10-04,663.24347,simulation
1977-10-05,660.4097,simulation
1977-10-06,658.59503,simulation
1977-10-07,654.96265,simulation
1977-10-08,653.99286,simulation
1977-10-09,700.5956,simulation
1977-10-10,695.7411,simulation
1977-10-11,694.21716,simulation
1977-10-12,699.05646,simulation
1977-10-13,694.35486,simulation
1977-10-14,690.3079,simulation
1977-10-15,686.46484,simulation
1977-10-16,684.6208,simulation
1977-10-17,680.9028,simulation
1977-10-18,677.1717,simulation
1977-10-19,673.045,simulation
1977-10-20,668.9356,simulation
1977-10-21,667.97284,simulation
1977-10-22,664.4404,simulation
1977-10-23,660.69775,simulation
1977-10-24,658.2256,simulation
1977-10-25,687.41174,simulation
1977-10-26,722.63885,simulation
1977-10-27,719.9896,simulation
1977-10-28,715.1517,simulation
1977-10-29,713.1984,simulation
1977-10-30,710.6003,simulation
1977-10-31,706.95105,simulation
1977-11-01,704.9185,simulation
1977-11-02,701.47815,simulation
1977-11-03,720.0947,simulation
1977-11-04,716.7708,simulation
1977-11-05,759.91956,simulation
1977-11-06,756.17365,simulation
1977-11-07,751.08484,simulation
1977-11-08,745.78424,simulation
1977-11-09,742.12933,simulation
1977-11-10,743.2881,simulation
1977-11-11,736.8232,simulation
1977-11-12,731.4783,simulation
1977-11-13,726.70703,simulation
1977-11-14,723.7042,simulation
1977-11-15,719.34814,simulation
1977-11-16,717.4373,simulation
1977-11-17,715.4515,simulation
1977-11-18,712.59076,simulation
1977-11-19,710.4037,simulation
1977-11-20,714.4145,simulation
1977-11-21,714.26697,simulation
1977-11-22,769.4491,simulation
1977-11-23,761.9179,simulation
1977-11-24,755.58057,simulation
1977-11-25,750.086,simulation
1977-11-26,745.073,simulation
1977-11-27,739.53,simulation
1977-11-28,739.6063,simulation
1977-11-29,758.8017,simulation
1977-11-30,785.955,simulation
1977-12-01,785.88007,simulation
1977-12-02,773.21875,simulation
1977-12-03,763.3637,simulation
1977-12-04,755.6282,simulation
1977-12-05,749.4013,simulation
1977-12-06,742.2273,simulation
1977-12-07,736.9527,simulation
1977-12-08,732.7293,simulation
1977-12-09,728.6808,simulation
1977-12-10,732.82043,simulation
1977-12-11,728.91846,simulation
1977-12-12,725.5418,simulation
1977-12-13,722.13934,simulation
1977-12-14,747.0485,simulation
1977-12-15,742.7753,simulation
1977-12-16,738.659,simulation
1977-12-17,734.6819,simulation
1977-12-18,736.4331,simulation
1977-12-19,731.64197,simulation
1977-12-20,728.1751,simulation
1977-12-21,724.29816,simulation
1977-12-22,721.5267,simulation
1977-12-23,719.06866,simulation
1977-12-24,716.9491,simulation
1977-12-25,718.6988,simulation
1977-12-26,715.40985,simulation
1977-12-27,713.0796,simulation
1977-12-28,710.8315,simulation
1977-12-29,709.2758,simulation
1977-12-30,734.4591,simulation
1977-12-31,732.06494,simulation
1978-01-01,730.173,simulation
1978-01-02,727.4116,simulation
1978-01-03,724.76263,simulation
1978-01-04,722.04926,simulation
1978-01-05,719.55475,simulation
1978-01-06,719.3614,simulation
1978-01-07,717.30994,simulation
1978-01-08,715.7324,simulation
1978-01-09,731.2393,simulation
1978-01-10,727.8114,simulation
1978-01-11,724.7723,simulation
1978-01-12,722.34827,simulation
1978-01-13,726.30566,simulation
1978-01-14,724.2023,simulation
1978-01-15,722.24335,simulation
1978-01-16,720.25616,simulation
1978-01-17,741.3166,simulation
1978-01-18,739.0221,simulation
1978-01-19,737.38324,simulation
1978-01-20,746.0113,simulation
1978-01-21,742.09393,simulation
1978-01-22,738.91125,simulation
1978-01-23,735.32623,simulation
1978-01-24,732.1799,simulation
1978-01-25,774.3616,simulation
1978-01-26,782.477,simulation
1978-01-27,769.58673,simulation
1978-01-28,761.3839,simulation
1978-01-29,754.23175,simulation
1978-01-30,747.8703,simulation
1978-01-31,749.34424,simulation
1978-02-01,754.09686,simulation
1978-02-02,776.88556,simulation
1978-02-03,767.1412,simulation
1978-02-04,759.30615,simulation
1978-02-05,752.079,simulation
1978-02-06,746.0246,simulation
1978-02-07,741.20026,simulation
1978-02-08,737.23254,simulation
1978-02-09,733.7683,simulation
1978-02-10,730.70166,simulation
1978-02-11,727.37634,simulation
1978-02-12,723.6284,simulation
1978-02-13,732.6235,simulation
1978-02-14,727.5322,simulation
1978-02-15,724.5692,simulation
1978-02-16,722.05286,simulation
1978-02-17,718.23773,simulation
1978-02-18,714.6938,simulation
1978-02-19,713.0056,simulation
1978-02-20,710.41156,simulation
1978-02-21,708.0688,simulation
1978-02-22,706.498,simulation
1978-02-23,703.7428,simulation
1978-02-24,700.52124,simulation
1978-02-25,697.37946,simulation
1978-02-26,701.3832,simulation
1978-02-27,701.9066,simulation
1978-02-28,700.40295,simulation
1978-03-01,704.6057,simulation
1978-03-02,703.2767,simulation
1978-03-03,704.24884,simulation
1978-03-04,703.24744,simulation
1978-03-05,701.60126,simulation
1978-03-06,698.3338,simulation
1978-03-07,696.603,simulation
1978-03-08,710.13416,simulation
1978-03-09,709.2764,simulation
1978-03-10,710.07623,simulation
1978-03-11,708.033,simulation
1978-03-12,705.85333,simulation
1978-03-13,703.60065,simulation
1978-03-14,723.662,simulation
1978-03-15,719.7388,simulation
1978-03-16,716.33594,simulation
1978-03-17,713.25183,simulation
1978-03-18,708.6908,simulation
1978-03-19,703.48254,simulation
1978-03-20,697.8056,simulation
1978-03-21,695.8389,simulation
1978-03-22,698.62683,simulation
1978-03-23,694.2268,simulation
1978-03-24,690.8003,simulation
1978-03-25,701.5232,simulation
1978-03-26,700.1843,simulation
1978-03-27,698.98364,simulation
1978-03-28,695.85065,simulation
1978-03-29,691.4999,simulation
1978-03-30,687.94727,simulation
1978-03-31,684.0574,simulation
1978-04-01,678.6674,simulation
1978-04-02,672.45386,simulation
1978-04-03,668.453,simulation
1978-04-04,666.2304,simulation
1978-04-05,663.3171,simulation
1978-04-06,658.45154,simulation
1978-04-07,657.1754,simulation
1978-04-08,653.171,simulation
1978-04-09,649.454,simulation
1978-04-10,648.16144,simulation
1978-04-11,656.0054,simulation
1978-04-12,701.75867,simulation
1978-04-13,713.2156,simulation
1978-04-14,711.1012,simulation
1978-04-15,707.6246,simulation
1978-04-16,701.3155,simulation
1978-04-17,698.9457,simulation
1978-04-18,696.6644,simulation
1978-04-19,722.7458,simulation
1978-04-20,715.88556,simulation
1978-04-21,711.05347,simulation
1978-04-22,704.901,simulation
1978-04-23,698.28656,simulation
1978-04-24,696.56244,simulation
1978-04-25,698.57355,simulation
1978-04-26,709.7073,simulation
1978-04-27,702.7475,simulation
1978-04-28,696.92706,simulation
1978-04-29,691.05896,simulation
1978-04-30,686.807,simulation
1978-05-01,685.8878,simulation
1978-05-02,703.69867,simulation
1978-05-03,713.8047,simulation
1978-05-04,746.70844,simulation
1978-05-05,742.76025,simulation
1978-05-06,734.41364,simulation
1978-05-07,731.40857,simulation
1978-05-08,774.12366,simulation
1978-05-09,781.4601,simulation
1978-05-10,764.9677,simulation
1978-05-11,753.1139,simulation
1978-05-12,747.25195,simulation
1978-05-13,765.9239,simulation
1978-05-14,754.9381,simulation
1978-05-15,743.08966,simulation
1978-05-16,739.22455,simulation
1978-05-17,736.2226,simulation
1978-05-18,747.28644,simulation
1978-05-19,742.1889,simulation
1978-05-20,737.30853,simulation
1978-05-21,732.2269,simulation
1978-05-22,725.3648,simulation
1978-05-23,721.71716,simulation
1978-05-24,715.62836,simulation
1978-05-25,708.7436,simulation
1978-05-26,701.78357,simulation
1978-05-27,694.4435,simulation
1978-05-28,692.74164,simulation
1978-05-29,696.3364,simulation
1978-05-30,692.56586,simulation
1978-05-31,689.5445,simulation
1978-06-01,686.45886,simulation
1978-06-02,692.8265,simulation
1978-06-03,721.2334,simulation
1978-06-04,717.3544,simulation
1978-06-05,710.2331,simulation
1978-06-06,705.6972,simulation
1978-06-07,702.9863,simulation
1978-06-08,716.10156,simulation
1978-06-09,713.54175,simulation
1978-06-10,708.4575,simulation
1978-06-11,702.0266,simulation
1978-06-12,704.12115,simulation
1978-06-13,701.84503,simulation
1978-06-14,697.52527,simulation
1978-06-15,690.19366,simulation
1978-06-16,683.0206,simulation
1978-06-17,678.1756,simulation
1978-06-18,671.00604,simulation
1978-06-19,666.5237,simulation
1978-06-20,669.14435,simulation
1978-06-21,663.9408,simulation
1978-06-22,663.3015,simulation
1978-06-23,657.2594,simulation
1978-06-24,650.8259,simulation
1978-06-25,645.61865,simulation
1978-06-26,643.6481,simulation
1978-06-27,637.0783,simulation
1978-06-28,630.86523,simulation
1978-06-29,624.4501,simulation
1978-06-30,620.94055,simulation
1978-07-01,629.1134,simulation
1978-07-02,624.14545,simulation
1978-07-03,617.23724,simulation
1978-07-04,629.2363,simulation
1978-07-05,623.5047,simulation
1978-07-06,619.61346,simulation
1978-07-07,616.37714,simulation
1978-07-08,617.90656,simulation
1978-07-09,612.34033,simulation
1978-07-10,606.2867,simulation
1978-07-11,605.13806,simulation
1978-07-12,600.51385,simulation
1978-07-13,596.39014,simulation
1978-07-14,595.18207,simulation
1978-07-15,598.45306,simulation
1978-07-16,603.0262,simulation
1978-07-17,597.3101,simulation
1978-07-18,590.1984,simulation
1978-07-19,583.6421,simulation
1978-07-20,578.1554,simulation
1978-07-21,571.9375,simulation
1978-07-22,572.5595,simulation
1978-07-23,579.295,simulation
1978-07-24,578.19324,simulation
1978-07-25,587.8456,simulation
1978-07-26,582.5288,simulation
1978-07-27,590.0538,simulation
1978-07-28,593.7604,simulation
1978-07-29,597.0514,simulation
1978-07-30,591.6374,simulation
1978-07-31,587.4875,simulation
1978-08-01,582.17926,simulation
1978-08-02,576.81665,simulation
1978-08-03,571.37213,simulation
1978-08-04,564.6729,simulation
1978-08-05,558.16486,simulation
1978-08-06,552.6193,simulation
1978-08-07,555.2304,simulation
1978-08-08,559.8097,simulation
1978-08-09,561.5428,simulation
1978-08-10,589.4638,simulation
1978-08-11,588.2817,simulation
1978-08-12,591.1335,simulation
1978-08-13,588.95984,simulation
1978-08-14,613.70825,simulation
1978-08-15,611.2037,simulation
1978-08-16,609.01245,simulation
1978-08-17,603.9937,simulation
1978-08-18,597.8771,simulation
1978-08-19,592.48676,simulation
1978-08-20,588.0881,simulation
1978-08-21,589.0749,simulation
1978-08-22,583.2559,simulation
1978-08-23,577.72577,simulation
1978-08-24,572.35077,simulation
1978-08-25,581.9437,simulation
1978-08-26,576.3806,simulation
1978-08-27,570.6535,simulation
1978-08-28,568.2375,simulation
1978-08-29,567.2511,simulation
1978-08-30,577.2295,simulation
1978-08-31,575.759,simulation
1978-09-01,572.2126,simulation
1978-09-02,571.0755,simulation
1978-09-03,568.2959,simulation
1978-09-04,564.5967,simulation
1978-09-05,558.4851,simulation
1978-09-06,552.9012,simulation
1978-09-07,548.1897,simulation
1978-09-08,543.3871,simulation
1978-09-09,539.5121,simulation
1978-09-10,537.5283,simulation
1978-09-11,535.0185,simulation
1978-09-12,533.45966,simulation
1978-09-13,536.164,simulation
1978-09-14,549.0405,simulation
1978-09-15,555.82306,simulation
1978-09-16,556.57227,simulation
1978-09-17,553.6668,simulation
1978-09-18,549.32684,simulation
1978-09-19,545.2123,simulation
1978-09-20,540.6277,simulation
1978-09-21,535.9579,simulation
1978-09-22,531.1744,simulation
1978-09-23,527.42206,simulation
1978-09-24,523.07837,simulation
1978-09-25,519.02045,simulation
1978-09-26,518.0153,simulation
1978-09-27,518.46515,simulation
1978-09-28,519.5952,simulation
1978-09-29,525.06323,simulation
1978-09-30,522.5676,simulation
1978-10-01,520.86066,simulation
1978-10-02,516.50543,simulation
1978-10-03,512.5802,simulation
1978-10-04,512.1218,simulation
1978-10-05,507.8296,simulation
1978-10-06,507.36005,simulation
1978-10-07,503.16837,simulation
1978-10-08,499.75815,simulation
1978-10-09,496.36673,simulation
1978-10-10,494.33673,simulation
1978-10-11,491.38797,simulation
1978-10-12,488.72345,simulation
1978-10-13,485.54657,simulation
1978-10-14,487.0931,simulation
1978-10-15,483.8872,simulation
1978-10-16,481.05695,simulation
1978-10-17,477.36084,simulation
1978-10-18,474.31604,simulation
1978-10-19,471.5358,simulation
1978-10-20,469.08636,simulation
1978-10-21,466.01422,simulation
1978-10-22,462.86752,simulation
1978-10-23,459.79132,simulation
1978-10-24,456.90295,simulation
1978-10-25,454.19174,simulation
1978-10-26,451.4054,simulation
1978-10-27,451.2064,simulation
1978-10-28,451.04547,simulation
1978-10-29,449.72302,simulation
1978-10-30,446.82993,simulation
1978-10-31,446.36844,simulation
1978-11-01,443.89807,simulation
1978-11-02,441.3768,simulation
1978-11-03,438.86517,simulation
1978-11-04,436.43512,simulation
1978-11-05,434.0892,simulation
1978-11-06,433.18524,simulation
1978-11-07,454.81485,simulation
1978-11-08,457.15094,simulation
1978-11-09,456.85834,simulation
1978-11-10,456.53357,simulation
1978-11-11,455.7016,simulation
1978-11-12,455.38223,simulation
1978-11-13,455.0136,simulation
1978-11-14,454.78748,simulation
1978-11-15,455.16284,simulation
1978-11-16,456.41702,simulation
1978-11-17,456.5973,simulation
1978-11-18,470.49158,simulation
1978-11-19,470.7908,simulation
1978-11-20,470.7874,simulation
1978-11-21,470.29883,simulation
1978-11-22,470.42508,simulation
1978-11-23,470.71533,simulation
1978-11-24,470.83194,simulation
1978-11-25,470.79523,simulation
1978-11-26,470.4256,simulation
1978-11-27,491.5427,simulation
1978-11-28,500.7079,simulation
1978-11-29,500.80032,simulation
1978-11-30,533.7038,simulation
1978-12-01,533.948,simulation
1978-12-02,533.6517,simulation
1978-12-03,533.23315,simulation
1978-12-04,567.26105,simulation
1978-12-05,580.9968,simulation
1978-12-06,580.2616,simulation
1978-12-07,579.4951,simulation
1978-12-08,581.89154,simulation
1978-12-09,613.3837,simulation
1978-12-10,633.487,simulation
1978-12-11,632.96985,simulation
1978-12-12,632.31213,simulation
1978-12-13,631.53925,simulation
1978-12-14,630.8378,simulation
1978-12-15,630.4545,simulation
1978-12-16,630.0362,simulation
1978-12-17,635.4359,simulation
1978-12-18,634.12317,simulation
1978-12-19,633.55133,simulation
1978-12-20,633.14935,simulation
1978-12-21,642.4804,simulation
1978-12-22,643.379,simulation
1978-12-23,642.5846,simulation
1978-12-24,642.0219,simulation
1978-12-25,653.30475,simulation
1978-12-26,652.45,simulation
1978-12-27,651.2908,simulation
1978-12-28,650.5297,simulation
1978-12-29,649.00995,simulation
1978-12-30,653.53564,simulation
1978-12-31,679.6319,simulation
1979-01-01,686.61896,simulation
1979-01-02,710.4036,simulation
1979-01-03,708.64795,simulation
1979-01-04,707.2727,simulation
1979-01-05,705.7777,simulation
1979-01-06,704.39453,simulation
1979-01-07,728.7154,simulation
1979-01-08,741.4879,simulation
1979-01-09,737.42285,simulation
1979-01-10,733.8707,simulation
1979-01-11,730.9427,simulation
1979-01-12,728.09534,simulation
1979-01-13,727.13745,simulation
1979-01-14,726.09796,simulation
1979-01-15,723.58435,simulation
1979-01-16,721.4066,simulation
1979-01-17,719.34247,simulation
1979-01-18,719.2816,simulation
1979-01-19,723.0506,simulation
1979-01-20,742.78125,simulation
1979-01-21,822.9694,simulation
1979-01-22,799.14777,simulation
1979-01-23,783.0921,simulation
1979-01-24,804.4057,simulation
1979-01-25,785.09973,simulation
1979-01-26,773.0921,simulation
1979-01-27,795.0879,simulation
1979-01-28,780.1319,simulation
1979-01-29,769.0428,simulation
1979-01-30,760.96326,simulation
1979-01-31,777.72546,simulation
1979-02-01,767.5226,simulation
1979-02-02,759.6682,simulation
1979-02-03,752.9644,simulation
1979-02-04,767.6577,simulation
1979-02-05,760.4253,simulation
1979-02-06,764.4926,simulation
1979-02-07,785.75726,simulation
1979-02-08,773.69507,simulation
1979-02-09,764.1468,simulation
1979-02-10,756.56067,simulation
1979-02-11,749.9502,simulation
1979-02-12,744.3167,simulation
1979-02-13,739.8381,simulation
1979-02-14,736.2454,simulation
1979-02-15,732.60406,simulation
1979-02-16,729.00726,simulation
1979-02-17,726.3438,simulation
1979-02-18,739.67914,simulation
1979-02-19,758.55383,simulation
1979-02-20,752.1913,simulation
1979-02-21,751.55585,simulation
1979-02-22,747.6941,simulation
1979-02-23,746.0729,simulation
1979-02-24,819.3832,simulation
1979-02-25,805.7045,simulation
1979-02-26,788.04254,simulation
1979-02-27,772.6321,simulation
1979-02-28,763.21484,simulation
1979-03-01,765.07086,simulation
1979-03-02,757.00616,simulation
1979-03-03,774.5957,simulation
1979-03-04,868.9298,simulation
1979-03-05,833.95874,simulation
1979-03-06,804.7848,simulation
1979-03-07,783.96954,simulation
1979-03-08,771.2799,simulation
1979-03-09,760.3308,simulation
1979-03-10,750.70917,simulation
1979-03-11,755.1437,simulation
1979-03-12,747.71484,simulation
1979-03-13,740.0629,simulation
1979-03-14,734.4101,simulation
1979-03-15,727.78864,simulation
1979-03-16,722.5918,simulation
1979-03-17,719.72,simulation
1979-03-18,714.7463,simulation
1979-03-19,711.1376,simulation
1979-03-20,706.58154,simulation
1979-03-21,704.70715,simulation
1979-03-22,702.6695,simulation
1979-03-23,729.1219,simulation
1979-03-24,725.4527,simulation
1979-03-25,719.9226,simulation
1979-03-26,714.393,simulation
1979-03-27,709.3615,simulation
1979-03-28,704.67084,simulation
1979-03-29,699.5887,simulation
1979-03-30,697.28705,simulation
1979-03-31,695.3772,simulation
1979-04-01,694.42395,simulation
1979-04-02,691.19354,simulation
1979-04-03,738.6021,simulation
1979-04-04,778.8532,simulation
1979-04-05,769.2572,simulation
1979-04-06,757.11383,simulation
1979-04-07,747.1091,simulation
1979-04-08,740.37714,simulation
1979-04-09,747.0202,simulation
1979-04-10,739.98895,simulation
1979-04-11,735.46216,simulation
1979-04-12,730.76495,simulation
1979-04-13,762.2529,simulation
1979-04-14,756.81433,simulation
1979-04-15,746.11847,simulation
1979-04-16,736.91595,simulation
1979-04-17,728.495,simulation
1979-04-18,722.8749,simulation
1979-04-19,720.1489,simulation
1979-04-20,717.0919,simulation
1979-04-21,714.99005,simulation
1979-04-22,713.18195,simulation
1979-04-23,728.71295,simulation
1979-04-24,758.0483,simulation
1979-04-25,756.96747,simulation
1979-04-26,750.8156,simulation
1979-04-27,748.0723,simulation
1979-04-28,740.8638,simulation
1979-04-29,732.6243,simulation
1979-04-30,729.58466,simulation
1979-05-01,723.4198,simulation
1979-05-02,719.4205,simulation
1979-05-03,722.0811,simulation
1979-05-04,720.06415,simulation
1979-05-05,749.4882,simulation
1979-05-06,744.72546,simulation
1979-05-07,737.1243,simulation
1979-05-08,730.36066,simulation
1979-05-09,724.7288,simulation
1979-05-10,719.9056,simulation
1979-05-11,714.42474,simulation
1979-05-12,716.4802,simulation
1979-05-13,720.8862,simulation
1979-05-14,717.53485,simulation
1979-05-15,710.1822,simulation
1979-05-16,702.84314,simulation
1979-05-17,695.28925,simulation
1979-05-18,688.1332,simulation
1979-05-19,683.05054,simulation
1979-05-20,679.92377,simulation
1979-05-21,675.8212,simulation
1979-05-22,674.0823,simulation
1979-05-23,681.72845,simulation
1979-05-24,709.82947,simulation
1979-05-25,704.4759,simulation
1979-05-26,697.59875,simulation
1979-05-27,690.7859,simulation
1979-05-28,687.8235,simulation
1979-05-29,685.1922,simulation
1979-05-30,711.245,simulation
1979-05-31,710.40204,simulation
1979-06-01,710.77875,simulation
1979-06-02,706.8711,simulation
1979-06-03,720.0938,simulation
1979-06-04,725.163,simulation
1979-06-05,719.6783,simulation
1979-06-06,751.4549,simulation
1979-06-07,747.4932,simulation
1979-06-08,741.33514,simulation
1979-06-09,732.2615,simulation
1979-06-10,724.6508,simulation
1979-06-11,735.69946,simulation
1979-06-12,725.9029,simulation
1979-06-13,717.26227,simulation
1979-06-14,709.40686,simulation
1979-06-15,701.7619,simulation
1979-06-16,696.1315,simulation
1979-06-17,689.4942,simulation
1979-06-18,682.993,simulation
1979-06-19,675.87335,simulation
1979-06-20,668.4468,simulation
1979-06-21,661.3542,simulation
1979-06-22,660.3699,simulation
1979-06-23,656.7558,simulation
1979-06-24,661.8294,simulation
1979-06-25,664.2785,simulation
1979-06-26,662.891,simulation
1979-06-27,660.08075,simulation
1979-06-28,655.3823,simulation
1979-06-29,649.8157,simulation
1979-06-30,648.966,simulation
1979-07-01,644.7011,simulation
1979-07-02,640.8647,simulation
1979-07-03,635.6406,simulation
1979-07-04,629.94904,simulation
1979-07-05,623.2126,simulation
1979-07-06,617.75806,simulation
1979-07-07,631.06604,simulation
1979-07-08,657.8681,simulation
1979-07-09,664.0102,simulation
1979-07-10,667.9858,simulation
1979-07-11,668.79144,simulation
1979-07-12,720.5572,simulation
1979-07-13,713.87854,simulation
1979-07-14,734.7806,simulation
1979-07-15,730.6984,simulation
1979-07-16,723.90234,simulation
1979-07-17,717.5156,simulation
1979-07-18,711.1368,simulation
1979-07-19,717.6428,simulation
1979-07-20,715.6418,simulation
1979-07-21,741.0638,simulation
1979-07-22,739.6995,simulation
1979-07-23,732.3942,simulation
1979-07-24,727.99725,simulation
1979-07-25,728.0177,simulation
1979-07-26,727.80133,simulation
1979-07-27,733.50006,simulation
1979-07-28,730.95654,simulation
1979-07-29,726.4301,simulation
1979-07-30,719.90906,simulation
1979-07-31,712.7202,simulation
1979-08-01,705.9464,simulation
1979-08-02,699.8107,simulation
1979-08-03,699.0223,simulation
1979-08-04,694.96686,simulation
1979-08-05,689.349,simulation
1979-08-06,684.471,simulation
1979-08-07,677.9165,simulation
1979-08-08,671.04407,simulation
1979-08-09,670.22253,simulation
1979-08-10,668.3169,simulation
1979-08-11,662.701,simulation
1979-08-12,694.10254,simulation
1979-08-13,690.5867,simulation
1979-08-14,685.6827,simulation
1979-08-15,680.1309,simulation
1979-08-16,674.6742,simulation
1979-08-17,669.19934,simulation
1979-08-18,662.72107,simulation
1979-08-19,658.8492,simulation
1979-08-20,652.9868,simulation
1979-08-21,650.9477,simulation
1979-08-22,673.0929,simulation
1979-08-23,677.40955,simulation
1979-08-24,674.98334,simulation
1979-08-25,687.1615,simulation
1979-08-26,697.896,simulation
1979-08-27,694.68207,simulation
1979-08-28,698.6339,simulation
1979-08-29,693.5132,simulation
1979-08-30,688.1354,simulation
1979-08-31,684.8733,simulation
1979-09-01,688.56757,simulation
1979-09-02,683.7641,simulation
1979-09-03,692.89764,simulation
1979-09-04,697.3244,simulation
1979-09-05,692.0199,simulation
1979-09-06,687.24927,simulation
1979-09-07,683.00604,simulation
1979-09-08,678.303,simulation
1979-09-09,671.8626,simulation
1979-09-10,666.4065,simulation
1979-09-11,660.0208,simulation
1979-09-12,653.51135,simulation
1979-09-13,655.816,simulation
1979-09-14,749.0714,simulation
1979-09-15,741.03723,simulation
1979-09-16,732.03217,simulation
1979-09-17,728.26996,simulation
1979-09-18,727.17664,simulation
1979-09-19,724.6713,simulation
1979-09-20,722.76215,simulation
1979-09-21,794.0602,simulation
1979-09-22,777.7215,simulation
1979-09-23,763.50793,simulation
1979-09-24,751.7595,simulation
1979-09-25,743.89374,simulation
1979-09-26,737.6545,simulation
1979-09-27,733.61804,simulation
1979-09-28,728.8377,simulation
1979-09-29,723.1183,simulation
1979-09-30,717.7463,simulation
1979-10-01,712.12915,simulation
1979-10-02,706.2969,simulation
1979-10-03,701.03485,simulation
1979-10-04,695.715,simulation
1979-10-05,693.4736,simulation
1979-10-06,690.21173,simulation
1979-10-07,686.78564,simulation
1979-10-08,681.981,simulation
1979-10-09,676.78033,simulation
1979-10-10,673.94635,simulation
1979-10-11,672.168,simulation
1979-10-12,668.20416,simulation
1979-10-13,663.5369,simulation
1979-10-14,659.50616,simulation
1979-10-15,655.43866,simulation
1979-10-16,652.0315,simulation
1979-10-17,649.4324,simulation
1979-10-18,645.99963,simulation
1979-10-19,642.6716,simulation
1979-10-20,638.8497,simulation
1979-10-21,636.35583,simulation
1979-10-22,635.0245,simulation
1979-10-23,635.0112,simulation
1979-10-24,631.87915,simulation
1979-10-25,629.3126,simulation
1979-10-26,626.41364,simulation
1979-10-27,623.35425,simulation
1979-10-28,619.9883,simulation
1979-10-29,620.9558,simulation
1979-10-30,633.3396,simulation
1979-10-31,632.2345,simulation
1979-11-01,664.29144,simulation
1979-11-02,670.2831,simulation
1979-11-03,666.8867,simulation
1979-11-04,664.3959,simulation
1979-11-05,661.66956,simulation
1979-11-06,660.24384,simulation
1979-11-07,659.54175,simulation
1979-11-08,656.966,simulation
1979-11-09,656.25964,simulation
1979-11-10,710.2783,simulation
1979-11-11,712.68945,simulation
1979-11-12,714.0739,simulation
1979-11-13,710.78296,simulation
1979-11-14,707.53827,simulation
1979-11-15,704.64325,simulation
1979-11-16,701.8948,simulation
1979-11-17,698.7737,simulation
1979-11-18,696.2299,simulation
1979-11-19,693.9709,simulation
1979-11-20,691.02264,simulation
1979-11-21,689.3608,simulation
1979-11-22,687.78796,simulation
1979-11-23,702.93054,simulation
1979-11-24,731.9626,simulation
1979-11-25,731.184,simulation
1979-11-26,770.22217,simulation
1979-11-27,762.3935,simulation
1979-11-28,754.67535,simulation
1979-11-29,747.52155,simulation
1979-11-30,742.0404,simulation
1979-12-01,738.0998,simulation
1979-12-02,734.0047,simulation
1979-12-03,729.91187,simulation
1979-12-04,727.2209,simulation
1979-12-05,723.99536,simulation
1979-12-06,720.6333,simulation
1979-12-07,721.037,simulation
1979-12-08,718.07886,simulation
1979-12-09,714.8318,simulation
1979-12-10,711.7779,simulation
1979-12-11,708.7674,simulation
1979-12-12,706.9062,simulation
1979-12-13,723.0778,simulation
1979-12-14,767.4377,simulation
1979-12-15,759.3952,simulation
1979-12-16,754.0535,simulation
1979-12-17,750.19604,simulation
1979-12-18,744.8361,simulation
1979-12-19,740.2854,simulation
1979-12-20,736.5553,simulation
1979-12-21,733.4232,simulation
1979-12-22,730.51056,simulation
1979-12-23,738.51544,simulation
1979-12-24,752.033,simulation
1979-12-25,758.1552,simulation
1979-12-26,750.9243,simulation
1979-12-27,745.6505,simulation
1979-12-28,741.3427,simulation
1979-12-29,737.60986,simulation
1979-12-30,738.44617,simulation
1979-12-31,735.2902,simulation
1980-01-01,732.3244,simulation
1980-01-02,728.8193,simulation
1980-01-03,726.1079,simulation
1980-01-04,732.51447,simulation
1980-01-05,729.82574,simulation
1980-01-06,727.19556,simulation
1980-01-07,723.84344,simulation
1980-01-08,722.7929,simulation
1980-01-09,725.3819,simulation
1980-01-10,728.52155,simulation
1980-01-11,726.2404,simulation
1980-01-12,788.16907,simulation
1980-01-13,773.73206,simulation
1980-01-14,764.4172,simulation
1980-01-15,757.634,simulation
1980-01-16,751.68176,simulation
1980-01-17,783.0139,simulation
1980-01-18,775.2952,simulation
1980-01-19,766.02264,simulation
1980-01-20,758.39966,simulation
1980-01-21,752.36414,simulation
1980-01-22,758.2402,simulation
1980-01-23,788.84796,simulation
1980-01-24,774.291,simulation
1980-01-25,764.3219,simulation
1980-01-26,761.253,simulation
1980-01-27,764.64185,simulation
1980-01-28,757.8263,simulation
1980-01-29,751.97217,simulation
1980-01-30,748.3374,simulation
1980-01-31,752.51117,simulation
1980-02-01,747.365,simulation
1980-02-02,741.92255,simulation
1980-02-03,738.0809,simulation
1980-02-04,734.2269,simulation
1980-02-05,730.7625,simulation
1980-02-06,740.3487,simulation
1980-02-07,735.4235,simulation
1980-02-08,731.6954,simulation
1980-02-09,740.4498,simulation
1980-02-10,804.3681,simulation
1980-02-11,786.3335,simulation
1980-02-12,773.88464,simulation
1980-02-13,764.53314,simulation
1980-02-14,757.2019,simulation
1980-02-15,749.52966,simulation
1980-02-16,745.6445,simulation
1980-02-17,741.4382,simulation
1980-02-18,736.37427,simulation
1980-02-19,732.3371,simulation
1980-02-20,729.1478,simulation
1980-02-21,724.7211,simulation
1980-02-22,722.273,simulation
1980-02-23,718.15594,simulation
1980-02-24,714.4138,simulation
1980-02-25,710.71826,simulation
1980-02-26,706.3847,simulation
1980-02-27,702.7495,simulation
1980-02-28,699.03925,simulation
1980-02-29,694.2686,simulation
1980-03-01,701.96045,simulation
1980-03-02,704.59125,simulation
1980-03-03,701.54755,simulation
1980-03-04,698.5885,simulation
1980-03-05,709.31555,simulation
1980-03-06,707.48047,simulation
1980-03-07,704.12976,simulation
1980-03-08,729.7038,simulation
1980-03-09,726.2607,simulation
1980-03-10,723.10443,simulation
1980-03-11,720.077,simulation
1980-03-12,717.66785,simulation
1980-03-13,721.5195,simulation
1980-03-14,718.89874,simulation
1980-03-15,715.4407,simulation
1980-03-16,712.7249,simulation
1980-03-17,740.498,simulation
1980-03-18,761.45105,simulation
1980-03-19,751.4202,simulation
1980-03-20,767.723,simulation
1980-03-21,800.9688,simulation
1980-03-22,779.8401,simulation
1980-03-23,765.5245,simulation
1980-03-24,758.94946,simulation
1980-03-25,757.61694,simulation
1980-03-26,751.271,simulation
1980-03-27,757.26746,simulation
1980-03-28,799.8461,simulation
1980-03-29,816.5812,simulation
1980-03-30,868.07214,simulation
1980-03-31,830.85474,simulation
1980-04-01,803.1894,simulation
1980-04-02,782.0625,simulation
1980-04-03,776.44006,simulation
1980-04-04,766.7145,simulation
1980-04-05,754.9181,simulation
1980-04-06,745.8462,simulation
1980-04-07,745.224,simulation
1980-04-08,753.85297,simulation
1980-04-09,759.00934,simulation
1980-04-10,747.9636,simulation
1980-04-11,738.6377,simulation
1980-04-12,791.9237,simulation
1980-04-13,843.4427,simulation
1980-04-14,873.7829,simulation
1980-04-15,838.53455,simulation
1980-04-16,805.9615,simulation
1980-04-17,783.08636,simulation
1980-04-18,768.6552,simulation
1980-04-19,760.0929,simulation
1980-04-20,752.3999,simulation
1980-04-21,742.7333,simulation
1980-04-22,734.15906,simulation
1980-04-23,725.54785,simulation
1980-04-24,719.1093,simulation
1980-04-25,713.0909,simulation
1980-04-26,765.1495,simulation
1980-04-27,755.67804,simulation
1980-04-28,749.7601,simulation
1980-04-29,741.12396,simulation
1980-04-30,731.8226,simulation
1980-05-01,727.9136,simulation
1980-05-02,729.67175,simulation
1980-05-03,744.8134,simulation
1980-05-04,738.8068,simulation
1980-05-05,731.6505,simulation
1980-05-06,724.5954,simulation
1980-05-07,717.5916,simulation
1980-05-08,715.7402,simulation
1980-05-09,713.14594,simulation
1980-05-10,705.555,simulation
1980-05-11,698.13873,simulation
1980-05-12,691.8918,simulation
1980-05-13,689.0417,simulation
1980-05-14,687.94495,simulation
1980-05-15,695.2197,simulation
1980-05-16,694.7566,simulation
1980-05-17,754.46643,simulation
1980-05-18,774.04596,simulation
1980-05-19,767.34717,simulation
1980-05-20,774.77185,simulation
1980-05-21,763.58966,simulation
1980-05-22,777.6497,simulation
1980-05-23,779.9814,simulation
1980-05-24,769.5152,simulation
1980-05-25,756.0972,simulation
1980-05-26,754.5519,simulation
1980-05-27,742.8972,simulation
1980-05-28,733.5423,simulation
1980-05-29,726.01953,simulation
1980-05-30,719.15027,simulation
1980-05-31,714.88763,simulation
1980-06-01,707.8665,simulation
1980-06-02,700.99194,simulation
1980-06-03,694.92285,simulation
1980-06-04,689.2676,simulation
1980-06-05,682.9198,simulation
1980-06-06,677.7694,simulation
1980-06-07,671.6123,simulation
1980-06-08,668.24457,simulation
1980-06-09,683.8166,simulation
1980-06-10,680.81476,simulation
1980-06-11,673.48804,simulation
1980-06-12,666.378,simulation
1980-06-13,659.7865,simulation
1980-06-14,652.74866,simulation
1980-06-15,645.4737,simulation
1980-06-16,638.0418,simulation
1980-06-17,630.45667,simulation
1980-06-18,623.8732,simulation
1980-06-19,621.5915,simulation
1980-06-20,632.2357,simulation
1980-06-21,631.2934,simulation
1980-06-22,628.4345,simulation
1980-06-23,624.2996,simulation
1980-06-24,622.3341,simulation
1980-06-25,643.71484,simulation
1980-06-26,640.97595,simulation
1980-06-27,646.43634,simulation
1980-06-28,640.8386,simulation
1980-06-29,636.59375,simulation
1980-06-30,634.45905,simulation
1980-07-01,627.89307,simulation
1980-07-02,620.3134,simulation
1980-07-03,613.6659,simulation
1980-07-04,608.7901,simulation
1980-07-05,601.52454,simulation
1980-07-06,595.18915,simulation
1980-07-07,588.5616,simulation
1980-07-08,590.2097,simulation
1980-07-09,587.9682,simulation
1980-07-10,581.1008,simulation
1980-07-11,574.5979,simulation
1980-07-12,566.91425,simulation
1980-07-13,559.4429,simulation
1980-07-14,551.34064,simulation
1980-07-15,543.2086,simulation
1980-07-16,535.4484,simulation
1980-07-17,543.16895,simulation
1980-07-18,539.95135,simulation
1980-07-19,541.19495,simulation
1980-07-20,550.4187,simulation
1980-07-21,610.0479,simulation
1980-07-22,616.73193,simulation
1980-07-23,634.81946,simulation
1980-07-24,634.674,simulation
1980-07-25,630.1102,simulation
1980-07-26,626.1717,simulation
1980-07-27,622.0517,simulation
1980-07-28,630.141,simulation
1980-07-29,629.78894,simulation
1980-07-30,623.9443,simulation
1980-07-31,616.71216,simulation
1980-08-01,610.3177,simulation
1980-08-02,603.89404,simulation
1980-08-03,601.9941,simulation
1980-08-04,605.3136,simulation
1980-08-05,601.3938,simulation
1980-08-06,596.2026,simulation
1980-08-07,590.0306,simulation
1980-08-08,583.3711,simulation
1980-08-09,576.488,simulation
1980-08-10,578.8402,simulation
1980-08-11,586.665,simulation
1980-08-12,584.5636,simulation
1980-08-13,578.8897,simulation
1980-08-14,576.5163,simulation
1980-08-15,571.3008,simulation
1980-08-16,565.6903,simulation
1980-08-17,561.55286,simulation
1980-08-18,556.9554,simulation
1980-08-19,551.5982,simulation
1980-08-20,546.1713,simulation
1980-08-21,540.6695,simulation
1980-08-22,534.4924,simulation
1980-08-23,526.723,simulation
1980-08-24,520.2211,simulation
1980-08-25,514.73236,simulation
1980-08-26,509.99652,simulation
1980-08-27,506.0587,simulation
1980-08-28,513.389,simulation
1980-08-29,518.01215,simulation
1980-08-30,514.15204,simulation
1980-08-31,516.29144,simulation
1980-09-01,511.28262,simulation
1980-09-02,506.60132,simulation
1980-09-03,505.70935,simulation
1980-09-04,500.59424,simulation
1980-09-05,496.66452,simulation
1980-09-06,494.15732,simulation
1980-09-07,493.04138,simulation
1980-09-08,488.34222,simulation
1980-09-09,484.6922,simulation
1980-09-10,479.58563,simulation
1980-09-11,474.11792,simulation
1980-09-12,469.30548,simulation
1980-09-13,464.72598,simulation
1980-09-14,460.04175,simulation
1980-09-15,455.2501,simulation
1980-09-16,449.75558,simulation
1980-09-17,444.9825,simulation
1980-09-18,458.4026,simulation
1980-09-19,457.70654,simulation
1980-09-20,457.98047,simulation
1980-09-21,457.49545,simulation
1980-09-22,455.59586,simulation
1980-09-23,451.9111,simulation
1980-09-24,448.1408,simulation
1980-09-25,446.6029,simulation
1980-09-26,444.36325,simulation
1980-09-27,444.03146,simulation
1980-09-28,442.49338,simulation
1980-09-29,443.9868,simulation
1980-09-30,482.32526,simulation
1980-10-01,485.3719,simulation
1980-10-02,484.4426,simulation
1980-10-03,481.2529,simulation
1980-10-04,478.38412,simulation
1980-10-05,474.8441,simulation
1980-10-06,470.7997,simulation
1980-10-07,467.32956,simulation
1980-10-08,464.09906,simulation
1980-10-09,460.58078,simulation
1980-10-10,457.41647,simulation
1980-10-11,454.26328,simulation
1980-10-12,450.1712,simulation
1980-10-13,446.93732,simulation
1980-10-14,443.97513,simulation
1980-10-15,440.81616,simulation
1980-10-16,437.77042,simulation
1980-10-17,437.7493,simulation
1980-10-18,472.35406,simulation
1980-10-19,500.88974,simulation
1980-10-20,501.40506,simulation
1980-10-21,501.5084,simulation
1980-10-22,499.65704,simulation
1980-10-23,496.71332,simulation
1980-10-24,495.02032,simulation
1980-10-25,508.13867,simulation
1980-10-26,505.6732,simulation
1980-10-27,505.28455,simulation
1980-10-28,536.8875,simulation
1980-10-29,537.7275,simulation
1980-10-30,537.9604,simulation
1980-10-31,535.67725,simulation
1980-11-01,533.70685,simulation
1980-11-02,533.7295,simulation
1980-11-03,533.7209,simulation
1980-11-04,533.59424,simulation
1980-11-05,532.03174,simulation
1980-11-06,529.72925,simulation
1980-11-07,527.1811,simulation
1980-11-08,524.1524,simulation
1980-11-09,521.64197,simulation
1980-11-10,520.91504,simulation
1980-11-11,520.6932,simulation
1980-11-12,518.7674,simulation
1980-11-13,517.9338,simulation
1980-11-14,517.4076,simulation
1980-11-15,555.94617,simulation
1980-11-16,567.6229,simulation
1980-11-17,581.441,simulation
1980-11-18,593.93677,simulation
1980-11-19,593.8664,simulation
1980-11-20,593.3157,simulation
1980-11-21,593.1441,simulation
1980-11-22,592.9469,simulation
1980-11-23,624.5855,simulation
1980-11-24,639.4891,simulation
1980-11-25,639.32935,simulation
1980-11-26,638.41156,simulation
1980-11-27,671.93335,simulation
1980-11-28,671.4717,simulation
1980-11-29,670.5688,simulation
1980-11-30,668.8475,simulation
1980-12-01,666.58673,simulation
1980-12-02,665.18164,simulation
1980-12-03,664.54236,simulation
1980-12-04,662.6296,simulation
1980-12-05,661.0809,simulation
1980-12-06,659.99493,simulation
1980-12-07,658.95715,simulation
1980-12-08,658.1669,simulation
1980-12-09,657.1085,simulation
1980-12-10,681.6015,simulation
1980-12-11,680.8435,simulation
1980-12-12,679.78564,simulation
1980-12-13,678.09247,simulation
1980-12-14,677.19635,simulation
1980-12-15,676.22375,simulation
1980-12-16,676.4711,simulation
1980-12-17,676.0342,simulation
1980-12-18,674.5165,simulation
1980-12-19,672.09265,simulation
1980-12-20,671.5338,simulation
1980-12-21,670.5289,simulation
1980-12-22,669.23346,simulation
1980-12-23,668.63885,simulation
1980-12-24,667.9792,simulation
1980-12-25,673.07184,simulation
1980-12-26,671.69635,simulation
1980-12-27,671.1078,simulation
1980-12-28,669.8012,simulation
1980-12-29,668.775,simulation
1980-12-30,667.5583,simulation
1980-12-31,666.5282,simulation
1981-01-01,665.44135,simulation
1981-01-02,664.1654,simulation
1981-01-03,663.0574,simulation
1981-01-04,661.71906,simulation
1981-01-05,659.87506,simulation
1981-01-06,659.09283,simulation
1981-01-07,679.38947,simulation
1981-01-08,678.4849,simulation
1981-01-09,677.52856,simulation
1981-01-10,677.70294,simulation
1981-01-11,675.92615,simulation
1981-01-12,675.139,simulation
1981-01-13,673.8769,simulation
1981-01-14,672.02014,simulation
1981-01-15,670.8549,simulation
1981-01-16,669.45435,simulation
1981-01-17,668.0588,simulation
1981-01-18,666.8132,simulation
1981-01-19,665.78217,simulation
1981-01-20,667.5615,simulation
1981-01-21,686.559,simulation
1981-01-22,685.9035,simulation
1981-01-23,685.28577,simulation
1981-01-24,683.6702,simulation
1981-01-25,681.7463,simulation
1981-01-26,679.7315,simulation
1981-01-27,678.67596,simulation
1981-01-28,688.12823,simulation
1981-01-29,685.9258,simulation
1981-01-30,683.61615,simulation
1981-01-31,682.776,simulation
1981-02-01,681.9298,simulation
1981-02-02,717.2896,simulation
1981-02-03,714.58093,simulation
1981-02-04,712.2168,simulation
1981-02-05,710.3667,simulation
1981-02-06,721.1899,simulation
1981-02-07,723.77203,simulation
1981-02-08,721.9152,simulation
1981-02-09,718.9684,simulation
1981-02-10,716.30634,simulation
1981-02-11,745.2098,simulation
1981-02-12,740.0081,simulation
1981-02-13,735.9961,simulation
1981-02-14,732.4218,simulation
1981-02-15,729.27747,simulation
1981-02-16,733.0911,simulation
1981-02-17,735.9691,simulation
1981-02-18,732.9337,simulation
1981-02-19,730.10474,simulation
1981-02-20,726.5634,simulation
1981-02-21,721.4213,simulation
1981-02-22,718.8667,simulation
1981-02-23,718.0308,simulation
1981-02-24,713.0862,simulation
1981-02-25,708.74506,simulation
1981-02-26,706.3702,simulation
1981-02-27,702.0515,simulation
1981-02-28,697.62714,simulation
1981-03-01,694.8801,simulation
1981-03-02,699.23816,simulation
1981-03-03,695.9769,simulation
1981-03-04,694.5152,simulation
1981-03-05,759.58234,simulation
1981-03-06,750.7318,simulation
1981-03-07,743.9356,simulation
1981-03-08,738.7738,simulation
1981-03-09,733.87854,simulation
1981-03-10,728.0049,simulation
1981-03-11,724.6051,simulation
1981-03-12,720.00885,simulation
1981-03-13,716.8637,simulation
1981-03-14,714.50323,simulation
1981-03-15,709.17804,simulation
1981-03-16,707.5352,simulation
1981-03-17,702.16266,simulation
1981-03-18,697.23376,simulation
1981-03-19,697.1843,simulation
1981-03-20,692.3287,simulation
1981-03-21,688.5996,simulation
1981-03-22,728.35376,simulation
1981-03-23,731.4158,simulation
1981-03-24,725.2824,simulation
1981-03-25,719.4172,simulation
1981-03-26,715.824,simulation
1981-03-27,710.1059,simulation
1981-03-28,706.23206,simulation
1981-03-29,703.52954,simulation
1981-03-30,777.6248,simulation
1981-03-31,774.4456,simulation
1981-04-01,791.3857,simulation
1981-04-02,782.33307,simulation
1981-04-03,766.95984,simulation
1981-04-04,757.52026,simulation
1981-04-05,764.83636,simulation
1981-04-06,752.97327,simulation
1981-04-07,743.65955,simulation
1981-04-08,737.7541,simulation
1981-04-09,733.44147,simulation
1981-04-10,728.3945,simulation
1981-04-11,722.5935,simulation
1981-04-12,719.2205,simulation
1981-04-13,715.4019,simulation
1981-04-14,711.0283,simulation
1981-04-15,707.3818,simulation
1981-04-16,700.7055,simulation
1981-04-17,697.6404,simulation
1981-04-18,695.9641,simulation
1981-04-19,693.9036,simulation
1981-04-20,690.85693,simulation
1981-04-21,687.05023,simulation
1981-04-22,682.53906,simulation
1981-04-23,681.18115,simulation
1981-04-24,692.26874,simulation
1981-04-25,689.9291,simulation
1981-04-26,687.25073,simulation
1981-04-27,680.77216,simulation
1981-04-28,674.1601,simulation
1981-04-29,672.92303,simulation
1981-04-30,670.81976,simulation
1981-05-01,671.4313,simulation
1981-05-02,669.5077,simulation
1981-05-03,665.05115,simulation
1981-05-04,661.86194,simulation
1981-05-05,659.6358,simulation
1981-05-06,662.6321,simulation
1981-05-07,662.9712,simulation
1981-05-08,662.1602,simulation
1981-05-09,660.0006,simulation
1981-05-10,659.0672,simulation
1981-05-11,665.7842,simulation
1981-05-12,662.18036,simulation
1981-05-13,655.90515,simulation
1981-05-14,649.9515,simulation
1981-05-15,657.589,simulation
1981-05-16,651.5745,simulation
1981-05-17,656.054,simulation
1981-05-18,651.3508,simulation
1981-05-19,662.82367,simulation
1981-05-20,683.97614,simulation
1981-05-21,682.759,simulation
1981-05-22,677.2377,simulation
1981-05-23,673.4641,simulation
1981-05-24,671.3386,simulation
1981-05-25,667.46515,simulation
1981-05-26,676.8127,simulation
1981-05-27,687.16113,simulation
1981-05-28,684.48114,simulation
1981-05-29,677.5136,simulation
1981-05-30,671.81506,simulation
1981-05-31,668.47974,simulation
1981-06-01,664.96765,simulation
1981-06-02,662.901,simulation
1981-06-03,686.1117,simulation
1981-06-04,690.14325,simulation
1981-06-05,692.9781,simulation
1981-06-06,693.0558,simulation
1981-06-07,689.0735,simulation
1981-06-08,688.0593,simulation
1981-06-09,685.828,simulation
1981-06-10,681.23596,simulation
1981-06-11,677.22156,simulation
1981-06-12,685.417,simulation
1981-06-13,692.1289,simulation
1981-06-14,687.3761,simulation
1981-06-15,681.5197,simulation
1981-06-16,675.44214,simulation
1981-06-17,669.20636,simulation
1981-06-18,664.9922,simulation
1981-06-19,657.47205,simulation
1981-06-20,652.0218,simulation
1981-06-21,648.0523,simulation
1981-06-22,640.88763,simulation
1981-06-23,634.50226,simulation
1981-06-24,635.3991,simulation
1981-06-25,637.27966,simulation
1981-06-26,638.2384,simulation
1981-06-27,632.81024,simulation
1981-06-28,626.9589,simulation
1981-06-29,620.0316,simulation
1981-06-30,615.1379,simulation
1981-07-01,610.5049,simulation
1981-07-02,655.0248,simulation
1981-07-03,664.3611,simulation
1981-07-04,661.76483,simulation
1981-07-05,661.313,simulation
1981-07-06,675.0134,simulation
1981-07-07,679.1997,simulation
1981-07-08,673.56976,simulation
1981-07-09,667.9731,simulation
1981-07-10,660.6819,simulation
1981-07-11,661.3033,simulation
1981-07-12,661.0441,simulation
1981-07-13,654.85016,simulation
1981-07-14,648.40796,simulation
1981-07-15,642.474,simulation
1981-07-16,635.8886,simulation
1981-07-17,630.14185,simulation
1981-07-18,624.82886,simulation
1981-07-19,619.97424,simulation
1981-07-20,613.50134,simulation
1981-07-21,606.7649,simulation
1981-07-22,601.4105,simulation
1981-07-23,594.7027,simulation
1981-07-24,587.5291,simulation
1981-07-25,589.25757,simulation
1981-07-26,590.78735,simulation
1981-07-27,585.75,simulation
1981-07-28,588.2459,simulation
1981-07-29,583.36035,simulation
1981-07-30,584.9551,simulation
1981-07-31,579.4849,simulation
1981-08-01,572.8193,simulation
1981-08-02,567.7222,simulation
1981-08-03,562.69977,simulation
1981-08-04,557.8237,simulation
1981-08-05,556.6007,simulation
1981-08-06,551.218,simulation
1981-08-07,555.72894,simulation
1981-08-08,559.8138,simulation
1981-08-09,555.6835,simulation
1981-08-10,550.7028,simulation
1981-08-11,546.7714,simulation
1981-08-12,540.79486,simulation
1981-08-13,534.7211,simulation
1981-08-14,531.4292,simulation
1981-08-15,527.6301,simulation
1981-08-16,521.5562,simulation
1981-08-17,528.95105,simulation
1981-08-18,531.734,simulation
1981-08-19,528.9407,simulation
1981-08-20,530.9833,simulation
1981-08-21,530.3462,simulation
1981-08-22,528.846,simulation
1981-08-23,528.457,simulation
1981-08-24,525.383,simulation
1981-08-25,523.0186,simulation
1981-08-26,517.7701,simulation
1981-08-27,511.89853,simulation
1981-08-28,506.7574,simulation
1981-08-29,505.82465,simulation
1981-08-30,534.14246,simulation
1981-08-31,534.9997,simulation
1981-09-01,551.7701,simulation
1981-09-02,551.16144,simulation
1981-09-03,585.2749,simulation
1981-09-04,607.2539,simulation
1981-09-05,607.97876,simulation
1981-09-06,602.10443,simulation
1981-09-07,597.32184,simulation
1981-09-08,592.2918,simulation
1981-09-09,590.38873,simulation
1981-09-10,584.5875,simulation
1981-09-11,579.17017,simulation
1981-09-12,573.65,simulation
1981-09-13,569.6703,simulation
1981-09-14,573.0154,simulation
1981-09-15,576.99603,simulation
1981-09-16,584.20715,simulation
1981-09-17,581.4441,simulation
1981-09-18,576.6892,simulation
1981-09-19,572.003,simulation
1981-09-20,567.8124,simulation
1981-09-21,565.0648,simulation
1981-09-22,560.8546,simulation
1981-09-23,556.19104,simulation
1981-09-24,551.0618,simulation
1981-09-25,546.8375,simulation
1981-09-26,542.5677,simulation
1981-09-27,539.02734,simulation
1981-09-28,534.90106,simulation
1981-09-29,530.1447,simulation
1981-09-30,525.0858,simulation
1981-10-01,520.28424,simulation
1981-10-02,518.09607,simulation
1981-10-03,512.651,simulation
1981-10-04,509.2394,simulation
1981-10-05,504.85648,simulation
1981-10-06,500.1965,simulation
1981-10-07,498.5877,simulation
1981-10-08,498.77713,simulation
1981-10-09,519.52094,simulation
1981-10-10,520.9709,simulation
1981-10-11,524.74115,simulation
1981-10-12,524.4827,simulation
1981-10-13,524.6339,simulation
1981-10-14,521.2198,simulation
1981-10-15,521.6058,simulation
1981-10-16,519.9863,simulation
1981-10-17,518.3598,simulation
1981-10-18,515.4919,simulation
1981-10-19,519.09265,simulation
1981-10-20,515.7982,simulation
1981-10-21,512.9642,simulation
1981-10-22,512.18677,simulation
1981-10-23,512.0284,simulation
1981-10-24,525.22534,simulation
1981-10-25,524.23193,simulation
1981-10-26,561.07404,simulation
1981-10-27,564.4959,simulation
1981-10-28,563.3921,simulation
1981-10-29,562.5368,simulation
1981-10-30,559.9833,simulation
1981-10-31,558.63116,simulation
1981-11-01,557.1438,simulation
1981-11-02,556.7979,simulation
1981-11-03,556.6435,simulation
1981-11-04,555.41174,simulation
1981-11-05,555.2394,simulation
1981-11-06,557.0513,simulation
1981-11-07,554.2802,simulation
1981-11-08,552.8026,simulation
1981-11-09,550.4028,simulation
1981-11-10,558.4834,simulation
1981-11-11,557.2036,simulation
1981-11-12,554.9257,simulation
1981-11-13,554.6496,simulation
1981-11-14,554.43427,simulation
1981-11-15,552.76544,simulation
1981-11-16,552.16473,simulation
1981-11-17,552.0302,simulation
1981-11-18,550.74365,simulation
1981-11-19,549.01276,simulation
1981-11-20,549.6806,simulation
1981-11-21,548.2928,simulation
1981-11-22,547.87476,simulation
1981-11-23,547.194,simulation
1981-11-24,548.3781,simulation
1981-11-25,547.38165,simulation
1981-11-26,545.6682,simulation
1981-11-27,545.494,simulation
1981-11-28,551.52716,simulation
1981-11-29,551.1194,simulation
1981-11-30,554.8187,simulation
1981-12-01,583.4796,simulation
1981-12-02,582.02277,simulation
1981-12-03,581.04865,simulation
1981-12-04,578.848,simulation
1981-12-05,576.40155,simulation
1981-12-06,575.5897,simulation
1981-12-07,575.52966,simulation
1981-12-08,574.2967,simulation
1981-12-09,572.023,simulation
1981-12-10,570.42523,simulation
1981-12-11,569.59796,simulation
1981-12-12,570.1364,simulation
1981-12-13,588.9677,simulation
1981-12-14,609.9058,simulation
1981-12-15,640.6889,simulation
1981-12-16,639.7807,simulation
1981-12-17,638.4225,simulation
1981-12-18,639.7184,simulation
1981-12-19,638.68915,simulation
1981-12-20,637.96246,simulation
1981-12-21,637.3477,simulation
1981-12-22,642.6877,simulation
1981-12-23,648.8387,simulation
1981-12-24,650.2364,simulation
1981-12-25,667.0957,simulation
1981-12-26,666.3003,simulation
1981-12-27,665.86835,simulation
1981-12-28,664.80963,simulation
1981-12-29,664.17084,simulation
1981-12-30,663.0434,simulation
1981-12-31,666.75574,simulation
1982-01-01,706.5233,simulation
1982-01-02,705.5594,simulation
1982-01-03,706.14874,simulation
1982-01-04,734.9077,simulation
1982-01-05,729.71875,simulation
1982-01-06,725.7809,simulation
1982-01-07,723.2154,simulation
1982-01-08,735.7857,simulation
1982-01-09,732.3262,simulation
1982-01-10,728.6246,simulation
1982-01-11,725.1152,simulation
1982-01-12,722.4873,simulation
1982-01-13,732.11456,simulation
1982-01-14,740.07025,simulation
1982-01-15,736.708,simulation
1982-01-16,739.8976,simulation
1982-01-17,736.02124,simulation
1982-01-18,732.37195,simulation
1982-01-19,731.3232,simulation
1982-01-20,727.77374,simulation
1982-01-21,725.4336,simulation
1982-01-22,723.536,simulation
1982-01-23,721.0069,simulation
1982-01-24,737.94635,simulation
1982-01-25,733.3835,simulation
1982-01-26,729.6559,simulation
1982-01-27,725.4512,simulation
1982-01-28,721.97534,simulation
1982-01-29,719.73706,simulation
1982-01-30,716.96106,simulation
1982-01-31,722.6746,simulation
1982-02-01,727.04834,simulation
1982-02-02,724.2615,simulation
1982-02-03,775.4259,simulation
1982-02-04,768.706,simulation
1982-02-05,760.6732,simulation
1982-02-06,754.0968,simulation
1982-02-07,752.29535,simulation
1982-02-08,746.3317,simulation
1982-02-09,742.00543,simulation
1982-02-10,751.366,simulation
1982-02-11,745.3856,simulation
1982-02-12,739.36926,simulation
1982-02-13,739.26135,simulation
1982-02-14,735.6656,simulation
1982-02-15,732.1037,simulation
1982-02-16,764.9039,simulation
1982-02-17,793.5424,simulation
1982-02-18,778.3829,simulation
1982-02-19,767.13696,simulation
1982-02-20,757.8069,simulation
1982-02-21,750.9918,simulation
1982-02-22,742.7399,simulation
1982-02-23,736.17126,simulation
1982-02-24,729.95325,simulation
1982-02-25,725.16327,simulation
1982-02-26,721.96716,simulation
1982-02-27,754.2821,simulation
1982-02-28,749.9245,simulation
1982-03-01,745.421,simulation
1982-03-02,739.7631,simulation
1982-03-03,734.00604,simulation
1982-03-04,730.189,simulation
1982-03-05,726.5196,simulation
1982-03-06,723.57983,simulation
1982-03-07,746.92566,simulation
1982-03-08,740.91675,simulation
1982-03-09,734.6566,simulation
1982-03-10,730.64124,simulation
1982-03-11,725.75934,simulation
1982-03-12,722.81964,simulation
1982-03-13,719.4716,simulation
1982-03-14,717.2499,simulation
1982-03-15,713.83594,simulation
1982-03-16,709.78827,simulation
1982-03-17,706.49274,simulation
1982-03-18,704.2523,simulation
1982-03-19,701.1741,simulation
1982-03-20,695.9599,simulation
1982-03-21,692.24115,simulation
1982-03-22,712.43896,simulation
1982-03-23,711.3723,simulation
1982-03-24,708.19806,simulation
1982-03-25,718.0414,simulation
1982-03-26,715.3147,simulation
1982-03-27,709.9049,simulation
1982-03-28,707.28534,simulation
1982-03-29,702.9581,simulation
1982-03-30,699.93933,simulation
1982-03-31,702.1621,simulation
1982-04-01,721.00433,simulation
1982-04-02,717.0867,simulation
1982-04-03,713.7294,simulation
1982-04-04,708.3477,simulation
1982-04-05,705.9061,simulation
1982-04-06,707.09515,simulation
1982-04-07,701.73615,simulation
1982-04-08,697.68835,simulation
1982-04-09,695.75775,simulation
1982-04-10,691.8026,simulation
1982-04-11,689.75,simulation
1982-04-12,684.4025,simulation
1982-04-13,679.74316,simulation
1982-04-14,677.5295,simulation
1982-04-15,675.7679,simulation
1982-04-16,675.9955,simulation
1982-04-17,673.0475,simulation
1982-04-18,686.2251,simulation
1982-04-19,682.233,simulation
1982-04-20,709.25323,simulation
1982-04-21,751.8862,simulation
1982-04-22,752.5161,simulation
1982-04-23,746.3484,simulation
1982-04-24,737.6489,simulation
1982-04-25,733.8406,simulation
1982-04-26,765.6745,simulation
1982-04-27,755.0313,simulation
1982-04-28,747.32874,simulation
1982-04-29,739.2585,simulation
1982-04-30,743.35046,simulation
1982-05-01,739.47656,simulation
1982-05-02,735.13904,simulation
1982-05-03,731.26685,simulation
1982-05-04,723.8222,simulation
1982-05-05,716.6609,simulation
1982-05-06,711.1807,simulation
1982-05-07,706.7633,simulation
1982-05-08,712.21954,simulation
1982-05-09,705.38214,simulation
1982-05-10,698.2717,simulation
1982-05-11,693.9309,simulation
1982-05-12,687.8283,simulation
1982-05-13,684.4516,simulation
1982-05-14,680.0286,simulation
1982-05-15,678.50214,simulation
1982-05-16,673.8514,simulation
1982-05-17,667.8028,simulation
1982-05-18,662.63043,simulation
1982-05-19,660.2252,simulation
1982-05-20,655.7382,simulation
1982-05-21,651.0508,simulation
1982-05-22,645.0801,simulation
1982-05-23,664.1554,simulation
1982-05-24,659.62665,simulation
1982-05-25,664.2315,simulation
1982-05-26,664.9427,simulation
1982-05-27,662.3137,simulation
1982-05-28,657.4405,simulation
1982-05-29,654.2704,simulation
1982-05-30,647.93274,simulation
1982-05-31,641.37616,simulation
1982-06-01,638.21515,simulation
1982-06-02,634.09894,simulation
1982-06-03,627.44977,simulation
1982-06-04,621.8314,simulation
1982-06-05,617.05585,simulation
1982-06-06,611.79724,simulation
1982-06-07,606.01605,simulation
1982-06-08,600.1681,simulation
1982-06-09,596.119,simulation
1982-06-10,590.2782,simulation
1982-06-11,586.0671,simulation
1982-06-12,583.8881,simulation
1982-06-13,608.34296,simulation
1982-06-14,606.8952,simulation
1982-06-15,600.9387,simulation
1982-06-16,596.48315,simulation
1982-06-17,626.8198,simulation
1982-06-18,624.3695,simulation
1982-06-19,618.98,simulation
1982-06-20,615.89667,simulation
1982-06-21,610.93585,simulation
1982-06-22,617.143,simulation
1982-06-23,615.5544,simulation
1982-06-24,609.35645,simulation
1982-06-25,603.65137,simulation
1982-06-26,602.77686,simulation
1982-06-27,605.0705,simulation
1982-06-28,611.79425,simulation
1982-06-29,625.41614,simulation
1982-06-30,625.2217,simulation
1982-07-01,628.16644,simulation
1982-07-02,623.68506,simulation
1982-07-03,617.398,simulation
1982-07-04,610.21625,simulation
1982-07-05,606.0291,simulation
1982-07-06,599.63605,simulation
1982-07-07,596.31305,simulation
1982-07-08,591.093,simulation
1982-07-09,594.60876,simulation
1982-07-10,595.85046,simulation
1982-07-11,596.7812,simulation
1982-07-12,601.29645,simulation
1982-07-13,601.37054,simulation
1982-07-14,601.19006,simulation
1982-07-15,621.5736,simulation
1982-07-16,619.3543,simulation
1982-07-17,626.7589,simulation
1982-07-18,625.8106,simulation
1982-07-19,621.6357,simulation
1982-07-20,623.7573,simulation
1982-07-21,638.58905,simulation
1982-07-22,634.0003,simulation
1982-07-23,659.05145,simulation
1982-07-24,667.163,simulation
1982-07-25,667.6401,simulation
1982-07-26,673.1316,simulation
1982-07-27,674.1281,simulation
1982-07-28,668.69183,simulation
1982-07-29,673.08527,simulation
1982-07-30,678.2992,simulation
1982-07-31,691.7304,simulation
1982-08-01,703.80505,simulation
1982-08-02,747.71124,simulation
1982-08-03,741.6696,simulation
1982-08-04,732.7259,simulation
1982-08-05,724.93835,simulation
1982-08-06,717.34924,simulation
1982-08-07,722.37006,simulation
1982-08-08,728.385,simulation
1982-08-09,723.6702,simulation
1982-08-10,725.4611,simulation
1982-08-11,719.60785,simulation
1982-08-12,718.6974,simulation
1982-08-13,713.61206,simulation
1982-08-14,709.3613,simulation
1982-08-15,708.81995,simulation
1982-08-16,706.51526,simulation
1982-08-17,709.38135,simulation
1982-08-18,707.3112,simulation
1982-08-19,706.14923,simulation
1982-08-20,699.68286,simulation
1982-08-21,693.3167,simulation
1982-08-22,688.0079,simulation
1982-08-23,700.6773,simulation
1982-08-24,694.173,simulation
1982-08-25,687.9171,simulation
1982-08-26,680.4402,simulation
1982-08-27,673.6573,simulation
1982-08-28,667.115,simulation
1982-08-29,663.61835,simulation
1982-08-30,658.1388,simulation
1982-08-31,658.7524,simulation
1982-09-01,653.78705,simulation
1982-09-02,648.8942,simulation
1982-09-03,643.2475,simulation
1982-09-04,640.31085,simulation
1982-09-05,635.9536,simulation
1982-09-06,630.1258,simulation
1982-09-07,625.0622,simulation
1982-09-08,619.7913,simulation
1982-09-09,616.7879,simulation
1982-09-10,615.5206,simulation
1982-09-11,615.1702,simulation
1982-09-12,621.652,simulation
1982-09-13,624.6378,simulation
1982-09-14,622.03864,simulation
1982-09-15,624.34375,simulation
1982-09-16,620.4998,simulation
1982-09-17,614.77344,simulation
1982-09-18,611.27216,simulation
1982-09-19,606.6635,simulation
1982-09-20,604.2107,simulation
1982-09-21,603.9718,simulation
1982-09-22,599.72186,simulation
1982-09-23,596.11523,simulation
1982-09-24,591.6721,simulation
1982-09-25,590.8746,simulation
1982-09-26,591.04114,simulation
1982-09-27,589.47675,simulation
1982-09-28,586.01196,simulation
1982-09-29,581.24274,simulation
1982-09-30,577.3133,simulation
1982-10-01,572.6028,simulation
1982-10-02,568.4869,simulation
1982-10-03,565.24976,simulation
1982-10-04,562.42786,simulation
1982-10-05,557.9869,simulation
1982-10-06,565.617,simulation
1982-10-07,588.98505,simulation
1982-10-08,632.6286,simulation
1982-10-09,632.382,simulation
1982-10-10,635.1746,simulation
1982-10-11,633.07086,simulation
1982-10-12,630.86896,simulation
1982-10-13,644.94293,simulation
1982-10-14,645.135,simulation
1982-10-15,641.46967,simulation
1982-10-16,637.6159,simulation
1982-10-17,633.5253,simulation
1982-10-18,632.7608,simulation
1982-10-19,630.20935,simulation
1982-10-20,626.85284,simulation
1982-10-21,626.25586,simulation
1982-10-22,622.7193,simulation
1982-10-23,619.69885,simulation
1982-10-24,616.67114,simulation
1982-10-25,613.4349,simulation
1982-10-26,611.01807,simulation
1982-10-27,608.41895,simulation
1982-10-28,605.2529,simulation
1982-10-29,602.1891,simulation
1982-10-30,601.4743,simulation
1982-10-31,599.5527,simulation
1982-11-01,598.5937,simulation
1982-11-02,597.24426,simulation
1982-11-03,625.8613,simulation
1982-11-04,632.1334,simulation
1982-11-05,629.2486,simulation
1982-11-06,627.01544,simulation
1982-11-07,624.6282,simulation
1982-11-08,621.9966,simulation
1982-11-09,620.4814,simulation
1982-11-10,619.7103,simulation
1982-11-11,617.2273,simulation
1982-11-12,616.6288,simulation
1982-11-13,624.54926,simulation
1982-11-14,622.1481,simulation
1982-11-15,621.7732,simulation
1982-11-16,619.88904,simulation
1982-11-17,620.873,simulation
1982-11-18,658.7033,simulation
1982-11-19,660.15125,simulation
1982-11-20,691.36884,simulation
1982-11-21,694.972,simulation
1982-11-22,696.3616,simulation
1982-11-23,695.1801,simulation
1982-11-24,710.0693,simulation
1982-11-25,709.1898,simulation
1982-11-26,707.3779,simulation
1982-11-27,705.8065,simulation
1982-11-28,725.399,simulation
1982-11-29,734.5225,simulation
1982-11-30,729.7107,simulation
1982-12-01,751.7774,simulation
1982-12-02,746.37213,simulation
1982-12-03,741.61163,simulation
1982-12-04,801.7778,simulation
1982-12-05,854.09814,simulation
1982-12-06,821.0453,simulation
1982-12-07,796.19135,simulation
1982-12-08,779.1395,simulation
1982-12-09,768.05176,simulation
1982-12-10,759.29553,simulation
1982-12-11,761.83136,simulation
1982-12-12,787.39215,simulation
1982-12-13,774.0825,simulation
1982-12-14,764.53546,simulation
1982-12-15,760.68524,simulation
1982-12-16,778.1163,simulation
1982-12-17,767.06604,simulation
1982-12-18,758.54956,simulation
1982-12-19,751.2167,simulation
1982-12-20,744.20337,simulation
1982-12-21,738.79297,simulation
1982-12-22,734.20337,simulation
1982-12-23,734.98193,simulation
1982-12-24,732.0508,simulation
1982-12-25,730.70605,simulation
1982-12-26,734.85474,simulation
1982-12-27,757.8853,simulation
1982-12-28,783.1307,simulation
1982-12-29,771.2464,simulation
1982-12-30,763.5193,simulation
1982-12-31,755.9794,simulation
1983-01-01,757.3025,simulation
1983-01-02,782.2336,simulation
1983-01-03,775.0634,simulation
1983-01-04,765.49994,simulation
1983-01-05,757.5111,simulation
1983-01-06,751.46735,simulation
1983-01-07,745.5526,simulation
1983-01-08,741.3255,simulation
1983-01-09,743.44104,simulation
1983-01-10,743.4807,simulation
1983-01-11,739.979,simulation
1983-01-12,734.53577,simulation
1983-01-13,730.14264,simulation
1983-01-14,727.05707,simulation
1983-01-15,723.1857,simulation
1983-01-16,719.99805,simulation
1983-01-17,717.5754,simulation
1983-01-18,714.99634,simulation
1983-01-19,712.8511,simulation
1983-01-20,715.97504,simulation
1983-01-21,784.7227,simulation
1983-01-22,774.84174,simulation
1983-01-23,765.8142,simulation
1983-01-24,758.9682,simulation
1983-01-25,752.69324,simulation
1983-01-26,747.0146,simulation
1983-01-27,758.0285,simulation
1983-01-28,753.70764,simulation
1983-01-29,748.82574,simulation
1983-01-30,756.8828,simulation
1983-01-31,750.744,simulation
1983-02-01,762.53125,simulation
1983-02-02,800.3914,simulation
1983-02-03,783.3387,simulation
1983-02-04,770.66595,simulation
1983-02-05,761.9035,simulation
1983-02-06,783.8897,simulation
1983-02-07,772.389,simulation
1983-02-08,763.1245,simulation
1983-02-09,754.9051,simulation
1983-02-10,786.0637,simulation
1983-02-11,784.83984,simulation
1983-02-12,772.97565,simulation
1983-02-13,764.2021,simulation
1983-02-14,756.53143,simulation
1983-02-15,749.22406,simulation
1983-02-16,742.98474,simulation
1983-02-17,739.0299,simulation
1983-02-18,733.7452,simulation
1983-02-19,729.54675,simulation
1983-02-20,724.51984,simulation
1983-02-21,720.52765,simulation
1983-02-22,718.46674,simulation
1983-02-23,739.04224,simulation
1983-02-24,735.5865,simulation
1983-02-25,730.863,simulation
1983-02-26,726.1121,simulation
1983-02-27,723.1417,simulation
1983-02-28,724.29846,simulation
1983-03-01,741.2874,simulation
1983-03-02,735.3093,simulation
1983-03-03,731.136,simulation
1983-03-04,726.8882,simulation
1983-03-05,729.04596,simulation
1983-03-06,793.3806,simulation
1983-03-07,774.3245,simulation
1983-03-08,762.0798,simulation
1983-03-09,753.2624,simulation
1983-03-10,746.3513,simulation
1983-03-11,741.15936,simulation
1983-03-12,736.43,simulation
1983-03-13,731.36066,simulation
1983-03-14,727.4149,simulation
1983-03-15,722.30896,simulation
1983-03-16,720.71075,simulation
1983-03-17,727.1376,simulation
1983-03-18,724.86743,simulation
1983-03-19,719.5112,simulation
1983-03-20,714.18365,simulation
1983-03-21,729.7767,simulation
1983-03-22,727.02057,simulation
1983-03-23,722.543,simulation
1983-03-24,752.3097,simulation
1983-03-25,758.44305,simulation
1983-03-26,749.22327,simulation
1983-03-27,777.4128,simulation
1983-03-28,762.81323,simulation
1983-03-29,753.03546,simulation
1983-03-30,744.3496,simulation
1983-03-31,741.9842,simulation
1983-04-01,736.2284,simulation
1983-04-02,759.4988,simulation
1983-04-03,751.37317,simulation
1983-04-04,742.3524,simulation
1983-04-05,737.1726,simulation
1983-04-06,776.391,simulation
1983-04-07,874.5418,simulation
1983-04-08,875.4617,simulation
1983-04-09,841.78723,simulation
1983-04-10,811.1951,simulation
1983-04-11,787.05005,simulation
1983-04-12,769.51794,simulation
1983-04-13,755.65906,simulation
1983-04-14,778.9447,simulation
1983-04-15,794.44104,simulation
1983-04-16,774.5299,simulation
1983-04-17,760.667,simulation
1983-04-18,749.9108,simulation
1983-04-19,745.3575,simulation
1983-04-20,741.6027,simulation
1983-04-21,734.7569,simulation
1983-04-22,728.8409,simulation
1983-04-23,735.23596,simulation
1983-04-24,745.0897,simulation
1983-04-25,736.96533,simulation
1983-04-26,728.942,simulation
1983-04-27,721.10004,simulation
1983-04-28,713.7323,simulation
1983-04-29,710.5308,simulation
1983-04-30,708.28534,simulation
1983-05-01,704.9754,simulation
1983-05-02,701.55743,simulation
1983-05-03,699.27405,simulation
1983-05-04,698.9504,simulation
1983-05-05,692.572,simulation
1983-05-06,686.27386,simulation
1983-05-07,678.92377,simulation
1983-05-08,679.64465,simulation
1983-05-09,675.2346,simulation
1983-05-10,670.0726,simulation
1983-05-11,666.32336,simulation
1983-05-12,664.7067,simulation
1983-05-13,658.5951,simulation
1983-05-14,653.54724,simulation
1983-05-15,650.58606,simulation
1983-05-16,698.8301,simulation
1983-05-17,695.88153,simulation
1983-05-18,689.2265,simulation
1983-05-19,689.78143,simulation
1983-05-20,716.1604,simulation
1983-05-21,747.15894,simulation
1983-05-22,778.08875,simulation
1983-05-23,766.0828,simulation
1983-05-24,756.6494,simulation
1983-05-25,745.0637,simulation
1983-05-26,738.5552,simulation
1983-05-27,730.35205,simulation
1983-05-28,722.76337,simulation
1983-05-29,717.96735,simulation
1983-05-30,715.8267,simulation
1983-05-31,708.0758,simulation
1983-06-01,705.89264,simulation
1983-06-02,700.7817,simulation
1983-06-03,694.7265,simulation
1983-06-04,688.5307,simulation
1983-06-05,689.18005,simulation
1983-06-06,687.49835,simulation
1983-06-07,696.27313,simulation
1983-06-08,705.065,simulation
1983-06-09,697.93933,simulation
1983-06-10,690.7746,simulation
1983-06-11,683.98645,simulation
1983-06-12,678.9744,simulation
1983-06-13,674.3135,simulation
1983-06-14,668.2318,simulation
1983-06-15,666.29834,simulation
1983-06-16,691.57623,simulation
1983-06-17,691.1731,simulation
1983-06-18,719.9328,simulation
1983-06-19,722.93677,simulation
1983-06-20,720.45,simulation
1983-06-21,729.97076,simulation
1983-06-22,728.1437,simulation
1983-06-23,724.7241,simulation
1983-06-24,723.7563,simulation
1983-06-25,726.4927,simulation
1983-06-26,726.72595,simulation
1983-06-27,740.1331,simulation
1983-06-28,758.10065,simulation
1983-06-29,750.6037,simulation
1983-06-30,749.78156,simulation
1983-07-01,741.6493,simulation
1983-07-02,732.56274,simulation
1983-07-03,726.15186,simulation
1983-07-04,719.6,simulation
1983-07-05,714.9651,simulation
1983-07-06,712.3565,simulation
1983-07-07,704.6912,simulation
1983-07-08,697.1815,simulation
1983-07-09,690.62024,simulation
1983-07-10,683.3481,simulation
1983-07-11,676.28864,simulation
1983-07-12,669.50696,simulation
1983-07-13,663.3691,simulation
1983-07-14,658.25946,simulation
1983-07-15,652.9491,simulation
1983-07-16,649.5205,simulation
1983-07-17,649.0778,simulation
1983-07-18,646.4164,simulation
1983-07-19,644.4553,simulation
1983-07-20,640.6343,simulation
1983-07-21,638.02094,simulation
1983-07-22,634.4039,simulation
1983-07-23,630.29535,simulation
1983-07-24,623.7227,simulation
1983-07-25,617.1794,simulation
1983-07-26,623.24304,simulation
1983-07-27,620.621,simulation
1983-07-28,617.31726,simulation
1983-07-29,618.3486,simulation
1983-07-30,613.58185,simulation
1983-07-31,607.80225,simulation
1983-08-01,606.2334,simulation
1983-08-02,608.5894,simulation
1983-08-03,622.0955,simulation
1983-08-04,626.708,simulation
1983-08-05,628.25104,simulation
1983-08-06,629.1369,simulation
1983-08-07,623.8799,simulation
1983-08-08,632.4033,simulation
1983-08-09,627.95154,simulation
1983-08-10,625.6685,simulation
1983-08-11,620.46735,simulation
1983-08-12,614.3544,simulation
1983-08-13,610.8547,simulation
1983-08-14,609.6552,simulation
1983-08-15,603.50336,simulation
1983-08-16,597.99414,simulation
1983-08-17,592.6909,simulation
1983-08-18,610.1903,simulation
1983-08-19,604.39197,simulation
1983-08-20,598.7488,simulation
1983-08-21,593.6092,simulation
1983-08-22,587.78503,simulation
1983-08-23,584.54755,simulation
1983-08-24,579.7374,simulation
1983-08-25,573.7755,simulation
1983-08-26,568.63696,simulation
1983-08-27,574.36774,simulation
1983-08-28,571.4713,simulation
1983-08-29,566.6807,simulation
1983-08-30,564.7154,simulation
1983-08-31,558.5877,simulation
1983-09-01,556.16,simulation
1983-09-02,554.0657,simulation
1983-09-03,549.79596,simulation
1983-09-04,546.1964,simulation
1983-09-05,543.1314,simulation
1983-09-06,542.85504,simulation
1983-09-07,558.51495,simulation
1983-09-08,559.0426,simulation
1983-09-09,557.59296,simulation
1983-09-10,552.4549,simulation
1983-09-11,547.3726,simulation
1983-09-12,558.02325,simulation
1983-09-13,562.6998,simulation
1983-09-14,563.63525,simulation
1983-09-15,559.1964,simulation
1983-09-16,554.33875,simulation
1983-09-17,549.4577,simulation
1983-09-18,544.36066,simulation
1983-09-19,540.6486,simulation
1983-09-20,545.543,simulation
1983-09-21,572.85236,simulation
1983-09-22,572.5012,simulation
1983-09-23,568.4724,simulation
1983-09-24,564.88794,simulation
1983-09-25,560.3961,simulation
1983-09-26,557.11096,simulation
1983-09-27,553.84564,simulation
1983-09-28,550.33075,simulation
1983-09-29,546.1207,simulation
1983-09-30,542.19763,simulation
1983-10-01,538.0751,simulation
1983-10-02,533.9796,simulation
1983-10-03,529.70544,simulation
1983-10-04,526.47687,simulation
1983-10-05,524.9687,simulation
1983-10-06,521.2793,simulation
1983-10-07,521.20886,simulation
1983-10-08,520.13153,simulation
1983-10-09,518.0322,simulation
1983-10-10,514.5865,simulation
1983-10-11,515.2158,simulation
1983-10-12,517.7549,simulation
1983-10-13,530.5947,simulation
1983-10-14,528.48956,simulation
1983-10-15,525.5244,simulation
1983-10-16,522.72906,simulation
1983-10-17,521.29266,simulation
1983-10-18,517.8521,simulation
1983-10-19,517.35535,simulation
1983-10-20,517.9346,simulation
1983-10-21,516.1698,simulation
1983-10-22,516.13947,simulation
1983-10-23,535.3983,simulation
1983-10-24,535.55725,simulation
1983-10-25,535.5005,simulation
1983-10-26,535.3564,simulation
1983-10-27,532.53265,simulation
1983-10-28,529.96295,simulation
1983-10-29,527.3466,simulation
1983-10-30,527.23315,simulation
1983-10-31,524.613,simulation
1983-11-01,524.5136,simulation
1983-11-02,524.0303,simulation
1983-11-03,521.262,simulation
1983-11-04,520.8249,simulation
1983-11-05,533.8916,simulation
1983-11-06,531.65466,simulation
1983-11-07,531.53827,simulation
1983-11-08,539.4569,simulation
1983-11-09,537.77924,simulation
1983-11-10,537.62836,simulation
1983-11-11,537.2106,simulation
1983-11-12,537.3078,simulation
1983-11-13,536.2349,simulation
1983-11-14,536.7563,simulation
1983-11-15,539.0496,simulation
1983-11-16,543.374,simulation
1983-11-17,542.3916,simulation
1983-11-18,541.15894,simulation
1983-11-19,540.0652,simulation
1983-11-20,598.7642,simulation
1983-11-21,598.1652,simulation
1983-11-22,595.9811,simulation
1983-11-23,614.39044,simulation
1983-11-24,653.00824,simulation
1983-11-25,652.44086,simulation
1983-11-26,650.8686,simulation
1983-11-27,650.26404,simulation
1983-11-28,677.6006,simulation
1983-11-29,675.4421,simulation
1983-11-30,673.9933,simulation
1983-12-01,673.5119,simulation
1983-12-02,672.85596,simulation
1983-12-03,671.9669,simulation
1983-12-04,698.063,simulation
1983-12-05,696.74786,simulation
1983-12-06,717.74274,simulation
1983-12-07,727.244,simulation
1983-12-08,723.8292,simulation
1983-12-09,721.08875,simulation
1983-12-10,718.4395,simulation
1983-12-11,718.7799,simulation
1983-12-12,751.6276,simulation
1983-12-13,746.6156,simulation
1983-12-14,753.1619,simulation
1983-12-15,747.7736,simulation
1983-12-16,742.033,simulation
1983-12-17,739.81885,simulation
1983-12-18,735.79553,simulation
1983-12-19,731.4565,simulation
1983-12-20,728.6,simulation
1983-12-21,726.0779,simulation
1983-12-22,749.96875,simulation
1983-12-23,749.20154,simulation
1983-12-24,744.7745,simulation
1983-12-25,740.3661,simulation
1983-12-26,736.76825,simulation
1983-12-27,733.4407,simulation
1983-12-28,778.4361,simulation
1983-12-29,785.14594,simulation
1983-12-30,772.1403,simulation
1983-12-31,762.6847,simulation
1984-01-01,755.4595,simulation
1984-01-02,749.4503,simulation
1984-01-03,744.7356,simulation
1984-01-04,740.4532,simulation
1984-01-05,736.5163,simulation
1984-01-06,732.619,simulation
1984-01-07,728.78937,simulation
1984-01-08,725.91846,simulation
1984-01-09,722.4309,simulation
1984-01-10,728.9369,simulation
1984-01-11,747.03,simulation
1984-01-12,741.89716,simulation
1984-01-13,738.09784,simulation
1984-01-14,734.88513,simulation
1984-01-15,731.7816,simulation
1984-01-16,738.44824,simulation
1984-01-17,735.93353,simulation
1984-01-18,745.55975,simulation
1984-01-19,761.1986,simulation
1984-01-20,754.018,simulation
1984-01-21,748.5483,simulation
1984-01-22,743.3078,simulation
1984-01-23,738.93805,simulation
1984-01-24,748.6548,simulation
1984-01-25,751.0744,simulation
1984-01-26,746.5964,simulation
1984-01-27,742.5972,simulation
1984-01-28,737.8363,simulation
1984-01-29,734.6117,simulation
1984-01-30,730.28656,simulation
1984-01-31,725.8941,simulation
1984-02-01,723.2728,simulation
1984-02-02,720.7241,simulation
1984-02-03,717.00507,simulation
1984-02-04,719.70264,simulation
1984-02-05,716.2725,simulation
1984-02-06,712.5954,simulation
1984-02-07,709.99445,simulation
1984-02-08,707.433,simulation
1984-02-09,704.3563,simulation
1984-02-10,705.1194,simulation
1984-02-11,711.9359,simulation
1984-02-12,709.5896,simulation
1984-02-13,742.1304,simulation
1984-02-14,737.7521,simulation
1984-02-15,732.46655,simulation
1984-02-16,728.7215,simulation
1984-02-17,745.1693,simulation
1984-02-18,739.1893,simulation
1984-02-19,735.17114,simulation
1984-02-20,734.733,simulation
1984-02-21,731.4603,simulation
1984-02-22,729.895,simulation
1984-02-23,726.6883,simulation
1984-02-24,721.75165,simulation
1984-02-25,718.264,simulation
1984-02-26,713.9864,simulation
1984-02-27,738.5903,simulation
1984-02-28,735.7974,simulation
1984-02-29,732.5625,simulation
1984-03-01,728.5625,simulation
1984-03-02,723.9904,simulation
1984-03-03,721.7078,simulation
1984-03-04,732.1948,simulation
1984-03-05,728.99817,simulation
1984-03-06,789.97253,simulation
1984-03-07,776.35785,simulation
1984-03-08,764.4369,simulation
1984-03-09,754.0743,simulation
1984-03-10,746.2164,simulation
1984-03-11,741.1586,simulation
1984-03-12,734.6225,simulation
1984-03-13,731.5844,simulation
1984-03-14,727.5443,simulation
1984-03-15,722.1584,simulation
1984-03-16,717.5077,simulation
1984-03-17,714.62604,simulation
1984-03-18,712.31757,simulation
1984-03-19,708.7602,simulation
1984-03-20,726.9506,simulation
1984-03-21,725.28687,simulation
1984-03-22,719.14307,simulation
1984-03-23,713.31476,simulation
1984-03-24,708.80194,simulation
1984-03-25,722.4953,simulation
1984-03-26,717.30597,simulation
1984-03-27,715.2613,simulation
1984-03-28,713.22174,simulation
1984-03-29,713.2575,simulation
1984-03-30,709.3746,simulation
1984-03-31,706.13275,simulation
1984-04-01,701.61816,simulation
1984-04-02,696.7069,simulation
1984-04-03,714.08887,simulation
1984-04-04,713.1058,simulation
1984-04-05,707.807,simulation
1984-04-06,703.2464,simulation
1984-04-07,697.72144,simulation
1984-04-08,695.79895,simulation
1984-04-09,719.4224,simulation
1984-04-10,716.9841,simulation
1984-04-11,714.4965,simulation
1984-04-12,710.3468,simulation
1984-04-13,707.22595,simulation
1984-04-14,702.8625,simulation
1984-04-15,706.5257,simulation
1984-04-16,704.1576,simulation
1984-04-17,701.5902,simulation
1984-04-18,697.20667,simulation
1984-04-19,691.6291,simulation
1984-04-20,699.8536,simulation
1984-04-21,694.83466,simulation
1984-04-22,692.65826,simulation
1984-04-23,694.4242,simulation
1984-04-24,689.0123,simulation
1984-04-25,682.9202,simulation
1984-04-26,675.9875,simulation
1984-04-27,677.19763,simulation
1984-04-28,675.29095,simulation
1984-04-29,674.21423,simulation
1984-04-30,673.1311,simulation
1984-05-01,674.59045,simulation
1984-05-02,679.54565,simulation
1984-05-03,679.02246,simulation
1984-05-04,744.2551,simulation
1984-05-05,734.7278,simulation
1984-05-06,730.2212,simulation
1984-05-07,725.4517,simulation
1984-05-08,720.7483,simulation
1984-05-09,725.691,simulation
1984-05-10,717.87506,simulation
1984-05-11,710.075,simulation
1984-05-12,702.4677,simulation
1984-05-13,696.4303,simulation
1984-05-14,689.95654,simulation
1984-05-15,689.46497,simulation
1984-05-16,683.8678,simulation
1984-05-17,678.2358,simulation
1984-05-18,672.8814,simulation
1984-05-19,667.67914,simulation
1984-05-20,662.2745,simulation
1984-05-21,673.94214,simulation
1984-05-22,706.44507,simulation
1984-05-23,712.3113,simulation
1984-05-24,707.7186,simulation
1984-05-25,701.85693,simulation
1984-05-26,696.1983,simulation
1984-05-27,691.7839,simulation
1984-05-28,693.33984,simulation
1984-05-29,688.9477,simulation
1984-05-30,685.3846,simulation
1984-05-31,678.5561,simulation
1984-06-01,671.9712,simulation
1984-06-02,665.2015,simulation
1984-06-03,658.35187,simulation
1984-06-04,651.79535,simulation
1984-06-05,647.3299,simulation
1984-06-06,641.8887,simulation
1984-06-07,640.58514,simulation
1984-06-08,637.6919,simulation
1984-06-09,631.82825,simulation
1984-06-10,626.5809,simulation
1984-06-11,620.7651,simulation
1984-06-12,614.86993,simulation
1984-06-13,612.4654,simulation
1984-06-14,607.2183,simulation
1984-06-15,600.7854,simulation
1984-06-16,594.9326,simulation
1984-06-17,593.9118,simulation
1984-06-18,589.0794,simulation
1984-06-19,583.26965,simulation
1984-06-20,577.4819,simulation
1984-06-21,571.2816,simulation
1984-06-22,573.0098,simulation
1984-06-23,570.55524,simulation
1984-06-24,576.77185,simulation
1984-06-25,577.1277,simulation
1984-06-26,569.6247,simulation
1984-06-27,566.3043,simulation
1984-06-28,564.69617,simulation
1984-06-29,572.11084,simulation
1984-06-30,573.79956,simulation
1984-07-01,571.17694,simulation
1984-07-02,567.33203,simulation
1984-07-03,562.9462,simulation
1984-07-04,562.63226,simulation
1984-07-05,557.56494,simulation
1984-07-06,553.63947,simulation
1984-07-07,550.9316,simulation
1984-07-08,569.90295,simulation
1984-07-09,566.2777,simulation
1984-07-10,560.4338,simulation
1984-07-11,554.48126,simulation
1984-07-12,548.2852,simulation
1984-07-13,565.3193,simulation
1984-07-14,574.9987,simulation
1984-07-15,578.89233,simulation
1984-07-16,574.513,simulation
1984-07-17,579.67053,simulation
1984-07-18,581.71265,simulation
1984-07-19,577.0558,simulation
1984-07-20,571.6083,simulation
1984-07-21,565.15375,simulation
1984-07-22,559.0009,simulation
1984-07-23,552.4286,simulation
1984-07-24,557.6259,simulation
1984-07-25,556.7569,simulation
1984-07-26,553.83496,simulation
1984-07-27,548.926,simulation
1984-07-28,546.4962,simulation
1984-07-29,570.38165,simulation
1984-07-30,566.4822,simulation
1984-07-31,565.48755,simulation
1984-08-01,563.0141,simulation
1984-08-02,564.26135,simulation
1984-08-03,567.16095,simulation
1984-08-04,588.9002,simulation
1984-08-05,591.71136,simulation
1984-08-06,594.4217,simulation
1984-08-07,592.07263,simulation
1984-08-08,627.1391,simulation
1984-08-09,627.72473,simulation
1984-08-10,626.4533,simulation
1984-08-11,623.24756,simulation
1984-08-12,648.52606,simulation
1984-08-13,655.0414,simulation
1984-08-14,665.9597,simulation
1984-08-15,674.07306,simulation
1984-08-16,670.6603,simulation
1984-08-17,665.3629,simulation
1984-08-18,665.77423,simulation
1984-08-19,659.7274,simulation
1984-08-20,657.1925,simulation
1984-08-21,663.2744,simulation
1984-08-22,657.7187,simulation
1984-08-23,664.8238,simulation
1984-08-24,662.6567,simulation
1984-08-25,658.9817,simulation
1984-08-26,654.637,simulation
1984-08-27,653.8046,simulation
1984-08-28,662.245,simulation
1984-08-29,662.3322,simulation
1984-08-30,661.53784,simulation
1984-08-31,659.2176,simulation
1984-09-01,656.9774,simulation
1984-09-02,651.0955,simulation
1984-09-03,647.0373,simulation
1984-09-04,645.8242,simulation
1984-09-05,644.406,simulation
1984-09-06,638.4366,simulation
1984-09-07,632.4841,simulation
1984-09-08,626.4192,simulation
1984-09-09,622.373,simulation
1984-09-10,621.0168,simulation
1984-09-11,618.8755,simulation
1984-09-12,614.6387,simulation
1984-09-13,610.231,simulation
1984-09-14,604.6503,simulation
1984-09-15,602.6396,simulation
1984-09-16,599.8466,simulation
1984-09-17,593.7731,simulation
1984-09-18,590.45306,simulation
1984-09-19,588.2282,simulation
1984-09-20,582.6977,simulation
1984-09-21,578.2638,simulation
1984-09-22,574.51337,simulation
1984-09-23,573.8543,simulation
1984-09-24,570.5142,simulation
1984-09-25,567.5761,simulation
1984-09-26,563.3071,simulation
1984-09-27,560.0494,simulation
1984-09-28,555.346,simulation
1984-09-29,551.69617,simulation
1984-09-30,549.14557,simulation
1984-10-01,546.85205,simulation
1984-10-02,543.22253,simulation
1984-10-03,539.68536,simulation
1984-10-04,536.91394,simulation
1984-10-05,536.7478,simulation
1984-10-06,536.2334,simulation
1984-10-07,535.90546,simulation
1984-10-08,535.43866,simulation
1984-10-09,549.76965,simulation
1984-10-10,556.74005,simulation
1984-10-11,560.91907,simulation
1984-10-12,557.7135,simulation
1984-10-13,556.5311,simulation
1984-10-14,553.389,simulation
1984-10-15,553.19336,simulation
1984-10-16,568.6181,simulation
1984-10-17,566.3994,simulation
1984-10-18,615.9793,simulation
1984-10-19,615.41614,simulation
1984-10-20,628.60675,simulation
1984-10-21,638.262,simulation
1984-10-22,746.68134,simulation
1984-10-23,770.4867,simulation
1984-10-24,779.5572,simulation
1984-10-25,774.60333,simulation
1984-10-26,763.6532,simulation
1984-10-27,754.4328,simulation
1984-10-28,746.9771,simulation
1984-10-29,741.1668,simulation
1984-10-30,735.5163,simulation
1984-10-31,729.6171,simulation
1984-11-01,723.55383,simulation
1984-11-02,749.8654,simulation
1984-11-03,765.71826,simulation
1984-11-04,757.5476,simulation
1984-11-05,751.51764,simulation
1984-11-06,744.32477,simulation
1984-11-07,738.18787,simulation
1984-11-08,734.4085,simulation
1984-11-09,729.5517,simulation
1984-11-10,724.5676,simulation
1984-11-11,724.44977,simulation
1984-11-12,721.28577,simulation
1984-11-13,718.1812,simulation
1984-11-14,714.7864,simulation
1984-11-15,711.46484,simulation
1984-11-16,724.12366,simulation
1984-11-17,739.4914,simulation
1984-11-18,735.5044,simulation
1984-11-19,742.60254,simulation
1984-11-20,738.8708,simulation
1984-11-21,733.7595,simulation
1984-11-22,730.50885,simulation
1984-11-23,726.6155,simulation
1984-11-24,723.9086,simulation
1984-11-25,720.75775,simulation
1984-11-26,717.50275,simulation
1984-11-27,715.5659,simulation
1984-11-28,762.7255,simulation
1984-11-29,754.5656,simulation
1984-11-30,747.6196,simulation
1984-12-01,742.49854,simulation
1984-12-02,737.8057,simulation
1984-12-03,759.5596,simulation
1984-12-04,752.04016,simulation
1984-12-05,765.2785,simulation
1984-12-06,764.7474,simulation
1984-12-07,756.9307,simulation
1984-12-08,750.3637,simulation
1984-12-09,744.9888,simulation
1984-12-10,740.64465,simulation
1984-12-11,736.0404,simulation
1984-12-12,732.00183,simulation
1984-12-13,729.0867,simulation
1984-12-14,726.3762,simulation
1984-12-15,723.77686,simulation
1984-12-16,720.4999,simulation
1984-12-17,717.7736,simulation
1984-12-18,715.6306,simulation
1984-12-19,713.5773,simulation
1984-12-20,711.9314,simulation
1984-12-21,710.48785,simulation
1984-12-22,708.9222,simulation
1984-12-23,706.61847,simulation
1984-12-24,705.1265,simulation
1984-12-25,703.36584,simulation
1984-12-26,703.042,simulation
1984-12-27,701.1551,simulation
1984-12-28,699.8787,simulation
1984-12-29,698.52747,simulation
1984-12-30,697.5355,simulation
1984-12-31,695.98486,simulation
1985-01-01,712.8659,simulation
1985-01-02,717.2158,simulation
1985-01-03,716.3821,simulation
1985-01-04,719.4325,simulation
1985-01-05,717.5596,simulation
1985-01-06,715.3075,simulation
1985-01-07,713.4209,simulation
1985-01-08,710.8514,simulation
1985-01-09,709.0331,simulation
1985-01-10,707.2452,simulation
1985-01-11,707.25415,simulation
1985-01-12,706.0018,simulation
1985-01-13,704.3478,simulation
1985-01-14,703.01294,simulation
1985-01-15,701.5661,simulation
1985-01-16,700.14825,simulation
1985-01-17,726.9019,simulation
1985-01-18,725.6774,simulation
1985-01-19,722.49396,simulation
1985-01-20,718.76056,simulation
1985-01-21,716.75745,simulation
1985-01-22,714.7849,simulation
1985-01-23,712.8556,simulation
1985-01-24,711.1361,simulation
1985-01-25,711.15717,simulation
1985-01-26,707.85925,simulation
1985-01-27,705.4347,simulation
1985-01-28,726.6791,simulation
1985-01-29,724.5558,simulation
1985-01-30,721.2674,simulation
1985-01-31,725.9169,simulation
1985-02-01,765.75775,simulation
1985-02-02,762.0495,simulation
1985-02-03,755.78375,simulation
1985-02-04,750.5477,simulation
1985-02-05,768.0676,simulation
1985-02-06,794.917,simulation
1985-02-07,779.91284,simulation
1985-02-08,769.0021,simulation
1985-02-09,759.457,simulation
1985-02-10,751.6016,simulation
1985-02-11,750.23157,simulation
1985-02-12,779.1412,simulation
1985-02-13,766.6759,simulation
1985-02-14,757.6581,simulation
1985-02-15,751.1847,simulation
1985-02-16,744.71173,simulation
1985-02-17,738.5661,simulation
1985-02-18,733.3698,simulation
1985-02-19,729.78656,simulation
1985-02-20,727.17334,simulation
1985-02-21,723.436,simulation
1985-02-22,719.62177,simulation
1985-02-23,716.9596,simulation
1985-02-24,714.8268,simulation
1985-02-25,739.3773,simulation
1985-02-26,778.2774,simulation
1985-02-27,768.11743,simulation
1985-02-28,760.73126,simulation
1985-03-01,755.30145,simulation
1985-03-02,773.0994,simulation
1985-03-03,763.201,simulation
1985-03-04,754.4508,simulation
1985-03-05,749.6363,simulation
1985-03-06,742.52155,simulation
1985-03-07,735.28265,simulation
1985-03-08,730.07263,simulation
1985-03-09,727.2171,simulation
1985-03-10,724.0143,simulation
1985-03-11,719.7467,simulation
1985-03-12,716.03973,simulation
1985-03-13,713.61633,simulation
1985-03-14,711.3896,simulation
1985-03-15,709.41486,simulation
1985-03-16,706.08417,simulation
1985-03-17,705.0628,simulation
1985-03-18,702.0866,simulation
1985-03-19,697.4823,simulation
1985-03-20,692.37683,simulation
1985-03-21,708.41583,simulation
1985-03-22,710.8569,simulation
1985-03-23,709.3404,simulation
1985-03-24,708.5542,simulation
1985-03-25,703.5359,simulation
1985-03-26,697.97986,simulation
1985-03-27,694.30145,simulation
1985-03-28,706.1226,simulation
1985-03-29,702.16144,simulation
1985-03-30,698.0754,simulation
1985-03-31,699.3561,simulation
1985-04-01,711.77625,simulation
1985-04-02,707.44574,simulation
1985-04-03,707.64923,simulation
1985-04-04,700.9922,simulation
1985-04-05,695.1393,simulation
1985-04-06,707.9322,simulation
1985-04-07,702.5006,simulation
1985-04-08,696.40765,simulation
1985-04-09,691.8268,simulation
1985-04-10,686.7735,simulation
1985-04-11,682.5975,simulation
1985-04-12,682.95123,simulation
1985-04-13,692.979,simulation
1985-04-14,690.69305,simulation
1985-04-15,697.9312,simulation
1985-04-16,697.19037,simulation
1985-04-17,691.5619,simulation
1985-04-18,685.7278,simulation
1985-04-19,680.1648,simulation
1985-04-20,675.5004,simulation
1985-04-21,672.10284,simulation
1985-04-22,667.23627,simulation
1985-04-23,663.7018,simulation
1985-04-24,663.9826,simulation
1985-04-25,677.2098,simulation
1985-04-26,674.3203,simulation
1985-04-27,695.561,simulation
1985-04-28,696.98737,simulation
1985-04-29,699.6935,simulation
1985-04-30,693.421,simulation
1985-05-01,693.5466,simulation
1985-05-02,695.1796,simulation
1985-05-03,691.49445,simulation
1985-05-04,688.8524,simulation
1985-05-05,684.24567,simulation
1985-05-06,679.278,simulation
1985-05-07,676.50977,simulation
1985-05-08,674.20435,simulation
1985-05-09,671.2748,simulation
1985-05-10,670.6809,simulation
1985-05-11,667.62964,simulation
1985-05-12,666.0169,simulation
1985-05-13,661.4682,simulation
1985-05-14,657.0873,simulation
1985-05-15,659.0759,simulation
1985-05-16,652.99365,simulation
1985-05-17,646.0402,simulation
1985-05-18,641.6389,simulation
1985-05-19,639.48816,simulation
1985-05-20,635.9872,simulation
1985-05-21,631.73413,simulation
1985-05-22,642.6416,simulation
1985-05-23,639.23975,simulation
1985-05-24,636.9894,simulation
1985-05-25,630.51105,simulation
1985-05-26,624.27454,simulation
1985-05-27,617.6117,simulation
1985-05-28,614.22687,simulation
1985-05-29,609.42114,simulation
1985-05-30,603.5447,simulation
1985-05-31,599.7433,simulation
1985-06-01,594.8632,simulation
1985-06-02,589.03613,simulation
1985-06-03,583.6366,simulation
1985-06-04,578.1264,simulation
1985-06-05,570.60443,simulation
1985-06-06,566.5308,simulation
1985-06-07,563.45624,simulation
1985-06-08,560.60944,simulation
1985-06-09,555.93304,simulation
1985-06-10,553.6519,simulation
1985-06-11,550.6005,simulation
1985-06-12,555.7109,simulation
1985-06-13,553.8933,simulation
1985-06-14,550.6947,simulation
1985-06-15,547.4199,simulation
1985-06-16,545.90204,simulation
1985-06-17,541.642,simulation
1985-06-18,538.2639,simulation
1985-06-19,567.77783,simulation
1985-06-20,572.6663,simulation
1985-06-21,567.166,simulation
1985-06-22,563.4648,simulation
1985-06-23,558.55426,simulation
1985-06-24,554.1568,simulation
1985-06-25,552.37585,simulation
1985-06-26,547.6239,simulation
1985-06-27,547.76337,simulation
1985-06-28,556.4988,simulation
1985-06-29,552.6927,simulation
1985-06-30,550.1839,simulation
1985-07-01,544.9888,simulation
1985-07-02,548.54706,simulation
1985-07-03,550.70404,simulation
1985-07-04,547.94305,simulation
1985-07-05,545.6191,simulation
1985-07-06,545.8836,simulation
1985-07-07,546.1769,simulation
1985-07-08,545.3821,simulation
1985-07-09,542.5095,simulation
1985-07-10,536.4334,simulation
1985-07-11,534.6064,simulation
1985-07-12,533.2044,simulation
1985-07-13,527.2117,simulation
1985-07-14,521.6287,simulation
1985-07-15,525.01056,simulation
1985-07-16,531.81354,simulation
1985-07-17,542.2304,simulation
1985-07-18,541.6019,simulation
1985-07-19,535.9133,simulation
1985-07-20,531.5415,simulation
1985-07-21,528.8634,simulation
1985-07-22,526.36066,simulation
1985-07-23,550.1645,simulation
1985-07-24,597.92535,simulation
1985-07-25,606.39465,simulation
1985-07-26,605.8379,simulation
1985-07-27,603.2562,simulation
1985-07-28,602.7128,simulation
1985-07-29,601.82117,simulation
1985-07-30,597.64417,simulation
1985-07-31,591.8869,simulation
1985-08-01,589.10095,simulation
1985-08-02,582.9731,simulation
1985-08-03,582.452,simulation
1985-08-04,580.7241,simulation
1985-08-05,578.93353,simulation
1985-08-06,576.1799,simulation
1985-08-07,609.88226,simulation
1985-08-08,609.26416,simulation
1985-08-09,604.4779,simulation
1985-08-10,598.31177,simulation
1985-08-11,592.56445,simulation
1985-08-12,589.911,simulation
1985-08-13,584.412,simulation
1985-08-14,580.44366,simulation
1985-08-15,579.21,simulation
1985-08-16,605.0577,simulation
1985-08-17,652.20844,simulation
1985-08-18,651.87366,simulation
1985-08-19,647.8474,simulation
1985-08-20,643.3771,simulation
1985-08-21,642.09247,simulation
1985-08-22,639.02484,simulation
1985-08-23,634.6737,simulation
1985-08-24,629.2476,simulation
1985-08-25,643.41394,simulation
1985-08-26,646.0965,simulation
1985-08-27,650.10004,simulation
1985-08-28,649.02563,simulation
1985-08-29,645.148,simulation
1985-08-30,641.8245,simulation
1985-08-31,636.8665,simulation
1985-09-01,631.2699,simulation
1985-09-02,626.16876,simulation
1985-09-03,636.6106,simulation
1985-09-04,654.368,simulation
1985-09-05,655.7245,simulation
1985-09-06,652.2294,simulation
1985-09-07,647.5624,simulation
1985-09-08,653.9365,simulation
1985-09-09,661.3794,simulation
1985-09-10,657.05804,simulation
1985-09-11,651.8368,simulation
1985-09-12,647.068,simulation
1985-09-13,641.0326,simulation
1985-09-14,636.1434,simulation
1985-09-15,634.7937,simulation
1985-09-16,630.1451,simulation
1985-09-17,625.3372,simulation
1985-09-18,620.2321,simulation
1985-09-19,615.1877,simulation
1985-09-20,610.6549,simulation
1985-09-21,605.9991,simulation
1985-09-22,600.9981,simulation
1985-09-23,605.39514,simulation
1985-09-24,635.85065,simulation
1985-09-25,635.35815,simulation
1985-09-26,634.617,simulation
1985-09-27,642.9088,simulation
1985-09-28,638.692,simulation
1985-09-29,635.59155,simulation
1985-09-30,633.34686,simulation
1985-10-01,661.88135,simulation
1985-10-02,672.9428,simulation
1985-10-03,671.8052,simulation
1985-10-04,668.8089,simulation
1985-10-05,664.93115,simulation
1985-10-06,659.92163,simulation
1985-10-07,656.10925,simulation
1985-10-08,652.74915,simulation
1985-10-09,649.0024,simulation
1985-10-10,647.60803,simulation
1985-10-11,643.929,simulation
1985-10-12,640.2701,simulation
1985-10-13,637.5121,simulation
1985-10-14,636.12354,simulation
1985-10-15,635.3762,simulation
1985-10-16,648.1398,simulation
1985-10-17,650.339,simulation
1985-10-18,649.6336,simulation
1985-10-19,649.2165,simulation
1985-10-20,648.12335,simulation
1985-10-21,647.18787,simulation
1985-10-22,647.2821,simulation
1985-10-23,650.17834,simulation
1985-10-24,687.59064,simulation
1985-10-25,686.79205,simulation
1985-10-26,686.6972,simulation
1985-10-27,694.56647,simulation
1985-10-28,727.85144,simulation
1985-10-29,787.96704,simulation
1985-10-30,816.4884,simulation
1985-10-31,797.2019,simulation
1985-11-01,786.47345,simulation
1985-11-02,774.0178,simulation
1985-11-03,770.42114,simulation
1985-11-04,761.61926,simulation
1985-11-05,752.6104,simulation
1985-11-06,745.5027,simulation
1985-11-07,739.1421,simulation
1985-11-08,735.32825,simulation
1985-11-09,729.88226,simulation
1985-11-10,724.58057,simulation
1985-11-11,721.211,simulation
1985-11-12,718.9522,simulation
1985-11-13,715.07623,simulation
1985-11-14,713.263,simulation
1985-11-15,711.8839,simulation
1985-11-16,710.22455,simulation
1985-11-17,712.83386,simulation
1985-11-18,710.9346,simulation
1985-11-19,707.851,simulation
1985-11-20,706.1597,simulation
1985-11-21,704.26654,simulation
1985-11-22,702.9603,simulation
1985-11-23,701.12506,simulation
1985-11-24,699.6402,simulation
1985-11-25,698.4404,simulation
1985-11-26,697.25946,simulation
1985-11-27,695.98785,simulation
1985-11-28,708.1837,simulation
1985-11-29,708.2521,simulation
1985-11-30,707.27466,simulation
1985-12-01,706.44696,simulation
1985-12-02,720.5424,simulation
1985-12-03,717.7126,simulation
1985-12-04,714.7764,simulation
1985-12-05,712.6004,simulation
1985-12-06,710.8673,simulation
1985-12-07,708.1742,simulation
1985-12-08,706.59393,simulation
1985-12-09,704.54193,simulation
1985-12-10,702.5025,simulation
1985-12-11,700.72534,simulation
1985-12-12,736.98376,simulation
1985-12-13,759.85706,simulation
1985-12-14,754.9134,simulation
1985-12-15,748.93353,simulation
1985-12-16,744.01624,simulation
1985-12-17,739.4474,simulation
1985-12-18,735.8578,simulation
1985-12-19,732.7058,simulation
1985-12-20,729.19446,simulation
1985-12-21,725.8389,simulation
1985-12-22,723.2185,simulation
1985-12-23,719.48584,simulation
1985-12-24,716.38904,simulation
1985-12-25,714.027,simulation
1985-12-26,711.6948,simulation
1985-12-27,709.3998,simulation
1985-12-28,723.9526,simulation
1985-12-29,724.43774,simulation
1985-12-30,721.5592,simulation
1985-12-31,718.22076,simulation
1986-01-01,730.0168,simulation
1986-01-02,727.22766,simulation
1986-01-03,724.6879,simulation
1986-01-04,722.3761,simulation
1986-01-05,720.01465,simulation
1986-01-06,716.8434,simulation
1986-01-07,715.06683,simulation
1986-01-08,718.46967,simulation
1986-01-09,716.0315,simulation
1986-01-10,714.94556,simulation
1986-01-11,718.38007,simulation
1986-01-12,715.55597,simulation
1986-01-13,712.6547,simulation
1986-01-14,709.2683,simulation
1986-01-15,706.2951,simulation
1986-01-16,704.3235,simulation
1986-01-17,702.8254,simulation
1986-01-18,701.81866,simulation
1986-01-19,708.6729,simulation
1986-01-20,705.9239,simulation
1986-01-21,704.0772,simulation
1986-01-22,702.4542,simulation
1986-01-23,701.11096,simulation
1986-01-24,698.5133,simulation
1986-01-25,695.93945,simulation
1986-01-26,704.78156,simulation
1986-01-27,702.47034,simulation
1986-01-28,699.87115,simulation
1986-01-29,696.9599,simulation
1986-01-30,695.3336,simulation
1986-01-31,692.8723,simulation
1986-02-01,689.9812,simulation
1986-02-02,687.4755,simulation
1986-02-03,686.0665,simulation
1986-02-04,685.036,simulation
1986-02-05,730.10675,simulation
1986-02-06,727.01227,simulation
1986-02-07,724.22687,simulation
1986-02-08,720.18726,simulation
1986-02-09,716.27954,simulation
1986-02-10,718.58453,simulation
1986-02-11,720.9637,simulation
1986-02-12,719.05884,simulation
1986-02-13,716.55975,simulation
1986-02-14,713.34283,simulation
1986-02-15,718.05597,simulation
1986-02-16,714.2422,simulation
1986-02-17,711.8639,simulation
1986-02-18,711.1959,simulation
1986-02-19,709.35944,simulation
1986-02-20,707.3922,simulation
1986-02-21,705.08765,simulation
1986-02-22,703.9615,simulation
1986-02-23,702.7318,simulation
1986-02-24,699.39777,simulation
1986-02-25,695.3987,simulation
1986-02-26,692.393,simulation
1986-02-27,688.4572,simulation
1986-02-28,686.78485,simulation
1986-03-01,687.1848,simulation
1986-03-02,684.328,simulation
1986-03-03,680.5476,simulation
1986-03-04,678.24304,simulation
1986-03-05,674.5549,simulation
1986-03-06,670.811,simulation
1986-03-07,666.62756,simulation
1986-03-08,663.243,simulation
1986-03-09,661.305,simulation
1986-03-10,657.655,simulation
1986-03-11,655.6008,simulation
1986-03-12,654.52496,simulation
1986-03-13,712.4023,simulation
1986-03-14,711.1389,simulation
1986-03-15,710.5448,simulation
1986-03-16,708.79425,simulation
1986-03-17,705.25464,simulation
1986-03-18,702.0239,simulation
1986-03-19,725.1501,simulation
1986-03-20,742.1978,simulation
1986-03-21,735.74664,simulation
1986-03-22,729.5541,simulation
1986-03-23,724.0327,simulation
1986-03-24,718.79706,simulation
1986-03-25,713.046,simulation
1986-03-26,706.7768,simulation
1986-03-27,704.6877,simulation
1986-03-28,699.3033,simulation
1986-03-29,693.83124,simulation
1986-03-30,688.3973,simulation
1986-03-31,684.016,simulation
1986-04-01,679.1359,simulation
1986-04-02,676.28864,simulation
1986-04-03,671.15173,simulation
1986-04-04,666.75024,simulation
1986-04-05,663.3171,simulation
1986-04-06,661.59186,simulation
1986-04-07,659.96674,simulation
1986-04-08,657.1422,simulation
1986-04-09,666.314,simulation
1986-04-10,661.3323,simulation
1986-04-11,660.32227,simulation
1986-04-12,657.2749,simulation
1986-04-13,674.1299,simulation
1986-04-14,670.6258,simulation
1986-04-15,668.9069,simulation
1986-04-16,663.3002,simulation
1986-04-17,657.8342,simulation
1986-04-18,654.4885,simulation
1986-04-19,649.33997,simulation
1986-04-20,658.32104,simulation
1986-04-21,671.83923,simulation
1986-04-22,668.1157,simulation
1986-04-23,663.3174,simulation
1986-04-24,657.9638,simulation
1986-04-25,653.0387,simulation
1986-04-26,646.9554,simulation
1986-04-27,641.2568,simulation
1986-04-28,639.9279,simulation
1986-04-29,636.01263,simulation
1986-04-30,634.72656,simulation
1986-05-01,631.989,simulation
1986-05-02,632.32574,simulation
1986-05-03,631.03235,simulation
1986-05-04,625.79645,simulation
1986-05-05,619.62854,simulation
1986-05-06,616.44574,simulation
1986-05-07,614.33984,simulation
1986-05-08,612.0956,simulation
1986-05-09,609.56274,simulation
1986-05-10,605.3,simulation
1986-05-11,617.0332,simulation
1986-05-12,638.69617,simulation
1986-05-13,653.5008,simulation
1986-05-14,648.094,simulation
1986-05-15,643.43225,simulation
1986-05-16,642.3533,simulation
1986-05-17,638.1463,simulation
1986-05-18,637.2299,simulation
1986-05-19,667.8529,simulation
1986-05-20,665.2338,simulation
1986-05-21,661.0848,simulation
1986-05-22,656.3952,simulation
1986-05-23,650.82245,simulation
1986-05-24,646.8083,simulation
1986-05-25,658.5514,simulation
1986-05-26,684.80225,simulation
1986-05-27,700.8794,simulation
1986-05-28,727.71045,simulation
1986-05-29,726.29346,simulation
1986-05-30,722.7434,simulation
1986-05-31,753.71576,simulation
1986-06-01,748.2515,simulation
1986-06-02,741.2545,simulation
1986-06-03,735.4854,simulation
1986-06-04,729.6406,simulation
1986-06-05,729.813,simulation
1986-06-06,724.08234,simulation
1986-06-07,719.9346,simulation
1986-06-08,715.32117,simulation
1986-06-09,710.3375,simulation
1986-06-10,711.3505,simulation
1986-06-11,709.15326,simulation
1986-06-12,702.79944,simulation
1986-06-13,697.0169,simulation
1986-06-14,690.40875,simulation
1986-06-15,683.5299,simulation
1986-06-16,676.66675,simulation
1986-06-17,679.9175,simulation
1986-06-18,674.2403,simulation
1986-06-19,668.095,simulation
1986-06-20,660.5826,simulation
1986-06-21,653.5698,simulation
1986-06-22,652.5116,simulation
1986-06-23,651.61694,simulation
1986-06-24,644.92816,simulation
1986-06-25,638.63763,simulation
1986-06-26,632.82465,simulation
1986-06-27,627.2216,simulation
1986-06-28,623.7117,simulation
1986-06-29,640.2501,simulation
1986-06-30,639.1006,simulation
1986-07-01,639.532,simulation
1986-07-02,634.3769,simulation
1986-07-03,641.3701,simulation
1986-07-04,635.1371,simulation
1986-07-05,628.3164,simulation
1986-07-06,624.7285,simulation
1986-07-07,622.7771,simulation
1986-07-08,622.7909,simulation
1986-07-09,617.5328,simulation
1986-07-10,610.6835,simulation
1986-07-11,610.5163,simulation
1986-07-12,610.5079,simulation
1986-07-13,605.4439,simulation
1986-07-14,598.2548,simulation
1986-07-15,593.8214,simulation
1986-07-16,594.0948,simulation
1986-07-17,592.79004,simulation
1986-07-18,605.231,simulation
1986-07-19,599.3284,simulation
1986-07-20,593.9608,simulation
1986-07-21,588.58014,simulation
1986-07-22,590.44885,simulation
1986-07-23,590.38153,simulation
1986-07-24,584.85565,simulation
1986-07-25,588.4704,simulation
1986-07-26,582.7938,simulation
1986-07-27,576.90826,simulation
1986-07-28,596.18896,simulation
1986-07-29,592.89606,simulation
1986-07-30,585.74786,simulation
1986-07-31,580.11,simulation
1986-08-01,575.6157,simulation
1986-08-02,569.2073,simulation
1986-08-03,567.49493,simulation
1986-08-04,561.3211,simulation
1986-08-05,557.38257,simulation
1986-08-06,552.68567,simulation
1986-08-07,549.31836,simulation
1986-08-08,545.4127,simulation
1986-08-09,548.6214,simulation
1986-08-10,543.99054,simulation
1986-08-11,542.9645,simulation
1986-08-12,543.85815,simulation
1986-08-13,540.32245,simulation
1986-08-14,535.203,simulation
1986-08-15,530.7879,simulation
1986-08-16,532.4716,simulation
1986-08-17,531.84155,simulation
1986-08-18,528.47095,simulation
1986-08-19,522.5681,simulation
1986-08-20,516.56995,simulation
1986-08-21,510.40738,simulation
1986-08-22,507.41772,simulation
1986-08-23,505.42618,simulation
1986-08-24,502.96674,simulation
1986-08-25,497.03174,simulation
1986-08-26,490.8631,simulation
1986-08-27,487.46393,simulation
1986-08-28,491.40863,simulation
1986-08-29,491.38672,simulation
1986-08-30,487.6743,simulation
1986-08-31,484.31732,simulation
1986-09-01,483.0278,simulation
1986-09-02,482.92682,simulation
1986-09-03,508.2054,simulation
1986-09-04,518.7516,simulation
1986-09-05,541.05756,simulation
1986-09-06,542.50903,simulation
1986-09-07,541.36304,simulation
1986-09-08,537.89594,simulation
1986-09-09,532.2249,simulation
1986-09-10,527.4713,simulation
1986-09-11,523.39307,simulation
1986-09-12,525.754,simulation
1986-09-13,536.341,simulation
1986-09-14,531.55237,simulation
1986-09-15,528.4943,simulation
1986-09-16,525.03925,simulation
1986-09-17,521.37646,simulation
1986-09-18,517.33344,simulation
1986-09-19,524.50305,simulation
1986-09-20,522.2732,simulation
1986-09-21,519.96674,simulation
1986-09-22,521.84265,simulation
1986-09-23,521.604,simulation
1986-09-24,517.4273,simulation
1986-09-25,513.7129,simulation
1986-09-26,509.55847,simulation
1986-09-27,505.5185,simulation
1986-09-28,501.6906,simulation
1986-09-29,497.3394,simulation
1986-09-30,493.4455,simulation
1986-10-01,494.91443,simulation
1986-10-02,499.6922,simulation
1986-10-03,506.00235,simulation
1986-10-04,507.94653,simulation
1986-10-05,504.9154,simulation
1986-10-06,502.25906,simulation
1986-10-07,502.13504,simulation
1986-10-08,501.32944,simulation
1986-10-09,507.01498,simulation
1986-10-10,512.3578,simulation
1986-10-11,512.0607,simulation
1986-10-12,512.5928,simulation
1986-10-13,579.84045,simulation
1986-10-14,607.835,simulation
1986-10-15,606.74817,simulation
1986-10-16,603.9377,simulation
1986-10-17,600.7602,simulation
1986-10-18,597.7121,simulation
1986-10-19,594.64874,simulation
1986-10-20,591.3078,simulation
1986-10-21,588.3063,simulation
1986-10-22,586.96344,simulation
1986-10-23,586.7112,simulation
1986-10-24,593.0532,simulation
1986-10-25,605.909,simulation
1986-10-26,605.5343,simulation
1986-10-27,603.924,simulation
1986-10-28,602.5715,simulation
1986-10-29,600.02875,simulation
1986-10-30,597.85046,simulation
1986-10-31,595.3238,simulation
1986-11-01,593.32764,simulation
1986-11-02,593.2685,simulation
1986-11-03,592.27045,simulation
1986-11-04,592.0413,simulation
1986-11-05,621.61163,simulation
1986-11-06,634.8341,simulation
1986-11-07,634.46326,simulation
1986-11-08,641.351,simulation
1986-11-09,641.64795,simulation
1986-11-10,642.4079,simulation
1986-11-11,642.71747,simulation
1986-11-12,647.41364,simulation
1986-11-13,646.7541,simulation
1986-11-14,645.7971,simulation
1986-11-15,645.3496,simulation
1986-11-16,644.94617,simulation
1986-11-17,660.6405,simulation
1986-11-18,661.19836,simulation
1986-11-19,660.5927,simulation
1986-11-20,665.35596,simulation
1986-11-21,691.02905,simulation
1986-11-22,688.50745,simulation
1986-11-23,700.72565,simulation
1986-11-24,722.3155,simulation
1986-11-25,761.1161,simulation
1986-11-26,807.2632,simulation
1986-11-27,788.03577,simulation
1986-11-28,775.3314,simulation
1986-11-29,770.58765,simulation
1986-11-30,771.95325,simulation
1986-12-01,766.6541,simulation
1986-12-02,759.79333,simulation
1986-12-03,753.1968,simulation
1986-12-04,747.30743,simulation
1986-12-05,742.7818,simulation
1986-12-06,737.98175,simulation
1986-12-07,733.85034,simulation
1986-12-08,730.8492,simulation
1986-12-09,727.8201,simulation
1986-12-10,745.52356,simulation
1986-12-11,771.4642,simulation
1986-12-12,765.6163,simulation
1986-12-13,758.54144,simulation
1986-12-14,752.3057,simulation
1986-12-15,747.3324,simulation
1986-12-16,756.6499,simulation
1986-12-17,753.599,simulation
1986-12-18,750.3774,simulation
1986-12-19,758.4756,simulation
1986-12-20,752.7401,simulation
1986-12-21,747.67633,simulation
1986-12-22,743.375,simulation
1986-12-23,757.99176,simulation
1986-12-24,771.73566,simulation
1986-12-25,763.4163,simulation
1986-12-26,757.47766,simulation
1986-12-27,751.65796,simulation
1986-12-28,746.3516,simulation
1986-12-29,742.2806,simulation
1986-12-30,738.3674,simulation
1986-12-31,734.7027,simulation
1987-01-01,731.8711,simulation
1987-01-02,728.57385,simulation
1987-01-03,725.5404,simulation
1987-01-04,742.93207,simulation
1987-01-05,744.5407,simulation
1987-01-06,739.8694,simulation
1987-01-07,736.2596,simulation
1987-01-08,733.0871,simulation
1987-01-09,729.97174,simulation
1987-01-10,731.11786,simulation
1987-01-11,728.20703,simulation
1987-01-12,725.0933,simulation
1987-01-13,721.7898,simulation
1987-01-14,719.7152,simulation
1987-01-15,722.7957,simulation
1987-01-16,722.7456,simulation
1987-01-17,728.0587,simulation
1987-01-18,769.14014,simulation
1987-01-19,821.07306,simulation
1987-01-20,798.0829,simulation
1987-01-21,787.1018,simulation
1987-01-22,780.6804,simulation
1987-01-23,772.312,simulation
1987-01-24,762.2407,simulation
1987-01-25,765.3928,simulation
1987-01-26,771.2766,simulation
1987-01-27,762.2454,simulation
1987-01-28,754.78796,simulation
1987-01-29,748.41113,simulation
1987-01-30,743.171,simulation
1987-01-31,736.81494,simulation
1987-02-01,733.1019,simulation
1987-02-02,736.3662,simulation
1987-02-03,752.6445,simulation
1987-02-04,747.4732,simulation
1987-02-05,743.8313,simulation
1987-02-06,747.00555,simulation
1987-02-07,773.4257,simulation
1987-02-08,770.3604,simulation
1987-02-09,761.1802,simulation
1987-02-10,752.60284,simulation
1987-02-11,746.9585,simulation
1987-02-12,741.9027,simulation
1987-02-13,736.70953,simulation
1987-02-14,731.2637,simulation
1987-02-15,726.33496,simulation
1987-02-16,768.64746,simulation
1987-02-17,762.06464,simulation
1987-02-18,755.5325,simulation
1987-02-19,750.6019,simulation
1987-02-20,745.42145,simulation
1987-02-21,756.6823,simulation
1987-02-22,773.65155,simulation
1987-02-23,788.46027,simulation
1987-02-24,776.33075,simulation
1987-02-25,766.73254,simulation
1987-02-26,761.6056,simulation
1987-02-27,805.2959,simulation
1987-02-28,843.60724,simulation
1987-03-01,840.8748,simulation
1987-03-02,811.22943,simulation
1987-03-03,788.6254,simulation
1987-03-04,773.7096,simulation
1987-03-05,761.1533,simulation
1987-03-06,752.1682,simulation
1987-03-07,744.5808,simulation
1987-03-08,755.70703,simulation
1987-03-09,774.8887,simulation
1987-03-10,763.5297,simulation
1987-03-11,756.3463,simulation
1987-03-12,752.578,simulation
1987-03-13,745.9076,simulation
1987-03-14,738.9218,simulation
1987-03-15,731.92206,simulation
1987-03-16,728.4659,simulation
1987-03-17,723.4074,simulation
1987-03-18,749.7616,simulation
1987-03-19,745.3726,simulation
1987-03-20,738.38324,simulation
1987-03-21,732.28345,simulation
1987-03-22,725.5717,simulation
1987-03-23,720.82385,simulation
1987-03-24,719.903,simulation
1987-03-25,721.0447,simulation
1987-03-26,717.244,simulation
1987-03-27,714.66705,simulation
1987-03-28,715.1781,simulation
1987-03-29,709.0249,simulation
1987-03-30,721.48755,simulation
1987-03-31,720.919,simulation
1987-04-01,716.1949,simulation
1987-04-02,710.4348,simulation
1987-04-03,713.18005,simulation
1987-04-04,718.0002,simulation
1987-04-05,712.74396,simulation
1987-04-06,707.38654,simulation
1987-04-07,702.53674,simulation
1987-04-08,698.3593,simulation
1987-04-09,693.6735,simulation
1987-04-10,688.36096,simulation
1987-04-11,682.4185,simulation
1987-04-12,678.25586,simulation
1987-04-13,673.41766,simulation
1987-04-14,679.82294,simulation
1987-04-15,680.9242,simulation
1987-04-16,679.43304,simulation
1987-04-17,675.17676,simulation
1987-04-18,670.09406,simulation
1987-04-19,664.158,simulation
1987-04-20,658.03644,simulation
1987-04-21,651.85364,simulation
1987-04-22,645.5653,simulation
1987-04-23,644.4337,simulation
1987-04-24,638.3207,simulation
1987-04-25,632.42926,simulation
1987-04-26,626.35565,simulation
1987-04-27,620.4016,simulation
1987-04-28,614.13257,simulation
1987-04-29,607.5046,simulation
1987-04-30,601.42773,simulation
1987-05-01,597.4196,simulation
1987-05-02,591.59247,simulation
1987-05-03,611.0735,simulation
1987-05-04,666.7386,simulation
1987-05-05,667.61786,simulation
1987-05-06,669.352,simulation
1987-05-07,707.5453,simulation
1987-05-08,706.08984,simulation
1987-05-09,699.1581,simulation
1987-05-10,694.7082,simulation
1987-05-11,708.3096,simulation
1987-05-12,707.1694,simulation
1987-05-13,704.8404,simulation
1987-05-14,728.64374,simulation
1987-05-15,736.01483,simulation
1987-05-16,735.87286,simulation
1987-05-17,731.3988,simulation
1987-05-18,750.98315,simulation
1987-05-19,744.5779,simulation
1987-05-20,739.1927,simulation
1987-05-21,733.02893,simulation
1987-05-22,726.2808,simulation
1987-05-23,726.6459,simulation
1987-05-24,725.03827,simulation
1987-05-25,727.28,simulation
1987-05-26,722.18585,simulation
1987-05-27,714.8188,simulation
1987-05-28,715.4279,simulation
1987-05-29,710.3866,simulation
1987-05-30,706.28186,simulation
1987-05-31,701.8107,simulation
1987-06-01,695.49774,simulation
1987-06-02,688.5436,simulation
1987-06-03,683.62665,simulation
1987-06-04,695.80896,simulation
1987-06-05,697.46625,simulation
1987-06-06,691.1385,simulation
1987-06-07,683.8455,simulation
1987-06-08,677.1429,simulation
1987-06-09,670.95215,simulation
1987-06-10,667.753,simulation
1987-06-11,666.34106,simulation
1987-06-12,662.5647,simulation
1987-06-13,664.09515,simulation
1987-06-14,686.84393,simulation
1987-06-15,684.7501,simulation
1987-06-16,690.46643,simulation
1987-06-17,685.7787,simulation
1987-06-18,689.95245,simulation
1987-06-19,690.19183,simulation
1987-06-20,721.4223,simulation
1987-06-21,716.48596,simulation
1987-06-22,712.65015,simulation
1987-06-23,707.29755,simulation
1987-06-24,701.21484,simulation
1987-06-25,704.45026,simulation
1987-06-26,699.4813,simulation
1987-06-27,694.5279,simulation
1987-06-28,688.3215,simulation
1987-06-29,680.4782,simulation
1987-06-30,673.5351,simulation
1987-07-01,676.7854,simulation
1987-07-02,677.1136,simulation
1987-07-03,674.58887,simulation
1987-07-04,670.94495,simulation
1987-07-05,668.87354,simulation
1987-07-06,663.29315,simulation
1987-07-07,659.8937,simulation
1987-07-08,658.70087,simulation
1987-07-09,655.6359,simulation
1987-07-10,651.9179,simulation
1987-07-11,648.9022,simulation
1987-07-12,643.1668,simulation
1987-07-13,636.3044,simulation
1987-07-14,633.3741,simulation
1987-07-15,630.3478,simulation
1987-07-16,626.09717,simulation
1987-07-17,618.8688,simulation
1987-07-18,611.9865,simulation
1987-07-19,605.2691,simulation
1987-07-20,599.27905,simulation
1987-07-21,592.6058,simulation
1987-07-22,607.9619,simulation
1987-07-23,616.61505,simulation
1987-07-24,613.0795,simulation
1987-07-25,610.1519,simulation
1987-07-26,607.5994,simulation
1987-07-27,601.92993,simulation
1987-07-28,595.2384,simulation
1987-07-29,588.7424,simulation
1987-07-30,581.4625,simulation
1987-07-31,588.87256,simulation
1987-08-01,582.6156,simulation
1987-08-02,576.28546,simulation
1987-08-03,574.1067,simulation
1987-08-04,579.2874,simulation
1987-08-05,586.67596,simulation
1987-08-06,583.90985,simulation
1987-08-07,612.4285,simulation
1987-08-08,616.3519,simulation
1987-08-09,610.47424,simulation
1987-08-10,605.334,simulation
1987-08-11,610.91156,simulation
1987-08-12,625.12946,simulation
1987-08-13,673.2187,simulation
1987-08-14,674.9494,simulation
1987-08-15,674.5015,simulation
1987-08-16,675.29736,simulation
1987-08-17,672.1858,simulation
1987-08-18,670.65204,simulation
1987-08-19,673.8047,simulation
1987-08-20,670.3048,simulation
1987-08-21,663.6604,simulation
1987-08-22,656.6258,simulation
1987-08-23,650.0851,simulation
1987-08-24,643.45667,simulation
1987-08-25,641.5055,simulation
1987-08-26,635.0705,simulation
1987-08-27,629.20105,simulation
1987-08-28,626.4503,simulation
1987-08-29,623.0026,simulation
1987-08-30,618.7584,simulation
1987-08-31,619.00055,simulation
1987-09-01,618.5886,simulation
1987-09-02,615.07306,simulation
1987-09-03,608.9401,simulation
1987-09-04,602.671,simulation
1987-09-05,596.9647,simulation
1987-09-06,591.3636,simulation
1987-09-07,590.0035,simulation
1987-09-08,591.84955,simulation
1987-09-09,588.69617,simulation
1987-09-10,584.60693,simulation
1987-09-11,582.92773,simulation
1987-09-12,596.11804,simulation
1987-09-13,594.0689,simulation
1987-09-14,590.5815,simulation
1987-09-15,586.1985,simulation
1987-09-16,593.9174,simulation
1987-09-17,593.4481,simulation
1987-09-18,595.36206,simulation
1987-09-19,604.19836,simulation
1987-09-20,606.56903,simulation
1987-09-21,601.51666,simulation
1987-09-22,596.989,simulation
1987-09-23,592.5758,simulation
1987-09-24,588.18713,simulation
1987-09-25,583.7098,simulation
1987-09-26,579.43,simulation
1987-09-27,576.90607,simulation
1987-09-28,574.3384,simulation
1987-09-29,570.89813,simulation
1987-09-30,575.5822,simulation
1987-10-01,570.7358,simulation
1987-10-02,566.3773,simulation
1987-10-03,561.65485,simulation
1987-10-04,556.9252,simulation
1987-10-05,553.3274,simulation
1987-10-06,549.6035,simulation
1987-10-07,545.5017,simulation
1987-10-08,541.6864,simulation
1987-10-09,538.2537,simulation
1987-10-10,535.07776,simulation
1987-10-11,531.27515,simulation
1987-10-12,527.4503,simulation
1987-10-13,524.1652,simulation
1987-10-14,520.7639,simulation
1987-10-15,517.3356,simulation
1987-10-16,514.88153,simulation
1987-10-17,512.3494,simulation
1987-10-18,509.655,simulation
1987-10-19,507.35025,simulation
1987-10-20,506.74777,simulation
1987-10-21,506.7323,simulation
1987-10-22,503.77655,simulation
1987-10-23,501.3514,simulation
1987-10-24,498.9536,simulation
1987-10-25,499.04178,simulation
1987-10-26,499.2339,simulation
1987-10-27,504.9421,simulation
1987-10-28,502.5567,simulation
1987-10-29,500.0093,simulation
1987-10-30,497.5382,simulation
1987-10-31,494.3843,simulation
1987-11-01,491.47562,simulation
1987-11-02,488.60992,simulation
1987-11-03,485.8985,simulation
1987-11-04,484.13284,simulation
1987-11-05,484.36362,simulation
1987-11-06,480.68933,simulation
1987-11-07,477.32404,simulation
1987-11-08,474.72208,simulation
1987-11-09,474.80304,simulation
1987-11-10,484.63535,simulation
1987-11-11,485.04047,simulation
1987-11-12,483.92963,simulation
1987-11-13,483.21896,simulation
1987-11-14,483.43854,simulation
1987-11-15,482.80792,simulation
1987-11-16,482.5029,simulation
1987-11-17,548.82794,simulation
1987-11-18,548.2089,simulation
1987-11-19,548.0576,simulation
1987-11-20,547.8494,simulation
1987-11-21,545.68164,simulation
1987-11-22,544.6615,simulation
1987-11-23,542.43567,simulation
1987-11-24,540.0105,simulation
1987-11-25,539.69025,simulation
1987-11-26,539.1085,simulation
1987-11-27,545.77026,simulation
1987-11-28,548.58673,simulation
1987-11-29,556.403,simulation
1987-11-30,556.1866,simulation
1987-12-01,555.8277,simulation
1987-12-02,555.05396,simulation
1987-12-03,554.5227,simulation
1987-12-04,554.3952,simulation
1987-12-05,552.05255,simulation
1987-12-06,551.6184,simulation
1987-12-07,551.30237,simulation
1987-12-08,552.87134,simulation
1987-12-09,553.6118,simulation
1987-12-10,553.7091,simulation
1987-12-11,553.0291,simulation
1987-12-12,552.8261,simulation
1987-12-13,552.1583,simulation
1987-12-14,551.56226,simulation
1987-12-15,552.76654,simulation
1987-12-16,558.54254,simulation
1987-12-17,557.7017,simulation
1987-12-18,557.24457,simulation
1987-12-19,557.2823,simulation
1987-12-20,581.50385,simulation
1987-12-21,587.6093,simulation
1987-12-22,608.5956,simulation
1987-12-23,608.8732,simulation
1987-12-24,607.90424,simulation
1987-12-25,608.04285,simulation
1987-12-26,607.6916,simulation
1987-12-27,628.0336,simulation
1987-12-28,639.5652,simulation
1987-12-29,639.039,simulation
1987-12-30,638.4477,simulation
1987-12-31,638.625,simulation
1988-01-01,642.2457,simulation
1988-01-02,648.47296,simulation
1988-01-03,648.5519,simulation
1988-01-04,650.2189,simulation
1988-01-05,649.6968,simulation
1988-01-06,648.9321,simulation
1988-01-07,648.24664,simulation
1988-01-08,665.4594,simulation
1988-01-09,665.3759,simulation
1988-01-10,665.2381,simulation
1988-01-11,664.6554,simulation
1988-01-12,663.71576,simulation
1988-01-13,669.6551,simulation
1988-01-14,671.4385,simulation
1988-01-15,670.522,simulation
1988-01-16,669.21954,simulation
1988-01-17,668.5688,simulation
1988-01-18,669.62805,simulation
1988-01-19,674.05334,simulation
1988-01-20,693.3433,simulation
1988-01-21,691.81525,simulation
1988-01-22,690.74207,simulation
1988-01-23,689.28516,simulation
1988-01-24,687.11066,simulation
1988-01-25,689.3252,simulation
1988-01-26,687.7357,simulation
1988-01-27,686.3807,simulation
1988-01-28,684.8557,simulation
1988-01-29,682.61633,simulation
1988-01-30,681.42114,simulation
1988-01-31,679.7757,simulation
1988-02-01,679.1975,simulation
1988-02-02,693.5089,simulation
1988-02-03,714.7337,simulation
1988-02-04,718.64087,simulation
1988-02-05,720.6368,simulation
1988-02-06,719.2174,simulation
1988-02-07,715.93524,simulation
1988-02-08,714.17456,simulation
1988-02-09,712.0958,simulation
1988-02-10,710.2788,simulation
1988-02-11,707.6588,simulation
1988-02-12,717.1969,simulation
1988-02-13,714.50903,simulation
1988-02-14,711.34985,simulation
1988-02-15,743.55597,simulation
1988-02-16,740.9313,simulation
1988-02-17,737.26416,simulation
1988-02-18,735.34247,simulation
1988-02-19,756.31445,simulation
1988-02-20,751.1041,simulation
1988-02-21,745.7743,simulation
1988-02-22,739.8168,simulation
1988-02-23,732.91235,simulation
1988-02-24,729.58466,simulation
1988-02-25,724.6126,simulation
1988-02-26,720.1574,simulation
1988-02-27,716.5497,simulation
1988-02-28,715.9498,simulation
1988-02-29,711.26807,simulation
1988-03-01,707.59326,simulation
1988-03-02,704.23895,simulation
1988-03-03,714.1339,simulation
1988-03-04,727.95544,simulation
1988-03-05,725.3884,simulation
1988-03-06,722.87994,simulation
1988-03-07,718.82635,simulation
1988-03-08,714.0653,simulation
1988-03-09,715.8141,simulation
1988-03-10,727.42566,simulation
1988-03-11,722.9898,simulation
1988-03-12,717.20776,simulation
1988-03-13,716.7026,simulation
1988-03-14,711.44495,simulation
1988-03-15,706.8494,simulation
1988-03-16,702.8154,simulation
1988-03-17,698.74915,simulation
1988-03-18,700.2584,simulation
1988-03-19,706.36456,simulation
1988-03-20,702.7917,simulation
1988-03-21,697.6263,simulation
1988-03-22,692.0775,simulation
1988-03-23,687.1556,simulation
1988-03-24,684.2507,simulation
1988-03-25,695.351,simulation
1988-03-26,714.25885,simulation
1988-03-27,713.0945,simulation
1988-03-28,707.1644,simulation
1988-03-29,703.6136,simulation
1988-03-30,721.39935,simulation
1988-03-31,732.4005,simulation
1988-04-01,734.9046,simulation
1988-04-02,749.7854,simulation
1988-04-03,769.814,simulation
1988-04-04,761.16846,simulation
1988-04-05,750.681,simulation
1988-04-06,740.6123,simulation
1988-04-07,734.0392,simulation
1988-04-08,725.8051,simulation
1988-04-09,719.3294,simulation
1988-04-10,716.4968,simulation
1988-04-11,714.74176,simulation
1988-04-12,715.37885,simulation
1988-04-13,712.0733,simulation
1988-04-14,705.715,simulation
1988-04-15,699.99384,simulation
1988-04-16,694.2873,simulation
1988-04-17,690.3712,simulation
1988-04-18,689.5774,simulation
1988-04-19,727.8955,simulation
1988-04-20,723.2329,simulation
1988-04-21,716.18506,simulation
1988-04-22,712.69336,simulation
1988-04-23,711.7822,simulation
1988-04-24,729.2882,simulation
1988-04-25,720.7821,simulation
1988-04-26,717.7869,simulation
1988-04-27,710.6172,simulation
1988-04-28,703.6983,simulation
1988-04-29,698.2284,simulation
1988-04-30,695.26904,simulation
1988-05-01,693.8459,simulation
1988-05-02,687.5385,simulation
1988-05-03,680.86804,simulation
1988-05-04,678.35297,simulation
1988-05-05,673.9767,simulation
1988-05-06,667.5872,simulation
1988-05-07,662.66187,simulation
1988-05-08,660.9364,simulation
1988-05-09,657.8574,simulation
1988-05-10,654.13104,simulation
1988-05-11,652.31165,simulation
1988-05-12,647.53394,simulation
1988-05-13,646.7657,simulation
1988-05-14,641.0392,simulation
1988-05-15,635.1306,simulation
1988-05-16,629.4372,simulation
1988-05-17,627.44305,simulation
1988-05-18,620.25824,simulation
1988-05-19,613.66473,simulation
1988-05-20,607.5233,simulation
1988-05-21,602.0262,simulation
1988-05-22,602.9169,simulation
1988-05-23,604.1199,simulation
1988-05-24,599.8978,simulation
1988-05-25,601.67957,simulation
1988-05-26,598.5662,simulation
1988-05-27,591.7566,simulation
1988-05-28,585.12885,simulation
1988-05-29,578.29626,simulation
1988-05-30,571.1791,simulation
1988-05-31,564.381,simulation
1988-06-01,558.13336,simulation
1988-06-02,552.4427,simulation
1988-06-03,551.45447,simulation
1988-06-04,549.86304,simulation
1988-06-05,545.99805,simulation
1988-06-06,543.60504,simulation
1988-06-07,540.90247,simulation
1988-06-08,539.00323,simulation
1988-06-09,531.94403,simulation
1988-06-10,528.81366,simulation
1988-06-11,521.25,simulation
1988-06-12,514.50696,simulation
1988-06-13,508.1005,simulation
1988-06-14,501.15408,simulation
1988-06-15,494.7618,simulation
1988-06-16,488.206,simulation
1988-06-17,482.44073,simulation
1988-06-18,478.5446,simulation
1988-06-19,486.68253,simulation
1988-06-20,484.06003,simulation
1988-06-21,477.92355,simulation
1988-06-22,472.1245,simulation
1988-06-23,470.97977,simulation
1988-06-24,469.9993,simulation
1988-06-25,467.41373,simulation
1988-06-26,464.66858,simulation
1988-06-27,461.6549,simulation
1988-06-28,456.80728,simulation
1988-06-29,449.39285,simulation
1988-06-30,445.1027,simulation
1988-07-01,442.91367,simulation
1988-07-02,439.66525,simulation
1988-07-03,447.28156,simulation
1988-07-04,464.91223,simulation
1988-07-05,470.52115,simulation
1988-07-06,477.51245,simulation
1988-07-07,480.44223,simulation
1988-07-08,479.35245,simulation
1988-07-09,477.11917,simulation
1988-07-10,475.98883,simulation
1988-07-11,489.45505,simulation
1988-07-12,488.4412,simulation
1988-07-13,484.73434,simulation
1988-07-14,483.39346,simulation
1988-07-15,478.8958,simulation
1988-07-16,473.78253,simulation
1988-07-17,474.22156,simulation
1988-07-18,495.7957,simulation
1988-07-19,493.37753,simulation
1988-07-20,490.3798,simulation
1988-07-21,486.50418,simulation
1988-07-22,503.4807,simulation
1988-07-23,511.07507,simulation
1988-07-24,505.65295,simulation
1988-07-25,499.4155,simulation
1988-07-26,502.86307,simulation
1988-07-27,502.89032,simulation
1988-07-28,499.11646,simulation
1988-07-29,493.97702,simulation
1988-07-30,492.31195,simulation
1988-07-31,488.88007,simulation
1988-08-01,485.08133,simulation
1988-08-02,496.72092,simulation
1988-08-03,491.64636,simulation
1988-08-04,486.99307,simulation
1988-08-05,483.33136,simulation
1988-08-06,482.98172,simulation
1988-08-07,485.1747,simulation
1988-08-08,485.70288,simulation
1988-08-09,481.462,simulation
1988-08-10,485.0867,simulation
1988-08-11,488.4293,simulation
1988-08-12,484.4788,simulation
1988-08-13,482.77896,simulation
1988-08-14,478.3476,simulation
1988-08-15,472.73587,simulation
1988-08-16,467.80768,simulation
1988-08-17,464.99835,simulation
1988-08-18,462.353,simulation
1988-08-19,458.5136,simulation
1988-08-20,456.9582,simulation
1988-08-21,470.4131,simulation
1988-08-22,565.4165,simulation
1988-08-23,564.6257,simulation
1988-08-24,563.83154,simulation
1988-08-25,565.3506,simulation
1988-08-26,558.865,simulation
1988-08-27,552.8919,simulation
1988-08-28,547.3079,simulation
1988-08-29,542.84705,simulation
1988-08-30,550.08527,simulation
1988-08-31,547.6887,simulation
1988-09-01,557.2603,simulation
1988-09-02,556.7883,simulation
1988-09-03,573.34406,simulation
1988-09-04,595.2047,simulation
1988-09-05,671.0192,simulation
1988-09-06,665.8128,simulation
1988-09-07,659.5641,simulation
1988-09-08,653.8094,simulation
1988-09-09,648.84595,simulation
1988-09-10,644.66,simulation
1988-09-11,653.0423,simulation
1988-09-12,650.74493,simulation
1988-09-13,648.1499,simulation
1988-09-14,646.6357,simulation
1988-09-15,641.67755,simulation
1988-09-16,641.7083,simulation
1988-09-17,656.2866,simulation
1988-09-18,655.3887,simulation
1988-09-19,653.66534,simulation
1988-09-20,651.12976,simulation
1988-09-21,647.81854,simulation
1988-09-22,644.95953,simulation
1988-09-23,640.35583,simulation
1988-09-24,636.2518,simulation
1988-09-25,633.5396,simulation
1988-09-26,631.7866,simulation
1988-09-27,627.79877,simulation
1988-09-28,625.5042,simulation
1988-09-29,625.5581,simulation
1988-09-30,628.7777,simulation
