time,discharge,phase
1948-10-01,0.0,spinup1
1948-10-02,2.0908163e-14,spinup1
1948-10-03,4.473978e-14,spinup1
1948-10-04,7.1673644e-14,spinup1
1948-10-05,1.0119372e-13,spinup1
1948-10-06,1.3666734e-13,spinup1
1948-10-07,1.7590715e-13,spinup1
1948-10-08,2.5481838e-13,spinup1
1948-10-09,3.0142528e-13,spinup1
1948-10-10,3.5516368e-13,spinup1
1948-10-11,1.0551103e-12,spinup1
1948-10-12,4.7044283e-12,spinup1
1948-10-13,4.939978e-12,spinup1
1948-10-14,5.1924016e-12,spinup1
1948-10-15,5.6697e-12,spinup1
1948-10-16,6.112829e-12,spinup1
1948-10-17,6.5698913e-12,spinup1
1948-10-18,9.2002335e-12,spinup1
1948-10-19,9.756779e-12,spinup1
1948-10-20,1.04028565e-11,spinup1
1948-10-21,1.12712175e-11,spinup1
1948-10-22,1.2064594e-11,spinup1
1948-10-23,1.3057018e-11,spinup1
1948-10-24,1.3972666e-11,spinup1
1948-10-25,1.5646418e-11,spinup1
1948-10-26,1.7024309e-11,spinup1
1948-10-27,1.8506252e-11,spinup1
1948-10-28,1.9874683e-11,spinup1
1948-10-29,2.1000018e-11,spinup1
1948-10-30,2.2140163e-11,spinup1
1948-10-31,2.3915111e-11,spinup1
1948-11-01,2.811584e-11,spinup1
1948-11-02,4.237022e-11,spinup1
1948-11-03,4.7051914e-11,spinup1
1948-11-04,5.098034e-11,spinup1
1948-11-05,5.4527872e-11,spinup1
1948-11-06,2.102306e-10,spinup1
1948-11-07,2.202497e-10,spinup1
1948-11-08,2.3229224e-10,spinup1
1948-11-09,2.468732e-10,spinup1
1948-11-10,6.8019695e-10,spinup1
1948-11-11,7.115432e-10,spinup1
1948-11-12,7.5482204e-10,spinup1
1948-11-13,8.1274665e-10,spinup1
1948-11-14,8.65656e-10,spinup1
1948-11-15,9.2230407e-10,spinup1
1948-11-16,9.783826e-10,spinup1
1948-11-17,7.06858e-09,spinup1
1948-11-18,7.410851e-09,spinup1
1948-11-19,4.3684125e-08,spinup1
1948-11-20,8.161695e-08,spinup1
1948-11-21,8.129163e-08,spinup1
1948-11-22,2.8953318e-07,spinup1
1948-11-23,3.4614334e-07,spinup1
1948-11-24,5.0877946e-07,spinup1
1948-11-25,5.1756234e-07,spinup1
1948-11-26,5.1926474e-07,spinup1
1948-11-27,1.4160329e-05,spinup1
1948-11-28,2.8717326e-05,spinup1
1948-11-29,0.00016486766,spinup1
1948-11-30,0.0001649004,spinup1
1948-12-01,0.00016401777,spinup1
1948-12-02,0.00016191343,spinup1
1948-12-03,0.00016839568,spinup1
1948-12-04,0.00017275124,spinup1
1948-12-05,0.00017462102,spinup1
1948-12-06,0.0002481367,spinup1
1948-12-07,0.00024478874,spinup1
1948-12-08,0.00034896933,spinup1
1948-12-09,0.00034394782,spinup1
1948-12-10,0.00033442597,spinup1
1948-12-11,0.0003292137,spinup1
1948-12-12,0.00032566735,spinup1
1948-12-13,0.00032931144,spinup1
1948-12-14,0.00033467272,spinup1
1948-12-15,0.00035702213,spinup1
1948-12-16,0.00036536087,spinup1
1948-12-17,0.00090163376,spinup1
1948-12-18,0.00092615053,spinup1
1948-12-19,0.0014068697,spinup1
1948-12-20,0.0014585436,spinup1
1948-12-21,0.0014350477,spinup1
1948-12-22,0.0014330121,spinup1
1948-12-23,0.0014351915,spinup1
1948-12-24,0.0014318274,spinup1
1948-12-25,0.0015887938,spinup1
1948-12-26,0.0032728922,spinup1
1948-12-27,0.0032831375,spinup1
1948-12-28,0.0032806979,spinup1
1948-12-29,0.0038057456,spinup1
1948-12-30,0.00843686,spinup1
1948-12-31,0.008338589,spinup1
1949-01-01,0.008213776,spinup1
1949-01-02,0.008137704,spinup1
1949-01-03,0.008091485,spinup1
1949-01-04,0.011002691,spinup1
1949-01-05,0.101600915,spinup1
1949-01-06,0.18128625,spinup1
1949-01-07,0.17533939,spinup1
1949-01-08,0.17124084,spinup1
1949-01-09,0.16539806,spinup1
1949-01-10,0.15591675,spinup1
1949-01-11,0.14485097,spinup1
1949-01-12,0.13913925,spinup1
1949-01-13,0.13659249,spinup1
1949-01-14,0.13513331,spinup1
1949-01-15,0.13268319,spinup1
1949-01-16,0.12503946,spinup1
1949-01-17,0.13913408,spinup1
1949-01-18,0.2648657,spinup1
1949-01-19,0.50852174,spinup1
1949-01-20,0.49069008,spinup1
1949-01-21,0.5359447,spinup1
1949-01-22,1.7205223,spinup1
1949-01-23,2.4804997,spinup1
1949-01-24,2.2223577,spinup1
1949-01-25,2.2171304,spinup1
1949-01-26,2.230033,spinup1
1949-01-27,2.9624448,spinup1
1949-01-28,2.7528763,spinup1
1949-01-29,2.3975341,spinup1
1949-01-30,2.1470404,spinup1
1949-01-31,5.4817896,spinup1
1949-02-01,4.5901446,spinup1
1949-02-02,3.918344,spinup1
1949-02-03,3.2585118,spinup1
1949-02-04,3.8189342,spinup1
1949-02-05,3.8359604,spinup1
1949-02-06,3.3400788,spinup1
1949-02-07,3.076509,spinup1
1949-02-08,2.70006,spinup1
1949-02-09,5.398175,spinup1
1949-02-10,9.489764,spinup1
1949-02-11,6.654738,spinup1
1949-02-12,5.029457,spinup1
1949-02-13,3.8918931,spinup1
1949-02-14,3.3113582,spinup1
1949-02-15,2.8578653,spinup1
1949-02-16,11.709987,spinup1
1949-02-17,13.318624,spinup1
1949-02-18,9.181466,spinup1
1949-02-19,10.163108,spinup1
1949-02-20,7.9895244,spinup1
1949-02-21,6.1170793,spinup1
1949-02-22,5.093244,spinup1
1949-02-23,4.2053895,spinup1
1949-02-24,3.571876,spinup1
1949-02-25,3.8532145,spinup1
1949-02-26,3.1036339,spinup1
1949-02-27,3.702117,spinup1
1949-02-28,3.2736542,spinup1
1949-03-01,2.6184456,spinup1
1949-03-02,2.195154,spinup1
1949-03-03,1.8838356,spinup1
1949-03-04,1.5995781,spinup1
1949-03-05,1.3504711,spinup1
1949-03-06,1.2295243,spinup1
1949-03-07,1.3835126,spinup1
1949-03-08,1.1961544,spinup1
1949-03-09,1.0359409,spinup1
1949-03-10,1.8719462,spinup1
1949-03-11,1.571262,spinup1
1949-03-12,1.3364091,spinup1
1949-03-13,1.1934636,spinup1
1949-03-14,2.0293968,spinup1
1949-03-15,3.2044842,spinup1
1949-03-16,2.6011758,spinup1
1949-03-17,2.265436,spinup1
1949-03-18,1.9946157,spinup1
1949-03-19,2.3361797,spinup1
1949-03-20,1.9948382,spinup1
1949-03-21,1.6206359,spinup1
1949-03-22,10.306114,spinup1
1949-03-23,7.0624228,spinup1
1949-03-24,5.348668,spinup1
1949-03-25,4.355617,spinup1
1949-03-26,4.270808,spinup1
1949-03-27,3.5037167,spinup1
1949-03-28,10.37938,spinup1
1949-03-29,10.201587,spinup1
1949-03-30,9.333764,spinup1
1949-03-31,31.83625,spinup1
1949-04-01,25.478521,spinup1
1949-04-02,16.484274,spinup1
1949-04-03,11.152867,spinup1
1949-04-04,7.9939146,spinup1
1949-04-05,6.433334,spinup1
1949-04-06,5.089979,spinup1
1949-04-07,3.8505473,spinup1
1949-04-08,2.798892,spinup1
1949-04-09,2.336135,spinup1
1949-04-10,2.0555828,spinup1
1949-04-11,3.8550224,spinup1
1949-04-12,4.154896,spinup1
1949-04-13,4.93161,spinup1
1949-04-14,3.6833408,spinup1
1949-04-15,2.7341006,spinup1
1949-04-16,2.1729462,spinup1
1949-04-17,1.6781654,spinup1
1949-04-18,1.3049983,spinup1
1949-04-19,1.0030766,spinup1
1949-04-20,0.84657896,spinup1
1949-04-21,0.96244615,spinup1
1949-04-22,1.1797298,spinup1
1949-04-23,1.7195795,spinup1
1949-04-24,1.5436231,spinup1
1949-04-25,1.2918535,spinup1
1949-04-26,1.0091858,spinup1
1949-04-27,0.9177594,spinup1
1949-04-28,1.5484275,spinup1
1949-04-29,1.7326342,spinup1
1949-04-30,2.3540795,spinup1
1949-05-01,3.9367502,spinup1
1949-05-02,16.041199,spinup1
1949-05-03,12.249159,spinup1
1949-05-04,7.5948596,spinup1
1949-05-05,5.0532117,spinup1
1949-05-06,3.5268068,spinup1
1949-05-07,2.4823744,spinup1
1949-05-08,1.8601784,spinup1
1949-05-09,1.3946626,spinup1
1949-05-10,1.4169523,spinup1
1949-05-11,1.1828811,spinup1
1949-05-12,0.91188836,spinup1
1949-05-13,0.7377743,spinup1
1949-05-14,0.572174,spinup1
1949-05-15,0.45210794,spinup1
1949-05-16,0.3539401,spinup1
1949-05-17,0.27526262,spinup1
1949-05-18,0.2207265,spinup1
1949-05-19,0.17833407,spinup1
1949-05-20,0.140171,spinup1
1949-05-21,0.122987986,spinup1
1949-05-22,0.109185174,spinup1
1949-05-23,0.09266154,spinup1
1949-05-24,0.08301025,spinup1
1949-05-25,0.074457526,spinup1
1949-05-26,0.059162997,spinup1
1949-05-27,0.055666517,spinup1
1949-05-28,0.050386626,spinup1
1949-05-29,0.12138141,spinup1
1949-05-30,0.29589745,spinup1
1949-05-31,0.46919125,spinup1
1949-06-01,0.43868288,spinup1
1949-06-02,0.68323684,spinup1
1949-06-03,0.51734805,spinup1
1949-06-04,0.38772407,spinup1
1949-06-05,0.29939836,spinup1
1949-06-06,0.22784282,spinup1
1949-06-07,0.1725175,spinup1
1949-06-08,0.13923734,spinup1
1949-06-09,0.25509533,spinup1
1949-06-10,0.24206434,spinup1
1949-06-11,0.3808391,spinup1
1949-06-12,0.52022135,spinup1
1949-06-13,1.3853683,spinup1
1949-06-14,1.2485607,spinup1
1949-06-15,1.1545367,spinup1
1949-06-16,1.2773612,spinup1
1949-06-17,0.92978203,spinup1
1949-06-18,0.693549,spinup1
1949-06-19,0.5758097,spinup1
1949-06-20,0.52469134,spinup1
1949-06-21,0.62197393,spinup1
1949-06-22,0.5616023,spinup1
1949-06-23,1.1080403,spinup1
1949-06-24,1.1869313,spinup1
1949-06-25,1.5518421,spinup1
1949-06-26,1.2490221,spinup1
1949-06-27,0.98675025,spinup1
1949-06-28,0.81866336,spinup1
1949-06-29,0.6543208,spinup1
1949-06-30,0.5268,spinup1
1949-07-01,0.70262253,spinup1
1949-07-02,0.5907593,spinup1
1949-07-03,0.596695,spinup1
1949-07-04,0.80860686,spinup1
1949-07-05,0.67172056,spinup1
1949-07-06,0.5636762,spinup1
1949-07-07,0.44733945,spinup1
1949-07-08,0.38115022,spinup1
1949-07-09,0.31444353,spinup1
1949-07-10,0.24927865,spinup1
1949-07-11,0.31477284,spinup1
1949-07-12,0.3125654,spinup1
1949-07-13,0.7752416,spinup1
1949-07-14,0.752251,spinup1
1949-07-15,0.67135686,spinup1
1949-07-16,1.1535351,spinup1
1949-07-17,3.471287,spinup1
1949-07-18,3.4003227,spinup1
1949-07-19,2.6832788,spinup1
1949-07-20,2.0906694,spinup1
1949-07-21,1.6212121,spinup1
1949-07-22,1.6480002,spinup1
1949-07-23,1.5322331,spinup1
1949-07-24,4.0794415,spinup1
1949-07-25,13.840984,spinup1
1949-07-26,10.172605,spinup1
1949-07-27,6.502091,spinup1
1949-07-28,6.0289087,spinup1
1949-07-29,4.2986774,spinup1
1949-07-30,3.0968614,spinup1
1949-07-31,4.942821,spinup1
1949-08-01,5.313108,spinup1
1949-08-02,5.787,spinup1
1949-08-03,4.3075314,spinup1
1949-08-04,3.2879372,spinup1
1949-08-05,2.6672962,spinup1
1949-08-06,2.1707065,spinup1
1949-08-07,1.76362,spinup1
1949-08-08,1.912786,spinup1
1949-08-09,1.5506632,spinup1
1949-08-10,1.290319,spinup1
1949-08-11,0.9946436,spinup1
1949-08-12,0.77677727,spinup1
1949-08-13,1.0328525,spinup1
1949-08-14,1.0816635,spinup1
1949-08-15,0.8958198,spinup1
1949-08-16,1.091549,spinup1
1949-08-17,1.0827855,spinup1
1949-08-18,0.97662896,spinup1
1949-08-19,1.0952361,spinup1
1949-08-20,1.198959,spinup1
1949-08-21,0.9277859,spinup1
1949-08-22,0.8122944,spinup1
1949-08-23,0.72520757,spinup1
1949-08-24,0.6570182,spinup1
1949-08-25,0.61078256,spinup1
1949-08-26,0.5070349,spinup1
1949-08-27,0.44882768,spinup1
1949-08-28,0.37646848,spinup1
1949-08-29,0.29919553,spinup1
1949-08-30,0.4143751,spinup1
1949-08-31,0.44261268,spinup1
1949-09-01,0.38113382,spinup1
1949-09-02,0.31942117,spinup1
1949-09-03,0.24973212,spinup1
1949-09-04,0.25419086,spinup1
1949-09-05,2.9734051,spinup1
1949-09-06,2.575218,spinup1
1949-09-07,2.2490504,spinup1
1949-09-08,1.7493032,spinup1
1949-09-09,1.8310246,spinup1
1949-09-10,1.5038011,spinup1
1949-09-11,1.2018634,spinup1
1949-09-12,1.0521454,spinup1
1949-09-13,0.99775636,spinup1
1949-09-14,1.5043384,spinup1
1949-09-15,1.307504,spinup1
1949-09-16,1.1341186,spinup1
1949-09-17,0.99433494,spinup1
1949-09-18,0.9283543,spinup1
1949-09-19,1.1827476,spinup1
1949-09-20,1.155182,spinup1
1949-09-21,0.9299463,spinup1
1949-09-22,0.99191105,spinup1
1949-09-23,0.9281361,spinup1
1949-09-24,0.76081985,spinup1
1949-09-25,0.6234267,spinup1
1949-09-26,0.52874774,spinup1
1949-09-27,0.43604738,spinup1
1949-09-28,0.4024722,spinup1
1949-09-29,0.3711745,spinup1
1949-09-30,0.30547285,spinup1
1948-10-01,0.25487447,spinup2
1948-10-02,0.2138291,spinup2
1948-10-03,0.18169834,spinup2
1948-10-04,0.15451224,spinup2
1948-10-05,0.12935698,spinup2
1948-10-06,0.116360135,spinup2
1948-10-07,0.10216453,spinup2
1948-10-08,0.10386207,spinup2
1948-10-09,0.08744889,spinup2
1948-10-10,0.07488856,spinup2
1948-10-11,0.112308964,spinup2
1948-10-12,0.26934057,spinup2
1948-10-13,0.22797659,spinup2
1948-10-14,0.19368657,spinup2
1948-10-15,0.17436162,spinup2
1948-10-16,0.15352403,spinup2
1948-10-17,0.13494258,spinup2
1948-10-18,0.1560065,spinup2
1948-10-19,0.13601984,spinup2
1948-10-20,0.119694695,spinup2
1948-10-21,0.10885305,spinup2
1948-10-22,0.096828796,spinup2
1948-10-23,0.08836403,spinup2
1948-10-24,0.078952245,spinup2
1948-10-25,0.07770201,spinup2
1948-10-26,0.07421642,spinup2
1948-10-27,0.07088049,spinup2
1948-10-28,0.064402945,spinup2
1948-10-29,0.057080753,spinup2
1948-10-30,0.05053189,spinup2
1948-10-31,0.0473863,spinup2
1948-11-01,0.04925071,spinup2
1948-11-02,0.06379814,spinup2
1948-11-03,0.059661232,spinup2
1948-11-04,0.05875433,spinup2
1948-11-05,0.05450536,spinup2
1948-11-06,0.158278,spinup2
1948-11-07,0.14270622,spinup2
1948-11-08,0.13065547,spinup2
1948-11-09,0.12339428,spinup2
1948-11-10,0.2785315,spinup2
1948-11-11,0.25316632,spinup2
1948-11-12,0.24202766,spinup2
1948-11-13,0.23583007,spinup2
1948-11-14,0.22917904,spinup2
1948-11-15,0.22355054,spinup2
1948-11-16,0.21514015,spinup2
1948-11-17,1.1813115,spinup2
1948-11-18,1.0880464,spinup2
1948-11-19,4.524416,spinup2
1948-11-20,5.8867226,spinup2
1948-11-21,4.464212,spinup2
1948-11-22,9.599533,spinup2
1948-11-23,7.998061,spinup2
1948-11-24,8.051107,spinup2
1948-11-25,5.998386,spinup2
1948-11-26,4.607859,spinup2
1948-11-27,25.716341,spinup2
1948-11-28,23.3154,spinup2
1948-11-29,28.550694,spinup2
1948-11-30,20.419844,spinup2
1948-12-01,13.41431,spinup2
1948-12-02,9.133964,spinup2
1948-12-03,7.0169516,spinup2
1948-12-04,5.5148344,spinup2
1948-12-05,4.507463,spinup2
1948-12-06,5.0534844,spinup2
1948-12-07,4.0577455,spinup2
1948-12-08,4.683158,spinup2
1948-12-09,3.802725,spinup2
1948-12-10,3.1141837,spinup2
1948-12-11,2.642604,spinup2
1948-12-12,2.2908971,spinup2
1948-12-13,2.0694482,spinup2
1948-12-14,1.9052919,spinup2
1948-12-15,1.8365891,spinup2
1948-12-16,1.700204,spinup2
1948-12-17,3.5479834,spinup2
1948-12-18,3.146691,spinup2
1948-12-19,3.995711,spinup2
1948-12-20,3.5136337,spinup2
1948-12-21,2.9714339,spinup2
1948-12-22,2.602809,spinup2
1948-12-23,2.3156488,spinup2
1948-12-24,2.069773,spinup2
1948-12-25,2.0626996,spinup2
1948-12-26,3.5943408,spinup2
1948-12-27,3.1178045,spinup2
1948-12-28,2.732029,spinup2
1948-12-29,2.7744362,spinup2
1948-12-30,4.9529576,spinup2
1948-12-31,4.079271,spinup2
1949-01-01,3.4305348,spinup2
1949-01-02,2.9607334,spinup2
1949-01-03,2.6037378,spinup2
1949-01-04,3.0789268,spinup2
1949-01-05,14.830452,spinup2
1949-01-06,14.883528,spinup2
1949-01-07,10.15786,spinup2
1949-01-08,7.480045,spinup2
1949-01-09,5.758695,spinup2
1949-01-10,4.511484,spinup2
1949-01-11,3.6132236,spinup2
1949-01-12,3.0569572,spinup2
1949-01-13,2.6895614,spinup2
1949-01-14,2.4171064,spinup2
1949-01-15,2.1710281,spinup2
1949-01-16,1.8832071,spinup2
1949-01-17,1.932415,spinup2
1949-01-18,3.262399,spinup2
1949-01-19,5.1947694,spinup2
1949-01-20,4.297786,spinup2
1949-01-21,4.0678997,spinup2
1949-01-22,9.52677,spinup2
1949-01-23,10.155971,spinup2
1949-01-24,7.493755,spinup2
1949-01-25,6.3655157,spinup2
1949-01-26,5.61583,spinup2
1949-01-27,6.4922514,spinup2
1949-01-28,5.4370723,spinup2
1949-01-29,4.3793416,spinup2
1949-01-30,3.6889675,spinup2
1949-01-31,8.360823,spinup2
1949-02-01,6.5270357,spinup2
1949-02-02,5.29101,spinup2
1949-02-03,4.2350273,spinup2
1949-02-04,4.7797647,spinup2
1949-02-05,4.6512637,spinup2
1949-02-06,3.9547532,spinup2
1949-02-07,3.5727444,spinup2
1949-02-08,3.0876992,spinup2
1949-02-09,6.0204663,spinup2
1949-02-10,10.24084,spinup2
1949-02-11,7.088217,spinup2
1949-02-12,5.3045664,spinup2
1949-02-13,4.076274,spinup2
1949-02-14,3.449388,spinup2
1949-02-15,2.9643629,spinup2
1949-02-16,11.985306,spinup2
1949-02-17,13.524274,spinup2
1949-02-18,9.299028,spinup2
1949-02-19,10.256178,spinup2
1949-02-20,8.047829,spinup2
1949-02-21,6.1538577,spinup2
1949-02-22,5.118958,spinup2
1949-02-23,4.223659,spinup2
1949-02-24,3.585462,spinup2
1949-02-25,3.8659275,spinup2
1949-02-26,3.1127687,spinup2
1949-02-27,3.7116115,spinup2
1949-02-28,3.2810912,spinup2
1949-03-01,2.6238363,spinup2
1949-03-02,2.1993108,spinup2
1949-03-03,1.8871509,spinup2
1949-03-04,1.6022204,spinup2
1949-03-05,1.3525834,spinup2
1949-03-06,1.2313546,spinup2
1949-03-07,1.3854575,spinup2
1949-03-08,1.1977593,spinup2
1949-03-09,1.0372766,spinup2
1949-03-10,1.8741935,spinup2
1949-03-11,1.5730368,spinup2
1949-03-12,1.3378357,spinup2
1949-03-13,1.1946764,spinup2
1949-03-14,2.0313082,spinup2
1949-03-15,3.207172,spinup2
1949-03-16,2.6031487,spinup2
1949-03-17,2.267011,spinup2
1949-03-18,1.9958978,spinup2
1949-03-19,2.337556,spinup2
1949-03-20,1.995928,spinup2
1949-03-21,1.6214643,spinup2
1949-03-22,10.309688,spinup2
1949-03-23,7.0644493,spinup2
1949-03-24,5.349951,spinup2
1949-03-25,4.3565,spinup2
1949-03-26,4.271559,spinup2
1949-03-27,3.504256,spinup2
1949-03-28,10.380449,spinup2
1949-03-29,10.2023325,spinup2
1949-03-30,9.334271,spinup2
1949-03-31,31.836477,spinup2
1949-04-01,25.478895,spinup2
1949-04-02,16.48459,spinup2
1949-04-03,11.153057,spinup2
1949-04-04,7.99404,spinup2
1949-04-05,6.4334207,spinup2
1949-04-06,5.09003,spinup2
1949-04-07,3.8505793,spinup2
1949-04-08,2.7989085,spinup2
1949-04-09,2.3361506,spinup2
1949-04-10,2.055596,spinup2
1949-04-11,3.8550396,spinup2
1949-04-12,4.154912,spinup2
1949-04-13,4.931618,spinup2
1949-04-14,3.683347,spinup2
1949-04-15,2.7341053,spinup2
1949-04-16,2.1729503,spinup2
1949-04-17,1.6781694,spinup2
1949-04-18,1.3050014,spinup2
1949-04-19,1.0030795,spinup2
1949-04-20,0.84658146,spinup2
1949-04-21,0.96244615,spinup2
1949-04-22,1.1797298,spinup2
1949-04-23,1.7195795,spinup2
1949-04-24,1.5436231,spinup2
1949-04-25,1.2918535,spinup2
1949-04-26,1.0091858,spinup2
1949-04-27,0.9177594,spinup2
1949-04-28,1.5484275,spinup2
1949-04-29,1.7326342,spinup2
1949-04-30,2.3540795,spinup2
1949-05-01,3.9367502,spinup2
1949-05-02,16.041199,spinup2
1949-05-03,12.249159,spinup2
1949-05-04,7.5948596,spinup2
1949-05-05,5.0532117,spinup2
1949-05-06,3.5268068,spinup2
1949-05-07,2.4823744,spinup2
1949-05-08,1.8601784,spinup2
1949-05-09,1.3946626,spinup2
1949-05-10,1.4169523,spinup2
1949-05-11,1.1828811,spinup2
1949-05-12,0.91188836,spinup2
1949-05-13,0.7377743,spinup2
1949-05-14,0.572174,spinup2
1949-05-15,0.45210794,spinup2
1949-05-16,0.3539401,spinup2
1949-05-17,0.27526262,spinup2
1949-05-18,0.2207265,spinup2
1949-05-19,0.17833407,spinup2
1949-05-20,0.140171,spinup2
1949-05-21,0.122987986,spinup2
1949-05-22,0.109185174,spinup2
1949-05-23,0.09266154,spinup2
1949-05-24,0.08301025,spinup2
1949-05-25,0.074457526,spinup2
1949-05-26,0.059162997,spinup2
1949-05-27,0.055666517,spinup2
1949-05-28,0.050386626,spinup2
1949-05-29,0.12138141,spinup2
1949-05-30,0.29589745,spinup2
1949-05-31,0.46919125,spinup2
1949-06-01,0.43868288,spinup2
1949-06-02,0.68323684,spinup2
1949-06-03,0.51734805,spinup2
1949-06-04,0.38772407,spinup2
1949-06-05,0.29939836,spinup2
1949-06-06,0.22784282,spinup2
1949-06-07,0.1725175,spinup2
1949-06-08,0.13923734,spinup2
1949-06-09,0.25509533,spinup2
1949-06-10,0.24206434,spinup2
1949-06-11,0.3808391,spinup2
1949-06-12,0.52022135,spinup2
1949-06-13,1.3853683,spinup2
1949-06-14,1.2485607,spinup2
1949-06-15,1.1545367,spinup2
1949-06-16,1.2773612,spinup2
1949-06-17,0.92978203,spinup2
1949-06-18,0.693549,spinup2
1949-06-19,0.5758097,spinup2
1949-06-20,0.52469134,spinup2
1949-06-21,0.62197393,spinup2
1949-06-22,0.5616023,spinup2
1949-06-23,1.1080403,spinup2
1949-06-24,1.1869313,spinup2
1949-06-25,1.5518421,spinup2
1949-06-26,1.2490221,spinup2
1949-06-27,0.98675025,spinup2
1949-06-28,0.81866336,spinup2
1949-06-29,0.6543208,spinup2
1949-06-30,0.5268,spinup2
1949-07-01,0.70262253,spinup2
1949-07-02,0.5907593,spinup2
1949-07-03,0.596695,spinup2
1949-07-04,0.80860686,spinup2
1949-07-05,0.67172056,spinup2
1949-07-06,0.5636762,spinup2
1949-07-07,0.44733945,spinup2
1949-07-08,0.38115022,spinup2
1949-07-09,0.31444353,spinup2
1949-07-10,0.24927865,spinup2
1949-07-11,0.31477284,spinup2
1949-07-12,0.3125654,spinup2
1949-07-13,0.7752416,spinup2
1949-07-14,0.752251,spinup2
1949-07-15,0.67135686,spinup2
1949-07-16,1.1535351,spinup2
1949-07-17,3.471287,spinup2
1949-07-18,3.4003227,spinup2
1949-07-19,2.6832788,spinup2
1949-07-20,2.0906694,spinup2
1949-07-21,1.6212121,spinup2
1949-07-22,1.6480002,spinup2
1949-07-23,1.5322331,spinup2
1949-07-24,4.0794415,spinup2
1949-07-25,13.840984,spinup2
1949-07-26,10.172605,spinup2
1949-07-27,6.502091,spinup2
1949-07-28,6.0289087,spinup2
1949-07-29,4.2986774,spinup2
1949-07-30,3.0968614,spinup2
1949-07-31,4.942821,spinup2
1949-08-01,5.313108,spinup2
1949-08-02,5.787,spinup2
1949-08-03,4.3075314,spinup2
1949-08-04,3.2879372,spinup2
1949-08-05,2.6672962,spinup2
1949-08-06,2.1707065,spinup2
1949-08-07,1.76362,spinup2
1949-08-08,1.912786,spinup2
1949-08-09,1.5506632,spinup2
1949-08-10,1.290319,spinup2
1949-08-11,0.9946436,spinup2
1949-08-12,0.77677727,spinup2
1949-08-13,1.0328525,spinup2
1949-08-14,1.0816635,spinup2
1949-08-15,0.8958198,spinup2
1949-08-16,1.091549,spinup2
1949-08-17,1.0827855,spinup2
1949-08-18,0.97662896,spinup2
1949-08-19,1.0952361,spinup2
1949-08-20,1.198959,spinup2
1949-08-21,0.9277859,spinup2
1949-08-22,0.8122944,spinup2
1949-08-23,0.72520757,spinup2
1949-08-24,0.6570182,spinup2
1949-08-25,0.61078256,spinup2
1949-08-26,0.5070349,spinup2
1949-08-27,0.44882768,spinup2
1949-08-28,0.37646848,spinup2
1949-08-29,0.29919553,spinup2
1949-08-30,0.4143751,spinup2
1949-08-31,0.44261268,spinup2
1949-09-01,0.38113382,spinup2
1949-09-02,0.31942117,spinup2
1949-09-03,0.24973212,spinup2
1949-09-04,0.25419086,spinup2
1949-09-05,2.9734051,spinup2
1949-09-06,2.575218,spinup2
1949-09-07,2.2490504,spinup2
1949-09-08,1.7493032,spinup2
1949-09-09,1.8310246,spinup2
1949-09-10,1.5038011,spinup2
1949-09-11,1.2018634,spinup2
1949-09-12,1.0521454,spinup2
1949-09-13,0.99775636,spinup2
1949-09-14,1.5043384,spinup2
1949-09-15,1.307504,spinup2
1949-09-16,1.1341186,spinup2
1949-09-17,0.99433494,spinup2
1949-09-18,0.9283543,spinup2
1949-09-19,1.1827476,spinup2
1949-09-20,1.155182,spinup2
1949-09-21,0.9299463,spinup2
1949-09-22,0.99191105,spinup2
1949-09-23,0.9281361,spinup2
1949-09-24,0.76081985,spinup2
1949-09-25,0.6234267,spinup2
1949-09-26,0.52874774,spinup2
1949-09-27,0.43604738,spinup2
1949-09-28,0.4024722,spinup2
1949-09-29,0.3711745,spinup2
1949-09-30,0.30547285,spinup2
1948-10-01,0.25487447,spinup3
1948-10-02,0.2138291,spinup3
1948-10-03,0.18169834,spinup3
1948-10-04,0.15451224,spinup3
1948-10-05,0.12935698,spinup3
1948-10-06,0.116360135,spinup3
1948-10-07,0.10216453,spinup3
1948-10-08,0.10386207,spinup3
1948-10-09,0.08744889,spinup3
1948-10-10,0.07488856,spinup3
1948-10-11,0.112308964,spinup3
1948-10-12,0.26934057,spinup3
1948-10-13,0.22797659,spinup3
1948-10-14,0.19368657,spinup3
1948-10-15,0.17436162,spinup3
1948-10-16,0.15352403,spinup3
1948-10-17,0.13494258,spinup3
1948-10-18,0.1560065,spinup3
1948-10-19,0.13601984,spinup3
1948-10-20,0.119694695,spinup3
1948-10-21,0.10885305,spinup3
1948-10-22,0.096828796,spinup3
1948-10-23,0.08836403,spinup3
1948-10-24,0.078952245,spinup3
1948-10-25,0.07770201,spinup3
1948-10-26,0.07421642,spinup3
1948-10-27,0.07088049,spinup3
1948-10-28,0.064402945,spinup3
1948-10-29,0.057080753,spinup3
1948-10-30,0.05053189,spinup3
1948-10-31,0.0473863,spinup3
1948-11-01,0.04925071,spinup3
1948-11-02,0.06379814,spinup3
1948-11-03,0.059661232,spinup3
1948-11-04,0.05875433,spinup3
1948-11-05,0.05450536,spinup3
1948-11-06,0.158278,spinup3
1948-11-07,0.14270622,spinup3
1948-11-08,0.13065547,spinup3
1948-11-09,0.12339428,spinup3
1948-11-10,0.2785315,spinup3
1948-11-11,0.25316632,spinup3
1948-11-12,0.24202766,spinup3
1948-11-13,0.23583007,spinup3
1948-11-14,0.22917904,spinup3
1948-11-15,0.22355054,spinup3
1948-11-16,0.21514015,spinup3
1948-11-17,1.1813115,spinup3
1948-11-18,1.0880464,spinup3
1948-11-19,4.524416,spinup3
1948-11-20,5.8867226,spinup3
1948-11-21,4.464212,spinup3
1948-11-22,9.599533,spinup3
1948-11-23,7.998061,spinup3
1948-11-24,8.051107,spinup3
1948-11-25,5.998386,spinup3
1948-11-26,4.607859,spinup3
1948-11-27,25.716341,spinup3
1948-11-28,23.3154,spinup3
1948-11-29,28.550694,spinup3
1948-11-30,20.419844,spinup3
1948-12-01,13.41431,spinup3
1948-12-02,9.133964,spinup3
1948-12-03,7.0169516,spinup3
1948-12-04,5.5148344,spinup3
1948-12-05,4.507463,spinup3
1948-12-06,5.0534844,spinup3
1948-12-07,4.0577455,spinup3
1948-12-08,4.683158,spinup3
1948-12-09,3.802725,spinup3
1948-12-10,3.1141837,spinup3
1948-12-11,2.642604,spinup3
1948-12-12,2.2908971,spinup3
1948-12-13,2.0694482,spinup3
1948-12-14,1.9052919,spinup3
1948-12-15,1.8365891,spinup3
1948-12-16,1.700204,spinup3
1948-12-17,3.5479834,spinup3
1948-12-18,3.146691,spinup3
1948-12-19,3.995711,spinup3
1948-12-20,3.5136337,spinup3
1948-12-21,2.9714339,spinup3
1948-12-22,2.602809,spinup3
1948-12-23,2.3156488,spinup3
1948-12-24,2.069773,spinup3
1948-12-25,2.0626996,spinup3
1948-12-26,3.5943408,spinup3
1948-12-27,3.1178045,spinup3
1948-12-28,2.732029,spinup3
1948-12-29,2.7744362,spinup3
1948-12-30,4.9529576,spinup3
1948-12-31,4.079271,spinup3
1949-01-01,3.4305348,spinup3
1949-01-02,2.9607334,spinup3
1949-01-03,2.6037378,spinup3
1949-01-04,3.0789268,spinup3
1949-01-05,14.830452,spinup3
1949-01-06,14.883528,spinup3
1949-01-07,10.15786,spinup3
1949-01-08,7.480045,spinup3
1949-01-09,5.758695,spinup3
1949-01-10,4.511484,spinup3
1949-01-11,3.6132236,spinup3
1949-01-12,3.0569572,spinup3
1949-01-13,2.6895614,spinup3
1949-01-14,2.4171064,spinup3
1949-01-15,2.1710281,spinup3
1949-01-16,1.8832071,spinup3
1949-01-17,1.932415,spinup3
1949-01-18,3.262399,spinup3
1949-01-19,5.1947694,spinup3
1949-01-20,4.297786,spinup3
1949-01-21,4.0678997,spinup3
1949-01-22,9.52677,spinup3
1949-01-23,10.155971,spinup3
1949-01-24,7.493755,spinup3
1949-01-25,6.3655157,spinup3
1949-01-26,5.61583,spinup3
1949-01-27,6.4922514,spinup3
1949-01-28,5.4370723,spinup3
1949-01-29,4.3793416,spinup3
1949-01-30,3.6889675,spinup3
1949-01-31,8.360823,spinup3
1949-02-01,6.5270357,spinup3
1949-02-02,5.29101,spinup3
1949-02-03,4.2350273,spinup3
1949-02-04,4.7797647,spinup3
1949-02-05,4.6512637,spinup3
1949-02-06,3.9547532,spinup3
1949-02-07,3.5727444,spinup3
1949-02-08,3.0876992,spinup3
1949-02-09,6.0204663,spinup3
1949-02-10,10.24084,spinup3
1949-02-11,7.088217,spinup3
1949-02-12,5.3045664,spinup3
1949-02-13,4.076274,spinup3
1949-02-14,3.449388,spinup3
1949-02-15,2.9643629,spinup3
1949-02-16,11.985306,spinup3
1949-02-17,13.524274,spinup3
1949-02-18,9.299028,spinup3
1949-02-19,10.256178,spinup3
1949-02-20,8.047829,spinup3
1949-02-21,6.1538577,spinup3
1949-02-22,5.118958,spinup3
1949-02-23,4.223659,spinup3
1949-02-24,3.585462,spinup3
1949-02-25,3.8659275,spinup3
1949-02-26,3.1127687,spinup3
1949-02-27,3.7116115,spinup3
1949-02-28,3.2810912,spinup3
1949-03-01,2.6238363,spinup3
1949-03-02,2.1993108,spinup3
1949-03-03,1.8871509,spinup3
1949-03-04,1.6022204,spinup3
1949-03-05,1.3525834,spinup3
1949-03-06,1.2313546,spinup3
1949-03-07,1.3854575,spinup3
1949-03-08,1.1977593,spinup3
1949-03-09,1.0372766,spinup3
1949-03-10,1.8741935,spinup3
1949-03-11,1.5730368,spinup3
1949-03-12,1.3378357,spinup3
1949-03-13,1.1946764,spinup3
1949-03-14,2.0313082,spinup3
1949-03-15,3.207172,spinup3
1949-03-16,2.6031487,spinup3
1949-03-17,2.267011,spinup3
1949-03-18,1.9958978,spinup3
1949-03-19,2.337556,spinup3
1949-03-20,1.995928,spinup3
1949-03-21,1.6214643,spinup3
1949-03-22,10.309688,spinup3
1949-03-23,7.0644493,spinup3
1949-03-24,5.349951,spinup3
1949-03-25,4.3565,spinup3
1949-03-26,4.271559,spinup3
1949-03-27,3.504256,spinup3
1949-03-28,10.380449,spinup3
1949-03-29,10.2023325,spinup3
1949-03-30,9.334271,spinup3
1949-03-31,31.836477,spinup3
1949-04-01,25.478895,spinup3
1949-04-02,16.48459,spinup3
1949-04-03,11.153057,spinup3
1949-04-04,7.99404,spinup3
1949-04-05,6.4334207,spinup3
1949-04-06,5.09003,spinup3
1949-04-07,3.8505793,spinup3
1949-04-08,2.7989085,spinup3
1949-04-09,2.3361506,spinup3
1949-04-10,2.055596,spinup3
1949-04-11,3.8550396,spinup3
1949-04-12,4.154912,spinup3
1949-04-13,4.931618,spinup3
1949-04-14,3.683347,spinup3
1949-04-15,2.7341053,spinup3
1949-04-16,2.1729503,spinup3
1949-04-17,1.6781694,spinup3
1949-04-18,1.3050014,spinup3
1949-04-19,1.0030795,spinup3
1949-04-20,0.84658146,spinup3
1949-04-21,0.96244615,spinup3
1949-04-22,1.1797298,spinup3
1949-04-23,1.7195795,spinup3
1949-04-24,1.5436231,spinup3
1949-04-25,1.2918535,spinup3
1949-04-26,1.0091858,spinup3
1949-04-27,0.9177594,spinup3
1949-04-28,1.5484275,spinup3
1949-04-29,1.7326342,spinup3
1949-04-30,2.3540795,spinup3
1949-05-01,3.9367502,spinup3
1949-05-02,16.041199,spinup3
1949-05-03,12.249159,spinup3
1949-05-04,7.5948596,spinup3
1949-05-05,5.0532117,spinup3
1949-05-06,3.5268068,spinup3
1949-05-07,2.4823744,spinup3
1949-05-08,1.8601784,spinup3
1949-05-09,1.3946626,spinup3
1949-05-10,1.4169523,spinup3
1949-05-11,1.1828811,spinup3
1949-05-12,0.91188836,spinup3
1949-05-13,0.7377743,spinup3
1949-05-14,0.572174,spinup3
1949-05-15,0.45210794,spinup3
1949-05-16,0.3539401,spinup3
1949-05-17,0.27526262,spinup3
1949-05-18,0.2207265,spinup3
1949-05-19,0.17833407,spinup3
1949-05-20,0.140171,spinup3
1949-05-21,0.122987986,spinup3
1949-05-22,0.109185174,spinup3
1949-05-23,0.09266154,spinup3
1949-05-24,0.08301025,spinup3
1949-05-25,0.074457526,spinup3
1949-05-26,0.059162997,spinup3
1949-05-27,0.055666517,spinup3
1949-05-28,0.050386626,spinup3
1949-05-29,0.12138141,spinup3
1949-05-30,0.29589745,spinup3
1949-05-31,0.46919125,spinup3
1949-06-01,0.43868288,spinup3
1949-06-02,0.68323684,spinup3
1949-06-03,0.51734805,spinup3
1949-06-04,0.38772407,spinup3
1949-06-05,0.29939836,spinup3
1949-06-06,0.22784282,spinup3
1949-06-07,0.1725175,spinup3
1949-06-08,0.13923734,spinup3
1949-06-09,0.25509533,spinup3
1949-06-10,0.24206434,spinup3
1949-06-11,0.3808391,spinup3
1949-06-12,0.52022135,spinup3
1949-06-13,1.3853683,spinup3
1949-06-14,1.2485607,spinup3
1949-06-15,1.1545367,spinup3
1949-06-16,1.2773612,spinup3
1949-06-17,0.92978203,spinup3
1949-06-18,0.693549,spinup3
1949-06-19,0.5758097,spinup3
1949-06-20,0.52469134,spinup3
1949-06-21,0.62197393,spinup3
1949-06-22,0.5616023,spinup3
1949-06-23,1.1080403,spinup3
1949-06-24,1.1869313,spinup3
1949-06-25,1.5518421,spinup3
1949-06-26,1.2490221,spinup3
1949-06-27,0.98675025,spinup3
1949-06-28,0.81866336,spinup3
1949-06-29,0.6543208,spinup3
1949-06-30,0.5268,spinup3
1949-07-01,0.70262253,spinup3
1949-07-02,0.5907593,spinup3
1949-07-03,0.596695,spinup3
1949-07-04,0.80860686,spinup3
1949-07-05,0.67172056,spinup3
1949-07-06,0.5636762,spinup3
1949-07-07,0.44733945,spinup3
1949-07-08,0.38115022,spinup3
1949-07-09,0.31444353,spinup3
1949-07-10,0.24927865,spinup3
1949-07-11,0.31477284,spinup3
1949-07-12,0.3125654,spinup3
1949-07-13,0.7752416,spinup3
1949-07-14,0.752251,spinup3
1949-07-15,0.67135686,spinup3
1949-07-16,1.1535351,spinup3
1949-07-17,3.471287,spinup3
1949-07-18,3.4003227,spinup3
1949-07-19,2.6832788,spinup3
1949-07-20,2.0906694,spinup3
1949-07-21,1.6212121,spinup3
1949-07-22,1.6480002,spinup3
1949-07-23,1.5322331,spinup3
1949-07-24,4.0794415,spinup3
1949-07-25,13.840984,spinup3
1949-07-26,10.172605,spinup3
1949-07-27,6.502091,spinup3
1949-07-28,6.0289087,spinup3
1949-07-29,4.2986774,spinup3
1949-07-30,3.0968614,spinup3
1949-07-31,4.942821,spinup3
1949-08-01,5.313108,spinup3
1949-08-02,5.787,spinup3
1949-08-03,4.3075314,spinup3
1949-08-04,3.2879372,spinup3
1949-08-05,2.6672962,spinup3
1949-08-06,2.1707065,spinup3
1949-08-07,1.76362,spinup3
1949-08-08,1.912786,spinup3
1949-08-09,1.5506632,spinup3
1949-08-10,1.290319,spinup3
1949-08-11,0.9946436,spinup3
1949-08-12,0.77677727,spinup3
1949-08-13,1.0328525,spinup3
1949-08-14,1.0816635,spinup3
1949-08-15,0.8958198,spinup3
1949-08-16,1.091549,spinup3
1949-08-17,1.0827855,spinup3
1949-08-18,0.97662896,spinup3
1949-08-19,1.0952361,spinup3
1949-08-20,1.198959,spinup3
1949-08-21,0.9277859,spinup3
1949-08-22,0.8122944,spinup3
1949-08-23,0.72520757,spinup3
1949-08-24,0.6570182,spinup3
1949-08-25,0.61078256,spinup3
1949-08-26,0.5070349,spinup3
1949-08-27,0.44882768,spinup3
1949-08-28,0.37646848,spinup3
1949-08-29,0.29919553,spinup3
1949-08-30,0.4143751,spinup3
1949-08-31,0.44261268,spinup3
1949-09-01,0.38113382,spinup3
1949-09-02,0.31942117,spinup3
1949-09-03,0.24973212,spinup3
1949-09-04,0.25419086,spinup3
1949-09-05,2.9734051,spinup3
1949-09-06,2.575218,spinup3
1949-09-07,2.2490504,spinup3
1949-09-08,1.7493032,spinup3
1949-09-09,1.8310246,spinup3
1949-09-10,1.5038011,spinup3
1949-09-11,1.2018634,spinup3
1949-09-12,1.0521454,spinup3
1949-09-13,0.99775636,spinup3
1949-09-14,1.5043384,spinup3
1949-09-15,1.307504,spinup3
1949-09-16,1.1341186,spinup3
1949-09-17,0.99433494,spinup3
1949-09-18,0.9283543,spinup3
1949-09-19,1.1827476,spinup3
1949-09-20,1.155182,spinup3
1949-09-21,0.9299463,spinup3
1949-09-22,0.99191105,spinup3
1949-09-23,0.9281361,spinup3
1949-09-24,0.76081985,spinup3
1949-09-25,0.6234267,spinup3
1949-09-26,0.52874774,spinup3
1949-09-27,0.43604738,spinup3
1949-09-28,0.4024722,spinup3
1949-09-29,0.3711745,spinup3
1949-09-30,0.30547285,spinup3
1948-10-01,0.25487447,simulation
1948-10-02,0.2138291,simulation
1948-10-03,0.18169834,simulation
1948-10-04,0.15451224,simulation
1948-10-05,0.12935698,simulation
1948-10-06,0.116360135,simulation
1948-10-07,0.10216453,simulation
1948-10-08,0.10386207,simulation
1948-10-09,0.08744889,simulation
1948-10-10,0.07488856,simulation
1948-10-11,0.112308964,simulation
1948-10-12,0.26934057,simulation
1948-10-13,0.22797659,simulation
1948-10-14,0.19368657,simulation
1948-10-15,0.17436162,simulation
1948-10-16,0.15352403,simulation
1948-10-17,0.13494258,simulation
1948-10-18,0.1560065,simulation
1948-10-19,0.13601984,simulation
1948-10-20,0.119694695,simulation
1948-10-21,0.10885305,simulation
1948-10-22,0.096828796,simulation
1948-10-23,0.08836403,simulation
1948-10-24,0.078952245,simulation
1948-10-25,0.07770201,simulation
1948-10-26,0.07421642,simulation
1948-10-27,0.07088049,simulation
1948-10-28,0.064402945,simulation
1948-10-29,0.057080753,simulation
1948-10-30,0.05053189,simulation
1948-10-31,0.0473863,simulation
1948-11-01,0.04925071,simulation
1948-11-02,0.06379814,simulation
1948-11-03,0.059661232,simulation
1948-11-04,0.05875433,simulation
1948-11-05,0.05450536,simulation
1948-11-06,0.158278,simulation
1948-11-07,0.14270622,simulation
1948-11-08,0.13065547,simulation
1948-11-09,0.12339428,simulation
1948-11-10,0.2785315,simulation
1948-11-11,0.25316632,simulation
1948-11-12,0.24202766,simulation
1948-11-13,0.23583007,simulation
1948-11-14,0.22917904,simulation
1948-11-15,0.22355054,simulation
1948-11-16,0.21514015,simulation
1948-11-17,1.1813115,simulation
1948-11-18,1.0880464,simulation
1948-11-19,4.524416,simulation
1948-11-20,5.8867226,simulation
1948-11-21,4.464212,simulation
1948-11-22,9.599533,simulation
1948-11-23,7.998061,simulation
1948-11-24,8.051107,simulation
1948-11-25,5.998386,simulation
1948-11-26,4.607859,simulation
1948-11-27,25.716341,simulation
1948-11-28,23.3154,simulation
1948-11-29,28.550694,simulation
1948-11-30,20.419844,simulation
1948-12-01,13.41431,simulation
1948-12-02,9.133964,simulation
1948-12-03,7.0169516,simulation
1948-12-04,5.5148344,simulation
1948-12-05,4.507463,simulation
1948-12-06,5.0534844,simulation
1948-12-07,4.0577455,simulation
1948-12-08,4.683158,simulation
1948-12-09,3.802725,simulation
1948-12-10,3.1141837,simulation
1948-12-11,2.642604,simulation
1948-12-12,2.2908971,simulation
1948-12-13,2.0694482,simulation
1948-12-14,1.9052919,simulation
1948-12-15,1.8365891,simulation
1948-12-16,1.700204,simulation
1948-12-17,3.5479834,simulation
1948-12-18,3.146691,simulation
1948-12-19,3.995711,simulation
1948-12-20,3.5136337,simulation
1948-12-21,2.9714339,simulation
1948-12-22,2.602809,simulation
1948-12-23,2.3156488,simulation
1948-12-24,2.069773,simulation
1948-12-25,2.0626996,simulation
1948-12-26,3.5943408,simulation
1948-12-27,3.1178045,simulation
1948-12-28,2.732029,simulation
1948-12-29,2.7744362,simulation
1948-12-30,4.9529576,simulation
1948-12-31,4.079271,simulation
1949-01-01,3.4305348,simulation
1949-01-02,2.9607334,simulation
1949-01-03,2.6037378,simulation
1949-01-04,3.0789268,simulation
1949-01-05,14.830452,simulation
1949-01-06,14.883528,simulation
1949-01-07,10.15786,simulation
1949-01-08,7.480045,simulation
1949-01-09,5.758695,simulation
1949-01-10,4.511484,simulation
1949-01-11,3.6132236,simulation
1949-01-12,3.0569572,simulation
1949-01-13,2.6895614,simulation
1949-01-14,2.4171064,simulation
1949-01-15,2.1710281,simulation
1949-01-16,1.8832071,simulation
1949-01-17,1.932415,simulation
1949-01-18,3.262399,simulation
1949-01-19,5.1947694,simulation
1949-01-20,4.297786,simulation
1949-01-21,4.0678997,simulation
1949-01-22,9.52677,simulation
1949-01-23,10.155971,simulation
1949-01-24,7.493755,simulation
1949-01-25,6.3655157,simulation
1949-01-26,5.61583,simulation
1949-01-27,6.4922514,simulation
1949-01-28,5.4370723,simulation
1949-01-29,4.3793416,simulation
1949-01-30,3.6889675,simulation
1949-01-31,8.360823,simulation
1949-02-01,6.5270357,simulation
1949-02-02,5.29101,simulation
1949-02-03,4.2350273,simulation
1949-02-04,4.7797647,simulation
1949-02-05,4.6512637,simulation
1949-02-06,3.9547532,simulation
1949-02-07,3.5727444,simulation
1949-02-08,3.0876992,simulation
1949-02-09,6.0204663,simulation
1949-02-10,10.24084,simulation
1949-02-11,7.088217,simulation
1949-02-12,5.3045664,simulation
1949-02-13,4.076274,simulation
1949-02-14,3.449388,simulation
1949-02-15,2.9643629,simulation
1949-02-16,11.985306,simulation
1949-02-17,13.524274,simulation
1949-02-18,9.299028,simulation
1949-02-19,10.256178,simulation
1949-02-20,8.047829,simulation
1949-02-21,6.1538577,simulation
1949-02-22,5.118958,simulation
1949-02-23,4.223659,simulation
1949-02-24,3.585462,simulation
1949-02-25,3.8659275,simulation
1949-02-26,3.1127687,simulation
1949-02-27,3.7116115,simulation
1949-02-28,3.2810912,simulation
1949-03-01,2.6238363,simulation
1949-03-02,2.1993108,simulation
1949-03-03,1.8871509,simulation
1949-03-04,1.6022204,simulation
1949-03-05,1.3525834,simulation
1949-03-06,1.2313546,simulation
1949-03-07,1.3854575,simulation
1949-03-08,1.1977593,simulation
1949-03-09,1.0372766,simulation
1949-03-10,1.8741935,simulation
1949-03-11,1.5730368,simulation
1949-03-12,1.3378357,simulation
1949-03-13,1.1946764,simulation
1949-03-14,2.0313082,simulation
1949-03-15,3.207172,simulation
1949-03-16,2.6031487,simulation
1949-03-17,2.267011,simulation
1949-03-18,1.9958978,simulation
1949-03-19,2.337556,simulation
1949-03-20,1.995928,simulation
1949-03-21,1.6214643,simulation
1949-03-22,10.309688,simulation
1949-03-23,7.0644493,simulation
1949-03-24,5.349951,simulation
1949-03-25,4.3565,simulation
1949-03-26,4.271559,simulation
1949-03-27,3.504256,simulation
1949-03-28,10.380449,simulation
1949-03-29,10.2023325,simulation
1949-03-30,9.334271,simulation
1949-03-31,31.836477,simulation
1949-04-01,25.478895,simulation
1949-04-02,16.48459,simulation
1949-04-03,11.153057,simulation
1949-04-04,7.99404,simulation
1949-04-05,6.4334207,simulation
1949-04-06,5.09003,simulation
1949-04-07,3.8505793,simulation
1949-04-08,2.7989085,simulation
1949-04-09,2.3361506,simulation
1949-04-10,2.055596,simulation
1949-04-11,3.8550396,simulation
1949-04-12,4.154912,simulation
1949-04-13,4.931618,simulation
1949-04-14,3.683347,simulation
1949-04-15,2.7341053,simulation
1949-04-16,2.1729503,simulation
1949-04-17,1.6781694,simulation
1949-04-18,1.3050014,simulation
1949-04-19,1.0030795,simulation
1949-04-20,0.84658146,simulation
1949-04-21,0.96244615,simulation
1949-04-22,1.1797298,simulation
1949-04-23,1.7195795,simulation
1949-04-24,1.5436231,simulation
1949-04-25,1.2918535,simulation
1949-04-26,1.0091858,simulation
1949-04-27,0.9177594,simulation
1949-04-28,1.5484275,simulation
1949-04-29,1.7326342,simulation
1949-04-30,2.3540795,simulation
1949-05-01,3.9367502,simulation
1949-05-02,16.041199,simulation
1949-05-03,12.249159,simulation
1949-05-04,7.5948596,simulation
1949-05-05,5.0532117,simulation
1949-05-06,3.5268068,simulation
1949-05-07,2.4823744,simulation
1949-05-08,1.8601784,simulation
1949-05-09,1.3946626,simulation
1949-05-10,1.4169523,simulation
1949-05-11,1.1828811,simulation
1949-05-12,0.91188836,simulation
1949-05-13,0.7377743,simulation
1949-05-14,0.572174,simulation
1949-05-15,0.45210794,simulation
1949-05-16,0.3539401,simulation
1949-05-17,0.27526262,simulation
1949-05-18,0.2207265,simulation
1949-05-19,0.17833407,simulation
1949-05-20,0.140171,simulation
1949-05-21,0.122987986,simulation
1949-05-22,0.109185174,simulation
1949-05-23,0.09266154,simulation
1949-05-24,0.08301025,simulation
1949-05-25,0.074457526,simulation
1949-05-26,0.059162997,simulation
1949-05-27,0.055666517,simulation
1949-05-28,0.050386626,simulation
1949-05-29,0.12138141,simulation
1949-05-30,0.29589745,simulation
1949-05-31,0.46919125,simulation
1949-06-01,0.43868288,simulation
1949-06-02,0.68323684,simulation
1949-06-03,0.51734805,simulation
1949-06-04,0.38772407,simulation
1949-06-05,0.29939836,simulation
1949-06-06,0.22784282,simulation
1949-06-07,0.1725175,simulation
1949-06-08,0.13923734,simulation
1949-06-09,0.25509533,simulation
1949-06-10,0.24206434,simulation
1949-06-11,0.3808391,simulation
1949-06-12,0.52022135,simulation
1949-06-13,1.3853683,simulation
1949-06-14,1.2485607,simulation
1949-06-15,1.1545367,simulation
1949-06-16,1.2773612,simulation
1949-06-17,0.92978203,simulation
1949-06-18,0.693549,simulation
1949-06-19,0.5758097,simulation
1949-06-20,0.52469134,simulation
1949-06-21,0.62197393,simulation
1949-06-22,0.5616023,simulation
1949-06-23,1.1080403,simulation
1949-06-24,1.1869313,simulation
1949-06-25,1.5518421,simulation
1949-06-26,1.2490221,simulation
1949-06-27,0.98675025,simulation
1949-06-28,0.81866336,simulation
1949-06-29,0.6543208,simulation
1949-06-30,0.5268,simulation
1949-07-01,0.70262253,simulation
1949-07-02,0.5907593,simulation
1949-07-03,0.596695,simulation
1949-07-04,0.80860686,simulation
1949-07-05,0.67172056,simulation
1949-07-06,0.5636762,simulation
1949-07-07,0.44733945,simulation
1949-07-08,0.38115022,simulation
1949-07-09,0.31444353,simulation
1949-07-10,0.24927865,simulation
1949-07-11,0.31477284,simulation
1949-07-12,0.3125654,simulation
1949-07-13,0.7752416,simulation
1949-07-14,0.752251,simulation
1949-07-15,0.67135686,simulation
1949-07-16,1.1535351,simulation
1949-07-17,3.471287,simulation
1949-07-18,3.4003227,simulation
1949-07-19,2.6832788,simulation
1949-07-20,2.0906694,simulation
1949-07-21,1.6212121,simulation
1949-07-22,1.6480002,simulation
1949-07-23,1.5322331,simulation
1949-07-24,4.0794415,simulation
1949-07-25,13.840984,simulation
1949-07-26,10.172605,simulation
1949-07-27,6.502091,simulation
1949-07-28,6.0289087,simulation
1949-07-29,4.2986774,simulation
1949-07-30,3.0968614,simulation
1949-07-31,4.942821,simulation
1949-08-01,5.313108,simulation
1949-08-02,5.787,simulation
1949-08-03,4.3075314,simulation
1949-08-04,3.2879372,simulation
1949-08-05,2.6672962,simulation
1949-08-06,2.1707065,simulation
1949-08-07,1.76362,simulation
1949-08-08,1.912786,simulation
1949-08-09,1.5506632,simulation
1949-08-10,1.290319,simulation
1949-08-11,0.9946436,simulation
1949-08-12,0.77677727,simulation
1949-08-13,1.0328525,simulation
1949-08-14,1.0816635,simulation
1949-08-15,0.8958198,simulation
1949-08-16,1.091549,simulation
1949-08-17,1.0827855,simulation
1949-08-18,0.97662896,simulation
1949-08-19,1.0952361,simulation
1949-08-20,1.198959,simulation
1949-08-21,0.9277859,simulation
1949-08-22,0.8122944,simulation
1949-08-23,0.72520757,simulation
1949-08-24,0.6570182,simulation
1949-08-25,0.61078256,simulation
1949-08-26,0.5070349,simulation
1949-08-27,0.44882768,simulation
1949-08-28,0.37646848,simulation
1949-08-29,0.29919553,simulation
1949-08-30,0.4143751,simulation
1949-08-31,0.44261268,simulation
1949-09-01,0.38113382,simulation
1949-09-02,0.31942117,simulation
1949-09-03,0.24973212,simulation
1949-09-04,0.25419086,simulation
1949-09-05,2.9734051,simulation
1949-09-06,2.575218,simulation
1949-09-07,2.2490504,simulation
1949-09-08,1.7493032,simulation
1949-09-09,1.8310246,simulation
1949-09-10,1.5038011,simulation
1949-09-11,1.2018634,simulation
1949-09-12,1.0521454,simulation
1949-09-13,0.99775636,simulation
1949-09-14,1.5043384,simulation
1949-09-15,1.307504,simulation
1949-09-16,1.1341186,simulation
1949-09-17,0.99433494,simulation
1949-09-18,0.9283543,simulation
1949-09-19,1.1827476,simulation
1949-09-20,1.155182,simulation
1949-09-21,0.9299463,simulation
1949-09-22,0.99191105,simulation
1949-09-23,0.9281361,simulation
1949-09-24,0.76081985,simulation
1949-09-25,0.6234267,simulation
1949-09-26,0.52874774,simulation
1949-09-27,0.43604738,simulation
1949-09-28,0.4024722,simulation
1949-09-29,0.3711745,simulation
1949-09-30,0.30547285,simulation
1949-10-01,0.25487447,simulation
1949-10-02,0.25268817,simulation
1949-10-03,0.28366935,simulation
1949-10-04,0.31534848,simulation
1949-10-05,0.3155562,simulation
1949-10-06,0.3677126,simulation
1949-10-07,0.31783894,simulation
1949-10-08,0.2899873,simulation
1949-10-09,0.2827915,simulation
1949-10-10,0.27221546,simulation
1949-10-11,0.23769468,simulation
1949-10-12,0.20707928,simulation
1949-10-13,0.19104354,simulation
1949-10-14,0.1966967,simulation
1949-10-15,0.19338946,simulation
1949-10-16,0.45392656,simulation
1949-10-17,0.4325795,simulation
1949-10-18,0.40206784,simulation
1949-10-19,0.38464916,simulation
1949-10-20,0.33306977,simulation
1949-10-21,0.29927096,simulation
1949-10-22,0.28170142,simulation
1949-10-23,0.2627655,simulation
1949-10-24,0.23319882,simulation
1949-10-25,0.21323647,simulation
1949-10-26,0.38316244,simulation
1949-10-27,0.34586725,simulation
1949-10-28,0.30610213,simulation
1949-10-29,0.29916131,simulation
1949-10-30,0.30943486,simulation
1949-10-31,0.6443166,simulation
1949-11-01,0.73130053,simulation
1949-11-02,0.64656,simulation
1949-11-03,0.56661946,simulation
1949-11-04,0.50056684,simulation
1949-11-05,0.4486592,simulation
1949-11-06,0.39747956,simulation
1949-11-07,0.35866463,simulation
1949-11-08,0.32413402,simulation
1949-11-09,0.297262,simulation
1949-11-10,0.26715377,simulation
1949-11-11,0.24869981,simulation
1949-11-12,0.22535871,simulation
1949-11-13,0.23955306,simulation
1949-11-14,0.22416852,simulation
1949-11-15,0.2042626,simulation
1949-11-16,0.18462506,simulation
1949-11-17,0.16586018,simulation
1949-11-18,0.15071094,simulation
1949-11-19,0.1400078,simulation
1949-11-20,0.12778103,simulation
1949-11-21,0.11614762,simulation
1949-11-22,0.10306939,simulation
1949-11-23,0.09898083,simulation
1949-11-24,0.09737122,simulation
1949-11-25,0.10170809,simulation
1949-11-26,0.09079696,simulation
1949-11-27,0.08503117,simulation
1949-11-28,0.082324296,simulation
1949-11-29,0.07966969,simulation
1949-11-30,0.07670697,simulation
1949-12-01,0.06848756,simulation
1949-12-02,0.064008996,simulation
1949-12-03,0.063382365,simulation
1949-12-04,0.060550936,simulation
1949-12-05,0.07205407,simulation
1949-12-06,0.06902905,simulation
1949-12-07,0.073666275,simulation
1949-12-08,0.086157195,simulation
1949-12-09,0.082847096,simulation
1949-12-10,0.09703996,simulation
1949-12-11,0.11317128,simulation
1949-12-12,0.11485506,simulation
1949-12-13,0.1495085,simulation
1949-12-14,0.21785288,simulation
1949-12-15,0.34218004,simulation
1949-12-16,0.3307288,simulation
1949-12-17,0.3150249,simulation
1949-12-18,0.70082235,simulation
1949-12-19,0.70149714,simulation
1949-12-20,0.6675748,simulation
1949-12-21,0.6296905,simulation
1949-12-22,0.6533064,simulation
1949-12-23,1.0504307,simulation
1949-12-24,0.9667965,simulation
1949-12-25,0.89288175,simulation
1949-12-26,0.840015,simulation
1949-12-27,0.8357773,simulation
1949-12-28,1.1176318,simulation
1949-12-29,1.0013081,simulation
1949-12-30,0.9177409,simulation
1949-12-31,0.84665686,simulation
1950-01-01,0.8327857,simulation
1950-01-02,0.8866626,simulation
1950-01-03,0.8383803,simulation
1950-01-04,0.7839121,simulation
1950-01-05,1.3068085,simulation
1950-01-06,24.197979,simulation
1950-01-07,32.875843,simulation
1950-01-08,26.382158,simulation
1950-01-09,18.263317,simulation
1950-01-10,12.83325,simulation
1950-01-11,11.548228,simulation
1950-01-12,10.009031,simulation
1950-01-13,7.983401,simulation
1950-01-14,6.843141,simulation
1950-01-15,5.7634654,simulation
1950-01-16,5.202474,simulation
1950-01-17,6.789706,simulation
1950-01-18,5.4464297,simulation
1950-01-19,4.4535766,simulation
1950-01-20,3.8343985,simulation
1950-01-21,3.3382912,simulation
1950-01-22,2.950436,simulation
1950-01-23,2.632741,simulation
1950-01-24,2.332682,simulation
1950-01-25,2.188275,simulation
1950-01-26,2.0729148,simulation
1950-01-27,4.4834814,simulation
1950-01-28,4.189152,simulation
1950-01-29,3.584472,simulation
1950-01-30,3.3079333,simulation
1950-01-31,2.7783952,simulation
1950-02-01,2.470316,simulation
1950-02-02,2.2890594,simulation
1950-02-03,3.6100168,simulation
1950-02-04,3.0726664,simulation
1950-02-05,2.9447742,simulation
1950-02-06,2.445596,simulation
1950-02-07,2.2057312,simulation
1950-02-08,1.9810041,simulation
1950-02-09,1.7851315,simulation
1950-02-10,3.0905359,simulation
1950-02-11,5.581969,simulation
1950-02-12,4.585874,simulation
1950-02-13,4.2658696,simulation
1950-02-14,32.77063,simulation
1950-02-15,28.002972,simulation
1950-02-16,19.408937,simulation
1950-02-17,12.42956,simulation
1950-02-18,8.420291,simulation
1950-02-19,6.0528846,simulation
1950-02-20,4.5981684,simulation
1950-02-21,3.6034725,simulation
1950-02-22,3.154904,simulation
1950-02-23,5.8308587,simulation
1950-02-24,4.4485497,simulation
1950-02-25,3.4934442,simulation
1950-02-26,2.850965,simulation
1950-02-27,2.3647397,simulation
1950-02-28,1.9749341,simulation
1950-03-01,1.7636786,simulation
1950-03-02,2.411444,simulation
1950-03-03,2.09899,simulation
1950-03-04,2.8703153,simulation
1950-03-05,4.1984515,simulation
1950-03-06,3.7475712,simulation
1950-03-07,3.783832,simulation
1950-03-08,3.699092,simulation
1950-03-09,2.8052113,simulation
1950-03-10,2.3195446,simulation
1950-03-11,1.9130728,simulation
1950-03-12,1.6195663,simulation
1950-03-13,1.5590713,simulation
1950-03-14,4.4255524,simulation
1950-03-15,3.420162,simulation
1950-03-16,4.6672025,simulation
1950-03-17,3.8139412,simulation
1950-03-18,3.0078225,simulation
1950-03-19,2.380319,simulation
1950-03-20,3.0439084,simulation
1950-03-21,2.4857368,simulation
1950-03-22,2.426574,simulation
1950-03-23,1.8560396,simulation
1950-03-24,1.5405898,simulation
1950-03-25,1.3455082,simulation
1950-03-26,1.1773044,simulation
1950-03-27,1.0450188,simulation
1950-03-28,2.4778285,simulation
1950-03-29,1.9765677,simulation
1950-03-30,1.5081668,simulation
1950-03-31,1.2299246,simulation
1950-04-01,1.1705586,simulation
1950-04-02,1.4442772,simulation
1950-04-03,1.250125,simulation
1950-04-04,1.1231135,simulation
1950-04-05,1.05347,simulation
1950-04-06,0.8600747,simulation
1950-04-07,0.71114814,simulation
1950-04-08,0.60645455,simulation
1950-04-09,0.50111604,simulation
1950-04-10,0.4206116,simulation
1950-04-11,0.36811635,simulation
1950-04-12,0.47305897,simulation
1950-04-13,0.4239125,simulation
1950-04-14,0.3907305,simulation
1950-04-15,0.32006058,simulation
1950-04-16,0.26531205,simulation
1950-04-17,0.22735138,simulation
1950-04-18,0.27037016,simulation
1950-04-19,0.29385838,simulation
1950-04-20,0.2607601,simulation
1950-04-21,0.2070988,simulation
1950-04-22,0.16882266,simulation
1950-04-23,0.14431301,simulation
1950-04-24,0.12282735,simulation
1950-04-25,0.14026402,simulation
1950-04-26,0.15851754,simulation
1950-04-27,0.13013992,simulation
1950-04-28,0.12460682,simulation
1950-04-29,0.1743315,simulation
1950-04-30,0.25599888,simulation
1950-05-01,0.47252065,simulation
1950-05-02,1.8955085,simulation
1950-05-03,8.82846,simulation
1950-05-04,6.4211817,simulation
1950-05-05,4.8936152,simulation
1950-05-06,3.70096,simulation
1950-05-07,2.9419906,simulation
1950-05-08,2.4043005,simulation
1950-05-09,1.9468331,simulation
1950-05-10,1.6285473,simulation
1950-05-11,1.3315189,simulation
1950-05-12,1.2493893,simulation
1950-05-13,1.4380351,simulation
1950-05-14,2.1540906,simulation
1950-05-15,1.7688799,simulation
1950-05-16,1.8085206,simulation
1950-05-17,1.3791837,simulation
1950-05-18,1.0639483,simulation
1950-05-19,0.8828808,simulation
1950-05-20,0.7634397,simulation
1950-05-21,0.7840286,simulation
1950-05-22,0.8484477,simulation
1950-05-23,0.7405966,simulation
1950-05-24,0.616759,simulation
1950-05-25,0.49305975,simulation
1950-05-26,0.3956249,simulation
1950-05-27,0.32129204,simulation
1950-05-28,0.28478584,simulation
1950-05-29,0.25982615,simulation
1950-05-30,0.20580976,simulation
1950-05-31,0.25294474,simulation
1950-06-01,0.20501265,simulation
1950-06-02,0.32023838,simulation
1950-06-03,0.7858843,simulation
1950-06-04,1.0012616,simulation
1950-06-05,0.9194693,simulation
1950-06-06,0.7385174,simulation
1950-06-07,0.7448499,simulation
1950-06-08,0.9487907,simulation
1950-06-09,0.9753,simulation
1950-06-10,0.8282993,simulation
1950-06-11,0.7953119,simulation
1950-06-12,0.6728082,simulation
1950-06-13,0.5018036,simulation
1950-06-14,0.3744429,simulation
1950-06-15,0.28986853,simulation
1950-06-16,0.22449523,simulation
1950-06-17,0.17131017,simulation
1950-06-18,0.13371727,simulation
1950-06-19,0.105343886,simulation
1950-06-20,0.09051383,simulation
1950-06-21,0.22178516,simulation
1950-06-22,0.350793,simulation
1950-06-23,0.30458397,simulation
1950-06-24,0.2494266,simulation
1950-06-25,0.18451227,simulation
1950-06-26,0.14174789,simulation
1950-06-27,0.111961745,simulation
1950-06-28,0.08815635,simulation
1950-06-29,0.06843492,simulation
1950-06-30,0.054843716,simulation
1950-07-01,0.045290403,simulation
1950-07-02,0.034042697,simulation
1950-07-03,0.0336597,simulation
1950-07-04,0.027795643,simulation
1950-07-05,0.025246616,simulation
1950-07-06,0.029166114,simulation
1950-07-07,0.046395384,simulation
1950-07-08,0.042741943,simulation
1950-07-09,0.034946587,simulation
1950-07-10,0.027370451,simulation
1950-07-11,0.024153901,simulation
1950-07-12,0.024325205,simulation
1950-07-13,0.023886662,simulation
1950-07-14,0.05980501,simulation
1950-07-15,0.33362198,simulation
1950-07-16,0.43580818,simulation
1950-07-17,0.43032345,simulation
1950-07-18,0.39946216,simulation
1950-07-19,0.3254753,simulation
1950-07-20,0.2560277,simulation
1950-07-21,0.1942221,simulation
1950-07-22,0.21377666,simulation
1950-07-23,0.23519702,simulation
1950-07-24,0.19345662,simulation
1950-07-25,0.5127299,simulation
1950-07-26,0.51925904,simulation
1950-07-27,0.7559202,simulation
1950-07-28,1.8360635,simulation
1950-07-29,2.2970645,simulation
1950-07-30,4.781431,simulation
1950-07-31,3.9311082,simulation
1950-08-01,3.033188,simulation
1950-08-02,2.1540449,simulation
1950-08-03,1.5531166,simulation
1950-08-04,1.4093271,simulation
1950-08-05,1.0672901,simulation
1950-08-06,0.93054956,simulation
1950-08-07,0.72579545,simulation
1950-08-08,0.54427195,simulation
1950-08-09,0.44182783,simulation
1950-08-10,0.37868428,simulation
1950-08-11,0.4512972,simulation
1950-08-12,0.37965026,simulation
1950-08-13,0.30414465,simulation
1950-08-14,0.24571837,simulation
1950-08-15,0.20358963,simulation
1950-08-16,0.16896951,simulation
1950-08-17,0.20667265,simulation
1950-08-18,0.2636556,simulation
1950-08-19,0.26391837,simulation
1950-08-20,0.30859894,simulation
1950-08-21,0.27969974,simulation
1950-08-22,0.2193545,simulation
1950-08-23,0.17810464,simulation
1950-08-24,0.1412315,simulation
1950-08-25,0.11341737,simulation
1950-08-26,0.13403367,simulation
1950-08-27,0.14851068,simulation
1950-08-28,0.1292879,simulation
1950-08-29,0.11169556,simulation
1950-08-30,0.1767333,simulation
1950-08-31,0.2218528,simulation
1950-09-01,0.22719547,simulation
1950-09-02,0.39874548,simulation
1950-09-03,0.7485667,simulation
1950-09-04,0.60076606,simulation
1950-09-05,0.49259534,simulation
1950-09-06,0.4210419,simulation
1950-09-07,0.32987767,simulation
1950-09-08,0.40740287,simulation
1950-09-09,0.38359702,simulation
1950-09-10,0.3656836,simulation
1950-09-11,0.31207195,simulation
1950-09-12,0.31069556,simulation
1950-09-13,0.25181517,simulation
1950-09-14,0.25083417,simulation
1950-09-15,0.24055485,simulation
1950-09-16,0.21979234,simulation
1950-09-17,0.20560098,simulation
1950-09-18,0.20657866,simulation
1950-09-19,0.17285426,simulation
1950-09-20,0.1558526,simulation
1950-09-21,0.14150849,simulation
1950-09-22,0.13121319,simulation
1950-09-23,0.11941933,simulation
1950-09-24,0.11036821,simulation
1950-09-25,0.09428067,simulation
1950-09-26,0.086006895,simulation
1950-09-27,0.08323429,simulation
1950-09-28,0.16925576,simulation
1950-09-29,0.2055014,simulation
1950-09-30,0.19931468,simulation
1950-10-01,0.1936264,simulation
1950-10-02,0.19074047,simulation
1950-10-03,0.16758244,simulation
1950-10-04,0.14097512,simulation
1950-10-05,0.13464673,simulation
1950-10-06,0.11370222,simulation
1950-10-07,0.09830188,simulation
1950-10-08,0.08565924,simulation
1950-10-09,0.08597135,simulation
1950-10-10,0.074019976,simulation
1950-10-11,0.064194836,simulation
1950-10-12,0.054972272,simulation
1950-10-13,0.04621979,simulation
1950-10-14,0.03948153,simulation
1950-10-15,0.033679362,simulation
1950-10-16,0.028723193,simulation
1950-10-17,0.02425389,simulation
1950-10-18,0.023346225,simulation
1950-10-19,0.047483344,simulation
1950-10-20,0.04729368,simulation
1950-10-21,0.052715875,simulation
1950-10-22,0.064445555,simulation
1950-10-23,0.061284866,simulation
1950-10-24,0.056047406,simulation
1950-10-25,0.050521582,simulation
1950-10-26,0.045571536,simulation
1950-10-27,0.040034816,simulation
1950-10-28,0.035028227,simulation
1950-10-29,0.03418205,simulation
1950-10-30,0.030767879,simulation
1950-10-31,0.027914869,simulation
1950-11-01,0.025185803,simulation
1950-11-02,0.022630814,simulation
1950-11-03,0.028480323,simulation
1950-11-04,0.06025397,simulation
1950-11-05,0.060835138,simulation
1950-11-06,0.056518327,simulation
1950-11-07,0.051134843,simulation
1950-11-08,0.046168245,simulation
1950-11-09,0.04209799,simulation
1950-11-10,0.041354932,simulation
1950-11-11,0.040787138,simulation
1950-11-12,0.03944224,simulation
1950-11-13,0.037264924,simulation
1950-11-14,0.035094745,simulation
1950-11-15,0.03438308,simulation
1950-11-16,0.032901183,simulation
1950-11-17,0.033096645,simulation
1950-11-18,0.031627554,simulation
1950-11-19,0.030529192,simulation
1950-11-20,0.029269813,simulation
1950-11-21,0.06726523,simulation
1950-11-22,0.0629249,simulation
1950-11-23,0.060225982,simulation
1950-11-24,0.056435887,simulation
1950-11-25,0.06273905,simulation
1950-11-26,0.060873717,simulation
1950-11-27,0.057926517,simulation
1950-11-28,0.053938888,simulation
1950-11-29,0.051571548,simulation
1950-11-30,0.049891554,simulation
1950-12-01,0.04820969,simulation
1950-12-02,0.04556424,simulation
1950-12-03,0.047853824,simulation
1950-12-04,0.15347525,simulation
1950-12-05,0.15169513,simulation
1950-12-06,0.45247096,simulation
1950-12-07,0.50524455,simulation
1950-12-08,0.48359236,simulation
1950-12-09,0.5064746,simulation
1950-12-10,0.47890127,simulation
1950-12-11,0.42664704,simulation
1950-12-12,0.41318378,simulation
1950-12-13,0.39288843,simulation
1950-12-14,0.47472534,simulation
1950-12-15,0.86200345,simulation
1950-12-16,0.8396214,simulation
1950-12-17,0.805066,simulation
1950-12-18,0.739254,simulation
1950-12-19,0.69459134,simulation
1950-12-20,0.65975475,simulation
1950-12-21,0.6302758,simulation
1950-12-22,0.6082805,simulation
1950-12-23,0.57804894,simulation
1950-12-24,0.5453217,simulation
1950-12-25,0.53315306,simulation
1950-12-26,0.4987888,simulation
1950-12-27,0.58554596,simulation
1950-12-28,0.6295525,simulation
1950-12-29,1.0308743,simulation
1950-12-30,0.99421585,simulation
1950-12-31,0.9747537,simulation
1951-01-01,0.9188443,simulation
1951-01-02,0.9680655,simulation
1951-01-03,0.95396775,simulation
1951-01-04,3.0910447,simulation
1951-01-05,2.6616774,simulation
1951-01-06,2.3029363,simulation
1951-01-07,4.7131367,simulation
1951-01-08,3.9535995,simulation
1951-01-09,3.3329086,simulation
1951-01-10,2.8514376,simulation
1951-01-11,3.1682339,simulation
1951-01-12,2.731105,simulation
1951-01-13,2.5443623,simulation
1951-01-14,2.2691047,simulation
1951-01-15,3.0343876,simulation
1951-01-16,2.5019457,simulation
1951-01-17,2.1549695,simulation
1951-01-18,1.9654545,simulation
1951-01-19,3.8471913,simulation
1951-01-20,3.2307284,simulation
1951-01-21,2.776557,simulation
1951-01-22,2.3330097,simulation
1951-01-23,2.067152,simulation
1951-01-24,2.6188006,simulation
1951-01-25,2.2247796,simulation
1951-01-26,1.9671017,simulation
1951-01-27,1.7260141,simulation
1951-01-28,1.5308574,simulation
1951-01-29,1.3869314,simulation
1951-01-30,3.211833,simulation
1951-01-31,2.9050002,simulation
1951-02-01,9.2032585,simulation
1951-02-02,9.008801,simulation
1951-02-03,7.7902193,simulation
1951-02-04,6.7072983,simulation
1951-02-05,5.3032227,simulation
1951-02-06,4.358154,simulation
1951-02-07,12.680836,simulation
1951-02-08,8.669196,simulation
1951-02-09,6.309426,simulation
1951-02-10,8.218822,simulation
1951-02-11,6.390943,simulation
1951-02-12,4.9624333,simulation
1951-02-13,4.0354576,simulation
1951-02-14,4.39539,simulation
1951-02-15,3.5639718,simulation
1951-02-16,6.443718,simulation
1951-02-17,5.0492716,simulation
1951-02-18,4.1098676,simulation
1951-02-19,4.0487614,simulation
1951-02-20,3.5167563,simulation
1951-02-21,3.8572953,simulation
1951-02-22,2.9994986,simulation
1951-02-23,2.4941742,simulation
1951-02-24,2.1537027,simulation
1951-02-25,1.8457217,simulation
1951-02-26,1.5925546,simulation
1951-02-27,1.4157561,simulation
1951-02-28,1.2685461,simulation
1951-03-01,1.1449279,simulation
1951-03-02,1.0589428,simulation
1951-03-03,0.93750477,simulation
1951-03-04,0.8712497,simulation
1951-03-05,1.2758775,simulation
1951-03-06,1.1879194,simulation
1951-03-07,1.0515708,simulation
1951-03-08,0.9415188,simulation
1951-03-09,0.8408049,simulation
1951-03-10,0.74440634,simulation
1951-03-11,0.66786426,simulation
1951-03-12,0.87668407,simulation
1951-03-13,0.97578573,simulation
1951-03-14,0.9149771,simulation
1951-03-15,0.81763667,simulation
1951-03-16,0.709456,simulation
1951-03-17,0.6160384,simulation
1951-03-18,1.6735837,simulation
1951-03-19,6.164061,simulation
1951-03-20,6.5575147,simulation
1951-03-21,5.3069134,simulation
1951-03-22,3.9658928,simulation
1951-03-23,3.0126448,simulation
1951-03-24,2.4827123,simulation
1951-03-25,2.0755072,simulation
1951-03-26,1.7853912,simulation
1951-03-27,1.5679269,simulation
1951-03-28,7.6520567,simulation
1951-03-29,27.864834,simulation
1951-03-30,19.573824,simulation
1951-03-31,12.09819,simulation
1951-04-01,7.6688924,simulation
1951-04-02,5.5211835,simulation
1951-04-03,4.34697,simulation
1951-04-04,3.3679144,simulation
1951-04-05,2.5557792,simulation
1951-04-06,2.201912,simulation
1951-04-07,2.3553975,simulation
1951-04-08,3.8912888,simulation
1951-04-09,2.9084218,simulation
1951-04-10,2.4303415,simulation
1951-04-11,1.8983333,simulation
1951-04-12,2.231422,simulation
1951-04-13,1.7441627,simulation
1951-04-14,1.3472294,simulation
1951-04-15,1.0281161,simulation
1951-04-16,0.82523346,simulation
1951-04-17,0.7827201,simulation
1951-04-18,0.6390571,simulation
1951-04-19,0.6640268,simulation
1951-04-20,0.8918947,simulation
1951-04-21,0.7412923,simulation
1951-04-22,2.0710607,simulation
1951-04-23,1.7399443,simulation
1951-04-24,1.3535136,simulation
1951-04-25,1.0324175,simulation
1951-04-26,0.8955189,simulation
1951-04-27,0.7848662,simulation
1951-04-28,0.6650694,simulation
1951-04-29,0.556476,simulation
1951-04-30,0.49766985,simulation
1951-05-01,0.41631347,simulation
1951-05-02,0.33460897,simulation
1951-05-03,0.2958534,simulation
1951-05-04,0.31222826,simulation
1951-05-05,0.24746865,simulation
1951-05-06,0.19487917,simulation
1951-05-07,0.18410599,simulation
1951-05-08,0.16117615,simulation
1951-05-09,0.14593488,simulation
1951-05-10,0.13119508,simulation
1951-05-11,0.1696713,simulation
1951-05-12,0.14952676,simulation
1951-05-13,0.12830646,simulation
1951-05-14,0.1023259,simulation
1951-05-15,0.078930356,simulation
1951-05-16,0.061162524,simulation
1951-05-17,0.048804466,simulation
1951-05-18,0.03813226,simulation
1951-05-19,0.030568358,simulation
1951-05-20,0.024115836,simulation
1951-05-21,0.020409172,simulation
1951-05-22,0.016529571,simulation
1951-05-23,0.014371767,simulation
1951-05-24,0.01243998,simulation
1951-05-25,0.01055685,simulation
1951-05-26,0.009352305,simulation
1951-05-27,0.007811596,simulation
1951-05-28,0.005826499,simulation
1951-05-29,0.0046913596,simulation
1951-05-30,0.0037557608,simulation
1951-05-31,0.0030315253,simulation
1951-06-01,0.0023622157,simulation
1951-06-02,0.00214822,simulation
1951-06-03,0.001943137,simulation
1951-06-04,0.001465762,simulation
1951-06-05,0.001745563,simulation
1951-06-06,0.0015333727,simulation
1951-06-07,0.0012488377,simulation
1951-06-08,0.0010390638,simulation
1951-06-09,0.00085173297,simulation
1951-06-10,0.0012273205,simulation
1951-06-11,0.0016914785,simulation
1951-06-12,0.0014316898,simulation
1951-06-13,0.0013133988,simulation
1951-06-14,0.0013636614,simulation
1951-06-15,0.0024937892,simulation
1951-06-16,0.0025947215,simulation
1951-06-17,0.0042259893,simulation
1951-06-18,0.0041885735,simulation
1951-06-19,0.00370767,simulation
1951-06-20,0.0032563389,simulation
1951-06-21,0.0030153,simulation
1951-06-22,0.0025638181,simulation
1951-06-23,0.0020128682,simulation
1951-06-24,0.0016244777,simulation
1951-06-25,0.0014118163,simulation
1951-06-26,0.001357821,simulation
1951-06-27,0.0010781741,simulation
1951-06-28,0.00089327357,simulation
1951-06-29,0.0007601289,simulation
1951-06-30,0.00086513883,simulation
1951-07-01,0.00091187673,simulation
1951-07-02,0.0013040687,simulation
1951-07-03,0.0024329976,simulation
1951-07-04,0.0021237337,simulation
1951-07-05,0.001760604,simulation
1951-07-06,0.0014373916,simulation
1951-07-07,0.0011556514,simulation
1951-07-08,0.0009497479,simulation
1951-07-09,0.0007609964,simulation
1951-07-10,0.001034013,simulation
1951-07-11,0.0008086709,simulation
1951-07-12,0.0006300934,simulation
1951-07-13,0.0004993962,simulation
1951-07-14,0.00092083827,simulation
1951-07-15,0.0007798833,simulation
1951-07-16,0.0006230979,simulation
1951-07-17,0.00051052397,simulation
1951-07-18,0.00041730955,simulation
1951-07-19,0.0003217723,simulation
1951-07-20,0.00026985497,simulation
1951-07-21,0.00021042618,simulation
1951-07-22,0.00016666393,simulation
1951-07-23,0.0001741583,simulation
1951-07-24,0.00015678597,simulation
1951-07-25,0.00013802915,simulation
1951-07-26,0.00012038717,simulation
1951-07-27,0.00010179248,simulation
1951-07-28,0.00014119988,simulation
1951-07-29,0.00020160746,simulation
1951-07-30,0.00018648745,simulation
1951-07-31,0.00015586725,simulation
1951-08-01,0.00015318287,simulation
1951-08-02,0.00012487562,simulation
1951-08-03,0.00011159666,simulation
1951-08-04,9.544046e-05,simulation
1951-08-05,7.409718e-05,simulation
1951-08-06,5.6684956e-05,simulation
1951-08-07,4.50171e-05,simulation
1951-08-08,3.73251e-05,simulation
1951-08-09,3.4476954e-05,simulation
1951-08-10,2.7893233e-05,simulation
1951-08-11,2.2516251e-05,simulation
1951-08-12,1.779588e-05,simulation
1951-08-13,1.3770868e-05,simulation
1951-08-14,1.0687372e-05,simulation
1951-08-15,8.271022e-06,simulation
1951-08-16,7.205346e-06,simulation
1951-08-17,5.7580623e-06,simulation
1951-08-18,5.477771e-06,simulation
1951-08-19,4.7675003e-06,simulation
1951-08-20,3.9149104e-06,simulation
1951-08-21,3.4230493e-06,simulation
1951-08-22,4.113894e-06,simulation
1951-08-23,3.9332417e-06,simulation
1951-08-24,3.9099286e-06,simulation
1951-08-25,3.0858832e-06,simulation
1951-08-26,2.510755e-06,simulation
1951-08-27,2.0354419e-06,simulation
1951-08-28,1.6670439e-06,simulation
1951-08-29,1.3455086e-06,simulation
1951-08-30,1.0857848e-06,simulation
1951-08-31,8.817336e-07,simulation
1951-09-01,1.0036409e-06,simulation
1951-09-02,1.4473126e-06,simulation
1951-09-03,1.2664476e-06,simulation
1951-09-04,1.0743444e-06,simulation
1951-09-05,9.724923e-07,simulation
1951-09-06,1.1452762e-06,simulation
1951-09-07,1.3327102e-06,simulation
1951-09-08,1.0864013e-06,simulation
1951-09-09,8.9705316e-07,simulation
1951-09-10,7.2846166e-07,simulation
1951-09-11,9.781506e-07,simulation
1951-09-12,9.1631415e-07,simulation
1951-09-13,2.0024881e-06,simulation
1951-09-14,2.6257644e-06,simulation
1951-09-15,2.7588442e-06,simulation
1951-09-16,2.4597957e-06,simulation
1951-09-17,2.263471e-06,simulation
1951-09-18,2.0308066e-06,simulation
1951-09-19,1.6786507e-06,simulation
1951-09-20,1.4048919e-06,simulation
1951-09-21,1.7972607e-06,simulation
1951-09-22,2.8796503e-06,simulation
1951-09-23,3.4814152e-06,simulation
1951-09-24,3.5348032e-06,simulation
1951-09-25,6.4433993e-06,simulation
1951-09-26,9.102214e-06,simulation
1951-09-27,1.117233e-05,simulation
1951-09-28,1.1486587e-05,simulation
1951-09-29,9.863431e-06,simulation
1951-09-30,8.28838e-06,simulation
1951-10-01,7.4843347e-06,simulation
1951-10-02,6.631519e-06,simulation
1951-10-03,5.6583503e-06,simulation
1951-10-04,4.8804272e-06,simulation
1951-10-05,4.276804e-06,simulation
1951-10-06,3.7161162e-06,simulation
1951-10-07,3.193555e-06,simulation
1951-10-08,3.1397815e-06,simulation
1951-10-09,2.8431962e-06,simulation
1951-10-10,2.5382171e-06,simulation
1951-10-11,2.2488246e-06,simulation
1951-10-12,2.0150026e-06,simulation
1951-10-13,1.8010066e-06,simulation
1951-10-14,1.5982083e-06,simulation
1951-10-15,1.5801493e-06,simulation
1951-10-16,1.3937857e-06,simulation
1951-10-17,1.2445465e-06,simulation
1951-10-18,1.1046378e-06,simulation
1951-10-19,1.0383718e-06,simulation
1951-10-20,9.819463e-07,simulation
1951-10-21,8.8819303e-07,simulation
1951-10-22,8.527623e-07,simulation
1951-10-23,1.3180895e-06,simulation
1951-10-24,1.763821e-06,simulation
1951-10-25,1.7607116e-06,simulation
1951-10-26,1.8218157e-06,simulation
1951-10-27,1.8058236e-06,simulation
1951-10-28,2.1936467e-06,simulation
1951-10-29,2.2459737e-06,simulation
1951-10-30,2.3051591e-06,simulation
1951-10-31,2.3072264e-06,simulation
1951-11-01,3.3578426e-06,simulation
1951-11-02,6.930453e-06,simulation
1951-11-03,7.1208087e-06,simulation
1951-11-04,7.1167024e-06,simulation
1951-11-05,6.951455e-06,simulation
1951-11-06,6.535796e-06,simulation
1951-11-07,8.256651e-06,simulation
1951-11-08,8.013587e-06,simulation
1951-11-09,7.963271e-06,simulation
1951-11-10,7.888763e-06,simulation
1951-11-11,7.927334e-06,simulation
1951-11-12,7.634578e-06,simulation
1951-11-13,7.8029825e-06,simulation
1951-11-14,7.879412e-06,simulation
1951-11-15,7.663036e-06,simulation
1951-11-16,7.693912e-06,simulation
1951-11-17,7.872913e-06,simulation
1951-11-18,7.941443e-06,simulation
1951-11-19,7.98843e-06,simulation
1951-11-20,8.030605e-06,simulation
1951-11-21,8.000063e-06,simulation
1951-11-22,7.9440315e-06,simulation
1951-11-23,8.002263e-06,simulation
1951-11-24,8.181301e-06,simulation
1951-11-25,8.38078e-06,simulation
1951-11-26,8.489396e-06,simulation
1951-11-27,8.680259e-06,simulation
1951-11-28,1.7113107e-05,simulation
1951-11-29,1.752187e-05,simulation
1951-11-30,1.7586166e-05,simulation
1951-12-01,1.7966762e-05,simulation
1951-12-02,1.7912393e-05,simulation
1951-12-03,1.8286719e-05,simulation
1951-12-04,2.2481318e-05,simulation
1951-12-05,2.2461138e-05,simulation
1951-12-06,3.1612588e-05,simulation
1951-12-07,3.177861e-05,simulation
1951-12-08,4.6757857e-05,simulation
1951-12-09,6.895278e-05,simulation
1951-12-10,0.00024957093,simulation
1951-12-11,0.00025657128,simulation
1951-12-12,0.00025406713,simulation
1951-12-13,0.00024953022,simulation
1951-12-14,0.00025265396,simulation
1951-12-15,0.0010951097,simulation
1951-12-16,0.0010680829,simulation
1951-12-17,0.0010631973,simulation
1951-12-18,0.0011671177,simulation
1951-12-19,0.0019040998,simulation
1951-12-20,0.0033949814,simulation
1951-12-21,0.010084095,simulation
1951-12-22,0.009930244,simulation
1951-12-23,0.009722545,simulation
1951-12-24,0.009466453,simulation
1951-12-25,0.009334689,simulation
1951-12-26,0.0095703425,simulation
1951-12-27,0.015916286,simulation
1951-12-28,0.01536333,simulation
1951-12-29,0.014958544,simulation
1951-12-30,0.014888568,simulation
1951-12-31,0.0147037795,simulation
1952-01-01,0.014190602,simulation
1952-01-02,0.013819406,simulation
1952-01-03,0.013721028,simulation
1952-01-04,0.013809363,simulation
1952-01-05,0.018234717,simulation
1952-01-06,0.019510297,simulation
1952-01-07,0.019350616,simulation
1952-01-08,0.01912937,simulation
1952-01-09,0.019085387,simulation
1952-01-10,0.020619513,simulation
1952-01-11,0.019762782,simulation
1952-01-12,0.019569471,simulation
1952-01-13,0.019411243,simulation
1952-01-14,0.019199641,simulation
1952-01-15,0.019272592,simulation
1952-01-16,0.019208692,simulation
1952-01-17,0.019072099,simulation
1952-01-18,0.01888165,simulation
1952-01-19,0.018601673,simulation
1952-01-20,0.01839233,simulation
1952-01-21,0.019760538,simulation
1952-01-22,0.020635076,simulation
1952-01-23,0.04870248,simulation
1952-01-24,0.04640484,simulation
1952-01-25,0.04557393,simulation
1952-01-26,0.052551955,simulation
1952-01-27,0.051388122,simulation
1952-01-28,0.14374927,simulation
1952-01-29,0.15529577,simulation
1952-01-30,0.14757413,simulation
1952-01-31,0.14126536,simulation
1952-02-01,0.13594688,simulation
1952-02-02,0.14089467,simulation
1952-02-03,0.66168797,simulation
1952-02-04,0.6558591,simulation
1952-02-05,0.64431936,simulation
1952-02-06,0.59968376,simulation
1952-02-07,0.54260254,simulation
1952-02-08,0.4879815,simulation
1952-02-09,0.43223488,simulation
1952-02-10,0.40910217,simulation
1952-02-11,0.3889697,simulation
1952-02-12,0.36398098,simulation
1952-02-13,0.44707584,simulation
1952-02-14,0.42455298,simulation
1952-02-15,0.41183162,simulation
1952-02-16,0.57532626,simulation
1952-02-17,0.589983,simulation
1952-02-18,0.56070614,simulation
1952-02-19,0.51768965,simulation
1952-02-20,0.49591786,simulation
1952-02-21,0.7007844,simulation
1952-02-22,0.61783516,simulation
1952-02-23,1.0593479,simulation
1952-02-24,1.1047325,simulation
1952-02-25,1.047802,simulation
1952-02-26,0.9989454,simulation
1952-02-27,1.065247,simulation
1952-02-28,0.9287217,simulation
1952-02-29,0.8749806,simulation
1952-03-01,0.75708085,simulation
1952-03-02,0.7135736,simulation
1952-03-03,0.82349265,simulation
1952-03-04,2.291612,simulation
1952-03-05,1.8995132,simulation
1952-03-06,1.7087696,simulation
1952-03-07,1.4119155,simulation
1952-03-08,1.1704423,simulation
1952-03-09,0.9838164,simulation
1952-03-10,0.9168743,simulation
1952-03-11,3.8469646,simulation
1952-03-12,3.1893165,simulation
1952-03-13,2.7740386,simulation
1952-03-14,2.303541,simulation
1952-03-15,2.0538852,simulation
1952-03-16,1.6544423,simulation
1952-03-17,1.4670659,simulation
1952-03-18,1.3546509,simulation
1952-03-19,2.589888,simulation
1952-03-20,2.0742025,simulation
1952-03-21,1.7204249,simulation
1952-03-22,1.537903,simulation
1952-03-23,2.1246407,simulation
1952-03-24,1.9285215,simulation
1952-03-25,1.5644963,simulation
1952-03-26,1.3700336,simulation
1952-03-27,1.131698,simulation
1952-03-28,0.92073125,simulation
1952-03-29,0.809541,simulation
1952-03-30,0.7007986,simulation
1952-03-31,0.63169175,simulation
1952-04-01,0.72661525,simulation
1952-04-02,0.6147331,simulation
1952-04-03,0.48845494,simulation
1952-04-04,0.40738535,simulation
1952-04-05,0.49991933,simulation
1952-04-06,0.41326478,simulation
1952-04-07,0.3416718,simulation
1952-04-08,0.2845219,simulation
1952-04-09,0.2320116,simulation
1952-04-10,0.20726286,simulation
1952-04-11,0.21644145,simulation
1952-04-12,0.19551411,simulation
1952-04-13,1.0985919,simulation
1952-04-14,0.9142097,simulation
1952-04-15,0.730749,simulation
1952-04-16,0.58415586,simulation
1952-04-17,0.46277875,simulation
1952-04-18,0.42609566,simulation
1952-04-19,0.40534076,simulation
1952-04-20,0.37423354,simulation
1952-04-21,0.35928813,simulation
1952-04-22,0.3189956,simulation
1952-04-23,0.30833787,simulation
1952-04-24,0.51010436,simulation
1952-04-25,0.5051299,simulation
1952-04-26,0.44040433,simulation
1952-04-27,0.410153,simulation
1952-04-28,0.32202807,simulation
1952-04-29,0.25447285,simulation
1952-04-30,0.19824673,simulation
1952-05-01,0.15374145,simulation
1952-05-02,0.1284443,simulation
1952-05-03,0.13793008,simulation
1952-05-04,0.10885484,simulation
1952-05-05,0.08437827,simulation
1952-05-06,0.06643343,simulation
1952-05-07,0.054123912,simulation
1952-05-08,0.043451004,simulation
1952-05-09,0.03538565,simulation
1952-05-10,0.030352306,simulation
1952-05-11,0.044329517,simulation
1952-05-12,0.034222856,simulation
1952-05-13,0.02718223,simulation
1952-05-14,0.021508386,simulation
1952-05-15,0.01704998,simulation
1952-05-16,0.01418754,simulation
1952-05-17,0.012515756,simulation
1952-05-18,0.014020998,simulation
1952-05-19,0.022627348,simulation
1952-05-20,0.118402936,simulation
1952-05-21,0.11805814,simulation
1952-05-22,0.09697951,simulation
1952-05-23,0.590584,simulation
1952-05-24,0.830466,simulation
1952-05-25,0.7841799,simulation
1952-05-26,1.7182806,simulation
1952-05-27,1.3430563,simulation
1952-05-28,1.0783713,simulation
1952-05-29,1.2440665,simulation
1952-05-30,1.2947073,simulation
1952-05-31,1.1038294,simulation
1952-06-01,0.8538057,simulation
1952-06-02,0.6370501,simulation
1952-06-03,0.47529742,simulation
1952-06-04,0.4272272,simulation
1952-06-05,0.32696268,simulation
1952-06-06,0.28260314,simulation
1952-06-07,0.23844104,simulation
1952-06-08,0.20836367,simulation
1952-06-09,0.18594518,simulation
1952-06-10,0.15933627,simulation
1952-06-11,0.13064338,simulation
1952-06-12,0.10393012,simulation
1952-06-13,0.07900025,simulation
1952-06-14,0.06184804,simulation
1952-06-15,0.047790743,simulation
1952-06-16,0.036699098,simulation
1952-06-17,0.029018419,simulation
1952-06-18,0.026857844,simulation
1952-06-19,0.023736484,simulation
1952-06-20,0.020786641,simulation
1952-06-21,0.026157368,simulation
1952-06-22,0.021740176,simulation
1952-06-23,0.018799933,simulation
1952-06-24,0.01676988,simulation
1952-06-25,0.013244468,simulation
1952-06-26,0.011619889,simulation
1952-06-27,0.009684622,simulation
1952-06-28,0.0077153905,simulation
1952-06-29,0.008706483,simulation
1952-06-30,0.0079576,simulation
1952-07-01,0.0069630207,simulation
1952-07-02,0.005508434,simulation
1952-07-03,0.007609092,simulation
1952-07-04,0.006275302,simulation
1952-07-05,0.0068954215,simulation
1952-07-06,0.009452619,simulation
1952-07-07,0.007342233,simulation
1952-07-08,0.0077075674,simulation
1952-07-09,0.0066817417,simulation
1952-07-10,0.00945117,simulation
1952-07-11,0.009048285,simulation
1952-07-12,0.007917832,simulation
1952-07-13,0.006794523,simulation
1952-07-14,0.0058145653,simulation
1952-07-15,0.0050636665,simulation
1952-07-16,0.005226596,simulation
1952-07-17,0.0056737596,simulation
1952-07-18,0.005340726,simulation
1952-07-19,0.0058282623,simulation
1952-07-20,0.004951637,simulation
1952-07-21,0.004136691,simulation
1952-07-22,0.0034375812,simulation
1952-07-23,0.0032182492,simulation
1952-07-24,0.0025480774,simulation
1952-07-25,0.0021278316,simulation
1952-07-26,0.0017013104,simulation
1952-07-27,0.0015844672,simulation
1952-07-28,0.0013091073,simulation
1952-07-29,0.0019954036,simulation
1952-07-30,0.0021439712,simulation
1952-07-31,0.0021004758,simulation
1952-08-01,0.0019587476,simulation
1952-08-02,0.001833137,simulation
1952-08-03,0.0015860479,simulation
1952-08-04,0.0013839197,simulation
1952-08-05,0.0013723141,simulation
1952-08-06,0.0016957723,simulation
1952-08-07,0.0020717084,simulation
1952-08-08,0.0017361838,simulation
1952-08-09,0.0016511979,simulation
1952-08-10,0.0017547905,simulation
1952-08-11,0.0015289222,simulation
1952-08-12,0.001428331,simulation
1952-08-13,0.0013149879,simulation
1952-08-14,0.0011846662,simulation
1952-08-15,0.0010423494,simulation
1952-08-16,0.0008840071,simulation
1952-08-17,0.00073678966,simulation
1952-08-18,0.000609287,simulation
1952-08-19,0.0026572132,simulation
1952-08-20,0.002307092,simulation
1952-08-21,0.0022159857,simulation
1952-08-22,0.0020012744,simulation
1952-08-23,0.0021709371,simulation
1952-08-24,0.0020277272,simulation
1952-08-25,0.0023312727,simulation
1952-08-26,0.0021601913,simulation
1952-08-27,0.001873292,simulation
1952-08-28,0.0014564369,simulation
1952-08-29,0.0011546167,simulation
1952-08-30,0.0009361027,simulation
1952-08-31,0.00077170436,simulation
1952-09-01,0.00070348044,simulation
1952-09-02,0.00078966713,simulation
1952-09-03,0.00090759195,simulation
1952-09-04,0.000759187,simulation
1952-09-05,0.0006111868,simulation
1952-09-06,0.0005132864,simulation
1952-09-07,0.0004337289,simulation
1952-09-08,0.00040021323,simulation
1952-09-09,0.00034330648,simulation
1952-09-10,0.0003138413,simulation
1952-09-11,0.00026039072,simulation
1952-09-12,0.00021527894,simulation
1952-09-13,0.00022557928,simulation
1952-09-14,0.00029415064,simulation
1952-09-15,0.0005470027,simulation
1952-09-16,0.0004968088,simulation
1952-09-17,0.00040811638,simulation
1952-09-18,0.0003569417,simulation
1952-09-19,0.00037168813,simulation
1952-09-20,0.0003745458,simulation
1952-09-21,0.0003743869,simulation
1952-09-22,0.00037092392,simulation
1952-09-23,0.00030174598,simulation
1952-09-24,0.00025025924,simulation
1952-09-25,0.00024227038,simulation
1952-09-26,0.00020978414,simulation
1952-09-27,0.00017331536,simulation
1952-09-28,0.00014502498,simulation
1952-09-29,0.000121870275,simulation
1952-09-30,0.00010249285,simulation
1952-10-01,8.731196e-05,simulation
1952-10-02,7.474813e-05,simulation
1952-10-03,6.254776e-05,simulation
1952-10-04,5.1818526e-05,simulation
1952-10-05,4.434493e-05,simulation
1952-10-06,3.9495437e-05,simulation
1952-10-07,3.6910584e-05,simulation
1952-10-08,3.3651802e-05,simulation
1952-10-09,2.9106788e-05,simulation
1952-10-10,2.921032e-05,simulation
1952-10-11,2.5760992e-05,simulation
1952-10-12,2.2876857e-05,simulation
1952-10-13,2.0299723e-05,simulation
1952-10-14,1.8111794e-05,simulation
1952-10-15,1.7238746e-05,simulation
1952-10-16,1.593929e-05,simulation
1952-10-17,1.4114138e-05,simulation
1952-10-18,1.2376044e-05,simulation
1952-10-19,1.0694597e-05,simulation
1952-10-20,9.193757e-06,simulation
1952-10-21,7.8219755e-06,simulation
1952-10-22,7.000033e-06,simulation
1952-10-23,6.8018358e-06,simulation
1952-10-24,6.139404e-06,simulation
1952-10-25,5.4671436e-06,simulation
1952-10-26,4.9077044e-06,simulation
1952-10-27,4.41791e-06,simulation
1952-10-28,4.0099158e-06,simulation
1952-10-29,3.5414525e-06,simulation
1952-10-30,3.2622418e-06,simulation
1952-10-31,3.326546e-06,simulation
1952-11-01,3.347861e-06,simulation
1952-11-02,3.3351685e-06,simulation
1952-11-03,3.2640878e-06,simulation
1952-11-04,3.264031e-06,simulation
1952-11-05,3.1106042e-06,simulation
1952-11-06,3.1459065e-06,simulation
1952-11-07,3.1220495e-06,simulation
1952-11-08,2.846437e-06,simulation
1952-11-09,2.7824797e-06,simulation
1952-11-10,5.4680645e-06,simulation
1952-11-11,7.5308762e-06,simulation
1952-11-12,7.5280527e-06,simulation
1952-11-13,7.3497363e-06,simulation
1952-11-14,7.2727275e-06,simulation
1952-11-15,7.2177977e-06,simulation
1952-11-16,6.8677978e-06,simulation
1952-11-17,6.953681e-06,simulation
1952-11-18,7.0924916e-06,simulation
1952-11-19,2.3146133e-05,simulation
1952-11-20,2.8295475e-05,simulation
1952-11-21,2.7330447e-05,simulation
1952-11-22,2.6603748e-05,simulation
1952-11-23,2.6313397e-05,simulation
1952-11-24,2.6156566e-05,simulation
1952-11-25,2.6671016e-05,simulation
1952-11-26,4.5229794e-05,simulation
1952-11-27,4.5393554e-05,simulation
1952-11-28,4.593849e-05,simulation
1952-11-29,4.59456e-05,simulation
1952-11-30,9.209509e-05,simulation
1952-12-01,9.381547e-05,simulation
1952-12-02,0.000117441414,simulation
1952-12-03,0.00013300026,simulation
1952-12-04,0.00014946562,simulation
1952-12-05,0.0004459985,simulation
1952-12-06,0.00043017522,simulation
1952-12-07,0.00042101208,simulation
1952-12-08,0.00042375206,simulation
1952-12-09,0.00042689385,simulation
1952-12-10,0.000936457,simulation
1952-12-11,0.0009614733,simulation
1952-12-12,0.0009310784,simulation
1952-12-13,0.00091344933,simulation
1952-12-14,0.00090020435,simulation
1952-12-15,0.00089169346,simulation
1952-12-16,0.00088186,simulation
1952-12-17,0.0008700073,simulation
1952-12-18,0.0008731129,simulation
1952-12-19,0.0008686453,simulation
1952-12-20,0.001768491,simulation
1952-12-21,0.0017313076,simulation
1952-12-22,0.0017321646,simulation
1952-12-23,0.0019852698,simulation
1952-12-24,0.0019825713,simulation
1952-12-25,0.002224058,simulation
1952-12-26,0.0022530803,simulation
1952-12-27,0.0022586596,simulation
1952-12-28,0.0022685903,simulation
1952-12-29,0.0022426876,simulation
1952-12-30,0.0023462859,simulation
1952-12-31,0.011146406,simulation
1953-01-01,0.011301812,simulation
1953-01-02,0.011173066,simulation
1953-01-03,0.014659487,simulation
1953-01-04,0.013934089,simulation
1953-01-05,0.013431852,simulation
1953-01-06,0.012774238,simulation
1953-01-07,0.0122638615,simulation
1953-01-08,0.013120385,simulation
1953-01-09,0.02254435,simulation
1953-01-10,0.045943853,simulation
1953-01-11,0.0455906,simulation
1953-01-12,0.04392791,simulation
1953-01-13,0.041766703,simulation
1953-01-14,0.040782217,simulation
1953-01-15,0.039651968,simulation
1953-01-16,0.04152362,simulation
1953-01-17,0.049359698,simulation
1953-01-18,0.2040006,simulation
1953-01-19,0.19128169,simulation
1953-01-20,0.18192953,simulation
1953-01-21,0.17345428,simulation
1953-01-22,0.16083196,simulation
1953-01-23,0.18915346,simulation
1953-01-24,0.6293534,simulation
1953-01-25,0.56761265,simulation
1953-01-26,0.51014245,simulation
1953-01-27,0.45936388,simulation
1953-01-28,0.4400738,simulation
1953-01-29,0.44483674,simulation
1953-01-30,0.39790294,simulation
1953-01-31,0.36004663,simulation
1953-02-01,0.34807384,simulation
1953-02-02,0.33837557,simulation
1953-02-03,0.3294203,simulation
1953-02-04,0.32278112,simulation
1953-02-05,0.3030717,simulation
1953-02-06,0.29159233,simulation
1953-02-07,0.5565973,simulation
1953-02-08,0.5060895,simulation
1953-02-09,0.44909844,simulation
1953-02-10,0.4265936,simulation
1953-02-11,0.39869282,simulation
1953-02-12,0.69526064,simulation
1953-02-13,0.7666406,simulation
1953-02-14,0.6902367,simulation
1953-02-15,2.790766,simulation
1953-02-16,2.452804,simulation
1953-02-17,2.1433086,simulation
1953-02-18,1.8721281,simulation
1953-02-19,1.6252719,simulation
1953-02-20,2.7966185,simulation
1953-02-21,8.201749,simulation
1953-02-22,7.0707016,simulation
1953-02-23,5.5170116,simulation
1953-02-24,6.299715,simulation
1953-02-25,16.598354,simulation
1953-02-26,15.186234,simulation
1953-02-27,10.477292,simulation
1953-02-28,7.149351,simulation
1953-03-01,5.4361253,simulation
1953-03-02,4.4412994,simulation
1953-03-03,3.649771,simulation
1953-03-04,3.5009973,simulation
1953-03-05,2.9487867,simulation
1953-03-06,2.3992789,simulation
1953-03-07,2.0811927,simulation
1953-03-08,1.8403283,simulation
1953-03-09,1.4948788,simulation
1953-03-10,1.3124518,simulation
1953-03-11,1.6739707,simulation
1953-03-12,2.8388407,simulation
1953-03-13,5.676653,simulation
1953-03-14,4.5198765,simulation
1953-03-15,7.708497,simulation
1953-03-16,6.2699537,simulation
1953-03-17,4.7141533,simulation
1953-03-18,3.7469785,simulation
1953-03-19,4.662835,simulation
1953-03-20,3.7364268,simulation
1953-03-21,3.2357287,simulation
1953-03-22,2.7178075,simulation
1953-03-23,5.3422856,simulation
1953-03-24,4.152475,simulation
1953-03-25,3.1108494,simulation
1953-03-26,2.3307173,simulation
1953-03-27,1.8794842,simulation
1953-03-28,2.0274956,simulation
1953-03-29,1.6153965,simulation
1953-03-30,1.2810619,simulation
1953-03-31,1.1119957,simulation
1953-04-01,1.0296528,simulation
1953-04-02,0.91264987,simulation
1953-04-03,0.90170157,simulation
1953-04-04,0.7364766,simulation
1953-04-05,0.60418004,simulation
1953-04-06,0.5439328,simulation
1953-04-07,1.4425207,simulation
1953-04-08,1.241394,simulation
1953-04-09,1.0890754,simulation
1953-04-10,1.0204489,simulation
1953-04-11,1.0520982,simulation
1953-04-12,0.95879734,simulation
1953-04-13,2.1001089,simulation
1953-04-14,1.6181803,simulation
1953-04-15,1.3240956,simulation
1953-04-16,1.4614686,simulation
1953-04-17,1.1449022,simulation
1953-04-18,0.9557118,simulation
1953-04-19,1.1754392,simulation
1953-04-20,0.9230637,simulation
1953-04-21,0.74048495,simulation
1953-04-22,0.58963853,simulation
1953-04-23,0.4811559,simulation
1953-04-24,0.41491738,simulation
1953-04-25,3.0805333,simulation
1953-04-26,3.040223,simulation
1953-04-27,2.1901138,simulation
1953-04-28,1.7001379,simulation
1953-04-29,1.4224198,simulation
1953-04-30,12.686825,simulation
1953-05-01,7.830357,simulation
1953-05-02,5.926472,simulation
1953-05-03,6.6029906,simulation
1953-05-04,18.608213,simulation
1953-05-05,23.591295,simulation
1953-05-06,15.9022255,simulation
1953-05-07,10.722396,simulation
1953-05-08,6.7677937,simulation
1953-05-09,4.5583096,simulation
1953-05-10,3.449175,simulation
1953-05-11,2.5478778,simulation
1953-05-12,1.9239908,simulation
1953-05-13,1.5081002,simulation
1953-05-14,1.4100001,simulation
1953-05-15,2.4418368,simulation
1953-05-16,4.7816825,simulation
1953-05-17,3.7484,simulation
1953-05-18,14.787704,simulation
1953-05-19,12.424999,simulation
1953-05-20,8.965295,simulation
1953-05-21,5.955955,simulation
1953-05-22,4.2296524,simulation
1953-05-23,3.1124372,simulation
1953-05-24,2.342944,simulation
1953-05-25,1.8074684,simulation
1953-05-26,1.3731824,simulation
1953-05-27,1.0258638,simulation
1953-05-28,0.76281476,simulation
1953-05-29,0.55666906,simulation
1953-05-30,0.42830727,simulation
1953-05-31,0.33998245,simulation
1953-06-01,0.29496118,simulation
1953-06-02,0.23140845,simulation
1953-06-03,0.16991334,simulation
1953-06-04,0.12956128,simulation
1953-06-05,0.11103661,simulation
1953-06-06,0.099144064,simulation
1953-06-07,0.08328834,simulation
1953-06-08,0.06912981,simulation
1953-06-09,0.060055044,simulation
1953-06-10,0.080790296,simulation
1953-06-11,0.064399235,simulation
1953-06-12,0.07353193,simulation
1953-06-13,0.06461354,simulation
1953-06-14,0.050841883,simulation
1953-06-15,0.041586246,simulation
1953-06-16,0.033992656,simulation
1953-06-17,0.028389286,simulation
1953-06-18,0.02205099,simulation
1953-06-19,0.017063238,simulation
1953-06-20,0.013159579,simulation
1953-06-21,0.014915457,simulation
1953-06-22,0.01234614,simulation
1953-06-23,0.01107383,simulation
1953-06-24,0.008974306,simulation
1953-06-25,0.009913431,simulation
1953-06-26,0.010561417,simulation
1953-06-27,0.0103077395,simulation
1953-06-28,0.011942731,simulation
1953-06-29,0.016300563,simulation
1953-06-30,0.015004364,simulation
1953-07-01,0.012214837,simulation
1953-07-02,0.010783962,simulation
1953-07-03,0.009035695,simulation
1953-07-04,0.007350266,simulation
1953-07-05,0.006544333,simulation
1953-07-06,0.005349871,simulation
1953-07-07,0.0042681103,simulation
1953-07-08,0.0075876354,simulation
1953-07-09,0.0075737606,simulation
1953-07-10,0.013507822,simulation
1953-07-11,0.011395215,simulation
1953-07-12,0.009977793,simulation
1953-07-13,0.008617218,simulation
1953-07-14,0.008540811,simulation
1953-07-15,0.008469433,simulation
1953-07-16,0.016468434,simulation
1953-07-17,0.027716247,simulation
1953-07-18,0.028774649,simulation
1953-07-19,0.045740403,simulation
1953-07-20,0.064064644,simulation
1953-07-21,0.1794911,simulation
1953-07-22,0.37053055,simulation
1953-07-23,0.7991363,simulation
1953-07-24,0.78536385,simulation
1953-07-25,0.8685456,simulation
1953-07-26,0.7249772,simulation
1953-07-27,0.57000107,simulation
1953-07-28,0.42295313,simulation
1953-07-29,0.35938245,simulation
1953-07-30,0.33057636,simulation
1953-07-31,0.34069914,simulation
1953-08-01,0.30545667,simulation
1953-08-02,0.2676218,simulation
1953-08-03,0.2294184,simulation
1953-08-04,0.19371636,simulation
1953-08-05,0.15917245,simulation
1953-08-06,0.1275054,simulation
1953-08-07,0.101998776,simulation
1953-08-08,0.08079101,simulation
1953-08-09,0.07137493,simulation
1953-08-10,0.058520526,simulation
1953-08-11,0.049396366,simulation
1953-08-12,0.039004385,simulation
1953-08-13,0.03205586,simulation
1953-08-14,0.025905764,simulation
1953-08-15,0.033634428,simulation
1953-08-16,0.031809192,simulation
1953-08-17,0.02709741,simulation
1953-08-18,0.024472332,simulation
1953-08-19,0.024949826,simulation
1953-08-20,0.022269275,simulation
1953-08-21,0.01920098,simulation
1953-08-22,0.022628868,simulation
1953-08-23,0.03163364,simulation
1953-08-24,0.030812422,simulation
1953-08-25,0.029578235,simulation
1953-08-26,0.029298184,simulation
1953-08-27,0.028832136,simulation
1953-08-28,0.050233964,simulation
1953-08-29,0.47922146,simulation
1953-08-30,2.394128,simulation
1953-08-31,2.0100453,simulation
1953-09-01,1.5097909,simulation
1953-09-02,1.1860714,simulation
1953-09-03,1.009323,simulation
1953-09-04,0.8788315,simulation
1953-09-05,0.98179555,simulation
1953-09-06,0.81317425,simulation
1953-09-07,0.6139024,simulation
1953-09-08,0.47115126,simulation
1953-09-09,0.36625057,simulation
1953-09-10,0.28836125,simulation
1953-09-11,0.22816864,simulation
1953-09-12,0.19316702,simulation
1953-09-13,0.16916238,simulation
1953-09-14,0.15831193,simulation
1953-09-15,0.14512238,simulation
1953-09-16,0.11891167,simulation
1953-09-17,0.0980314,simulation
1953-09-18,0.08249425,simulation
1953-09-19,0.07034051,simulation
1953-09-20,0.0586913,simulation
1953-09-21,0.048341088,simulation
1953-09-22,0.038612463,simulation
1953-09-23,0.030200172,simulation
1953-09-24,0.024902256,simulation
1953-09-25,0.02405076,simulation
1953-09-26,0.0225097,simulation
1953-09-27,0.019271333,simulation
1953-09-28,0.01592981,simulation
1953-09-29,0.013105858,simulation
1953-09-30,0.010749507,simulation
1953-10-01,0.009044629,simulation
1953-10-02,0.008563084,simulation
1953-10-03,0.0077881156,simulation
1953-10-04,0.006841776,simulation
1953-10-05,0.0058666645,simulation
1953-10-06,0.005138602,simulation
1953-10-07,0.0045299875,simulation
1953-10-08,0.003946852,simulation
1953-10-09,0.0033984338,simulation
1953-10-10,0.002889196,simulation
1953-10-11,0.0024775174,simulation
1953-10-12,0.00211935,simulation
1953-10-13,0.002046181,simulation
1953-10-14,0.0017656618,simulation
1953-10-15,0.0015305427,simulation
1953-10-16,0.0013356158,simulation
1953-10-17,0.0011595966,simulation
1953-10-18,0.0010007201,simulation
1953-10-19,0.00086898805,simulation
1953-10-20,0.0007938816,simulation
1953-10-21,0.0006954803,simulation
1953-10-22,0.00062112126,simulation
1953-10-23,0.00057486683,simulation
1953-10-24,0.000565742,simulation
1953-10-25,0.0005625993,simulation
1953-10-26,0.0005037535,simulation
1953-10-27,0.0006606547,simulation
1953-10-28,0.0006505567,simulation
1953-10-29,0.000578487,simulation
1953-10-30,0.00051072316,simulation
1953-10-31,0.00050614594,simulation
1953-11-01,0.000509009,simulation
1953-11-02,0.00051075546,simulation
1953-11-03,0.00048439996,simulation
1953-11-04,0.00047986844,simulation
1953-11-05,0.00050235743,simulation
1953-11-06,0.0004780802,simulation
1953-11-07,0.00043035907,simulation
1953-11-08,0.00043855055,simulation
1953-11-09,0.00044419768,simulation
1953-11-10,0.00040227693,simulation
1953-11-11,0.0003677655,simulation
1953-11-12,0.00034567132,simulation
1953-11-13,0.00032360243,simulation
1953-11-14,0.00030465913,simulation
1953-11-15,0.00028727582,simulation
1953-11-16,0.00028839102,simulation
1953-11-17,0.00029111607,simulation
1953-11-18,0.0002885824,simulation
1953-11-19,0.0002897867,simulation
1953-11-20,0.00061030325,simulation
1953-11-21,0.0006379594,simulation
1953-11-22,0.0006422667,simulation
1953-11-23,0.0018535915,simulation
1953-11-24,0.0017958675,simulation
1953-11-25,0.002081761,simulation
1953-11-26,0.0019111782,simulation
1953-11-27,0.0017690724,simulation
1953-11-28,0.0017021734,simulation
1953-11-29,0.0016821515,simulation
1953-11-30,0.002718947,simulation
1953-12-01,0.0027299172,simulation
1953-12-02,0.0025993355,simulation
1953-12-03,0.0026014883,simulation
1953-12-04,0.017965121,simulation
1953-12-05,0.017788935,simulation
1953-12-06,0.02217936,simulation
1953-12-07,0.03249685,simulation
1953-12-08,0.031768095,simulation
1953-12-09,0.036085937,simulation
1953-12-10,0.14463203,simulation
1953-12-11,0.1401868,simulation
1953-12-12,0.42498037,simulation
1953-12-13,0.4159296,simulation
1953-12-14,0.46595243,simulation
1953-12-15,0.42103323,simulation
1953-12-16,0.39424312,simulation
1953-12-17,0.36656663,simulation
1953-12-18,0.34835613,simulation
1953-12-19,0.33576986,simulation
1953-12-20,0.3264371,simulation
1953-12-21,0.409713,simulation
1953-12-22,0.3923899,simulation
1953-12-23,0.54680586,simulation
1953-12-24,0.5137224,simulation
1953-12-25,0.47717428,simulation
1953-12-26,0.4421637,simulation
1953-12-27,0.4178725,simulation
1953-12-28,0.45944753,simulation
1953-12-29,0.8689598,simulation
1953-12-30,1.2756462,simulation
1953-12-31,1.3203318,simulation
1954-01-01,1.1899191,simulation
1954-01-02,1.0827012,simulation
1954-01-03,1.0114731,simulation
1954-01-04,0.92954683,simulation
1954-01-05,0.8949319,simulation
1954-01-06,0.81541806,simulation
1954-01-07,0.7626984,simulation
1954-01-08,0.69818705,simulation
1954-01-09,0.6482345,simulation
1954-01-10,0.6311269,simulation
1954-01-11,0.9164953,simulation
1954-01-12,0.8414088,simulation
1954-01-13,0.7995869,simulation
1954-01-14,0.7605359,simulation
1954-01-15,0.72619313,simulation
1954-01-16,1.9709983,simulation
1954-01-17,1.7806381,simulation
1954-01-18,1.6376588,simulation
1954-01-19,1.5116922,simulation
1954-01-20,1.388096,simulation
1954-01-21,1.3458962,simulation
1954-01-22,2.3714018,simulation
1954-01-23,2.403688,simulation
1954-01-24,2.19485,simulation
1954-01-25,1.9860969,simulation
1954-01-26,1.8081356,simulation
1954-01-27,1.660872,simulation
1954-01-28,1.5994527,simulation
1954-01-29,1.4097058,simulation
1954-01-30,1.3816586,simulation
1954-01-31,2.4615238,simulation
1954-02-01,2.1690407,simulation
1954-02-02,1.8424714,simulation
1954-02-03,1.6001697,simulation
1954-02-04,1.3441731,simulation
1954-02-05,1.1551204,simulation
1954-02-06,1.0028263,simulation
1954-02-07,0.86890006,simulation
1954-02-08,0.7749005,simulation
1954-02-09,0.69425786,simulation
1954-02-10,0.6044879,simulation
1954-02-11,0.56955063,simulation
1954-02-12,0.53492826,simulation
1954-02-13,0.46941727,simulation
1954-02-14,0.4292111,simulation
1954-02-15,0.43918633,simulation
1954-02-16,0.41272944,simulation
1954-02-17,0.40549427,simulation
1954-02-18,0.35781252,simulation
1954-02-19,0.32870305,simulation
1954-02-20,0.3477577,simulation
1954-02-21,0.66141903,simulation
1954-02-22,0.5728912,simulation
1954-02-23,0.49727678,simulation
1954-02-24,0.6213247,simulation
1954-02-25,0.53543335,simulation
1954-02-26,0.45901623,simulation
1954-02-27,0.425265,simulation
1954-02-28,0.4661357,simulation
1954-03-01,0.42439055,simulation
1954-03-02,0.3773814,simulation
1954-03-03,0.461204,simulation
1954-03-04,0.40999782,simulation
1954-03-05,0.37833202,simulation
1954-03-06,0.37289315,simulation
1954-03-07,0.34719515,simulation
1954-03-08,0.30621138,simulation
1954-03-09,0.29631945,simulation
1954-03-10,0.26524705,simulation
1954-03-11,0.22929631,simulation
1954-03-12,0.20100375,simulation
1954-03-13,0.1880851,simulation
1954-03-14,0.18616454,simulation
1954-03-15,0.159989,simulation
1954-03-16,0.14071433,simulation
1954-03-17,0.12511061,simulation
1954-03-18,0.11908619,simulation
1954-03-19,0.123625726,simulation
1954-03-20,0.35063043,simulation
1954-03-21,0.30619457,simulation
1954-03-22,0.26574326,simulation
1954-03-23,0.23060554,simulation
1954-03-24,0.21983688,simulation
1954-03-25,0.2088983,simulation
1954-03-26,0.2898771,simulation
1954-03-27,0.32775947,simulation
1954-03-28,3.196898,simulation
1954-03-29,2.8029697,simulation
1954-03-30,2.473899,simulation
1954-03-31,2.1067982,simulation
1954-04-01,1.7231835,simulation
1954-04-02,1.3694967,simulation
1954-04-03,1.190534,simulation
1954-04-04,1.0267079,simulation
1954-04-05,0.90455645,simulation
1954-04-06,0.75083053,simulation
1954-04-07,0.67291015,simulation
1954-04-08,0.56186074,simulation
1954-04-09,0.5702153,simulation
1954-04-10,0.5381014,simulation
1954-04-11,0.48537892,simulation
1954-04-12,0.4804545,simulation
1954-04-13,0.50362545,simulation
1954-04-14,0.41420516,simulation
1954-04-15,0.35088107,simulation
1954-04-16,1.9235338,simulation
1954-04-17,4.878685,simulation
1954-04-18,3.4519455,simulation
1954-04-19,2.522179,simulation
1954-04-20,1.9938927,simulation
1954-04-21,1.6072884,simulation
1954-04-22,1.3880106,simulation
1954-04-23,1.2313787,simulation
1954-04-24,1.2473592,simulation
1954-04-25,1.0524141,simulation
1954-04-26,0.9039835,simulation
1954-04-27,0.75986564,simulation
1954-04-28,0.6508546,simulation
1954-04-29,0.6254707,simulation
1954-04-30,0.52983314,simulation
1954-05-01,0.44861847,simulation
1954-05-02,0.44571412,simulation
1954-05-03,1.0992002,simulation
1954-05-04,1.5015072,simulation
1954-05-05,1.1538324,simulation
1954-05-06,0.89524394,simulation
1954-05-07,0.6935271,simulation
1954-05-08,0.59089017,simulation
1954-05-09,0.46507192,simulation
1954-05-10,0.597902,simulation
1954-05-11,0.7796799,simulation
1954-05-12,1.6705215,simulation
1954-05-13,2.668763,simulation
1954-05-14,2.3922231,simulation
1954-05-15,2.0506332,simulation
1954-05-16,1.5932968,simulation
1954-05-17,1.2772454,simulation
1954-05-18,1.0631809,simulation
1954-05-19,0.940135,simulation
1954-05-20,0.83846706,simulation
1954-05-21,0.6353956,simulation
1954-05-22,0.49102035,simulation
1954-05-23,0.38306737,simulation
1954-05-24,0.3371557,simulation
1954-05-25,0.27983364,simulation
1954-05-26,0.2648833,simulation
1954-05-27,0.26730198,simulation
1954-05-28,0.459598,simulation
1954-05-29,0.38860893,simulation
1954-05-30,0.32395184,simulation
1954-05-31,0.27245003,simulation
1954-06-01,0.22556624,simulation
1954-06-02,0.18222876,simulation
1954-06-03,0.15009263,simulation
1954-06-04,0.15172939,simulation
1954-06-05,0.11420255,simulation
1954-06-06,0.094882935,simulation
1954-06-07,0.0761087,simulation
1954-06-08,0.063722394,simulation
1954-06-09,0.05295449,simulation
1954-06-10,0.043543436,simulation
1954-06-11,0.035023663,simulation
1954-06-12,0.027714707,simulation
1954-06-13,0.021622114,simulation
1954-06-14,0.020185214,simulation
1954-06-15,0.01728889,simulation
1954-06-16,0.016787406,simulation
1954-06-17,0.015447531,simulation
1954-06-18,0.01665449,simulation
1954-06-19,0.018469421,simulation
1954-06-20,0.016469773,simulation
1954-06-21,0.0136900805,simulation
1954-06-22,0.033893004,simulation
1954-06-23,0.028608112,simulation
1954-06-24,0.02824355,simulation
1954-06-25,0.023323176,simulation
1954-06-26,0.018877983,simulation
1954-06-27,0.014779644,simulation
1954-06-28,0.014719053,simulation
1954-06-29,0.011833815,simulation
1954-06-30,0.009319921,simulation
1954-07-01,0.006947745,simulation
1954-07-02,0.006457887,simulation
1954-07-03,0.005784733,simulation
1954-07-04,0.0059044464,simulation
1954-07-05,0.0055896277,simulation
1954-07-06,0.007694403,simulation
1954-07-07,0.0077804835,simulation
1954-07-08,0.0073186983,simulation
1954-07-09,0.016214987,simulation
1954-07-10,0.034537118,simulation
1954-07-11,0.028787928,simulation
1954-07-12,0.033522006,simulation
1954-07-13,0.025861057,simulation
1954-07-14,0.021997197,simulation
1954-07-15,0.018064063,simulation
1954-07-16,0.015083664,simulation
1954-07-17,0.024927853,simulation
1954-07-18,0.02276661,simulation
1954-07-19,0.023502383,simulation
1954-07-20,0.024903469,simulation
1954-07-21,0.022020519,simulation
1954-07-22,0.019353895,simulation
1954-07-23,0.01567652,simulation
1954-07-24,0.012924331,simulation
1954-07-25,0.017988874,simulation
1954-07-26,0.015678123,simulation
1954-07-27,0.013402651,simulation
1954-07-28,0.013527131,simulation
1954-07-29,0.013296131,simulation
1954-07-30,0.016627636,simulation
1954-07-31,0.0152805615,simulation
1954-08-01,0.012629826,simulation
1954-08-02,0.010012624,simulation
1954-08-03,0.008083173,simulation
1954-08-04,0.006932323,simulation
1954-08-05,0.00611757,simulation
1954-08-06,0.005024455,simulation
1954-08-07,0.0041923905,simulation
1954-08-08,0.0034902154,simulation
1954-08-09,0.0032066684,simulation
1954-08-10,0.00277617,simulation
1954-08-11,0.0025130191,simulation
1954-08-12,0.001944539,simulation
1954-08-13,0.0015129492,simulation
1954-08-14,0.0011997324,simulation
1954-08-15,0.0009826805,simulation
1954-08-16,0.00083710294,simulation
1954-08-17,0.0006911905,simulation
1954-08-18,0.0005905955,simulation
1954-08-19,0.00051822985,simulation
1954-08-20,0.00048249253,simulation
1954-08-21,0.0005921938,simulation
1954-08-22,0.0005077168,simulation
1954-08-23,0.00048744198,simulation
1954-08-24,0.0005438801,simulation
1954-08-25,0.00047865103,simulation
1954-08-26,0.00041093957,simulation
1954-08-27,0.0003594761,simulation
1954-08-28,0.00032850387,simulation
1954-08-29,0.0003013178,simulation
1954-08-30,0.0002450403,simulation
1954-08-31,0.00019190775,simulation
1954-09-01,0.00015447212,simulation
1954-09-02,0.000121321646,simulation
1954-09-03,9.687619e-05,simulation
1954-09-04,7.787891e-05,simulation
1954-09-05,6.353671e-05,simulation
1954-09-06,5.744315e-05,simulation
1954-09-07,5.696576e-05,simulation
1954-09-08,4.8963084e-05,simulation
1954-09-09,5.140162e-05,simulation
1954-09-10,4.3423388e-05,simulation
1954-09-11,3.7726364e-05,simulation
1954-09-12,3.1791405e-05,simulation
1954-09-13,2.5683084e-05,simulation
1954-09-14,2.1024178e-05,simulation
1954-09-15,1.8225384e-05,simulation
1954-09-16,1.6595404e-05,simulation
1954-09-17,1.924209e-05,simulation
1954-09-18,3.7248003e-05,simulation
1954-09-19,3.2711425e-05,simulation
1954-09-20,2.8558086e-05,simulation
1954-09-21,2.4672483e-05,simulation
1954-09-22,2.2799803e-05,simulation
1954-09-23,1.8626306e-05,simulation
1954-09-24,1.5298914e-05,simulation
1954-09-25,1.3494839e-05,simulation
1954-09-26,1.1783152e-05,simulation
1954-09-27,1.0664232e-05,simulation
1954-09-28,9.349576e-06,simulation
1954-09-29,9.051089e-06,simulation
1954-09-30,8.792032e-06,simulation
1954-10-01,8.428254e-06,simulation
1954-10-02,8.258906e-06,simulation
1954-10-03,7.1411623e-06,simulation
1954-10-04,8.54412e-06,simulation
1954-10-05,8.097796e-06,simulation
1954-10-06,7.088032e-06,simulation
1954-10-07,6.314144e-06,simulation
1954-10-08,6.094823e-06,simulation
1954-10-09,6.0920506e-06,simulation
1954-10-10,5.839378e-06,simulation
1954-10-11,5.5311734e-06,simulation
1954-10-12,5.1722773e-06,simulation
1954-10-13,2.2600016e-05,simulation
1954-10-14,3.012298e-05,simulation
1954-10-15,2.8026006e-05,simulation
1954-10-16,2.3756062e-05,simulation
1954-10-17,2.1108342e-05,simulation
1954-10-18,1.8960773e-05,simulation
1954-10-19,1.7013905e-05,simulation
1954-10-20,1.5027054e-05,simulation
1954-10-21,1.33774065e-05,simulation
1954-10-22,1.2424311e-05,simulation
1954-10-23,1.2011632e-05,simulation
1954-10-24,1.1693352e-05,simulation
1954-10-25,1.0858836e-05,simulation
1954-10-26,9.834495e-06,simulation
1954-10-27,9.795387e-06,simulation
1954-10-28,1.1573369e-05,simulation
1954-10-29,1.3255624e-05,simulation
1954-10-30,1.2468376e-05,simulation
1954-10-31,1.261519e-05,simulation
1954-11-01,1.1918218e-05,simulation
1954-11-02,1.1464382e-05,simulation
1954-11-03,1.10673645e-05,simulation
1954-11-04,1.0883571e-05,simulation
1954-11-05,2.7974189e-05,simulation
1954-11-06,2.7844342e-05,simulation
1954-11-07,2.695048e-05,simulation
1954-11-08,2.5853553e-05,simulation
1954-11-09,2.4955823e-05,simulation
1954-11-10,2.5142386e-05,simulation
1954-11-11,2.5185756e-05,simulation
1954-11-12,2.5514357e-05,simulation
1954-11-13,2.4140345e-05,simulation
1954-11-14,2.3139653e-05,simulation
1954-11-15,2.3555072e-05,simulation
1954-11-16,6.064136e-05,simulation
1954-11-17,8.548323e-05,simulation
1954-11-18,8.405817e-05,simulation
1954-11-19,8.3740306e-05,simulation
1954-11-20,7.860775e-05,simulation
1954-11-21,7.4624026e-05,simulation
1954-11-22,7.1701645e-05,simulation
1954-11-23,7.016553e-05,simulation
1954-11-24,6.841057e-05,simulation
1954-11-25,6.34569e-05,simulation
1954-11-26,6.146125e-05,simulation
1954-11-27,5.9078306e-05,simulation
1954-11-28,6.8678884e-05,simulation
1954-11-29,8.023768e-05,simulation
1954-11-30,7.3255724e-05,simulation
1954-12-01,7.2497605e-05,simulation
1954-12-02,7.344203e-05,simulation
1954-12-03,7.4568685e-05,simulation
1954-12-04,7.550101e-05,simulation
1954-12-05,7.5997e-05,simulation
1954-12-06,7.344499e-05,simulation
1954-12-07,6.90272e-05,simulation
1954-12-08,6.831174e-05,simulation
1954-12-09,7.2822746e-05,simulation
1954-12-10,7.6304066e-05,simulation
1954-12-11,7.4556934e-05,simulation
1954-12-12,7.337028e-05,simulation
1954-12-13,0.00015911175,simulation
1954-12-14,0.00016142895,simulation
1954-12-15,0.00016057181,simulation
1954-12-16,0.00015593877,simulation
1954-12-17,0.00015317407,simulation
1954-12-18,0.0003049273,simulation
1954-12-19,0.00029689202,simulation
1954-12-20,0.00029107684,simulation
1954-12-21,0.0002910247,simulation
1954-12-22,0.00028760248,simulation
1954-12-23,0.00028062426,simulation
1954-12-24,0.00028078133,simulation
1954-12-25,0.000283793,simulation
1954-12-26,0.00027763157,simulation
1954-12-27,0.00028129766,simulation
1954-12-28,0.00050359045,simulation
1954-12-29,0.006131477,simulation
1954-12-30,0.011113763,simulation
1954-12-31,0.010865851,simulation
1955-01-01,0.01374517,simulation
1955-01-02,0.016403828,simulation
1955-01-03,0.016553031,simulation
1955-01-04,0.016527845,simulation
1955-01-05,0.016574685,simulation
1955-01-06,0.016121183,simulation
1955-01-07,0.016006304,simulation
1955-01-08,0.015711509,simulation
1955-01-09,0.015629774,simulation
1955-01-10,0.022266282,simulation
1955-01-11,0.041158773,simulation
1955-01-12,0.040235676,simulation
1955-01-13,0.039922968,simulation
1955-01-14,0.036697734,simulation
1955-01-15,0.035819754,simulation
1955-01-16,0.10883247,simulation
1955-01-17,0.13981248,simulation
1955-01-18,0.1383013,simulation
1955-01-19,0.3627042,simulation
1955-01-20,0.34807384,simulation
1955-01-21,0.33220488,simulation
1955-01-22,0.4797923,simulation
1955-01-23,0.4590351,simulation
1955-01-24,0.44815037,simulation
1955-01-25,0.41848105,simulation
1955-01-26,0.38450345,simulation
1955-01-27,0.36194575,simulation
1955-01-28,0.4233934,simulation
1955-01-29,0.39803433,simulation
1955-01-30,0.36416125,simulation
1955-01-31,0.33966026,simulation
1955-02-01,0.3242059,simulation
1955-02-02,0.31365642,simulation
1955-02-03,0.29843944,simulation
1955-02-04,0.28806105,simulation
1955-02-05,0.287089,simulation
1955-02-06,3.1799629,simulation
1955-02-07,6.2675567,simulation
1955-02-08,4.9495063,simulation
1955-02-09,3.8719225,simulation
1955-02-10,3.1257432,simulation
1955-02-11,2.8780222,simulation
1955-02-12,2.3634198,simulation
1955-02-13,1.9950969,simulation
1955-02-14,1.7092752,simulation
1955-02-15,1.4978492,simulation
1955-02-16,1.2940438,simulation
1955-02-17,1.3229685,simulation
1955-02-18,1.1979849,simulation
1955-02-19,1.1321459,simulation
1955-02-20,1.0637038,simulation
1955-02-21,1.345265,simulation
1955-02-22,4.9392915,simulation
1955-02-23,4.877342,simulation
1955-02-24,3.9717097,simulation
1955-02-25,3.3306773,simulation
1955-02-26,2.6841114,simulation
1955-02-27,2.3478074,simulation
1955-02-28,2.0232112,simulation
1955-03-01,1.7869666,simulation
1955-03-02,1.6071337,simulation
1955-03-03,1.3887895,simulation
1955-03-04,1.2209896,simulation
1955-03-05,1.0930924,simulation
1955-03-06,0.9422053,simulation
1955-03-07,0.88360703,simulation
1955-03-08,0.7897548,simulation
1955-03-09,0.6722573,simulation
1955-03-10,0.6135845,simulation
1955-03-11,0.5473875,simulation
1955-03-12,0.46716267,simulation
1955-03-13,0.3948916,simulation
1955-03-14,0.35513636,simulation
1955-03-15,0.32525602,simulation
1955-03-16,0.28143993,simulation
1955-03-17,0.24868047,simulation
1955-03-18,0.21908031,simulation
1955-03-19,0.19668402,simulation
1955-03-20,0.37659457,simulation
1955-03-21,0.37280387,simulation
1955-03-22,0.497879,simulation
1955-03-23,0.44231057,simulation
1955-03-24,0.38900426,simulation
1955-03-25,0.3358076,simulation
1955-03-26,0.2960857,simulation
1955-03-27,0.27380544,simulation
1955-03-28,0.24405321,simulation
1955-03-29,0.22532196,simulation
1955-03-30,0.20172611,simulation
1955-03-31,0.17521,simulation
1955-04-01,0.15185685,simulation
1955-04-02,0.25532407,simulation
1955-04-03,0.21116999,simulation
1955-04-04,0.17498577,simulation
1955-04-05,0.16937296,simulation
1955-04-06,0.155466,simulation
1955-04-07,0.13326158,simulation
1955-04-08,0.13129815,simulation
1955-04-09,0.12500545,simulation
1955-04-10,0.27067804,simulation
1955-04-11,0.9884011,simulation
1955-04-12,0.83752114,simulation
1955-04-13,6.750598,simulation
1955-04-14,11.583857,simulation
1955-04-15,7.245676,simulation
1955-04-16,5.023816,simulation
1955-04-17,3.8720918,simulation
1955-04-18,2.888835,simulation
1955-04-19,2.2860298,simulation
1955-04-20,1.958816,simulation
1955-04-21,1.6682929,simulation
1955-04-22,1.6751714,simulation
1955-04-23,1.3300331,simulation
1955-04-24,1.1553103,simulation
1955-04-25,0.92302865,simulation
1955-04-26,0.71670485,simulation
1955-04-27,0.60468346,simulation
1955-04-28,0.52576137,simulation
1955-04-29,0.43231073,simulation
1955-04-30,0.36481917,simulation
1955-05-01,0.28648242,simulation
1955-05-02,0.23172176,simulation
1955-05-03,0.18181162,simulation
1955-05-04,0.14632447,simulation
1955-05-05,0.11882016,simulation
1955-05-06,0.09635039,simulation
1955-05-07,0.08387974,simulation
1955-05-08,0.0716163,simulation
1955-05-09,0.061491974,simulation
1955-05-10,0.05362668,simulation
1955-05-11,0.047306083,simulation
1955-05-12,0.043172225,simulation
1955-05-13,0.041218016,simulation
1955-05-14,0.036397263,simulation
1955-05-15,0.03372331,simulation
1955-05-16,0.034221902,simulation
1955-05-17,0.035403766,simulation
1955-05-18,0.03710961,simulation
1955-05-19,0.038067743,simulation
1955-05-20,0.04703574,simulation
1955-05-21,0.112162024,simulation
1955-05-22,0.11771794,simulation
1955-05-23,0.0923142,simulation
1955-05-24,0.3581935,simulation
1955-05-25,0.37728846,simulation
1955-05-26,0.3010645,simulation
1955-05-27,0.24433875,simulation
1955-05-28,0.20333728,simulation
1955-05-29,0.17328879,simulation
1955-05-30,0.23057546,simulation
1955-05-31,0.17705421,simulation
1955-06-01,0.1435971,simulation
1955-06-02,0.10958858,simulation
1955-06-03,0.08622902,simulation
1955-06-04,0.071565874,simulation
1955-06-05,0.059063606,simulation
1955-06-06,0.078323014,simulation
1955-06-07,0.10944942,simulation
1955-06-08,0.08856828,simulation
1955-06-09,0.07756459,simulation
1955-06-10,0.08703313,simulation
1955-06-11,0.15560532,simulation
1955-06-12,0.12339117,simulation
1955-06-13,0.095764734,simulation
1955-06-14,0.07418057,simulation
1955-06-15,0.063339286,simulation
1955-06-16,0.08561103,simulation
1955-06-17,0.07192017,simulation
1955-06-18,0.05689633,simulation
1955-06-19,0.043343388,simulation
1955-06-20,0.033198718,simulation
1955-06-21,0.025282647,simulation
1955-06-22,0.02020495,simulation
1955-06-23,0.024108395,simulation
1955-06-24,0.020374054,simulation
1955-06-25,0.01705212,simulation
1955-06-26,0.01469016,simulation
1955-06-27,0.023842083,simulation
1955-06-28,0.021122588,simulation
1955-06-29,0.01883194,simulation
1955-06-30,0.019633602,simulation
1955-07-01,0.01753161,simulation
1955-07-02,0.015477015,simulation
1955-07-03,0.013108014,simulation
1955-07-04,0.012696338,simulation
1955-07-05,0.015090288,simulation
1955-07-06,0.0139446445,simulation
1955-07-07,0.015545047,simulation
1955-07-08,0.014317798,simulation
1955-07-09,0.011974131,simulation
1955-07-10,0.010832039,simulation
1955-07-11,0.0101820575,simulation
1955-07-12,0.009435408,simulation
1955-07-13,0.0095588025,simulation
1955-07-14,0.013192512,simulation
1955-07-15,0.030737802,simulation
1955-07-16,0.029793415,simulation
1955-07-17,0.045512702,simulation
1955-07-18,0.091664866,simulation
1955-07-19,0.08580559,simulation
1955-07-20,0.07342632,simulation
1955-07-21,0.12021281,simulation
1955-07-22,0.10954084,simulation
1955-07-23,0.12605235,simulation
1955-07-24,0.11752373,simulation
1955-07-25,0.10066267,simulation
1955-07-26,0.08202579,simulation
1955-07-27,0.0739111,simulation
1955-07-28,0.12787434,simulation
1955-07-29,0.12417199,simulation
1955-07-30,0.2232593,simulation
1955-07-31,0.29700097,simulation
1955-08-01,0.24633494,simulation
1955-08-02,0.28102136,simulation
1955-08-03,0.65056217,simulation
1955-08-04,0.6058074,simulation
1955-08-05,0.62796515,simulation
1955-08-06,0.54161066,simulation
1955-08-07,0.45596585,simulation
1955-08-08,0.3841205,simulation
1955-08-09,0.37844506,simulation
1955-08-10,0.34200191,simulation
1955-08-11,0.32211924,simulation
1955-08-12,0.285698,simulation
1955-08-13,0.24638525,simulation
1955-08-14,0.21076901,simulation
1955-08-15,0.17662564,simulation
1955-08-16,0.15064089,simulation
1955-08-17,0.11973496,simulation
1955-08-18,0.09252029,simulation
1955-08-19,0.07315994,simulation
1955-08-20,0.057041828,simulation
1955-08-21,0.044708285,simulation
1955-08-22,0.035125896,simulation
1955-08-23,0.027531272,simulation
1955-08-24,0.028545957,simulation
1955-08-25,0.025720926,simulation
1955-08-26,0.020989321,simulation
1955-08-27,0.020898353,simulation
1955-08-28,0.022421261,simulation
1955-08-29,0.020981627,simulation
1955-08-30,0.018244877,simulation
1955-08-31,0.020840919,simulation
1955-09-01,0.019421304,simulation
1955-09-02,0.018996641,simulation
1955-09-03,0.016862955,simulation
1955-09-04,0.014438882,simulation
1955-09-05,0.014176434,simulation
1955-09-06,0.014130612,simulation
1955-09-07,0.013918626,simulation
1955-09-08,0.012392811,simulation
1955-09-09,0.010348022,simulation
1955-09-10,0.00882792,simulation
1955-09-11,0.007835195,simulation
1955-09-12,0.0066660233,simulation
1955-09-13,0.0065332428,simulation
1955-09-14,0.0064269584,simulation
1955-09-15,0.0063075246,simulation
1955-09-16,0.005589292,simulation
1955-09-17,0.005090602,simulation
1955-09-18,0.004665236,simulation
1955-09-19,0.0040773475,simulation
1955-09-20,0.0034056867,simulation
1955-09-21,0.0028272425,simulation
1955-09-22,0.0024395199,simulation
1955-09-23,0.0022805706,simulation
1955-09-24,0.0041967696,simulation
1955-09-25,0.0038011924,simulation
1955-09-26,0.0033577422,simulation
1955-09-27,0.0028388535,simulation
1955-09-28,0.0033366024,simulation
1955-09-29,0.0031719026,simulation
1955-09-30,0.002787078,simulation
1955-10-01,0.0024606392,simulation
1955-10-02,0.0023065284,simulation
1955-10-03,0.0019525181,simulation
1955-10-04,0.0017376022,simulation
1955-10-05,0.0016264423,simulation
1955-10-06,0.0014336443,simulation
1955-10-07,0.0014979248,simulation
1955-10-08,0.0020068006,simulation
1955-10-09,0.00180472,simulation
1955-10-10,0.0015567212,simulation
1955-10-11,0.001372983,simulation
1955-10-12,0.001177886,simulation
1955-10-13,0.0010556927,simulation
1955-10-14,0.0009894032,simulation
1955-10-15,0.0008486378,simulation
1955-10-16,0.0007490824,simulation
1955-10-17,0.0006825039,simulation
1955-10-18,0.00062075065,simulation
1955-10-19,0.00054747734,simulation
1955-10-20,0.00048734254,simulation
1955-10-21,0.00043472397,simulation
1955-10-22,0.00038873724,simulation
1955-10-23,0.0003475961,simulation
1955-10-24,0.00031470187,simulation
1955-10-25,0.00028374442,simulation
1955-10-26,0.0002516697,simulation
1955-10-27,0.00022583458,simulation
1955-10-28,0.00020234786,simulation
1955-10-29,0.00041898186,simulation
1955-10-30,0.00037523327,simulation
1955-10-31,0.0003373952,simulation
1955-11-01,0.00030454725,simulation
1955-11-02,0.00029489267,simulation
1955-11-03,0.00033590815,simulation
1955-11-04,0.00030033253,simulation
1955-11-05,0.0002787861,simulation
1955-11-06,0.00027103152,simulation
1955-11-07,0.00060676,simulation
1955-11-08,0.0006163761,simulation
1955-11-09,0.0005977973,simulation
1955-11-10,0.0005974436,simulation
1955-11-11,0.00072551594,simulation
1955-11-12,0.0007028866,simulation
1955-11-13,0.0007160654,simulation
1955-11-14,0.00071163743,simulation
1955-11-15,0.0007093337,simulation
1955-11-16,0.00069349335,simulation
1955-11-17,0.00090534514,simulation
1955-11-18,0.0008225947,simulation
1955-11-19,0.00081777247,simulation
1955-11-20,0.00081968907,simulation
1955-11-21,0.0007807906,simulation
1955-11-22,0.0007854568,simulation
1955-11-23,0.00078570127,simulation
1955-11-24,0.0020248229,simulation
1955-11-25,0.002797337,simulation
1955-11-26,0.0062039373,simulation
1955-11-27,0.0060410746,simulation
1955-11-28,0.006052371,simulation
1955-11-29,0.005906441,simulation
1955-11-30,0.005573893,simulation
1955-12-01,0.005391595,simulation
1955-12-02,0.023579868,simulation
1955-12-03,0.052638598,simulation
1955-12-04,0.054006185,simulation
1955-12-05,0.059680127,simulation
1955-12-06,0.07472228,simulation
1955-12-07,0.07260261,simulation
1955-12-08,0.07023166,simulation
1955-12-09,0.065554544,simulation
1955-12-10,0.061048668,simulation
1955-12-11,0.059622984,simulation
1955-12-12,0.058671758,simulation
1955-12-13,0.055852897,simulation
1955-12-14,0.053631153,simulation
1955-12-15,0.05265371,simulation
1955-12-16,0.051559124,simulation
1955-12-17,0.049836833,simulation
1955-12-18,0.04941661,simulation
1955-12-19,0.12673415,simulation
1955-12-20,0.12316529,simulation
1955-12-21,0.12126869,simulation
1955-12-22,0.119259484,simulation
1955-12-23,0.11637356,simulation
1955-12-24,0.11317078,simulation
1955-12-25,0.107928365,simulation
1955-12-26,0.10429186,simulation
1955-12-27,0.10266452,simulation
1955-12-28,0.10008717,simulation
1955-12-29,0.09766631,simulation
1955-12-30,0.09602519,simulation
1955-12-31,0.09252323,simulation
1956-01-01,0.0876466,simulation
1956-01-02,0.08428305,simulation
1956-01-03,0.082166284,simulation
1956-01-04,0.08151115,simulation
1956-01-05,0.07651702,simulation
1956-01-06,0.0729123,simulation
1956-01-07,0.070153944,simulation
1956-01-08,0.06756854,simulation
1956-01-09,0.0631904,simulation
1956-01-10,0.058950596,simulation
1956-01-11,0.05428741,simulation
1956-01-12,0.05072847,simulation
1956-01-13,0.050161038,simulation
1956-01-14,0.04752228,simulation
1956-01-15,0.04548909,simulation
1956-01-16,0.04440637,simulation
1956-01-17,0.042177327,simulation
1956-01-18,0.04029404,simulation
1956-01-19,0.09162681,simulation
1956-01-20,0.09104988,simulation
1956-01-21,0.08827575,simulation
1956-01-22,0.08699255,simulation
1956-01-23,0.15580949,simulation
1956-01-24,0.21827133,simulation
1956-01-25,0.2154763,simulation
1956-01-26,0.20731436,simulation
1956-01-27,0.19421586,simulation
1956-01-28,0.19007504,simulation
1956-01-29,0.18426219,simulation
1956-01-30,0.1783485,simulation
1956-01-31,0.2818687,simulation
1956-02-01,0.27553064,simulation
1956-02-02,0.3122097,simulation
1956-02-03,1.5912971,simulation
1956-02-04,3.2577245,simulation
1956-02-05,8.529832,simulation
1956-02-06,15.971304,simulation
1956-02-07,10.487931,simulation
1956-02-08,7.5997195,simulation
1956-02-09,8.783831,simulation
1956-02-10,6.7433157,simulation
1956-02-11,6.8905787,simulation
1956-02-12,5.36575,simulation
1956-02-13,4.427503,simulation
1956-02-14,4.9678917,simulation
1956-02-15,7.48981,simulation
1956-02-16,7.4261975,simulation
1956-02-17,7.10673,simulation
1956-02-18,5.5763383,simulation
1956-02-19,5.8673697,simulation
1956-02-20,4.9088044,simulation
1956-02-21,4.094297,simulation
1956-02-22,3.4199598,simulation
1956-02-23,2.72797,simulation
1956-02-24,2.3761723,simulation
1956-02-25,2.0379784,simulation
1956-02-26,1.8302628,simulation
1956-02-27,1.5467972,simulation
1956-02-28,1.4174359,simulation
1956-02-29,1.1440133,simulation
1956-03-01,0.97029287,simulation
1956-03-02,0.9004489,simulation
1956-03-03,1.3207828,simulation
1956-03-04,1.950259,simulation
1956-03-05,1.7144386,simulation
1956-03-06,1.5447664,simulation
1956-03-07,1.2889407,simulation
1956-03-08,1.3702061,simulation
1956-03-09,1.1396453,simulation
1956-03-10,0.97377485,simulation
1956-03-11,0.9139805,simulation
1956-03-12,1.4349908,simulation
1956-03-13,1.8495145,simulation
1956-03-14,2.8957138,simulation
1956-03-15,4.5427823,simulation
1956-03-16,24.629154,simulation
1956-03-17,16.85495,simulation
1956-03-18,10.533874,simulation
1956-03-19,7.1617885,simulation
1956-03-20,4.9840565,simulation
1956-03-21,3.725228,simulation
1956-03-22,3.162572,simulation
1956-03-23,3.006595,simulation
1956-03-24,2.4269137,simulation
1956-03-25,1.9405252,simulation
1956-03-26,1.5269178,simulation
1956-03-27,1.2522227,simulation
1956-03-28,1.092103,simulation
1956-03-29,1.4078863,simulation
1956-03-30,1.3053262,simulation
1956-03-31,1.0454291,simulation
1956-04-01,0.84446424,simulation
1956-04-02,0.7884408,simulation
1956-04-03,0.71521276,simulation
1956-04-04,0.656096,simulation
1956-04-05,1.522237,simulation
1956-04-06,4.331311,simulation
1956-04-07,3.5728261,simulation
1956-04-08,2.8036928,simulation
1956-04-09,2.4164379,simulation
1956-04-10,2.0143476,simulation
1956-04-11,3.8579955,simulation
1956-04-12,2.9697044,simulation
1956-04-13,2.264367,simulation
1956-04-14,1.7658075,simulation
1956-04-15,1.5180889,simulation
1956-04-16,1.6850832,simulation
1956-04-17,1.2796813,simulation
1956-04-18,1.0811415,simulation
1956-04-19,0.96330863,simulation
1956-04-20,0.75620055,simulation
1956-04-21,0.6819878,simulation
1956-04-22,0.6396912,simulation
1956-04-23,0.6448419,simulation
1956-04-24,0.58157116,simulation
1956-04-25,0.5566894,simulation
1956-04-26,0.5176828,simulation
1956-04-27,0.48099312,simulation
1956-04-28,0.44393802,simulation
1956-04-29,0.39222348,simulation
1956-04-30,0.3542108,simulation
1956-05-01,0.30891582,simulation
1956-05-02,0.27659774,simulation
1956-05-03,0.30970743,simulation
1956-05-04,0.30332002,simulation
1956-05-05,0.29182744,simulation
1956-05-06,0.30097303,simulation
1956-05-07,0.31187645,simulation
1956-05-08,0.2625826,simulation
1956-05-09,0.20786436,simulation
1956-05-10,0.18235403,simulation
1956-05-11,0.16514944,simulation
1956-05-12,0.14443602,simulation
1956-05-13,0.12448656,simulation
1956-05-14,0.10506672,simulation
1956-05-15,0.08798518,simulation
1956-05-16,0.09364524,simulation
1956-05-17,0.07838145,simulation
1956-05-18,0.061460145,simulation
1956-05-19,0.047811665,simulation
1956-05-20,0.037962962,simulation
1956-05-21,0.029502437,simulation
1956-05-22,0.023249926,simulation
1956-05-23,0.018300608,simulation
1956-05-24,0.015158498,simulation
1956-05-25,0.015578004,simulation
1956-05-26,0.01609885,simulation
1956-05-27,0.016936598,simulation
1956-05-28,0.024339305,simulation
1956-05-29,0.022096671,simulation
1956-05-30,0.021606065,simulation
1956-05-31,0.03872935,simulation
1956-06-01,0.03831332,simulation
1956-06-02,0.035516478,simulation
1956-06-03,0.0271403,simulation
1956-06-04,0.025518043,simulation
1956-06-05,0.024155635,simulation
1956-06-06,0.022008164,simulation
1956-06-07,0.016844444,simulation
1956-06-08,0.01301278,simulation
1956-06-09,0.010121083,simulation
1956-06-10,0.00822081,simulation
1956-06-11,0.008012778,simulation
1956-06-12,0.0076216008,simulation
1956-06-13,0.010160754,simulation
1956-06-14,0.034527123,simulation
1956-06-15,0.045249958,simulation
1956-06-16,0.054958925,simulation
1956-06-17,0.07127866,simulation
1956-06-18,0.06980025,simulation
1956-06-19,0.06605733,simulation
1956-06-20,0.06344187,simulation
1956-06-21,0.08726312,simulation
1956-06-22,0.071709365,simulation
1956-06-23,0.059313674,simulation
1956-06-24,0.050113596,simulation
1956-06-25,0.041105736,simulation
1956-06-26,0.033200417,simulation
1956-06-27,0.027228536,simulation
1956-06-28,0.023893025,simulation
1956-06-29,0.021373136,simulation
1956-06-30,0.021611726,simulation
1956-07-01,0.01896673,simulation
1956-07-02,0.016279992,simulation
1956-07-03,0.013733935,simulation
1956-07-04,0.011125571,simulation
1956-07-05,0.01038385,simulation
1956-07-06,0.009517494,simulation
1956-07-07,0.007910247,simulation
1956-07-08,0.0077648605,simulation
1956-07-09,0.007932835,simulation
1956-07-10,0.0077728652,simulation
1956-07-11,0.0072079618,simulation
1956-07-12,0.0062472983,simulation
1956-07-13,0.005184399,simulation
1956-07-14,0.0043014926,simulation
1956-07-15,0.0035631643,simulation
1956-07-16,0.00292002,simulation
1956-07-17,0.0023411957,simulation
1956-07-18,0.002455073,simulation
1956-07-19,0.00203773,simulation
1956-07-20,0.0017457817,simulation
1956-07-21,0.0015167223,simulation
1956-07-22,0.0018619986,simulation
1956-07-23,0.006053653,simulation
1956-07-24,0.0054719727,simulation
1956-07-25,0.0045244074,simulation
1956-07-26,0.0041989484,simulation
1956-07-27,0.0042705266,simulation
1956-07-28,0.004237494,simulation
1956-07-29,0.0038528969,simulation
1956-07-30,0.004752361,simulation
1956-07-31,0.0047771,simulation
1956-08-01,0.0057630935,simulation
1956-08-02,0.0052870642,simulation
1956-08-03,0.004708551,simulation
1956-08-04,0.003961257,simulation
1956-08-05,0.004181401,simulation
1956-08-06,0.0037494106,simulation
1956-08-07,0.0030167126,simulation
1956-08-08,0.003627663,simulation
1956-08-09,0.002908654,simulation
1956-08-10,0.002299995,simulation
1956-08-11,0.0018434542,simulation
1956-08-12,0.0018957105,simulation
1956-08-13,0.0018976579,simulation
1956-08-14,0.0034642457,simulation
1956-08-15,0.0050383797,simulation
1956-08-16,0.0045154607,simulation
1956-08-17,0.0038872745,simulation
1956-08-18,0.0030934622,simulation
1956-08-19,0.0025931608,simulation
1956-08-20,0.002234626,simulation
1956-08-21,0.003126482,simulation
1956-08-22,0.0029705525,simulation
1956-08-23,0.00236867,simulation
1956-08-24,0.002015943,simulation
1956-08-25,0.0019012218,simulation
1956-08-26,0.001892697,simulation
1956-08-27,0.0022705968,simulation
1956-08-28,0.0024066481,simulation
1956-08-29,0.003012616,simulation
1956-08-30,0.0026591532,simulation
1956-08-31,0.003111461,simulation
1956-09-01,0.0029316025,simulation
1956-09-02,0.0026216519,simulation
1956-09-03,0.0022195703,simulation
1956-09-04,0.0019094157,simulation
1956-09-05,0.0017200303,simulation
1956-09-06,0.0019321374,simulation
1956-09-07,0.0018161583,simulation
1956-09-08,0.0016795996,simulation
1956-09-09,0.0014048938,simulation
1956-09-10,0.0012106369,simulation
1956-09-11,0.0010101288,simulation
1956-09-12,0.0008274444,simulation
1956-09-13,0.0007063517,simulation
1956-09-14,0.00060237,simulation
1956-09-15,0.00050397986,simulation
1956-09-16,0.00042315637,simulation
1956-09-17,0.00037581805,simulation
1956-09-18,0.00033257157,simulation
1956-09-19,0.00027330613,simulation
1956-09-20,0.00024318785,simulation
1956-09-21,0.00022150195,simulation
1956-09-22,0.00018411076,simulation
1956-09-23,0.00017193258,simulation
1956-09-24,0.00018031245,simulation
1956-09-25,0.00017475114,simulation
1956-09-26,0.00014337189,simulation
1956-09-27,0.0001176831,simulation
1956-09-28,0.000101107704,simulation
1956-09-29,8.8155924e-05,simulation
1956-09-30,8.431343e-05,simulation
1956-10-01,9.666901e-05,simulation
1956-10-02,0.0002479339,simulation
1956-10-03,0.0005375148,simulation
1956-10-04,0.00068509707,simulation
1956-10-05,0.0008102139,simulation
1956-10-06,0.0007466629,simulation
1956-10-07,0.00064604275,simulation
1956-10-08,0.0005437741,simulation
1956-10-09,0.00046304552,simulation
1956-10-10,0.0004003783,simulation
1956-10-11,0.00036382006,simulation
1956-10-12,0.0003215991,simulation
1956-10-13,0.00029293122,simulation
1956-10-14,0.0002584686,simulation
1956-10-15,0.00022914437,simulation
1956-10-16,0.0002014978,simulation
1956-10-17,0.00019269864,simulation
1956-10-18,0.00018687392,simulation
1956-10-19,0.00016382754,simulation
1956-10-20,0.00016646125,simulation
1956-10-21,0.00020073702,simulation
1956-10-22,0.00019732099,simulation
1956-10-23,0.00020547748,simulation
1956-10-24,0.00018303777,simulation
1956-10-25,0.00016156834,simulation
1956-10-26,0.00015269041,simulation
1956-10-27,0.00026624912,simulation
1956-10-28,0.0002669204,simulation
1956-10-29,0.00024174758,simulation
1956-10-30,0.00022714779,simulation
1956-10-31,0.00022381714,simulation
1956-11-01,0.00025910494,simulation
1956-11-02,0.0002462634,simulation
1956-11-03,0.000235099,simulation
1956-11-04,0.00023241494,simulation
1956-11-05,0.00022470155,simulation
1956-11-06,0.00022407049,simulation
1956-11-07,0.00030221077,simulation
1956-11-08,0.0006487219,simulation
1956-11-09,0.0005898992,simulation
1956-11-10,0.0005491623,simulation
1956-11-11,0.00051892776,simulation
1956-11-12,0.0004929983,simulation
1956-11-13,0.00047236957,simulation
1956-11-14,0.0004559688,simulation
1956-11-15,0.00044356124,simulation
1956-11-16,0.0004437696,simulation
1956-11-17,0.00045770258,simulation
1956-11-18,0.00047477605,simulation
1956-11-19,0.00044327858,simulation
1956-11-20,0.0004361934,simulation
1956-11-21,0.00042431065,simulation
1956-11-22,0.00054049765,simulation
1956-11-23,0.0004901586,simulation
1956-11-24,0.00046731194,simulation
1956-11-25,0.00044142216,simulation
1956-11-26,0.0004077004,simulation
1956-11-27,0.0003961792,simulation
1956-11-28,0.00038751925,simulation
1956-11-29,0.00038162968,simulation
1956-11-30,0.0003836607,simulation
1956-12-01,0.00037495184,simulation
1956-12-02,0.0003643735,simulation
1956-12-03,0.00035315295,simulation
1956-12-04,0.0003486984,simulation
1956-12-05,0.00035056446,simulation
1956-12-06,0.00035255263,simulation
1956-12-07,0.00034952455,simulation
1956-12-08,0.00033899868,simulation
1956-12-09,0.0003418158,simulation
1956-12-10,0.00034424,simulation
1956-12-11,0.00034337383,simulation
1956-12-12,0.00036402655,simulation
1956-12-13,0.00036892566,simulation
1956-12-14,0.0009790509,simulation
1956-12-15,0.0010030923,simulation
1956-12-16,0.0010031296,simulation
1956-12-17,0.0009739772,simulation
1956-12-18,0.0011330316,simulation
1956-12-19,0.0011592396,simulation
1956-12-20,0.0015905797,simulation
1956-12-21,0.002009508,simulation
1956-12-22,0.005602371,simulation
1956-12-23,0.026666528,simulation
1956-12-24,0.030784568,simulation
1956-12-25,0.029612616,simulation
1956-12-26,0.028437572,simulation
1956-12-27,0.027308388,simulation
1956-12-28,0.025380583,simulation
1956-12-29,0.022954386,simulation
1956-12-30,0.021203076,simulation
1956-12-31,0.019816337,simulation
1957-01-01,0.018783012,simulation
1957-01-02,0.018376412,simulation
1957-01-03,0.017801039,simulation
1957-01-04,0.017505832,simulation
1957-01-05,0.023782877,simulation
1957-01-06,0.025112256,simulation
1957-01-07,0.02586868,simulation
1957-01-08,0.025544498,simulation
1957-01-09,0.025260959,simulation
1957-01-10,0.024422605,simulation
1957-01-11,0.023451632,simulation
1957-01-12,0.022649093,simulation
1957-01-13,0.022475261,simulation
1957-01-14,0.022256361,simulation
1957-01-15,0.022223094,simulation
1957-01-16,0.022152726,simulation
1957-01-17,0.02217026,simulation
1957-01-18,0.02181874,simulation
1957-01-19,0.021127932,simulation
1957-01-20,0.020219726,simulation
1957-01-21,0.021590983,simulation
1957-01-22,0.024925705,simulation
1957-01-23,0.03286484,simulation
1957-01-24,0.032532576,simulation
1957-01-25,0.04390238,simulation
1957-01-26,0.09183024,simulation
1957-01-27,0.0991587,simulation
1957-01-28,0.09609258,simulation
1957-01-29,0.094252355,simulation
1957-01-30,0.098365635,simulation
1957-01-31,0.120186225,simulation
1957-02-01,0.11616879,simulation
1957-02-02,0.1756735,simulation
1957-02-03,0.2852157,simulation
1957-02-04,0.28966895,simulation
1957-02-05,0.26937065,simulation
1957-02-06,0.26414886,simulation
1957-02-07,0.25978145,simulation
1957-02-08,0.24135047,simulation
1957-02-09,0.22388154,simulation
1957-02-10,0.21089868,simulation
1957-02-11,0.21984941,simulation
1957-02-12,0.21559204,simulation
1957-02-13,0.21015432,simulation
1957-02-14,0.18729408,simulation
1957-02-15,0.16958193,simulation
1957-02-16,0.18998638,simulation
1957-02-17,0.1873779,simulation
1957-02-18,0.17886126,simulation
1957-02-19,0.22869587,simulation
1957-02-20,0.22393559,simulation
1957-02-21,0.21558706,simulation
1957-02-22,0.19436456,simulation
1957-02-23,0.17974502,simulation
1957-02-24,0.17675887,simulation
1957-02-25,0.17451124,simulation
1957-02-26,0.3170038,simulation
1957-02-27,0.29199106,simulation
1957-02-28,0.2857477,simulation
1957-03-01,0.2610967,simulation
1957-03-02,0.22954315,simulation
1957-03-03,0.29022428,simulation
1957-03-04,0.30444807,simulation
1957-03-05,0.29418343,simulation
1957-03-06,0.29515088,simulation
1957-03-07,0.26332352,simulation
1957-03-08,0.29026347,simulation
1957-03-09,0.2582035,simulation
1957-03-10,0.22424108,simulation
1957-03-11,0.2085796,simulation
1957-03-12,0.3024817,simulation
1957-03-13,0.32059652,simulation
1957-03-14,0.3610177,simulation
1957-03-15,0.33224982,simulation
1957-03-16,0.27396157,simulation
1957-03-17,0.24387768,simulation
1957-03-18,0.24338935,simulation
1957-03-19,0.32024938,simulation
1957-03-20,0.30050507,simulation
1957-03-21,0.2847819,simulation
1957-03-22,0.89659685,simulation
1957-03-23,0.7744544,simulation
1957-03-24,1.3753618,simulation
1957-03-25,1.4487275,simulation
1957-03-26,1.192028,simulation
1957-03-27,1.0068679,simulation
1957-03-28,0.844707,simulation
1957-03-29,0.80111325,simulation
1957-03-30,0.67226213,simulation
1957-03-31,0.61065394,simulation
1957-04-01,3.9478378,simulation
1957-04-02,2.9501717,simulation
1957-04-03,2.4466455,simulation
1957-04-04,2.1632354,simulation
1957-04-05,14.863156,simulation
1957-04-06,9.112372,simulation
1957-04-07,6.5270195,simulation
1957-04-08,5.1486273,simulation
1957-04-09,4.30339,simulation
1957-04-10,3.1995938,simulation
1957-04-11,2.7366428,simulation
1957-04-12,2.2587686,simulation
1957-04-13,1.8152051,simulation
1957-04-14,1.5928751,simulation
1957-04-15,1.3705014,simulation
1957-04-16,1.0715985,simulation
1957-04-17,1.1940088,simulation
1957-04-18,1.6446007,simulation
1957-04-19,1.5681465,simulation
1957-04-20,1.288095,simulation
1957-04-21,1.5026435,simulation
1957-04-22,1.4847133,simulation
1957-04-23,1.3210137,simulation
1957-04-24,1.1101209,simulation
1957-04-25,0.9674559,simulation
1957-04-26,0.83253175,simulation
1957-04-27,0.7255586,simulation
1957-04-28,0.62438697,simulation
1957-04-29,0.59737206,simulation
1957-04-30,0.5240561,simulation
1957-05-01,0.8207185,simulation
1957-05-02,1.4164541,simulation
1957-05-03,2.5221686,simulation
1957-05-04,3.6908228,simulation
1957-05-05,2.8893225,simulation
1957-05-06,2.2056265,simulation
1957-05-07,1.746759,simulation
1957-05-08,1.4524144,simulation
1957-05-09,1.1992174,simulation
1957-05-10,1.4198885,simulation
1957-05-11,1.3518528,simulation
1957-05-12,1.1156985,simulation
1957-05-13,0.93936837,simulation
1957-05-14,0.9163967,simulation
1957-05-15,0.7724177,simulation
1957-05-16,0.67223614,simulation
1957-05-17,0.55847704,simulation
1957-05-18,0.4537035,simulation
1957-05-19,0.37529805,simulation
1957-05-20,0.5415419,simulation
1957-05-21,0.44216064,simulation
1957-05-22,0.3530451,simulation
1957-05-23,0.28894785,simulation
1957-05-24,0.31654242,simulation
1957-05-25,0.6786068,simulation
1957-05-26,0.57568854,simulation
1957-05-27,0.6184291,simulation
1957-05-28,0.50962645,simulation
1957-05-29,0.45589638,simulation
1957-05-30,0.35450286,simulation
1957-05-31,0.2846125,simulation
1957-06-01,0.23794335,simulation
1957-06-02,0.26645774,simulation
1957-06-03,0.26411077,simulation
1957-06-04,0.28397155,simulation
1957-06-05,0.32780594,simulation
1957-06-06,0.30372268,simulation
1957-06-07,0.2869082,simulation
1957-06-08,0.26575422,simulation
1957-06-09,0.2327499,simulation
1957-06-10,0.20067988,simulation
1957-06-11,0.16562083,simulation
1957-06-12,0.13472705,simulation
1957-06-13,0.10822949,simulation
1957-06-14,0.08863357,simulation
1957-06-15,0.071431674,simulation
1957-06-16,0.06781512,simulation
1957-06-17,0.05426606,simulation
1957-06-18,0.04666172,simulation
1957-06-19,0.04147519,simulation
1957-06-20,0.047278836,simulation
1957-06-21,0.05104075,simulation
1957-06-22,0.05436094,simulation
1957-06-23,0.08665237,simulation
1957-06-24,0.085066326,simulation
1957-06-25,0.07732128,simulation
1957-06-26,0.073333226,simulation
1957-06-27,0.076626904,simulation
1957-06-28,0.18310535,simulation
1957-06-29,3.3852274,simulation
1957-06-30,2.5377238,simulation
1957-07-01,1.998908,simulation
1957-07-02,1.5273702,simulation
1957-07-03,1.2334243,simulation
1957-07-04,1.0637038,simulation
1957-07-05,0.90075105,simulation
1957-07-06,0.74312735,simulation
1957-07-07,0.53722966,simulation
1957-07-08,0.39140445,simulation
1957-07-09,0.30741346,simulation
1957-07-10,0.24414054,simulation
1957-07-11,0.19793586,simulation
1957-07-12,0.16034351,simulation
1957-07-13,0.11816409,simulation
1957-07-14,0.09067342,simulation
1957-07-15,0.077658564,simulation
1957-07-16,0.08076062,simulation
1957-07-17,0.0807494,simulation
1957-07-18,0.0828597,simulation
1957-07-19,0.0835648,simulation
1957-07-20,0.08378898,simulation
1957-07-21,0.08622542,simulation
1957-07-22,0.10187646,simulation
1957-07-23,0.09313113,simulation
1957-07-24,0.1488906,simulation
1957-07-25,0.15692174,simulation
1957-07-26,0.13909186,simulation
1957-07-27,0.11398523,simulation
1957-07-28,0.09322729,simulation
1957-07-29,0.07676189,simulation
1957-07-30,0.0718376,simulation
1957-07-31,0.08064575,simulation
1957-08-01,0.13957061,simulation
1957-08-02,0.18909219,simulation
1957-08-03,0.26600575,simulation
1957-08-04,0.24144232,simulation
1957-08-05,0.26254952,simulation
1957-08-06,0.22548802,simulation
1957-08-07,0.17131212,simulation
1957-08-08,0.1419014,simulation
1957-08-09,0.121163905,simulation
1957-08-10,0.11755356,simulation
1957-08-11,0.1027569,simulation
1957-08-12,0.08971104,simulation
1957-08-13,0.07912405,simulation
1957-08-14,0.07247523,simulation
1957-08-15,0.06226967,simulation
1957-08-16,0.052493244,simulation
1957-08-17,0.04369695,simulation
1957-08-18,0.041578557,simulation
1957-08-19,0.03799638,simulation
1957-08-20,0.031659964,simulation
1957-08-21,0.024602596,simulation
1957-08-22,0.019200042,simulation
1957-08-23,0.015161066,simulation
1957-08-24,0.011814607,simulation
1957-08-25,0.009303081,simulation
1957-08-26,0.0077143125,simulation
1957-08-27,0.0062559233,simulation
1957-08-28,0.005017063,simulation
1957-08-29,0.0041316063,simulation
1957-08-30,0.0037343805,simulation
1957-08-31,0.003987637,simulation
1957-09-01,0.005160604,simulation
1957-09-02,0.004781166,simulation
1957-09-03,0.0042141443,simulation
1957-09-04,0.0039414405,simulation
1957-09-05,0.0046702004,simulation
1957-09-06,0.004261752,simulation
1957-09-07,0.0036119134,simulation
1957-09-08,0.00362958,simulation
1957-09-09,0.0033854377,simulation
1957-09-10,0.003111738,simulation
1957-09-11,0.0029400936,simulation
1957-09-12,0.0033270824,simulation
1957-09-13,0.016466523,simulation
1957-09-14,0.017761296,simulation
1957-09-15,0.021950038,simulation
1957-09-16,0.026713617,simulation
1957-09-17,0.026084624,simulation
1957-09-18,0.03326672,simulation
1957-09-19,1.8626314,simulation
1957-09-20,1.7071736,simulation
1957-09-21,1.6834899,simulation
1957-09-22,1.4021759,simulation
1957-09-23,1.5317534,simulation
1957-09-24,1.4153576,simulation
1957-09-25,1.2125666,simulation
1957-09-26,1.1239444,simulation
1957-09-27,6.723206,simulation
1957-09-28,19.07401,simulation
1957-09-29,13.607877,simulation
1957-09-30,9.660547,simulation
1957-10-01,8.028324,simulation
1957-10-02,6.1024785,simulation
1957-10-03,15.515537,simulation
1957-10-04,10.123679,simulation
1957-10-05,6.73325,simulation
1957-10-06,4.950075,simulation
1957-10-07,3.688816,simulation
1957-10-08,2.828322,simulation
1957-10-09,2.1974127,simulation
1957-10-10,1.7395283,simulation
1957-10-11,1.4285946,simulation
1957-10-12,1.1470368,simulation
1957-10-13,0.93965554,simulation
1957-10-14,0.86630934,simulation
1957-10-15,0.81894237,simulation
1957-10-16,0.81184393,simulation
1957-10-17,1.7015718,simulation
1957-10-18,1.4143556,simulation
1957-10-19,1.1407392,simulation
1957-10-20,0.9421506,simulation
1957-10-21,0.84557116,simulation
1957-10-22,0.78961164,simulation
1957-10-23,0.9173756,simulation
1957-10-24,1.2714071,simulation
1957-10-25,1.0973908,simulation
1957-10-26,1.0257062,simulation
1957-10-27,0.9526961,simulation
1957-10-28,0.8273947,simulation
1957-10-29,0.7393458,simulation
1957-10-30,0.65661776,simulation
1957-10-31,0.6866978,simulation
1957-11-01,0.62046546,simulation
1957-11-02,0.58157617,simulation
1957-11-03,0.53639066,simulation
1957-11-04,0.49248445,simulation
1957-11-05,0.44116557,simulation
1957-11-06,0.46905988,simulation
1957-11-07,0.45975175,simulation
1957-11-08,0.5325147,simulation
1957-11-09,1.2316408,simulation
1957-11-10,1.0575526,simulation
1957-11-11,0.97042495,simulation
1957-11-12,0.8760279,simulation
1957-11-13,0.83902824,simulation
1957-11-14,7.379663,simulation
1957-11-15,5.60781,simulation
1957-11-16,4.694132,simulation
1957-11-17,3.995986,simulation
1957-11-18,3.6292245,simulation
1957-11-19,6.4386187,simulation
1957-11-20,4.872517,simulation
1957-11-21,3.8228688,simulation
1957-11-22,3.3695588,simulation
1957-11-23,7.9836636,simulation
1957-11-24,6.2798057,simulation
1957-11-25,7.448683,simulation
1957-11-26,5.8188586,simulation
1957-11-27,4.5670476,simulation
1957-11-28,3.836661,simulation
1957-11-29,3.8856616,simulation
1957-11-30,3.8478603,simulation
1957-12-01,3.0521538,simulation
1957-12-02,2.5858185,simulation
1957-12-03,2.2283437,simulation
1957-12-04,2.288008,simulation
1957-12-05,2.0298295,simulation
1957-12-06,1.7858949,simulation
1957-12-07,1.6036048,simulation
1957-12-08,2.87091,simulation
1957-12-09,2.4945662,simulation
1957-12-10,2.2003849,simulation
1957-12-11,1.8985791,simulation
1957-12-12,1.6318649,simulation
1957-12-13,1.4738007,simulation
1957-12-14,1.3348624,simulation
1957-12-15,1.35639,simulation
1957-12-16,1.2553703,simulation
1957-12-17,1.1742569,simulation
1957-12-18,1.0822142,simulation
1957-12-19,1.0203811,simulation
1957-12-20,1.9337395,simulation
1957-12-21,1.6435349,simulation
1957-12-22,1.454295,simulation
1957-12-23,1.3432757,simulation
1957-12-24,1.2179843,simulation
1957-12-25,1.1353585,simulation
1957-12-26,1.715757,simulation
1957-12-27,1.4935582,simulation
1957-12-28,2.2266514,simulation
1957-12-29,2.3281841,simulation
1957-12-30,2.029485,simulation
1957-12-31,1.8278717,simulation
1958-01-01,1.8168367,simulation
1958-01-02,1.6366677,simulation
1958-01-03,1.4824567,simulation
1958-01-04,1.3373817,simulation
1958-01-05,1.2383454,simulation
1958-01-06,1.1443917,simulation
1958-01-07,1.2065167,simulation
1958-01-08,1.1011719,simulation
1958-01-09,1.0107315,simulation
1958-01-10,0.9536805,simulation
1958-01-11,0.897237,simulation
1958-01-12,0.8439001,simulation
1958-01-13,1.1456935,simulation
1958-01-14,1.1844451,simulation
1958-01-15,1.1002101,simulation
1958-01-16,1.5518048,simulation
1958-01-17,1.3822151,simulation
1958-01-18,1.2662457,simulation
1958-01-19,1.169845,simulation
1958-01-20,1.0990293,simulation
1958-01-21,3.071849,simulation
1958-01-22,2.6812458,simulation
1958-01-23,2.3815355,simulation
1958-01-24,4.032823,simulation
1958-01-25,4.15408,simulation
1958-01-26,4.453277,simulation
1958-01-27,3.5055115,simulation
1958-01-28,2.95382,simulation
1958-01-29,2.5689657,simulation
1958-01-30,2.2926204,simulation
1958-01-31,2.03962,simulation
1958-02-01,1.832614,simulation
1958-02-02,1.5308439,simulation
1958-02-03,1.3055829,simulation
1958-02-04,1.137711,simulation
1958-02-05,1.0040035,simulation
1958-02-06,1.6233947,simulation
1958-02-07,4.193285,simulation
1958-02-08,3.3989189,simulation
1958-02-09,2.7767036,simulation
1958-02-10,2.4258976,simulation
1958-02-11,3.8829212,simulation
1958-02-12,3.283936,simulation
1958-02-13,2.8880486,simulation
1958-02-14,2.4656174,simulation
1958-02-15,3.5524623,simulation
1958-02-16,3.0894902,simulation
1958-02-17,2.5719247,simulation
1958-02-18,2.2843425,simulation
1958-02-19,1.9666167,simulation
1958-02-20,1.77316,simulation
1958-02-21,1.510361,simulation
1958-02-22,1.3585566,simulation
1958-02-23,1.2702296,simulation
1958-02-24,1.2570984,simulation
1958-02-25,1.172216,simulation
1958-02-26,1.1106093,simulation
1958-02-27,1.7967064,simulation
1958-02-28,1.4389384,simulation
1958-03-01,1.1712159,simulation
1958-03-02,1.0111783,simulation
1958-03-03,0.8393498,simulation
1958-03-04,0.7102062,simulation
1958-03-05,0.630122,simulation
1958-03-06,0.7736065,simulation
1958-03-07,1.7627777,simulation
1958-03-08,4.015054,simulation
1958-03-09,6.8628387,simulation
1958-03-10,4.9256825,simulation
1958-03-11,3.7364109,simulation
1958-03-12,2.9303682,simulation
1958-03-13,4.300348,simulation
1958-03-14,3.6011343,simulation
1958-03-15,2.865176,simulation
1958-03-16,2.2955933,simulation
1958-03-17,1.925839,simulation
1958-03-18,6.496649,simulation
1958-03-19,5.166218,simulation
1958-03-20,3.8239362,simulation
1958-03-21,2.9095213,simulation
1958-03-22,2.318299,simulation
1958-03-23,1.8939842,simulation
1958-03-24,5.504499,simulation
1958-03-25,4.689201,simulation
1958-03-26,3.9306383,simulation
1958-03-27,3.3497648,simulation
1958-03-28,2.9192324,simulation
1958-03-29,2.3596213,simulation
1958-03-30,2.831117,simulation
1958-03-31,2.3379486,simulation
1958-04-01,1.8659264,simulation
1958-04-02,1.6832511,simulation
1958-04-03,1.5088874,simulation
1958-04-04,1.3049605,simulation
1958-04-05,1.1064502,simulation
1958-04-06,0.98984075,simulation
1958-04-07,0.8064436,simulation
1958-04-08,0.6306636,simulation
1958-04-09,0.55627173,simulation
1958-04-10,1.2788332,simulation
1958-04-11,1.1303613,simulation
1958-04-12,0.9195784,simulation
1958-04-13,0.83563834,simulation
1958-04-14,0.73161036,simulation
1958-04-15,1.0115975,simulation
1958-04-16,1.2665007,simulation
1958-04-17,1.0478326,simulation
1958-04-18,0.9355967,simulation
1958-04-19,0.8486283,simulation
1958-04-20,0.7139741,simulation
1958-04-21,1.3709733,simulation
1958-04-22,1.1909533,simulation
1958-04-23,0.94442177,simulation
1958-04-24,0.8002928,simulation
1958-04-25,0.6768496,simulation
1958-04-26,0.68584454,simulation
1958-04-27,0.6611998,simulation
1958-04-28,1.4850223,simulation
1958-04-29,1.4187709,simulation
1958-04-30,3.2613533,simulation
1958-05-01,3.6760583,simulation
1958-05-02,3.0343251,simulation
1958-05-03,2.4399338,simulation
1958-05-04,2.7710745,simulation
1958-05-05,7.6882567,simulation
1958-05-06,5.326355,simulation
1958-05-07,3.8025084,simulation
1958-05-08,2.708857,simulation
1958-05-09,2.1874692,simulation
1958-05-10,1.8431909,simulation
1958-05-11,1.9881368,simulation
1958-05-12,2.121258,simulation
1958-05-13,1.6100651,simulation
1958-05-14,1.3123889,simulation
1958-05-15,1.0496643,simulation
1958-05-16,0.9179586,simulation
1958-05-17,0.8098575,simulation
1958-05-18,0.8073079,simulation
1958-05-19,1.1536198,simulation
1958-05-20,1.2314905,simulation
1958-05-21,1.1009765,simulation
1958-05-22,0.965476,simulation
1958-05-23,0.90466344,simulation
1958-05-24,0.8658259,simulation
1958-05-25,0.75574636,simulation
1958-05-26,0.808001,simulation
1958-05-27,0.6153773,simulation
1958-05-28,0.47477493,simulation
1958-05-29,0.38670513,simulation
1958-05-30,0.31454846,simulation
1958-05-31,0.25410807,simulation
1958-06-01,0.20588027,simulation
1958-06-02,0.16416918,simulation
1958-06-03,0.13147734,simulation
1958-06-04,0.15805271,simulation
1958-06-05,0.141742,simulation
1958-06-06,0.11982995,simulation
1958-06-07,0.10761268,simulation
1958-06-08,0.09109049,simulation
1958-06-09,0.087026104,simulation
1958-06-10,0.06909689,simulation
1958-06-11,0.056962073,simulation
1958-06-12,0.05608099,simulation
1958-06-13,0.04523822,simulation
1958-06-14,0.038140833,simulation
1958-06-15,0.0338777,simulation
1958-06-16,0.15760754,simulation
1958-06-17,0.21114378,simulation
1958-06-18,0.27894586,simulation
1958-06-19,0.31090027,simulation
1958-06-20,0.61912584,simulation
1958-06-21,0.5167003,simulation
1958-06-22,0.7333788,simulation
1958-06-23,0.7742508,simulation
1958-06-24,0.6212193,simulation
1958-06-25,0.4647464,simulation
1958-06-26,0.3857611,simulation
1958-06-27,0.36503917,simulation
1958-06-28,0.33022603,simulation
1958-06-29,0.24571557,simulation
1958-06-30,0.18451315,simulation
1958-07-01,0.14670224,simulation
1958-07-02,0.12109386,simulation
1958-07-03,0.09914245,simulation
1958-07-04,0.07716179,simulation
1958-07-05,0.06785429,simulation
1958-07-06,0.055269368,simulation
1958-07-07,0.04771779,simulation
1958-07-08,0.10381775,simulation
1958-07-09,0.19583774,simulation
1958-07-10,0.4195229,simulation
1958-07-11,0.53282166,simulation
1958-07-12,0.62438995,simulation
1958-07-13,1.1449742,simulation
1958-07-14,1.7648358,simulation
1958-07-15,1.4746091,simulation
1958-07-16,1.172843,simulation
1958-07-17,0.95747674,simulation
1958-07-18,0.8100668,simulation
1958-07-19,0.9116986,simulation
1958-07-20,0.74226606,simulation
1958-07-21,0.6162684,simulation
1958-07-22,0.8439017,simulation
1958-07-23,1.2514666,simulation
1958-07-24,3.151211,simulation
1958-07-25,4.296647,simulation
1958-07-26,3.4667978,simulation
1958-07-27,4.101452,simulation
1958-07-28,3.1876125,simulation
1958-07-29,2.362978,simulation
1958-07-30,2.513687,simulation
1958-07-31,2.431204,simulation
1958-08-01,1.965794,simulation
1958-08-02,1.854194,simulation
1958-08-03,1.7693444,simulation
1958-08-04,1.7162464,simulation
1958-08-05,1.3790135,simulation
1958-08-06,1.0174066,simulation
1958-08-07,0.76883876,simulation
1958-08-08,0.5809274,simulation
1958-08-09,0.50056565,simulation
1958-08-10,0.9221719,simulation
1958-08-11,0.76098114,simulation
1958-08-12,0.596695,simulation
1958-08-13,0.6443222,simulation
1958-08-14,0.5458484,simulation
1958-08-15,0.9003481,simulation
1958-08-16,1.1764327,simulation
1958-08-17,0.9990675,simulation
1958-08-18,1.0438162,simulation
1958-08-19,0.88380927,simulation
1958-08-20,0.6694762,simulation
1958-08-21,0.5196904,simulation
1958-08-22,0.44496232,simulation
1958-08-23,0.42015892,simulation
1958-08-24,0.4361494,simulation
1958-08-25,0.44156244,simulation
1958-08-26,0.4330798,simulation
1958-08-27,0.34122014,simulation
1958-08-28,0.26853287,simulation
1958-08-29,0.21025616,simulation
1958-08-30,0.17015156,simulation
1958-08-31,0.13869104,simulation
1958-09-01,0.11544361,simulation
1958-09-02,0.093465135,simulation
1958-09-03,0.08522759,simulation
1958-09-04,0.08135333,simulation
1958-09-05,0.07966396,simulation
1958-09-06,0.07772194,simulation
1958-09-07,0.075618275,simulation
1958-09-08,0.13363749,simulation
1958-09-09,0.1290373,simulation
1958-09-10,0.102096915,simulation
1958-09-11,0.08295369,simulation
1958-09-12,0.083251774,simulation
1958-09-13,0.09734252,simulation
1958-09-14,0.09293119,simulation
1958-09-15,0.093554266,simulation
1958-09-16,0.08922752,simulation
1958-09-17,0.09860446,simulation
1958-09-18,0.9327517,simulation
1958-09-19,0.8729264,simulation
1958-09-20,1.006264,simulation
1958-09-21,1.5017806,simulation
1958-09-22,4.4644966,simulation
1958-09-23,5.5102158,simulation
1958-09-24,7.905799,simulation
1958-09-25,6.420155,simulation
1958-09-26,4.773503,simulation
1958-09-27,3.831883,simulation
1958-09-28,3.0417864,simulation
1958-09-29,2.232773,simulation
1958-09-30,1.7734678,simulation
1958-10-01,6.776192,simulation
1958-10-02,6.3708487,simulation
1958-10-03,4.9491982,simulation
1958-10-04,4.094514,simulation
1958-10-05,3.7709029,simulation
1958-10-06,3.0619128,simulation
1958-10-07,2.3589084,simulation
1958-10-08,1.880857,simulation
1958-10-09,1.6011323,simulation
1958-10-10,1.3614516,simulation
1958-10-11,1.1381679,simulation
1958-10-12,0.88674784,simulation
1958-10-13,0.75130075,simulation
1958-10-14,0.6221415,simulation
1958-10-15,0.55554146,simulation
1958-10-16,0.5285594,simulation
1958-10-17,0.5068449,simulation
1958-10-18,0.48774529,simulation
1958-10-19,0.4226875,simulation
1958-10-20,0.35185736,simulation
1958-10-21,0.29980737,simulation
1958-10-22,0.25930277,simulation
1958-10-23,0.23952723,simulation
1958-10-24,0.21621007,simulation
1958-10-25,0.18637644,simulation
1958-10-26,0.160282,simulation
1958-10-27,0.1386968,simulation
1958-10-28,0.12882875,simulation
1958-10-29,0.12389693,simulation
1958-10-30,0.121730804,simulation
1958-10-31,0.19615926,simulation
1958-11-01,0.23132724,simulation
1958-11-02,0.2190733,simulation
1958-11-03,0.2083465,simulation
1958-11-04,0.20394197,simulation
1958-11-05,0.22152226,simulation
1958-11-06,0.21937665,simulation
1958-11-07,0.25656334,simulation
1958-11-08,0.22647208,simulation
1958-11-09,0.20798467,simulation
1958-11-10,0.18792865,simulation
1958-11-11,0.16417487,simulation
1958-11-12,0.14585933,simulation
1958-11-13,0.13103767,simulation
1958-11-14,0.12384786,simulation
1958-11-15,0.12157011,simulation
1958-11-16,0.6125959,simulation
1958-11-17,0.5809511,simulation
1958-11-18,0.5571916,simulation
1958-11-19,0.7285357,simulation
1958-11-20,0.6802882,simulation
1958-11-21,0.6309356,simulation
1958-11-22,0.55663526,simulation
1958-11-23,0.50193703,simulation
1958-11-24,0.47524574,simulation
1958-11-25,0.4581476,simulation
1958-11-26,0.44102922,simulation
1958-11-27,0.40969822,simulation
1958-11-28,0.39044017,simulation
1958-11-29,1.3547142,simulation
1958-11-30,1.2108563,simulation
1958-12-01,1.0742493,simulation
1958-12-02,0.9941354,simulation
1958-12-03,0.9318509,simulation
1958-12-04,1.0687902,simulation
1958-12-05,0.9448351,simulation
1958-12-06,0.8739069,simulation
1958-12-07,0.81056565,simulation
1958-12-08,0.7522144,simulation
1958-12-09,0.71293396,simulation
1958-12-10,0.67353463,simulation
1958-12-11,0.90893805,simulation
1958-12-12,0.8333671,simulation
1958-12-13,0.7649938,simulation
1958-12-14,0.8155441,simulation
1958-12-15,0.75346076,simulation
1958-12-16,0.70012134,simulation
1958-12-17,0.64766055,simulation
1958-12-18,0.59759635,simulation
1958-12-19,0.55423105,simulation
1958-12-20,0.5232126,simulation
1958-12-21,0.5035567,simulation
1958-12-22,0.4686005,simulation
1958-12-23,0.44660217,simulation
1958-12-24,0.8283587,simulation
1958-12-25,0.7833699,simulation
1958-12-26,0.7446642,simulation
1958-12-27,0.7112156,simulation
1958-12-28,0.8238681,simulation
1958-12-29,0.79116076,simulation
1958-12-30,0.75084895,simulation
1958-12-31,0.72568107,simulation
1959-01-01,1.8514194,simulation
1959-01-02,1.8809419,simulation
1959-01-03,1.7404927,simulation
1959-01-04,1.62655,simulation
1959-01-05,1.4950922,simulation
1959-01-06,1.3542873,simulation
1959-01-07,1.2558644,simulation
1959-01-08,1.1737355,simulation
1959-01-09,1.41898,simulation
1959-01-10,1.2599485,simulation
1959-01-11,1.1488404,simulation
1959-01-12,1.0449957,simulation
1959-01-13,0.9589845,simulation
1959-01-14,0.8925637,simulation
1959-01-15,0.8427652,simulation
1959-01-16,3.2613664,simulation
1959-01-17,2.7358015,simulation
1959-01-18,2.4367015,simulation
1959-01-19,2.1201828,simulation
1959-01-20,1.8907113,simulation
1959-01-21,2.8765345,simulation
1959-01-22,7.5067115,simulation
1959-01-23,5.6988864,simulation
1959-01-24,4.545788,simulation
1959-01-25,3.815287,simulation
1959-01-26,3.1291738,simulation
1959-01-27,2.6274064,simulation
1959-01-28,2.3006794,simulation
1959-01-29,2.0088117,simulation
1959-01-30,2.0792284,simulation
1959-01-31,3.7401571,simulation
1959-02-01,3.2478516,simulation
1959-02-02,3.401813,simulation
1959-02-03,6.9455023,simulation
1959-02-04,6.0622234,simulation
1959-02-05,7.2807937,simulation
1959-02-06,5.55361,simulation
1959-02-07,4.5350895,simulation
1959-02-08,3.8113759,simulation
1959-02-09,4.513214,simulation
1959-02-10,3.832149,simulation
1959-02-11,4.2900105,simulation
1959-02-12,4.8162236,simulation
1959-02-13,5.037937,simulation
1959-02-14,4.171771,simulation
1959-02-15,4.996437,simulation
1959-02-16,4.369631,simulation
1959-02-17,3.4394753,simulation
1959-02-18,2.823351,simulation
1959-02-19,2.4182777,simulation
1959-02-20,2.1258092,simulation
1959-02-21,1.8979391,simulation
1959-02-22,1.7081482,simulation
1959-02-23,1.4836674,simulation
1959-02-24,1.3792267,simulation
1959-02-25,1.3143715,simulation
1959-02-26,1.2407917,simulation
1959-02-27,1.1807668,simulation
1959-02-28,1.121004,simulation
1959-03-01,1.047984,simulation
1959-03-02,0.9177987,simulation
1959-03-03,0.78506166,simulation
1959-03-04,0.91291773,simulation
1959-03-05,0.84617686,simulation
1959-03-06,0.98294514,simulation
1959-03-07,0.8561619,simulation
1959-03-08,0.74177814,simulation
1959-03-09,0.6685415,simulation
1959-03-10,0.5983988,simulation
1959-03-11,0.55358094,simulation
1959-03-12,1.0669576,simulation
1959-03-13,0.89481753,simulation
1959-03-14,0.76269984,simulation
1959-03-15,1.0218304,simulation
1959-03-16,0.82566935,simulation
1959-03-17,0.7226472,simulation
1959-03-18,0.6738828,simulation
1959-03-19,0.62872934,simulation
1959-03-20,0.58405423,simulation
1959-03-21,0.55950034,simulation
1959-03-22,1.5633636,simulation
1959-03-23,1.2409678,simulation
1959-03-24,1.005351,simulation
1959-03-25,0.8506196,simulation
1959-03-26,0.796081,simulation
1959-03-27,1.0728109,simulation
1959-03-28,0.8988337,simulation
1959-03-29,0.8461842,simulation
1959-03-30,0.7384342,simulation
1959-03-31,0.69764733,simulation
1959-04-01,0.64090055,simulation
1959-04-02,0.9749387,simulation
1959-04-03,0.7853196,simulation
1959-04-04,0.6332711,simulation
1959-04-05,0.50008625,simulation
1959-04-06,0.43322584,simulation
1959-04-07,0.38675717,simulation
1959-04-08,0.35191533,simulation
1959-04-09,0.32421926,simulation
1959-04-10,1.5017214,simulation
1959-04-11,1.5209527,simulation
1959-04-12,2.230343,simulation
1959-04-13,2.0640936,simulation
1959-04-14,1.6747184,simulation
1959-04-15,1.4973767,simulation
1959-04-16,1.3240749,simulation
1959-04-17,1.1590904,simulation
1959-04-18,1.453819,simulation
1959-04-19,1.5533917,simulation
1959-04-20,2.3758845,simulation
1959-04-21,2.196025,simulation
1959-04-22,7.482807,simulation
1959-04-23,5.2727184,simulation
1959-04-24,3.684292,simulation
1959-04-25,2.6935515,simulation
1959-04-26,2.0734406,simulation
1959-04-27,1.7462771,simulation
1959-04-28,1.5079718,simulation
1959-04-29,1.3521336,simulation
1959-04-30,1.1387544,simulation
1959-05-01,0.94335425,simulation
1959-05-02,0.7802129,simulation
1959-05-03,0.68925935,simulation
1959-05-04,0.5804936,simulation
1959-05-05,0.47384802,simulation
1959-05-06,0.39359212,simulation
1959-05-07,0.3530024,simulation
1959-05-08,0.2731104,simulation
1959-05-09,0.22594905,simulation
1959-05-10,0.18582553,simulation
1959-05-11,0.18781725,simulation
1959-05-12,0.2469184,simulation
1959-05-13,0.39735478,simulation
1959-05-14,0.35385603,simulation
1959-05-15,0.28433117,simulation
1959-05-16,0.24402472,simulation
1959-05-17,0.19420254,simulation
1959-05-18,0.16037194,simulation
1959-05-19,0.14384797,simulation
1959-05-20,0.15274197,simulation
1959-05-21,0.16678028,simulation
1959-05-22,0.2313214,simulation
1959-05-23,1.0439116,simulation
1959-05-24,1.8452256,simulation
1959-05-25,1.7820086,simulation
1959-05-26,4.922825,simulation
1959-05-27,4.038066,simulation
1959-05-28,3.0328777,simulation
1959-05-29,2.4488082,simulation
1959-05-30,2.272203,simulation
1959-05-31,2.6850376,simulation
1959-06-01,2.9972475,simulation
1959-06-02,3.6323047,simulation
1959-06-03,2.6785612,simulation
1959-06-04,2.0361052,simulation
1959-06-05,1.7726822,simulation
1959-06-06,2.0204275,simulation
1959-06-07,1.857721,simulation
1959-06-08,1.5920606,simulation
1959-06-09,1.7254965,simulation
1959-06-10,2.1633317,simulation
1959-06-11,1.713173,simulation
1959-06-12,1.4056572,simulation
1959-06-13,1.687759,simulation
1959-06-14,1.5804005,simulation
1959-06-15,1.4311223,simulation
1959-06-16,1.2405341,simulation
1959-06-17,1.028742,simulation
1959-06-18,0.7764189,simulation
1959-06-19,0.5700839,simulation
1959-06-20,0.41111636,simulation
1959-06-21,0.3034672,simulation
1959-06-22,0.23488927,simulation
1959-06-23,0.19355491,simulation
1959-06-24,0.19880347,simulation
1959-06-25,0.16925696,simulation
1959-06-26,0.14311291,simulation
1959-06-27,0.11613556,simulation
1959-06-28,0.09553315,simulation
1959-06-29,0.08454778,simulation
1959-06-30,0.091824315,simulation
1959-07-01,0.10503956,simulation
1959-07-02,0.10266616,simulation
1959-07-03,0.15188102,simulation
1959-07-04,0.14162982,simulation
1959-07-05,0.12087719,simulation
1959-07-06,0.12638153,simulation
1959-07-07,0.13430656,simulation
1959-07-08,0.12802914,simulation
1959-07-09,0.16183266,simulation
1959-07-10,0.14160861,simulation
1959-07-11,0.18537423,simulation
1959-07-12,0.16365711,simulation
1959-07-13,0.14563216,simulation
1959-07-14,0.1309758,simulation
1959-07-15,0.14957184,simulation
1959-07-16,0.12330051,simulation
1959-07-17,0.14186446,simulation
1959-07-18,0.12386813,simulation
1959-07-19,0.18212071,simulation
1959-07-20,0.21974146,simulation
1959-07-21,0.18708235,simulation
1959-07-22,0.1695991,simulation
1959-07-23,0.19032674,simulation
1959-07-24,0.17124128,simulation
1959-07-25,0.25936818,simulation
1959-07-26,0.31048614,simulation
1959-07-27,0.35034788,simulation
1959-07-28,0.3125976,simulation
1959-07-29,0.2814391,simulation
1959-07-30,0.23342788,simulation
1959-07-31,0.25769284,simulation
1959-08-01,0.39749688,simulation
1959-08-02,0.7314753,simulation
1959-08-03,0.6247346,simulation
1959-08-04,0.54787403,simulation
1959-08-05,0.44521546,simulation
1959-08-06,0.37175494,simulation
1959-08-07,0.301298,simulation
1959-08-08,0.27575782,simulation
1959-08-09,0.24107826,simulation
1959-08-10,0.2144459,simulation
1959-08-11,0.18375131,simulation
1959-08-12,0.14692432,simulation
1959-08-13,0.120048046,simulation
1959-08-14,0.12177767,simulation
1959-08-15,0.13052276,simulation
1959-08-16,0.118767895,simulation
1959-08-17,0.12787029,simulation
1959-08-18,0.11743304,simulation
1959-08-19,0.10257504,simulation
1959-08-20,0.08792224,simulation
1959-08-21,0.08190933,simulation
1959-08-22,0.068562835,simulation
1959-08-23,0.05809155,simulation
1959-08-24,0.046862945,simulation
1959-08-25,0.060015593,simulation
1959-08-26,0.06389129,simulation
1959-08-27,0.06318178,simulation
1959-08-28,0.053357873,simulation
1959-08-29,0.044967897,simulation
1959-08-30,0.03746495,simulation
1959-08-31,0.04001627,simulation
1959-09-01,0.034808803,simulation
1959-09-02,0.029739108,simulation
1959-09-03,0.043303646,simulation
1959-09-04,0.05502178,simulation
1959-09-05,0.046559013,simulation
1959-09-06,0.040116854,simulation
1959-09-07,0.034249827,simulation
1959-09-08,0.028051628,simulation
1959-09-09,0.026242113,simulation
1959-09-10,0.056317993,simulation
1959-09-11,0.05325746,simulation
1959-09-12,0.04607376,simulation
1959-09-13,0.045904722,simulation
1959-09-14,0.06668081,simulation
1959-09-15,0.07919265,simulation
1959-09-16,0.09135139,simulation
1959-09-17,0.08963364,simulation
1959-09-18,0.07725736,simulation
1959-09-19,0.06636299,simulation
1959-09-20,0.057850987,simulation
1959-09-21,0.04703672,simulation
1959-09-22,0.041219924,simulation
1959-09-23,0.034526557,simulation
1959-09-24,0.029737124,simulation
1959-09-25,0.025039744,simulation
1959-09-26,0.022161452,simulation
1959-09-27,0.024223408,simulation
1959-09-28,0.023241686,simulation
1959-09-29,0.0208715,simulation
1959-09-30,0.019155936,simulation
1959-10-01,0.01696513,simulation
1959-10-02,0.01576182,simulation
1959-10-03,0.013470031,simulation
1959-10-04,0.012202526,simulation
1959-10-05,0.01073213,simulation
1959-10-06,0.030817341,simulation
1959-10-07,0.068391405,simulation
1959-10-08,0.07448405,simulation
1959-10-09,0.07092487,simulation
1959-10-10,0.061349384,simulation
1959-10-11,0.09260293,simulation
1959-10-12,0.084083594,simulation
1959-10-13,0.13267282,simulation
1959-10-14,0.31179225,simulation
1959-10-15,0.4456147,simulation
1959-10-16,0.38478416,simulation
1959-10-17,0.38546216,simulation
1959-10-18,0.38651744,simulation
1959-10-19,0.3483211,simulation
1959-10-20,0.3103903,simulation
1959-10-21,0.30722925,simulation
1959-10-22,0.7200778,simulation
1959-10-23,0.69299555,simulation
1959-10-24,0.712995,simulation
1959-10-25,0.59767073,simulation
1959-10-26,0.5076865,simulation
1959-10-27,0.44498965,simulation
1959-10-28,0.43656847,simulation
1959-10-29,0.42975086,simulation
1959-10-30,0.4639048,simulation
1959-10-31,0.5126927,simulation
1959-11-01,1.0005763,simulation
1959-11-02,0.9479917,simulation
1959-11-03,0.84307516,simulation
1959-11-04,0.7421276,simulation
1959-11-05,2.5980728,simulation
1959-11-06,3.2054853,simulation
1959-11-07,2.7567203,simulation
1959-11-08,2.2893674,simulation
1959-11-09,1.9720076,simulation
1959-11-10,1.6795928,simulation
1959-11-11,1.4682071,simulation
1959-11-12,1.3395075,simulation
1959-11-13,1.1565855,simulation
1959-11-14,1.0834651,simulation
1959-11-15,2.4376805,simulation
1959-11-16,2.2065718,simulation
1959-11-17,2.0185246,simulation
1959-11-18,1.8313674,simulation
1959-11-19,1.5796751,simulation
1959-11-20,1.3989606,simulation
1959-11-21,1.2556063,simulation
1959-11-22,1.148535,simulation
1959-11-23,1.2314149,simulation
1959-11-24,1.3298448,simulation
1959-11-25,1.1389166,simulation
1959-11-26,0.98350483,simulation
1959-11-27,0.8895608,simulation
1959-11-28,1.168766,simulation
1959-11-29,1.0469042,simulation
1959-11-30,0.96245027,simulation
1959-12-01,0.8847557,simulation
1959-12-02,0.8216132,simulation
1959-12-03,0.81012154,simulation
1959-12-04,0.73895824,simulation
1959-12-05,0.70434636,simulation
1959-12-06,0.8515947,simulation
1959-12-07,0.77129143,simulation
1959-12-08,0.7051756,simulation
1959-12-09,0.64387685,simulation
1959-12-10,0.61597586,simulation
1959-12-11,0.5818792,simulation
1959-12-12,1.0247942,simulation
1959-12-13,1.0786446,simulation
1959-12-14,1.0099427,simulation
1959-12-15,0.94572496,simulation
1959-12-16,0.8944327,simulation
1959-12-17,0.85107744,simulation
1959-12-18,1.6884689,simulation
1959-12-19,1.6183435,simulation
1959-12-20,1.4247243,simulation
1959-12-21,1.3136177,simulation
1959-12-22,1.1871554,simulation
1959-12-23,1.1010158,simulation
1959-12-24,1.0327375,simulation
1959-12-25,0.97567505,simulation
1959-12-26,0.9362502,simulation
1959-12-27,0.8925298,simulation
1959-12-28,2.06785,simulation
1959-12-29,1.840551,simulation
1959-12-30,1.6303017,simulation
1959-12-31,1.5074153,simulation
1960-01-01,1.5070329,simulation
1960-01-02,1.4561177,simulation
1960-01-03,1.9273177,simulation
1960-01-04,1.7411374,simulation
1960-01-05,1.5920044,simulation
1960-01-06,2.5225494,simulation
1960-01-07,2.8834114,simulation
1960-01-08,2.582186,simulation
1960-01-09,2.2950878,simulation
1960-01-10,2.0710342,simulation
1960-01-11,2.016103,simulation
1960-01-12,1.8343006,simulation
1960-01-13,1.6883317,simulation
1960-01-14,1.5708973,simulation
1960-01-15,2.285659,simulation
1960-01-16,1.973767,simulation
1960-01-17,1.7971905,simulation
1960-01-18,4.5727463,simulation
1960-01-19,3.7773979,simulation
1960-01-20,3.2410393,simulation
1960-01-21,2.7724369,simulation
1960-01-22,2.4013975,simulation
1960-01-23,2.1268127,simulation
1960-01-24,1.9141558,simulation
1960-01-25,1.7384881,simulation
1960-01-26,1.5514686,simulation
1960-01-27,1.4460461,simulation
1960-01-28,1.4150115,simulation
1960-01-29,1.3319123,simulation
1960-01-30,3.6024587,simulation
1960-01-31,3.3290777,simulation
1960-02-01,2.946891,simulation
1960-02-02,2.6460793,simulation
1960-02-03,2.3997333,simulation
1960-02-04,10.368374,simulation
1960-02-05,7.499909,simulation
1960-02-06,5.803932,simulation
1960-02-07,4.7197943,simulation
1960-02-08,3.909697,simulation
1960-02-09,3.169519,simulation
1960-02-10,2.7183037,simulation
1960-02-11,2.218608,simulation
1960-02-12,1.8802941,simulation
1960-02-13,2.1731281,simulation
1960-02-14,2.638103,simulation
1960-02-15,2.3036919,simulation
1960-02-16,2.4547064,simulation
1960-02-17,2.260314,simulation
1960-02-18,1.9783044,simulation
1960-02-19,1.8130985,simulation
1960-02-20,1.5814283,simulation
1960-02-21,1.4444809,simulation
1960-02-22,2.859271,simulation
1960-02-23,2.3735285,simulation
1960-02-24,1.9903392,simulation
1960-02-25,2.041531,simulation
1960-02-26,1.8582094,simulation
1960-02-27,1.6364639,simulation
1960-02-28,1.5107313,simulation
1960-02-29,1.4772698,simulation
1960-03-01,2.330389,simulation
1960-03-02,6.3918805,simulation
1960-03-03,11.483864,simulation
1960-03-04,8.101102,simulation
1960-03-05,5.923307,simulation
1960-03-06,4.644604,simulation
1960-03-07,3.8010974,simulation
1960-03-08,3.366009,simulation
1960-03-09,3.0043528,simulation
1960-03-10,3.7827969,simulation
1960-03-11,3.0699594,simulation
1960-03-12,3.1916344,simulation
1960-03-13,2.5732841,simulation
1960-03-14,2.2320092,simulation
1960-03-15,4.2342906,simulation
1960-03-16,8.469755,simulation
1960-03-17,6.0288405,simulation
1960-03-18,4.818137,simulation
1960-03-19,3.6858664,simulation
1960-03-20,2.7790136,simulation
1960-03-21,2.2087877,simulation
1960-03-22,1.7696913,simulation
1960-03-23,1.4169021,simulation
1960-03-24,1.2397743,simulation
1960-03-25,1.1468563,simulation
1960-03-26,1.1658276,simulation
1960-03-27,1.0372345,simulation
1960-03-28,1.1708987,simulation
1960-03-29,1.0851442,simulation
1960-03-30,4.0114603,simulation
1960-03-31,2.893333,simulation
1960-04-01,2.2169044,simulation
1960-04-02,2.871438,simulation
1960-04-03,6.4647636,simulation
1960-04-04,5.9703016,simulation
1960-04-05,4.605217,simulation
1960-04-06,3.27711,simulation
1960-04-07,2.3741446,simulation
1960-04-08,1.7379054,simulation
1960-04-09,1.4960991,simulation
1960-04-10,1.4443884,simulation
1960-04-11,1.1364737,simulation
1960-04-12,0.8967549,simulation
1960-04-13,0.7203523,simulation
1960-04-14,0.6446278,simulation
1960-04-15,0.5580217,simulation
1960-04-16,0.48564672,simulation
1960-04-17,0.41116327,simulation
1960-04-18,0.47264948,simulation
1960-04-19,0.390555,simulation
1960-04-20,0.311125,simulation
1960-04-21,0.2556566,simulation
1960-04-22,0.2297355,simulation
1960-04-23,0.20651992,simulation
1960-04-24,0.18129162,simulation
1960-04-25,0.1588209,simulation
1960-04-26,0.14119178,simulation
1960-04-27,0.20381936,simulation
1960-04-28,0.17506947,simulation
1960-04-29,0.14334176,simulation
1960-04-30,0.13636208,simulation
1960-05-01,0.12249434,simulation
1960-05-02,0.10592332,simulation
1960-05-03,0.099390045,simulation
1960-05-04,0.08102534,simulation
1960-05-05,0.07359922,simulation
1960-05-06,0.21641757,simulation
1960-05-07,1.9703099,simulation
1960-05-08,1.7208141,simulation
1960-05-09,1.3842715,simulation
1960-05-10,1.1876351,simulation
1960-05-11,1.0129198,simulation
1960-05-12,1.1782788,simulation
1960-05-13,1.0212364,simulation
1960-05-14,0.80996835,simulation
1960-05-15,0.63517743,simulation
1960-05-16,0.51116496,simulation
1960-05-17,0.43593022,simulation
1960-05-18,0.36532235,simulation
1960-05-19,0.29791975,simulation
1960-05-20,0.25538194,simulation
1960-05-21,0.20954874,simulation
1960-05-22,0.17994763,simulation
1960-05-23,0.14775363,simulation
1960-05-24,0.12071595,simulation
1960-05-25,0.10195403,simulation
1960-05-26,0.08412241,simulation
1960-05-27,0.07494325,simulation
1960-05-28,0.05801812,simulation
1960-05-29,0.04871792,simulation
1960-05-30,0.04011817,simulation
1960-05-31,0.031727538,simulation
1960-06-01,0.025948219,simulation
1960-06-02,0.029327204,simulation
1960-06-03,0.03136054,simulation
1960-06-04,0.025411744,simulation
1960-06-05,0.020874118,simulation
1960-06-06,0.016541043,simulation
1960-06-07,0.012704628,simulation
1960-06-08,0.009821791,simulation
1960-06-09,0.008020942,simulation
1960-06-10,0.0063688206,simulation
1960-06-11,0.0049569206,simulation
1960-06-12,0.0038099422,simulation
1960-06-13,0.0030252615,simulation
1960-06-14,0.0026102217,simulation
1960-06-15,0.0021124587,simulation
1960-06-16,0.0016687706,simulation
1960-06-17,0.0012916978,simulation
1960-06-18,0.0012233356,simulation
1960-06-19,0.0009225661,simulation
1960-06-20,0.0007082062,simulation
1960-06-21,0.0005762032,simulation
1960-06-22,0.00047350343,simulation
1960-06-23,0.00038041515,simulation
1960-06-24,0.00032051932,simulation
1960-06-25,0.00028280282,simulation
1960-06-26,0.001076784,simulation
1960-06-27,0.00096233236,simulation
1960-06-28,0.00094914855,simulation
1960-06-29,0.0007496933,simulation
1960-06-30,0.0006001622,simulation
1960-07-01,0.0005131569,simulation
1960-07-02,0.00041016666,simulation
1960-07-03,0.0003215612,simulation
1960-07-04,0.00025061157,simulation
1960-07-05,0.00024281025,simulation
1960-07-06,0.0005536648,simulation
1960-07-07,0.0004538444,simulation
1960-07-08,0.00035578798,simulation
1960-07-09,0.0002903318,simulation
1960-07-10,0.00023926745,simulation
1960-07-11,0.00021357254,simulation
1960-07-12,0.00019384664,simulation
1960-07-13,0.00015549078,simulation
1960-07-14,0.00011852474,simulation
1960-07-15,9.36763e-05,simulation
1960-07-16,7.273579e-05,simulation
1960-07-17,0.00025293755,simulation
1960-07-18,0.00030603068,simulation
1960-07-19,0.00026856505,simulation
1960-07-20,0.00022861226,simulation
1960-07-21,0.00018600204,simulation
1960-07-22,0.00015007996,simulation
1960-07-23,0.00012691575,simulation
1960-07-24,0.00011632603,simulation
1960-07-25,0.00011277184,simulation
1960-07-26,9.183112e-05,simulation
1960-07-27,7.197111e-05,simulation
1960-07-28,5.9653164e-05,simulation
1960-07-29,4.8751106e-05,simulation
1960-07-30,3.7913545e-05,simulation
1960-07-31,4.926421e-05,simulation
1960-08-01,4.3053024e-05,simulation
1960-08-02,4.1335534e-05,simulation
1960-08-03,4.9515533e-05,simulation
1960-08-04,5.0339713e-05,simulation
1960-08-05,9.70844e-05,simulation
1960-08-06,0.00011006542,simulation
1960-08-07,0.00025325382,simulation
1960-08-08,0.00021179019,simulation
1960-08-09,0.00017390304,simulation
1960-08-10,0.0001493933,simulation
1960-08-11,0.00029617778,simulation
1960-08-12,0.0015313146,simulation
1960-08-13,0.001857888,simulation
1960-08-14,0.0023283171,simulation
1960-08-15,0.005889252,simulation
1960-08-16,0.0056412043,simulation
1960-08-17,0.0048475275,simulation
1960-08-18,0.0054756706,simulation
1960-08-19,0.0057149655,simulation
1960-08-20,0.018145334,simulation
1960-08-21,0.01713954,simulation
1960-08-22,0.020828694,simulation
1960-08-23,0.2971206,simulation
1960-08-24,0.26239145,simulation
1960-08-25,0.23456998,simulation
1960-08-26,0.19163746,simulation
1960-08-27,0.16799147,simulation
1960-08-28,0.14862323,simulation
1960-08-29,0.12963203,simulation
1960-08-30,0.121788874,simulation
1960-08-31,0.09976668,simulation
1960-09-01,0.096467,simulation
1960-09-02,0.078730986,simulation
1960-09-03,0.064631015,simulation
1960-09-04,0.052422274,simulation
1960-09-05,0.045310028,simulation
1960-09-06,0.03721291,simulation
1960-09-07,0.030446878,simulation
1960-09-08,0.024691658,simulation
1960-09-09,0.02272835,simulation
1960-09-10,0.02277982,simulation
1960-09-11,0.026366858,simulation
1960-09-12,0.026088314,simulation
1960-09-13,0.021070762,simulation
1960-09-14,0.017586807,simulation
1960-09-15,0.017226303,simulation
1960-09-16,0.01823023,simulation
1960-09-17,0.021022031,simulation
1960-09-18,0.019310646,simulation
1960-09-19,0.016352717,simulation
1960-09-20,0.013469816,simulation
1960-09-21,0.011324604,simulation
1960-09-22,0.009578402,simulation
1960-09-23,0.010250589,simulation
1960-09-24,0.009081545,simulation
1960-09-25,0.008055117,simulation
1960-09-26,0.0074052336,simulation
1960-09-27,0.0074966224,simulation
1960-09-28,0.007821593,simulation
1960-09-29,0.008683193,simulation
1960-09-30,0.008449111,simulation
1960-10-01,0.007137648,simulation
1960-10-02,0.006003705,simulation
1960-10-03,0.0052563697,simulation
1960-10-04,0.0051354086,simulation
1960-10-05,0.0049560633,simulation
1960-10-06,0.014847311,simulation
1960-10-07,0.041275997,simulation
1960-10-08,0.047711816,simulation
1960-10-09,0.043547872,simulation
1960-10-10,0.038652107,simulation
1960-10-11,0.0337048,simulation
1960-10-12,0.02975339,simulation
1960-10-13,0.026335197,simulation
1960-10-14,0.024112428,simulation
1960-10-15,0.023779139,simulation
1960-10-16,0.022601267,simulation
1960-10-17,0.020378496,simulation
1960-10-18,0.018559873,simulation
1960-10-19,0.017155748,simulation
1960-10-20,0.01725584,simulation
1960-10-21,0.01709655,simulation
1960-10-22,0.015864369,simulation
1960-10-23,0.014278482,simulation
1960-10-24,0.0129798725,simulation
1960-10-25,0.011596769,simulation
1960-10-26,0.01033334,simulation
1960-10-27,0.010645307,simulation
1960-10-28,0.010080885,simulation
1960-10-29,0.009002873,simulation
1960-10-30,0.0086948285,simulation
1960-10-31,0.04871937,simulation
1960-11-01,0.044214517,simulation
1960-11-02,0.039919734,simulation
1960-11-03,0.035970595,simulation
1960-11-04,0.032365922,simulation
1960-11-05,0.029479397,simulation
1960-11-06,0.027580861,simulation
1960-11-07,0.02558494,simulation
1960-11-08,0.024017256,simulation
1960-11-09,0.02308345,simulation
1960-11-10,0.025509331,simulation
1960-11-11,0.025243865,simulation
1960-11-12,0.023890859,simulation
1960-11-13,0.023419395,simulation
1960-11-14,0.02324761,simulation
1960-11-15,0.021370048,simulation
1960-11-16,0.019830408,simulation
1960-11-17,0.023766827,simulation
1960-11-18,0.024153009,simulation
1960-11-19,0.024158277,simulation
1960-11-20,0.022620633,simulation
1960-11-21,0.021947697,simulation
1960-11-22,0.021386977,simulation
1960-11-23,0.038156826,simulation
1960-11-24,0.044295557,simulation
1960-11-25,0.044096753,simulation
1960-11-26,0.0430019,simulation
1960-11-27,0.04124761,simulation
1960-11-28,0.040971924,simulation
1960-11-29,0.043737534,simulation
1960-11-30,0.03999404,simulation
1960-12-01,0.037758633,simulation
1960-12-02,0.035051998,simulation
1960-12-03,0.033786282,simulation
1960-12-04,0.032753088,simulation
1960-12-05,0.031943638,simulation
1960-12-06,0.030185603,simulation
1960-12-07,0.029931236,simulation
1960-12-08,0.031279024,simulation
1960-12-09,0.041212384,simulation
1960-12-10,0.041677352,simulation
1960-12-11,0.08556555,simulation
1960-12-12,0.08438061,simulation
1960-12-13,0.08142928,simulation
1960-12-14,0.079626836,simulation
1960-12-15,0.10942369,simulation
1960-12-16,0.13443008,simulation
1960-12-17,0.13837042,simulation
1960-12-18,0.13360392,simulation
1960-12-19,0.13001943,simulation
1960-12-20,0.12566602,simulation
1960-12-21,0.2967632,simulation
1960-12-22,0.28091076,simulation
1960-12-23,0.2747248,simulation
1960-12-24,0.26290342,simulation
1960-12-25,0.2654404,simulation
1960-12-26,0.26252243,simulation
1960-12-27,0.2554218,simulation
1960-12-28,0.25032762,simulation
1960-12-29,0.2562642,simulation
1960-12-30,0.36729336,simulation
1960-12-31,0.3657936,simulation
1961-01-01,0.95035917,simulation
1961-01-02,0.9024389,simulation
1961-01-03,0.8658122,simulation
1961-01-04,0.8002928,simulation
1961-01-05,0.7524508,simulation
1961-01-06,0.7228114,simulation
1961-01-07,0.6974006,simulation
1961-01-08,1.3867602,simulation
1961-01-09,1.3424616,simulation
1961-01-10,1.2068404,simulation
1961-01-11,1.1130682,simulation
1961-01-12,1.0371555,simulation
1961-01-13,0.9640863,simulation
1961-01-14,1.549177,simulation
1961-01-15,1.565294,simulation
1961-01-16,1.4624575,simulation
1961-01-17,1.3517305,simulation
1961-01-18,1.2450079,simulation
1961-01-19,1.1249734,simulation
1961-01-20,1.3207277,simulation
1961-01-21,1.1885458,simulation
1961-01-22,1.0853058,simulation
1961-01-23,1.0170804,simulation
1961-01-24,0.94986874,simulation
1961-01-25,3.7104797,simulation
1961-01-26,3.7484992,simulation
1961-01-27,4.2417464,simulation
1961-01-28,3.7203095,simulation
1961-01-29,3.3553479,simulation
1961-01-30,2.8751311,simulation
1961-01-31,2.4861941,simulation
1961-02-01,2.195506,simulation
1961-02-02,1.9607161,simulation
1961-02-03,2.664817,simulation
1961-02-04,2.3550422,simulation
1961-02-05,2.0731015,simulation
1961-02-06,1.8178099,simulation
1961-02-07,1.8932056,simulation
1961-02-08,2.0293403,simulation
1961-02-09,1.8528161,simulation
1961-02-10,1.6925762,simulation
1961-02-11,1.5075912,simulation
1961-02-12,1.3155035,simulation
1961-02-13,1.1724638,simulation
1961-02-14,1.0667726,simulation
1961-02-15,1.0012659,simulation
1961-02-16,0.94261366,simulation
1961-02-17,0.86767775,simulation
1961-02-18,2.6347024,simulation
1961-02-19,4.5357246,simulation
1961-02-20,13.119916,simulation
1961-02-21,25.267242,simulation
1961-02-22,36.01931,simulation
1961-02-23,35.397713,simulation
1961-02-24,30.78316,simulation
1961-02-25,31.111448,simulation
1961-02-26,23.312792,simulation
1961-02-27,14.836041,simulation
1961-02-28,11.450394,simulation
1961-03-01,9.061006,simulation
1961-03-02,7.0226674,simulation
1961-03-03,5.195902,simulation
1961-03-04,4.154103,simulation
1961-03-05,3.4862645,simulation
1961-03-06,3.346889,simulation
1961-03-07,4.6169734,simulation
1961-03-08,3.783601,simulation
1961-03-09,3.7769222,simulation
1961-03-10,2.8839788,simulation
1961-03-11,2.329461,simulation
1961-03-12,2.0919373,simulation
1961-03-13,1.8977866,simulation
1961-03-14,1.8032012,simulation
1961-03-15,1.4356666,simulation
1961-03-16,1.1639798,simulation
1961-03-17,2.0592048,simulation
1961-03-18,10.778305,simulation
1961-03-19,7.2808332,simulation
1961-03-20,5.4172125,simulation
1961-03-21,5.8754435,simulation
1961-03-22,4.4118257,simulation
1961-03-23,3.3307128,simulation
1961-03-24,2.575087,simulation
1961-03-25,2.0655603,simulation
1961-03-26,1.7290148,simulation
1961-03-27,1.3698342,simulation
1961-03-28,2.8338299,simulation
1961-03-29,13.102709,simulation
1961-03-30,19.392101,simulation
1961-03-31,31.445166,simulation
1961-04-01,27.45802,simulation
1961-04-02,19.07949,simulation
1961-04-03,11.590122,simulation
1961-04-04,9.482119,simulation
1961-04-05,6.3354926,simulation
1961-04-06,4.4693446,simulation
1961-04-07,4.166539,simulation
1961-04-08,3.07509,simulation
1961-04-09,2.6066816,simulation
1961-04-10,4.919478,simulation
1961-04-11,3.7918544,simulation
1961-04-12,4.4061728,simulation
1961-04-13,3.6696846,simulation
1961-04-14,2.7646446,simulation
1961-04-15,2.163829,simulation
1961-04-16,1.8825674,simulation
1961-04-17,1.4547715,simulation
1961-04-18,1.1222949,simulation
1961-04-19,0.8939119,simulation
1961-04-20,0.7107156,simulation
1961-04-21,0.5594154,simulation
1961-04-22,0.46993494,simulation
1961-04-23,0.4133505,simulation
1961-04-24,0.36123446,simulation
1961-04-25,0.31710958,simulation
1961-04-26,0.28438455,simulation
1961-04-27,0.37202653,simulation
1961-04-28,0.32004815,simulation
1961-04-29,0.2532813,simulation
1961-04-30,0.21910797,simulation
1961-05-01,0.19790365,simulation
1961-05-02,0.20581879,simulation
1961-05-03,0.19811015,simulation
1961-05-04,0.1644905,simulation
1961-05-05,0.13579038,simulation
1961-05-06,0.112085216,simulation
1961-05-07,0.097356655,simulation
1961-05-08,0.084683575,simulation
1961-05-09,0.15043056,simulation
1961-05-10,0.12835324,simulation
1961-05-11,0.10925573,simulation
1961-05-12,0.09430309,simulation
1961-05-13,0.07863953,simulation
1961-05-14,0.06506021,simulation
1961-05-15,0.0596993,simulation
1961-05-16,0.089051545,simulation
1961-05-17,0.06970595,simulation
1961-05-18,0.058665376,simulation
1961-05-19,0.053323068,simulation
1961-05-20,0.042886678,simulation
1961-05-21,0.039155807,simulation
1961-05-22,0.05853351,simulation
1961-05-23,0.0518303,simulation
1961-05-24,0.049102087,simulation
1961-05-25,0.047480825,simulation
1961-05-26,0.053201213,simulation
1961-05-27,0.05345996,simulation
1961-05-28,0.050340224,simulation
1961-05-29,0.04001822,simulation
1961-05-30,0.03150034,simulation
1961-05-31,0.02501884,simulation
1961-06-01,0.019967882,simulation
1961-06-02,0.015880775,simulation
1961-06-03,0.0128899375,simulation
1961-06-04,0.010550916,simulation
1961-06-05,0.00846644,simulation
1961-06-06,0.007444678,simulation
1961-06-07,0.006074937,simulation
1961-06-08,0.0062236153,simulation
1961-06-09,0.005302828,simulation
1961-06-10,0.0099596735,simulation
1961-06-11,0.01093397,simulation
1961-06-12,0.012468624,simulation
1961-06-13,0.012986813,simulation
1961-06-14,0.028391644,simulation
1961-06-15,0.028539214,simulation
1961-06-16,0.03805991,simulation
1961-06-17,0.045074422,simulation
1961-06-18,0.080167346,simulation
1961-06-19,0.12216337,simulation
1961-06-20,0.39217168,simulation
1961-06-21,2.387683,simulation
1961-06-22,1.8684866,simulation
1961-06-23,1.3853296,simulation
1961-06-24,1.0908118,simulation
1961-06-25,1.4495263,simulation
1961-06-26,3.36852,simulation
1961-06-27,11.921227,simulation
1961-06-28,7.3902483,simulation
1961-06-29,4.900647,simulation
1961-06-30,3.855795,simulation
1961-07-01,2.8196707,simulation
1961-07-02,2.7420685,simulation
1961-07-03,2.0716786,simulation
1961-07-04,2.951317,simulation
1961-07-05,2.233084,simulation
1961-07-06,1.6395248,simulation
1961-07-07,1.3052284,simulation
1961-07-08,2.1560423,simulation
1961-07-09,2.2865822,simulation
1961-07-10,1.9584056,simulation
1961-07-11,1.7475222,simulation
1961-07-12,6.3104196,simulation
1961-07-13,9.667417,simulation
1961-07-14,6.9383454,simulation
1961-07-15,5.538357,simulation
1961-07-16,4.263266,simulation
1961-07-17,3.4881318,simulation
1961-07-18,2.8108072,simulation
1961-07-19,2.1055179,simulation
1961-07-20,1.6428427,simulation
1961-07-21,1.9086833,simulation
1961-07-22,1.9126121,simulation
1961-07-23,1.7427821,simulation
1961-07-24,1.881545,simulation
1961-07-25,1.6457206,simulation
1961-07-26,1.2849689,simulation
1961-07-27,1.288522,simulation
1961-07-28,1.1659048,simulation
1961-07-29,0.9361977,simulation
1961-07-30,0.794346,simulation
1961-07-31,0.64146835,simulation
1961-08-01,0.5595207,simulation
1961-08-02,0.45651165,simulation
1961-08-03,0.3685031,simulation
1961-08-04,0.6410467,simulation
1961-08-05,0.56712437,simulation
1961-08-06,0.45211694,simulation
1961-08-07,0.3753324,simulation
1961-08-08,0.36889762,simulation
1961-08-09,0.48996192,simulation
1961-08-10,0.42303124,simulation
1961-08-11,0.3509588,simulation
1961-08-12,0.3115778,simulation
1961-08-13,0.25888595,simulation
1961-08-14,0.42953673,simulation
1961-08-15,0.37398702,simulation
1961-08-16,0.3605624,simulation
1961-08-17,0.32827124,simulation
1961-08-18,0.27516925,simulation
1961-08-19,0.22797188,simulation
1961-08-20,0.18082584,simulation
1961-08-21,0.17801501,simulation
1961-08-22,0.15995519,simulation
1961-08-23,0.14630394,simulation
1961-08-24,0.12312496,simulation
1961-08-25,0.21940182,simulation
1961-08-26,0.19558509,simulation
1961-08-27,0.1776381,simulation
1961-08-28,0.15492065,simulation
1961-08-29,0.13988721,simulation
1961-08-30,0.124167934,simulation
1961-08-31,0.108870886,simulation
1961-09-01,0.098394476,simulation
1961-09-02,0.085980125,simulation
1961-09-03,0.14774685,simulation
1961-09-04,0.13947867,simulation
1961-09-05,0.12566483,simulation
1961-09-06,0.105158366,simulation
1961-09-07,0.089302555,simulation
1961-09-08,0.08690585,simulation
1961-09-09,0.0748505,simulation
1961-09-10,0.080932565,simulation
1961-09-11,0.09514614,simulation
1961-09-12,0.11343389,simulation
1961-09-13,0.11097519,simulation
1961-09-14,0.2075324,simulation
1961-09-15,0.217648,simulation
1961-09-16,0.18883514,simulation
1961-09-17,0.1562278,simulation
1961-09-18,0.12834613,simulation
1961-09-19,0.10876121,simulation
1961-09-20,0.092596784,simulation
1961-09-21,0.07851194,simulation
1961-09-22,0.075581424,simulation
1961-09-23,0.06818921,simulation
1961-09-24,0.057921313,simulation
1961-09-25,0.04962518,simulation
1961-09-26,0.041257452,simulation
1961-09-27,0.03515048,simulation
1961-09-28,0.02968642,simulation
1961-09-29,0.026927242,simulation
1961-09-30,0.022348557,simulation
1961-10-01,0.022075765,simulation
1961-10-02,0.025197603,simulation
1961-10-03,0.045527853,simulation
1961-10-04,0.040966995,simulation
1961-10-05,0.034958165,simulation
1961-10-06,0.030064318,simulation
1961-10-07,0.026413484,simulation
1961-10-08,0.026119184,simulation
1961-10-09,0.026226003,simulation
1961-10-10,0.022783201,simulation
1961-10-11,0.019575967,simulation
1961-10-12,0.016958706,simulation
1961-10-13,0.014465999,simulation
1961-10-14,0.01349948,simulation
1961-10-15,0.011339034,simulation
1961-10-16,0.009738014,simulation
1961-10-17,0.008527534,simulation
1961-10-18,0.007460716,simulation
1961-10-19,0.0065785516,simulation
1961-10-20,0.005935077,simulation
1961-10-21,0.005293519,simulation
1961-10-22,0.004810745,simulation
1961-10-23,0.0043534692,simulation
1961-10-24,0.003927598,simulation
1961-10-25,0.0035641692,simulation
1961-10-26,0.003311627,simulation
1961-10-27,0.0029198912,simulation
1961-10-28,0.0026065113,simulation
1961-10-29,0.002585064,simulation
1961-10-30,0.0026573064,simulation
1961-10-31,0.0024571756,simulation
1961-11-01,0.0023687575,simulation
1961-11-02,0.0022912186,simulation
1961-11-03,0.0021516609,simulation
1961-11-04,0.011535011,simulation
1961-11-05,0.017263375,simulation
1961-11-06,0.017633159,simulation
1961-11-07,0.017416134,simulation
1961-11-08,0.015472527,simulation
1961-11-09,0.0139602935,simulation
1961-11-10,0.01298943,simulation
1961-11-11,0.012897601,simulation
1961-11-12,0.012675329,simulation
1961-11-13,0.016429482,simulation
1961-11-14,1.7154245,simulation
1961-11-15,1.7782913,simulation
1961-11-16,4.000629,simulation
1961-11-17,3.2293203,simulation
1961-11-18,2.7715533,simulation
1961-11-19,2.4707413,simulation
1961-11-20,2.1693065,simulation
1961-11-21,1.8620738,simulation
1961-11-22,1.6840616,simulation
1961-11-23,8.6962595,simulation
1961-11-24,7.076651,simulation
1961-11-25,5.3507485,simulation
1961-11-26,4.205341,simulation
1961-11-27,3.5252552,simulation
1961-11-28,3.065984,simulation
1961-11-29,2.6839695,simulation
1961-11-30,2.2878613,simulation
1961-12-01,2.023551,simulation
1961-12-02,1.8275143,simulation
1961-12-03,1.6596591,simulation
1961-12-04,1.5166783,simulation
1961-12-05,1.3924754,simulation
1961-12-06,1.8235899,simulation
1961-12-07,2.0904312,simulation
1961-12-08,1.854093,simulation
1961-12-09,2.5605786,simulation
1961-12-10,12.708724,simulation
1961-12-11,9.75486,simulation
1961-12-12,15.89864,simulation
1961-12-13,24.664513,simulation
1961-12-14,17.139732,simulation
1961-12-15,21.505033,simulation
1961-12-16,19.061073,simulation
1961-12-17,16.705313,simulation
1961-12-18,28.868801,simulation
1961-12-19,21.084747,simulation
1961-12-20,13.700726,simulation
1961-12-21,9.464261,simulation
1961-12-22,7.009925,simulation
1961-12-23,5.4991975,simulation
1961-12-24,4.2812185,simulation
1961-12-25,3.5969834,simulation
1961-12-26,3.0692058,simulation
1961-12-27,2.6629908,simulation
1961-12-28,3.237363,simulation
1961-12-29,2.8078437,simulation
1961-12-30,2.455014,simulation
1961-12-31,2.1512368,simulation
1962-01-01,3.158123,simulation
1962-01-02,2.781979,simulation
1962-01-03,2.4358737,simulation
1962-01-04,2.138814,simulation
1962-01-05,2.1867108,simulation
1962-01-06,25.256035,simulation
1962-01-07,18.000877,simulation
1962-01-08,12.195409,simulation
1962-01-09,8.572009,simulation
1962-01-10,8.712989,simulation
1962-01-11,6.5947175,simulation
1962-01-12,5.2739167,simulation
1962-01-13,4.3495555,simulation
1962-01-14,3.659266,simulation
1962-01-15,4.0451174,simulation
1962-01-16,4.9963093,simulation
1962-01-17,4.103255,simulation
1962-01-18,3.44272,simulation
1962-01-19,18.375698,simulation
1962-01-20,15.574094,simulation
1962-01-21,10.901201,simulation
1962-01-22,7.97223,simulation
1962-01-23,6.2123737,simulation
1962-01-24,5.780911,simulation
1962-01-25,4.7335324,simulation
1962-01-26,3.9750888,simulation
1962-01-27,10.027857,simulation
1962-01-28,8.186239,simulation
1962-01-29,5.9167957,simulation
1962-01-30,4.599112,simulation
1962-01-31,3.6072173,simulation
1962-02-01,2.9562256,simulation
1962-02-02,2.4598362,simulation
1962-02-03,2.120515,simulation
1962-02-04,1.9049735,simulation
1962-02-05,1.7461174,simulation
1962-02-06,1.7603453,simulation
1962-02-07,1.503857,simulation
1962-02-08,1.3204162,simulation
1962-02-09,1.2823591,simulation
1962-02-10,1.1447347,simulation
1962-02-11,1.0116802,simulation
1962-02-12,0.89123946,simulation
1962-02-13,0.78052205,simulation
1962-02-14,0.670662,simulation
1962-02-15,0.6409223,simulation
1962-02-16,0.66908646,simulation
1962-02-17,0.6432665,simulation
1962-02-18,0.60796535,simulation
1962-02-19,0.7516132,simulation
1962-02-20,0.64471096,simulation
1962-02-21,0.7495763,simulation
1962-02-22,1.7691523,simulation
1962-02-23,1.760659,simulation
1962-02-24,2.050576,simulation
1962-02-25,1.7200809,simulation
1962-02-26,1.5625052,simulation
1962-02-27,1.7801516,simulation
1962-02-28,1.532277,simulation
1962-03-01,1.4648582,simulation
1962-03-02,1.550884,simulation
1962-03-03,1.7891482,simulation
1962-03-04,1.6607304,simulation
1962-03-05,1.6434524,simulation
1962-03-06,1.383093,simulation
1962-03-07,1.1892388,simulation
1962-03-08,1.1054648,simulation
1962-03-09,1.0513436,simulation
1962-03-10,1.106143,simulation
1962-03-11,1.0530803,simulation
1962-03-12,0.9906277,simulation
1962-03-13,0.8209067,simulation
1962-03-14,0.7259804,simulation
1962-03-15,1.0260656,simulation
1962-03-16,0.93567663,simulation
1962-03-17,0.78560036,simulation
1962-03-18,0.67541695,simulation
1962-03-19,0.57567006,simulation
1962-03-20,0.51144916,simulation
1962-03-21,0.48848373,simulation
1962-03-22,0.41834277,simulation
1962-03-23,0.3971365,simulation
1962-03-24,0.3333935,simulation
1962-03-25,0.28407758,simulation
1962-03-26,0.30561042,simulation
1962-03-27,0.27219182,simulation
1962-03-28,0.22712365,simulation
1962-03-29,0.19374791,simulation
1962-03-30,0.1690768,simulation
1962-03-31,0.18891937,simulation
1962-04-01,2.2133663,simulation
1962-04-02,1.7360427,simulation
1962-04-03,1.3981519,simulation
1962-04-04,1.1745594,simulation
1962-04-05,1.0627451,simulation
1962-04-06,1.1926337,simulation
1962-04-07,2.0938532,simulation
1962-04-08,1.879334,simulation
1962-04-09,1.4670886,simulation
1962-04-10,1.21665,simulation
1962-04-11,1.1451182,simulation
1962-04-12,1.7763726,simulation
1962-04-13,5.23733,simulation
1962-04-14,3.6913407,simulation
1962-04-15,2.7134292,simulation
1962-04-16,2.0540922,simulation
1962-04-17,1.5961242,simulation
1962-04-18,1.454336,simulation
1962-04-19,1.2440357,simulation
1962-04-20,0.98321927,simulation
1962-04-21,0.768929,simulation
1962-04-22,0.58634996,simulation
1962-04-23,0.47295696,simulation
1962-04-24,0.44462538,simulation
1962-04-25,0.534298,simulation
1962-04-26,0.5152391,simulation
1962-04-27,0.4442126,simulation
1962-04-28,4.6047726,simulation
1962-04-29,8.665511,simulation
1962-04-30,5.9966874,simulation
1962-05-01,4.406375,simulation
1962-05-02,3.8594165,simulation
1962-05-03,2.7807593,simulation
1962-05-04,2.2891903,simulation
1962-05-05,1.7226506,simulation
1962-05-06,1.3125015,simulation
1962-05-07,0.99570274,simulation
1962-05-08,0.7744313,simulation
1962-05-09,0.57869714,simulation
1962-05-10,0.44485193,simulation
1962-05-11,0.3636456,simulation
1962-05-12,0.27941686,simulation
1962-05-13,0.21656859,simulation
1962-05-14,0.19757979,simulation
1962-05-15,0.16372493,simulation
1962-05-16,0.1330674,simulation
1962-05-17,0.10285036,simulation
1962-05-18,0.08767272,simulation
1962-05-19,0.06949071,simulation
1962-05-20,0.05317229,simulation
1962-05-21,0.042794127,simulation
1962-05-22,0.033482015,simulation
1962-05-23,0.026573509,simulation
1962-05-24,0.023499554,simulation
1962-05-25,0.020666651,simulation
1962-05-26,0.017187553,simulation
1962-05-27,0.014721887,simulation
1962-05-28,0.011948337,simulation
1962-05-29,0.0091155,simulation
1962-05-30,0.009064565,simulation
1962-05-31,0.08532171,simulation
1962-06-01,0.08342883,simulation
1962-06-02,0.1260773,simulation
1962-06-03,0.111018695,simulation
1962-06-04,0.10283233,simulation
1962-06-05,0.13013656,simulation
1962-06-06,0.11257972,simulation
1962-06-07,0.1089186,simulation
1962-06-08,0.09521946,simulation
1962-06-09,0.08808439,simulation
1962-06-10,0.07650397,simulation
1962-06-11,0.06790279,simulation
1962-06-12,0.068506256,simulation
1962-06-13,0.063274875,simulation
1962-06-14,0.056311615,simulation
1962-06-15,0.04852659,simulation
1962-06-16,0.037839632,simulation
1962-06-17,0.029937001,simulation
1962-06-18,0.025021743,simulation
1962-06-19,0.020558836,simulation
1962-06-20,0.04324605,simulation
1962-06-21,0.03870756,simulation
1962-06-22,0.029146643,simulation
1962-06-23,0.022228604,simulation
1962-06-24,0.018805034,simulation
1962-06-25,0.017422967,simulation
1962-06-26,0.01970157,simulation
1962-06-27,0.016487451,simulation
1962-06-28,0.014897491,simulation
1962-06-29,0.017214995,simulation
1962-06-30,0.016080508,simulation
1962-07-01,0.013352932,simulation
1962-07-02,0.010747883,simulation
1962-07-03,0.008910949,simulation
1962-07-04,0.007147999,simulation
1962-07-05,0.005904104,simulation
1962-07-06,0.0046629095,simulation
1962-07-07,0.0040624845,simulation
1962-07-08,0.0032371017,simulation
1962-07-09,0.002551587,simulation
1962-07-10,0.002396398,simulation
1962-07-11,0.0019403185,simulation
1962-07-12,0.0018891053,simulation
1962-07-13,0.0028265293,simulation
1962-07-14,0.002367328,simulation
1962-07-15,0.0018675039,simulation
1962-07-16,0.0015247473,simulation
1962-07-17,0.0014791193,simulation
1962-07-18,0.0012390328,simulation
1962-07-19,0.0009603953,simulation
1962-07-20,0.0007101519,simulation
1962-07-21,0.0005400856,simulation
1962-07-22,0.00044452515,simulation
1962-07-23,0.0003924951,simulation
1962-07-24,0.00031535275,simulation
1962-07-25,0.00025905223,simulation
1962-07-26,0.00022627565,simulation
1962-07-27,0.00028017623,simulation
1962-07-28,0.00024298686,simulation
1962-07-29,0.00022308603,simulation
1962-07-30,0.00027943344,simulation
1962-07-31,0.00023299249,simulation
1962-08-01,0.00018850013,simulation
1962-08-02,0.0005161341,simulation
1962-08-03,0.0011858322,simulation
1962-08-04,0.0014584997,simulation
1962-08-05,0.0012770845,simulation
1962-08-06,0.001205731,simulation
1962-08-07,0.0009480273,simulation
1962-08-08,0.0007431401,simulation
1962-08-09,0.0005724098,simulation
1962-08-10,0.00042717808,simulation
1962-08-11,0.00033679046,simulation
1962-08-12,0.00025691328,simulation
1962-08-13,0.00019620685,simulation
1962-08-14,0.00016962197,simulation
1962-08-15,0.00015011718,simulation
1962-08-16,0.00021666754,simulation
1962-08-17,0.0001966625,simulation
1962-08-18,0.00018464802,simulation
1962-08-19,0.00014911317,simulation
1962-08-20,0.00012703554,simulation
1962-08-21,0.000107809654,simulation
1962-08-22,0.000101505095,simulation
1962-08-23,9.026247e-05,simulation
1962-08-24,7.870902e-05,simulation
1962-08-25,8.0954815e-05,simulation
1962-08-26,8.474914e-05,simulation
1962-08-27,8.16899e-05,simulation
1962-08-28,6.7924506e-05,simulation
1962-08-29,5.6665922e-05,simulation
1962-08-30,5.630725e-05,simulation
1962-08-31,4.830372e-05,simulation
1962-09-01,4.1901396e-05,simulation
1962-09-02,3.5731136e-05,simulation
1962-09-03,3.1399613e-05,simulation
1962-09-04,2.6508349e-05,simulation
1962-09-05,2.210946e-05,simulation
1962-09-06,4.7925336e-05,simulation
1962-09-07,4.310689e-05,simulation
1962-09-08,4.2694628e-05,simulation
1962-09-09,4.163321e-05,simulation
1962-09-10,5.1258525e-05,simulation
1962-09-11,5.0687828e-05,simulation
1962-09-12,6.0669157e-05,simulation
1962-09-13,5.1951356e-05,simulation
1962-09-14,4.433088e-05,simulation
1962-09-15,0.00020861327,simulation
1962-09-16,0.00020452749,simulation
1962-09-17,0.00020169442,simulation
1962-09-18,0.00018191969,simulation
1962-09-19,0.00015981683,simulation
1962-09-20,0.00013400191,simulation
1962-09-21,0.00011178133,simulation
1962-09-22,9.239781e-05,simulation
1962-09-23,7.926894e-05,simulation
1962-09-24,6.728607e-05,simulation
1962-09-25,5.9216378e-05,simulation
1962-09-26,5.283256e-05,simulation
1962-09-27,5.3802596e-05,simulation
1962-09-28,4.640418e-05,simulation
1962-09-29,4.0460105e-05,simulation
1962-09-30,3.4513134e-05,simulation
1962-10-01,2.9439423e-05,simulation
1962-10-02,4.728402e-05,simulation
1962-10-03,4.6632034e-05,simulation
1962-10-04,4.320171e-05,simulation
1962-10-05,3.697136e-05,simulation
1962-10-06,3.221522e-05,simulation
1962-10-07,2.793473e-05,simulation
1962-10-08,3.2110285e-05,simulation
1962-10-09,0.00010244919,simulation
1962-10-10,0.00010071654,simulation
1962-10-11,8.8248955e-05,simulation
1962-10-12,7.996548e-05,simulation
1962-10-13,7.253192e-05,simulation
1962-10-14,6.793914e-05,simulation
1962-10-15,6.38813e-05,simulation
1962-10-16,6.202552e-05,simulation
1962-10-17,7.570471e-05,simulation
1962-10-18,7.075143e-05,simulation
1962-10-19,6.254726e-05,simulation
1962-10-20,5.4825596e-05,simulation
1962-10-21,0.00011709685,simulation
1962-10-22,0.0001854745,simulation
1962-10-23,0.00016659926,simulation
1962-10-24,0.00014694527,simulation
1962-10-25,0.00014217672,simulation
1962-10-26,0.00012944973,simulation
1962-10-27,0.00012572322,simulation
1962-10-28,0.00012041816,simulation
1962-10-29,0.00011216925,simulation
1962-10-30,0.0001134357,simulation
1962-10-31,0.00011368008,simulation
1962-11-01,0.00010042569,simulation
1962-11-02,0.000101586826,simulation
1962-11-03,0.0001026423,simulation
1962-11-04,0.0001576503,simulation
1962-11-05,0.00015563008,simulation
1962-11-06,0.00014792549,simulation
1962-11-07,0.00014620817,simulation
1962-11-08,0.00014840098,simulation
1962-11-09,0.00016931596,simulation
1962-11-10,0.00016058849,simulation
1962-11-11,0.00015379504,simulation
1962-11-12,0.00025747297,simulation
1962-11-13,0.0002530272,simulation
1962-11-14,0.00023423179,simulation
1962-11-15,0.00022221312,simulation
1962-11-16,0.00021702428,simulation
1962-11-17,0.00021519153,simulation
1962-11-18,0.000246103,simulation
1962-11-19,0.00031821497,simulation
1962-11-20,0.00045641503,simulation
1962-11-21,0.0010556557,simulation
1962-11-22,0.0013292021,simulation
1962-11-23,0.001230958,simulation
1962-11-24,0.0011695222,simulation
1962-11-25,0.0011616629,simulation
1962-11-26,0.0011662017,simulation
1962-11-27,0.0011628307,simulation
1962-11-28,0.0011639289,simulation
1962-11-29,0.0011566556,simulation
1962-11-30,0.001168146,simulation
1962-12-01,0.0011472702,simulation
1962-12-02,0.0011301474,simulation
1962-12-03,0.001101135,simulation
1962-12-04,0.0011791199,simulation
1962-12-05,0.0012577404,simulation
1962-12-06,0.001600959,simulation
1962-12-07,0.0015371365,simulation
1962-12-08,0.0015253588,simulation
1962-12-09,0.0015061495,simulation
1962-12-10,0.0014486297,simulation
1962-12-11,0.0013946093,simulation
1962-12-12,0.0014060027,simulation
1962-12-13,0.0013959843,simulation
1962-12-14,0.0013889084,simulation
1962-12-15,0.0013646941,simulation
1962-12-16,0.0013886464,simulation
1962-12-17,0.0014005203,simulation
1962-12-18,0.001407307,simulation
1962-12-19,0.0014171053,simulation
1962-12-20,0.0014379595,simulation
1962-12-21,0.001467635,simulation
1962-12-22,0.0016800121,simulation
1962-12-23,0.0016953847,simulation
1962-12-24,0.0016660818,simulation
1962-12-25,0.004769833,simulation
1962-12-26,0.004848361,simulation
1962-12-27,0.005126952,simulation
1962-12-28,0.0083621275,simulation
1962-12-29,0.017096585,simulation
1962-12-30,0.019838054,simulation
1962-12-31,0.019416476,simulation
1963-01-01,0.018855466,simulation
1963-01-02,0.018581474,simulation
1963-01-03,0.0184831,simulation
1963-01-04,0.018085586,simulation
1963-01-05,0.018090704,simulation
1963-01-06,0.021421876,simulation
1963-01-07,0.02159318,simulation
1963-01-08,0.02164921,simulation
1963-01-09,0.020969605,simulation
1963-01-10,0.020670533,simulation
1963-01-11,0.019993098,simulation
1963-01-12,0.057133462,simulation
1963-01-13,0.062469974,simulation
1963-01-14,0.06621203,simulation
1963-01-15,0.06641286,simulation
1963-01-16,0.06512931,simulation
1963-01-17,0.06344304,simulation
1963-01-18,0.10808954,simulation
1963-01-19,0.114763744,simulation
1963-01-20,0.5459228,simulation
1963-01-21,0.647336,simulation
1963-01-22,0.60876197,simulation
1963-01-23,0.57607704,simulation
1963-01-24,0.6116216,simulation
1963-01-25,0.5798776,simulation
1963-01-26,0.56426525,simulation
1963-01-27,1.4077965,simulation
1963-01-28,1.2879137,simulation
1963-01-29,1.1735668,simulation
1963-01-30,1.6540048,simulation
1963-01-31,2.391383,simulation
1963-02-01,2.1715307,simulation
1963-02-02,1.9696006,simulation
1963-02-03,3.2670503,simulation
1963-02-04,2.670029,simulation
1963-02-05,2.325316,simulation
1963-02-06,1.9633415,simulation
1963-02-07,1.6753759,simulation
1963-02-08,1.4356341,simulation
1963-02-09,1.3374431,simulation
1963-02-10,1.2121102,simulation
1963-02-11,1.1322086,simulation
1963-02-12,1.5132216,simulation
1963-02-13,1.341722,simulation
1963-02-14,1.1743581,simulation
1963-02-15,1.0125587,simulation
1963-02-16,0.92659163,simulation
1963-02-17,0.8273258,simulation
1963-02-18,0.7591259,simulation
1963-02-19,2.3985953,simulation
1963-02-20,2.210644,simulation
1963-02-21,1.8947953,simulation
1963-02-22,1.7203391,simulation
1963-02-23,1.4992629,simulation
1963-02-24,1.9204752,simulation
1963-02-25,2.0076463,simulation
1963-02-26,1.8207864,simulation
1963-02-27,1.5976496,simulation
1963-02-28,1.3483378,simulation
1963-03-01,1.1787386,simulation
1963-03-02,2.7121449,simulation
1963-03-03,2.2937503,simulation
1963-03-04,1.8948449,simulation
1963-03-05,1.7815325,simulation
1963-03-06,2.170195,simulation
1963-03-07,1.7883402,simulation
1963-03-08,1.4770812,simulation
1963-03-09,1.2785627,simulation
1963-03-10,1.2153436,simulation
1963-03-11,1.1528616,simulation
1963-03-12,1.1739932,simulation
1963-03-13,2.1211767,simulation
1963-03-14,1.7149385,simulation
1963-03-15,2.1820989,simulation
1963-03-16,1.8471394,simulation
1963-03-17,1.6538569,simulation
1963-03-18,1.3961797,simulation
1963-03-19,1.2060333,simulation
1963-03-20,1.2398314,simulation
1963-03-21,0.9909324,simulation
1963-03-22,0.80177957,simulation
1963-03-23,0.6778399,simulation
1963-03-24,0.56713706,simulation
1963-03-25,0.49127126,simulation
1963-03-26,0.6983175,simulation
1963-03-27,0.71532863,simulation
1963-03-28,0.590417,simulation
1963-03-29,0.492856,simulation
1963-03-30,0.40438697,simulation
1963-03-31,0.33000278,simulation
1963-04-01,0.27818555,simulation
1963-04-02,0.22689751,simulation
1963-04-03,0.18839824,simulation
1963-04-04,0.16784938,simulation
1963-04-05,0.14278764,simulation
1963-04-06,0.1497837,simulation
1963-04-07,0.19049698,simulation
1963-04-08,0.17582624,simulation
1963-04-09,0.15057012,simulation
1963-04-10,0.14371452,simulation
1963-04-11,0.12561418,simulation
1963-04-12,0.123888046,simulation
1963-04-13,0.13541776,simulation
1963-04-14,0.10828742,simulation
1963-04-15,0.08955692,simulation
1963-04-16,0.07585489,simulation
1963-04-17,0.06086792,simulation
1963-04-18,0.04920767,simulation
1963-04-19,0.04334709,simulation
1963-04-20,0.04187839,simulation
1963-04-21,0.044913676,simulation
1963-04-22,0.04160601,simulation
1963-04-23,0.035945352,simulation
1963-04-24,0.033678252,simulation
1963-04-25,0.03588795,simulation
1963-04-26,0.03501579,simulation
1963-04-27,0.038384017,simulation
1963-04-28,0.04323724,simulation
1963-04-29,0.042034995,simulation
1963-04-30,0.037134547,simulation
1963-05-01,0.03226013,simulation
1963-05-02,0.027976878,simulation
1963-05-03,0.02478794,simulation
1963-05-04,0.020873971,simulation
1963-05-05,0.018220205,simulation
1963-05-06,0.016193993,simulation
1963-05-07,0.01393263,simulation
1963-05-08,0.011228405,simulation
1963-05-09,0.009078192,simulation
1963-05-10,0.007404768,simulation
1963-05-11,0.0060877563,simulation
1963-05-12,0.005005153,simulation
1963-05-13,0.0040495587,simulation
1963-05-14,0.0035710423,simulation
1963-05-15,0.0030518083,simulation
1963-05-16,0.0024662006,simulation
1963-05-17,0.0021629296,simulation
1963-05-18,0.0018126899,simulation
1963-05-19,0.0016478256,simulation
1963-05-20,0.0015899215,simulation
1963-05-21,0.0015012239,simulation
1963-05-22,0.0013311838,simulation
1963-05-23,0.0012188489,simulation
1963-05-24,0.0010116887,simulation
1963-05-25,0.00086319074,simulation
1963-05-26,0.0007882572,simulation
1963-05-27,0.00069305743,simulation
1963-05-28,0.0006051377,simulation
1963-05-29,0.0006067302,simulation
1963-05-30,0.0005208658,simulation
1963-05-31,0.00043167314,simulation
1963-06-01,0.00036040528,simulation
1963-06-02,0.00027290825,simulation
1963-06-03,0.00021958462,simulation
1963-06-04,0.00017565151,simulation
1963-06-05,0.0001432116,simulation
1963-06-06,0.0001348759,simulation
1963-06-07,0.00010885494,simulation
1963-06-08,8.4456304e-05,simulation
1963-06-09,6.6070534e-05,simulation
1963-06-10,5.232778e-05,simulation
1963-06-11,4.7477963e-05,simulation
1963-06-12,3.6857415e-05,simulation
1963-06-13,3.0355432e-05,simulation
1963-06-14,2.3763896e-05,simulation
1963-06-15,1.9035162e-05,simulation
1963-06-16,1.6547458e-05,simulation
1963-06-17,1.3646891e-05,simulation
1963-06-18,2.1236943e-05,simulation
1963-06-19,2.7852648e-05,simulation
1963-06-20,3.1697517e-05,simulation
1963-06-21,6.2228835e-05,simulation
1963-06-22,0.00015829911,simulation
1963-06-23,0.00020341048,simulation
1963-06-24,0.000192932,simulation
1963-06-25,0.0003348526,simulation
1963-06-26,0.0002957595,simulation
1963-06-27,0.00026889166,simulation
1963-06-28,0.00024070512,simulation
1963-06-29,0.00021621528,simulation
1963-06-30,0.00020982281,simulation
1963-07-01,0.00019218684,simulation
1963-07-02,0.00020517666,simulation
1963-07-03,0.00017999903,simulation
1963-07-04,0.00024118899,simulation
1963-07-05,0.00021791487,simulation
1963-07-06,0.0001699775,simulation
1963-07-07,0.00013420376,simulation
1963-07-08,0.00010672297,simulation
1963-07-09,0.00015898714,simulation
1963-07-10,0.0001415721,simulation
1963-07-11,0.000114913324,simulation
1963-07-12,9.229036e-05,simulation
1963-07-13,8.860903e-05,simulation
1963-07-14,0.00010556746,simulation
1963-07-15,0.00014108284,simulation
1963-07-16,0.00012812084,simulation
1963-07-17,0.00013755306,simulation
1963-07-18,0.00020904104,simulation
1963-07-19,0.00018611006,simulation
1963-07-20,0.00018280362,simulation
1963-07-21,0.00014493898,simulation
1963-07-22,0.00013245619,simulation
1963-07-23,0.000109041015,simulation
1963-07-24,0.00010366359,simulation
1963-07-25,0.00012366477,simulation
1963-07-26,0.00020275853,simulation
1963-07-27,0.00020600237,simulation
1963-07-28,0.00020934455,simulation
1963-07-29,0.00018041226,simulation
1963-07-30,0.00015945642,simulation
1963-07-31,0.0002058119,simulation
1963-08-01,0.00020709599,simulation
1963-08-02,0.00016968645,simulation
1963-08-03,0.00013584777,simulation
1963-08-04,0.00011061923,simulation
1963-08-05,8.745964e-05,simulation
1963-08-06,7.060053e-05,simulation
1963-08-07,6.127394e-05,simulation
1963-08-08,5.5322587e-05,simulation
1963-08-09,4.9163897e-05,simulation
1963-08-10,4.93408e-05,simulation
1963-08-11,4.2205313e-05,simulation
1963-08-12,4.0304047e-05,simulation
1963-08-13,3.37225e-05,simulation
1963-08-14,3.407187e-05,simulation
1963-08-15,0.00011673438,simulation
1963-08-16,9.90719e-05,simulation
1963-08-17,8.285573e-05,simulation
1963-08-18,6.836861e-05,simulation
1963-08-19,5.7339646e-05,simulation
1963-08-20,5.239756e-05,simulation
1963-08-21,7.4047486e-05,simulation
1963-08-22,6.355714e-05,simulation
1963-08-23,5.425433e-05,simulation
1963-08-24,4.5227778e-05,simulation
1963-08-25,3.6977093e-05,simulation
1963-08-26,3.2415493e-05,simulation
1963-08-27,2.747595e-05,simulation
1963-08-28,2.31428e-05,simulation
1963-08-29,2.4406576e-05,simulation
1963-08-30,4.9537586e-05,simulation
1963-08-31,5.7275527e-05,simulation
1963-09-01,4.5904406e-05,simulation
1963-09-02,3.6420435e-05,simulation
1963-09-03,2.959426e-05,simulation
1963-09-04,2.5260444e-05,simulation
1963-09-05,2.515596e-05,simulation
1963-09-06,2.2644597e-05,simulation
1963-09-07,1.9078236e-05,simulation
1963-09-08,1.7297703e-05,simulation
1963-09-09,1.4065325e-05,simulation
1963-09-10,1.28621305e-05,simulation
1963-09-11,1.0588003e-05,simulation
1963-09-12,8.890775e-06,simulation
1963-09-13,1.0253983e-05,simulation
1963-09-14,2.0429616e-05,simulation
1963-09-15,2.2814937e-05,simulation
1963-09-16,2.3759605e-05,simulation
1963-09-17,2.410965e-05,simulation
1963-09-18,2.4493322e-05,simulation
1963-09-19,2.481687e-05,simulation
1963-09-20,2.0351537e-05,simulation
1963-09-21,1.6760028e-05,simulation
1963-09-22,1.4432477e-05,simulation
1963-09-23,1.1543924e-05,simulation
1963-09-24,1.044316e-05,simulation
1963-09-25,9.343544e-06,simulation
1963-09-26,7.97614e-06,simulation
1963-09-27,7.891528e-06,simulation
1963-09-28,1.12534935e-05,simulation
1963-09-29,1.1522557e-05,simulation
1963-09-30,1.0472163e-05,simulation
1963-10-01,8.917227e-06,simulation
1963-10-02,7.940204e-06,simulation
1963-10-03,7.421275e-06,simulation
1963-10-04,6.3389593e-06,simulation
1963-10-05,5.31085e-06,simulation
1963-10-06,4.8302236e-06,simulation
1963-10-07,4.1883004e-06,simulation
1963-10-08,3.5939124e-06,simulation
1963-10-09,3.0929987e-06,simulation
1963-10-10,2.6164064e-06,simulation
1963-10-11,2.2331462e-06,simulation
1963-10-12,1.9240213e-06,simulation
1963-10-13,1.6561912e-06,simulation
1963-10-14,1.5515253e-06,simulation
1963-10-15,1.4117333e-06,simulation
1963-10-16,1.2359002e-06,simulation
1963-10-17,1.117759e-06,simulation
1963-10-18,9.923976e-07,simulation
1963-10-19,8.7489735e-07,simulation
1963-10-20,7.6321146e-07,simulation
1963-10-21,7.1357147e-07,simulation
1963-10-22,6.732936e-07,simulation
1963-10-23,6.6487985e-07,simulation
1963-10-24,6.5582344e-07,simulation
1963-10-25,6.7052247e-07,simulation
1963-10-26,6.9127924e-07,simulation
1963-10-27,6.905057e-07,simulation
1963-10-28,7.202661e-07,simulation
1963-10-29,6.642453e-07,simulation
1963-10-30,5.9357393e-07,simulation
1963-10-31,5.5557445e-07,simulation
1963-11-01,4.947612e-07,simulation
1963-11-02,6.996573e-07,simulation
1963-11-03,6.783398e-07,simulation
1963-11-04,6.9084183e-07,simulation
1963-11-05,7.016044e-07,simulation
1963-11-06,7.6925215e-07,simulation
1963-11-07,7.888571e-07,simulation
1963-11-08,7.604108e-07,simulation
1963-11-09,7.8238253e-07,simulation
1963-11-10,9.854989e-07,simulation
1963-11-11,9.756517e-07,simulation
1963-11-12,9.366493e-07,simulation
1963-11-13,8.7074574e-07,simulation
1963-11-14,8.5507145e-07,simulation
1963-11-15,8.6199134e-07,simulation
1963-11-16,8.765148e-07,simulation
1963-11-17,8.29382e-07,simulation
1963-11-18,8.0055025e-07,simulation
1963-11-19,8.124927e-07,simulation
1963-11-20,7.9631945e-07,simulation
1963-11-21,9.78646e-07,simulation
1963-11-22,1.0042462e-06,simulation
1963-11-23,3.3597628e-06,simulation
1963-11-24,3.4537263e-06,simulation
1963-11-25,3.6067072e-06,simulation
1963-11-26,3.6858235e-06,simulation
1963-11-27,3.7994885e-06,simulation
1963-11-28,3.9154343e-06,simulation
1963-11-29,7.0392543e-06,simulation
1963-11-30,6.6017587e-06,simulation
1963-12-01,6.2830977e-06,simulation
1963-12-02,6.3644816e-06,simulation
1963-12-03,9.785998e-06,simulation
1963-12-04,9.790583e-06,simulation
1963-12-05,1.0648917e-05,simulation
1963-12-06,1.0683393e-05,simulation
1963-12-07,1.0934792e-05,simulation
1963-12-08,1.0981994e-05,simulation
1963-12-09,1.3771106e-05,simulation
1963-12-10,1.3560969e-05,simulation
1963-12-11,1.3812638e-05,simulation
1963-12-12,7.262457e-05,simulation
1963-12-13,9.300479e-05,simulation
1963-12-14,0.0002051047,simulation
1963-12-15,0.00039591553,simulation
1963-12-16,0.00039851625,simulation
1963-12-17,0.00040218266,simulation
1963-12-18,0.0004023437,simulation
1963-12-19,0.0004028344,simulation
1963-12-20,0.00040107596,simulation
1963-12-21,0.000591071,simulation
1963-12-22,0.0006135738,simulation
1963-12-23,0.0013126378,simulation
1963-12-24,0.0013321359,simulation
1963-12-25,0.0013334468,simulation
1963-12-26,0.001320242,simulation
1963-12-27,0.0013020084,simulation
1963-12-28,0.0012950205,simulation
1963-12-29,0.0012912175,simulation
1963-12-30,0.0012685307,simulation
1963-12-31,0.0012486684,simulation
1964-01-01,0.0019232295,simulation
1964-01-02,0.0019107495,simulation
1964-01-03,0.0018527746,simulation
1964-01-04,0.001827643,simulation
1964-01-05,0.0025478986,simulation
1964-01-06,0.0025845284,simulation
1964-01-07,0.004433652,simulation
1964-01-08,0.0044520586,simulation
1964-01-09,0.021101287,simulation
1964-01-10,0.021765709,simulation
1964-01-11,0.021450827,simulation
1964-01-12,0.033943947,simulation
1964-01-13,0.03676267,simulation
1964-01-14,0.040057905,simulation
1964-01-15,0.039269604,simulation
1964-01-16,0.03890324,simulation
1964-01-17,0.09311115,simulation
1964-01-18,0.10057536,simulation
1964-01-19,0.09826581,simulation
1964-01-20,0.09585008,simulation
1964-01-21,0.084944054,simulation
1964-01-22,0.07961891,simulation
1964-01-23,0.10067823,simulation
1964-01-24,0.110067055,simulation
1964-01-25,0.34861794,simulation
1964-01-26,0.33085585,simulation
1964-01-27,0.30145517,simulation
1964-01-28,0.29344115,simulation
1964-01-29,0.26775363,simulation
1964-01-30,0.25858718,simulation
1964-01-31,0.28929597,simulation
1964-02-01,0.33575997,simulation
1964-02-02,0.30314657,simulation
1964-02-03,0.293272,simulation
1964-02-04,0.27088955,simulation
1964-02-05,0.26181185,simulation
1964-02-06,0.31304312,simulation
1964-02-07,0.30094877,simulation
1964-02-08,0.2932815,simulation
1964-02-09,0.2671355,simulation
1964-02-10,0.23811263,simulation
1964-02-11,0.21615447,simulation
1964-02-12,0.19717358,simulation
1964-02-13,0.19000511,simulation
1964-02-14,0.31666705,simulation
1964-02-15,0.29729268,simulation
1964-02-16,0.46591312,simulation
1964-02-17,0.4355017,simulation
1964-02-18,1.1933525,simulation
1964-02-19,1.1577457,simulation
1964-02-20,1.0476788,simulation
1964-02-21,0.9518706,simulation
1964-02-22,0.9082772,simulation
1964-02-23,0.8346662,simulation
1964-02-24,0.750116,simulation
1964-02-25,0.9012029,simulation
1964-02-26,1.7208141,simulation
1964-02-27,1.6235235,simulation
1964-02-28,1.6594921,simulation
1964-02-29,1.442222,simulation
1964-03-01,1.3221335,simulation
1964-03-02,2.7710125,simulation
1964-03-03,10.136672,simulation
1964-03-04,7.889477,simulation
1964-03-05,6.978722,simulation
1964-03-06,4.9987864,simulation
1964-03-07,3.8600805,simulation
1964-03-08,3.4816802,simulation
1964-03-09,2.84764,simulation
1964-03-10,3.822992,simulation
1964-03-11,3.090132,simulation
1964-03-12,2.5319586,simulation
1964-03-13,1.9996854,simulation
1964-03-14,1.7663522,simulation
1964-03-15,10.826479,simulation
1964-03-16,9.783825,simulation
1964-03-17,6.847439,simulation
1964-03-18,4.8352118,simulation
1964-03-19,3.7932608,simulation
1964-03-20,5.680638,simulation
1964-03-21,4.2754617,simulation
1964-03-22,3.5322301,simulation
1964-03-23,2.7900758,simulation
1964-03-24,2.3990016,simulation
1964-03-25,2.185497,simulation
1964-03-26,2.925938,simulation
1964-03-27,2.4511802,simulation
1964-03-28,1.9486294,simulation
1964-03-29,1.7272546,simulation
1964-03-30,1.4308953,simulation
1964-03-31,1.1919996,simulation
1964-04-01,0.9850446,simulation
1964-04-02,0.8570198,simulation
1964-04-03,0.7790842,simulation
1964-04-04,0.7314753,simulation
1964-04-05,0.6446047,simulation
1964-04-06,14.877225,simulation
1964-04-07,25.195364,simulation
1964-04-08,20.151524,simulation
1964-04-09,15.437673,simulation
1964-04-10,9.643132,simulation
1964-04-11,6.360949,simulation
1964-04-12,4.3890676,simulation
1964-04-13,4.4252305,simulation
1964-04-14,11.235177,simulation
1964-04-15,7.769097,simulation
1964-04-16,5.1301603,simulation
1964-04-17,3.5399876,simulation
1964-04-18,2.765975,simulation
1964-04-19,2.325664,simulation
1964-04-20,1.8081827,simulation
1964-04-21,1.4331461,simulation
1964-04-22,1.2363681,simulation
1964-04-23,1.1304169,simulation
1964-04-24,0.93000394,simulation
1964-04-25,1.9633976,simulation
1964-04-26,3.4663002,simulation
1964-04-27,15.587012,simulation
1964-04-28,9.153473,simulation
1964-04-29,6.309426,simulation
1964-04-30,4.3972764,simulation
1964-05-01,3.49861,simulation
1964-05-02,2.892191,simulation
1964-05-03,2.5857306,simulation
1964-05-04,1.9326911,simulation
1964-05-05,1.5483794,simulation
1964-05-06,1.1904469,simulation
1964-05-07,1.0106677,simulation
1964-05-08,0.8037834,simulation
1964-05-09,0.6920007,simulation
1964-05-10,0.6079338,simulation
1964-05-11,0.5358367,simulation
1964-05-12,0.48302573,simulation
1964-05-13,0.81288934,simulation
1964-05-14,0.6137055,simulation
1964-05-15,0.47754517,simulation
1964-05-16,0.38497555,simulation
1964-05-17,0.29591766,simulation
1964-05-18,0.2271372,simulation
1964-05-19,0.17332506,simulation
1964-05-20,0.136255,simulation
1964-05-21,0.10501659,simulation
1964-05-22,0.08458333,simulation
1964-05-23,0.07538642,simulation
1964-05-24,0.07443881,simulation
1964-05-25,0.07809031,simulation
1964-05-26,0.061842047,simulation
1964-05-27,0.04763723,simulation
1964-05-28,0.03773232,simulation
1964-05-29,0.039731577,simulation
1964-05-30,0.03439201,simulation
1964-05-31,0.045384653,simulation
1964-06-01,0.13554884,simulation
1964-06-02,0.13090457,simulation
1964-06-03,0.10417093,simulation
1964-06-04,0.08285013,simulation
1964-06-05,0.0742687,simulation
1964-06-06,0.05699421,simulation
1964-06-07,0.048123833,simulation
1964-06-08,0.038752615,simulation
1964-06-09,0.029242285,simulation
1964-06-10,0.027191052,simulation
1964-06-11,0.024303492,simulation
1964-06-12,0.020047046,simulation
1964-06-13,0.016449636,simulation
1964-06-14,0.01343719,simulation
1964-06-15,0.010940453,simulation
1964-06-16,0.0101518305,simulation
1964-06-17,0.028802685,simulation
1964-06-18,0.023472039,simulation
1964-06-19,0.019474236,simulation
1964-06-20,0.015904425,simulation
1964-06-21,0.012876793,simulation
1964-06-22,0.010979625,simulation
1964-06-23,0.018146256,simulation
1964-06-24,0.015221923,simulation
1964-06-25,0.042331427,simulation
1964-06-26,0.043802176,simulation
1964-06-27,0.03919263,simulation
1964-06-28,0.041384995,simulation
1964-06-29,0.0969929,simulation
1964-06-30,0.11331908,simulation
1964-07-01,0.13565436,simulation
1964-07-02,0.13666362,simulation
1964-07-03,0.12205271,simulation
1964-07-04,0.25534743,simulation
1964-07-05,0.22103268,simulation
1964-07-06,0.17410803,simulation
1964-07-07,0.1513878,simulation
1964-07-08,0.11796079,simulation
1964-07-09,0.09300138,simulation
1964-07-10,0.28096598,simulation
1964-07-11,0.24977964,simulation
1964-07-12,0.22575872,simulation
1964-07-13,0.29690167,simulation
1964-07-14,0.2676518,simulation
1964-07-15,0.21346228,simulation
1964-07-16,0.22956733,simulation
1964-07-17,0.18965702,simulation
1964-07-18,0.14793056,simulation
1964-07-19,0.11820496,simulation
1964-07-20,0.09624992,simulation
1964-07-21,0.08176644,simulation
1964-07-22,0.070292234,simulation
1964-07-23,0.0858234,simulation
1964-07-24,0.075088,simulation
1964-07-25,0.078602694,simulation
1964-07-26,0.06392158,simulation
1964-07-27,0.051964812,simulation
1964-07-28,0.050849758,simulation
1964-07-29,0.047897726,simulation
1964-07-30,0.07550203,simulation
1964-07-31,0.070775576,simulation
1964-08-01,0.07264828,simulation
1964-08-02,0.11021437,simulation
1964-08-03,0.13921686,simulation
1964-08-04,0.11659864,simulation
1964-08-05,0.09550006,simulation
1964-08-06,0.09942791,simulation
1964-08-07,0.09871583,simulation
1964-08-08,0.09802145,simulation
1964-08-09,0.08860595,simulation
1964-08-10,0.07744553,simulation
1964-08-11,0.07532745,simulation
1964-08-12,0.08212393,simulation
1964-08-13,0.09413695,simulation
1964-08-14,0.091828786,simulation
1964-08-15,0.07987491,simulation
1964-08-16,0.07895482,simulation
1964-08-17,0.080977865,simulation
1964-08-18,0.08728551,simulation
1964-08-19,0.078480415,simulation
1964-08-20,0.06578088,simulation
1964-08-21,0.05384351,simulation
1964-08-22,0.0595679,simulation
1964-08-23,0.065164864,simulation
1964-08-24,0.07356367,simulation
1964-08-25,0.065025195,simulation
1964-08-26,0.059091195,simulation
1964-08-27,0.05557427,simulation
1964-08-28,0.04547974,simulation
1964-08-29,0.036900207,simulation
1964-08-30,0.031132573,simulation
1964-08-31,0.025532713,simulation
1964-09-01,0.021019142,simulation
1964-09-02,0.016981995,simulation
1964-09-03,0.0131718675,simulation
1964-09-04,0.010431776,simulation
1964-09-05,0.008807092,simulation
1964-09-06,0.0074415863,simulation
1964-09-07,0.008473826,simulation
1964-09-08,0.008640432,simulation
1964-09-09,0.0072206277,simulation
1964-09-10,0.0057189986,simulation
1964-09-11,0.005148353,simulation
1964-09-12,0.004490417,simulation
1964-09-13,0.0038463024,simulation
1964-09-14,0.0030785662,simulation
1964-09-15,0.0025207596,simulation
1964-09-16,0.0021614225,simulation
1964-09-17,0.0019367358,simulation
1964-09-18,0.005377132,simulation
1964-09-19,0.016062144,simulation
1964-09-20,0.015640495,simulation
1964-09-21,0.014578919,simulation
1964-09-22,0.012069492,simulation
1964-09-23,0.009941745,simulation
1964-09-24,0.008299315,simulation
1964-09-25,0.006825069,simulation
1964-09-26,0.005998704,simulation
1964-09-27,0.0050882725,simulation
1964-09-28,0.004942192,simulation
1964-09-29,0.0075110393,simulation
1964-09-30,0.022295738,simulation
1964-10-01,0.029994579,simulation
1964-10-02,0.030422455,simulation
1964-10-03,0.030066965,simulation
1964-10-04,0.030959314,simulation
1964-10-05,4.349074,simulation
1964-10-06,3.1482265,simulation
1964-10-07,2.4319742,simulation
1964-10-08,1.9529355,simulation
1964-10-09,1.5818429,simulation
1964-10-10,1.3104261,simulation
1964-10-11,1.0800949,simulation
1964-10-12,0.90505856,simulation
1964-10-13,0.7804742,simulation
1964-10-14,0.7393458,simulation
1964-10-15,0.71418023,simulation
1964-10-16,0.68167716,simulation
1964-10-17,0.58231145,simulation
1964-10-18,0.49310568,simulation
1964-10-19,0.4307284,simulation
1964-10-20,0.3806248,simulation
1964-10-21,0.33054447,simulation
1964-10-22,0.28420883,simulation
1964-10-23,0.24528334,simulation
1964-10-24,0.20964259,simulation
1964-10-25,0.18294723,simulation
1964-10-26,0.16036236,simulation
1964-10-27,0.14454448,simulation
1964-10-28,0.14045148,simulation
1964-10-29,0.23756613,simulation
1964-10-30,0.21624576,simulation
1964-10-31,0.19012173,simulation
1964-11-01,0.17162994,simulation
1964-11-02,0.15636198,simulation
1964-11-03,0.14010513,simulation
1964-11-04,0.12566458,simulation
1964-11-05,0.121256374,simulation
1964-11-06,0.115707666,simulation
1964-11-07,0.10664677,simulation
1964-11-08,0.10576413,simulation
1964-11-09,0.09817084,simulation
1964-11-10,0.090419434,simulation
1964-11-11,0.08189987,simulation
1964-11-12,0.076545864,simulation
1964-11-13,0.07308573,simulation
1964-11-14,0.066462144,simulation
1964-11-15,0.066246,simulation
1964-11-16,0.060551785,simulation
1964-11-17,0.05729255,simulation
1964-11-18,0.054779816,simulation
1964-11-19,0.053263914,simulation
1964-11-20,0.20624976,simulation
1964-11-21,0.20246412,simulation
1964-11-22,0.18528181,simulation
1964-11-23,0.1792388,simulation
1964-11-24,0.17505218,simulation
1964-11-25,1.1277382,simulation
1964-11-26,1.0479168,simulation
1964-11-27,0.9495949,simulation
1964-11-28,1.0800644,simulation
1964-11-29,5.3600307,simulation
1964-11-30,4.199199,simulation
1964-12-01,3.3890147,simulation
1964-12-02,2.8253348,simulation
1964-12-03,2.4297318,simulation
1964-12-04,9.86091,simulation
1964-12-05,8.059756,simulation
1964-12-06,6.2112184,simulation
1964-12-07,4.966402,simulation
1964-12-08,4.1250596,simulation
1964-12-09,3.4611216,simulation
1964-12-10,2.983053,simulation
1964-12-11,3.3416407,simulation
1964-12-12,17.928385,simulation
1964-12-13,13.549561,simulation
1964-12-14,9.585065,simulation
1964-12-15,6.961936,simulation
1964-12-16,5.362097,simulation
1964-12-17,4.2354665,simulation
1964-12-18,7.3977585,simulation
1964-12-19,5.6887956,simulation
1964-12-20,4.6680202,simulation
1964-12-21,4.690556,simulation
1964-12-22,4.2405524,simulation
1964-12-23,3.6360183,simulation
1964-12-24,3.11633,simulation
1964-12-25,2.6768534,simulation
1964-12-26,2.3532915,simulation
1964-12-27,2.1240983,simulation
1964-12-28,1.9533274,simulation
1964-12-29,1.7653464,simulation
1964-12-30,1.6246327,simulation
1964-12-31,6.425925,simulation
1965-01-01,6.0546985,simulation
1965-01-02,4.8176193,simulation
1965-01-03,4.278623,simulation
1965-01-04,3.7862904,simulation
1965-01-05,3.1590128,simulation
1965-01-06,2.72653,simulation
1965-01-07,2.4126494,simulation
1965-01-08,2.127754,simulation
1965-01-09,1.9607279,simulation
1965-01-10,3.0236595,simulation
1965-01-11,2.7145474,simulation
1965-01-12,2.3661041,simulation
1965-01-13,2.099604,simulation
1965-01-14,1.9234464,simulation
1965-01-15,1.8251809,simulation
1965-01-16,1.884973,simulation
1965-01-17,1.6916801,simulation
1965-01-18,1.5239723,simulation
1965-01-19,1.3714045,simulation
1965-01-20,1.2445481,simulation
1965-01-21,1.1660912,simulation
1965-01-22,1.0732118,simulation
1965-01-23,3.5326645,simulation
1965-01-24,8.579924,simulation
1965-01-25,6.415553,simulation
1965-01-26,4.79714,simulation
1965-01-27,3.711678,simulation
1965-01-28,3.0664508,simulation
1965-01-29,2.5286849,simulation
1965-01-30,2.134471,simulation
1965-01-31,1.9200768,simulation
1965-02-01,1.726774,simulation
1965-02-02,1.6682056,simulation
1965-02-03,1.4798944,simulation
1965-02-04,1.3638989,simulation
1965-02-05,1.2499946,simulation
1965-02-06,1.148446,simulation
1965-02-07,2.0533323,simulation
1965-02-08,2.000392,simulation
1965-02-09,1.9725741,simulation
1965-02-10,1.7590948,simulation
1965-02-11,4.996437,simulation
1965-02-12,17.441992,simulation
1965-02-13,13.06704,simulation
1965-02-14,9.106641,simulation
1965-02-15,6.6075163,simulation
1965-02-16,5.1623964,simulation
1965-02-17,7.6636243,simulation
1965-02-18,9.730315,simulation
1965-02-19,6.8150496,simulation
1965-02-20,5.0513473,simulation
1965-02-21,4.0470686,simulation
1965-02-22,3.2657764,simulation
1965-02-23,2.7558687,simulation
1965-02-24,2.294647,simulation
1965-02-25,3.3679976,simulation
1965-02-26,2.756535,simulation
1965-02-27,2.2648418,simulation
1965-02-28,1.9177444,simulation
1965-03-01,1.8528919,simulation
1965-03-02,3.8520465,simulation
1965-03-03,3.9779005,simulation
1965-03-04,3.4971337,simulation
1965-03-05,3.0728266,simulation
1965-03-06,2.6423018,simulation
1965-03-07,2.3371966,simulation
1965-03-08,2.1021323,simulation
1965-03-09,1.7737838,simulation
1965-03-10,1.868802,simulation
1965-03-11,2.3529496,simulation
1965-03-12,2.1462476,simulation
1965-03-13,5.0849123,simulation
1965-03-14,4.2021623,simulation
1965-03-15,3.2897959,simulation
1965-03-16,2.6797087,simulation
1965-03-17,2.1706975,simulation
1965-03-18,2.8913302,simulation
1965-03-19,2.3751764,simulation
1965-03-20,2.0341315,simulation
1965-03-21,1.6845031,simulation
1965-03-22,1.4465992,simulation
1965-03-23,1.1783836,simulation
1965-03-24,1.1057545,simulation
1965-03-25,1.0643201,simulation
1965-03-26,1.2771496,simulation
1965-03-27,1.2968652,simulation
1965-03-28,1.2511013,simulation
1965-03-29,1.1136721,simulation
1965-03-30,3.144004,simulation
1965-03-31,3.2775228,simulation
1965-04-01,2.7040775,simulation
1965-04-02,2.1482205,simulation
1965-04-03,1.8492427,simulation
1965-04-04,1.7871759,simulation
1965-04-05,1.5319746,simulation
1965-04-06,1.3388424,simulation
1965-04-07,1.1958095,simulation
1965-04-08,1.0657021,simulation
1965-04-09,0.9453402,simulation
1965-04-10,0.847523,simulation
1965-04-11,0.77779263,simulation
1965-04-12,0.693166,simulation
1965-04-13,0.6312892,simulation
1965-04-14,0.624459,simulation
1965-04-15,0.5524304,simulation
1965-04-16,0.5212873,simulation
1965-04-17,0.4132252,simulation
1965-04-18,0.32977286,simulation
1965-04-19,0.27661866,simulation
1965-04-20,0.37371573,simulation
1965-04-21,0.33962932,simulation
1965-04-22,0.2708158,simulation
1965-04-23,0.22167115,simulation
1965-04-24,0.18441097,simulation
1965-04-25,0.15831225,simulation
1965-04-26,0.14458176,simulation
1965-04-27,0.1609849,simulation
1965-04-28,0.17672929,simulation
1965-04-29,0.15449065,simulation
1965-04-30,0.12593651,simulation
1965-05-01,0.10215796,simulation
1965-05-02,0.08160212,simulation
1965-05-03,0.06469558,simulation
1965-05-04,0.052423943,simulation
1965-05-05,0.042751145,simulation
1965-05-06,0.036688738,simulation
1965-05-07,0.03209198,simulation
1965-05-08,0.026390886,simulation
1965-05-09,0.022404365,simulation
1965-05-10,0.019710667,simulation
1965-05-11,0.017202048,simulation
1965-05-12,0.0154360635,simulation
1965-05-13,0.012579803,simulation
1965-05-14,0.011135326,simulation
1965-05-15,0.010009666,simulation
1965-05-16,0.008386468,simulation
1965-05-17,0.0075567784,simulation
1965-05-18,0.0067594866,simulation
1965-05-19,0.00601974,simulation
1965-05-20,0.00551371,simulation
1965-05-21,0.0053251106,simulation
1965-05-22,0.0051757167,simulation
1965-05-23,0.005841923,simulation
1965-05-24,0.0065602376,simulation
1965-05-25,0.0057374737,simulation
1965-05-26,0.00464024,simulation
1965-05-27,0.0039734016,simulation
1965-05-28,0.0043903305,simulation
1965-05-29,0.0056274333,simulation
1965-05-30,0.0046837498,simulation
1965-05-31,0.0036329757,simulation
1965-06-01,0.00298866,simulation
1965-06-02,0.0022837655,simulation
1965-06-03,0.0019142535,simulation
1965-06-04,0.0015367374,simulation
1965-06-05,0.0012731017,simulation
1965-06-06,0.0010627622,simulation
1965-06-07,0.0032458198,simulation
1965-06-08,0.00464224,simulation
1965-06-09,0.0039885934,simulation
1965-06-10,0.0033697186,simulation
1965-06-11,0.003445086,simulation
1965-06-12,0.0035186033,simulation
1965-06-13,0.0032200527,simulation
1965-06-14,0.006907339,simulation
1965-06-15,0.01455862,simulation
1965-06-16,0.033896692,simulation
1965-06-17,0.030095985,simulation
1965-06-18,0.027139923,simulation
1965-06-19,0.023437811,simulation
1965-06-20,0.01796471,simulation
1965-06-21,0.014060393,simulation
1965-06-22,0.011084718,simulation
1965-06-23,0.008436076,simulation
1965-06-24,0.0075329337,simulation
1965-06-25,0.008163939,simulation
1965-06-26,0.006683277,simulation
1965-06-27,0.0053618066,simulation
1965-06-28,0.0052493038,simulation
1965-06-29,0.005778893,simulation
1965-06-30,0.0047946866,simulation
1965-07-01,0.004336913,simulation
1965-07-02,0.0040596463,simulation
1965-07-03,0.0033436762,simulation
1965-07-04,0.0040850407,simulation
1965-07-05,0.0037031113,simulation
1965-07-06,0.0032744182,simulation
1965-07-07,0.0031935922,simulation
1965-07-08,0.009448642,simulation
1965-07-09,0.010686085,simulation
1965-07-10,0.011960226,simulation
1965-07-11,0.01621119,simulation
1965-07-12,0.0157141,simulation
1965-07-13,0.012679507,simulation
1965-07-14,0.011081522,simulation
1965-07-15,0.011068425,simulation
1965-07-16,0.012072043,simulation
1965-07-17,0.011111229,simulation
1965-07-18,0.009621231,simulation
1965-07-19,0.008250381,simulation
1965-07-20,0.006707801,simulation
1965-07-21,0.0056499983,simulation
1965-07-22,0.0046543633,simulation
1965-07-23,0.004039883,simulation
1965-07-24,0.0039056088,simulation
1965-07-25,0.00812577,simulation
1965-07-26,0.0073952866,simulation
1965-07-27,0.0083547,simulation
1965-07-28,0.01824814,simulation
1965-07-29,0.01670053,simulation
1965-07-30,0.02080545,simulation
1965-07-31,0.017433977,simulation
1965-08-01,0.014854898,simulation
1965-08-02,0.0134746,simulation
1965-08-03,0.011113578,simulation
1965-08-04,0.009788356,simulation
1965-08-05,0.0092313755,simulation
1965-08-06,0.008112666,simulation
1965-08-07,0.012033567,simulation
1965-08-08,0.015653279,simulation
1965-08-09,0.051125266,simulation
1965-08-10,0.045468464,simulation
1965-08-11,0.040823326,simulation
1965-08-12,0.03654216,simulation
1965-08-13,0.047284942,simulation
1965-08-14,0.052812204,simulation
1965-08-15,0.04548824,simulation
1965-08-16,0.036721297,simulation
1965-08-17,0.032125685,simulation
1965-08-18,0.050976552,simulation
1965-08-19,0.0449031,simulation
1965-08-20,0.064936556,simulation
1965-08-21,0.07396629,simulation
1965-08-22,0.08461318,simulation
1965-08-23,0.084673174,simulation
1965-08-24,0.08138718,simulation
1965-08-25,0.084006146,simulation
1965-08-26,0.07280237,simulation
1965-08-27,0.060893837,simulation
1965-08-28,0.05204072,simulation
1965-08-29,0.08146856,simulation
1965-08-30,0.06785665,simulation
1965-08-31,0.05639595,simulation
1965-09-01,0.047594585,simulation
1965-09-02,0.041298836,simulation
1965-09-03,0.03699537,simulation
1965-09-04,0.036143765,simulation
1965-09-05,0.03518406,simulation
1965-09-06,0.03212776,simulation
1965-09-07,0.02678191,simulation
1965-09-08,0.02134176,simulation
1965-09-09,0.017095996,simulation
1965-09-10,0.014440356,simulation
1965-09-11,0.032938268,simulation
1965-09-12,0.08573566,simulation
1965-09-13,0.08447636,simulation
1965-09-14,0.071084574,simulation
1965-09-15,0.05872893,simulation
1965-09-16,0.048623838,simulation
1965-09-17,0.041242443,simulation
1965-09-18,0.036130033,simulation
1965-09-19,0.031552516,simulation
1965-09-20,0.031486694,simulation
1965-09-21,0.032547124,simulation
1965-09-22,0.030326074,simulation
1965-09-23,0.03501694,simulation
1965-09-24,0.04800037,simulation
1965-09-25,0.046023358,simulation
1965-09-26,0.040075753,simulation
1965-09-27,0.038493175,simulation
1965-09-28,0.03636449,simulation
1965-09-29,0.03320466,simulation
1965-09-30,0.03762689,simulation
1965-10-01,0.109528705,simulation
1965-10-02,0.1068958,simulation
1965-10-03,0.09719794,simulation
1965-10-04,0.090075284,simulation
1965-10-05,0.087216,simulation
1965-10-06,0.08488462,simulation
1965-10-07,0.30124563,simulation
1965-10-08,0.2813709,simulation
1965-10-09,0.23584794,simulation
1965-10-10,0.20114271,simulation
1965-10-11,0.16908032,simulation
1965-10-12,0.15869889,simulation
1965-10-13,0.15454784,simulation
1965-10-14,0.13451372,simulation
1965-10-15,0.1151175,simulation
1965-10-16,0.107383095,simulation
1965-10-17,0.09382394,simulation
1965-10-18,0.08104688,simulation
1965-10-19,0.07000362,simulation
1965-10-20,0.06874373,simulation
1965-10-21,0.06674867,simulation
1965-10-22,0.058341347,simulation
1965-10-23,0.05736889,simulation
1965-10-24,0.05009399,simulation
1965-10-25,0.043802697,simulation
1965-10-26,0.03969204,simulation
1965-10-27,0.035878208,simulation
1965-10-28,0.032115772,simulation
1965-10-29,0.02875637,simulation
1965-10-30,0.025808157,simulation
1965-10-31,0.023465835,simulation
1965-11-01,0.021219417,simulation
1965-11-02,0.018791333,simulation
1965-11-03,0.017973429,simulation
1965-11-04,0.017741015,simulation
1965-11-05,0.017573746,simulation
1965-11-06,0.024541333,simulation
1965-11-07,0.028540729,simulation
1965-11-08,0.028620103,simulation
1965-11-09,0.027334545,simulation
1965-11-10,0.028659549,simulation
1965-11-11,0.028605381,simulation
1965-11-12,0.027940312,simulation
1965-11-13,0.038011197,simulation
1965-11-14,0.037455916,simulation
1965-11-15,0.035273753,simulation
1965-11-16,0.0344449,simulation
1965-11-17,0.03387957,simulation
1965-11-18,0.030961901,simulation
1965-11-19,0.030073592,simulation
1965-11-20,0.029926453,simulation
1965-11-21,0.029496625,simulation
1965-11-22,0.028898062,simulation
1965-11-23,0.029834403,simulation
1965-11-24,0.02966029,simulation
1965-11-25,0.028752107,simulation
1965-11-26,0.027989857,simulation
1965-11-27,0.02559592,simulation
1965-11-28,0.025248136,simulation
1965-11-29,0.0255155,simulation
1965-11-30,0.024724845,simulation
1965-12-01,0.023907598,simulation
1965-12-02,0.023413971,simulation
1965-12-03,0.022912776,simulation
1965-12-04,0.023892963,simulation
1965-12-05,0.022626828,simulation
1965-12-06,0.022175293,simulation
1965-12-07,0.020488307,simulation
1965-12-08,0.019557165,simulation
1965-12-09,0.01905117,simulation
1965-12-10,0.018945742,simulation
1965-12-11,0.018547606,simulation
1965-12-12,0.018329132,simulation
1965-12-13,0.04304944,simulation
1965-12-14,0.043256663,simulation
1965-12-15,0.0478883,simulation
1965-12-16,0.06854951,simulation
1965-12-17,0.0924445,simulation
1965-12-18,0.093229,simulation
1965-12-19,0.5509374,simulation
1965-12-20,0.6677935,simulation
1965-12-21,0.62694836,simulation
1965-12-22,0.58874094,simulation
1965-12-23,0.55944586,simulation
1965-12-24,0.52524036,simulation
1965-12-25,0.6130603,simulation
1965-12-26,0.60076314,simulation
1965-12-27,0.5659526,simulation
1965-12-28,0.5394683,simulation
1965-12-29,0.52017885,simulation
1965-12-30,0.48902664,simulation
1965-12-31,0.46781826,simulation
1966-01-01,0.44710642,simulation
1966-01-02,0.43188488,simulation
1966-01-03,1.4149281,simulation
1966-01-04,1.4413387,simulation
1966-01-05,3.1703143,simulation
1966-01-06,4.5418677,simulation
1966-01-07,3.731653,simulation
1966-01-08,3.1842992,simulation
1966-01-09,2.68823,simulation
1966-01-10,2.3260994,simulation
1966-01-11,2.095065,simulation
1966-01-12,1.8437871,simulation
1966-01-13,1.6689154,simulation
1966-01-14,3.003939,simulation
1966-01-15,5.069207,simulation
1966-01-16,5.0587893,simulation
1966-01-17,4.1378446,simulation
1966-01-18,3.4753113,simulation
1966-01-19,3.0155022,simulation
1966-01-20,2.6737628,simulation
1966-01-21,2.7251306,simulation
1966-01-22,3.236893,simulation
1966-01-23,3.980995,simulation
1966-01-24,3.4574459,simulation
1966-01-25,3.6094854,simulation
1966-01-26,5.9275956,simulation
1966-01-27,4.8413587,simulation
1966-01-28,3.9847665,simulation
1966-01-29,6.7318525,simulation
1966-01-30,8.564888,simulation
1966-01-31,6.4679446,simulation
1966-02-01,5.152868,simulation
1966-02-02,5.775638,simulation
1966-02-03,4.703031,simulation
1966-02-04,3.8761044,simulation
1966-02-05,3.2306964,simulation
1966-02-06,2.7510417,simulation
1966-02-07,2.397044,simulation
1966-02-08,2.0730662,simulation
1966-02-09,1.8182681,simulation
1966-02-10,2.0322804,simulation
1966-02-11,11.164579,simulation
1966-02-12,8.581031,simulation
1966-02-13,24.895332,simulation
1966-02-14,17.070942,simulation
1966-02-15,11.430293,simulation
1966-02-16,25.92112,simulation
1966-02-17,23.180704,simulation
1966-02-18,15.138895,simulation
1966-02-19,10.406723,simulation
1966-02-20,7.2667904,simulation
1966-02-21,5.365988,simulation
1966-02-22,4.0908484,simulation
1966-02-23,3.3998833,simulation
1966-02-24,3.0163877,simulation
1966-02-25,3.2933414,simulation
1966-02-26,2.760141,simulation
1966-02-27,4.142007,simulation
1966-02-28,5.523141,simulation
1966-03-01,4.8506474,simulation
1966-03-02,3.76788,simulation
1966-03-03,4.499451,simulation
1966-03-04,5.6425185,simulation
1966-03-05,4.3045382,simulation
1966-03-06,3.3045785,simulation
1966-03-07,2.6431775,simulation
1966-03-08,2.215206,simulation
1966-03-09,1.9555229,simulation
1966-03-10,1.6234312,simulation
1966-03-11,1.3296747,simulation
1966-03-12,1.1091399,simulation
1966-03-13,1.1158944,simulation
1966-03-14,1.4485013,simulation
1966-03-15,1.7262998,simulation
1966-03-16,1.582272,simulation
1966-03-17,1.3751984,simulation
1966-03-18,1.235788,simulation
1966-03-19,1.1484027,simulation
1966-03-20,0.94951016,simulation
1966-03-21,0.827547,simulation
1966-03-22,0.72131985,simulation
1966-03-23,0.65162075,simulation
1966-03-24,0.6810298,simulation
1966-03-25,0.5834515,simulation
1966-03-26,0.54971385,simulation
1966-03-27,0.49390367,simulation
1966-03-28,0.42219678,simulation
1966-03-29,0.3944013,simulation
1966-03-30,0.41381955,simulation
1966-03-31,0.3478402,simulation
1966-04-01,0.27614138,simulation
1966-04-02,0.21829723,simulation
1966-04-03,0.17879595,simulation
1966-04-04,0.18209763,simulation
1966-04-05,0.22873992,simulation
1966-04-06,0.19403398,simulation
1966-04-07,0.16784897,simulation
1966-04-08,0.14188801,simulation
1966-04-09,0.12062252,simulation
1966-04-10,0.09688464,simulation
1966-04-11,0.08090645,simulation
1966-04-12,0.072190724,simulation
1966-04-13,0.065721594,simulation
1966-04-14,0.07599044,simulation
1966-04-15,0.102750786,simulation
1966-04-16,0.089130744,simulation
1966-04-17,0.07479536,simulation
1966-04-18,0.060991667,simulation
1966-04-19,0.108793855,simulation
1966-04-20,0.10552655,simulation
1966-04-21,0.1310531,simulation
1966-04-22,0.8938883,simulation
1966-04-23,0.83571166,simulation
1966-04-24,0.7439774,simulation
1966-04-25,2.420572,simulation
1966-04-26,2.9391844,simulation
1966-04-27,5.455374,simulation
1966-04-28,4.2250757,simulation
1966-04-29,3.9085681,simulation
1966-04-30,3.2573082,simulation
1966-05-01,2.6475859,simulation
1966-05-02,3.2738442,simulation
1966-05-03,2.9909883,simulation
1966-05-04,2.504143,simulation
1966-05-05,2.1144216,simulation
1966-05-06,2.0454655,simulation
1966-05-07,1.8485163,simulation
1966-05-08,1.563473,simulation
1966-05-09,1.2521151,simulation
1966-05-10,0.9527071,simulation
1966-05-11,0.7313452,simulation
1966-05-12,0.6369439,simulation
1966-05-13,0.59477025,simulation
1966-05-14,1.0520469,simulation
1966-05-15,0.95757264,simulation
1966-05-16,0.9020448,simulation
1966-05-17,0.95749825,simulation
1966-05-18,0.87746024,simulation
1966-05-19,0.99964994,simulation
1966-05-20,5.5920224,simulation
1966-05-21,4.377138,simulation
1966-05-22,7.605099,simulation
1966-05-23,5.1514144,simulation
1966-05-24,3.6671588,simulation
1966-05-25,3.4529648,simulation
1966-05-26,3.1306567,simulation
1966-05-27,2.9624643,simulation
1966-05-28,2.4945035,simulation
1966-05-29,1.972046,simulation
1966-05-30,1.485436,simulation
1966-05-31,1.1985823,simulation
1966-06-01,0.8674445,simulation
1966-06-02,0.6451741,simulation
1966-06-03,0.5339938,simulation
1966-06-04,0.45468062,simulation
1966-06-05,0.36722556,simulation
1966-06-06,0.30181813,simulation
1966-06-07,0.2569034,simulation
1966-06-08,0.26483288,simulation
1966-06-09,0.20575924,simulation
1966-06-10,0.18431474,simulation
1966-06-11,0.14276563,simulation
1966-06-12,0.1173326,simulation
1966-06-13,0.09322447,simulation
1966-06-14,0.09354193,simulation
1966-06-15,0.119746804,simulation
1966-06-16,0.11191653,simulation
1966-06-17,0.19739789,simulation
1966-06-18,0.17827547,simulation
1966-06-19,0.15685496,simulation
1966-06-20,0.1337644,simulation
1966-06-21,0.10708457,simulation
1966-06-22,0.09475057,simulation
1966-06-23,0.090304315,simulation
1966-06-24,0.09832,simulation
1966-06-25,0.08190024,simulation
1966-06-26,0.06285829,simulation
1966-06-27,0.05056581,simulation
1966-06-28,0.038622946,simulation
1966-06-29,0.039414097,simulation
1966-06-30,0.04283805,simulation
1966-07-01,0.036091715,simulation
1966-07-02,0.030817542,simulation
1966-07-03,0.05051563,simulation
1966-07-04,0.048235703,simulation
1966-07-05,0.061860226,simulation
1966-07-06,0.055934485,simulation
1966-07-07,0.043999657,simulation
1966-07-08,0.034623794,simulation
1966-07-09,0.02815391,simulation
1966-07-10,0.022281466,simulation
1966-07-11,0.017945746,simulation
1966-07-12,0.015715884,simulation
1966-07-13,0.0120785525,simulation
1966-07-14,0.009669099,simulation
1966-07-15,0.008188276,simulation
1966-07-16,0.009393403,simulation
1966-07-17,0.022778334,simulation
1966-07-18,0.0217126,simulation
1966-07-19,0.01831063,simulation
1966-07-20,0.016512383,simulation
1966-07-21,0.021732198,simulation
1966-07-22,0.019027356,simulation
1966-07-23,0.015705416,simulation
1966-07-24,0.013539485,simulation
1966-07-25,0.011064719,simulation
1966-07-26,0.00890101,simulation
1966-07-27,0.007509892,simulation
1966-07-28,0.006267583,simulation
1966-07-29,0.0049218773,simulation
1966-07-30,0.003939714,simulation
1966-07-31,0.027050655,simulation
1966-08-01,0.023407819,simulation
1966-08-02,0.019356363,simulation
1966-08-03,0.0206842,simulation
1966-08-04,0.031670973,simulation
1966-08-05,0.02785804,simulation
1966-08-06,0.024817327,simulation
1966-08-07,0.02058472,simulation
1966-08-08,0.016964495,simulation
1966-08-09,0.0139829125,simulation
1966-08-10,0.012057079,simulation
1966-08-11,0.012543911,simulation
1966-08-12,0.012001263,simulation
1966-08-13,0.014364096,simulation
1966-08-14,0.015631668,simulation
1966-08-15,0.014924814,simulation
1966-08-16,0.012977129,simulation
1966-08-17,0.011342983,simulation
1966-08-18,0.014481735,simulation
1966-08-19,0.012984093,simulation
1966-08-20,0.016435198,simulation
1966-08-21,0.017066129,simulation
1966-08-22,0.015597184,simulation
1966-08-23,0.014185525,simulation
1966-08-24,0.011220891,simulation
1966-08-25,0.009122622,simulation
1966-08-26,0.008066081,simulation
1966-08-27,0.006523384,simulation
1966-08-28,0.0056373104,simulation
1966-08-29,0.0056391186,simulation
1966-08-30,0.007855506,simulation
1966-08-31,0.007740855,simulation
1966-09-01,0.01144806,simulation
1966-09-02,0.013266913,simulation
1966-09-03,0.011963781,simulation
1966-09-04,0.010095966,simulation
1966-09-05,0.011649519,simulation
1966-09-06,0.010253023,simulation
1966-09-07,0.008594444,simulation
1966-09-08,0.0073056854,simulation
1966-09-09,0.0060492037,simulation
1966-09-10,0.005314722,simulation
1966-09-11,0.005231649,simulation
1966-09-12,0.00628116,simulation
1966-09-13,0.007518993,simulation
1966-09-14,0.0073666596,simulation
1966-09-15,0.006885615,simulation
1966-09-16,0.010322415,simulation
1966-09-17,0.010499521,simulation
1966-09-18,0.015849683,simulation
1966-09-19,0.040119477,simulation
1966-09-20,0.03644874,simulation
1966-09-21,0.033363752,simulation
1966-09-22,0.03146014,simulation
1966-09-23,0.026906708,simulation
1966-09-24,0.022826258,simulation
1966-09-25,0.019051483,simulation
1966-09-26,0.016241822,simulation
1966-09-27,0.014078622,simulation
1966-09-28,0.014372269,simulation
1966-09-29,0.017028295,simulation
1966-09-30,0.0146849025,simulation
1966-10-01,0.018731248,simulation
1966-10-02,0.020423468,simulation
1966-10-03,0.01863719,simulation
1966-10-04,0.015947467,simulation
1966-10-05,0.0135633135,simulation
1966-10-06,0.012283657,simulation
1966-10-07,0.010465168,simulation
1966-10-08,0.009234703,simulation
1966-10-09,0.008186543,simulation
1966-10-10,0.024481814,simulation
1966-10-11,0.024514034,simulation
1966-10-12,0.02165827,simulation
1966-10-13,0.024325205,simulation
1966-10-14,0.028957741,simulation
1966-10-15,0.02658269,simulation
1966-10-16,0.02603259,simulation
1966-10-17,0.02309137,simulation
1966-10-18,0.024126804,simulation
1966-10-19,0.041724484,simulation
1966-10-20,0.04989948,simulation
1966-10-21,0.04501131,simulation
1966-10-22,0.04052266,simulation
1966-10-23,0.03632415,simulation
1966-10-24,0.03545235,simulation
1966-10-25,0.031546522,simulation
1966-10-26,0.028300766,simulation
1966-10-27,0.02504892,simulation
1966-10-28,0.022586755,simulation
1966-10-29,0.020403868,simulation
1966-10-30,0.018347139,simulation
1966-10-31,0.016925942,simulation
1966-11-01,0.016330142,simulation
1966-11-02,0.020723691,simulation
1966-11-03,0.022535821,simulation
1966-11-04,0.02148265,simulation
1966-11-05,0.019722976,simulation
1966-11-06,0.019342713,simulation
1966-11-07,0.017763881,simulation
1966-11-08,0.017383944,simulation
1966-11-09,0.017406428,simulation
1966-11-10,0.019415481,simulation
1966-11-11,0.07005886,simulation
1966-11-12,0.52716595,simulation
1966-11-13,0.51291376,simulation
1966-11-14,0.4570071,simulation
1966-11-15,0.42954743,simulation
1966-11-16,0.3967058,simulation
1966-11-17,0.36244008,simulation
1966-11-18,0.33013472,simulation
1966-11-19,0.30400836,simulation
1966-11-20,0.3337028,simulation
1966-11-21,0.31898245,simulation
1966-11-22,0.29144627,simulation
1966-11-23,0.28285766,simulation
1966-11-24,0.2614702,simulation
1966-11-25,0.2418024,simulation
1966-11-26,0.22465715,simulation
1966-11-27,0.21806593,simulation
1966-11-28,0.3105969,simulation
1966-11-29,0.2699192,simulation
1966-11-30,0.24402642,simulation
1966-12-01,0.23416361,simulation
1966-12-02,0.2173145,simulation
1966-12-03,0.22995156,simulation
1966-12-04,0.2712571,simulation
1966-12-05,0.26531148,simulation
1966-12-06,0.25721446,simulation
1966-12-07,0.2659022,simulation
1966-12-08,0.27432945,simulation
1966-12-09,0.34026444,simulation
1966-12-10,0.8446879,simulation
1966-12-11,0.8108548,simulation
1966-12-12,0.78495944,simulation
1966-12-13,0.7497954,simulation
1966-12-14,0.7208683,simulation
1966-12-15,0.6819326,simulation
1966-12-16,0.6442129,simulation
1966-12-17,0.60416245,simulation
1966-12-18,0.8532695,simulation
1966-12-19,0.8089847,simulation
1966-12-20,0.8409969,simulation
1966-12-21,0.7870389,simulation
1966-12-22,0.7542086,simulation
1966-12-23,0.73367596,simulation
1966-12-24,0.9394942,simulation
1966-12-25,0.8752534,simulation
1966-12-26,0.8327989,simulation
1966-12-27,0.8528852,simulation
1966-12-28,0.84895796,simulation
1966-12-29,1.7673234,simulation
1966-12-30,1.597436,simulation
1966-12-31,2.961524,simulation
1967-01-01,3.0590994,simulation
1967-01-02,2.7831137,simulation
1967-01-03,2.4967048,simulation
1967-01-04,2.2320945,simulation
1967-01-05,1.9690932,simulation
1967-01-06,1.7298089,simulation
1967-01-07,1.553804,simulation
1967-01-08,2.2813485,simulation
1967-01-09,2.1480966,simulation
1967-01-10,1.9471481,simulation
1967-01-11,1.8266135,simulation
1967-01-12,1.6760638,simulation
1967-01-13,1.5428993,simulation
1967-01-14,3.8610744,simulation
1967-01-15,3.4269707,simulation
1967-01-16,2.9173174,simulation
1967-01-17,2.516389,simulation
1967-01-18,2.2335083,simulation
1967-01-19,2.329719,simulation
1967-01-20,2.1449685,simulation
1967-01-21,1.9489412,simulation
1967-01-22,1.7313043,simulation
1967-01-23,1.5959638,simulation
1967-01-24,1.4786193,simulation
1967-01-25,1.3424048,simulation
1967-01-26,1.2382112,simulation
1967-01-27,1.6453836,simulation
1967-01-28,1.4801351,simulation
1967-01-29,1.3369868,simulation
1967-01-30,1.2175184,simulation
1967-01-31,1.1224598,simulation
1967-02-01,1.0471605,simulation
1967-02-02,0.9752365,simulation
1967-02-03,1.1060722,simulation
1967-02-04,1.0449079,simulation
1967-02-05,0.98332477,simulation
1967-02-06,0.88709366,simulation
1967-02-07,2.7064133,simulation
1967-02-08,2.3994474,simulation
1967-02-09,2.0906782,simulation
1967-02-10,1.8336122,simulation
1967-02-11,1.6427318,simulation
1967-02-12,1.8280919,simulation
1967-02-13,1.7216319,simulation
1967-02-14,1.491957,simulation
1967-02-15,1.2973127,simulation
1967-02-16,1.1692697,simulation
1967-02-17,1.110995,simulation
1967-02-18,1.89535,simulation
1967-02-19,1.7533213,simulation
1967-02-20,1.9563758,simulation
1967-02-21,2.6152298,simulation
1967-02-22,2.1575627,simulation
1967-02-23,1.9446207,simulation
1967-02-24,1.6461015,simulation
1967-02-25,1.3947885,simulation
1967-02-26,1.2201955,simulation
1967-02-27,1.0970981,simulation
1967-02-28,1.7106134,simulation
1967-03-01,1.4494436,simulation
1967-03-02,1.236905,simulation
1967-03-03,1.0307691,simulation
1967-03-04,0.9023704,simulation
1967-03-05,0.8082534,simulation
1967-03-06,0.72817165,simulation
1967-03-07,0.8713566,simulation
1967-03-08,0.7698233,simulation
1967-03-09,0.7050006,simulation
1967-03-10,0.65130305,simulation
1967-03-11,0.6194982,simulation
1967-03-12,0.5295712,simulation
1967-03-13,0.44175333,simulation
1967-03-14,0.3769711,simulation
1967-03-15,0.33203268,simulation
1967-03-16,0.30327755,simulation
1967-03-17,0.2625134,simulation
1967-03-18,0.23648442,simulation
1967-03-19,0.20929533,simulation
1967-03-20,0.1772538,simulation
1967-03-21,0.2738505,simulation
1967-03-22,0.24512309,simulation
1967-03-23,0.20659667,simulation
1967-03-24,0.1740984,simulation
1967-03-25,0.16056024,simulation
1967-03-26,0.1508723,simulation
1967-03-27,0.28701606,simulation
1967-03-28,0.3600911,simulation
1967-03-29,0.3171944,simulation
1967-03-30,0.26943555,simulation
1967-03-31,0.23382388,simulation
1967-04-01,0.19744958,simulation
1967-04-02,0.16085902,simulation
1967-04-03,0.13456419,simulation
1967-04-04,0.11424017,simulation
1967-04-05,0.095564,simulation
1967-04-06,0.08028782,simulation
1967-04-07,0.06633965,simulation
1967-04-08,0.059747506,simulation
1967-04-09,0.05142259,simulation
1967-04-10,0.044652957,simulation
1967-04-11,0.039418858,simulation
1967-04-12,0.042902365,simulation
1967-04-13,0.038237963,simulation
1967-04-14,0.034883562,simulation
1967-04-15,0.13705829,simulation
1967-04-16,0.13820922,simulation
1967-04-17,0.12579325,simulation
1967-04-18,0.113238126,simulation
1967-04-19,0.104708895,simulation
1967-04-20,0.08758269,simulation
1967-04-21,0.077249356,simulation
1967-04-22,0.11090687,simulation
1967-04-23,0.09861794,simulation
1967-04-24,0.089687474,simulation
1967-04-25,0.12730287,simulation
1967-04-26,0.12205693,simulation
1967-04-27,0.11788301,simulation
1967-04-28,0.10020774,simulation
1967-04-29,0.09070042,simulation
1967-04-30,0.08124142,simulation
1967-05-01,0.075177915,simulation
1967-05-02,0.30706066,simulation
1967-05-03,0.73982716,simulation
1967-05-04,0.65179604,simulation
1967-05-05,6.959671,simulation
1967-05-06,5.48482,simulation
1967-05-07,4.2793593,simulation
1967-05-08,3.7176464,simulation
1967-05-09,2.7073138,simulation
1967-05-10,2.1098015,simulation
1967-05-11,1.7685225,simulation
1967-05-12,1.2705594,simulation
1967-05-13,1.0194415,simulation
1967-05-14,0.84790957,simulation
1967-05-15,0.653671,simulation
1967-05-16,1.2228358,simulation
1967-05-17,0.98722786,simulation
1967-05-18,0.7493232,simulation
1967-05-19,0.5737794,simulation
1967-05-20,0.4421456,simulation
1967-05-21,0.4285472,simulation
1967-05-22,1.670513,simulation
1967-05-23,1.8062925,simulation
1967-05-24,1.3723115,simulation
1967-05-25,1.0307735,simulation
1967-05-26,0.7778272,simulation
1967-05-27,0.5794601,simulation
1967-05-28,0.4489645,simulation
1967-05-29,0.36982626,simulation
1967-05-30,0.31271115,simulation
1967-05-31,0.36712736,simulation
1967-06-01,0.6242137,simulation
1967-06-02,0.9229587,simulation
1967-06-03,0.9105589,simulation
1967-06-04,0.8363575,simulation
1967-06-05,0.7020605,simulation
1967-06-06,0.5928982,simulation
1967-06-07,0.50444806,simulation
1967-06-08,0.4130605,simulation
1967-06-09,0.34803885,simulation
1967-06-10,0.27048224,simulation
1967-06-11,0.22333056,simulation
1967-06-12,0.18703169,simulation
1967-06-13,0.15312532,simulation
1967-06-14,0.12380533,simulation
1967-06-15,0.09949908,simulation
1967-06-16,0.07730471,simulation
1967-06-17,0.0621047,simulation
1967-06-18,0.048999216,simulation
1967-06-19,0.03783331,simulation
1967-06-20,0.030013565,simulation
1967-06-21,0.025447706,simulation
1967-06-22,0.020466603,simulation
1967-06-23,0.017855747,simulation
1967-06-24,0.015445775,simulation
1967-06-25,0.012612379,simulation
1967-06-26,0.010267807,simulation
1967-06-27,0.00889015,simulation
1967-06-28,0.010659867,simulation
1967-06-29,0.00920844,simulation
1967-06-30,0.007448962,simulation
1967-07-01,0.00784791,simulation
1967-07-02,0.010484032,simulation
1967-07-03,0.01809852,simulation
1967-07-04,0.014878582,simulation
1967-07-05,0.013253267,simulation
1967-07-06,0.03473759,simulation
1967-07-07,0.05457502,simulation
1967-07-08,0.060712878,simulation
1967-07-09,0.06381451,simulation
1967-07-10,0.0707898,simulation
1967-07-11,0.08373322,simulation
1967-07-12,0.081300154,simulation
1967-07-13,0.08006761,simulation
1967-07-14,0.2462993,simulation
1967-07-15,0.2004808,simulation
1967-07-16,0.15825182,simulation
1967-07-17,0.13591027,simulation
1967-07-18,0.11958986,simulation
1967-07-19,0.10261904,simulation
1967-07-20,0.18424657,simulation
1967-07-21,0.2545015,simulation
1967-07-22,0.26825565,simulation
1967-07-23,0.24650882,simulation
1967-07-24,0.22134535,simulation
1967-07-25,0.19277112,simulation
1967-07-26,0.16652612,simulation
1967-07-27,0.14889368,simulation
1967-07-28,0.116405815,simulation
1967-07-29,0.10475551,simulation
1967-07-30,0.097912505,simulation
1967-07-31,0.081732236,simulation
1967-08-01,0.06797627,simulation
1967-08-02,0.057788007,simulation
1967-08-03,0.110671006,simulation
1967-08-04,0.17163704,simulation
1967-08-05,0.19545579,simulation
1967-08-06,0.17111175,simulation
1967-08-07,0.16710511,simulation
1967-08-08,0.13529302,simulation
1967-08-09,0.13008896,simulation
1967-08-10,0.18183799,simulation
1967-08-11,0.18156312,simulation
1967-08-12,0.1517685,simulation
1967-08-13,0.12767479,simulation
1967-08-14,0.10298526,simulation
1967-08-15,0.083572134,simulation
1967-08-16,0.0739287,simulation
1967-08-17,0.07276772,simulation
1967-08-18,0.06811012,simulation
1967-08-19,0.11195088,simulation
1967-08-20,0.13118082,simulation
1967-08-21,0.12744375,simulation
1967-08-22,0.11431447,simulation
1967-08-23,0.10408776,simulation
1967-08-24,0.10114108,simulation
1967-08-25,0.16828732,simulation
1967-08-26,0.93583155,simulation
1967-08-27,0.9350198,simulation
1967-08-28,0.8856264,simulation
1967-08-29,0.8301659,simulation
1967-08-30,0.6374346,simulation
1967-08-31,0.49670798,simulation
1967-09-01,0.44895637,simulation
1967-09-02,0.42330384,simulation
1967-09-03,0.39552042,simulation
1967-09-04,0.38276693,simulation
1967-09-05,0.37422258,simulation
1967-09-06,0.36338192,simulation
1967-09-07,0.63031,simulation
1967-09-08,0.80435246,simulation
1967-09-09,1.0909598,simulation
1967-09-10,1.1005057,simulation
1967-09-11,0.9353462,simulation
1967-09-12,0.88705355,simulation
1967-09-13,1.0149213,simulation
1967-09-14,0.9665615,simulation
1967-09-15,0.7854996,simulation
1967-09-16,0.6450067,simulation
1967-09-17,0.5325497,simulation
1967-09-18,0.4341884,simulation
1967-09-19,0.35709953,simulation
1967-09-20,0.34348387,simulation
1967-09-21,0.32745624,simulation
1967-09-22,0.31702262,simulation
1967-09-23,0.26338565,simulation
1967-09-24,0.21838652,simulation
1967-09-25,0.18240722,simulation
1967-09-26,0.15413512,simulation
1967-09-27,0.12898314,simulation
1967-09-28,0.30384153,simulation
1967-09-29,0.29104444,simulation
1967-09-30,0.25159475,simulation
1967-10-01,0.21576634,simulation
1967-10-02,0.18252425,simulation
1967-10-03,0.15434168,simulation
1967-10-04,0.1420711,simulation
1967-10-05,0.11991668,simulation
1967-10-06,0.101208076,simulation
1967-10-07,0.086981736,simulation
1967-10-08,0.0749486,simulation
1967-10-09,0.07503782,simulation
1967-10-10,0.06694353,simulation
1967-10-11,0.057586677,simulation
1967-10-12,0.05320428,simulation
1967-10-13,0.048030835,simulation
1967-10-14,0.041021485,simulation
1967-10-15,0.0349917,simulation
1967-10-16,0.03175255,simulation
1967-10-17,0.13587299,simulation
1967-10-18,0.1325344,simulation
1967-10-19,0.114408135,simulation
1967-10-20,0.101761095,simulation
1967-10-21,0.09000751,simulation
1967-10-22,0.078685164,simulation
1967-10-23,0.07543803,simulation
1967-10-24,0.06710126,simulation
1967-10-25,0.084252305,simulation
1967-10-26,0.07333304,simulation
1967-10-27,0.06836091,simulation
1967-10-28,0.06354113,simulation
1967-10-29,0.056552976,simulation
1967-10-30,0.050140984,simulation
1967-10-31,0.11906092,simulation
1967-11-01,0.12838332,simulation
1967-11-02,0.19758065,simulation
1967-11-03,0.18415214,simulation
1967-11-04,0.20105825,simulation
1967-11-05,0.19030832,simulation
1967-11-06,0.17643128,simulation
1967-11-07,0.1643555,simulation
1967-11-08,0.15273638,simulation
1967-11-09,0.13997872,simulation
1967-11-10,0.12771091,simulation
1967-11-11,0.117598586,simulation
1967-11-12,0.11136175,simulation
1967-11-13,0.10800506,simulation
1967-11-14,0.099384576,simulation
1967-11-15,0.089564376,simulation
1967-11-16,0.08408184,simulation
1967-11-17,0.08005022,simulation
1967-11-18,0.07822537,simulation
1967-11-19,0.07121625,simulation
1967-11-20,0.06673758,simulation
1967-11-21,0.06558454,simulation
1967-11-22,0.063674815,simulation
1967-11-23,0.062022913,simulation
1967-11-24,0.061131325,simulation
1967-11-25,0.06218378,simulation
1967-11-26,0.05687137,simulation
1967-11-27,0.056318276,simulation
1967-11-28,0.055597905,simulation
1967-11-29,0.05462873,simulation
1967-11-30,0.05368119,simulation
1967-12-01,0.055012085,simulation
1967-12-02,0.053067584,simulation
1967-12-03,0.12719998,simulation
1967-12-04,0.12295172,simulation
1967-12-05,0.117787674,simulation
1967-12-06,0.11574936,simulation
1967-12-07,0.113841295,simulation
1967-12-08,0.1119532,simulation
1967-12-09,0.11084344,simulation
1967-12-10,0.44282913,simulation
1967-12-11,1.2158042,simulation
1967-12-12,1.317677,simulation
1967-12-13,1.1730796,simulation
1967-12-14,1.0800835,simulation
1967-12-15,16.381855,simulation
1967-12-16,21.713179,simulation
1967-12-17,14.497264,simulation
1967-12-18,10.086413,simulation
1967-12-19,9.149793,simulation
1967-12-20,10.057152,simulation
1967-12-21,7.3927603,simulation
1967-12-22,9.619478,simulation
1967-12-23,7.521193,simulation
1967-12-24,5.715248,simulation
1967-12-25,4.583548,simulation
1967-12-26,3.8135238,simulation
1967-12-27,3.1891634,simulation
1967-12-28,4.0014277,simulation
1967-12-29,3.522846,simulation
1967-12-30,3.0860388,simulation
1967-12-31,3.3288379,simulation
1968-01-01,3.7182274,simulation
1968-01-02,4.777461,simulation
1968-01-03,4.08576,simulation
1968-01-04,5.376627,simulation
1968-01-05,5.3593593,simulation
1968-01-06,4.869368,simulation
1968-01-07,5.317265,simulation
1968-01-08,4.363312,simulation
1968-01-09,4.1271935,simulation
1968-01-10,9.775357,simulation
1968-01-11,7.4594636,simulation
1968-01-12,5.982382,simulation
1968-01-13,5.1427765,simulation
1968-01-14,4.2916846,simulation
1968-01-15,3.7187574,simulation
1968-01-16,3.1888924,simulation
1968-01-17,2.789829,simulation
1968-01-18,2.4290404,simulation
1968-01-19,2.0908258,simulation
1968-01-20,1.8532628,simulation
1968-01-21,1.6982613,simulation
1968-01-22,1.5039427,simulation
1968-01-23,1.5046947,simulation
1968-01-24,2.6026223,simulation
1968-01-25,2.2634861,simulation
1968-01-26,1.9925815,simulation
1968-01-27,1.7308748,simulation
1968-01-28,1.5870903,simulation
1968-01-29,1.4702581,simulation
1968-01-30,1.3504648,simulation
1968-01-31,1.2609403,simulation
1968-02-01,1.2146876,simulation
1968-02-02,1.5615373,simulation
1968-02-03,1.3989547,simulation
1968-02-04,1.2557505,simulation
1968-02-05,1.116515,simulation
1968-02-06,1.0094002,simulation
1968-02-07,0.8969316,simulation
1968-02-08,0.8219969,simulation
1968-02-09,0.75418174,simulation
1968-02-10,0.69048697,simulation
1968-02-11,0.6460812,simulation
1968-02-12,0.6065862,simulation
1968-02-13,0.5522039,simulation
1968-02-14,0.52279615,simulation
1968-02-15,0.63560826,simulation
1968-02-16,0.99237347,simulation
1968-02-17,0.9482907,simulation
1968-02-18,0.9138044,simulation
1968-02-19,0.90326697,simulation
1968-02-20,0.8309617,simulation
1968-02-21,0.757057,simulation
1968-02-22,0.7648479,simulation
1968-02-23,0.80099094,simulation
1968-02-24,0.86516845,simulation
1968-02-25,0.7681213,simulation
1968-02-26,0.7101568,simulation
1968-02-27,0.64511305,simulation
1968-02-28,0.57928693,simulation
1968-02-29,1.9072465,simulation
1968-03-01,1.7473412,simulation
1968-03-02,1.5096226,simulation
1968-03-03,1.3831373,simulation
1968-03-04,1.190296,simulation
1968-03-05,1.0454075,simulation
1968-03-06,0.9750691,simulation
1968-03-07,0.9032071,simulation
1968-03-08,0.77202713,simulation
1968-03-09,0.65787625,simulation
1968-03-10,0.7430854,simulation
1968-03-11,0.67049694,simulation
1968-03-12,1.1802584,simulation
1968-03-13,1.1060354,simulation
1968-03-14,0.9508539,simulation
1968-03-15,0.8770772,simulation
1968-03-16,0.8247541,simulation
1968-03-17,0.77274406,simulation
1968-03-18,0.7172055,simulation
1968-03-19,0.642623,simulation
1968-03-20,0.55920136,simulation
1968-03-21,0.50340366,simulation
1968-03-22,1.6744276,simulation
1968-03-23,7.452051,simulation
1968-03-24,6.024277,simulation
1968-03-25,4.493929,simulation
1968-03-26,3.3935146,simulation
1968-03-27,2.691733,simulation
1968-03-28,2.195187,simulation
1968-03-29,1.8463583,simulation
1968-03-30,1.6513978,simulation
1968-03-31,1.5293225,simulation
1968-04-01,1.317325,simulation
1968-04-02,1.2165638,simulation
1968-04-03,1.2607646,simulation
1968-04-04,1.1563976,simulation
1968-04-05,5.879644,simulation
1968-04-06,4.23408,simulation
1968-04-07,3.1373475,simulation
1968-04-08,2.6222243,simulation
1968-04-09,4.608185,simulation
1968-04-10,4.032069,simulation
1968-04-11,3.6460972,simulation
1968-04-12,2.674728,simulation
1968-04-13,2.1714277,simulation
1968-04-14,2.859235,simulation
1968-04-15,3.002457,simulation
1968-04-16,2.192137,simulation
1968-04-17,1.6884271,simulation
1968-04-18,1.4249402,simulation
1968-04-19,1.2112484,simulation
1968-04-20,1.0514305,simulation
1968-04-21,0.9257503,simulation
1968-04-22,0.84767723,simulation
1968-04-23,0.79925305,simulation
1968-04-24,0.92873865,simulation
1968-04-25,0.93491346,simulation
1968-04-26,0.72524476,simulation
1968-04-27,0.5745854,simulation
1968-04-28,0.59284586,simulation
1968-04-29,1.3095844,simulation
1968-04-30,2.7732532,simulation
1968-05-01,2.033821,simulation
1968-05-02,1.5335999,simulation
1968-05-03,1.186729,simulation
1968-05-04,0.9562262,simulation
1968-05-05,1.0500053,simulation
1968-05-06,0.8003666,simulation
1968-05-07,0.6628512,simulation
1968-05-08,0.5433471,simulation
1968-05-09,0.5711486,simulation
1968-05-10,0.51733744,simulation
1968-05-11,1.1150639,simulation
1968-05-12,1.4856066,simulation
1968-05-13,4.0506988,simulation
1968-05-14,3.3732014,simulation
1968-05-15,2.623854,simulation
1968-05-16,2.182394,simulation
1968-05-17,1.7915161,simulation
1968-05-18,3.735547,simulation
1968-05-19,3.0402977,simulation
1968-05-20,2.1701531,simulation
1968-05-21,1.6052735,simulation
1968-05-22,1.2854346,simulation
1968-05-23,0.97845,simulation
1968-05-24,0.71444905,simulation
1968-05-25,0.792764,simulation
1968-05-26,0.6917653,simulation
1968-05-27,0.8942685,simulation
1968-05-28,0.7701746,simulation
1968-05-29,0.6135318,simulation
1968-05-30,0.46362215,simulation
1968-05-31,0.40488845,simulation
1968-06-01,0.3531273,simulation
1968-06-02,0.27554715,simulation
1968-06-03,0.23772031,simulation
1968-06-04,0.21543376,simulation
1968-06-05,0.16451162,simulation
1968-06-06,0.14613463,simulation
1968-06-07,0.11213561,simulation
1968-06-08,0.086529575,simulation
1968-06-09,0.075433314,simulation
1968-06-10,0.059067827,simulation
1968-06-11,0.04629186,simulation
1968-06-12,0.04936713,simulation
1968-06-13,0.07952829,simulation
1968-06-14,0.059860762,simulation
1968-06-15,0.04635479,simulation
1968-06-16,0.037400443,simulation
1968-06-17,0.032267,simulation
1968-06-18,0.044972364,simulation
1968-06-19,0.0566589,simulation
1968-06-20,0.0697348,simulation
1968-06-21,0.06661399,simulation
1968-06-22,0.12027134,simulation
1968-06-23,0.11617523,simulation
1968-06-24,0.10260624,simulation
1968-06-25,0.0897442,simulation
1968-06-26,0.07981779,simulation
1968-06-27,0.076897666,simulation
1968-06-28,0.060575858,simulation
1968-06-29,0.045522515,simulation
1968-06-30,0.035586093,simulation
1968-07-01,0.029533232,simulation
1968-07-02,0.024797713,simulation
1968-07-03,0.02667939,simulation
1968-07-04,0.028007383,simulation
1968-07-05,0.021658614,simulation
1968-07-06,0.016988259,simulation
1968-07-07,0.014828768,simulation
1968-07-08,0.017850064,simulation
1968-07-09,0.023874417,simulation
1968-07-10,0.022640467,simulation
1968-07-11,0.019909484,simulation
1968-07-12,0.017229859,simulation
1968-07-13,0.019768197,simulation
1968-07-14,0.02215457,simulation
1968-07-15,0.021085424,simulation
1968-07-16,0.018859107,simulation
1968-07-17,0.017057382,simulation
1968-07-18,0.014155479,simulation
1968-07-19,0.019791104,simulation
1968-07-20,0.01808164,simulation
1968-07-21,0.016067363,simulation
1968-07-22,0.014756423,simulation
1968-07-23,0.02907816,simulation
1968-07-24,0.02831126,simulation
1968-07-25,0.025303887,simulation
1968-07-26,0.020371417,simulation
1968-07-27,0.016485957,simulation
1968-07-28,0.012950057,simulation
1968-07-29,0.012154702,simulation
1968-07-30,0.013337522,simulation
1968-07-31,0.011585485,simulation
1968-08-01,0.009321916,simulation
1968-08-02,0.007532595,simulation
1968-08-03,0.00790464,simulation
1968-08-04,0.00654706,simulation
1968-08-05,0.0054982114,simulation
1968-08-06,0.0049384893,simulation
1968-08-07,0.0059207147,simulation
1968-08-08,0.005917102,simulation
1968-08-09,0.0057638483,simulation
1968-08-10,0.0047062496,simulation
1968-08-11,0.0040592486,simulation
1968-08-12,0.005599331,simulation
1968-08-13,0.0060446607,simulation
1968-08-14,0.008642399,simulation
1968-08-15,0.013459492,simulation
1968-08-16,0.014539494,simulation
1968-08-17,0.024966847,simulation
1968-08-18,0.022079151,simulation
1968-08-19,0.023008807,simulation
1968-08-20,0.044606965,simulation
1968-08-21,0.04157895,simulation
1968-08-22,0.03414421,simulation
1968-08-23,0.028436124,simulation
1968-08-24,0.022942299,simulation
1968-08-25,0.027380725,simulation
1968-08-26,0.022976868,simulation
1968-08-27,0.018148916,simulation
1968-08-28,0.014134318,simulation
1968-08-29,0.0115294885,simulation
1968-08-30,0.010378013,simulation
1968-08-31,0.009618232,simulation
1968-09-01,0.008725028,simulation
1968-09-02,0.007155719,simulation
1968-09-03,0.0069678626,simulation
1968-09-04,0.0139701255,simulation
1968-09-05,0.014775798,simulation
1968-09-06,0.017732823,simulation
1968-09-07,0.01552798,simulation
1968-09-08,0.013069769,simulation
1968-09-09,0.0105572175,simulation
1968-09-10,0.010127508,simulation
1968-09-11,0.008402771,simulation
1968-09-12,0.007627684,simulation
1968-09-13,0.0062496075,simulation
1968-09-14,0.0051577473,simulation
1968-09-15,0.0047957026,simulation
1968-09-16,0.01166157,simulation
1968-09-17,0.014538647,simulation
1968-09-18,0.01860322,simulation
1968-09-19,0.019293847,simulation
1968-09-20,0.01611609,simulation
1968-09-21,0.013607842,simulation
1968-09-22,0.011345382,simulation
1968-09-23,0.009483148,simulation
1968-09-24,0.0077954754,simulation
1968-09-25,0.006737627,simulation
1968-09-26,0.0066168667,simulation
1968-09-27,0.006545432,simulation
1968-09-28,0.00543598,simulation
1968-09-29,0.0046054046,simulation
1968-09-30,0.0040752976,simulation
1968-10-01,0.0034686427,simulation
1968-10-02,0.002997424,simulation
1968-10-03,0.0025608607,simulation
1968-10-04,0.0024634197,simulation
1968-10-05,0.002055626,simulation
1968-10-06,0.0019517085,simulation
1968-10-07,0.005788503,simulation
1968-10-08,0.006015076,simulation
1968-10-09,0.00588854,simulation
1968-10-10,0.0065422677,simulation
1968-10-11,0.008929117,simulation
1968-10-12,0.009236399,simulation
1968-10-13,0.008400091,simulation
1968-10-14,0.00804218,simulation
1968-10-15,0.007178209,simulation
1968-10-16,0.006125073,simulation
1968-10-17,0.005568721,simulation
1968-10-18,0.0061529484,simulation
1968-10-19,0.0053518065,simulation
1968-10-20,0.0046365126,simulation
1968-10-21,0.004531686,simulation
1968-10-22,0.0041348627,simulation
1968-10-23,0.0040755663,simulation
1968-10-24,0.0035888865,simulation
1968-10-25,0.0032536066,simulation
1968-10-26,0.002922464,simulation
1968-10-27,0.0026358059,simulation
1968-10-28,0.0023285944,simulation
1968-10-29,0.002078592,simulation
1968-10-30,0.0018963086,simulation
1968-10-31,0.0017139777,simulation
1968-11-01,0.0015534186,simulation
1968-11-02,0.0013889808,simulation
1968-11-03,0.0012469605,simulation
1968-11-04,0.001591857,simulation
1968-11-05,0.0016029403,simulation
1968-11-06,0.0016760287,simulation
1968-11-07,0.0028558145,simulation
1968-11-08,0.002866145,simulation
1968-11-09,0.0036213114,simulation
1968-11-10,0.004787225,simulation
1968-11-11,0.005410405,simulation
1968-11-12,0.006731769,simulation
1968-11-13,0.006697645,simulation
1968-11-14,0.006553387,simulation
1968-11-15,0.006345951,simulation
1968-11-16,0.0077210013,simulation
1968-11-17,0.007129762,simulation
1968-11-18,0.037320048,simulation
1968-11-19,0.034078456,simulation
1968-11-20,0.03219777,simulation
1968-11-21,0.030869668,simulation
1968-11-22,0.029070128,simulation
1968-11-23,0.028095175,simulation
1968-11-24,0.027775817,simulation
1968-11-25,0.037049748,simulation
1968-11-26,0.035112325,simulation
1968-11-27,0.03443514,simulation
1968-11-28,0.034925375,simulation
1968-11-29,0.04412883,simulation
1968-11-30,0.045642685,simulation
1968-12-01,0.07045485,simulation
1968-12-02,0.22831005,simulation
1968-12-03,0.22330186,simulation
1968-12-04,0.39699975,simulation
1968-12-05,0.36541328,simulation
1968-12-06,0.33935866,simulation
1968-12-07,0.37399635,simulation
1968-12-08,0.33765134,simulation
1968-12-09,0.31791523,simulation
1968-12-10,0.30783063,simulation
1968-12-11,0.2941424,simulation
1968-12-12,0.28430322,simulation
1968-12-13,0.46627858,simulation
1968-12-14,0.9796779,simulation
1968-12-15,0.88154924,simulation
1968-12-16,0.8240253,simulation
1968-12-17,0.7818584,simulation
1968-12-18,0.73282576,simulation
1968-12-19,0.76654404,simulation
1968-12-20,0.98437417,simulation
1968-12-21,0.92781484,simulation
1968-12-22,12.39194,simulation
1968-12-23,12.337551,simulation
1968-12-24,8.470705,simulation
1968-12-25,6.3777194,simulation
1968-12-26,5.015576,simulation
1968-12-27,4.1209917,simulation
1968-12-28,5.492153,simulation
1968-12-29,4.410142,simulation
1968-12-30,3.6960077,simulation
1968-12-31,6.884755,simulation
1969-01-01,5.664064,simulation
1969-01-02,4.5696874,simulation
1969-01-03,4.0110984,simulation
1969-01-04,3.4810948,simulation
1969-01-05,2.994832,simulation
1969-01-06,2.6306856,simulation
1969-01-07,2.3380995,simulation
1969-01-08,2.1063862,simulation
1969-01-09,1.8863574,simulation
1969-01-10,1.7052081,simulation
1969-01-11,1.547844,simulation
1969-01-12,1.4043094,simulation
1969-01-13,1.305091,simulation
1969-01-14,1.1976846,simulation
1969-01-15,1.1012235,simulation
1969-01-16,1.0085173,simulation
1969-01-17,0.95582867,simulation
1969-01-18,1.1800668,simulation
1969-01-19,1.460175,simulation
1969-01-20,1.4501033,simulation
1969-01-21,1.3671182,simulation
1969-01-22,1.285829,simulation
1969-01-23,1.3140639,simulation
1969-01-24,1.3728248,simulation
1969-01-25,1.2778641,simulation
1969-01-26,1.1738898,simulation
1969-01-27,1.0907286,simulation
1969-01-28,1.0019139,simulation
1969-01-29,1.0214846,simulation
1969-01-30,1.1088289,simulation
1969-01-31,1.1163037,simulation
1969-02-01,1.3787527,simulation
1969-02-02,1.2881782,simulation
1969-02-03,1.8331594,simulation
1969-02-04,1.614187,simulation
1969-02-05,1.4467862,simulation
1969-02-06,1.3700578,simulation
1969-02-07,1.9582659,simulation
1969-02-08,1.7841737,simulation
1969-02-09,1.5675086,simulation
1969-02-10,1.4248427,simulation
1969-02-11,1.3239702,simulation
1969-02-12,1.196581,simulation
1969-02-13,1.0418973,simulation
1969-02-14,0.90913105,simulation
1969-02-15,2.4732895,simulation
1969-02-16,2.5305812,simulation
1969-02-17,2.288995,simulation
1969-02-18,2.0938165,simulation
1969-02-19,1.7838633,simulation
1969-02-20,1.5952061,simulation
1969-02-21,1.4592648,simulation
1969-02-22,1.998181,simulation
1969-02-23,2.5771086,simulation
1969-02-24,2.2682455,simulation
1969-02-25,1.9189801,simulation
1969-02-26,1.6337299,simulation
1969-02-27,1.4180813,simulation
1969-02-28,1.2460988,simulation
1969-03-01,1.174176,simulation
1969-03-02,1.1011083,simulation
1969-03-03,0.95983744,simulation
1969-03-04,1.0617212,simulation
1969-03-05,0.928427,simulation
1969-03-06,0.8899213,simulation
1969-03-07,2.6403124,simulation
1969-03-08,2.2514265,simulation
1969-03-09,2.113363,simulation
1969-03-10,1.8171557,simulation
1969-03-11,1.5566368,simulation
1969-03-12,1.3745803,simulation
1969-03-13,1.2706908,simulation
1969-03-14,1.0963981,simulation
1969-03-15,1.2270963,simulation
1969-03-16,1.4966277,simulation
1969-03-17,1.47726,simulation
1969-03-18,3.30205,simulation
1969-03-19,4.5835757,simulation
1969-03-20,3.4291525,simulation
1969-03-21,2.7360263,simulation
1969-03-22,2.1629574,simulation
1969-03-23,1.8466144,simulation
1969-03-24,9.012381,simulation
1969-03-25,5.9985414,simulation
1969-03-26,4.6987643,simulation
1969-03-27,3.4954271,simulation
1969-03-28,2.8186896,simulation
1969-03-29,2.172941,simulation
1969-03-30,1.7751334,simulation
1969-03-31,1.6431121,simulation
1969-04-01,1.43099,simulation
1969-04-02,1.1466957,simulation
1969-04-03,1.0181396,simulation
1969-04-04,0.89508593,simulation
1969-04-05,0.79971796,simulation
1969-04-06,2.4334319,simulation
1969-04-07,2.1813552,simulation
1969-04-08,1.8078889,simulation
1969-04-09,1.6110327,simulation
1969-04-10,1.4238216,simulation
1969-04-11,6.0852585,simulation
1969-04-12,4.400953,simulation
1969-04-13,3.6316607,simulation
1969-04-14,24.59841,simulation
1969-04-15,17.417019,simulation
1969-04-16,11.152459,simulation
1969-04-17,8.141601,simulation
1969-04-18,20.867283,simulation
1969-04-19,14.409172,simulation
1969-04-20,9.801678,simulation
1969-04-21,6.9307995,simulation
1969-04-22,4.7273684,simulation
1969-04-23,3.3014975,simulation
1969-04-24,2.4288754,simulation
1969-04-25,1.8327771,simulation
1969-04-26,1.4027191,simulation
1969-04-27,1.0524427,simulation
1969-04-28,0.98604196,simulation
1969-04-29,0.9092779,simulation
1969-04-30,0.7244531,simulation
1969-05-01,0.5659242,simulation
1969-05-02,0.5016521,simulation
1969-05-03,0.4115756,simulation
1969-05-04,0.3588079,simulation
1969-05-05,0.3361084,simulation
1969-05-06,0.29905397,simulation
1969-05-07,0.2824285,simulation
1969-05-08,0.4365676,simulation
1969-05-09,2.251653,simulation
1969-05-10,1.629715,simulation
1969-05-11,1.206993,simulation
1969-05-12,0.9544867,simulation
1969-05-13,0.7295571,simulation
1969-05-14,0.62328,simulation
1969-05-15,1.0431142,simulation
1969-05-16,0.92670274,simulation
1969-05-17,0.85132,simulation
1969-05-18,1.2135309,simulation
1969-05-19,1.6117688,simulation
1969-05-20,1.4060934,simulation
1969-05-21,1.0873765,simulation
1969-05-22,0.8120521,simulation
1969-05-23,0.6181636,simulation
1969-05-24,0.4759341,simulation
1969-05-25,0.4273118,simulation
1969-05-26,0.39074463,simulation
1969-05-27,0.31737858,simulation
1969-05-28,0.26281187,simulation
1969-05-29,0.2155515,simulation
1969-05-30,0.17717305,simulation
1969-05-31,0.14541908,simulation
1969-06-01,0.11378097,simulation
1969-06-02,0.08960508,simulation
1969-06-03,0.16229539,simulation
1969-06-04,0.13718931,simulation
1969-06-05,0.12942559,simulation
1969-06-06,0.11531992,simulation
1969-06-07,0.08767354,simulation
1969-06-08,0.06830057,simulation
1969-06-09,0.05736559,simulation
1969-06-10,0.04608423,simulation
1969-06-11,0.036283102,simulation
1969-06-12,0.030480979,simulation
1969-06-13,0.024773976,simulation
1969-06-14,0.020013243,simulation
1969-06-15,0.01613073,simulation
1969-06-16,0.013484062,simulation
1969-06-17,0.011470855,simulation
1969-06-18,0.008827959,simulation
1969-06-19,0.0070936317,simulation
1969-06-20,0.0063853064,simulation
1969-06-21,0.005596462,simulation
1969-06-22,0.004837145,simulation
1969-06-23,0.0039542597,simulation
1969-06-24,0.0033515568,simulation
1969-06-25,0.0030081242,simulation
1969-06-26,0.0024469558,simulation
1969-06-27,0.0020522971,simulation
1969-06-28,0.0016608662,simulation
1969-06-29,0.0013607388,simulation
1969-06-30,0.0010246598,simulation
1969-07-01,0.00081144064,simulation
1969-07-02,0.0010841739,simulation
1969-07-03,0.00085573393,simulation
1969-07-04,0.00065009424,simulation
1969-07-05,0.00048586287,simulation
1969-07-06,0.00046674712,simulation
1969-07-07,0.0005020611,simulation
1969-07-08,0.00042497722,simulation
1969-07-09,0.00039787625,simulation
1969-07-10,0.0004947656,simulation
1969-07-11,0.00069814717,simulation
1969-07-12,0.001270295,simulation
1969-07-13,0.0016116982,simulation
1969-07-14,0.003967057,simulation
1969-07-15,0.003307591,simulation
1969-07-16,0.0028345948,simulation
1969-07-17,0.0029348086,simulation
1969-07-18,0.004877394,simulation
1969-07-19,0.008142852,simulation
1969-07-20,0.007889982,simulation
1969-07-21,0.0064708213,simulation
1969-07-22,0.0053929263,simulation
1969-07-23,0.0057016816,simulation
1969-07-24,0.0059035146,simulation
1969-07-25,0.023306182,simulation
1969-07-26,0.021863682,simulation
1969-07-27,0.022208491,simulation
1969-07-28,0.022477502,simulation
1969-07-29,0.020099638,simulation
1969-07-30,0.01878554,simulation
1969-07-31,0.015762074,simulation
1969-08-01,0.016399298,simulation
1969-08-02,0.014371,simulation
1969-08-03,0.014355793,simulation
1969-08-04,0.011810104,simulation
1969-08-05,0.009398167,simulation
1969-08-06,0.007943993,simulation
1969-08-07,0.006339001,simulation
1969-08-08,0.005164019,simulation
1969-08-09,0.004127786,simulation
1969-08-10,0.0034282368,simulation
1969-08-11,0.0029835862,simulation
1969-08-12,0.0022994492,simulation
1969-08-13,0.0018423409,simulation
1969-08-14,0.001480107,simulation
1969-08-15,0.0013471913,simulation
1969-08-16,0.0011319185,simulation
1969-08-17,0.00095451076,simulation
1969-08-18,0.0012111202,simulation
1969-08-19,0.038003717,simulation
1969-08-20,0.037733898,simulation
1969-08-21,0.03151092,simulation
1969-08-22,0.033050273,simulation
1969-08-23,0.0299116,simulation
1969-08-24,0.02967053,simulation
1969-08-25,0.028039472,simulation
1969-08-26,0.025022727,simulation
1969-08-27,0.022991264,simulation
1969-08-28,0.020982701,simulation
1969-08-29,0.016469928,simulation
1969-08-30,0.013121452,simulation
1969-08-31,0.01065013,simulation
1969-09-01,0.0114622,simulation
1969-09-02,0.010893945,simulation
1969-09-03,0.009929967,simulation
1969-09-04,0.009423765,simulation
1969-09-05,0.010238091,simulation
1969-09-06,0.009866025,simulation
1969-09-07,0.008625738,simulation
1969-09-08,0.0097574545,simulation
1969-09-09,0.0090522235,simulation
1969-09-10,0.007944486,simulation
1969-09-11,0.0072188685,simulation
1969-09-12,0.006986531,simulation
1969-09-13,0.0057425783,simulation
1969-09-14,0.0047346186,simulation
1969-09-15,0.0042432514,simulation
1969-09-16,0.0035547484,simulation
1969-09-17,0.0030496533,simulation
1969-09-18,0.0027599905,simulation
1969-09-19,0.0023889213,simulation
1969-09-20,0.007544414,simulation
1969-09-21,0.0074974606,simulation
1969-09-22,0.007428868,simulation
1969-09-23,0.007378152,simulation
1969-09-24,0.007481659,simulation
1969-09-25,0.0068884143,simulation
1969-09-26,0.005903939,simulation
1969-09-27,0.0048988485,simulation
1969-09-28,0.004090964,simulation
1969-09-29,0.0034048618,simulation
1969-09-30,0.0028112105,simulation
1969-10-01,0.0027351358,simulation
1969-10-02,0.00361359,simulation
1969-10-03,0.0032422752,simulation
1969-10-04,0.0029085055,simulation
1969-10-05,0.0025570667,simulation
1969-10-06,0.0022821787,simulation
1969-10-07,0.003059125,simulation
1969-10-08,0.0039134165,simulation
1969-10-09,0.0037224211,simulation
1969-10-10,0.0032527184,simulation
1969-10-11,0.0032031508,simulation
1969-10-12,0.0030326631,simulation
1969-10-13,0.002718762,simulation
1969-10-14,0.002884527,simulation
1969-10-15,0.0028854075,simulation
1969-10-16,0.0028854948,simulation
1969-10-17,0.0025864046,simulation
1969-10-18,0.0022722667,simulation
1969-10-19,0.0019817157,simulation
1969-10-20,0.0017427371,simulation
1969-10-21,0.0022634054,simulation
1969-10-22,0.0026966168,simulation
1969-10-23,0.002416221,simulation
1969-10-24,0.0020811937,simulation
1969-10-25,0.002070756,simulation
1969-10-26,0.0019183538,simulation
1969-10-27,0.0017597944,simulation
1969-10-28,0.0016235029,simulation
1969-10-29,0.0014817563,simulation
1969-10-30,0.0014239119,simulation
1969-10-31,0.0013221826,simulation
1969-11-01,0.0014254057,simulation
1969-11-02,0.0014373455,simulation
1969-11-03,0.0013186107,simulation
1969-11-04,0.0013162199,simulation
1969-11-05,0.0013157567,simulation
1969-11-06,0.0012424159,simulation
1969-11-07,0.0012013217,simulation
1969-11-08,0.0011844784,simulation
1969-11-09,0.001147329,simulation
1969-11-10,0.0010666737,simulation
1969-11-11,0.0009794537,simulation
1969-11-12,0.0009128372,simulation
1969-11-13,0.0010189262,simulation
1969-11-14,0.0011275997,simulation
1969-11-15,0.001082622,simulation
1969-11-16,0.0010503895,simulation
1969-11-17,0.0010107765,simulation
1969-11-18,0.000946192,simulation
1969-11-19,0.005046953,simulation
1969-11-20,0.0051428867,simulation
1969-11-21,0.0049063945,simulation
1969-11-22,0.004639999,simulation
1969-11-23,0.0044161016,simulation
1969-11-24,0.004391731,simulation
1969-11-25,0.004310711,simulation
1969-11-26,0.0042969272,simulation
1969-11-27,0.0043105595,simulation
1969-11-28,0.0043579033,simulation
1969-11-29,0.0043072165,simulation
1969-11-30,0.004276756,simulation
1969-12-01,0.0041510235,simulation
1969-12-02,0.003959091,simulation
1969-12-03,0.0038291723,simulation
1969-12-04,0.0036441563,simulation
1969-12-05,0.0035066602,simulation
1969-12-06,0.0036298267,simulation
1969-12-07,0.03556738,simulation
1969-12-08,0.03536147,simulation
1969-12-09,0.03536572,simulation
1969-12-10,0.046994723,simulation
1969-12-11,0.059411157,simulation
1969-12-12,0.058319453,simulation
1969-12-13,0.056487475,simulation
1969-12-14,0.054384835,simulation
1969-12-15,0.051656704,simulation
1969-12-16,0.04980489,simulation
1969-12-17,0.04820567,simulation
1969-12-18,0.047085404,simulation
1969-12-19,0.04648094,simulation
1969-12-20,0.046256296,simulation
1969-12-21,0.075153574,simulation
1969-12-22,0.20332146,simulation
1969-12-23,0.198091,simulation
1969-12-24,0.18731599,simulation
1969-12-25,0.18011978,simulation
1969-12-26,0.39243737,simulation
1969-12-27,0.3739742,simulation
1969-12-28,0.3535224,simulation
1969-12-29,0.33886984,simulation
1969-12-30,0.33975887,simulation
1969-12-31,1.4668924,simulation
1970-01-01,1.3857745,simulation
1970-01-02,1.2767438,simulation
1970-01-03,1.1827526,simulation
1970-01-04,1.1055609,simulation
1970-01-05,1.0346886,simulation
1970-01-06,1.823859,simulation
1970-01-07,3.7708633,simulation
1970-01-08,3.221962,simulation
1970-01-09,2.795738,simulation
1970-01-10,2.4672503,simulation
1970-01-11,2.2694733,simulation
1970-01-12,3.7326984,simulation
1970-01-13,3.2711267,simulation
1970-01-14,2.8190906,simulation
1970-01-15,2.4907346,simulation
1970-01-16,2.2265003,simulation
1970-01-17,2.1238377,simulation
1970-01-18,1.9544715,simulation
1970-01-19,1.8251734,simulation
1970-01-20,1.9056299,simulation
1970-01-21,1.8148111,simulation
1970-01-22,1.6562052,simulation
1970-01-23,1.5166682,simulation
1970-01-24,1.4107046,simulation
1970-01-25,1.2602884,simulation
1970-01-26,1.1754156,simulation
1970-01-27,1.0750456,simulation
1970-01-28,0.96103454,simulation
1970-01-29,0.89568156,simulation
1970-01-30,1.3090844,simulation
1970-01-31,1.1479897,simulation
1970-02-01,1.0515567,simulation
1970-02-02,3.1639202,simulation
1970-02-03,2.6967268,simulation
1970-02-04,2.3063486,simulation
1970-02-05,2.0288374,simulation
1970-02-06,1.8406596,simulation
1970-02-07,1.673467,simulation
1970-02-08,1.5009573,simulation
1970-02-09,1.4004456,simulation
1970-02-10,1.2424073,simulation
1970-02-11,1.0950822,simulation
1970-02-12,0.98207176,simulation
1970-02-13,0.86781186,simulation
1970-02-14,0.8203338,simulation
1970-02-15,0.7758395,simulation
1970-02-16,1.1744907,simulation
1970-02-17,1.2141899,simulation
1970-02-18,1.0848469,simulation
1970-02-19,0.9336955,simulation
1970-02-20,0.81577134,simulation
1970-02-21,0.7087305,simulation
1970-02-22,0.63098705,simulation
1970-02-23,0.57924247,simulation
1970-02-24,0.56020194,simulation
1970-02-25,0.7506346,simulation
1970-02-26,1.5793784,simulation
1970-02-27,1.3651224,simulation
1970-02-28,1.1919334,simulation
1970-03-01,1.1009543,simulation
1970-03-02,0.9752022,simulation
1970-03-03,0.89796454,simulation
1970-03-04,3.98069,simulation
1970-03-05,3.4715073,simulation
1970-03-06,3.031875,simulation
1970-03-07,2.636628,simulation
1970-03-08,2.6498883,simulation
1970-03-09,2.352604,simulation
1970-03-10,1.892263,simulation
1970-03-11,1.5956739,simulation
1970-03-12,2.234006,simulation
1970-03-13,2.0368416,simulation
1970-03-14,1.8223242,simulation
1970-03-15,1.5459985,simulation
1970-03-16,1.2946128,simulation
1970-03-17,1.1405315,simulation
1970-03-18,1.3833759,simulation
1970-03-19,1.2068834,simulation
1970-03-20,3.5377126,simulation
1970-03-21,3.4894533,simulation
1970-03-22,3.887712,simulation
1970-03-23,3.290937,simulation
1970-03-24,2.604965,simulation
1970-03-25,1.9677343,simulation
1970-03-26,1.8932583,simulation
1970-03-27,1.6788826,simulation
1970-03-28,1.3912901,simulation
1970-03-29,1.3264291,simulation
1970-03-30,1.2113297,simulation
1970-03-31,1.1990521,simulation
1970-04-01,1.0633465,simulation
1970-04-02,1.8125046,simulation
1970-04-03,1.4994105,simulation
1970-04-04,1.2111194,simulation
1970-04-05,1.0659914,simulation
1970-04-06,0.9777355,simulation
1970-04-07,0.785782,simulation
1970-04-08,0.64921474,simulation
1970-04-09,0.5469421,simulation
1970-04-10,0.52023786,simulation
1970-04-11,0.7895248,simulation
1970-04-12,1.9749252,simulation
1970-04-13,1.7146075,simulation
1970-04-14,1.462807,simulation
1970-04-15,1.1402735,simulation
1970-04-16,1.1617192,simulation
1970-04-17,1.1571729,simulation
1970-04-18,1.052473,simulation
1970-04-19,0.9525645,simulation
1970-04-20,1.5320048,simulation
1970-04-21,1.2336899,simulation
1970-04-22,0.94150203,simulation
1970-04-23,0.8112845,simulation
1970-04-24,0.70077175,simulation
1970-04-25,0.67204666,simulation
1970-04-26,0.62955713,simulation
1970-04-27,0.5958262,simulation
1970-04-28,0.5484581,simulation
1970-04-29,0.4950638,simulation
1970-04-30,0.4465991,simulation
1970-05-01,0.37117362,simulation
1970-05-02,1.5995781,simulation
1970-05-03,6.0024657,simulation
1970-05-04,5.915793,simulation
1970-05-05,4.06464,simulation
1970-05-06,2.8953316,simulation
1970-05-07,2.1962824,simulation
1970-05-08,1.6928524,simulation
1970-05-09,1.2315044,simulation
1970-05-10,1.0593979,simulation
1970-05-11,0.90299636,simulation
1970-05-12,0.76202446,simulation
1970-05-13,0.628823,simulation
1970-05-14,0.52797246,simulation
1970-05-15,0.42323557,simulation
1970-05-16,0.35221517,simulation
1970-05-17,0.3807506,simulation
1970-05-18,0.3159958,simulation
1970-05-19,0.25830892,simulation
1970-05-20,0.22967225,simulation
1970-05-21,0.20984632,simulation
1970-05-22,0.17663173,simulation
1970-05-23,0.14766452,simulation
1970-05-24,0.1272923,simulation
1970-05-25,0.10342835,simulation
1970-05-26,0.08848698,simulation
1970-05-27,0.072502844,simulation
1970-05-28,0.06061833,simulation
1970-05-29,0.053027336,simulation
1970-05-30,0.053042665,simulation
1970-05-31,0.06493133,simulation
1970-06-01,0.116964795,simulation
1970-06-02,0.2800624,simulation
1970-06-03,0.7979717,simulation
1970-06-04,0.66141903,simulation
1970-06-05,0.6379606,simulation
1970-06-06,0.5383882,simulation
1970-06-07,0.4548618,simulation
1970-06-08,0.3621705,simulation
1970-06-09,0.28487778,simulation
1970-06-10,0.23769096,simulation
1970-06-11,0.22290099,simulation
1970-06-12,0.18600546,simulation
1970-06-13,0.16586708,simulation
1970-06-14,0.14569385,simulation
1970-06-15,0.13103132,simulation
1970-06-16,0.11943061,simulation
1970-06-17,0.09829506,simulation
1970-06-18,0.07624968,simulation
1970-06-19,0.058843527,simulation
1970-06-20,0.04582161,simulation
1970-06-21,0.037830602,simulation
1970-06-22,0.03234172,simulation
1970-06-23,0.043962196,simulation
1970-06-24,0.04804049,simulation
1970-06-25,0.056393318,simulation
1970-06-26,0.060515814,simulation
1970-06-27,0.05844048,simulation
1970-06-28,0.057483014,simulation
1970-06-29,0.04556465,simulation
1970-06-30,0.036189765,simulation
1970-07-01,0.028414374,simulation
1970-07-02,0.02399866,simulation
1970-07-03,0.01898179,simulation
1970-07-04,0.0154806115,simulation
1970-07-05,0.0149458675,simulation
1970-07-06,0.012422851,simulation
1970-07-07,0.010152702,simulation
1970-07-08,0.007939276,simulation
1970-07-09,0.010445775,simulation
1970-07-10,0.011310897,simulation
1970-07-11,0.015734319,simulation
1970-07-12,0.01562655,simulation
1970-07-13,0.013552108,simulation
1970-07-14,0.012481875,simulation
1970-07-15,0.0105284285,simulation
1970-07-16,0.009606547,simulation
1970-07-17,0.010653769,simulation
1970-07-18,0.016846282,simulation
1970-07-19,0.014089547,simulation
1970-07-20,0.01251137,simulation
1970-07-21,0.0121183265,simulation
1970-07-22,0.034528874,simulation
1970-07-23,0.039612684,simulation
1970-07-24,0.038020156,simulation
1970-07-25,0.038688652,simulation
1970-07-26,0.06312264,simulation
1970-07-27,0.054717507,simulation
1970-07-28,0.04567704,simulation
1970-07-29,0.039698474,simulation
1970-07-30,0.03323761,simulation
1970-07-31,0.027804606,simulation
1970-08-01,0.023291111,simulation
1970-08-02,0.02214604,simulation
1970-08-03,0.01831085,simulation
1970-08-04,0.017248997,simulation
1970-08-05,0.030143458,simulation
1970-08-06,0.028205922,simulation
1970-08-07,0.025294906,simulation
1970-08-08,0.08828489,simulation
1970-08-09,0.12876312,simulation
1970-08-10,0.11795507,simulation
1970-08-11,0.17243339,simulation
1970-08-12,0.24998927,simulation
1970-08-13,0.22513652,simulation
1970-08-14,0.18733104,simulation
1970-08-15,0.15348868,simulation
1970-08-16,0.17822507,simulation
1970-08-17,0.15597668,simulation
1970-08-18,0.21364997,simulation
1970-08-19,0.20426542,simulation
1970-08-20,0.18803324,simulation
1970-08-21,0.2281592,simulation
1970-08-22,0.3016959,simulation
1970-08-23,0.57867885,simulation
1970-08-24,0.7583202,simulation
1970-08-25,0.6567883,simulation
1970-08-26,0.5316604,simulation
1970-08-27,0.46148732,simulation
1970-08-28,0.49518985,simulation
1970-08-29,0.4523618,simulation
1970-08-30,0.47506076,simulation
1970-08-31,0.39953408,simulation
1970-09-01,0.3494308,simulation
1970-09-02,0.31342423,simulation
1970-09-03,0.27854177,simulation
1970-09-04,0.2671287,simulation
1970-09-05,0.23548205,simulation
1970-09-06,0.2037608,simulation
1970-09-07,0.16921608,simulation
1970-09-08,0.38182098,simulation
1970-09-09,0.4302579,simulation
1970-09-10,0.34998423,simulation
1970-09-11,0.4150052,simulation
1970-09-12,0.35805452,simulation
1970-09-13,0.3021449,simulation
1970-09-14,0.24793875,simulation
1970-09-15,0.19861595,simulation
1970-09-16,0.16924258,simulation
1970-09-17,0.15177159,simulation
1970-09-18,0.13695288,simulation
1970-09-19,0.12242775,simulation
1970-09-20,0.10127369,simulation
1970-09-21,0.087118365,simulation
1970-09-22,0.0766653,simulation
1970-09-23,0.06582013,simulation
1970-09-24,0.09681492,simulation
1970-09-25,0.1294333,simulation
1970-09-26,0.1315898,simulation
1970-09-27,0.13099271,simulation
1970-09-28,0.12803212,simulation
1970-09-29,0.10786939,simulation
1970-09-30,0.08980267,simulation
1970-10-01,0.07588205,simulation
1970-10-02,0.0644509,simulation
1970-10-03,0.058466423,simulation
1970-10-04,0.05189848,simulation
1970-10-05,0.04326047,simulation
1970-10-06,0.040099025,simulation
1970-10-07,0.04899279,simulation
1970-10-08,0.13079575,simulation
1970-10-09,0.12200126,simulation
1970-10-10,0.2575925,simulation
1970-10-11,0.2227988,simulation
1970-10-12,0.23795432,simulation
1970-10-13,0.5479535,simulation
1970-10-14,2.6893222,simulation
1970-10-15,2.2588067,simulation
1970-10-16,2.0396678,simulation
1970-10-17,1.640918,simulation
1970-10-18,1.4310244,simulation
1970-10-19,2.9931211,simulation
1970-10-20,11.888234,simulation
1970-10-21,8.581031,simulation
1970-10-22,6.495725,simulation
1970-10-23,4.774645,simulation
1970-10-24,4.0858765,simulation
1970-10-25,3.301546,simulation
1970-10-26,2.663239,simulation
1970-10-27,2.1273794,simulation
1970-10-28,1.8716093,simulation
1970-10-29,1.9202131,simulation
1970-10-30,2.0555124,simulation
1970-10-31,1.7245497,simulation
1970-11-01,1.4585116,simulation
1970-11-02,1.3223671,simulation
1970-11-03,1.2290337,simulation
1970-11-04,1.1157852,simulation
1970-11-05,1.0353782,simulation
1970-11-06,0.91019034,simulation
1970-11-07,0.79729587,simulation
1970-11-08,0.7092261,simulation
1970-11-09,0.63834995,simulation
1970-11-10,0.8020262,simulation
1970-11-11,0.7259429,simulation
1970-11-12,0.6933113,simulation
1970-11-13,0.66911507,simulation
1970-11-14,1.9339018,simulation
1970-11-15,1.8241706,simulation
1970-11-16,1.6990529,simulation
1970-11-17,1.495768,simulation
1970-11-18,1.361067,simulation
1970-11-19,1.1959398,simulation
1970-11-20,1.2933122,simulation
1970-11-21,1.1766288,simulation
1970-11-22,1.0419601,simulation
1970-11-23,0.97699594,simulation
1970-11-24,0.85791403,simulation
1970-11-25,0.7923599,simulation
1970-11-26,0.7325799,simulation
1970-11-27,0.6764957,simulation
1970-11-28,0.64232403,simulation
1970-11-29,0.61805165,simulation
1970-11-30,0.58009297,simulation
1970-12-01,0.5333841,simulation
1970-12-02,0.50656193,simulation
1970-12-03,0.4859537,simulation
1970-12-04,0.46982193,simulation
1970-12-05,0.4169901,simulation
1970-12-06,0.3993393,simulation
1970-12-07,0.3544608,simulation
1970-12-08,0.32783583,simulation
1970-12-09,0.3061203,simulation
1970-12-10,0.29265398,simulation
1970-12-11,0.3384899,simulation
1970-12-12,0.8746634,simulation
1970-12-13,0.83459103,simulation
1970-12-14,0.7957838,simulation
1970-12-15,0.7500269,simulation
1970-12-16,2.1936746,simulation
1970-12-17,1.9907335,simulation
1970-12-18,1.7695146,simulation
1970-12-19,1.6133304,simulation
1970-12-20,1.6067336,simulation
1970-12-21,1.4932404,simulation
1970-12-22,1.3338377,simulation
1970-12-23,1.2388666,simulation
1970-12-24,1.7319287,simulation
1970-12-25,1.5234052,simulation
1970-12-26,1.4864597,simulation
1970-12-27,1.3572423,simulation
1970-12-28,1.2376631,simulation
1970-12-29,1.2148407,simulation
1970-12-30,2.780987,simulation
1970-12-31,4.823041,simulation
1971-01-01,4.0494056,simulation
1971-01-02,3.397472,simulation
1971-01-03,2.8883195,simulation
1971-01-04,2.696673,simulation
1971-01-05,5.870497,simulation
1971-01-06,4.7406015,simulation
1971-01-07,3.917797,simulation
1971-01-08,3.4367952,simulation
1971-01-09,3.3939466,simulation
1971-01-10,3.113149,simulation
1971-01-11,4.1529818,simulation
1971-01-12,3.5156758,simulation
1971-01-13,3.0555968,simulation
1971-01-14,2.712966,simulation
1971-01-15,3.546104,simulation
1971-01-16,3.249987,simulation
1971-01-17,2.8095753,simulation
1971-01-18,2.4543104,simulation
1971-01-19,2.2169225,simulation
1971-01-20,1.9266801,simulation
1971-01-21,1.727074,simulation
1971-01-22,1.5449531,simulation
1971-01-23,1.46471,simulation
1971-01-24,2.2570126,simulation
1971-01-25,3.541732,simulation
1971-01-26,3.0727184,simulation
1971-01-27,2.495037,simulation
1971-01-28,2.1228943,simulation
1971-01-29,1.8525515,simulation
1971-01-30,1.6723366,simulation
1971-01-31,1.5226136,simulation
1971-02-01,1.399845,simulation
1971-02-02,1.2256738,simulation
1971-02-03,1.1267874,simulation
1971-02-04,1.0467341,simulation
1971-02-05,3.1042912,simulation
1971-02-06,2.597617,simulation
1971-02-07,2.215035,simulation
1971-02-08,3.2628212,simulation
1971-02-09,2.8909445,simulation
1971-02-10,2.5255003,simulation
1971-02-11,2.1825244,simulation
1971-02-12,2.0074048,simulation
1971-02-13,4.4147053,simulation
1971-02-14,3.687331,simulation
1971-02-15,3.0472794,simulation
1971-02-16,2.6034522,simulation
1971-02-17,2.1781824,simulation
1971-02-18,1.8529886,simulation
1971-02-19,1.6074111,simulation
1971-02-20,3.645831,simulation
1971-02-21,7.4645114,simulation
1971-02-22,14.172465,simulation
1971-02-23,9.302178,simulation
1971-02-24,6.526516,simulation
1971-02-25,5.049842,simulation
1971-02-26,3.9786458,simulation
1971-02-27,9.2209015,simulation
1971-02-28,6.2923374,simulation
1971-03-01,5.251647,simulation
1971-03-02,12.244024,simulation
1971-03-03,19.337414,simulation
1971-03-04,12.963022,simulation
1971-03-05,8.676727,simulation
1971-03-06,6.2092896,simulation
1971-03-07,6.0961356,simulation
1971-03-08,4.5656953,simulation
1971-03-09,3.5438352,simulation
1971-03-10,3.1378934,simulation
1971-03-11,3.5195656,simulation
1971-03-12,2.9144354,simulation
1971-03-13,3.5584111,simulation
1971-03-14,6.634623,simulation
1971-03-15,5.1129284,simulation
1971-03-16,3.6807988,simulation
1971-03-17,2.798844,simulation
1971-03-18,2.2132523,simulation
1971-03-19,8.570696,simulation
1971-03-20,5.9345956,simulation
1971-03-21,4.313131,simulation
1971-03-22,3.7363665,simulation
1971-03-23,3.1778362,simulation
1971-03-24,2.8138998,simulation
1971-03-25,2.2577367,simulation
1971-03-26,8.148472,simulation
1971-03-27,6.2734466,simulation
1971-03-28,4.507809,simulation
1971-03-29,3.8423955,simulation
1971-03-30,4.669855,simulation
1971-03-31,3.4551337,simulation
1971-04-01,2.693308,simulation
1971-04-02,5.765112,simulation
1971-04-03,4.1200995,simulation
1971-04-04,3.0652084,simulation
1971-04-05,2.363989,simulation
1971-04-06,2.0179336,simulation
1971-04-07,1.7381357,simulation
1971-04-08,1.378537,simulation
1971-04-09,1.1285402,simulation
1971-04-10,0.8906115,simulation
1971-04-11,0.72373223,simulation
1971-04-12,0.57240987,simulation
1971-04-13,0.44177252,simulation
1971-04-14,0.36417127,simulation
1971-04-15,0.30415854,simulation
1971-04-16,0.26091248,simulation
1971-04-17,0.21915123,simulation
1971-04-18,0.19665597,simulation
1971-04-19,0.19914486,simulation
1971-04-20,0.16171174,simulation
1971-04-21,0.21834391,simulation
1971-04-22,0.3636406,simulation
1971-04-23,1.0342156,simulation
1971-04-24,0.9407004,simulation
1971-04-25,0.7343141,simulation
1971-04-26,0.6273226,simulation
1971-04-27,0.57256943,simulation
1971-04-28,0.54029936,simulation
1971-04-29,0.43614748,simulation
1971-04-30,1.988424,simulation
1971-05-01,1.8608679,simulation
1971-05-02,1.4388447,simulation
1971-05-03,1.2076372,simulation
1971-05-04,1.0150461,simulation
1971-05-05,0.79709363,simulation
1971-05-06,0.7275977,simulation
1971-05-07,0.7263743,simulation
1971-05-08,1.1759037,simulation
1971-05-09,0.9962275,simulation
1971-05-10,1.1421078,simulation
1971-05-11,1.203228,simulation
1971-05-12,2.0276315,simulation
1971-05-13,14.433491,simulation
1971-05-14,10.044395,simulation
1971-05-15,6.8681517,simulation
1971-05-16,4.8892846,simulation
1971-05-17,3.397989,simulation
1971-05-18,2.3932877,simulation
1971-05-19,1.8464503,simulation
1971-05-20,1.5692006,simulation
1971-05-21,2.1363494,simulation
1971-05-22,1.551196,simulation
1971-05-23,1.2853066,simulation
1971-05-24,1.0492593,simulation
1971-05-25,1.0516788,simulation
1971-05-26,0.8627031,simulation
1971-05-27,0.6724895,simulation
1971-05-28,0.6962189,simulation
1971-05-29,0.6271127,simulation
1971-05-30,0.5021227,simulation
1971-05-31,0.41445166,simulation
1971-06-01,0.34464434,simulation
1971-06-02,0.29479927,simulation
1971-06-03,0.23743159,simulation
1971-06-04,0.19318217,simulation
1971-06-05,0.17456621,simulation
1971-06-06,0.14125034,simulation
1971-06-07,0.15640013,simulation
1971-06-08,0.17262821,simulation
1971-06-09,0.1394842,simulation
1971-06-10,0.12003618,simulation
1971-06-11,0.1070438,simulation
1971-06-12,0.08773569,simulation
1971-06-13,0.075113855,simulation
1971-06-14,0.06306208,simulation
1971-06-15,0.050570253,simulation
1971-06-16,0.039881755,simulation
1971-06-17,0.03448906,simulation
1971-06-18,0.05843355,simulation
1971-06-19,0.047629304,simulation
1971-06-20,0.045246493,simulation
1971-06-21,0.059542827,simulation
1971-06-22,0.06874864,simulation
1971-06-23,0.06941446,simulation
1971-06-24,0.12652552,simulation
1971-06-25,0.102711424,simulation
1971-06-26,0.09849531,simulation
1971-06-27,0.09795223,simulation
1971-06-28,0.10624655,simulation
1971-06-29,0.09219965,simulation
1971-06-30,0.17049778,simulation
1971-07-01,0.15697484,simulation
1971-07-02,0.21831034,simulation
1971-07-03,0.2132639,simulation
1971-07-04,0.18813601,simulation
1971-07-05,0.16386355,simulation
1971-07-06,0.13948095,simulation
1971-07-07,0.12579872,simulation
1971-07-08,0.12358952,simulation
1971-07-09,0.106469825,simulation
1971-07-10,0.09407136,simulation
1971-07-11,0.08392374,simulation
1971-07-12,0.06827373,simulation
1971-07-13,0.057360545,simulation
1971-07-14,0.06967808,simulation
1971-07-15,0.05948637,simulation
1971-07-16,0.047403302,simulation
1971-07-17,0.08733771,simulation
1971-07-18,0.12075184,simulation
1971-07-19,0.099610455,simulation
1971-07-20,0.083361454,simulation
1971-07-21,0.10243362,simulation
1971-07-22,0.08591521,simulation
1971-07-23,0.068448335,simulation
1971-07-24,0.08029523,simulation
1971-07-25,0.17220993,simulation
1971-07-26,0.2078863,simulation
1971-07-27,0.26090056,simulation
1971-07-28,0.66075206,simulation
1971-07-29,0.8911019,simulation
1971-07-30,1.0582639,simulation
1971-07-31,1.0400162,simulation
1971-08-01,0.9745289,simulation
1971-08-02,0.90265054,simulation
1971-08-03,1.0192142,simulation
1971-08-04,1.0707711,simulation
1971-08-05,1.4248998,simulation
1971-08-06,1.1604131,simulation
1971-08-07,1.0927439,simulation
1971-08-08,1.0142535,simulation
1971-08-09,1.0824744,simulation
1971-08-10,0.9816512,simulation
1971-08-11,0.8640984,simulation
1971-08-12,0.8929058,simulation
1971-08-13,0.72148556,simulation
1971-08-14,0.5735636,simulation
1971-08-15,0.46731865,simulation
1971-08-16,0.39207876,simulation
1971-08-17,0.3167567,simulation
1971-08-18,0.26871142,simulation
1971-08-19,0.22113669,simulation
1971-08-20,0.18238418,simulation
1971-08-21,0.14960515,simulation
1971-08-22,0.18720707,simulation
1971-08-23,0.17131051,simulation
1971-08-24,0.17661385,simulation
1971-08-25,0.14860506,simulation
1971-08-26,0.12873855,simulation
1971-08-27,0.104706936,simulation
1971-08-28,0.08362504,simulation
1971-08-29,0.06786325,simulation
1971-08-30,0.054262184,simulation
1971-08-31,0.060747005,simulation
1971-09-01,0.07670287,simulation
1971-09-02,0.10237125,simulation
1971-09-03,0.15007772,simulation
1971-09-04,0.13214636,simulation
1971-09-05,0.1729063,simulation
1971-09-06,0.17534426,simulation
1971-09-07,0.18788719,simulation
1971-09-08,0.15771234,simulation
1971-09-09,0.13303274,simulation
1971-09-10,0.11789796,simulation
1971-09-11,0.10412979,simulation
1971-09-12,0.10322813,simulation
1971-09-13,0.087761,simulation
1971-09-14,0.070960276,simulation
1971-09-15,0.05714058,simulation
1971-09-16,0.05468814,simulation
1971-09-17,1.2870741,simulation
1971-09-18,1.2615378,simulation
1971-09-19,1.0931185,simulation
1971-09-20,1.1758327,simulation
1971-09-21,1.1384467,simulation
1971-09-22,1.034128,simulation
1971-09-23,0.8629547,simulation
1971-09-24,0.79514235,simulation
1971-09-25,0.71337456,simulation
1971-09-26,0.68512905,simulation
1971-09-27,0.72405666,simulation
1971-09-28,0.66597545,simulation
1971-09-29,0.5584746,simulation
1971-09-30,0.46701294,simulation
1971-10-01,0.3953356,simulation
1971-10-02,0.33250347,simulation
1971-10-03,0.28147268,simulation
1971-10-04,0.24559735,simulation
1971-10-05,0.22523412,simulation
1971-10-06,0.39882627,simulation
1971-10-07,0.34355202,simulation
1971-10-08,0.28541306,simulation
1971-10-09,0.2474794,simulation
1971-10-10,0.23969647,simulation
1971-10-11,0.20266922,simulation
1971-10-12,0.17506462,simulation
1971-10-13,0.15312138,simulation
1971-10-14,0.14880978,simulation
1971-10-15,0.13466716,simulation
1971-10-16,0.12297016,simulation
1971-10-17,0.115479544,simulation
1971-10-18,0.11057945,simulation
1971-10-19,0.10822773,simulation
1971-10-20,0.092654705,simulation
1971-10-21,0.09133029,simulation
1971-10-22,0.08994437,simulation
1971-10-23,0.0861154,simulation
1971-10-24,0.09081082,simulation
1971-10-25,0.08965763,simulation
1971-10-26,0.08414808,simulation
1971-10-27,0.07613331,simulation
1971-10-28,0.06704837,simulation
1971-10-29,0.060336933,simulation
1971-10-30,0.05253053,simulation
1971-10-31,0.050754078,simulation
1971-11-01,0.049974393,simulation
1971-11-02,0.04623573,simulation
1971-11-03,0.052490942,simulation
1971-11-04,0.05545302,simulation
1971-11-05,0.049966153,simulation
1971-11-06,0.044764414,simulation
1971-11-07,0.04372841,simulation
1971-11-08,0.038572516,simulation
1971-11-09,0.03517566,simulation
1971-11-10,0.051316448,simulation
1971-11-11,0.047920767,simulation
1971-11-12,0.044363182,simulation
1971-11-13,0.040523987,simulation
1971-11-14,0.039186276,simulation
1971-11-15,0.038633935,simulation
1971-11-16,0.036404613,simulation
1971-11-17,0.033465814,simulation
1971-11-18,0.032014575,simulation
1971-11-19,0.030526929,simulation
1971-11-20,0.041591946,simulation
1971-11-21,0.03877856,simulation
1971-11-22,0.03512542,simulation
1971-11-23,0.034371458,simulation
1971-11-24,0.060435668,simulation
1971-11-25,0.060408432,simulation
1971-11-26,0.05947055,simulation
1971-11-27,0.05899454,simulation
1971-11-28,0.05530915,simulation
1971-11-29,0.10097462,simulation
1971-11-30,0.09510177,simulation
1971-12-01,0.09084899,simulation
1971-12-02,0.1154447,simulation
1971-12-03,0.7589672,simulation
1971-12-04,0.8474496,simulation
1971-12-05,0.8315343,simulation
1971-12-06,1.7620186,simulation
1971-12-07,18.062727,simulation
1971-12-08,12.237436,simulation
1971-12-09,8.780425,simulation
1971-12-10,6.602834,simulation
1971-12-11,9.697329,simulation
1971-12-12,7.140884,simulation
1971-12-13,7.0379214,simulation
1971-12-14,5.6049867,simulation
1971-12-15,4.6234374,simulation
1971-12-16,6.675328,simulation
1971-12-17,5.268965,simulation
1971-12-18,7.5763454,simulation
1971-12-19,5.646163,simulation
1971-12-20,6.499564,simulation
1971-12-21,5.6794405,simulation
1971-12-22,4.503335,simulation
1971-12-23,3.6479783,simulation
1971-12-24,3.1099107,simulation
1971-12-25,2.7298238,simulation
1971-12-26,2.4062297,simulation
1971-12-27,2.154156,simulation
1971-12-28,1.9488571,simulation
1971-12-29,2.7963603,simulation
1971-12-30,2.8644319,simulation
1971-12-31,3.0293899,simulation
1972-01-01,2.6409593,simulation
1972-01-02,2.776452,simulation
1972-01-03,4.5655775,simulation
1972-01-04,3.975735,simulation
1972-01-05,13.895054,simulation
1972-01-06,10.396137,simulation
1972-01-07,7.5879083,simulation
1972-01-08,5.8199897,simulation
1972-01-09,4.5791373,simulation
1972-01-10,16.989082,simulation
1972-01-11,15.701941,simulation
1972-01-12,10.795529,simulation
1972-01-13,7.5609355,simulation
1972-01-14,5.775225,simulation
1972-01-15,4.558509,simulation
1972-01-16,3.6454275,simulation
1972-01-17,3.0707898,simulation
1972-01-18,2.6082964,simulation
1972-01-19,2.2806897,simulation
1972-01-20,2.042759,simulation
1972-01-21,3.0543706,simulation
1972-01-22,3.7476234,simulation
1972-01-23,3.3765411,simulation
1972-01-24,2.9256032,simulation
1972-01-25,2.4473784,simulation
1972-01-26,1.9940387,simulation
1972-01-27,1.7658225,simulation
1972-01-28,1.6226224,simulation
1972-01-29,1.5491292,simulation
1972-01-30,5.4271574,simulation
1972-01-31,8.503428,simulation
1972-02-01,6.3737516,simulation
1972-02-02,5.147513,simulation
1972-02-03,6.957142,simulation
1972-02-04,5.5772004,simulation
1972-02-05,4.3927736,simulation
1972-02-06,3.569192,simulation
1972-02-07,9.030167,simulation
1972-02-08,6.8643847,simulation
1972-02-09,5.346994,simulation
1972-02-10,4.223926,simulation
1972-02-11,3.550168,simulation
1972-02-12,3.0397298,simulation
1972-02-13,5.541516,simulation
1972-02-14,4.4358597,simulation
1972-02-15,3.636389,simulation
1972-02-16,3.14899,simulation
1972-02-17,3.111275,simulation
1972-02-18,2.6247685,simulation
1972-02-19,2.5023263,simulation
1972-02-20,2.03196,simulation
1972-02-21,1.8136889,simulation
1972-02-22,1.5535444,simulation
1972-02-23,1.465942,simulation
1972-02-24,1.305828,simulation
1972-02-25,1.1531659,simulation
1972-02-26,1.0552875,simulation
1972-02-27,0.9887037,simulation
1972-02-28,0.95559996,simulation
1972-02-29,0.81984735,simulation
1972-03-01,1.1924982,simulation
1972-03-02,1.7020127,simulation
1972-03-03,6.1179514,simulation
1972-03-04,4.9331183,simulation
1972-03-05,4.2715673,simulation
1972-03-06,3.2434313,simulation
1972-03-07,2.581792,simulation
1972-03-08,2.225299,simulation
1972-03-09,4.185023,simulation
1972-03-10,3.2038283,simulation
1972-03-11,2.5316696,simulation
1972-03-12,1.9755949,simulation
1972-03-13,1.600551,simulation
1972-03-14,1.3900101,simulation
1972-03-15,1.2838817,simulation
1972-03-16,1.1351522,simulation
1972-03-17,1.8296801,simulation
1972-03-18,1.4842733,simulation
1972-03-19,1.4462336,simulation
1972-03-20,1.194303,simulation
1972-03-21,1.0398839,simulation
1972-03-22,0.9460971,simulation
1972-03-23,0.75617135,simulation
1972-03-24,0.6152782,simulation
1972-03-25,0.5719668,simulation
1972-03-26,0.55004275,simulation
1972-03-27,0.515508,simulation
1972-03-28,0.73738575,simulation
1972-03-29,1.5927982,simulation
1972-03-30,1.6883768,simulation
1972-03-31,1.4655628,simulation
1972-04-01,1.2345423,simulation
1972-04-02,1.0456691,simulation
1972-04-03,0.8593255,simulation
1972-04-04,0.7167853,simulation
1972-04-05,1.6826385,simulation
1972-04-06,1.4380853,simulation
1972-04-07,1.3168627,simulation
1972-04-08,1.0983429,simulation
1972-04-09,0.9746079,simulation
1972-04-10,0.78999496,simulation
1972-04-11,0.6528788,simulation
1972-04-12,0.60981613,simulation
1972-04-13,0.5469174,simulation
1972-04-14,0.4554848,simulation
1972-04-15,0.38223314,simulation
1972-04-16,0.3274233,simulation
1972-04-17,0.52931285,simulation
1972-04-18,0.4165486,simulation
1972-04-19,0.3324738,simulation
1972-04-20,0.27252987,simulation
1972-04-21,0.2457325,simulation
1972-04-22,0.37011403,simulation
1972-04-23,0.40603325,simulation
1972-04-24,0.32278475,simulation
1972-04-25,0.25956318,simulation
1972-04-26,0.20817767,simulation
1972-04-27,0.18925698,simulation
1972-04-28,0.16766222,simulation
1972-04-29,0.16376747,simulation
1972-04-30,0.20286852,simulation
1972-05-01,0.1822497,simulation
1972-05-02,0.16568905,simulation
1972-05-03,0.35033518,simulation
1972-05-04,0.30983272,simulation
1972-05-05,0.2444223,simulation
1972-05-06,0.21059626,simulation
1972-05-07,0.19449274,simulation
1972-05-08,0.34636992,simulation
1972-05-09,0.318295,simulation
1972-05-10,0.26959917,simulation
1972-05-11,0.24736544,simulation
1972-05-12,0.24526475,simulation
1972-05-13,0.55201614,simulation
1972-05-14,0.5031647,simulation
1972-05-15,0.46571827,simulation
1972-05-16,0.37531254,simulation
1972-05-17,0.2928475,simulation
1972-05-18,0.27827156,simulation
1972-05-19,0.2212529,simulation
1972-05-20,0.17174095,simulation
1972-05-21,0.13611731,simulation
1972-05-22,0.106088854,simulation
1972-05-23,0.082469136,simulation
1972-05-24,0.0667246,simulation
1972-05-25,0.06730836,simulation
1972-05-26,0.052715506,simulation
1972-05-27,0.04364812,simulation
1972-05-28,0.03796015,simulation
1972-05-29,0.03222262,simulation
1972-05-30,0.02821704,simulation
1972-05-31,0.025376758,simulation
1972-06-01,0.023054069,simulation
1972-06-02,0.018029664,simulation
1972-06-03,0.013999549,simulation
1972-06-04,0.010720738,simulation
1972-06-05,0.008518731,simulation
1972-06-06,0.0065902723,simulation
1972-06-07,0.0050784107,simulation
1972-06-08,0.004384576,simulation
1972-06-09,0.003769331,simulation
1972-06-10,0.0034494489,simulation
1972-06-11,0.005093045,simulation
1972-06-12,0.0056009996,simulation
1972-06-13,0.004644445,simulation
1972-06-14,0.0043151006,simulation
1972-06-15,0.003896078,simulation
1972-06-16,0.008173208,simulation
1972-06-17,0.008158358,simulation
1972-06-18,0.0076256967,simulation
1972-06-19,0.0060048923,simulation
1972-06-20,0.0053603067,simulation
1972-06-21,0.0042391,simulation
1972-06-22,0.0036206956,simulation
1972-06-23,0.003382394,simulation
1972-06-24,0.002844917,simulation
1972-06-25,0.0025211785,simulation
1972-06-26,0.0044625625,simulation
1972-06-27,0.0040596263,simulation
1972-06-28,0.0034294992,simulation
1972-06-29,0.0029057066,simulation
1972-06-30,0.02060316,simulation
1972-07-01,0.019486986,simulation
1972-07-02,0.017542524,simulation
1972-07-03,0.016772883,simulation
1972-07-04,0.020989027,simulation
1972-07-05,0.032676674,simulation
1972-07-06,0.032272764,simulation
1972-07-07,0.025863387,simulation
1972-07-08,0.020730237,simulation
1972-07-09,0.017054364,simulation
1972-07-10,0.015042459,simulation
1972-07-11,0.012294135,simulation
1972-07-12,0.009717549,simulation
1972-07-13,0.013941627,simulation
1972-07-14,0.015723148,simulation
1972-07-15,0.016466103,simulation
1972-07-16,0.014752418,simulation
1972-07-17,0.0131683545,simulation
1972-07-18,0.011408706,simulation
1972-07-19,0.011367813,simulation
1972-07-20,0.009941607,simulation
1972-07-21,0.009067896,simulation
1972-07-22,0.007303833,simulation
1972-07-23,0.0060391435,simulation
1972-07-24,0.005732512,simulation
1972-07-25,0.0047898577,simulation
1972-07-26,0.004222006,simulation
1972-07-27,0.012086386,simulation
1972-07-28,0.010493054,simulation
1972-07-29,0.010128684,simulation
1972-07-30,0.024003953,simulation
1972-07-31,0.03266742,simulation
1972-08-01,0.029963033,simulation
1972-08-02,0.025104858,simulation
1972-08-03,0.021635802,simulation
1972-08-04,0.017526247,simulation
1972-08-05,0.014694115,simulation
1972-08-06,0.0119843185,simulation
1972-08-07,0.009380812,simulation
1972-08-08,0.007017419,simulation
1972-08-09,0.005968931,simulation
1972-08-10,0.0048705833,simulation
1972-08-11,0.004522806,simulation
1972-08-12,0.0059123565,simulation
1972-08-13,0.0059696953,simulation
1972-08-14,0.005733354,simulation
1972-08-15,0.0047312025,simulation
1972-08-16,0.0048932396,simulation
1972-08-17,0.0039777355,simulation
1972-08-18,0.0036823428,simulation
1972-08-19,0.0029830493,simulation
1972-08-20,0.0024569347,simulation
1972-08-21,0.0020104237,simulation
1972-08-22,0.001622514,simulation
1972-08-23,0.0022518828,simulation
1972-08-24,0.0026296657,simulation
1972-08-25,0.0022277134,simulation
1972-08-26,0.0022538633,simulation
1972-08-27,0.0022583478,simulation
1972-08-28,0.0019209558,simulation
1972-08-29,0.0015673811,simulation
1972-08-30,0.0013444226,simulation
1972-08-31,0.0010832825,simulation
1972-09-01,0.00092167966,simulation
1972-09-02,0.0007572571,simulation
1972-09-03,0.0006377755,simulation
1972-09-04,0.0006368645,simulation
1972-09-05,0.0005578,simulation
1972-09-06,0.00056142296,simulation
1972-09-07,0.0005013643,simulation
1972-09-08,0.0004567024,simulation
1972-09-09,0.00040427764,simulation
1972-09-10,0.0003504446,simulation
1972-09-11,0.00028829844,simulation
1972-09-12,0.00023941715,simulation
1972-09-13,0.00019026603,simulation
1972-09-14,0.00015303881,simulation
1972-09-15,0.00012469795,simulation
1972-09-16,0.00010348141,simulation
1972-09-17,0.00014014755,simulation
1972-09-18,0.00014280886,simulation
1972-09-19,0.00013128408,simulation
1972-09-20,0.000111951726,simulation
1972-09-21,9.3495764e-05,simulation
1972-09-22,9.1801994e-05,simulation
1972-09-23,0.00013238938,simulation
1972-09-24,0.00012209654,simulation
1972-09-25,0.00010645621,simulation
1972-09-26,0.00010126852,simulation
1972-09-27,0.00019086407,simulation
1972-09-28,0.00021492179,simulation
1972-09-29,0.000209127,simulation
1972-09-30,0.00025883896,simulation
1972-10-01,0.00026740917,simulation
1972-10-02,0.00022955997,simulation
1972-10-03,0.00019880992,simulation
1972-10-04,0.00018923584,simulation
1972-10-05,0.00017206435,simulation
1972-10-06,0.00015306397,simulation
1972-10-07,0.00014326592,simulation
1972-10-08,0.00014011956,simulation
1972-10-09,0.00012766363,simulation
1972-10-10,0.000110274734,simulation
1972-10-11,9.380703e-05,simulation
1972-10-12,8.110948e-05,simulation
1972-10-13,7.483431e-05,simulation
1972-10-14,6.803743e-05,simulation
1972-10-15,5.9807702e-05,simulation
1972-10-16,5.486477e-05,simulation
1972-10-17,4.847357e-05,simulation
1972-10-18,4.284971e-05,simulation
1972-10-19,4.075116e-05,simulation
1972-10-20,4.3816934e-05,simulation
1972-10-21,4.346703e-05,simulation
1972-10-22,4.1879255e-05,simulation
1972-10-23,0.0005008973,simulation
1972-10-24,0.0004978025,simulation
1972-10-25,0.0004868333,simulation
1972-10-26,0.0004871848,simulation
1972-10-27,0.0005736315,simulation
1972-10-28,0.0016832509,simulation
1972-10-29,0.0016996269,simulation
1972-10-30,0.0016984574,simulation
1972-10-31,0.0016589483,simulation
1972-11-01,0.0015767447,simulation
1972-11-02,0.0014741372,simulation
1972-11-03,0.0023172905,simulation
1972-11-04,0.0022843508,simulation
1972-11-05,0.002049559,simulation
1972-11-06,0.0019902415,simulation
1972-11-07,0.0019137206,simulation
1972-11-08,0.0029994284,simulation
1972-11-09,0.002752966,simulation
1972-11-10,0.0027133601,simulation
1972-11-11,0.0025355173,simulation
1972-11-12,0.0025381027,simulation
1972-11-13,0.0023161632,simulation
1972-11-14,0.0065586655,simulation
1972-11-15,0.0064430865,simulation
1972-11-16,0.0064143366,simulation
1972-11-17,0.0064260154,simulation
1972-11-18,0.0063668345,simulation
1972-11-19,0.0096283015,simulation
1972-11-20,0.01132418,simulation
1972-11-21,0.011265308,simulation
1972-11-22,0.011222481,simulation
1972-11-23,0.011144538,simulation
1972-11-24,0.011055699,simulation
1972-11-25,0.014551625,simulation
1972-11-26,0.037804335,simulation
1972-11-27,0.034787446,simulation
1972-11-28,0.03313738,simulation
1972-11-29,0.035110194,simulation
1972-11-30,0.038072247,simulation
1972-12-01,0.03715863,simulation
1972-12-02,0.035414606,simulation
1972-12-03,0.033751532,simulation
1972-12-04,0.03274193,simulation
1972-12-05,0.037653036,simulation
1972-12-06,0.055071805,simulation
1972-12-07,0.1600041,simulation
1972-12-08,0.15727961,simulation
1972-12-09,0.15394369,simulation
1972-12-10,0.15424016,simulation
1972-12-11,0.18129289,simulation
1972-12-12,0.18342261,simulation
1972-12-13,0.21164711,simulation
1972-12-14,0.22596762,simulation
1972-12-15,0.32197133,simulation
1972-12-16,0.7990593,simulation
1972-12-17,0.73048097,simulation
1972-12-18,0.68523717,simulation
1972-12-19,0.6412105,simulation
1972-12-20,0.8179926,simulation
1972-12-21,8.118617,simulation
1972-12-22,9.8674345,simulation
1972-12-23,7.4368515,simulation
1972-12-24,5.8782988,simulation
1972-12-25,4.7444267,simulation
1972-12-26,3.940948,simulation
1972-12-27,3.3822205,simulation
1972-12-28,2.8747349,simulation
1972-12-29,2.488078,simulation
1972-12-30,2.2091286,simulation
1972-12-31,9.333421,simulation
1973-01-01,6.9612546,simulation
1973-01-02,6.506278,simulation
1973-01-03,6.2562485,simulation
1973-01-04,7.780097,simulation
1973-01-05,6.0298877,simulation
1973-01-06,5.520799,simulation
1973-01-07,5.3297634,simulation
1973-01-08,8.388681,simulation
1973-01-09,6.482526,simulation
1973-01-10,5.2163377,simulation
1973-01-11,4.352449,simulation
1973-01-12,3.666062,simulation
1973-01-13,3.2075164,simulation
1973-01-14,2.7999778,simulation
1973-01-15,2.4433885,simulation
1973-01-16,2.1016037,simulation
1973-01-17,1.8266228,simulation
1973-01-18,1.6684133,simulation
1973-01-19,1.5551652,simulation
1973-01-20,1.3606919,simulation
1973-01-21,1.2563425,simulation
1973-01-22,2.6745632,simulation
1973-01-23,2.2207127,simulation
1973-01-24,1.9625201,simulation
1973-01-25,1.738075,simulation
1973-01-26,1.6564612,simulation
1973-01-27,1.7382495,simulation
1973-01-28,1.7286948,simulation
1973-01-29,1.597185,simulation
1973-01-30,1.4549211,simulation
1973-01-31,1.3472294,simulation
1973-02-01,1.2537247,simulation
1973-02-02,4.737638,simulation
1973-02-03,3.758614,simulation
1973-02-04,3.0542927,simulation
1973-02-05,2.5765402,simulation
1973-02-06,2.2169652,simulation
1973-02-07,2.0019972,simulation
1973-02-08,1.8896917,simulation
1973-02-09,4.8851333,simulation
1973-02-10,4.0664372,simulation
1973-02-11,3.348453,simulation
1973-02-12,2.8782265,simulation
1973-02-13,2.5202038,simulation
1973-02-14,14.515657,simulation
1973-02-15,10.111907,simulation
1973-02-16,7.2946205,simulation
1973-02-17,5.6220284,simulation
1973-02-18,4.5935397,simulation
1973-02-19,3.7243426,simulation
1973-02-20,3.1367803,simulation
1973-02-21,2.695107,simulation
1973-02-22,2.3931453,simulation
1973-02-23,2.1104367,simulation
1973-02-24,1.8374287,simulation
1973-02-25,1.8754022,simulation
1973-02-26,1.6271045,simulation
1973-02-27,1.4219445,simulation
1973-02-28,1.2198389,simulation
1973-03-01,1.0639458,simulation
1973-03-02,0.99085075,simulation
1973-03-03,2.2629642,simulation
1973-03-04,1.9264011,simulation
1973-03-05,3.6104088,simulation
1973-03-06,3.0989318,simulation
1973-03-07,6.1612515,simulation
1973-03-08,4.498784,simulation
1973-03-09,3.7939079,simulation
1973-03-10,3.1897647,simulation
1973-03-11,3.1191719,simulation
1973-03-12,8.5680895,simulation
1973-03-13,5.951943,simulation
1973-03-14,4.7518096,simulation
1973-03-15,3.8139632,simulation
1973-03-16,3.1721926,simulation
1973-03-17,10.965661,simulation
1973-03-18,7.3575015,simulation
1973-03-19,5.2849283,simulation
1973-03-20,4.1204877,simulation
1973-03-21,4.2189584,simulation
1973-03-22,3.4033365,simulation
1973-03-23,2.7996485,simulation
1973-03-24,2.243421,simulation
1973-03-25,25.479614,simulation
1973-03-26,16.884531,simulation
1973-03-27,11.325765,simulation
1973-03-28,7.9977684,simulation
1973-03-29,6.644311,simulation
1973-03-30,5.272453,simulation
1973-03-31,28.18433,simulation
1973-04-01,20.498547,simulation
1973-04-02,12.253827,simulation
1973-04-03,8.355756,simulation
1973-04-04,7.2164445,simulation
1973-04-05,5.5697207,simulation
1973-04-06,4.14812,simulation
1973-04-07,3.6471376,simulation
1973-04-08,11.320695,simulation
1973-04-09,7.346017,simulation
1973-04-10,5.6839223,simulation
1973-04-11,4.040639,simulation
1973-04-12,3.0320196,simulation
1973-04-13,2.2968287,simulation
1973-04-14,1.8165208,simulation
1973-04-15,1.4637456,simulation
1973-04-16,1.2916253,simulation
1973-04-17,3.5367432,simulation
1973-04-18,9.9819975,simulation
1973-04-19,14.8171625,simulation
1973-04-20,9.852021,simulation
1973-04-21,6.565825,simulation
1973-04-22,4.8059735,simulation
1973-04-23,3.7685857,simulation
1973-04-24,3.1554937,simulation
1973-04-25,14.060572,simulation
1973-04-26,22.932634,simulation
1973-04-27,19.340576,simulation
1973-04-28,12.068118,simulation
1973-04-29,7.4843163,simulation
1973-04-30,4.9285254,simulation
1973-05-01,3.7805028,simulation
1973-05-02,3.1374118,simulation
1973-05-03,4.5228977,simulation
1973-05-04,3.5133314,simulation
1973-05-05,2.5319054,simulation
1973-05-06,1.8723187,simulation
1973-05-07,1.9837335,simulation
1973-05-08,9.925462,simulation
1973-05-09,9.077839,simulation
1973-05-10,5.7203565,simulation
1973-05-11,3.7423434,simulation
1973-05-12,2.8110619,simulation
1973-05-13,2.8591812,simulation
1973-05-14,2.2497566,simulation
1973-05-15,1.6995122,simulation
1973-05-16,1.3897198,simulation
1973-05-17,1.0406609,simulation
1973-05-18,0.7821417,simulation
1973-05-19,0.648507,simulation
1973-05-20,0.5038005,simulation
1973-05-21,0.47877195,simulation
1973-05-22,0.42106473,simulation
1973-05-23,0.36187732,simulation
1973-05-24,0.68228346,simulation
1973-05-25,0.6612774,simulation
1973-05-26,0.64899164,simulation
1973-05-27,0.920157,simulation
1973-05-28,1.4184769,simulation
1973-05-29,1.0312811,simulation
1973-05-30,0.7942708,simulation
1973-05-31,0.61614716,simulation
1973-06-01,0.7672223,simulation
1973-06-02,0.78942007,simulation
1973-06-03,0.66104156,simulation
1973-06-04,0.5303222,simulation
1973-06-05,0.46149358,simulation
1973-06-06,0.6500581,simulation
1973-06-07,0.583297,simulation
1973-06-08,0.7501413,simulation
1973-06-09,0.9078728,simulation
1973-06-10,0.8023526,simulation
1973-06-11,0.6877657,simulation
1973-06-12,0.73729277,simulation
1973-06-13,0.63632077,simulation
1973-06-14,0.54260254,simulation
1973-06-15,0.45922598,simulation
1973-06-16,0.50699675,simulation
1973-06-17,0.43994465,simulation
1973-06-18,0.3672597,simulation
1973-06-19,0.29036644,simulation
1973-06-20,0.2344506,simulation
1973-06-21,0.25995946,simulation
1973-06-22,0.45335984,simulation
1973-06-23,0.38491055,simulation
1973-06-24,0.3439045,simulation
1973-06-25,0.30337545,simulation
1973-06-26,0.22483759,simulation
1973-06-27,0.1964479,simulation
1973-06-28,0.23860458,simulation
1973-06-29,0.20174511,simulation
1973-06-30,0.15892799,simulation
1973-07-01,0.14348437,simulation
1973-07-02,0.11891143,simulation
1973-07-03,0.116773486,simulation
1973-07-04,0.20848282,simulation
1973-07-05,0.31183589,simulation
1973-07-06,0.49099353,simulation
1973-07-07,0.56347454,simulation
1973-07-08,0.56837785,simulation
1973-07-09,0.52907276,simulation
1973-07-10,0.41024545,simulation
1973-07-11,0.33585748,simulation
1973-07-12,0.29966828,simulation
1973-07-13,0.2228662,simulation
1973-07-14,0.2457162,simulation
1973-07-15,0.19624577,simulation
1973-07-16,0.15476035,simulation
1973-07-17,0.12609826,simulation
1973-07-18,0.1579746,simulation
1973-07-19,0.15603162,simulation
1973-07-20,0.24525978,simulation
1973-07-21,0.20842497,simulation
1973-07-22,0.18853426,simulation
1973-07-23,0.16024654,simulation
1973-07-24,0.124397606,simulation
1973-07-25,0.12024249,simulation
1973-07-26,0.11469233,simulation
1973-07-27,0.14879163,simulation
1973-07-28,0.13616967,simulation
1973-07-29,0.108209245,simulation
1973-07-30,0.10165694,simulation
1973-07-31,0.09298554,simulation
1973-08-01,0.0930353,simulation
1973-08-02,0.12290211,simulation
1973-08-03,0.10110051,simulation
1973-08-04,0.08102498,simulation
1973-08-05,0.06585638,simulation
1973-08-06,0.05433353,simulation
1973-08-07,0.056410674,simulation
1973-08-08,0.049735323,simulation
1973-08-09,0.04203022,simulation
1973-08-10,0.033625785,simulation
1973-08-11,0.028041497,simulation
1973-08-12,0.03025651,simulation
1973-08-13,0.030653842,simulation
1973-08-14,0.02793591,simulation
1973-08-15,0.07292105,simulation
1973-08-16,0.061155483,simulation
1973-08-17,0.24944957,simulation
1973-08-18,0.30330542,simulation
1973-08-19,0.28240922,simulation
1973-08-20,0.22815245,simulation
1973-08-21,0.17879058,simulation
1973-08-22,0.13547549,simulation
1973-08-23,0.10365506,simulation
1973-08-24,0.08193602,simulation
1973-08-25,0.06589199,simulation
1973-08-26,0.054888155,simulation
1973-08-27,0.045215815,simulation
1973-08-28,0.03730871,simulation
1973-08-29,0.031109937,simulation
1973-08-30,0.031761963,simulation
1973-08-31,0.033809695,simulation
1973-09-01,0.028038371,simulation
1973-09-02,0.031527366,simulation
1973-09-03,0.041032784,simulation
1973-09-04,0.07816302,simulation
1973-09-05,0.15096156,simulation
1973-09-06,0.18775555,simulation
1973-09-07,0.2497745,simulation
1973-09-08,0.23959091,simulation
1973-09-09,0.19884369,simulation
1973-09-10,0.17373051,simulation
1973-09-11,0.20707734,simulation
1973-09-12,0.21882598,simulation
1973-09-13,0.23866531,simulation
1973-09-14,0.6704833,simulation
1973-09-15,0.5964551,simulation
1973-09-16,0.49573755,simulation
1973-09-17,0.42063072,simulation
1973-09-18,0.37121597,simulation
1973-09-19,0.32099915,simulation
1973-09-20,0.26346532,simulation
1973-09-21,0.21492697,simulation
1973-09-22,0.17345428,simulation
1973-09-23,0.14564759,simulation
1973-09-24,0.12978867,simulation
1973-09-25,0.11679557,simulation
1973-09-26,0.101784386,simulation
1973-09-27,0.09210158,simulation
1973-09-28,0.12334509,simulation
1973-09-29,0.15736794,simulation
1973-09-30,0.186014,simulation
1973-10-01,0.37671238,simulation
1973-10-02,0.33978987,simulation
1973-10-03,0.37661618,simulation
1973-10-04,0.32641017,simulation
1973-10-05,0.279466,simulation
1973-10-06,0.23206702,simulation
1973-10-07,0.20408344,simulation
1973-10-08,0.17105862,simulation
1973-10-09,0.15027791,simulation
1973-10-10,0.28798467,simulation
1973-10-11,0.24532497,simulation
1973-10-12,0.21218908,simulation
1973-10-13,0.17958146,simulation
1973-10-14,0.18040201,simulation
1973-10-15,0.17855808,simulation
1973-10-16,0.20123518,simulation
1973-10-17,0.417802,simulation
1973-10-18,0.34704122,simulation
1973-10-19,0.29796207,simulation
1973-10-20,0.2575623,simulation
1973-10-21,0.22950846,simulation
1973-10-22,0.19862084,simulation
1973-10-23,0.17109595,simulation
1973-10-24,0.14868139,simulation
1973-10-25,0.12954518,simulation
1973-10-26,0.113441184,simulation
1973-10-27,0.10088191,simulation
1973-10-28,0.09129346,simulation
1973-10-29,0.09607086,simulation
1973-10-30,0.08681159,simulation
1973-10-31,0.0904374,simulation
1973-11-01,0.11939458,simulation
1973-11-02,0.10658063,simulation
1973-11-03,0.09904801,simulation
1973-11-04,0.09215837,simulation
1973-11-05,0.3251051,simulation
1973-11-06,0.31657645,simulation
1973-11-07,0.2861318,simulation
1973-11-08,0.3604554,simulation
1973-11-09,0.36456552,simulation
1973-11-10,0.35026222,simulation
1973-11-11,0.31044924,simulation
1973-11-12,0.28086823,simulation
1973-11-13,0.25231317,simulation
1973-11-14,0.22722624,simulation
1973-11-15,0.2079895,simulation
1973-11-16,0.20002086,simulation
1973-11-17,0.1839267,simulation
1973-11-18,0.16681676,simulation
1973-11-19,0.1548583,simulation
1973-11-20,0.14781526,simulation
1973-11-21,0.59584385,simulation
1973-11-22,0.8264705,simulation
1973-11-23,0.7773645,simulation
1973-11-24,0.8073896,simulation
1973-11-25,0.75673324,simulation
1973-11-26,0.8196088,simulation
1973-11-27,0.77873766,simulation
1973-11-28,2.1560879,simulation
1973-11-29,1.8964447,simulation
1973-11-30,1.6397613,simulation
1973-12-01,1.4283749,simulation
1973-12-02,1.2540717,simulation
1973-12-03,1.0957912,simulation
1973-12-04,0.99440205,simulation
1973-12-05,2.086633,simulation
1973-12-06,1.8276734,simulation
1973-12-07,1.5819372,simulation
1973-12-08,1.4116143,simulation
1973-12-09,1.3104752,simulation
1973-12-10,1.2178339,simulation
1973-12-11,1.0972054,simulation
1973-12-12,0.9912756,simulation
1973-12-13,0.899188,simulation
1973-12-14,0.76854825,simulation
1973-12-15,0.69679683,simulation
1973-12-16,0.8202346,simulation
1973-12-17,0.77403486,simulation
1973-12-18,0.71487105,simulation
1973-12-19,0.6412655,simulation
1973-12-20,2.8421614,simulation
1973-12-21,2.6163898,simulation
1973-12-22,2.3160188,simulation
1973-12-23,2.0346844,simulation
1973-12-24,1.8168764,simulation
1973-12-25,4.2965293,simulation
1973-12-26,20.580997,simulation
1973-12-27,18.482046,simulation
1973-12-28,12.020619,simulation
1973-12-29,8.244947,simulation
1973-12-30,6.233003,simulation
1973-12-31,4.993842,simulation
1974-01-01,8.049333,simulation
1974-01-02,6.1696887,simulation
1974-01-03,5.158989,simulation
1974-01-04,6.552822,simulation
1974-01-05,5.756106,simulation
1974-01-06,4.756247,simulation
1974-01-07,6.925979,simulation
1974-01-08,5.4268985,simulation
1974-01-09,5.429035,simulation
1974-01-10,4.478293,simulation
1974-01-11,3.6519861,simulation
1974-01-12,8.288251,simulation
1974-01-13,6.2889323,simulation
1974-01-14,5.019096,simulation
1974-01-15,7.485605,simulation
1974-01-16,5.937707,simulation
1974-01-17,4.867629,simulation
1974-01-18,4.015765,simulation
1974-01-19,3.8776233,simulation
1974-01-20,8.812357,simulation
1974-01-21,13.4065895,simulation
1974-01-22,9.1928,simulation
1974-01-23,6.6098204,simulation
1974-01-24,8.858273,simulation
1974-01-25,12.443805,simulation
1974-01-26,10.757587,simulation
1974-01-27,9.758002,simulation
1974-01-28,7.388915,simulation
1974-01-29,10.271388,simulation
1974-01-30,7.342886,simulation
1974-01-31,5.452536,simulation
1974-02-01,4.271414,simulation
1974-02-02,4.0798774,simulation
1974-02-03,3.6119485,simulation
1974-02-04,3.122987,simulation
1974-02-05,2.6234698,simulation
1974-02-06,2.1640751,simulation
1974-02-07,3.0722592,simulation
1974-02-08,3.680192,simulation
1974-02-09,3.17995,simulation
1974-02-10,2.7272308,simulation
1974-02-11,2.3045924,simulation
1974-02-12,1.9535431,simulation
1974-02-13,1.636861,simulation
1974-02-14,1.4382373,simulation
1974-02-15,1.6768961,simulation
1974-02-16,8.467124,simulation
1974-02-17,6.919036,simulation
1974-02-18,5.169333,simulation
1974-02-19,5.58874,simulation
1974-02-20,4.781787,simulation
1974-02-21,3.687848,simulation
1974-02-22,6.236809,simulation
1974-02-23,4.9092846,simulation
1974-02-24,3.940709,simulation
1974-02-25,3.2096217,simulation
1974-02-26,2.6215055,simulation
1974-02-27,2.1922326,simulation
1974-02-28,1.8015921,simulation
1974-03-01,1.5607547,simulation
1974-03-02,1.4070313,simulation
1974-03-03,1.2342744,simulation
1974-03-04,1.0479443,simulation
1974-03-05,0.9167369,simulation
1974-03-06,0.787301,simulation
1974-03-07,0.6885494,simulation
1974-03-08,0.5966532,simulation
1974-03-09,0.50680566,simulation
1974-03-10,0.46199974,simulation
1974-03-11,0.43907648,simulation
1974-03-12,1.0422666,simulation
1974-03-13,1.3392823,simulation
1974-03-14,1.2603551,simulation
1974-03-15,1.0613596,simulation
1974-03-16,0.98427135,simulation
1974-03-17,0.84346706,simulation
1974-03-18,0.72496706,simulation
1974-03-19,0.6432228,simulation
1974-03-20,0.78927124,simulation
1974-03-21,0.963619,simulation
1974-03-22,1.3795781,simulation
1974-03-23,1.1528748,simulation
1974-03-24,1.1293529,simulation
1974-03-25,1.3803387,simulation
1974-03-26,1.4073716,simulation
1974-03-27,2.7252045,simulation
1974-03-28,3.159,simulation
1974-03-29,2.746326,simulation
1974-03-30,2.2693017,simulation
1974-03-31,1.741565,simulation
1974-04-01,1.3225913,simulation
1974-04-02,3.223109,simulation
1974-04-03,2.4942017,simulation
1974-04-04,2.0368376,simulation
1974-04-05,2.038944,simulation
1974-04-06,1.6060169,simulation
1974-04-07,1.2951254,simulation
1974-04-08,1.1294935,simulation
1974-04-09,0.9655949,simulation
1974-04-10,0.7769258,simulation
1974-04-11,0.6345791,simulation
1974-04-12,0.55537766,simulation
1974-04-13,36.830647,simulation
1974-04-14,37.120518,simulation
1974-04-15,36.149097,simulation
1974-04-16,32.27242,simulation
1974-04-17,24.399239,simulation
1974-04-18,15.136809,simulation
1974-04-19,9.290682,simulation
1974-04-20,6.519092,simulation
1974-04-21,4.504467,simulation
1974-04-22,3.505928,simulation
1974-04-23,6.5431514,simulation
1974-04-24,4.6808763,simulation
1974-04-25,3.3461938,simulation
1974-04-26,2.5342383,simulation
1974-04-27,1.9322222,simulation
1974-04-28,1.5074757,simulation
1974-04-29,1.1721228,simulation
1974-04-30,0.9691428,simulation
1974-05-01,0.8387115,simulation
1974-05-02,0.7686054,simulation
1974-05-03,0.6543589,simulation
1974-05-04,0.5322903,simulation
1974-05-05,1.2621117,simulation
1974-05-06,1.1404858,simulation
1974-05-07,0.9300373,simulation
1974-05-08,0.7232005,simulation
1974-05-09,0.61660695,simulation
1974-05-10,0.51632625,simulation
1974-05-11,0.48157918,simulation
1974-05-12,1.5396689,simulation
1974-05-13,1.1533605,simulation
1974-05-14,0.85424757,simulation
1974-05-15,0.65299934,simulation
1974-05-16,0.76194924,simulation
1974-05-17,0.62858444,simulation
1974-05-18,0.52129775,simulation
1974-05-19,0.4382509,simulation
1974-05-20,0.34737098,simulation
1974-05-21,0.3032493,simulation
1974-05-22,0.29654202,simulation
1974-05-23,0.6102743,simulation
1974-05-24,0.5285429,simulation
1974-05-25,0.43068317,simulation
1974-05-26,0.36641032,simulation
1974-05-27,0.53324366,simulation
1974-05-28,0.4400347,simulation
1974-05-29,0.34235048,simulation
1974-05-30,0.29344863,simulation
1974-05-31,0.25373912,simulation
1974-06-01,0.22687212,simulation
1974-06-02,0.6010447,simulation
1974-06-03,0.52725184,simulation
1974-06-04,0.4421637,simulation
1974-06-05,0.36359003,simulation
1974-06-06,2.1115484,simulation
1974-06-07,2.1726341,simulation
1974-06-08,1.8383577,simulation
1974-06-09,1.5925479,simulation
1974-06-10,1.2272673,simulation
1974-06-11,1.0739046,simulation
1974-06-12,0.8247025,simulation
1974-06-13,0.7241673,simulation
1974-06-14,0.7130947,simulation
1974-06-15,0.5570098,simulation
1974-06-16,0.5109513,simulation
1974-06-17,0.4328336,simulation
1974-06-18,0.33965793,simulation
1974-06-19,0.30623108,simulation
1974-06-20,0.2410015,simulation
1974-06-21,0.19142276,simulation
1974-06-22,0.14917499,simulation
1974-06-23,0.11434932,simulation
1974-06-24,0.46703187,simulation
1974-06-25,0.37209773,simulation
1974-06-26,0.28914833,simulation
1974-06-27,0.22486126,simulation
1974-06-28,0.17691585,simulation
1974-06-29,0.13826178,simulation
1974-06-30,0.11235717,simulation
1974-07-01,0.08941662,simulation
1974-07-02,0.072013125,simulation
1974-07-03,0.058895953,simulation
1974-07-04,0.046867274,simulation
1974-07-05,0.0415568,simulation
1974-07-06,0.0564889,simulation
1974-07-07,0.055364955,simulation
1974-07-08,0.045943305,simulation
1974-07-09,0.042326838,simulation
1974-07-10,0.035838675,simulation
1974-07-11,0.03206849,simulation
1974-07-12,0.024512496,simulation
1974-07-13,0.019724254,simulation
1974-07-14,0.016073754,simulation
1974-07-15,0.013864455,simulation
1974-07-16,0.012772876,simulation
1974-07-17,0.011061994,simulation
1974-07-18,0.008564935,simulation
1974-07-19,0.008101237,simulation
1974-07-20,0.006780104,simulation
1974-07-21,0.007579684,simulation
1974-07-22,0.0059578554,simulation
1974-07-23,0.0048281983,simulation
1974-07-24,0.012164454,simulation
1974-07-25,0.041013982,simulation
1974-07-26,0.03718595,simulation
1974-07-27,0.044471603,simulation
1974-07-28,0.03950256,simulation
1974-07-29,0.033463333,simulation
1974-07-30,0.025824424,simulation
1974-07-31,0.029190067,simulation
1974-08-01,0.02521759,simulation
1974-08-02,0.022531692,simulation
1974-08-03,0.02383729,simulation
1974-08-04,0.020766921,simulation
1974-08-05,0.01873681,simulation
1974-08-06,0.014959312,simulation
1974-08-07,0.013144573,simulation
1974-08-08,0.01651208,simulation
1974-08-09,0.016178586,simulation
1974-08-10,0.014232488,simulation
1974-08-11,0.011702366,simulation
1974-08-12,0.010089631,simulation
1974-08-13,0.008457229,simulation
1974-08-14,0.020012647,simulation
1974-08-15,0.017936287,simulation
1974-08-16,0.015267483,simulation
1974-08-17,0.015865253,simulation
1974-08-18,0.026711652,simulation
1974-08-19,0.057831604,simulation
1974-08-20,0.04855358,simulation
1974-08-21,0.041462597,simulation
1974-08-22,0.03328592,simulation
1974-08-23,0.029679684,simulation
1974-08-24,0.024410037,simulation
1974-08-25,0.020080244,simulation
1974-08-26,0.016771285,simulation
1974-08-27,0.016243814,simulation
1974-08-28,0.01694595,simulation
1974-08-29,0.02162206,simulation
1974-08-30,0.028970089,simulation
1974-08-31,0.0730604,simulation
1974-09-01,0.07142473,simulation
1974-09-02,0.15412943,simulation
1974-09-03,0.17359997,simulation
1974-09-04,0.16924876,simulation
1974-09-05,0.15115036,simulation
1974-09-06,0.13189848,simulation
1974-09-07,0.12878835,simulation
1974-09-08,0.872989,simulation
1974-09-09,1.4740825,simulation
1974-09-10,1.7462388,simulation
1974-09-11,1.7249701,simulation
1974-09-12,1.4717284,simulation
1974-09-13,1.361773,simulation
1974-09-14,1.2475142,simulation
1974-09-15,1.163102,simulation
1974-09-16,0.9740116,simulation
1974-09-17,0.7886166,simulation
1974-09-18,0.67372614,simulation
1974-09-19,0.5347622,simulation
1974-09-20,0.43139645,simulation
1974-09-21,0.3656469,simulation
1974-09-22,0.307868,simulation
1974-09-23,0.25152323,simulation
1974-09-24,0.22599456,simulation
1974-09-25,0.21118987,simulation
1974-09-26,0.3963758,simulation
1974-09-27,0.68768483,simulation
1974-09-28,0.6438494,simulation
1974-09-29,2.2882912,simulation
1974-09-30,1.8660429,simulation
1974-10-01,1.4715668,simulation
1974-10-02,1.1776652,simulation
1974-10-03,0.95237863,simulation
1974-10-04,0.78974307,simulation
1974-10-05,0.66321933,simulation
1974-10-06,0.555096,simulation
1974-10-07,0.4687901,simulation
1974-10-08,0.39333737,simulation
1974-10-09,0.34075212,simulation
1974-10-10,0.3206017,simulation
1974-10-11,0.2719544,simulation
1974-10-12,0.23186909,simulation
1974-10-13,0.21576475,simulation
1974-10-14,0.2065412,simulation
1974-10-15,0.18454613,simulation
1974-10-16,0.5527008,simulation
1974-10-17,0.4706759,simulation
1974-10-18,0.4042865,simulation
1974-10-19,0.3501759,simulation
1974-10-20,0.2957654,simulation
1974-10-21,0.25661862,simulation
1974-10-22,0.2291506,simulation
1974-10-23,0.1977205,simulation
1974-10-24,0.18379399,simulation
1974-10-25,0.16151164,simulation
1974-10-26,0.15572064,simulation
1974-10-27,0.13749239,simulation
1974-10-28,0.120098725,simulation
1974-10-29,0.115227684,simulation
1974-10-30,0.22925895,simulation
1974-10-31,0.2130823,simulation
1974-11-01,0.19471353,simulation
1974-11-02,0.18891591,simulation
1974-11-03,0.17501633,simulation
1974-11-04,0.16025612,simulation
1974-11-05,0.19177976,simulation
1974-11-06,0.18619919,simulation
1974-11-07,0.17600098,simulation
1974-11-08,0.17157903,simulation
1974-11-09,0.18819828,simulation
1974-11-10,0.17489164,simulation
1974-11-11,0.22953942,simulation
1974-11-12,0.3726389,simulation
1974-11-13,0.32831714,simulation
1974-11-14,0.2938106,simulation
1974-11-15,0.32269484,simulation
1974-11-16,0.30006477,simulation
1974-11-17,0.34618646,simulation
1974-11-18,0.95963126,simulation
1974-11-19,0.9193563,simulation
1974-11-20,0.99480176,simulation
1974-11-21,1.501237,simulation
1974-11-22,1.3180091,simulation
1974-11-23,1.1405615,simulation
1974-11-24,0.9896178,simulation
1974-11-25,1.2214987,simulation
1974-11-26,1.1670872,simulation
1974-11-27,1.0416557,simulation
1974-11-28,0.9342904,simulation
1974-11-29,0.8600789,simulation
1974-11-30,0.88521016,simulation
1974-12-01,1.5205433,simulation
1974-12-02,1.400396,simulation
1974-12-03,1.2541379,simulation
1974-12-04,1.1400576,simulation
1974-12-05,1.0474755,simulation
1974-12-06,0.95682025,simulation
1974-12-07,8.460936,simulation
1974-12-08,9.820777,simulation
1974-12-09,7.290527,simulation
1974-12-10,5.6322083,simulation
1974-12-11,4.5809445,simulation
1974-12-12,4.8632116,simulation
1974-12-13,4.0532384,simulation
1974-12-14,3.4345365,simulation
1974-12-15,2.920832,simulation
1974-12-16,3.1834965,simulation
1974-12-17,2.7263455,simulation
1974-12-18,2.4034727,simulation
1974-12-19,2.1049159,simulation
1974-12-20,2.8077438,simulation
1974-12-21,2.7501404,simulation
1974-12-22,2.3506303,simulation
1974-12-23,2.0290337,simulation
1974-12-24,15.790143,simulation
1974-12-25,11.080074,simulation
1974-12-26,9.4577465,simulation
1974-12-27,7.384779,simulation
1974-12-28,5.927629,simulation
1974-12-29,5.125221,simulation
1974-12-30,4.283549,simulation
1974-12-31,3.6374557,simulation
1975-01-01,3.1451983,simulation
1975-01-02,2.7534716,simulation
1975-01-03,2.348973,simulation
1975-01-04,2.4162736,simulation
1975-01-05,2.122183,simulation
1975-01-06,1.9174951,simulation
1975-01-07,1.7246696,simulation
1975-01-08,4.6383734,simulation
1975-01-09,6.7790422,simulation
1975-01-10,5.3487477,simulation
1975-01-11,16.803429,simulation
1975-01-12,11.032982,simulation
1975-01-13,11.573676,simulation
1975-01-14,8.202234,simulation
1975-01-15,6.237117,simulation
1975-01-16,4.8653083,simulation
1975-01-17,4.318611,simulation
1975-01-18,3.7161136,simulation
1975-01-19,3.1903853,simulation
1975-01-20,4.0977917,simulation
1975-01-21,3.437245,simulation
1975-01-22,2.9715393,simulation
1975-01-23,2.6183305,simulation
1975-01-24,2.3298388,simulation
1975-01-25,6.615963,simulation
1975-01-26,5.3080034,simulation
1975-01-27,4.164932,simulation
1975-01-28,3.3357456,simulation
1975-01-29,2.8721833,simulation
1975-01-30,2.52519,simulation
1975-01-31,2.2745008,simulation
1975-02-01,2.0234675,simulation
1975-02-02,1.8499154,simulation
1975-02-03,1.989308,simulation
1975-02-04,2.3252125,simulation
1975-02-05,2.5951247,simulation
1975-02-06,2.3221488,simulation
1975-02-07,2.1062114,simulation
1975-02-08,1.8665042,simulation
1975-02-09,1.648852,simulation
1975-02-10,1.6197964,simulation
1975-02-11,1.5129623,simulation
1975-02-12,1.8545442,simulation
1975-02-13,1.9496099,simulation
1975-02-14,1.7100161,simulation
1975-02-15,1.4617153,simulation
1975-02-16,2.6952033,simulation
1975-02-17,13.166027,simulation
1975-02-18,9.19528,simulation
1975-02-19,7.125654,simulation
1975-02-20,5.5813622,simulation
1975-02-21,4.524159,simulation
1975-02-22,3.456488,simulation
1975-02-23,3.3380694,simulation
1975-02-24,5.487208,simulation
1975-02-25,4.1924534,simulation
1975-02-26,3.2765148,simulation
1975-02-27,2.6433008,simulation
1975-02-28,2.2636027,simulation
1975-03-01,2.216732,simulation
1975-03-02,1.9063264,simulation
1975-03-03,1.6265813,simulation
1975-03-04,1.6070627,simulation
1975-03-05,1.9964216,simulation
1975-03-06,1.7560943,simulation
1975-03-07,1.6148542,simulation
1975-03-08,1.4365969,simulation
1975-03-09,1.1943632,simulation
1975-03-10,1.0934834,simulation
1975-03-11,1.1749414,simulation
1975-03-12,1.1348741,simulation
1975-03-13,0.9953766,simulation
1975-03-14,2.8975315,simulation
1975-03-15,2.4663343,simulation
1975-03-16,3.2783203,simulation
1975-03-17,3.5532548,simulation
1975-03-18,5.421359,simulation
1975-03-19,6.8072214,simulation
1975-03-20,4.8849454,simulation
1975-03-21,3.7970867,simulation
1975-03-22,2.9790988,simulation
1975-03-23,2.5671911,simulation
1975-03-24,2.8429425,simulation
1975-03-25,3.2887108,simulation
1975-03-26,2.5227468,simulation
1975-03-27,1.9868162,simulation
1975-03-28,1.6871072,simulation
1975-03-29,1.5224876,simulation
1975-03-30,2.9124916,simulation
1975-03-31,2.5202472,simulation
1975-04-01,2.1662567,simulation
1975-04-02,1.9865594,simulation
1975-04-03,5.587494,simulation
1975-04-04,4.1160374,simulation
1975-04-05,3.3441339,simulation
1975-04-06,2.7267814,simulation
1975-04-07,2.2172873,simulation
1975-04-08,1.976968,simulation
1975-04-09,3.3134415,simulation
1975-04-10,3.3115091,simulation
1975-04-11,3.0765843,simulation
1975-04-12,2.8003247,simulation
1975-04-13,2.1504672,simulation
1975-04-14,2.9921799,simulation
1975-04-15,6.1625133,simulation
1975-04-16,4.4979935,simulation
1975-04-17,3.4566436,simulation
1975-04-18,2.8461192,simulation
1975-04-19,2.3487937,simulation
1975-04-20,2.1038773,simulation
1975-04-21,1.8494465,simulation
1975-04-22,1.4593158,simulation
1975-04-23,1.2236294,simulation
1975-04-24,1.1089299,simulation
1975-04-25,0.94119257,simulation
1975-04-26,0.81149805,simulation
1975-04-27,0.6979901,simulation
1975-04-28,0.6094386,simulation
1975-04-29,0.5832165,simulation
1975-04-30,1.7497786,simulation
1975-05-01,9.548664,simulation
1975-05-02,6.588417,simulation
1975-05-03,4.9834847,simulation
1975-05-04,8.017468,simulation
1975-05-05,5.649132,simulation
1975-05-06,6.0341105,simulation
1975-05-07,7.781023,simulation
1975-05-08,11.675006,simulation
1975-05-09,12.693378,simulation
1975-05-10,9.705538,simulation
1975-05-11,7.0105014,simulation
1975-05-12,5.014886,simulation
1975-05-13,3.588654,simulation
1975-05-14,2.7768261,simulation
1975-05-15,4.0460215,simulation
1975-05-16,4.4944706,simulation
1975-05-17,3.8857255,simulation
1975-05-18,3.0832114,simulation
1975-05-19,2.3087964,simulation
1975-05-20,1.7287482,simulation
1975-05-21,1.3258381,simulation
1975-05-22,1.0412891,simulation
1975-05-23,0.7767408,simulation
1975-05-24,0.6023025,simulation
1975-05-25,0.4987232,simulation
1975-05-26,0.43327114,simulation
1975-05-27,0.60537726,simulation
1975-05-28,0.48465708,simulation
1975-05-29,0.40653214,simulation
1975-05-30,0.8285726,simulation
1975-05-31,0.7938637,simulation
1975-06-01,0.70788926,simulation
1975-06-02,0.5760549,simulation
1975-06-03,0.4349332,simulation
1975-06-04,0.3346388,simulation
1975-06-05,0.26393655,simulation
1975-06-06,0.2634134,simulation
1975-06-07,0.31866178,simulation
1975-06-08,0.38271898,simulation
1975-06-09,0.4724358,simulation
1975-06-10,0.72949463,simulation
1975-06-11,1.1959556,simulation
1975-06-12,1.1632954,simulation
1975-06-13,1.0020933,simulation
1975-06-14,0.77864105,simulation
1975-06-15,0.8065427,simulation
1975-06-16,1.2230706,simulation
1975-06-17,0.9401264,simulation
1975-06-18,0.72694767,simulation
1975-06-19,0.72185165,simulation
1975-06-20,0.7072498,simulation
1975-06-21,0.5548228,simulation
1975-06-22,0.45858005,simulation
1975-06-23,0.39394313,simulation
1975-06-24,0.31524757,simulation
1975-06-25,0.25412846,simulation
1975-06-26,0.1967423,simulation
1975-06-27,0.15931424,simulation
1975-06-28,0.14780328,simulation
1975-06-29,0.19481285,simulation
1975-06-30,0.16956513,simulation
1975-07-01,0.23774429,simulation
1975-07-02,0.18994357,simulation
1975-07-03,0.21261379,simulation
1975-07-04,0.19071819,simulation
1975-07-05,0.15740675,simulation
1975-07-06,0.12447968,simulation
1975-07-07,0.10755782,simulation
1975-07-08,0.10112661,simulation
1975-07-09,0.11901727,simulation
1975-07-10,0.11225383,simulation
1975-07-11,0.14655069,simulation
1975-07-12,0.14086773,simulation
1975-07-13,0.114247054,simulation
1975-07-14,0.09264791,simulation
1975-07-15,0.08626624,simulation
1975-07-16,0.0770837,simulation
1975-07-17,0.06652916,simulation
1975-07-18,0.058435846,simulation
1975-07-19,0.060244102,simulation
1975-07-20,0.07313791,simulation
1975-07-21,0.06547441,simulation
1975-07-22,0.07318999,simulation
1975-07-23,0.06275605,simulation
1975-07-24,0.052843105,simulation
1975-07-25,0.046111118,simulation
1975-07-26,0.08913367,simulation
1975-07-27,0.082172304,simulation
1975-07-28,0.0760936,simulation
1975-07-29,0.076372065,simulation
1975-07-30,0.081449024,simulation
1975-07-31,0.186698,simulation
1975-08-01,1.1674546,simulation
1975-08-02,3.3092558,simulation
1975-08-03,3.486794,simulation
1975-08-04,2.8722856,simulation
1975-08-05,3.155741,simulation
1975-08-06,3.3245735,simulation
1975-08-07,2.4724085,simulation
1975-08-08,2.6896636,simulation
1975-08-09,2.3415947,simulation
1975-08-10,2.0682635,simulation
1975-08-11,1.8662655,simulation
1975-08-12,1.5973879,simulation
1975-08-13,1.3157732,simulation
1975-08-14,1.1596127,simulation
1975-08-15,0.93300015,simulation
1975-08-16,0.9493448,simulation
1975-08-17,0.9224651,simulation
1975-08-18,1.0852643,simulation
1975-08-19,1.287797,simulation
1975-08-20,1.0674399,simulation
1975-08-21,0.861306,simulation
1975-08-22,0.7171184,simulation
1975-08-23,0.66096246,simulation
1975-08-24,0.781428,simulation
1975-08-25,0.6708329,simulation
1975-08-26,0.59666425,simulation
1975-08-27,0.48188463,simulation
1975-08-28,0.38143373,simulation
1975-08-29,0.3041336,simulation
1975-08-30,0.35788688,simulation
1975-08-31,0.29186544,simulation
1975-09-01,0.24001878,simulation
1975-09-02,0.19356512,simulation
1975-09-03,0.15179783,simulation
1975-09-04,0.118128665,simulation
1975-09-05,0.09755728,simulation
1975-09-06,0.16444924,simulation
1975-09-07,0.17578058,simulation
1975-09-08,0.288319,simulation
1975-09-09,0.2669379,simulation
1975-09-10,0.23845254,simulation
1975-09-11,0.2133118,simulation
1975-09-12,0.19831996,simulation
1975-09-13,0.21063498,simulation
1975-09-14,0.18022212,simulation
1975-09-15,0.15973747,simulation
1975-09-16,0.15215673,simulation
1975-09-17,0.16882037,simulation
1975-09-18,0.7585469,simulation
1975-09-19,0.63446283,simulation
1975-09-20,0.535363,simulation
1975-09-21,0.4609158,simulation
1975-09-22,0.37645468,simulation
1975-09-23,0.9323954,simulation
1975-09-24,0.9305103,simulation
1975-09-25,0.81822395,simulation
1975-09-26,0.68839866,simulation
1975-09-27,0.57952964,simulation
1975-09-28,0.4868386,simulation
1975-09-29,0.40969157,simulation
1975-09-30,0.3452052,simulation
1975-10-01,0.4326928,simulation
1975-10-02,0.5199357,simulation
1975-10-03,0.4351957,simulation
1975-10-04,0.3788302,simulation
1975-10-05,0.35837498,simulation
1975-10-06,0.3497142,simulation
1975-10-07,0.34185758,simulation
1975-10-08,0.4564493,simulation
1975-10-09,0.40193868,simulation
1975-10-10,0.34217852,simulation
1975-10-11,0.28921384,simulation
1975-10-12,0.24396147,simulation
1975-10-13,0.20776892,simulation
1975-10-14,0.17581253,simulation
1975-10-15,0.15088244,simulation
1975-10-16,0.1963586,simulation
1975-10-17,10.696872,simulation
1975-10-18,7.8211575,simulation
1975-10-19,5.6946034,simulation
1975-10-20,4.2692933,simulation
1975-10-21,3.3007975,simulation
1975-10-22,2.6017904,simulation
1975-10-23,2.1879752,simulation
1975-10-24,1.9203129,simulation
1975-10-25,1.688439,simulation
1975-10-26,1.5586479,simulation
1975-10-27,1.6215594,simulation
1975-10-28,1.503767,simulation
1975-10-29,1.2972519,simulation
1975-10-30,1.1373874,simulation
1975-10-31,0.95406204,simulation
1975-11-01,0.83260286,simulation
1975-11-02,0.7085197,simulation
1975-11-03,0.61471516,simulation
1975-11-04,0.5595817,simulation
1975-11-05,0.5854638,simulation
1975-11-06,0.56461954,simulation
1975-11-07,0.6097679,simulation
1975-11-08,0.58437014,simulation
1975-11-09,0.5516033,simulation
1975-11-10,0.7336227,simulation
1975-11-11,0.69348776,simulation
1975-11-12,0.6709905,simulation
1975-11-13,0.57917964,simulation
1975-11-14,0.5236462,simulation
1975-11-15,0.48444352,simulation
1975-11-16,0.43908358,simulation
1975-11-17,0.39665514,simulation
1975-11-18,0.35890862,simulation
1975-11-19,0.33988917,simulation
1975-11-20,0.30314657,simulation
1975-11-21,0.36702943,simulation
1975-11-22,0.33897203,simulation
1975-11-23,0.3266618,simulation
1975-11-24,0.31879956,simulation
1975-11-25,0.31106958,simulation
1975-11-26,0.29518944,simulation
1975-11-27,0.72815865,simulation
1975-11-28,0.679868,simulation
1975-11-29,0.6458874,simulation
1975-11-30,0.6127857,simulation
1975-12-01,1.1584959,simulation
1975-12-02,1.042006,simulation
1975-12-03,0.95764846,simulation
1975-12-04,0.8744203,simulation
1975-12-05,0.81965655,simulation
1975-12-06,0.7697646,simulation
1975-12-07,0.95399797,simulation
1975-12-08,0.92010754,simulation
1975-12-09,0.8847144,simulation
1975-12-10,0.833631,simulation
1975-12-11,0.7796273,simulation
1975-12-12,0.7114094,simulation
1975-12-13,0.6698571,simulation
1975-12-14,0.61733794,simulation
1975-12-15,0.5807578,simulation
1975-12-16,0.5907564,simulation
1975-12-17,1.0808957,simulation
1975-12-18,1.3048165,simulation
1975-12-19,1.211037,simulation
1975-12-20,1.1324093,simulation
1975-12-21,1.0561619,simulation
1975-12-22,0.9847483,simulation
1975-12-23,0.9282421,simulation
1975-12-24,0.86085236,simulation
1975-12-25,0.818575,simulation
1975-12-26,1.7257441,simulation
1975-12-27,1.7523288,simulation
1975-12-28,1.6017447,simulation
1975-12-29,1.4547653,simulation
1975-12-30,1.9585528,simulation
1975-12-31,2.1805334,simulation
1976-01-01,2.0200574,simulation
1976-01-02,1.7924188,simulation
1976-01-03,2.2592711,simulation
1976-01-04,2.487177,simulation
1976-01-05,2.2159398,simulation
1976-01-06,2.0026622,simulation
1976-01-07,1.7568359,simulation
1976-01-08,2.1994514,simulation
1976-01-09,1.9864142,simulation
1976-01-10,1.7911394,simulation
1976-01-11,1.612273,simulation
1976-01-12,1.7438133,simulation
1976-01-13,1.7326908,simulation
1976-01-14,2.1280923,simulation
1976-01-15,2.0436115,simulation
1976-01-16,1.8171953,simulation
1976-01-17,1.6433991,simulation
1976-01-18,1.4615704,simulation
1976-01-19,1.3301269,simulation
1976-01-20,1.1666783,simulation
1976-01-21,1.1235548,simulation
1976-01-22,1.02877,simulation
1976-01-23,0.94218445,simulation
1976-01-24,0.8401395,simulation
1976-01-25,0.7996641,simulation
1976-01-26,2.5048163,simulation
1976-01-27,2.4742775,simulation
1976-01-28,2.1367085,simulation
1976-01-29,1.8740549,simulation
1976-01-30,1.6247295,simulation
1976-01-31,1.4032227,simulation
1976-02-01,1.653533,simulation
1976-02-02,1.5341748,simulation
1976-02-03,1.3620486,simulation
1976-02-04,1.1974852,simulation
1976-02-05,1.1197069,simulation
1976-02-06,1.047186,simulation
1976-02-07,1.3208417,simulation
1976-02-08,1.2051624,simulation
1976-02-09,1.0831635,simulation
1976-02-10,0.9686082,simulation
1976-02-11,0.9083745,simulation
1976-02-12,0.8621523,simulation
1976-02-13,0.8109424,simulation
1976-02-14,0.7567519,simulation
1976-02-15,0.70186114,simulation
1976-02-16,0.6711296,simulation
1976-02-17,0.62515664,simulation
1976-02-18,0.56049645,simulation
1976-02-19,0.60246193,simulation
1976-02-20,0.5274696,simulation
1976-02-21,0.48084435,simulation
1976-02-22,0.92339176,simulation
1976-02-23,0.8704223,simulation
1976-02-24,0.7714527,simulation
1976-02-25,0.6696422,simulation
1976-02-26,0.6028655,simulation
1976-02-27,0.53094834,simulation
1976-02-28,0.46712646,simulation
1976-02-29,0.41236475,simulation
1976-03-01,0.39203757,simulation
1976-03-02,0.3481844,simulation
1976-03-03,0.33591104,simulation
1976-03-04,0.3226755,simulation
1976-03-05,0.28562084,simulation
1976-03-06,0.29252476,simulation
1976-03-07,0.6241316,simulation
1976-03-08,0.5870019,simulation
1976-03-09,2.3958814,simulation
1976-03-10,2.3397195,simulation
1976-03-11,1.9790093,simulation
1976-03-12,1.7481661,simulation
1976-03-13,2.199235,simulation
1976-03-14,2.733043,simulation
1976-03-15,6.078369,simulation
1976-03-16,12.405991,simulation
1976-03-17,12.564437,simulation
1976-03-18,8.845493,simulation
1976-03-19,6.314738,simulation
1976-03-20,4.893291,simulation
1976-03-21,4.684778,simulation
1976-03-22,6.025914,simulation
1976-03-23,4.6304708,simulation
1976-03-24,3.477999,simulation
1976-03-25,3.6900122,simulation
1976-03-26,3.1973426,simulation
1976-03-27,3.3625255,simulation
1976-03-28,4.859982,simulation
1976-03-29,3.98569,simulation
1976-03-30,6.083784,simulation
1976-03-31,25.678463,simulation
1976-04-01,19.37554,simulation
1976-04-02,11.931579,simulation
1976-04-03,7.656218,simulation
1976-04-04,5.6155457,simulation
1976-04-05,4.326374,simulation
1976-04-06,3.579642,simulation
1976-04-07,2.7998137,simulation
1976-04-08,2.2414877,simulation
1976-04-09,1.894037,simulation
1976-04-10,1.4888861,simulation
1976-04-11,1.325162,simulation
1976-04-12,1.0456436,simulation
1976-04-13,0.8433643,simulation
1976-04-14,0.8553402,simulation
1976-04-15,0.73049396,simulation
1976-04-16,0.6014488,simulation
1976-04-17,0.534727,simulation
1976-04-18,0.4431437,simulation
1976-04-19,0.38475436,simulation
1976-04-20,0.33244643,simulation
1976-04-21,0.31485134,simulation
1976-04-22,0.28089654,simulation
1976-04-23,0.22609161,simulation
1976-04-24,0.19155961,simulation
1976-04-25,0.19548231,simulation
1976-04-26,0.25936282,simulation
1976-04-27,0.23216072,simulation
1976-04-28,0.1945879,simulation
1976-04-29,0.17481685,simulation
1976-04-30,0.16372637,simulation
1976-05-01,0.25689873,simulation
1976-05-02,0.23202771,simulation
1976-05-03,0.19066337,simulation
1976-05-04,0.15320711,simulation
1976-05-05,0.124254696,simulation
1976-05-06,0.10222207,simulation
1976-05-07,0.09290421,simulation
1976-05-08,0.750025,simulation
1976-05-09,1.326394,simulation
1976-05-10,1.1614565,simulation
1976-05-11,1.2574846,simulation
1976-05-12,1.1270825,simulation
1976-05-13,0.92145884,simulation
1976-05-14,3.2022376,simulation
1976-05-15,9.199173,simulation
1976-05-16,6.5185046,simulation
1976-05-17,4.817514,simulation
1976-05-18,3.5876067,simulation
1976-05-19,2.5898669,simulation
1976-05-20,1.9214711,simulation
1976-05-21,1.5725235,simulation
1976-05-22,1.3771014,simulation
1976-05-23,1.2675148,simulation
1976-05-24,1.0096453,simulation
1976-05-25,1.1920546,simulation
1976-05-26,0.92015886,simulation
1976-05-27,0.86183715,simulation
1976-05-28,2.5951378,simulation
1976-05-29,2.3219404,simulation
1976-05-30,1.8021052,simulation
1976-05-31,1.3688842,simulation
1976-06-01,1.4819882,simulation
1976-06-02,2.3142211,simulation
1976-06-03,2.036411,simulation
1976-06-04,1.6915402,simulation
1976-06-05,1.3168103,simulation
1976-06-06,1.3777566,simulation
1976-06-07,1.0850065,simulation
1976-06-08,0.8150633,simulation
1976-06-09,0.6444794,simulation
1976-06-10,0.5046681,simulation
1976-06-11,0.39143303,simulation
1976-06-12,0.29991588,simulation
1976-06-13,0.23123337,simulation
1976-06-14,0.17735775,simulation
1976-06-15,0.13550234,simulation
1976-06-16,0.10911424,simulation
1976-06-17,0.3376568,simulation
1976-06-18,0.42008802,simulation
1976-06-19,0.5377207,simulation
1976-06-20,0.5080878,simulation
1976-06-21,0.45910615,simulation
1976-06-22,0.35576272,simulation
1976-06-23,0.30830324,simulation
1976-06-24,0.24906729,simulation
1976-06-25,0.22732842,simulation
1976-06-26,0.19354375,simulation
1976-06-27,0.18310589,simulation
1976-06-28,0.18613204,simulation
1976-06-29,0.52093256,simulation
1976-06-30,0.41107413,simulation
1976-07-01,0.41341066,simulation
1976-07-02,0.36939946,simulation
1976-07-03,0.32273173,simulation
1976-07-04,0.29311097,simulation
1976-07-05,0.53957725,simulation
1976-07-06,0.6964905,simulation
1976-07-07,0.5809788,simulation
1976-07-08,0.4666519,simulation
1976-07-09,0.3902988,simulation
1976-07-10,0.3206969,simulation
1976-07-11,0.51845264,simulation
1976-07-12,0.4473344,simulation
1976-07-13,0.35317314,simulation
1976-07-14,0.30392432,simulation
1976-07-15,0.5552353,simulation
1976-07-16,0.4829831,simulation
1976-07-17,0.399729,simulation
1976-07-18,0.38767797,simulation
1976-07-19,0.3148456,simulation
1976-07-20,0.2617058,simulation
1976-07-21,0.20352471,simulation
1976-07-22,0.16294369,simulation
1976-07-23,0.13194616,simulation
1976-07-24,0.10693745,simulation
1976-07-25,0.08539524,simulation
1976-07-26,0.076889694,simulation
1976-07-27,0.06663845,simulation
1976-07-28,0.06349268,simulation
1976-07-29,0.07832518,simulation
1976-07-30,0.06510207,simulation
1976-07-31,0.059812043,simulation
1976-08-01,0.051918536,simulation
1976-08-02,0.11851981,simulation
1976-08-03,0.10639104,simulation
1976-08-04,0.08226972,simulation
1976-08-05,0.068917915,simulation
1976-08-06,0.05604015,simulation
1976-08-07,0.051527176,simulation
1976-08-08,0.04193048,simulation
1976-08-09,0.034568015,simulation
1976-08-10,0.03163921,simulation
1976-08-11,0.024930274,simulation
1976-08-12,0.019709067,simulation
1976-08-13,0.015859988,simulation
1976-08-14,0.01365445,simulation
1976-08-15,0.01196982,simulation
1976-08-16,0.009889629,simulation
1976-08-17,0.008367981,simulation
1976-08-18,0.0066684736,simulation
1976-08-19,0.005330121,simulation
1976-08-20,0.004205545,simulation
1976-08-21,0.0033177985,simulation
1976-08-22,0.0027881325,simulation
1976-08-23,0.0029608328,simulation
1976-08-24,0.0024114961,simulation
1976-08-25,0.0021247354,simulation
1976-08-26,0.0018213751,simulation
1976-08-27,0.002488699,simulation
1976-08-28,0.0034189108,simulation
1976-08-29,0.004118616,simulation
1976-08-30,0.0035776068,simulation
1976-08-31,0.003636768,simulation
1976-09-01,0.0075156526,simulation
1976-09-02,0.013441063,simulation
1976-09-03,0.013089268,simulation
1976-09-04,0.017341863,simulation
1976-09-05,0.03239137,simulation
1976-09-06,0.036839563,simulation
1976-09-07,0.039423324,simulation
1976-09-08,0.048154373,simulation
1976-09-09,0.06533456,simulation
1976-09-10,0.060395565,simulation
1976-09-11,0.062069543,simulation
1976-09-12,0.051647004,simulation
1976-09-13,0.042240173,simulation
1976-09-14,0.034365818,simulation
1976-09-15,0.029255502,simulation
1976-09-16,0.024464672,simulation
1976-09-17,0.020384982,simulation
1976-09-18,0.017539797,simulation
1976-09-19,0.01646174,simulation
1976-09-20,0.0146826925,simulation
1976-09-21,0.014397561,simulation
1976-09-22,0.013444307,simulation
1976-09-23,0.011280528,simulation
1976-09-24,0.009612823,simulation
1976-09-25,0.008428231,simulation
1976-09-26,0.0080510685,simulation
1976-09-27,0.0073707583,simulation
1976-09-28,0.0072771213,simulation
1976-09-29,0.0073030014,simulation
1976-09-30,0.0073875664,simulation
1976-10-01,0.00659722,simulation
1976-10-02,0.0056260615,simulation
1976-10-03,0.0047584083,simulation
1976-10-04,0.004065029,simulation
1976-10-05,0.003509938,simulation
1976-10-06,0.00870025,simulation
1976-10-07,0.010448152,simulation
1976-10-08,0.010421883,simulation
1976-10-09,0.01039501,simulation
1976-10-10,0.009153879,simulation
1976-10-11,0.008027495,simulation
1976-10-12,0.0070029194,simulation
1976-10-13,0.0061276313,simulation
1976-10-14,0.0054351864,simulation
1976-10-15,0.0047770003,simulation
1976-10-16,0.004363924,simulation
1976-10-17,0.0047555603,simulation
1976-10-18,0.0041449387,simulation
1976-10-19,0.00368532,simulation
1976-10-20,0.00454768,simulation
1976-10-21,0.004470314,simulation
1976-10-22,0.004070573,simulation
1976-10-23,0.0036707884,simulation
1976-10-24,0.0034330827,simulation
1976-10-25,0.008298934,simulation
1976-10-26,0.0092282435,simulation
1976-10-27,0.009072217,simulation
1976-10-28,0.0089121945,simulation
1976-10-29,0.008819469,simulation
1976-10-30,0.013789111,simulation
1976-10-31,0.02019154,simulation
1976-11-01,0.018991794,simulation
1976-11-02,0.017257527,simulation
1976-11-03,0.015969403,simulation
1976-11-04,0.014590033,simulation
1976-11-05,0.013770732,simulation
1976-11-06,0.012811505,simulation
1976-11-07,0.011641619,simulation
1976-11-08,0.010543491,simulation
1976-11-09,0.009687146,simulation
1976-11-10,0.0086943675,simulation
1976-11-11,0.008627503,simulation
1976-11-12,0.01268136,simulation
1976-11-13,0.011799218,simulation
1976-11-14,0.0120882075,simulation
1976-11-15,0.028024854,simulation
1976-11-16,0.028165288,simulation
1976-11-17,0.028065678,simulation
1976-11-18,0.027871214,simulation
1976-11-19,0.027103448,simulation
1976-11-20,0.039897293,simulation
1976-11-21,0.067715,simulation
1976-11-22,0.06201993,simulation
1976-11-23,0.059137564,simulation
1976-11-24,0.057708684,simulation
1976-11-25,0.054205086,simulation
1976-11-26,0.05270161,simulation
1976-11-27,0.05637585,simulation
1976-11-28,0.062758796,simulation
1976-11-29,0.24801096,simulation
1976-11-30,0.24021637,simulation
1976-12-01,0.23059396,simulation
1976-12-02,0.21819909,simulation
1976-12-03,0.20929143,simulation
1976-12-04,0.19924423,simulation
1976-12-05,0.18956946,simulation
1976-12-06,0.17976898,simulation
1976-12-07,0.31948745,simulation
1976-12-08,0.31391838,simulation
1976-12-09,0.29832208,simulation
1976-12-10,0.27933627,simulation
1976-12-11,0.2745086,simulation
1976-12-12,0.43016094,simulation
1976-12-13,0.8207185,simulation
1976-12-14,0.78196734,simulation
1976-12-15,0.9074419,simulation
1976-12-16,0.8973555,simulation
1976-12-17,0.8228623,simulation
1976-12-18,0.7648665,simulation
1976-12-19,0.70729434,simulation
1976-12-20,0.70878637,simulation
1976-12-21,1.0284576,simulation
1976-12-22,0.9459764,simulation
1976-12-23,0.90284264,simulation
1976-12-24,0.86014634,simulation
1976-12-25,0.80867475,simulation
1976-12-26,3.0574775,simulation
1976-12-27,2.573132,simulation
1976-12-28,2.2259562,simulation
1976-12-29,1.9943653,simulation
1976-12-30,1.7585777,simulation
1976-12-31,1.6077024,simulation
1977-01-01,1.4658935,simulation
1977-01-02,1.3465977,simulation
1977-01-03,1.9754575,simulation
1977-01-04,3.1156316,simulation
1977-01-05,2.7831066,simulation
1977-01-06,2.4667904,simulation
1977-01-07,2.83364,simulation
1977-01-08,2.519884,simulation
1977-01-09,2.302433,simulation
1977-01-10,11.562643,simulation
1977-01-11,8.24775,simulation
1977-01-12,6.2897234,simulation
1977-01-13,5.1226735,simulation
1977-01-14,6.833861,simulation
1977-01-15,9.860705,simulation
1977-01-16,7.2265215,simulation
1977-01-17,5.6264734,simulation
1977-01-18,4.5584083,simulation
1977-01-19,4.2060122,simulation
1977-01-20,3.5581408,simulation
1977-01-21,2.9656298,simulation
1977-01-22,2.5572326,simulation
1977-01-23,2.276568,simulation
1977-01-24,3.0658062,simulation
1977-01-25,3.1226492,simulation
1977-01-26,2.6787536,simulation
1977-01-27,2.4043562,simulation
1977-01-28,2.159027,simulation
1977-01-29,1.9095573,simulation
1977-01-30,1.6955622,simulation
1977-01-31,1.881268,simulation
1977-02-01,1.7782334,simulation
1977-02-02,1.6245688,simulation
1977-02-03,1.4327245,simulation
1977-02-04,2.0870364,simulation
1977-02-05,1.984487,simulation
1977-02-06,1.6864167,simulation
1977-02-07,1.4736582,simulation
1977-02-08,1.2908274,simulation
1977-02-09,1.2027187,simulation
1977-02-10,1.0645998,simulation
1977-02-11,0.9451461,simulation
1977-02-12,0.9152351,simulation
1977-02-13,1.4589278,simulation
1977-02-14,1.2665794,simulation
1977-02-15,1.0816557,simulation
1977-02-16,0.9940359,simulation
1977-02-17,0.8957354,simulation
1977-02-18,0.80752355,simulation
1977-02-19,0.7441765,simulation
1977-02-20,0.67082375,simulation
1977-02-21,0.5887249,simulation
1977-02-22,0.5128396,simulation
1977-02-23,0.44754001,simulation
1977-02-24,1.7594428,simulation
1977-02-25,1.5298721,simulation
1977-02-26,1.2092218,simulation
1977-02-27,2.419194,simulation
1977-02-28,2.12684,simulation
1977-03-01,1.8122019,simulation
1977-03-02,1.5219097,simulation
1977-03-03,1.3247849,simulation
1977-03-04,12.175573,simulation
1977-03-05,11.225554,simulation
1977-03-06,16.497564,simulation
1977-03-07,13.967784,simulation
1977-03-08,9.084838,simulation
1977-03-09,6.45487,simulation
1977-03-10,5.2390027,simulation
1977-03-11,5.168317,simulation
1977-03-12,4.7679048,simulation
1977-03-13,11.093388,simulation
1977-03-14,7.2237773,simulation
1977-03-15,5.0090923,simulation
1977-03-16,3.9832647,simulation
1977-03-17,3.1199806,simulation
1977-03-18,2.6273017,simulation
1977-03-19,2.13869,simulation
1977-03-20,1.8820944,simulation
1977-03-21,1.5947106,simulation
1977-03-22,3.7106159,simulation
1977-03-23,2.8170063,simulation
1977-03-24,2.227172,simulation
1977-03-25,2.000926,simulation
1977-03-26,1.7110898,simulation
1977-03-27,1.511732,simulation
1977-03-28,1.6305332,simulation
1977-03-29,3.5960722,simulation
1977-03-30,9.516165,simulation
1977-03-31,6.910265,simulation
1977-04-01,16.279314,simulation
1977-04-02,14.8150625,simulation
1977-04-03,10.193689,simulation
1977-04-04,7.865168,simulation
1977-04-05,17.190708,simulation
1977-04-06,10.44513,simulation
1977-04-07,6.8143053,simulation
1977-04-08,4.6097307,simulation
1977-04-09,3.3387916,simulation
1977-04-10,2.448845,simulation
1977-04-11,1.8283074,simulation
1977-04-12,1.3943253,simulation
1977-04-13,1.0796962,simulation
1977-04-14,0.8558986,simulation
1977-04-15,0.69018656,simulation
1977-04-16,0.5712366,simulation
1977-04-17,0.45831951,simulation
1977-04-18,0.4076749,simulation
1977-04-19,0.54208475,simulation
1977-04-20,0.5539133,simulation
1977-04-21,0.7491867,simulation
1977-04-22,8.269779,simulation
1977-04-23,6.694401,simulation
1977-04-24,4.9877396,simulation
1977-04-25,3.980642,simulation
1977-04-26,2.9119687,simulation
1977-04-27,2.2421494,simulation
1977-04-28,1.6846637,simulation
1977-04-29,1.3423166,simulation
1977-04-30,1.0323231,simulation
1977-05-01,0.7930244,simulation
1977-05-02,0.709421,simulation
1977-05-03,1.1702657,simulation
1977-05-04,1.7947831,simulation
1977-05-05,1.5556586,simulation
1977-05-06,1.2989527,simulation
1977-05-07,1.1020045,simulation
1977-05-08,0.98523855,simulation
1977-05-09,0.8951122,simulation
1977-05-10,0.7611131,simulation
1977-05-11,0.58395237,simulation
1977-05-12,0.5189306,simulation
1977-05-13,0.51691157,simulation
1977-05-14,0.44076842,simulation
1977-05-15,0.38520643,simulation
1977-05-16,0.32963556,simulation
1977-05-17,0.2777622,simulation
1977-05-18,0.2422697,simulation
1977-05-19,0.19896242,simulation
1977-05-20,0.15902966,simulation
1977-05-21,0.13699575,simulation
1977-05-22,0.118697286,simulation
1977-05-23,0.10236274,simulation
1977-05-24,0.120702334,simulation
1977-05-25,0.10461469,simulation
1977-05-26,0.088672444,simulation
1977-05-27,0.07475857,simulation
1977-05-28,0.0606242,simulation
1977-05-29,0.048954915,simulation
1977-05-30,0.038807124,simulation
1977-05-31,0.0318898,simulation
1977-06-01,0.052143533,simulation
1977-06-02,0.043775238,simulation
1977-06-03,0.034596704,simulation
1977-06-04,0.026437735,simulation
1977-06-05,0.020759493,simulation
1977-06-06,0.01697746,simulation
1977-06-07,0.012528183,simulation
1977-06-08,0.009621788,simulation
1977-06-09,0.007390879,simulation
1977-06-10,0.0055981847,simulation
1977-06-11,0.004242094,simulation
1977-06-12,0.0032458066,simulation
1977-06-13,0.00245311,simulation
1977-06-14,0.0047203987,simulation
1977-06-15,0.0048132315,simulation
1977-06-16,0.007687654,simulation
1977-06-17,0.008066405,simulation
1977-06-18,0.0071357167,simulation
1977-06-19,0.005737635,simulation
1977-06-20,0.005291668,simulation
1977-06-21,0.004497673,simulation
1977-06-22,0.0034951558,simulation
1977-06-23,0.002651623,simulation
1977-06-24,0.0020904501,simulation
1977-06-25,0.0016822795,simulation
1977-06-26,0.0013353345,simulation
1977-06-27,0.0010809519,simulation
1977-06-28,0.00086851284,simulation
1977-06-29,0.0006835728,simulation
1977-06-30,0.00056087313,simulation
1977-07-01,0.00044943125,simulation
1977-07-02,0.0003639354,simulation
1977-07-03,0.00065106526,simulation
1977-07-04,0.00056773855,simulation
1977-07-05,0.00065484364,simulation
1977-07-06,0.0004963331,simulation
1977-07-07,0.00048443742,simulation
1977-07-08,0.0005550792,simulation
1977-07-09,0.0006659671,simulation
1977-07-10,0.00077547977,simulation
1977-07-11,0.0015924252,simulation
1977-07-12,0.002538067,simulation
1977-07-13,0.0032443523,simulation
1977-07-14,0.0029112166,simulation
1977-07-15,0.002760687,simulation
1977-07-16,0.0038614068,simulation
1977-07-17,0.0029956487,simulation
1977-07-18,0.002609279,simulation
1977-07-19,0.0023284361,simulation
1977-07-20,0.0023093221,simulation
1977-07-21,0.0020923668,simulation
1977-07-22,0.0019630806,simulation
1977-07-23,0.0018091536,simulation
1977-07-24,0.0018311436,simulation
1977-07-25,0.0015638287,simulation
1977-07-26,0.0017865282,simulation
1977-07-27,0.002130032,simulation
1977-07-28,0.003262065,simulation
1977-07-29,0.0052459054,simulation
1977-07-30,0.008789947,simulation
1977-07-31,0.022575017,simulation
1977-08-01,0.02427493,simulation
1977-08-02,0.031126082,simulation
1977-08-03,0.031424947,simulation
1977-08-04,0.0273754,simulation
1977-08-05,0.026484754,simulation
1977-08-06,0.032515086,simulation
1977-08-07,0.027596977,simulation
1977-08-08,0.021609833,simulation
1977-08-09,0.017271308,simulation
1977-08-10,0.014223005,simulation
1977-08-11,0.011560502,simulation
1977-08-12,0.011280793,simulation
1977-08-13,0.009370242,simulation
1977-08-14,0.007671903,simulation
1977-08-15,0.006373714,simulation
1977-08-16,0.0054904367,simulation
1977-08-17,0.0050547374,simulation
1977-08-18,0.00697778,simulation
1977-08-19,0.020485796,simulation
1977-08-20,0.01992507,simulation
1977-08-21,0.018236535,simulation
1977-08-22,0.016223233,simulation
1977-08-23,0.014458711,simulation
1977-08-24,0.012714875,simulation
1977-08-25,0.010983197,simulation
1977-08-26,0.010141787,simulation
1977-08-27,0.008996952,simulation
1977-08-28,0.008555342,simulation
1977-08-29,0.010692196,simulation
1977-08-30,0.008794872,simulation
1977-08-31,0.00733774,simulation
1977-09-01,0.0057714726,simulation
1977-09-02,0.0046153413,simulation
1977-09-03,0.00367178,simulation
1977-09-04,0.0030192884,simulation
1977-09-05,0.0033186781,simulation
1977-09-06,0.0060659917,simulation
1977-09-07,0.14778218,simulation
1977-09-08,0.13613266,simulation
1977-09-09,0.11565677,simulation
1977-09-10,0.11596993,simulation
1977-09-11,0.109303124,simulation
1977-09-12,0.089624934,simulation
1977-09-13,0.10308578,simulation
1977-09-14,0.13547488,simulation
1977-09-15,0.12681974,simulation
1977-09-16,0.15644903,simulation
1977-09-17,0.15017593,simulation
1977-09-18,0.13579945,simulation
1977-09-19,0.1244335,simulation
1977-09-20,0.21948949,simulation
1977-09-21,0.19131243,simulation
1977-09-22,0.15804507,simulation
1977-09-23,0.13365902,simulation
1977-09-24,0.12005499,simulation
1977-09-25,0.109254695,simulation
1977-09-26,0.09948045,simulation
1977-09-27,0.08842036,simulation
1977-09-28,0.08041084,simulation
1977-09-29,0.19609755,simulation
1977-09-30,0.18979175,simulation
1977-10-01,0.16532882,simulation
1977-10-02,0.14881699,simulation
1977-10-03,0.21306129,simulation
1977-10-04,0.17759235,simulation
1977-10-05,0.15960594,simulation
1977-10-06,0.1490501,simulation
1977-10-07,0.12995982,simulation
1977-10-08,0.12528779,simulation
1977-10-09,0.7169936,simulation
1977-10-10,0.59912926,simulation
1977-10-11,0.5662025,simulation
1977-10-12,0.67736477,simulation
1977-10-13,0.5691034,simulation
1977-10-14,0.48963577,simulation
1977-10-15,0.42430943,simulation
1977-10-16,0.396087,simulation
1977-10-17,0.34469151,simulation
1977-10-18,0.29974228,simulation
1977-10-19,0.2567532,simulation
1977-10-20,0.22001895,simulation
1977-10-21,0.21219535,simulation
1977-10-22,0.18578117,simulation
1977-10-23,0.16134831,simulation
1977-10-24,0.14698757,simulation
1977-10-25,0.43956146,simulation
1977-10-26,1.6005119,simulation
1977-10-27,1.4552957,simulation
1977-10-28,1.2218634,simulation
1977-10-29,1.1381629,simulation
1977-10-30,1.0353316,simulation
1977-10-31,0.9059096,simulation
1977-11-01,0.8407672,simulation
1977-11-02,0.7407287,simulation
1977-11-03,1.4608101,simulation
1977-11-04,1.295689,simulation
1977-11-05,5.6553082,simulation
1977-11-06,5.026616,simulation
1977-11-07,4.2656927,simulation
1977-11-08,3.5795183,simulation
1977-11-09,3.1644917,simulation
1977-11-10,3.2912023,simulation
1977-11-11,2.6383183,simulation
1977-11-12,2.1899917,simulation
1977-11-13,1.8504242,simulation
1977-11-14,1.662691,simulation
1977-11-15,1.4220624,simulation
1977-11-16,1.3273013,simulation
1977-11-17,1.2352227,simulation
1977-11-18,1.1132668,simulation
1977-11-19,1.0279258,simulation
1977-11-20,1.1896021,simulation
1977-11-21,1.1832459,simulation
1977-11-22,7.53278,simulation
1977-11-23,6.0154924,simulation
1977-11-24,4.9325113,simulation
1977-11-25,4.1283684,simulation
1977-11-26,3.4951844,simulation
1977-11-27,2.8959687,simulation
1977-11-28,2.903548,simulation
1977-11-29,5.461417,simulation
1977-11-30,11.722895,simulation
1977-12-01,11.701452,simulation
1977-12-02,8.388009,simulation
1977-12-03,6.287065,simulation
1977-12-04,4.940012,simulation
1977-12-05,4.0364313,simulation
1977-12-06,3.1750338,simulation
1977-12-07,2.650157,simulation
1977-12-08,2.2881446,simulation
1977-12-09,1.9844605,simulation
1977-12-10,2.2954504,simulation
1977-12-11,2.0011992,simulation
1977-12-12,1.7753265,simulation
1977-12-13,1.5721213,simulation
1977-12-14,3.7338297,simulation
1977-12-15,3.2345858,simulation
1977-12-16,2.8106785,simulation
1977-12-17,2.449468,simulation
1977-12-18,2.6029563,simulation
1977-12-19,2.2026103,simulation
1977-12-20,1.9492818,simulation
1977-12-21,1.698339,simulation
1977-12-22,1.5379499,simulation
1977-12-23,1.4078118,simulation
1977-12-24,1.3040735,simulation
1977-12-25,1.3891598,simulation
1977-12-26,1.2333587,simulation
1977-12-27,1.1332529,simulation
1977-12-28,1.0441067,simulation
1977-12-29,0.9864176,simulation
1977-12-30,2.430549,simulation
1977-12-31,2.2355256,simulation
1978-01-01,2.0917482,simulation
1978-01-02,1.8972694,simulation
1978-01-03,1.7267175,simulation
1978-01-04,1.567053,simulation
1978-01-05,1.4326872,simulation
1978-01-06,1.4227425,simulation
1978-01-07,1.3212032,simulation
1978-01-08,1.247868,simulation
1978-01-09,2.1716936,simulation
1978-01-10,1.9243399,simulation
1978-01-11,1.7273114,simulation
1978-01-12,1.5839376,simulation
1978-01-13,1.8242267,simulation
1978-01-14,1.6925356,simulation
1978-01-15,1.577993,simulation
1978-01-16,1.4693195,simulation
1978-01-17,3.0782294,simulation
1978-01-18,2.8459527,simulation
1978-01-19,2.6898558,simulation
1978-01-20,3.6068144,simulation
1978-01-21,3.1606898,simulation
1978-01-22,2.8351421,simulation
1978-01-23,2.504954,simulation
1978-01-24,2.2445476,simulation
1978-01-25,8.659761,simulation
1978-01-26,10.748794,simulation
1978-01-27,7.5628915,simulation
1978-01-28,5.917531,simulation
1978-01-29,4.7239,simulation
1978-01-30,3.8372111,simulation
1978-01-31,4.0288506,simulation
1978-02-01,4.7034454,simulation
1978-02-02,9.280082,simulation
1978-02-03,7.0407057,simulation
1978-02-04,5.5482483,simulation
1978-02-05,4.406206,simulation
1978-02-06,3.6084185,simulation
1978-02-07,3.066057,simulation
1978-02-08,2.6759007,simulation
1978-02-09,2.37273,simulation
1978-02-10,2.1310372,simulation
1978-02-11,1.8948977,simulation
1978-02-12,1.6581932,simulation
1978-02-13,2.279688,simulation
1978-02-14,1.9053991,simulation
1978-02-15,1.7148457,simulation
1978-02-16,1.5672553,simulation
1978-02-17,1.3662391,simulation
1978-02-18,1.201728,simulation
1978-02-19,1.1302062,simulation
1978-02-20,1.0282218,simulation
1978-02-21,0.94379073,simulation
1978-02-22,0.8909786,simulation
1978-02-23,0.8051856,simulation
1978-02-24,0.71502876,simulation
1978-02-25,0.6366186,simulation
1978-02-26,0.7381381,simulation
1978-02-27,0.7525257,simulation
1978-02-28,0.711913,simulation
1978-03-01,0.8311543,simulation
1978-03-02,0.79148793,simulation
1978-03-03,0.82031727,simulation
1978-03-04,0.7906362,simulation
1978-03-05,0.7441,simulation
1978-03-06,0.6595032,simulation
1978-03-07,0.61857444,simulation
1978-03-08,1.0178561,simulation
1978-03-09,0.98643976,simulation
1978-03-10,1.0157046,simulation
1978-03-11,0.9425549,simulation
1978-03-12,0.87014276,simulation
1978-03-13,0.80098426,simulation
1978-03-14,1.6601839,simulation
1978-03-15,1.4422132,simulation
1978-03-16,1.2754519,simulation
1978-03-17,1.1403761,simulation
1978-03-18,0.96552956,simulation
1978-03-19,0.7975094,simulation
1978-03-20,0.64673996,simulation
1978-03-21,0.6013057,simulation
1978-03-22,0.6666895,simulation
1978-03-23,0.5664051,simulation
1978-03-24,0.49868914,simulation
1978-03-25,0.7419606,simulation
1978-03-26,0.706189,simulation
1978-03-27,0.67554355,simulation
1978-03-28,0.6015671,simulation
1978-03-29,0.511836,simulation
1978-03-30,0.4484246,simulation
1978-03-31,0.38783887,simulation
1978-04-01,0.31702042,simulation
1978-04-02,0.25111717,simulation
1978-04-03,0.21606217,simulation
1978-04-04,0.19873086,simulation
1978-04-05,0.17808537,simulation
1978-04-06,0.14824565,simulation
1978-04-07,0.14127828,simulation
1978-04-08,0.1214595,simulation
1978-04-09,0.10554698,simulation
1978-04-10,0.100514375,simulation
1978-04-11,0.13517655,simulation
1978-04-12,0.7484315,simulation
1978-04-13,1.1388737,simulation
1978-04-14,1.0544343,simulation
1978-04-15,0.9285563,simulation
1978-04-16,0.7362975,simulation
1978-04-17,0.67459637,simulation
1978-04-18,0.6199833,simulation
1978-04-19,1.606652,simulation
1978-04-20,1.2548125,simulation
1978-04-21,1.0525998,simulation
1978-04-22,0.84022576,simulation
1978-04-23,0.6583517,simulation
1978-04-24,0.61764514,simulation
1978-04-25,0.66537714,simulation
1978-04-26,1.0021015,simulation
1978-04-27,0.7762114,simulation
1978-04-28,0.62604326,simulation
1978-04-29,0.5035111,simulation
1978-04-30,0.42975965,simulation
1978-05-01,0.4152719,simulation
1978-05-02,0.8038788,simulation
1978-05-03,1.1635352,simulation
1978-05-04,3.6917615,simulation
1978-05-05,3.232934,simulation
1978-05-06,2.4267025,simulation
1978-05-07,2.1846406,simulation
1978-05-08,8.60271,simulation
1978-05-09,10.472413,simulation
1978-05-10,6.59925,simulation
1978-05-11,4.5566177,simulation
1978-05-12,3.7591949,simulation
1978-05-13,6.7908425,simulation
1978-05-14,4.832216,simulation
1978-05-15,3.26919,simulation
1978-05-16,2.8657932,simulation
1978-05-17,2.5840533,simulation
1978-05-18,3.7635086,simulation
1978-05-19,3.1708982,simulation
1978-05-20,2.6829283,simulation
1978-05-21,2.2482524,simulation
1978-05-22,1.7641721,simulation
1978-05-23,1.5484987,simulation
1978-05-24,1.2431687,simulation
1978-05-25,0.967397,simulation
1978-05-26,0.74911904,simulation
1978-05-27,0.5709778,simulation
1978-05-28,0.5360141,simulation
1978-05-29,0.6124951,simulation
1978-05-30,0.5325243,simulation
1978-05-31,0.47591668,simulation
1978-06-01,0.42421463,simulation
1978-06-02,0.537706,simulation
1978-06-03,1.5218438,simulation
1978-06-04,1.323327,simulation
1978-06-05,1.0215415,simulation
1978-06-06,0.86516845,simulation
1978-06-07,0.78307027,simulation
1978-06-08,1.2646711,simulation
1978-06-09,1.1524651,simulation
1978-06-10,0.95732063,simulation
1978-06-11,0.7558617,simulation
1978-06-12,0.8164731,simulation
1978-06-13,0.7508186,simulation
1978-06-14,0.6400642,simulation
1978-06-15,0.48755816,simulation
1978-06-16,0.37310174,simulation
1978-06-17,0.31123313,simulation
1978-06-18,0.23782496,simulation
1978-06-19,0.20093627,simulation
1978-06-20,0.2217526,simulation
1978-06-21,0.1823184,simulation
1978-06-22,0.1779811,simulation
1978-06-23,0.14172666,simulation
1978-06-24,0.111163214,simulation
1978-06-25,0.09130015,simulation
1978-06-26,0.08474187,simulation
1978-06-27,0.066082835,simulation
1978-06-28,0.052220684,simulation
1978-06-29,0.040942974,simulation
1978-06-30,0.03583759,simulation
1978-07-01,0.04886494,simulation
1978-07-02,0.04047249,simulation
1978-07-03,0.031137126,simulation
1978-07-04,0.049093213,simulation
1978-07-05,0.03950036,simulation
1978-07-06,0.034076966,simulation
1978-07-07,0.030136531,simulation
1978-07-08,0.031938616,simulation
1978-07-09,0.025852295,simulation
1978-07-10,0.020539055,simulation
1978-07-11,0.019661415,simulation
1978-07-12,0.01649074,simulation
1978-07-13,0.014096228,simulation
1978-07-14,0.013462834,simulation
1978-07-15,0.015247284,simulation
1978-07-16,0.01814424,simulation
1978-07-17,0.014598437,simulation
1978-07-18,0.011136437,simulation
1978-07-19,0.008675582,simulation
1978-07-20,0.007038736,simulation
1978-07-21,0.0055531114,simulation
1978-07-22,0.005686411,simulation
1978-07-23,0.007351205,simulation
1978-07-24,0.007048901,simulation
1978-07-25,0.0101820575,simulation
1978-07-26,0.008315297,simulation
1978-07-27,0.011075267,simulation
1978-07-28,0.012753717,simulation
1978-07-29,0.014455424,simulation
1978-07-30,0.011763577,simulation
1978-07-31,0.01004414,simulation
1978-08-01,0.008205282,simulation
1978-08-02,0.0066885524,simulation
1978-08-03,0.0054346547,simulation
1978-08-04,0.0042089564,simulation
1978-08-05,0.0032830785,simulation
1978-08-06,0.0026564128,simulation
1978-08-07,0.0029350284,simulation
1978-08-08,0.003495873,simulation
1978-08-09,0.0037349933,simulation
1978-08-10,0.010829245,simulation
1978-08-11,0.0103525715,simulation
1978-08-12,0.011540052,simulation
1978-08-13,0.010623408,simulation
1978-08-14,0.027231313,simulation
1978-08-15,0.02475955,simulation
1978-08-16,0.022781294,simulation
1978-08-17,0.01882425,simulation
1978-08-18,0.01491678,simulation
1978-08-19,0.012150158,simulation
1978-08-20,0.010276523,simulation
1978-08-21,0.010670051,simulation
1978-08-22,0.008548876,simulation
1978-08-23,0.006924408,simulation
1978-08-24,0.0056413226,simulation
1978-08-25,0.008131971,simulation
1978-08-26,0.006578289,simulation
1978-08-27,0.005287719,simulation
1978-08-28,0.004822174,simulation
1978-08-29,0.004644078,simulation
1978-08-30,0.006794645,simulation
1978-08-31,0.0064242245,simulation
1978-09-01,0.0056116716,simulation
1978-09-02,0.005373511,simulation
1978-09-03,0.004832931,simulation
1978-09-04,0.004196727,simulation
1978-09-05,0.0033234695,simulation
1978-09-06,0.0026851727,simulation
1978-09-07,0.002242782,simulation
1978-09-08,0.0018666193,simulation
1978-09-09,0.0016095287,simulation
1978-09-10,0.0014919115,simulation
1978-09-11,0.0013553117,simulation
1978-09-12,0.0012768272,simulation
1978-09-13,0.0014160358,simulation
1978-09-14,0.0023169075,simulation
1978-09-15,0.003002221,simulation
1978-09-16,0.0030893635,simulation
1978-09-17,0.002764865,simulation
1978-09-18,0.0023423985,simulation
1978-09-19,0.002001525,simulation
1978-09-20,0.0016796904,simulation
1978-09-21,0.0014049135,simulation
1978-09-22,0.0011698918,simulation
1978-09-23,0.0010133403,simulation
1978-09-24,0.0008580337,simulation
1978-09-25,0.00073447847,simulation
1978-09-26,0.0007067235,simulation
1978-09-27,0.00071901316,simulation
1978-09-28,0.0007508362,simulation
1978-09-29,0.0009258132,simulation
1978-09-30,0.00084140856,simulation
1978-10-01,0.00078814174,simulation
1978-10-02,0.0006669832,simulation
1978-10-03,0.000573794,simulation
1978-10-04,0.00056379614,simulation
1978-10-05,0.00047821095,simulation
1978-10-06,0.00046967296,simulation
1978-10-07,0.00039988453,simulation
1978-10-08,0.00035081292,simulation
1978-10-09,0.0003079708,simulation
1978-10-10,0.00028486634,simulation
1978-10-11,0.00025434972,simulation
1978-10-12,0.0002295891,simulation
1978-10-13,0.00020318945,simulation
1978-10-14,0.0002156399,simulation
1978-10-15,0.00019062705,simulation
1978-10-16,0.00017096156,simulation
1978-10-17,0.00014829385,simulation
1978-10-18,0.00013189077,simulation
1978-10-19,0.000118498545,simulation
1978-10-20,0.00010782816,simulation
1978-10-21,9.578914e-05,simulation
1978-10-22,8.484629e-05,simulation
1978-10-23,7.5354714e-05,simulation
1978-10-24,6.740876e-05,simulation
1978-10-25,6.0712e-05,simulation
1978-10-26,5.4520155e-05,simulation
1978-10-27,5.4102824e-05,simulation
1978-10-28,5.3767715e-05,simulation
1978-10-29,5.1090687e-05,simulation
1978-10-30,4.5688463e-05,simulation
1978-10-31,4.4881046e-05,simulation
1978-11-01,4.0794603e-05,simulation
1978-11-02,3.7006208e-05,simulation
1978-11-03,3.3581015e-05,simulation
1978-11-04,3.056819e-05,simulation
1978-11-05,2.791556e-05,simulation
1978-11-06,2.6955755e-05,simulation
1978-11-07,6.218983e-05,simulation
1978-11-08,6.8056834e-05,simulation
1978-11-09,6.72928e-05,simulation
1978-11-10,6.645475e-05,simulation
1978-11-11,6.435505e-05,simulation
1978-11-12,6.3566724e-05,simulation
1978-11-13,6.266876e-05,simulation
1978-11-14,6.212415e-05,simulation
1978-11-15,6.303077e-05,simulation
1978-11-16,6.6156565e-05,simulation
1978-11-17,6.6618355e-05,simulation
1978-11-18,0.00011382659,simulation
1978-11-19,0.000115146235,simulation
1978-11-20,0.000115131246,simulation
1978-11-21,0.00011298457,simulation
1978-11-22,0.00011353537,simulation
1978-11-23,0.000114812,simulation
1978-11-24,0.000115328934,simulation
1978-11-25,0.00011516598,simulation
1978-11-26,0.00011353766,simulation
1978-11-27,0.00025586665,simulation
1978-11-28,0.00036384168,simulation
1978-11-29,0.00036513526,simulation
1978-11-30,0.0012888128,simulation
1978-12-01,0.0013009135,simulation
1978-12-02,0.0012862451,simulation
1978-12-03,0.0012658078,simulation
1978-12-04,0.0046458384,simulation
1978-12-05,0.007843781,simulation
1978-12-06,0.0076270597,simulation
1978-12-07,0.00740749,simulation
1978-12-08,0.008115818,simulation
1978-12-09,0.02689767,simulation
1978-12-10,0.057676516,simulation
1978-12-11,0.056557156,simulation
1978-12-12,0.055164743,simulation
1978-12-13,0.053572107,simulation
1978-12-14,0.05216646,simulation
1978-12-15,0.051413905,simulation
1978-12-16,0.050604906,simulation
1978-12-17,0.06209681,simulation
1978-12-18,0.059083812,simulation
1978-12-19,0.05781731,simulation
1978-12-20,0.05694321,simulation
1978-12-21,0.08107927,simulation
1978-12-22,0.08388364,simulation
1978-12-23,0.08139957,simulation
1978-12-24,0.07968458,simulation
1978-12-25,0.12207438,simulation
1978-12-26,0.11819678,simulation
1978-12-27,0.1131327,simulation
1978-12-28,0.10992598,simulation
1978-12-29,0.10379044,simulation
1978-12-30,0.12314341,simulation
1978-12-31,0.32867965,simulation
1979-01-01,0.42675585,simulation
1979-01-02,1.0279237,simulation
1979-01-03,0.964017,simulation
1979-01-04,0.9166577,simulation
1979-01-05,0.86772996,simulation
1979-01-06,0.82472426,simulation
1979-01-07,1.9868888,simulation
1979-01-08,3.0962372,simulation
1979-01-09,2.6935358,simulation
1979-01-10,2.381222,simulation
1979-01-11,2.1491754,simulation
1979-01-12,1.9437851,simulation
1979-01-13,1.8789105,simulation
1979-01-14,1.8108059,simulation
1979-01-15,1.6555834,simulation
1979-01-16,1.531337,simulation
1979-01-17,1.4217726,simulation
1979-01-18,1.4186584,simulation
1979-01-19,1.624278,simulation
1979-01-20,3.235236,simulation
1979-01-21,23.181486,simulation
1979-01-22,15.73413,simulation
1979-01-23,10.917879,simulation
1979-01-24,17.412273,simulation
1979-01-25,11.479372,simulation
1979-01-26,8.358246,simulation
1979-01-27,14.458764,simulation
1979-01-28,10.117493,simulation
1979-01-29,7.4444094,simulation
1979-01-30,5.8412476,simulation
1979-01-31,9.492547,simulation
1979-02-01,7.120371,simulation
1979-02-02,5.611244,simulation
1979-02-03,4.534632,simulation
1979-02-04,7.1487513,simulation
1979-02-05,5.7448153,simulation
1979-02-06,6.505584,simulation
1979-02-07,11.666364,simulation
1979-02-08,8.500573,simulation
1979-02-09,6.438038,simulation
1979-02-10,5.0888157,simulation
1979-02-11,4.109991,simulation
1979-02-12,3.4074318,simulation
1979-02-13,2.9266846,simulation
1979-02-14,2.5860977,simulation
1979-02-15,2.2781384,simulation
1979-02-16,2.0074868,simulation
1979-02-17,1.8267009,simulation
1979-02-18,2.910801,simulation
1979-02-19,5.419154,simulation
1979-02-20,4.422324,simulation
1979-02-21,4.3317847,simulation
1979-02-22,3.8148375,simulation
1979-02-23,3.6142478,simulation
1979-02-24,22.11793,simulation
1979-02-25,17.82843,simulation
1979-02-26,12.32745,simulation
1979-02-27,8.250743,simulation
1979-02-28,6.258672,simulation
1979-03-01,6.6197214,simulation
1979-03-02,5.161193,simulation
1979-03-03,8.716144,simulation
1979-03-04,32.788815,simulation
1979-03-05,26.185331,simulation
1979-03-06,17.533728,simulation
1979-03-07,11.161491,simulation
1979-03-08,7.940201,simulation
1979-03-09,5.7280054,simulation
1979-03-10,4.2135935,simulation
1979-03-11,4.8641214,simulation
1979-03-12,3.8174646,simulation
1979-03-13,2.9492917,simulation
1979-03-14,2.4264035,simulation
1979-03-15,1.9227895,simulation
1979-03-16,1.5978175,simulation
1979-03-17,1.4412372,simulation
1979-03-18,1.20402,simulation
1979-03-19,1.0558349,simulation
1979-03-20,0.8937143,simulation
1979-03-21,0.83425987,simulation
1979-03-22,0.7739841,simulation
1979-03-23,2.0156293,simulation
1979-03-24,1.7697034,simulation
1979-03-25,1.4517885,simulation
1979-03-26,1.1886748,simulation
1979-03-27,0.989514,simulation
1979-03-28,0.8331464,simulation
1979-03-29,0.6908206,simulation
1979-03-30,0.63444436,simulation
1979-03-31,0.5911001,simulation
1979-04-01,0.57056415,simulation
1979-04-02,0.5060377,simulation
1979-04-03,2.8051884,simulation
1979-04-04,9.782466,simulation
1979-04-05,7.490955,simulation
1979-04-06,5.1788096,simulation
1979-04-07,3.741364,simulation
1979-04-08,2.9811428,simulation
1979-04-09,3.7303119,simulation
1979-04-10,2.9418364,simulation
1979-04-11,2.5168045,simulation
1979-04-12,2.1357853,simulation
1979-04-13,6.0775986,simulation
1979-04-14,5.129922,simulation
1979-04-15,3.61976,simulation
1979-04-16,2.6467934,simulation
1979-04-17,1.9714676,simulation
1979-04-18,1.6140954,simulation
1979-04-19,1.4636623,simulation
1979-04-20,1.3108286,simulation
1979-04-21,1.2147199,simulation
1979-04-22,1.1374812,simulation
1979-04-23,1.9867177,simulation
1979-04-24,5.333768,simulation
1979-04-25,5.154869,simulation
1979-04-26,4.228301,simulation
1979-04-27,3.8630044,simulation
1979-04-28,3.0310853,simulation
1979-04-29,2.2797549,simulation
1979-04-30,2.04882,simulation
1979-05-01,1.6458718,simulation
1979-05-02,1.4257737,simulation
1979-05-03,1.5688426,simulation
1979-05-04,1.4592043,simulation
1979-05-05,4.0480046,simulation
1979-05-06,3.4546165,simulation
1979-05-07,2.665918,simulation
1979-05-08,2.105618,simulation
1979-05-09,1.7246358,simulation
1979-05-10,1.4508995,simulation
1979-05-11,1.190046,simulation
1979-05-12,1.2821321,simulation
1979-05-13,1.5029829,simulation
1979-05-14,1.3319886,simulation
1979-05-15,1.0196439,simulation
1979-05-16,0.7789511,simulation
1979-05-17,0.5891756,simulation
1979-05-18,0.45154253,simulation
1979-05-19,0.3735191,simulation
1979-05-20,0.3322909,simulation
1979-05-21,0.2849437,simulation
1979-05-22,0.26694763,simulation
1979-05-23,0.35550445,simulation
1979-05-24,1.0065874,simulation
1979-05-25,0.8271959,simulation
1979-05-26,0.6418075,simulation
1979-05-27,0.49842215,simulation
1979-05-28,0.44636056,simulation
1979-05-29,0.40462855,simulation
1979-05-30,1.0599808,simulation
1979-05-31,1.0278643,simulation
1979-06-01,1.0420991,simulation
1979-06-02,0.9032574,simulation
1979-06-03,1.4607619,simulation
1979-06-04,1.7515365,simulation
1979-06-05,1.4390755,simulation
1979-06-06,4.3175483,simulation
1979-06-07,3.78947,simulation
1979-06-08,3.0801759,simulation
1979-06-09,2.2509742,simulation
1979-06-10,1.7198447,simulation
1979-06-11,2.5376167,simulation
1979-06-12,1.7982872,simulation
1979-06-13,1.3189285,simulation
1979-06-14,0.99115646,simulation
1979-06-15,0.74852073,simulation
1979-06-16,0.6078607,simulation
1979-06-17,0.47502652,simulation
1979-06-18,0.37271628,simulation
1979-06-19,0.28550115,simulation
1979-06-20,0.2160116,simulation
1979-06-21,0.16539006,simulation
1979-06-22,0.15936626,simulation
1979-06-23,0.13905914,simulation
1979-06-24,0.16837864,simulation
1979-06-25,0.18465185,simulation
1979-06-26,0.17524986,simulation
1979-06-27,0.15763867,simulation
1979-06-28,0.13203499,simulation
1979-06-29,0.10699962,simulation
1979-06-30,0.103618175,simulation
1979-07-01,0.0881859,simulation
1979-07-02,0.07626975,simulation
1979-07-03,0.06258029,simulation
1979-07-04,0.05043796,simulation
1979-07-05,0.039064948,simulation
1979-07-06,0.031759024,simulation
1979-07-07,0.05261973,simulation
1979-07-08,0.14501886,simulation
1979-07-09,0.1827955,simulation
1979-07-10,0.21229869,simulation
1979-07-11,0.21882954,simulation
1979-07-12,1.4853127,simulation
1979-07-13,1.1666622,simulation
1979-07-14,2.4578936,simulation
1979-07-15,2.1307938,simulation
1979-07-16,1.6745036,simulation
1979-07-17,1.3310632,simulation
1979-07-18,1.055804,simulation
1979-07-19,1.3371956,simulation
1979-07-20,1.2437745,simulation
1979-07-21,3.0518281,simulation
1979-07-22,2.9128325,simulation
1979-07-23,2.2614653,simulation
1979-07-24,1.937048,simulation
1979-07-25,1.9384501,simulation
1979-07-26,1.9236542,simulation
1979-07-27,2.3506198,simulation
1979-07-28,2.1502216,simulation
1979-07-29,1.8323121,simulation
1979-07-30,1.4510815,simulation
1979-07-31,1.1185262,simulation
1979-08-01,0.8731221,simulation
1979-08-02,0.6965111,simulation
1979-08-03,0.6765095,simulation
1979-08-04,0.58217317,simulation
1979-08-05,0.47246486,simulation
1979-08-06,0.39387742,simulation
1979-08-07,0.3082265,simulation
1979-08-08,0.23816502,simulation
1979-08-09,0.23092483,simulation
1979-08-10,0.21495907,simulation
1979-08-11,0.17399997,simulation
1979-08-12,0.56379896,simulation
1979-08-13,0.4947413,simulation
1979-08-14,0.41210473,simulation
1979-08-15,0.33487752,simulation
1979-08-16,0.2729433,simulation
1979-08-17,0.22221161,simulation
1979-08-18,0.17413165,simulation
1979-08-19,0.15048558,simulation
1979-08-20,0.120617494,simulation
1979-08-21,0.11167578,simulation
1979-08-22,0.25721556,simulation
1979-08-23,0.30242637,simulation
1979-08-24,0.27612752,simulation
1979-08-25,0.43547896,simulation
1979-08-26,0.6489067,simulation
1979-08-27,0.5760549,simulation
1979-08-28,0.66686434,simulation
1979-08-29,0.5515971,simulation
1979-08-30,0.45157957,simulation
1979-08-31,0.39983928,simulation
1979-09-01,0.45891097,simulation
1979-09-02,0.3836128,simulation
1979-09-03,0.5391298,simulation
1979-09-04,0.6353226,simulation
1979-09-05,0.5218281,simulation
1979-09-06,0.4369066,simulation
1979-09-07,0.3728983,simulation
1979-09-08,0.31272206,simulation
1979-09-09,0.24560241,simulation
1979-09-10,0.20005214,simulation
1979-09-11,0.15728287,simulation
1979-09-12,0.123030536,simulation
1979-09-13,0.13421378,simulation
1979-09-14,3.992768,simulation
1979-09-15,3.049068,simulation
1979-09-16,2.2329597,simulation
1979-09-17,1.9558357,simulation
1979-09-18,1.8815249,simulation
1979-09-19,1.7211037,simulation
1979-09-20,1.6075937,simulation
1979-09-21,14.140459,simulation
1979-09-22,9.491538,simulation
1979-09-23,6.314663,simulation
1979-09-24,4.3606315,simulation
1979-09-25,3.3592064,simulation
1979-09-26,2.7151434,simulation
1979-09-27,2.3603206,simulation
1979-09-28,1.9954977,simulation
1979-09-29,1.6282169,simulation
1979-09-30,1.3422035,simulation
1979-10-01,1.0947045,simulation
1979-10-02,0.884427,simulation
1979-10-03,0.72871286,simulation
1979-10-04,0.5985505,simulation
1979-10-05,0.55078655,simulation
1979-10-06,0.48788607,simulation
1979-10-07,0.4294173,simulation
1979-10-08,0.35887837,simulation
1979-10-09,0.29537722,simulation
1979-10-10,0.2655894,simulation
1979-10-11,0.24843602,simulation
1979-10-12,0.21404953,simulation
1979-10-13,0.17956622,simulation
1979-10-14,0.15426044,simulation
1979-10-15,0.13231601,simulation
1979-10-16,0.11634304,simulation
1979-10-17,0.105460845,simulation
1979-10-18,0.092625186,simulation
1979-10-19,0.081667915,simulation
1979-10-20,0.07066784,simulation
1979-10-21,0.064298965,simulation
1979-10-22,0.061136365,simulation
1979-10-23,0.06110572,simulation
1979-10-24,0.054266818,simulation
1979-10-25,0.049235445,simulation
1979-10-26,0.044109315,simulation
1979-10-27,0.039275505,simulation
1979-10-28,0.034565296,simulation
1979-10-29,0.035858374,simulation
1979-10-30,0.057355277,simulation
1979-10-31,0.055002663,simulation
1979-11-01,0.18474177,simulation
1979-11-02,0.23145083,simulation
1979-11-03,0.20370007,simulation
1979-11-04,0.18546973,simulation
1979-11-05,0.16736749,simulation
1979-11-06,0.1586109,simulation
1979-11-07,0.15446746,simulation
1979-11-08,0.14016649,simulation
1979-11-09,0.1364799,simulation
1979-11-10,1.0232303,simulation
1979-11-11,1.1172738,simulation
1979-11-12,1.174976,simulation
1979-11-13,1.042259,simulation
1979-11-14,0.92562354,simulation
1979-11-15,0.8323021,simulation
1979-11-16,0.75219685,simulation
1979-11-17,0.67032,simulation
1979-11-18,0.6100827,simulation
1979-11-19,0.56105036,simulation
1979-11-20,0.5028311,simulation
1979-11-21,0.47267216,simulation
1979-11-22,0.44576988,simulation
1979-11-23,0.78146267,simulation
1979-11-24,2.2275188,simulation
1979-11-25,2.167479,simulation
1979-11-26,7.7029853,simulation
1979-11-27,6.103803,simulation
1979-11-28,4.791686,simulation
1979-11-29,3.793038,simulation
1979-11-30,3.1549504,simulation
1979-12-01,2.7571256,simulation
1979-12-02,2.3923717,simulation
1979-12-03,2.0725932,simulation
1979-12-04,1.8844808,simulation
1979-12-05,1.6800772,simulation
1979-12-06,1.4893825,simulation
1979-12-07,1.5111457,simulation
1979-12-08,1.3584243,simulation
1979-12-09,1.2077624,simulation
1979-12-10,1.0807805,simulation
1979-12-11,0.9682401,simulation
1979-12-12,0.9044209,simulation
1979-12-13,1.625861,simulation
1979-12-14,7.102578,simulation
1979-12-15,5.563687,simulation
1979-12-16,4.6968904,simulation
1979-12-17,4.1433105,simulation
1979-12-18,3.4674873,simulation
1979-12-19,2.971812,simulation
1979-12-20,2.613988,simulation
1979-12-21,2.3443215,simulation
1979-12-22,2.1167576,simulation
1979-12-23,2.7968428,simulation
1979-12-24,4.399627,simulation
1979-12-25,5.351736,simulation
1979-12-26,4.2433643,simulation
1979-12-27,3.5635266,simulation
1979-12-28,3.0809703,simulation
1979-12-29,2.710969,simulation
1979-12-30,2.7901862,simulation
1979-12-31,2.501823,simulation
1980-01-01,2.2559419,simulation
1980-01-02,1.9941974,simulation
1980-01-03,1.8114473,simulation
1980-01-04,2.271006,simulation
1980-01-05,2.0663114,simulation
1980-01-06,1.882788,simulation
1980-01-07,1.6709838,simulation
1980-01-08,1.6093651,simulation
1980-01-09,1.7652467,simulation
1980-01-10,1.9733192,simulation
1980-01-11,1.8200005,simulation
1980-01-12,12.364535,simulation
1980-01-13,8.509358,simulation
1980-01-14,6.4908004,simulation
1980-01-15,5.264604,simulation
1980-01-16,4.3495994,simulation
1980-01-17,10.896302,simulation
1980-01-18,8.886021,simulation
1980-01-19,6.810863,simulation
1980-01-20,5.392999,simulation
1980-01-21,4.4472275,simulation
1980-01-22,5.3660455,simulation
1980-01-23,12.564361,simulation
1980-01-24,8.6428175,simulation
1980-01-25,6.4721713,simulation
1980-01-26,5.893704,simulation
1980-01-27,6.534895,simulation
1980-01-28,5.2966175,simulation
1980-01-29,4.390926,simulation
1980-01-30,3.8970704,simulation
1980-01-31,4.468505,simulation
1980-02-01,3.7733543,simulation
1980-02-02,3.142342,simulation
1980-02-03,2.7553303,simulation
1980-02-04,2.4109728,simulation
1980-02-05,2.1356032,simulation
1980-02-06,2.9782467,simulation
1980-02-07,2.5134306,simulation
1980-02-08,2.206741,simulation
1980-02-09,2.9885573,simulation
1980-02-10,17.400219,simulation
1980-02-11,11.831449,simulation
1980-02-12,8.545657,simulation
1980-02-13,6.513536,simulation
1980-02-14,5.1932545,simulation
1980-02-15,4.0535336,simulation
1980-02-16,3.562806,simulation
1980-02-17,3.090999,simulation
1980-02-18,2.5976605,simulation
1980-02-19,2.2569451,simulation
1980-02-20,2.0174763,simulation
1980-02-21,1.7241628,simulation
1980-02-22,1.579672,simulation
1980-02-23,1.3622103,simulation
1980-02-24,1.1895738,simulation
1980-02-25,1.0398008,simulation
1980-02-26,0.8872822,simulation
1980-02-27,0.7762691,simulation
1980-02-28,0.6769339,simulation
1980-02-29,0.5672849,simulation
1980-03-01,0.7540207,simulation
1980-03-02,0.830712,simulation
1980-03-03,0.7426273,simulation
1980-03-04,0.66574544,simulation
1980-03-05,0.98785204,simulation
1980-03-06,0.92366487,simulation
1980-03-07,0.81673175,simulation
1980-03-08,2.0574467,simulation
1980-03-09,1.8213122,simulation
1980-03-10,1.6274103,simulation
1980-03-11,1.45988,simulation
1980-03-12,1.3384058,simulation
1980-03-13,1.5375531,simulation
1980-03-14,1.3992131,simulation
1980-03-15,1.2347382,simulation
1980-03-16,1.1187172,simulation
1980-03-17,2.9934773,simulation
1980-03-18,5.9297814,simulation
1980-03-19,4.3126645,simulation
1980-03-20,7.1624947,simulation
1980-03-21,16.313164,simulation
1980-03-22,10.040454,simulation
1980-03-23,6.710312,simulation
1980-03-24,5.486735,simulation
1980-03-25,5.261777,simulation
1980-03-26,4.291712,simulation
1980-03-27,5.2040296,simulation
1980-03-28,15.955798,simulation
1980-03-29,21.264217,simulation
1980-03-30,32.67513,simulation
1980-03-31,25.379923,simulation
1980-04-01,17.022722,simulation
1980-04-02,10.635665,simulation
1980-04-03,9.168606,simulation
1980-04-04,6.952358,simulation
1980-04-05,4.8291197,simulation
1980-04-06,3.5869477,simulation
1980-04-07,3.5129426,simulation
1980-04-08,4.6666512,simulation
1980-04-09,5.4970217,simulation
1980-04-10,3.8491056,simulation
1980-04-11,2.8086212,simulation
1980-04-12,13.486116,simulation
1980-04-13,28.417751,simulation
1980-04-14,33.396343,simulation
1980-04-15,27.305988,simulation
1980-04-16,17.91075,simulation
1980-04-17,10.916295,simulation
1980-04-18,7.3608108,simulation
1980-04-19,5.685861,simulation
1980-04-20,4.452395,simulation
1980-04-21,3.229981,simulation
1980-04-22,2.4052775,simulation
1980-04-23,1.7757082,simulation
1980-04-24,1.4098755,simulation
1980-04-25,1.1337181,simulation
1980-04-26,6.635358,simulation
1980-04-27,4.947877,simulation
1980-04-28,4.084384,simulation
1980-04-29,3.0580943,simulation
1980-04-30,2.2166088,simulation
1980-05-01,1.9313171,simulation
1980-05-02,2.0551221,simulation
1980-05-03,3.4648433,simulation
1980-05-04,2.8249905,simulation
1980-05-05,2.2032707,simulation
1980-05-06,1.7164484,simulation
1980-05-07,1.3347234,simulation
1980-05-08,1.2482182,simulation
1980-05-09,1.1359917,simulation
1980-05-10,0.86066145,simulation
1980-05-11,0.6547612,simulation
1980-05-12,0.51934874,simulation
1980-05-13,0.46708816,simulation
1980-05-14,0.44838586,simulation
1980-05-15,0.58765876,simulation
1980-05-16,0.5776496,simulation
1980-05-17,4.7596602,simulation
1980-05-18,8.584136,simulation
1980-05-19,7.0836496,simulation
1980-05-20,8.75872,simulation
1980-05-21,6.330343,simulation
1980-05-22,9.473263,simulation
1980-05-23,10.077718,simulation
1980-05-24,7.5472355,simulation
1980-05-25,5.0144086,simulation
1980-05-26,4.772736,simulation
1980-05-27,3.247965,simulation
1980-05-28,2.3540893,simulation
1980-05-29,1.8057631,simulation
1980-05-30,1.4119587,simulation
1980-05-31,1.210214,simulation
1980-06-01,0.9368238,simulation
1980-06-02,0.7275601,simulation
1980-06-03,0.5812233,simulation
1980-06-04,0.47103444,simulation
1980-06-05,0.3716982,simulation
1980-06-06,0.30653235,simulation
1980-06-07,0.24330394,simulation
1980-06-08,0.21437515,simulation
1980-06-09,0.3843659,simulation
1980-06-10,0.34355828,simulation
1980-06-11,0.26105958,simulation
1980-06-12,0.19983764,simulation
1980-06-13,0.1558995,simulation
1980-06-14,0.119537495,simulation
1980-06-15,0.090801015,simulation
1980-06-16,0.06853876,simulation
1980-06-17,0.051418062,simulation
1980-06-18,0.040056612,simulation
1980-06-19,0.036734063,simulation
1980-06-20,0.055005226,simulation
1980-06-21,0.05307518,simulation
1980-06-22,0.047623016,simulation
1980-06-23,0.04070993,simulation
1980-06-24,0.0377841,simulation
1980-06-25,0.08495622,simulation
1980-06-26,0.07659165,simulation
1980-06-27,0.094167605,simulation
1980-06-28,0.07619457,simulation
1980-06-29,0.06488103,simulation
1980-06-30,0.059840556,simulation
1980-07-01,0.046655137,simulation
1980-07-02,0.034994557,simulation
1980-07-03,0.027187536,simulation
1980-07-04,0.022589589,simulation
1980-07-05,0.017137045,simulation
1980-07-06,0.013466467,simulation
1980-07-07,0.0104635125,simulation
1980-07-08,0.011141225,simulation
1980-07-09,0.010229713,simulation
1980-07-10,0.007874934,simulation
1980-07-11,0.0061460366,simulation
1980-07-12,0.00458477,simulation
1980-07-13,0.003447255,simulation
1980-07-14,0.0025297594,simulation
1980-07-15,0.0018539258,simulation
1980-07-16,0.0013777926,simulation
1980-07-17,0.0018511161,simulation
1980-07-18,0.001636799,simulation
1980-07-19,0.0017165283,simulation
1980-07-20,0.0024421955,simulation
1980-07-21,0.023695657,simulation
1980-07-22,0.03054533,simulation
1980-07-23,0.060663354,simulation
1980-07-24,0.060329955,simulation
1980-07-25,0.050747145,simulation
1980-07-26,0.04370636,simulation
1980-07-27,0.037381295,simulation
1980-07-28,0.050806366,simulation
1980-07-29,0.05013274,simulation
1980-07-30,0.04016474,simulation
1980-07-31,0.030522404,simulation
1980-08-01,0.023939842,simulation
1980-08-02,0.018753039,simulation
1980-08-03,0.017445829,simulation
1980-08-04,0.019793086,simulation
1980-08-05,0.017052036,simulation
1980-08-06,0.013995975,simulation
1980-08-07,0.011065493,simulation
1980-08-08,0.008586473,simulation
1980-08-09,0.0066052713,simulation
1980-08-10,0.0072248834,simulation
1980-08-11,0.009734371,simulation
1980-08-12,0.008985559,simulation
1980-08-13,0.007238526,simulation
1980-08-14,0.0066124075,simulation
1980-08-15,0.0054198806,simulation
1980-08-16,0.00437558,simulation
1980-08-17,0.0037364278,simulation
1980-08-18,0.0031348958,simulation
1980-08-19,0.0025547766,simulation
1980-08-20,0.0020762659,simulation
1980-08-21,0.001682379,simulation
1980-08-22,0.0013282988,simulation
1980-08-23,0.0009865741,simulation
1980-08-24,0.000769063,simulation
1980-08-25,0.0006231536,simulation
1980-08-26,0.0005196626,simulation
1980-08-27,0.00044679604,simulation
1980-08-28,0.0005918684,simulation
1980-08-29,0.00070663757,simulation
1980-08-30,0.0006094413,simulation
1980-08-31,0.0006615345,simulation
1980-09-01,0.00054593955,simulation
1980-09-02,0.00045619713,simulation
1980-09-03,0.00044084684,simulation
1980-09-04,0.00036225768,simulation
1980-09-05,0.00031151366,simulation
1980-09-06,0.0002829096,simulation
1980-09-07,0.00027103533,simulation
1980-09-08,0.00022624875,simulation
1980-09-09,0.0001966215,simulation
1980-09-10,0.00016155139,simulation
1980-09-11,0.00013088835,simulation
1980-09-12,0.00010874235,simulation
1980-09-13,9.114869e-05,simulation
1980-09-14,7.6086144e-05,simulation
1980-09-15,6.324338e-05,simulation
1980-09-16,5.115499e-05,simulation
1980-09-17,4.2540698e-05,simulation
1980-09-18,7.142408e-05,simulation
1980-09-19,6.95316e-05,simulation
1980-09-20,7.0270304e-05,simulation
1980-09-21,6.8967565e-05,simulation
1980-09-22,6.409294e-05,simulation
1980-09-23,5.559521e-05,simulation
1980-09-24,4.806184e-05,simulation
1980-09-25,4.5289493e-05,simulation
1980-09-26,4.1534673e-05,simulation
1980-09-27,4.1005467e-05,simulation
1980-09-28,3.8638642e-05,simulation
1980-09-29,4.0934727e-05,simulation
1980-09-30,0.00017951072,simulation
1980-10-01,0.0002018292,simulation
1980-10-02,0.00019474304,simulation
1980-10-03,0.00017225527,simulation
1980-10-04,0.00015425123,simulation
1980-10-05,0.00013459983,simulation
1980-10-06,0.00011518576,simulation
1980-10-07,0.000100770245,simulation
1980-10-08,8.897217e-05,simulation
1980-10-09,7.768459e-05,simulation
1980-10-10,6.8757734e-05,simulation
1980-10-11,6.0879855e-05,simulation
1980-10-12,5.1982694e-05,simulation
1980-10-13,4.5878438e-05,simulation
1980-10-14,4.0916282e-05,simulation
1980-10-15,3.6212634e-05,simulation
1980-10-16,3.2188716e-05,simulation
1980-10-17,3.2162432e-05,simulation
1980-10-18,0.00012229272,simulation
1980-10-19,0.0003663911,simulation
1980-10-20,0.00037371187,simulation
1980-10-21,0.00037519747,simulation
1980-10-22,0.00034945348,simulation
1980-10-23,0.00031209824,simulation
1980-10-24,0.00029244687,simulation
1980-10-25,0.00048391518,simulation
1980-10-26,0.00044023557,simulation
1980-10-27,0.00043371844,simulation
1980-10-28,0.0014557816,simulation
1980-10-29,0.0015033216,simulation
1980-10-30,0.0015167755,simulation
1980-10-31,0.0013899085,simulation
1980-11-01,0.0012889642,simulation
1980-11-02,0.0012900812,simulation
1980-11-03,0.0012896559,simulation
1980-11-04,0.001283421,simulation
1980-11-05,0.0012089213,simulation
1980-11-06,0.0011069294,simulation
1980-11-07,0.0010040329,simulation
1980-11-08,0.00089407095,simulation
1980-11-09,0.00081209175,simulation
1980-11-10,0.00078978523,simulation
1980-11-11,0.00078310014,simulation
1980-11-12,0.00072738994,simulation
1980-11-13,0.00070451834,simulation
1980-11-14,0.00069045165,simulation
1980-11-15,0.0030163683,simulation
1980-11-16,0.004710429,simulation
1980-11-17,0.007977671,simulation
1980-11-18,0.012839631,simulation
1980-11-19,0.01280529,simulation
1980-11-20,0.012539659,simulation
1980-11-21,0.012458026,simulation
1980-11-22,0.012364858,simulation
1980-11-23,0.0411539,simulation
1980-11-24,0.07239957,simulation
1980-11-25,0.071963064,simulation
1980-11-26,0.069505155,simulation
1980-11-27,0.24625592,simulation
1980-11-28,0.24202219,simulation
1980-11-29,0.2339494,simulation
1980-11-30,0.21929108,simulation
1980-12-01,0.2014136,simulation
1980-12-02,0.19103874,simulation
1980-12-03,0.18649553,simulation
1980-12-04,0.17353247,simulation
1980-12-05,0.16369519,simulation
1980-12-06,0.15712951,simulation
1980-12-07,0.15109958,simulation
1980-12-08,0.14666238,simulation
1980-12-09,0.14092219,simulation
1980-12-10,0.35382047,simulation
1980-12-11,0.34392795,simulation
1980-12-12,0.33057705,simulation
1980-12-13,0.31026524,simulation
1980-12-14,0.30001956,simulation
1980-12-15,0.28927734,simulation
1980-12-16,0.291973,simulation
1980-12-17,0.28722835,simulation
1980-12-18,0.27133283,simulation
1980-12-19,0.24773365,simulation
1980-12-20,0.24258766,simulation
1980-12-21,0.2335987,simulation
1980-12-22,0.2224968,simulation
1980-12-23,0.21757758,simulation
1980-12-24,0.21224608,simulation
1980-12-25,0.25701225,simulation
1980-12-26,0.2440734,simulation
1980-12-27,0.23873591,simulation
1980-12-28,0.22729662,simulation
1980-12-29,0.21869452,simulation
1980-12-30,0.20891221,simulation
1980-12-31,0.20097047,simulation
1981-01-01,0.19291559,simulation
1981-01-02,0.18386711,simulation
1981-01-03,0.1763518,simulation
1981-01-04,0.16767992,simulation
1981-01-05,0.15642099,simulation
1981-01-06,0.1518747,simulation
1981-01-07,0.32570976,simulation
1981-01-08,0.3148606,simulation
1981-01-09,0.3037783,simulation
1981-01-10,0.30576992,simulation
1981-01-11,0.2860671,simulation
1981-01-12,0.27774444,simulation
1981-01-13,0.26489788,simulation
1981-01-14,0.24705997,simulation
1981-01-15,0.23647839,simulation
1981-01-16,0.22435221,simulation
1981-01-17,0.21288234,simulation
1981-01-18,0.20313713,simulation
1981-01-19,0.19540636,simulation
1981-01-20,0.20893764,simulation
1981-01-21,0.4258026,simulation
1981-01-22,0.41551504,simulation
1981-01-23,0.40604433,simulation
1981-01-24,0.3822698,simulation
1981-01-25,0.35574162,simulation
1981-01-26,0.32990763,simulation
1981-01-27,0.31712186,simulation
1981-01-28,0.4514594,simulation
1981-01-29,0.41586068,simulation
1981-01-30,0.38149816,simulation
1981-01-31,0.3697057,simulation
1981-02-01,0.35819173,simulation
1981-02-02,1.320233,simulation
1981-02-03,1.1968144,simulation
1981-02-04,1.098206,simulation
1981-02-05,1.0265388,simulation
1981-02-06,1.5194674,simulation
1981-02-07,1.6667255,simulation
1981-02-08,1.5595387,simulation
1981-02-09,1.4027318,simulation
1981-02-10,1.2740846,simulation
1981-02-11,3.511266,simulation
1981-02-12,2.9437647,simulation
1981-02-13,2.5638523,simulation
1981-02-14,2.2636504,simulation
1981-02-15,2.0267315,simulation
1981-02-16,2.3172805,simulation
1981-02-17,2.5614562,simulation
1981-02-18,2.3045635,simulation
1981-02-19,2.0867264,simulation
1981-02-20,1.8410102,simulation
1981-02-21,1.532146,simulation
1981-02-22,1.3975978,simulation
1981-02-23,1.3560698,simulation
1981-02-24,1.1335247,simulation
1981-02-25,0.9674489,simulation
1981-02-26,0.8868096,simulation
1981-02-27,0.7565564,simulation
1981-02-28,0.6424822,simulation
1981-03-01,0.5803033,simulation
1981-03-02,0.68192935,simulation
1981-03-03,0.6043893,simulation
1981-03-04,0.5724993,simulation
1981-03-05,5.5962486,simulation
1981-03-06,4.2167172,simulation
1981-03-07,3.3639517,simulation
1981-03-08,2.8217883,simulation
1981-03-09,2.3818705,simulation
1981-03-10,1.9375708,simulation
1981-03-11,1.7170429,simulation
1981-03-12,1.456302,simulation
1981-03-13,1.3000517,simulation
1981-03-14,1.193442,simulation
1981-03-15,0.98289657,simulation
1981-03-16,0.92552,simulation
1981-03-17,0.7596624,simulation
1981-03-18,0.633194,simulation
1981-03-19,0.6320359,simulation
1981-03-20,0.52785134,simulation
1981-03-21,0.45945922,simulation
1981-03-22,1.9616435,simulation
1981-03-23,2.1851926,simulation
1981-03-24,1.7590027,simulation
1981-03-25,1.4256049,simulation
1981-03-26,1.2520146,simulation
1981-03-27,1.0168058,simulation
1981-03-28,0.88232535,simulation
1981-03-29,0.7988901,simulation
1981-03-30,9.466932,simulation
1981-03-31,8.679969,simulation
1981-04-01,13.323053,simulation
1981-04-02,10.709443,simulation
1981-04-03,7.0030603,simulation
1981-04-04,5.2457485,simulation
1981-04-05,6.573252,simulation
1981-04-06,4.5359306,simulation
1981-04-07,3.3327656,simulation
1981-04-08,2.7244823,simulation
1981-04-09,2.3458161,simulation
1981-04-10,1.9644699,simulation
1981-04-11,1.5979149,simulation
1981-04-12,1.4155388,simulation
1981-04-13,1.2330043,simulation
1981-04-14,1.0516341,simulation
1981-04-15,0.9203298,simulation
1981-04-16,0.71990895,simulation
1981-04-17,0.64279723,simulation
1981-04-18,0.6041023,simulation
1981-04-19,0.5596514,simulation
1981-04-20,0.49974123,simulation
1981-04-21,0.4336758,simulation
1981-04-22,0.36644527,simulation
1981-04-23,0.34830046,simulation
1981-04-24,0.5266769,simulation
1981-04-25,0.4827799,simulation
1981-04-26,0.43693054,simulation
1981-04-27,0.34301102,simulation
1981-04-28,0.2677285,simulation
1981-04-29,0.2555804,simulation
1981-04-30,0.23616613,simulation
1981-05-01,0.24165499,simulation
1981-05-02,0.22480246,simulation
1981-05-03,0.1901025,simulation
1981-05-04,0.16858517,simulation
1981-05-05,0.15501627,simulation
1981-05-06,0.17354883,simulation
1981-05-07,0.17578016,simulation
1981-05-08,0.1704907,simulation
1981-05-09,0.15716313,simulation
1981-05-10,0.15172796,simulation
1981-05-11,0.1954212,simulation
1981-05-12,0.1706201,simulation
1981-05-13,0.13466623,simulation
1981-05-14,0.10755015,simulation
1981-05-15,0.14349997,simulation
1981-05-16,0.11435193,simulation
1981-05-17,0.13542493,simulation
1981-05-18,0.113389656,simulation
1981-05-19,0.17480604,simulation
1981-05-20,0.3866637,simulation
1981-05-21,0.36947036,simulation
1981-05-22,0.30048454,simulation
1981-05-23,0.26082513,simulation
1981-05-24,0.24081536,simulation
1981-05-25,0.20818149,simulation
1981-05-26,0.29573563,simulation
1981-05-27,0.43547305,simulation
1981-05-28,0.39402655,simulation
1981-05-29,0.303608,simulation
1981-05-30,0.24516423,simulation
1981-05-31,0.21627954,simulation
1981-06-01,0.1895058,simulation
1981-06-02,0.17531596,simulation
1981-06-03,0.41875544,simulation
1981-06-04,0.48664424,simulation
1981-06-05,0.5407432,simulation
1981-06-06,0.5423061,simulation
1981-06-07,0.46764165,simulation
1981-06-08,0.45030144,simulation
1981-06-09,0.41434595,simulation
1981-06-10,0.34901527,simulation
1981-06-11,0.30030295,simulation
1981-06-12,0.40803832,simulation
1981-06-13,0.5239469,simulation
1981-06-14,0.4389776,simulation
1981-06-15,0.35273975,simulation
1981-06-16,0.28092095,simulation
1981-06-17,0.22227018,simulation
1981-06-18,0.18968096,simulation
1981-06-19,0.14286825,simulation
1981-06-20,0.116300374,simulation
1981-06-21,0.100100555,simulation
1981-06-22,0.076336056,simulation
1981-06-23,0.059938602,simulation
1981-06-24,0.0620103,simulation
1981-06-25,0.06658874,simulation
1981-06-26,0.06905091,simulation
1981-06-27,0.05621608,simulation
1981-06-28,0.04503113,simulation
1981-06-29,0.034622207,simulation
1981-06-30,0.028750977,simulation
1981-07-01,0.024110748,simulation
1981-07-02,0.13026495,simulation
1981-07-03,0.1852269,simulation
1981-07-04,0.16796942,simulation
1981-07-05,0.16513346,simulation
1981-07-06,0.27643943,simulation
1981-07-07,0.32340375,simulation
1981-07-08,0.26186162,simulation
1981-07-09,0.21219736,simulation
1981-07-10,0.16125177,simulation
1981-07-11,0.16507313,simulation
1981-07-12,0.16346861,simulation
1981-07-13,0.12940918,simulation
1981-07-14,0.10145541,simulation
1981-07-15,0.08105961,simulation
1981-07-16,0.06317096,simulation
1981-07-17,0.050808,simulation
1981-07-18,0.04153564,simulation
1981-07-19,0.034546874,simulation
1981-07-20,0.027018119,simulation
1981-07-21,0.020915868,simulation
1981-07-22,0.01706288,simulation
1981-07-23,0.013219451,simulation
1981-07-24,0.010060073,simulation
1981-07-25,0.010744537,simulation
1981-07-26,0.011388971,simulation
1981-07-27,0.009400963,simulation
1981-07-28,0.010338481,simulation
1981-07-29,0.008582959,simulation
1981-07-30,0.009120569,simulation
1981-07-31,0.0074046133,simulation
1981-08-01,0.00574302,simulation
1981-08-02,0.004728309,simulation
1981-08-03,0.0039036367,simulation
1981-08-04,0.0032405888,simulation
1981-08-05,0.0030927192,simulation
1981-08-06,0.0025179351,simulation
1981-08-07,0.0029914486,simulation
1981-08-08,0.003496418,simulation
1981-08-09,0.002986257,simulation
1981-08-10,0.0024688537,simulation
1981-08-11,0.0021244439,simulation
1981-08-12,0.0016904634,simulation
1981-08-13,0.0013399776,simulation
1981-08-14,0.0011813584,simulation
1981-08-15,0.0010214461,simulation
1981-08-16,0.0008094279,simulation
1981-08-17,0.0010744361,simulation
1981-08-18,0.0011952218,simulation
1981-08-19,0.0010740095,simulation
1981-08-20,0.0011613646,simulation
1981-08-21,0.0011333838,simulation
1981-08-22,0.0010701237,simulation
1981-08-23,0.001054302,simulation
1981-08-24,0.0009372213,simulation
1981-08-25,0.0008560716,simulation
1981-08-26,0.0007001117,simulation
1981-08-27,0.0005589889,simulation
1981-08-28,0.00045893708,simulation
1981-08-29,0.0004428015,simulation
1981-08-30,0.0013106308,simulation
1981-08-31,0.0013543365,simulation
1981-09-01,0.0025716089,simulation
1981-09-02,0.0025124985,simulation
1981-09-03,0.009232362,simulation
1981-09-04,0.021308318,simulation
1981-09-05,0.021903586,simulation
1981-09-06,0.01751921,simulation
1981-09-07,0.01460495,simulation
1981-09-08,0.012060326,simulation
1981-09-09,0.011217422,simulation
1981-09-10,0.008993751,simulation
1981-09-11,0.007316316,simulation
1981-09-12,0.005927872,simulation
1981-09-13,0.005093081,simulation
1981-09-14,0.0057861325,simulation
1981-09-15,0.006734445,simulation
1981-09-16,0.008864371,simulation
1981-09-17,0.007978619,simulation
1981-09-18,0.0066561364,simulation
1981-09-19,0.005566996,simulation
1981-09-20,0.004744597,simulation
1981-09-21,0.0042723753,simulation
1981-09-22,0.0036381504,simulation
1981-09-23,0.0030447105,simulation
1981-09-24,0.0025029536,simulation
1981-09-25,0.0021298167,simulation
1981-09-26,0.001809043,simulation
1981-09-27,0.0015799606,simulation
1981-09-28,0.0013492351,simulation
1981-09-29,0.0011246765,simulation
1981-09-30,0.00092661445,simulation
1981-10-01,0.0007709246,simulation
1981-10-02,0.0007089142,simulation
1981-10-03,0.0005753539,simulation
1981-10-04,0.0005047875,simulation
1981-10-05,0.0004266514,simulation
1981-10-06,0.00035676756,simulation
1981-10-07,0.00033539446,simulation
1981-10-08,0.00033784297,simulation
1981-10-09,0.00074870186,simulation
1981-10-10,0.0007914775,simulation
1981-10-11,0.0009144619,simulation
1981-10-12,0.0009054549,simulation
1981-10-13,0.0009107143,simulation
1981-10-14,0.0007990613,simulation
1981-10-15,0.00081096665,simulation
1981-10-16,0.00076217396,simulation
1981-10-17,0.00071611576,simulation
1981-10-18,0.0006415652,simulation
1981-10-19,0.0007365138,simulation
1981-10-20,0.00064914423,simulation
1981-10-21,0.00058230537,simulation
1981-10-22,0.00056520227,simulation
1981-10-23,0.0005617796,simulation
1981-10-24,0.0009315793,simulation
1981-10-25,0.00089679926,simulation
1981-10-26,0.0036687516,simulation
1981-10-27,0.004180619,simulation
1981-10-28,0.0040081623,simulation
1981-10-29,0.0038794295,simulation
1981-10-30,0.0035191174,simulation
1981-10-31,0.0033420578,simulation
1981-11-01,0.0031575332,simulation
1981-11-02,0.0031161003,simulation
1981-11-03,0.0030977768,simulation
1981-11-04,0.0029554241,simulation
1981-11-05,0.002936033,simulation
1981-11-06,0.003146394,simulation
1981-11-07,0.0028304132,simulation
1981-11-08,0.0026750779,simulation
1981-11-09,0.0024407094,simulation
1981-11-10,0.003323253,simulation
1981-11-11,0.0031647542,simulation
1981-11-12,0.0029010694,simulation
1981-11-13,0.0028706319,simulation
1981-11-14,0.0028471188,simulation
1981-11-15,0.0026712834,simulation
1981-11-16,0.0026106765,simulation
1981-11-17,0.002597294,simulation
1981-11-18,0.0024727078,simulation
1981-11-19,0.0023144498,simulation
1981-11-20,0.0023742781,simulation
1981-11-21,0.0022516367,simulation
1981-11-22,0.0022159482,simulation
1981-11-23,0.002159032,simulation
1981-11-24,0.0022589902,simulation
1981-11-25,0.0021745753,simulation
1981-11-26,0.0020367159,simulation
1981-11-27,0.002023199,simulation
1981-11-28,0.0025478527,simulation
1981-11-29,0.0025084647,simulation
1981-11-30,0.0028892362,simulation
1981-12-01,0.008622046,simulation
1981-12-02,0.008156498,simulation
1981-12-03,0.007859287,simulation
1981-12-04,0.0072270343,simulation
1981-12-05,0.006583541,simulation
1981-12-06,0.006382902,simulation
1981-12-07,0.006368304,simulation
1981-12-08,0.006075854,simulation
1981-12-09,0.005571248,simulation
1981-12-10,0.0052418755,simulation
1981-12-11,0.0050790505,simulation
1981-12-12,0.005184446,simulation
1981-12-13,0.010626592,simulation
1981-12-14,0.02356805,simulation
1981-12-15,0.07576398,simulation
1981-12-16,0.073203355,simulation
1981-12-17,0.069533914,simulation
1981-12-18,0.07303087,simulation
1981-12-19,0.0702396,simulation
1981-12-20,0.068333104,simulation
1981-12-21,0.06676057,simulation
1981-12-22,0.08171772,simulation
1981-12-23,0.10312075,simulation
1981-12-24,0.108714335,simulation
1981-12-25,0.205308,simulation
1981-12-26,0.19925426,simulation
1981-12-27,0.1960412,simulation
1981-12-28,0.18838182,simulation
1981-12-29,0.18390474,simulation
1981-12-30,0.17625897,simulation
1981-12-31,0.20269851,simulation
1982-01-01,0.8918068,simulation
1982-01-02,0.86080056,simulation
1982-01-03,0.87963146,simulation
1982-01-04,2.468786,simulation
1982-01-05,2.0585313,simulation
1982-01-06,1.7904973,simulation
1982-01-07,1.633883,simulation
1982-01-08,2.5452194,simulation
1982-01-09,2.2560806,simulation
1982-01-10,1.9805205,simulation
1982-01-11,1.748553,simulation
1982-01-12,1.5918477,simulation
1982-01-13,2.239417,simulation
1982-01-14,2.9500303,simulation
1982-01-15,2.627833,simulation
1982-01-16,2.9326518,simulation
1982-01-17,2.5660887,simulation
1982-01-18,2.2597013,simulation
1982-01-19,2.1780992,simulation
1982-01-20,1.9217753,simulation
1982-01-21,1.7684993,simulation
1982-01-22,1.6527246,simulation
1982-01-23,1.5095133,simulation
1982-01-24,2.7425933,simulation
1982-01-25,2.341072,simulation
1982-01-26,2.0539727,simulation
1982-01-27,1.769607,simulation
1982-01-28,1.5629046,simulation
1982-01-29,1.4421234,simulation
1982-01-30,1.3046384,simulation
1982-01-31,1.602564,simulation
1982-02-01,1.8729804,simulation
1982-02-02,1.696116,simulation
1982-02-03,8.917988,simulation
1982-02-04,7.3717256,simulation
1982-02-05,5.7890983,simulation
1982-02-06,4.703438,simulation
1982-02-07,4.437302,simulation
1982-02-08,3.6456444,simulation
1982-02-09,3.151204,simulation
1982-02-10,4.305044,simulation
1982-02-11,3.5320363,simulation
1982-02-12,2.8800526,simulation
1982-02-13,2.869414,simulation
1982-02-14,2.5346358,simulation
1982-02-15,2.238565,simulation
1982-02-16,6.5866075,simulation
1982-02-17,13.980938,simulation
1982-02-18,9.660912,simulation
1982-02-19,7.039829,simulation
1982-02-20,5.293383,simulation
1982-02-21,4.2527404,simulation
1982-02-22,3.2307096,simulation
1982-02-23,2.5794632,simulation
1982-02-24,2.0756185,simulation
1982-02-25,1.7515528,simulation
1982-02-26,1.5624465,simulation
1982-02-27,4.731553,simulation
1982-02-28,4.1065216,simulation
1982-03-01,3.5362303,simulation
1982-03-02,2.919183,simulation
1982-03-03,2.3924832,simulation
1982-03-04,2.0929317,simulation
1982-03-05,1.8381472,simulation
1982-03-06,1.655316,simulation
1982-03-07,3.7185843,simulation
1982-03-08,3.0365674,simulation
1982-03-09,2.447315,simulation
1982-03-10,2.126511,simulation
1982-03-11,1.7891248,simulation
1982-03-12,1.6109062,simulation
1982-03-13,1.4284031,simulation
1982-03-14,1.318337,simulation
1982-03-15,1.164857,simulation
1982-03-16,1.0050727,simulation
1982-03-17,0.8908064,simulation
1982-03-18,0.8204224,simulation
1982-03-19,0.73246586,simulation
1982-03-20,0.6040082,simulation
1982-03-21,0.52613735,simulation
1982-03-22,1.1071293,simulation
1982-03-23,1.0649147,simulation
1982-03-24,0.9482697,simulation
1982-03-25,1.356587,simulation
1982-03-26,1.2291106,simulation
1982-03-27,1.0093659,simulation
1982-03-28,0.9170822,simulation
1982-03-29,0.7822575,simulation
1982-03-30,0.6998277,simulation
1982-03-31,0.759647,simulation
1982-04-01,1.5093747,simulation
1982-04-02,1.3105788,simulation
1982-04-03,1.1603535,simulation
1982-04-04,0.95348006,simulation
1982-04-05,0.8718313,simulation
1982-04-06,0.9107095,simulation
1982-04-07,0.74781054,simulation
1982-04-08,0.6439393,simulation
1982-04-09,0.5994991,simulation
1982-04-10,0.51762986,simulation
1982-04-11,0.47957218,simulation
1982-04-12,0.39287135,simulation
1982-04-13,0.33005166,simulation
1982-04-14,0.30378875,simulation
1982-04-15,0.28437418,simulation
1982-04-16,0.28681183,simulation
1982-04-17,0.25677747,simulation
1982-04-18,0.420531,simulation
1982-04-19,0.36227554,simulation
1982-04-20,0.9856036,simulation
1982-04-21,4.3786607,simulation
1982-04-22,4.4692197,simulation
1982-04-23,3.6476736,simulation
1982-04-24,2.7146235,simulation
1982-04-25,2.3787186,simulation
1982-04-26,6.740476,simulation
1982-04-27,4.8466616,simulation
1982-04-28,3.768806,simulation
1982-04-29,2.8691316,simulation
1982-04-30,3.2981489,simulation
1982-05-01,2.8906658,simulation
1982-05-02,2.4887173,simulation
1982-05-03,2.1737943,simulation
1982-05-04,1.6697156,simulation
1982-05-05,1.2905446,simulation
1982-05-06,1.0574983,simulation
1982-05-07,0.89969325,simulation
1982-05-08,1.0983162,simulation
1982-05-09,0.85521394,simulation
1982-05-10,0.65799034,simulation
1982-05-11,0.5602186,simulation
1982-05-12,0.44644082,simulation
1982-05-13,0.39359212,simulation
1982-05-14,0.3335976,simulation
1982-05-15,0.31506371,simulation
1982-05-16,0.26464427,simulation
1982-05-17,0.21084246,simulation
1982-05-18,0.17353812,simulation
1982-05-19,0.15849961,simulation
1982-05-20,0.1338205,simulation
1982-05-21,0.11211157,simulation
1982-05-22,0.08945916,simulation
1982-05-23,0.18379782,simulation
1982-05-24,0.15496276,simulation
1982-05-25,0.18432528,simulation
1982-05-26,0.18932785,simulation
1982-05-27,0.17147964,simulation
1982-05-28,0.14269832,simulation
1982-05-29,0.12660746,simulation
1982-05-30,0.0996491,simulation
1982-05-31,0.07776072,simulation
1982-06-01,0.06899009,simulation
1982-06-02,0.0590296,simulation
1982-06-03,0.045877308,simulation
1982-06-04,0.03707009,simulation
1982-06-05,0.030923387,simulation
1982-06-06,0.025324315,simulation
1982-06-07,0.020328814,simulation
1982-06-08,0.016275262,simulation
1982-06-09,0.013951543,simulation
1982-06-10,0.011170313,simulation
1982-06-11,0.0095151905,simulation
1982-06-12,0.008757286,simulation
1982-06-13,0.022208912,simulation
1982-06-14,0.021019729,simulation
1982-06-15,0.016759412,simulation
1982-06-16,0.01414621,simulation
1982-06-17,0.04479417,simulation
1982-06-18,0.04081801,simulation
1982-06-19,0.033267185,simulation
1982-06-20,0.029591614,simulation
1982-06-21,0.024508858,simulation
1982-06-22,0.031025888,simulation
1982-06-23,0.029209422,simulation
1982-06-24,0.023081094,simulation
1982-06-25,0.018580778,simulation
1982-06-26,0.017973008,simulation
1982-06-27,0.019610973,simulation
1982-06-28,0.025321437,simulation
1982-06-29,0.042471435,simulation
1982-06-30,0.04215928,simulation
1982-07-01,0.04714134,simulation
1982-07-02,0.03977164,simulation
1982-07-03,0.031327795,simulation
1982-07-04,0.023847736,simulation
1982-07-05,0.020338912,simulation
1982-07-06,0.015949178,simulation
1982-07-07,0.014054934,simulation
1982-07-08,0.011522286,simulation
1982-07-09,0.013172274,simulation
1982-07-10,0.013809682,simulation
1982-07-11,0.014307554,simulation
1982-07-12,0.016989011,simulation
1982-07-13,0.017036952,simulation
1982-07-14,0.0169204,simulation
1982-07-15,0.03670912,simulation
1982-07-16,0.033743344,simulation
1982-07-17,0.044690788,simulation
1982-07-18,0.043111783,simulation
1982-07-19,0.036795698,simulation
1982-07-20,0.03988084,simulation
1982-07-21,0.0699739,simulation
1982-07-22,0.05880939,simulation
1982-07-23,0.15163787,simulation
1982-07-24,0.20582873,simulation
1982-07-25,0.20955595,simulation
1982-07-26,0.25758958,simulation
1982-07-27,0.26740727,simulation
1982-07-28,0.21801148,simulation
1982-07-29,0.25714183,simulation
1982-07-30,0.3126777,simulation
1982-07-31,0.516242,simulation
1982-08-01,0.80703235,simulation
1982-08-02,3.8170085,simulation
1982-08-03,3.1154368,simulation
1982-08-04,2.2878716,simulation
1982-08-05,1.7375686,simulation
1982-08-06,1.323082,simulation
1982-08-07,1.5851746,simulation
1982-08-08,1.9638137,simulation
1982-08-09,1.6606718,simulation
1982-08-10,1.7702335,simulation
1982-08-11,1.4354296,simulation
1982-08-12,1.3890895,simulation
1982-08-13,1.1554154,simulation
1982-08-14,0.98950744,simulation
1982-08-15,0.97010404,simulation
1982-08-16,0.89154315,simulation
1982-08-17,0.99023145,simulation
1982-08-18,0.91795295,simulation
1982-08-19,0.879647,simulation
1982-08-20,0.6932284,simulation
1982-08-21,0.5475873,simulation
1982-08-22,0.4494387,simulation
1982-08-23,0.7191602,simulation
1982-08-24,0.5652747,simulation
1982-08-25,0.4479209,simulation
1982-08-26,0.33877632,simulation
1982-08-27,0.26272342,simulation
1982-08-28,0.20545705,simulation
1982-08-29,0.18011774,simulation
1982-08-30,0.14650714,simulation
1982-08-31,0.1499372,simulation
1982-09-01,0.12431795,simulation
1982-09-02,0.10333748,simulation
1982-09-03,0.08346722,simulation
1982-09-04,0.074687414,simulation
1982-09-05,0.06332671,simulation
1982-09-06,0.050777096,simulation
1982-09-07,0.04190498,simulation
1982-09-08,0.03430781,simulation
1982-09-09,0.03061033,simulation
1982-09-10,0.029172005,simulation
1982-09-11,0.02878632,simulation
1982-09-12,0.036818486,simulation
1982-09-13,0.04123568,simulation
1982-09-14,0.037362784,simulation
1982-09-15,0.04077816,simulation
1982-09-16,0.035243034,simulation
1982-09-17,0.02835573,simulation
1982-09-18,0.024824072,simulation
1982-09-19,0.020835407,simulation
1982-09-20,0.018980201,simulation
1982-09-21,0.018808575,simulation
1982-09-22,0.016001327,simulation
1982-09-23,0.013949532,simulation
1982-09-24,0.01177914,simulation
1982-09-25,0.011426856,simulation
1982-09-26,0.01149955,simulation
1982-09-27,0.010834584,simulation
1982-09-28,0.009495237,simulation
1982-09-29,0.007917633,simulation
1982-09-30,0.0068163895,simulation
1982-10-01,0.005695805,simulation
1982-10-02,0.0048682713,simulation
1982-10-03,0.0043026367,simulation
1982-10-04,0.003863331,simulation
1982-10-05,0.0032608411,simulation
1982-10-06,0.004363357,simulation
1982-10-07,0.010633608,simulation
1982-10-08,0.05583041,simulation
1982-10-09,0.0553111,simulation
1982-10-10,0.06148516,simulation
1982-10-11,0.0567741,simulation
1982-10-12,0.052228052,simulation
1982-10-13,0.08899627,simulation
1982-10-14,0.08964522,simulation
1982-10-15,0.07803639,simulation
1982-10-16,0.067442134,simulation
1982-10-17,0.05776036,simulation
1982-10-18,0.056110837,simulation
1982-10-19,0.050938237,simulation
1982-10-20,0.044850316,simulation
1982-10-21,0.043846127,simulation
1982-10-22,0.038340475,simulation
1982-10-23,0.034187607,simulation
1982-10-24,0.030474897,simulation
1982-10-25,0.026949983,simulation
1982-10-26,0.02458554,simulation
1982-10-27,0.022273146,simulation
1982-10-28,0.019747471,simulation
1982-10-29,0.017575707,simulation
1982-10-30,0.017104328,simulation
1982-10-31,0.015898664,simulation
1982-11-01,0.015329078,simulation
1982-11-02,0.0145619,simulation
1982-11-03,0.0431948,simulation
1982-11-04,0.054792386,simulation
1982-11-05,0.049116064,simulation
1982-11-06,0.045127764,simulation
1982-11-07,0.041220598,simulation
1982-11-08,0.037303183,simulation
1982-11-09,0.035218384,simulation
1982-11-10,0.034202486,simulation
1982-11-11,0.031125356,simulation
1982-11-12,0.030425921,simulation
1982-11-13,0.041097343,simulation
1982-11-14,0.037518263,simulation
1982-11-15,0.03698827,simulation
1982-11-16,0.034435313,simulation
1982-11-17,0.035745807,simulation
1982-11-18,0.14966002,simulation
1982-11-19,0.1580582,simulation
1982-11-20,0.5093477,simulation
1982-11-21,0.58228374,simulation
1982-11-22,0.6130659,simulation
1982-11-23,0.586796,simulation
1982-11-24,1.0154465,simulation
1982-11-25,0.98331964,simulation
1982-11-26,0.92019993,simulation
1982-11-27,0.86864847,simulation
1982-11-28,1.7663218,simulation
1982-11-29,2.4359205,simulation
1982-11-30,2.0579467,simulation
1982-12-01,4.363174,simulation
1982-12-02,3.6505647,simulation
1982-12-03,3.1092982,simulation
1982-12-04,16.571314,simulation
1982-12-05,30.515028,simulation
1982-12-06,22.615234,simulation
1982-12-07,14.802787,simulation
1982-12-08,9.856902,simulation
1982-12-09,7.231984,simulation
1982-12-10,5.54641,simulation
1982-12-11,5.999535,simulation
1982-12-12,12.137589,simulation
1982-12-13,8.592873,simulation
1982-12-14,6.5139885,simulation
1982-12-15,5.791253,simulation
1982-12-16,9.592412,simulation
1982-12-17,7.0250883,simulation
1982-12-18,5.4184237,simulation
1982-12-19,4.2841063,simulation
1982-12-20,3.3944488,simulation
1982-12-21,2.8236468,simulation
1982-12-22,2.408995,simulation
1982-12-23,2.4751647,simulation
1982-12-24,2.2344162,simulation
1982-12-25,2.1313663,simulation
1982-12-26,2.4642408,simulation
1982-12-27,5.306475,simulation
1982-12-28,10.928528,simulation
1982-12-29,7.9326143,simulation
1982-12-30,6.3168426,simulation
1982-12-31,4.99563,simulation
1983-01-01,5.209795,simulation
1983-01-02,10.682278,simulation
1983-01-03,8.829492,simulation
1983-01-04,6.7053847,simulation
1983-01-05,5.244235,simulation
1983-01-06,4.3192997,simulation
1983-01-07,3.5518591,simulation
1983-01-08,3.0791645,simulation
1983-01-09,3.3082614,simulation
1983-01-10,3.3126967,simulation
1983-01-11,2.9408343,simulation
1983-01-12,2.4370437,simulation
1983-01-13,2.089514,simulation
1983-01-14,1.8735603,simulation
1983-01-15,1.632151,simulation
1983-01-16,1.4557362,simulation
1983-01-17,1.3339407,simulation
1983-01-18,1.214997,simulation
1983-01-19,1.1238668,simulation
1983-01-20,1.2588869,simulation
1983-01-21,11.372823,simulation
1983-01-22,8.775642,simulation
1983-01-23,6.768657,simulation
1983-01-24,5.4899526,simulation
1983-01-25,4.494969,simulation
1983-01-26,3.729612,simulation
1983-01-27,5.330449,simulation
1983-01-28,4.6448417,simulation
1983-01-29,3.960515,simulation
1983-01-30,5.1410675,simulation
1983-01-31,4.2184052,simulation
1983-02-01,6.129567,simulation
1983-02-02,16.129234,simulation
1983-02-03,10.986054,simulation
1983-02-04,7.8018985,simulation
1983-02-05,6.012837,simulation
1983-02-06,11.139216,simulation
1983-02-07,8.194313,simulation
1983-02-08,6.2414956,simulation
1983-02-09,4.8271074,simulation
1983-02-10,11.754019,simulation
1983-02-11,11.405875,simulation
1983-02-12,8.330946,simulation
1983-02-13,6.4488,simulation
1983-02-14,5.084094,simulation
1983-02-15,4.012922,simulation
1983-02-16,3.2576027,simulation
1983-02-17,2.8467157,simulation
1983-02-18,2.3708158,simulation
1983-02-19,2.046082,simulation
1983-02-20,1.7118274,simulation
1983-02-21,1.4837359,simulation
1983-02-22,1.3775774,simulation
1983-02-23,2.8479218,simulation
1983-02-24,2.5276885,simulation
1983-02-25,2.1431606,simulation
1983-02-26,1.811718,simulation
1983-02-27,1.6295828,simulation
1983-02-28,1.6983572,simulation
1983-03-01,3.0751708,simulation
1983-03-02,2.5034842,simulation
1983-03-03,2.1638238,simulation
1983-03-04,1.8623646,simulation
1983-03-05,2.0102317,simulation
1983-03-06,13.931203,simulation
1983-03-07,8.650862,simulation
1983-03-08,6.045441,simulation
1983-03-09,4.57855,simulation
1983-03-10,3.64803,simulation
1983-03-11,3.061787,simulation
1983-03-12,2.6026766,simulation
1983-03-13,2.1809676,simulation
1983-03-14,1.897492,simulation
1983-03-15,1.5817084,simulation
1983-03-16,1.493535,simulation
1983-03-17,1.8789198,simulation
1983-03-18,1.7331806,simulation
1983-03-19,1.4304429,simulation
1983-03-20,1.1796699,simulation
1983-03-21,2.0627394,simulation
1983-03-22,1.8711354,simulation
1983-03-23,1.595028,simulation
1983-03-24,4.43937,simulation
1983-03-25,5.400346,simulation
1983-03-26,4.012816,simulation
1983-03-27,9.413101,simulation
1983-03-28,6.182575,simulation
1983-03-29,4.545071,simulation
1983-03-30,3.4112098,simulation
1983-03-31,3.1489313,simulation
1983-04-01,2.5845716,simulation
1983-04-02,5.5816903,simulation
1983-04-03,4.3060474,simulation
1983-04-04,3.1885438,simulation
1983-04-05,2.6703658,simulation
1983-04-06,9.156377,simulation
1983-04-07,33.486134,simulation
1983-04-08,33.593166,simulation
1983-04-09,28.053244,simulation
1983-04-10,19.580114,simulation
1983-04-11,12.03826,simulation
1983-04-12,7.5478315,simulation
1983-04-13,4.9448833,simulation
1983-04-14,9.8062105,simulation
1983-04-15,14.258178,simulation
1983-04-16,8.70027,simulation
1983-04-17,5.7879815,simulation
1983-04-18,4.1046777,simulation
1983-04-19,3.528704,simulation
1983-04-20,3.108356,simulation
1983-04-21,2.4558692,simulation
1983-04-22,1.9957212,simulation
1983-04-23,2.4971116,simulation
1983-04-24,3.4971476,simulation
1983-04-25,2.6513152,simulation
1983-04-26,2.0028646,simulation
1983-04-27,1.5145715,simulation
1983-04-28,1.1604773,simulation
1983-04-29,1.0327094,simulation
1983-04-30,0.9513051,simulation
1983-05-01,0.842527,simulation
1983-05-02,0.742898,simulation
1983-05-03,0.6828347,simulation
1983-05-04,0.6747134,simulation
1983-05-05,0.53264666,simulation
1983-05-06,0.42129695,simulation
1983-05-07,0.32007876,simulation
1983-05-08,0.3288367,simulation
1983-05-09,0.2787428,simulation
1983-05-10,0.22962692,simulation
1983-05-11,0.1994273,simulation
1983-05-12,0.18765336,simulation
1983-05-13,0.14905041,simulation
1983-05-14,0.12319734,simulation
1983-05-15,0.11016026,simulation
1983-05-16,0.6717193,simulation
1983-05-17,0.6022563,simulation
1983-05-18,0.47031453,simulation
1983-05-19,0.4801338,simulation
1983-05-20,1.2673693,simulation
1983-05-21,3.7475777,simulation
1983-05-22,9.5853615,simulation
1983-05-23,6.823082,simulation
1983-05-24,5.1031666,simulation
1983-05-25,3.4940972,simulation
1983-05-26,2.8006651,simulation
1983-05-27,2.10498,simulation
1983-05-28,1.6076645,simulation
1983-05-29,1.3529649,simulation
1983-05-30,1.25214,simulation
1983-05-31,0.9440331,simulation
1983-06-01,0.87139976,simulation
1983-06-02,0.7219357,simulation
1983-06-03,0.5770053,simulation
1983-06-04,0.45828086,simulation
1983-06-05,0.46950155,simulation
1983-06-06,0.44098288,simulation
1983-06-07,0.6110602,simulation
1983-06-08,0.8453062,simulation
1983-06-09,0.6499482,simulation
1983-06-10,0.49821275,simulation
1983-06-11,0.38681266,simulation
1983-06-12,0.32068667,simulation
1983-06-13,0.26927385,simulation
1983-06-14,0.21427228,simulation
1983-06-15,0.19923961,simulation
1983-06-16,0.5132912,simulation
1983-06-17,0.5056532,simulation
1983-06-18,1.4523227,simulation
1983-06-19,1.617675,simulation
1983-06-20,1.4796004,simulation
1983-06-21,2.0769,simulation
1983-06-22,1.9471146,simulation
1983-06-23,1.7243472,simulation
1983-06-24,1.665788,simulation
1983-06-25,1.83639,simulation
1983-06-26,1.8516685,simulation
1983-06-27,2.9563792,simulation
1983-06-28,5.342559,simulation
1983-06-29,4.1990657,simulation
1983-06-30,4.0872693,simulation
1983-07-01,3.1132848,simulation
1983-07-02,2.2748473,simulation
1983-07-03,1.8142805,simulation
1983-07-04,1.4350225,simulation
1983-07-05,1.2136198,simulation
1983-07-06,1.1038098,simulation
1983-07-07,0.8337711,simulation
1983-07-08,0.6319703,simulation
1983-07-09,0.49535954,simulation
1983-07-10,0.37769577,simulation
1983-07-11,0.28998187,simulation
1983-07-12,0.22479625,simulation
1983-07-13,0.1784346,simulation
1983-07-14,0.1471755,simulation
1983-07-15,0.1204458,simulation
1983-07-16,0.105812676,simulation
1983-07-17,0.10405705,simulation
1983-07-18,0.094096534,simulation
1983-07-19,0.087369785,simulation
1983-07-20,0.07560747,simulation
1983-07-21,0.068484575,simulation
1983-07-22,0.05971558,simulation
1983-07-23,0.051104575,simulation
1983-07-24,0.039828498,simulation
1983-07-25,0.031068781,simulation
1983-07-26,0.039110128,simulation
1983-07-27,0.03540549,simulation
1983-07-28,0.031231882,simulation
1983-07-29,0.03247917,simulation
1983-07-30,0.027100861,simulation
1983-07-31,0.021757117,simulation
1983-08-01,0.020497492,simulation
1983-08-02,0.022417936,simulation
1983-08-03,0.037443515,simulation
1983-08-04,0.044604596,simulation
1983-08-05,0.04729281,simulation
1983-08-06,0.048908506,simulation
1983-08-07,0.04006673,simulation
1983-08-08,0.05535577,simulation
1983-08-09,0.046758704,simulation
1983-08-10,0.04288003,simulation
1983-08-11,0.035199635,simulation
1983-08-12,0.027907938,simulation
1983-08-13,0.024433367,simulation
1983-08-14,0.023344656,simulation
1983-08-15,0.018476492,simulation
1983-08-16,0.014983371,simulation
1983-08-17,0.012244953,simulation
1983-08-18,0.02382424,simulation
1983-08-19,0.019111492,simulation
1983-08-20,0.015419791,simulation
1983-08-21,0.012680538,simulation
1983-08-22,0.010158606,simulation
1983-08-23,0.008980067,simulation
1983-08-24,0.007476214,simulation
1983-08-25,0.0059563024,simulation
1983-08-26,0.004896225,simulation
1983-08-27,0.0060923374,simulation
1983-08-28,0.005455249,simulation
1983-08-29,0.0045441035,simulation
1983-08-30,0.004215784,simulation
1983-08-31,0.0033365153,simulation
1983-09-01,0.003041099,simulation
1983-09-02,0.0028073136,simulation
1983-09-03,0.0023847679,simulation
1983-09-04,0.002078259,simulation
1983-09-05,0.0018484604,simulation
1983-09-06,0.0018290298,simulation
1983-09-07,0.0033272589,simulation
1983-09-08,0.0033949744,simulation
1983-09-09,0.0032121567,simulation
1983-09-10,0.0026397796,simulation
1983-09-11,0.0021738263,simulation
1983-09-12,0.0032653727,simulation
1983-09-13,0.0039036444,simulation
1983-09-14,0.0040455316,simulation
1983-09-15,0.0034149694,simulation
1983-09-16,0.0028367487,simulation
1983-09-17,0.0023541409,simulation
1983-09-18,0.0019374092,simulation
1983-09-19,0.0016810362,simulation
1983-09-20,0.0020269942,simulation
1983-09-21,0.005750273,simulation
1983-09-22,0.005673783,simulation
1983-09-23,0.004865586,simulation
1983-09-24,0.0042436337,simulation
1983-09-25,0.0035750237,simulation
1983-09-26,0.003153577,simulation
1983-09-27,0.002783819,simulation
1983-09-28,0.0024340036,simulation
1983-09-29,0.0020722542,simulation
1983-09-30,0.0017836238,simulation
1983-10-01,0.0015234443,simulation
1983-10-02,0.0013024888,simulation
1983-10-03,0.0011059205,simulation
1983-10-04,0.0009773185,simulation
1983-10-05,0.0009224671,simulation
1983-10-06,0.0008008859,simulation
1983-10-07,0.0007987268,simulation
1983-10-08,0.0007664268,simulation
1983-10-09,0.0007071814,simulation
1983-10-10,0.00061967777,simulation
1983-10-11,0.0006348111,simulation
1983-10-12,0.000699704,simulation
1983-10-13,0.0011442192,simulation
1983-10-14,0.0010556185,simulation
1983-10-15,0.000942311,simulation
1983-10-16,0.0008466282,simulation
1983-10-17,0.0008012961,simulation
1983-10-18,0.00070231647,simulation
1983-10-19,0.0006890703,simulation
1983-10-20,0.0007045396,simulation
1983-10-21,0.0006584573,simulation
1983-10-22,0.0006576919,simulation
1983-10-23,0.0013751526,simulation
1983-10-24,0.001383541,simulation
1983-10-25,0.00138054,simulation
1983-10-26,0.0013729485,simulation
1983-10-27,0.0012323215,simulation
1983-10-28,0.0011168768,simulation
1983-10-29,0.0010104176,simulation
1983-10-30,0.0010060364,simulation
1983-10-31,0.0009099843,simulation
1983-11-01,0.00090652704,simulation
1983-11-02,0.0008898983,simulation
1983-11-03,0.0008003555,simulation
1983-11-04,0.00078706234,simulation
1983-11-05,0.0012981094,simulation
1983-11-06,0.0011915977,simulation
1983-11-07,0.001186301,simulation
1983-11-08,0.0016061354,simulation
1983-11-09,0.0015063004,simulation
1983-11-10,0.0014976319,simulation
1983-11-11,0.001473886,simulation
1983-11-12,0.0014793775,simulation
1983-11-13,0.0014198837,simulation
1983-11-14,0.0014484902,simulation
1983-11-15,0.0015813087,simulation
1983-11-16,0.0018656882,simulation
1983-11-17,0.0017969024,simulation
1983-11-18,0.0017141665,simulation
1983-11-19,0.0016439415,simulation
1983-11-20,0.015428864,simulation
1983-11-21,0.015081213,simulation
1983-11-22,0.013878494,simulation
1983-11-23,0.02794621,simulation
1983-11-24,0.12071512,simulation
1983-11-25,0.118155904,simulation
1983-11-26,0.11134251,simulation
1983-11-27,0.10882795,simulation
1983-11-28,0.30459923,simulation
1983-11-29,0.2809203,simulation
1983-11-30,0.26605767,simulation
1983-12-01,0.26129347,simulation
1983-12-02,0.25493753,simulation
1983-12-03,0.24656653,simulation
1983-12-04,0.6529288,simulation
1983-12-05,0.6219021,simulation
1983-12-06,1.3420321,simulation
1983-12-07,1.8860261,simulation
1983-12-08,1.6701353,simulation
1983-12-09,1.5139573,simulation
1983-12-10,1.376225,simulation
1983-12-11,1.3932301,simulation
1983-12-12,4.3419313,simulation
1983-12-13,3.6803498,simulation
1983-12-14,4.5637035,simulation
1983-12-15,3.8249207,simulation
1983-12-16,3.1541584,simulation
1983-12-17,2.9247584,simulation
1983-12-18,2.5460877,simulation
1983-12-19,2.1883173,simulation
1983-12-20,1.9787995,simulation
1983-12-21,1.8095139,simulation
1983-12-22,4.1124988,simulation
1983-12-23,4.0099444,simulation
1983-12-24,3.4603138,simulation
1983-12-25,2.9800181,simulation
1983-12-26,2.6333134,simulation
1983-12-27,2.3457506,simulation
1983-12-28,9.674618,simulation
1983-12-29,11.492459,simulation
1983-12-30,8.136865,simulation
1983-12-31,6.1583695,simulation
1984-01-01,4.9134774,simulation
1984-01-02,4.0429554,simulation
1984-01-03,3.4557927,simulation
1984-01-04,2.9888988,simulation
1984-01-05,2.6104627,simulation
1984-01-06,2.2793314,simulation
1984-01-07,1.9920907,simulation
1984-01-08,1.7992824,simulation
1984-01-09,1.5886346,simulation
1984-01-10,2.0025022,simulation
1984-01-11,3.7315326,simulation
1984-01-12,3.1396322,simulation
1984-01-13,2.7569406,simulation
1984-01-14,2.4668477,simulation
1984-01-15,2.2134273,simulation
1984-01-16,2.7903852,simulation
1984-01-17,2.5583003,simulation
1984-01-18,3.5527086,simulation
1984-01-19,5.8838315,simulation
1984-01-20,4.6915216,simulation
1984-01-21,3.924359,simulation
1984-01-22,3.2933967,simulation
1984-01-23,2.8377516,simulation
1984-01-24,3.9382045,simulation
1984-01-25,4.2642365,simulation
1984-01-26,3.6779895,simulation
1984-01-27,3.215125,simulation
1984-01-28,2.732214,simulation
1984-01-29,2.4434931,simulation
1984-01-30,2.100132,simulation
1984-01-31,1.7977244,simulation
1984-02-01,1.6372439,simulation
1984-02-02,1.4942526,simulation
1984-02-03,1.3067169,simulation
1984-02-04,1.440338,simulation
1984-02-05,1.272526,simulation
1984-02-06,1.1134543,simulation
1984-02-07,1.0126736,simulation
1984-02-08,0.92205894,simulation
1984-02-09,0.82356644,simulation
1984-02-10,0.84699684,simulation
1984-02-11,1.0870231,simulation
1984-02-12,0.99780047,simulation
1984-02-13,3.1646042,simulation
1984-02-14,2.7242937,simulation
1984-02-15,2.267199,simulation
1984-02-16,1.9873177,simulation
1984-02-17,3.5065012,simulation
1984-02-18,2.8623278,simulation
1984-02-19,2.4914942,simulation
1984-02-20,2.4538262,simulation
1984-02-21,2.1886132,simulation
1984-02-22,2.071363,simulation
1984-02-23,1.8491943,simulation
1984-02-24,1.5504162,simulation
1984-02-25,1.3675333,simulation
1984-02-26,1.1712444,simulation
1984-02-27,2.8040464,simulation
1984-02-28,2.5462532,simulation
1984-02-29,2.2748263,simulation
1984-03-01,1.9761797,simulation
1984-03-02,1.67978,simulation
1984-03-03,1.5479798,simulation
1984-03-04,2.2457235,simulation
1984-03-05,2.006842,simulation
1984-03-06,12.898364,simulation
1984-03-07,9.148117,simulation
1984-03-08,6.4946632,simulation
1984-03-09,4.7000284,simulation
1984-03-10,3.6316226,simulation
1984-03-11,3.0617104,simulation
1984-03-12,2.4444113,simulation
1984-03-13,2.1981657,simulation
1984-03-14,1.9062148,simulation
1984-03-15,1.5731958,simulation
1984-03-16,1.3306818,simulation
1984-03-17,1.1987761,simulation
1984-03-18,1.102245,simulation
1984-03-19,0.96798515,simulation
1984-03-20,1.8664966,simulation
1984-03-21,1.7592819,simulation
1984-03-22,1.4115924,simulation
1984-03-23,1.1429904,simulation
1984-03-24,0.96946526,simulation
1984-03-25,1.5923034,simulation
1984-03-26,1.3210137,simulation
1984-03-27,1.2267314,simulation
1984-03-28,1.1391289,simulation
1984-03-29,1.1406126,simulation
1984-03-30,0.9899867,simulation
1984-03-31,0.8791151,simulation
1984-04-01,0.74456394,simulation
1984-04-02,0.62095946,simulation
1984-04-03,1.1756138,simulation
1984-04-04,1.1343327,simulation
1984-04-05,0.93478334,simulation
1984-04-06,0.790606,simulation
1984-04-07,0.6447285,simulation
1984-04-08,0.60041547,simulation
1984-04-09,1.4258741,simulation
1984-04-10,1.3057245,simulation
1984-04-11,1.1931514,simulation
1984-04-12,1.0257926,simulation
1984-04-13,0.91508734,simulation
1984-04-14,0.77950656,simulation
1984-04-15,0.89188445,simulation
1984-04-16,0.81756854,simulation
1984-04-17,0.7437966,simulation
1984-04-18,0.6325589,simulation
1984-04-19,0.5143009,simulation
1984-04-20,0.6976143,simulation
1984-04-21,0.57932496,simulation
1984-04-22,0.534356,simulation
1984-04-23,0.5705694,simulation
1984-04-24,0.46657768,simulation
1984-04-25,0.3717042,simulation
1984-04-26,0.28672588,simulation
1984-04-27,0.30003384,simulation
1984-04-28,0.27933243,simulation
1984-04-29,0.26827294,simulation
1984-04-30,0.25758475,simulation
1984-05-01,0.27208707,simulation
1984-05-02,0.3276201,simulation
1984-05-03,0.32126415,simulation
1984-05-04,3.4003725,simulation
1984-05-05,2.4533832,simulation
1984-05-06,2.0953028,simulation
1984-05-07,1.7696414,simulation
1984-05-08,1.4955512,simulation
1984-05-09,1.7847787,simulation
1984-05-10,1.3484628,simulation
1984-05-11,1.015659,simulation
1984-05-12,0.7682512,simulation
1984-05-13,0.614629,simulation
1984-05-14,0.48327383,simulation
1984-05-15,0.47450957,simulation
1984-05-16,0.38510182,simulation
1984-05-17,0.3119357,simulation
1984-05-18,0.2551813,simulation
1984-05-19,0.20986411,simulation
1984-05-20,0.1712263,simulation
1984-05-21,0.2655473,simulation
1984-05-22,0.88924986,simulation
1984-05-23,1.101993,simulation
1984-05-24,0.93176144,simulation
1984-05-25,0.7511483,simulation
1984-05-26,0.60936815,simulation
1984-05-27,0.51726943,simulation
1984-05-28,0.54805773,simulation
1984-05-29,0.46545565,simulation
1984-05-30,0.40754494,simulation
1984-05-31,0.3157012,simulation
1984-06-01,0.24660611,simulation
1984-06-02,0.19118142,simulation
1984-06-03,0.14768939,simulation
1984-06-04,0.11530982,simulation
1984-06-05,0.09740359,simulation
1984-06-06,0.079283796,simulation
1984-06-07,0.07546692,simulation
1984-06-08,0.06763649,simulation
1984-06-09,0.0541622,simulation
1984-06-10,0.04439,simulation
1984-06-11,0.03559969,simulation
1984-06-12,0.028459867,simulation
1984-06-13,0.025975434,simulation
1984-06-14,0.021279506,simulation
1984-06-15,0.016661959,simulation
1984-06-16,0.013335634,simulation
1984-06-17,0.012827441,simulation
1984-06-18,0.010671887,simulation
1984-06-19,0.008553353,simulation
1984-06-20,0.0068603326,simulation
1984-06-21,0.0054159225,simulation
1984-06-22,0.005784907,simulation
1984-06-23,0.0052679344,simulation
1984-06-24,0.0066771386,simulation
1984-06-25,0.00676833,simulation
1984-06-26,0.0050842306,simulation
1984-06-27,0.004479306,simulation
1984-06-28,0.0042126914,simulation
1984-06-29,0.00558994,simulation
1984-06-30,0.0059617683,simulation
1984-07-01,0.005394344,simulation
1984-07-02,0.0046584406,simulation
1984-07-03,0.00394053,simulation
1984-07-04,0.003893589,simulation
1984-07-05,0.0032087227,simulation
1984-07-06,0.00276198,simulation
1984-07-07,0.0024905286,simulation
1984-07-08,0.0051384834,simulation
1984-07-09,0.0044747586,simulation
1984-07-10,0.0035801667,simulation
1984-07-11,0.0028522355,simulation
1984-07-12,0.0022509852,simulation
1984-07-13,0.004314065,simulation
1984-07-14,0.006240686,simulation
1984-07-15,0.0072392486,simulation
1984-07-16,0.006126175,simulation
1984-07-17,0.007457178,simulation
1984-07-18,0.008060681,simulation
1984-07-19,0.0067498055,simulation
1984-07-20,0.0054838187,simulation
1984-07-21,0.0042868988,simulation
1984-07-22,0.003389575,simulation
1984-07-23,0.002637128,simulation
1984-07-24,0.0032162021,simulation
1984-07-25,0.0031112246,simulation
1984-07-26,0.0027826824,simulation
1984-07-27,0.0023067917,simulation
1984-07-28,0.0021022123,simulation
1984-07-29,0.0052331705,simulation
1984-07-30,0.0045098076,simulation
1984-07-31,0.0043418547,simulation
1984-08-01,0.0039507537,simulation
1984-08-02,0.0041433647,simulation
1984-08-03,0.0046281307,simulation
1984-08-04,0.01059931,simulation
1984-08-05,0.011796755,simulation
1984-08-06,0.013078817,simulation
1984-08-07,0.011960118,simulation
1984-08-08,0.04533994,simulation
1984-08-09,0.046358246,simulation
1984-08-10,0.04417576,simulation
1984-08-11,0.039116815,simulation
1984-08-12,0.10190937,simulation
1984-08-13,0.13034667,simulation
1984-08-14,0.19671658,simulation
1984-08-15,0.26685524,simulation
1984-08-16,0.23475516,simulation
1984-08-17,0.19234684,simulation
1984-08-18,0.19534807,simulation
1984-08-19,0.15555266,simulation
1984-08-20,0.14136945,simulation
1984-08-21,0.17779948,simulation
1984-08-22,0.14420378,simulation
1984-08-23,0.18848227,simulation
1984-08-24,0.17370977,simulation
1984-08-25,0.15123947,simulation
1984-08-26,0.12837215,simulation
1984-08-27,0.12440051,simulation
1984-08-28,0.17103617,simulation
1984-08-29,0.1715992,simulation
1984-08-30,0.16653877,simulation
1984-08-31,0.1525909,simulation
1984-09-01,0.14022684,simulation
1984-09-02,0.11230124,simulation
1984-09-03,0.09633196,simulation
1984-09-04,0.09201278,simulation
1984-09-05,0.087206915,simulation
1984-09-06,0.06957108,simulation
1984-09-07,0.0555254,simulation
1984-09-08,0.04411861,simulation
1984-09-09,0.03783988,simulation
1984-09-10,0.035941437,simulation
1984-09-11,0.03313547,simulation
1984-09-12,0.028210962,simulation
1984-09-13,0.023861129,simulation
1984-09-14,0.019300165,simulation
1984-09-15,0.017879426,simulation
1984-09-16,0.01607744,simulation
1984-09-17,0.012759887,simulation
1984-09-18,0.011244933,simulation
1984-09-19,0.010331514,simulation
1984-09-20,0.008368975,simulation
1984-09-21,0.0070678783,simulation
1984-09-22,0.0061262604,simulation
1984-09-23,0.005974224,simulation
1984-09-24,0.0052597015,simulation
1984-09-25,0.004702022,simulation
1984-09-26,0.0039951843,simulation
1984-09-27,0.0035280099,simulation
1984-09-28,0.002948016,simulation
1984-09-29,0.0025643574,simulation
1984-09-30,0.002326227,simulation
1984-10-01,0.0021310006,simulation
1984-10-02,0.0018549123,simulation
1984-10-03,0.001620231,simulation
1984-10-04,0.0014572532,simulation
1984-10-05,0.0014480212,simulation
1984-10-06,0.0014198013,simulation
1984-10-07,0.001402098,simulation
1984-10-08,0.0013772774,simulation
1984-10-09,0.002382372,simulation
1984-10-10,0.0031092237,simulation
1984-10-11,0.0036471137,simulation
1984-10-12,0.0032269773,simulation
1984-10-13,0.003084514,simulation
1984-10-14,0.002735678,simulation
1984-10-15,0.002715311,simulation
1984-10-16,0.0048927073,simulation
1984-10-17,0.0044955877,simulation
1984-10-18,0.029684633,simulation
1984-10-19,0.029056448,simulation
1984-10-20,0.0479351,simulation
1984-10-21,0.069112666,simulation
1984-10-22,3.6884263,simulation
1984-10-23,7.761839,simulation
1984-10-24,9.966089,simulation
1984-10-25,8.717983,simulation
1984-10-26,6.3425593,simulation
1984-10-27,4.7545204,simulation
1984-10-28,3.724963,simulation
1984-10-29,3.0625637,simulation
1984-10-30,2.5215392,simulation
1984-10-31,2.0511675,simulation
1984-11-01,1.6537787,simulation
1984-11-02,4.0985556,simulation
1984-11-03,6.749293,simulation
1984-11-04,5.2502794,simulation
1984-11-05,4.326391,simulation
1984-11-06,3.408357,simulation
1984-11-07,2.7654989,simulation
1984-11-08,2.4262698,simulation
1984-11-09,2.0464394,simulation
1984-11-10,1.7147486,simulation
1984-11-11,1.7075534,simulation
1984-11-12,1.5247079,simulation
1984-11-13,1.3634539,simulation
1984-11-14,1.205774,simulation
1984-11-15,1.0685146,simulation
1984-11-16,1.6877922,simulation
1984-11-17,2.8921351,simulation
1984-11-18,2.520497,simulation
1984-11-19,3.2157035,simulation
1984-11-20,2.831205,simulation
1984-11-21,2.3720016,simulation
1984-11-22,2.116629,simulation
1984-11-23,1.8444184,simulation
1984-11-24,1.6748797,simulation
1984-11-25,1.496059,simulation
1984-11-26,1.3304437,simulation
1984-11-27,1.240358,simulation
1984-11-28,6.1660485,simulation
1984-11-29,4.77484,simulation
1984-11-30,3.8054168,simulation
1984-12-01,3.204385,simulation
1984-12-02,2.729336,simulation
1984-12-03,5.592279,simulation
1984-12-04,4.400649,simulation
1984-12-05,6.661074,simulation
1984-12-06,6.555685,simulation
1984-12-07,5.1488757,simulation
1984-12-08,4.166165,simulation
1984-12-09,3.485314,simulation
1984-12-10,3.0085063,simulation
1984-12-11,2.5677924,simulation
1984-12-12,2.230586,simulation
1984-12-13,2.0131252,simulation
1984-12-14,1.8288064,simulation
1984-12-15,1.6670135,simulation
1984-12-16,1.482255,simulation
1984-12-17,1.3435299,simulation
1984-12-18,1.243271,simulation
1984-12-19,1.1539544,simulation
1984-12-20,1.0868441,simulation
1984-12-21,1.0310901,simulation
1984-12-22,0.97373986,simulation
1984-12-23,0.8949256,simulation
1984-12-24,0.84721917,simulation
1984-12-25,0.79409075,simulation
1984-12-26,0.78467727,simulation
1984-12-27,0.73195314,simulation
1984-12-28,0.6982628,simulation
1984-12-29,0.6642443,simulation
1984-12-30,0.64030695,simulation
1984-12-31,0.60456717,simulation
1985-01-01,1.1244736,simulation
1985-01-02,1.3167148,simulation
1985-01-03,1.2775847,simulation
1985-01-04,1.4263916,simulation
1985-01-05,1.3331792,simulation
1985-01-06,1.2287896,simulation
1985-01-07,1.147411,simulation
1985-01-08,1.0448654,simulation
1985-01-09,0.9776981,simulation
1985-01-10,0.9157324,simulation
1985-01-11,0.91603416,simulation
1985-01-12,0.8748982,simulation
1985-01-13,0.82330775,simulation
1985-01-14,0.78383833,simulation
1985-01-15,0.7431353,simulation
1985-01-16,0.7052486,simulation
1985-01-17,1.8632724,simulation
1985-01-18,1.7839181,simulation
1985-01-19,1.5922279,simulation
1985-01-20,1.3922582,simulation
1985-01-21,1.2950621,simulation
1985-01-22,1.2057098,simulation
1985-01-23,1.1240516,simulation
1985-01-24,1.0557783,simulation
1985-01-25,1.0565895,simulation
1985-01-26,0.9365742,simulation
1985-01-27,0.8568668,simulation
1985-01-28,1.8485891,simulation
1985-01-29,1.7140251,simulation
1985-01-30,1.5237026,simulation
1985-01-31,1.7991809,simulation
1985-02-01,6.7572575,simulation
1985-02-02,6.0398297,simulation
1985-02-03,4.9645877,simulation
1985-02-04,4.1913714,simulation
1985-02-05,7.2353516,simulation
1985-02-06,14.40569,simulation
1985-02-07,10.059626,simulation
1985-02-08,7.4355993,simulation
1985-02-09,5.5744205,simulation
1985-02-10,4.3382545,simulation
1985-02-11,4.1481433,simulation
1985-02-12,9.857333,simulation
1985-02-13,6.9444127,simulation
1985-02-14,5.268608,simulation
1985-02-15,4.2796326,simulation
1985-02-16,3.453022,simulation
1985-02-17,2.8017187,simulation
1985-02-18,2.3399541,simulation
1985-02-19,2.063459,simulation
1985-02-20,1.8813045,simulation
1985-02-21,1.6468233,simulation
1985-02-22,1.436149,simulation
1985-02-23,1.3045692,simulation
1985-02-24,1.2075441,simulation
1985-02-25,2.8808467,simulation
1985-02-26,9.633776,simulation
1985-02-27,7.245921,simulation
1985-02-28,5.799503,simulation
1985-03-01,4.888732,simulation
1985-03-02,8.359968,simulation
1985-03-03,6.256038,simulation
1985-03-04,4.757272,simulation
1985-03-05,4.0677857,simulation
1985-03-06,3.2068853,simulation
1985-03-07,2.5011652,simulation
1985-03-08,2.084367,simulation
1985-03-09,1.8842268,simulation
1985-03-10,1.681212,simulation
1985-03-11,1.4426242,simulation
1985-03-12,1.2618415,simulation
1985-03-13,1.1555948,simulation
1985-03-14,1.0655861,simulation
1985-03-15,0.9914456,simulation
1985-03-16,0.8775488,simulation
1985-03-17,0.84523755,simulation
1985-03-18,0.7575358,simulation
1985-03-19,0.6390469,simulation
1985-03-20,0.528797,simulation
1985-03-21,0.95586073,simulation
1985-03-22,1.0450747,simulation
1985-03-23,0.9887497,simulation
1985-03-24,0.9607147,simulation
1985-03-25,0.7990769,simulation
1985-03-26,0.65092367,simulation
1985-03-27,0.5679765,simulation
1985-03-28,0.87878793,simulation
1985-03-29,0.7596279,simulation
1985-03-30,0.6532282,simulation
1985-03-31,0.68490785,simulation
1985-04-01,1.0807151,simulation
1985-04-02,0.92248994,simulation
1985-04-03,0.9293951,simulation
1985-04-04,0.7275667,simulation
1985-04-05,0.585908,simulation
1985-04-06,0.9390803,simulation
1985-04-07,0.7691829,simulation
1985-04-08,0.6141137,simulation
1985-04-09,0.5180952,simulation
1985-04-10,0.42922282,simulation
1985-04-11,0.36724657,simulation
1985-04-12,0.3721351,simulation
1985-04-13,0.54076153,simulation
1985-04-14,0.4967034,simulation
1985-04-15,0.64975286,simulation
1985-04-16,0.6321773,simulation
1985-04-17,0.51301754,simulation
1985-04-18,0.41279906,simulation
1985-04-19,0.33530226,simulation
1985-04-20,0.28153577,simulation
1985-04-21,0.2478285,simulation
1985-04-22,0.2063967,simulation
1985-04-23,0.18068457,simulation
1985-04-24,0.18260567,simulation
1985-04-25,0.30017057,simulation
1985-04-26,0.26934296,simulation
1985-04-27,0.5951418,simulation
1985-04-28,0.6274432,simulation
1985-04-29,0.6935006,simulation
1985-04-30,0.5497126,simulation
1985-05-01,0.55228156,simulation
1985-05-02,0.58678544,simulation
1985-05-03,0.5117325,simulation
1985-05-04,0.46380678,simulation
1985-05-05,0.39057645,simulation
1985-05-06,0.3243534,simulation
1985-05-07,0.29239622,simulation
1985-05-08,0.26817337,simulation
1985-05-09,0.24023847,simulation
1985-05-10,0.23493725,simulation
1985-05-11,0.20947365,simulation
1985-05-12,0.19714043,simulation
1985-05-13,0.16610226,simulation
1985-05-14,0.14080931,simulation
1985-05-15,0.15177795,simulation
1985-05-16,0.12064866,simulation
1985-05-17,0.09276751,simulation
1985-05-18,0.07853791,simulation
1985-05-19,0.07239706,simulation
1985-05-20,0.06340728,simulation
1985-05-21,0.053969324,simulation
1985-05-22,0.08157534,simulation
1985-05-23,0.07171932,simulation
1985-05-24,0.06586064,simulation
1985-05-25,0.05152418,simulation
1985-05-26,0.04067122,simulation
1985-05-27,0.03158301,simulation
1985-05-28,0.027773106,simulation
1985-05-29,0.023137912,simulation
1985-05-30,0.018505545,simulation
1985-05-31,0.01601437,simulation
1985-06-01,0.013300453,simulation
1985-06-02,0.010654317,simulation
1985-06-03,0.008673768,simulation
1985-06-04,0.0070309653,simulation
1985-06-05,0.0052778306,simulation
1985-06-06,0.0045181876,simulation
1985-06-07,0.0040179864,simulation
1985-06-08,0.0036042552,simulation
1985-06-09,0.0030148565,simulation
1985-06-10,0.0027632935,simulation
1985-06-11,0.0024592231,simulation
1985-06-12,0.0029893843,simulation
1985-06-13,0.0027888918,simulation
1985-06-14,0.002468088,simulation
1985-06-15,0.0021777595,simulation
1985-06-16,0.0020550042,simulation
1985-06-17,0.0017461282,simulation
1985-06-18,0.0015344889,simulation
1985-06-19,0.0047383495,simulation
1985-06-20,0.0057096235,simulation
1985-06-21,0.004629024,simulation
1985-06-22,0.0040192963,simulation
1985-06-23,0.0033322587,simulation
1985-06-24,0.0028171022,simulation
1985-06-25,0.0026318196,simulation
1985-06-26,0.0021948041,simulation
1985-06-27,0.0022065346,simulation
1985-06-28,0.0030807047,simulation
1985-06-29,0.0026638685,simulation
1985-06-30,0.002420383,simulation
1985-07-01,0.0019844966,simulation
1985-07-02,0.002273623,simulation
1985-07-03,0.00246897,simulation
1985-07-04,0.0022217405,simulation
1985-07-05,0.0020328946,simulation
1985-07-06,0.0020535556,simulation
1985-07-07,0.0020767066,simulation
1985-07-08,0.0020145602,simulation
1985-07-09,0.0018050239,simulation
1985-07-10,0.0014307082,simulation
1985-07-11,0.0013341062,simulation
1985-07-12,0.0012644161,simulation
1985-07-13,0.001005209,simulation
1985-07-14,0.0008116801,simulation
1985-07-15,0.0009239476,simulation
1985-07-16,0.0011988665,simulation
1985-07-17,0.0017858609,simulation
1985-07-18,0.0017434532,simulation
1985-07-19,0.0014025199,simulation
1985-07-20,0.0011864473,simulation
1985-07-21,0.0010708368,simulation
1985-07-22,0.00097297796,simulation
1985-07-23,0.0024185881,simulation
1985-07-24,0.014944205,simulation
1985-07-25,0.02062353,simulation
1985-07-26,0.020191588,simulation
1985-07-27,0.018303664,simulation
1985-07-28,0.017929299,simulation
1985-07-29,0.01733148,simulation
1985-07-30,0.014785176,simulation
1985-07-31,0.011875852,simulation
1985-08-01,0.010680648,simulation
1985-08-02,0.008457249,simulation
1985-08-03,0.008291004,simulation
1985-08-04,0.0077626905,simulation
1985-08-05,0.007250629,simulation
1985-08-06,0.006528141,simulation
1985-08-07,0.023546962,simulation
1985-08-08,0.023000274,simulation
1985-08-09,0.019174045,simulation
1985-08-10,0.015165533,simulation
1985-08-11,0.012186155,simulation
1985-08-12,0.011015228,simulation
1985-08-13,0.008933811,simulation
1985-08-14,0.007680165,simulation
1985-08-15,0.0073274365,simulation
1985-08-16,0.019601412,simulation
1985-08-17,0.117123194,simulation
1985-08-18,0.1156514,simulation
1985-08-19,0.09932813,simulation
1985-08-20,0.083877414,simulation
1985-08-21,0.07989764,simulation
1985-08-22,0.071138114,simulation
1985-08-23,0.060329266,simulation
1985-08-24,0.049114242,simulation
1985-08-25,0.08399449,simulation
1985-08-26,0.09296512,simulation
1985-08-27,0.10815558,simulation
1985-08-28,0.10385204,simulation
1985-08-29,0.089689314,simulation
1985-08-30,0.079091534,simulation
1985-08-31,0.065554835,simulation
1985-09-01,0.05302794,simulation
1985-09-02,0.043701492,simulation
1985-09-03,0.06492244,simulation
1985-09-04,0.12707484,simulation
1985-09-05,0.13375111,simulation
1985-09-06,0.11721579,simulation
1985-09-07,0.098263524,simulation
1985-09-08,0.12502159,simulation
1985-09-09,0.16554725,simulation
1985-09-10,0.14065406,simulation
1985-09-11,0.11549051,simulation
1985-09-12,0.096443824,simulation
1985-09-13,0.07675605,simulation
1985-09-14,0.06378355,simulation
1985-09-15,0.060604185,simulation
1985-09-16,0.05081424,simulation
1985-09-17,0.042344473,simulation
1985-09-18,0.03488672,simulation
1985-09-19,0.02880542,simulation
1985-09-20,0.024248598,simulation
1985-09-21,0.020315707,simulation
1985-09-22,0.016797312,simulation
1985-09-23,0.019854542,simulation
1985-09-24,0.06308017,simulation
1985-09-25,0.061914135,simulation
1985-09-26,0.060199797,simulation
1985-09-27,0.08240437,simulation
1985-09-28,0.07024724,simulation
1985-09-29,0.062464055,simulation
1985-09-30,0.05737103,simulation
1985-10-01,0.16870855,simulation
1985-10-02,0.2557702,simulation
1985-10-03,0.24507317,simulation
1985-10-04,0.21897328,simulation
1985-10-05,0.18924569,simulation
1985-10-06,0.15669581,simulation
1985-10-07,0.13570756,simulation
1985-10-08,0.11953969,simulation
1985-10-09,0.10376078,simulation
1985-10-10,0.09843328,simulation
1985-10-11,0.08564741,simulation
1985-10-12,0.074572235,simulation
1985-10-13,0.06717744,simulation
1985-10-14,0.06373564,simulation
1985-10-15,0.06195655,simulation
1985-10-16,0.10043207,simulation
1985-10-17,0.1091366,simulation
1985-10-18,0.1062659,simulation
1985-10-19,0.10460386,simulation
1985-10-20,0.10036977,simulation
1985-10-21,0.09688195,simulation
1985-10-22,0.09722779,simulation
1985-10-23,0.10847613,simulation
1985-10-24,0.4425029,simulation
1985-10-25,0.42951995,simulation
1985-10-26,0.42800307,simulation
1985-10-27,0.5735895,simulation
1985-10-28,1.927071,simulation
1985-10-29,12.305346,simulation
1985-10-30,21.23565,simulation
1985-10-31,15.11969,simulation
1985-11-01,11.871708,simulation
1985-11-02,8.5774145,simulation
1985-11-03,7.7472196,simulation
1985-11-04,5.9605503,simulation
1985-11-05,4.482912,simulation
1985-11-06,3.5459235,simulation
1985-11-07,2.8576982,simulation
1985-11-08,2.5051296,simulation
1985-11-09,2.0704327,simulation
1985-11-10,1.7155405,simulation
1985-11-11,1.5206194,simulation
1985-11-12,1.4019138,simulation
1985-11-13,1.2185246,simulation
1985-11-14,1.1408404,simulation
1985-11-15,1.0849655,simulation
1985-11-16,1.0212227,simulation
1985-11-17,1.1231627,simulation
1985-11-18,1.0480425,simulation
1985-11-19,0.9362916,simulation
1985-11-20,0.87998635,simulation
1985-11-21,0.82085145,simulation
1985-11-22,0.7823206,simulation
1985-11-23,0.73114264,simulation
1985-11-24,0.6921367,simulation
1985-11-25,0.66210943,simulation
1985-11-26,0.6337969,simulation
1985-11-27,0.6046341,simulation
1985-11-28,0.9477712,simulation
1985-11-29,0.9501468,simulation
1985-11-30,0.91672295,simulation
1985-12-01,0.8893115,simulation
1985-12-02,1.4845245,simulation
1985-12-03,1.3405712,simulation
1985-12-04,1.2053384,simulation
1985-12-05,1.1136578,simulation
1985-12-06,1.0454731,simulation
1985-12-07,0.94744116,simulation
1985-12-08,0.89412016,simulation
1985-12-09,0.8292071,simulation
1985-12-10,0.7692368,simulation
1985-12-11,0.7204362,simulation
1985-12-12,2.6530032,simulation
1985-12-13,5.6443267,simulation
1985-12-14,4.82839,simulation
1985-12-15,3.9746401,simulation
1985-12-16,3.37311,simulation
1985-12-17,2.8877776,simulation
1985-12-18,2.5515893,simulation
1985-12-19,2.2862647,simulation
1985-12-20,2.020801,simulation
1985-12-21,1.7941986,simulation
1985-12-22,1.6340644,simulation
1985-12-23,1.4291354,simulation
1985-12-24,1.2779071,simulation
1985-12-25,1.172973,simulation
1985-12-26,1.0775126,simulation
1985-12-27,0.99089956,simulation
1985-12-28,1.6775109,simulation
1985-12-29,1.7068207,simulation
1985-12-30,1.5397465,simulation
1985-12-31,1.365402,simulation
1986-01-01,2.0802708,simulation
1986-01-02,1.8849325,simulation
1986-01-03,1.7221221,simulation
1986-01-04,1.5855176,simulation
1986-01-05,1.4566067,simulation
1986-01-06,1.2990961,simulation
1986-01-07,1.2181089,simulation
1986-01-08,1.3777233,simulation
1986-01-09,1.2614642,simulation
1986-01-10,1.2127604,simulation
1986-01-11,1.373276,simulation
1986-01-12,1.2399114,simulation
1986-01-13,1.1158625,simulation
1986-01-14,0.98614687,simulation
1986-01-15,0.8843699,simulation
1986-01-16,0.82257223,simulation
1986-01-17,0.7784419,simulation
1986-01-18,0.75008917,simulation
1986-01-19,0.96489835,simulation
1986-01-20,0.87240034,simulation
1986-01-21,0.81515473,simulation
1986-01-22,0.7678696,simulation
1986-01-23,0.7307624,simulation
1986-01-24,0.6638965,simulation
1986-01-25,0.60355055,simulation
1986-01-26,0.83654517,simulation
1986-01-27,0.7683257,simulation
1986-01-28,0.6980675,simulation
1986-01-29,0.6268051,simulation
1986-01-30,0.59014577,simulation
1986-01-31,0.53862256,simulation
1986-02-01,0.48371762,simulation
1986-02-02,0.44060785,simulation
1986-02-03,0.41805047,simulation
1986-02-04,0.4022758,simulation
1986-02-05,2.0868738,simulation
1986-02-06,1.870584,simulation
1986-02-07,1.6940222,simulation
1986-02-08,1.4656816,simulation
1986-02-09,1.2728498,simulation
1986-02-10,1.3834453,simulation
1986-02-11,1.5071719,simulation
1986-02-12,1.4073131,simulation
1986-02-13,1.285829,simulation
1986-02-14,1.1441582,simulation
1986-02-15,1.3573022,simulation
1986-02-16,1.1821809,simulation
1986-02-17,1.0841737,simulation
1986-02-18,1.058085,simulation
1986-02-19,0.98943865,simulation
1986-02-20,0.92068166,simulation
1986-02-21,0.8460093,simulation
1986-02-22,0.8116909,simulation
1986-02-23,0.7757631,simulation
1986-02-24,0.6859638,simulation
1986-02-25,0.5915714,simulation
1986-02-26,0.52911496,simulation
1986-02-27,0.45702785,simulation
1986-02-28,0.42940474,simulation
1986-03-01,0.4358578,simulation
1986-03-02,0.39177945,simulation
1986-03-03,0.34014088,simulation
1986-03-04,0.3120205,simulation
1986-03-05,0.27172405,simulation
1986-03-06,0.23608828,simulation
1986-03-07,0.20172335,simulation
1986-03-08,0.1775891,simulation
1986-03-09,0.1650837,simulation
1986-03-10,0.14385793,simulation
1986-03-11,0.1331284,simulation
1986-03-12,0.1278302,simulation
1986-03-13,1.1056511,simulation
1986-03-14,1.0558863,simulation
1986-03-15,1.033237,simulation
1986-03-16,0.9691921,simulation
1986-03-17,0.8512172,simulation
1986-03-18,0.75578725,simulation
1986-03-19,1.7507296,simulation
1986-03-20,3.1718583,simulation
1986-03-21,2.5417726,simulation
1986-03-22,2.0466106,simulation
1986-03-23,1.682319,simulation
1986-03-24,1.3940922,simulation
1986-03-25,1.1318696,simulation
1986-03-26,0.9001387,simulation
1986-03-27,0.83366305,simulation
1986-03-28,0.6835727,simulation
1986-03-29,0.55814934,simulation
1986-03-30,0.45600832,simulation
1986-03-31,0.38723993,simulation
1986-04-01,0.32263213,simulation
1986-04-02,0.28998187,simulation
1986-04-03,0.23913048,simulation
1986-04-04,0.20265675,simulation
1986-04-05,0.17808537,simulation
1986-04-06,0.16687812,simulation
1986-04-07,0.15696251,simulation
1986-04-08,0.14110145,simulation
1986-04-09,0.19935724,simulation
1986-04-10,0.1652535,simulation
1986-04-11,0.15908049,simulation
1986-04-12,0.14180963,simulation
1986-04-13,0.26742497,simulation
1986-04-14,0.23445106,simulation
1986-04-15,0.21978176,simulation
1986-04-16,0.17797205,simulation
1986-04-17,0.14483365,simulation
1986-04-18,0.12765445,simulation
1986-04-19,0.10509315,simulation
1986-04-20,0.14751779,simulation
1986-04-21,0.2453868,simulation
1986-04-22,0.2133388,simulation
1986-04-23,0.1780874,simulation
1986-04-24,0.14554332,simulation
1986-04-25,0.12085404,simulation
1986-04-26,0.09603409,simulation
1986-04-27,0.07741013,simulation
1986-04-28,0.0736125,simulation
1986-04-29,0.06346845,simulation
1986-04-30,0.060450185,simulation
1986-05-01,0.054493263,simulation
1986-05-02,0.055193238,simulation
1986-05-03,0.05255256,simulation
1986-05-04,0.043088626,simulation
1986-05-05,0.034096457,simulation
1986-05-06,0.030215155,simulation
1986-05-07,0.027892556,simulation
1986-05-08,0.02561301,simulation
1986-05-09,0.023262765,simulation
1986-05-10,0.019782836,simulation
1986-05-11,0.030896798,simulation
1986-05-12,0.07025829,simulation
1986-05-13,0.122981474,simulation
1986-05-14,0.100258425,simulation
1986-05-15,0.08405271,simulation
1986-05-16,0.08069014,simulation
1986-05-17,0.0688105,simulation
1986-05-18,0.066463366,simulation
1986-05-19,0.21124034,simulation
1986-05-20,0.19141436,simulation
1986-05-21,0.16371928,simulation
1986-05-22,0.13717988,simulation
1986-05-23,0.11114858,simulation
1986-05-24,0.09550144,simulation
1986-05-25,0.14880499,simulation
1986-05-26,0.39878002,simulation
1986-05-27,0.72454447,simulation
1986-05-28,1.9174701,simulation
1986-05-29,1.8234352,simulation
1986-05-30,1.6065164,simulation
1986-05-31,4.646056,simulation
1986-06-01,3.8860068,simulation
1986-06-02,3.0717282,simulation
1986-06-03,2.5188367,simulation
1986-06-04,2.0528684,simulation
1986-06-05,2.0653827,simulation
1986-06-06,1.6853031,simulation
1986-06-07,1.4524144,simulation
1986-06-08,1.2293992,simulation
1986-06-09,1.0254457,simulation
1986-06-10,1.0640688,simulation
1986-06-11,0.98200595,simulation
1986-06-12,0.7776985,simulation
1986-06-13,0.62813,simulation
1986-06-14,0.49147657,simulation
1986-06-15,0.3802706,simulation
1986-06-16,0.2941222,simulation
1986-06-17,0.33221266,simulation
1986-06-18,0.2685354,simulation
1986-06-19,0.21317238,simulation
1986-06-20,0.1606493,simulation
1986-06-21,0.12330245,simulation
1986-06-22,0.11847203,simulation
1986-06-23,0.114535324,simulation
1986-06-24,0.08894659,simulation
1986-06-25,0.07010274,simulation
1986-06-26,0.056246787,simulation
1986-06-27,0.045482043,simulation
1986-06-28,0.03981181,simulation
1986-06-29,0.0745159,simulation
1986-06-30,0.07134244,simulation
1986-07-01,0.07251727,simulation
1986-07-02,0.0596546,simulation
1986-07-03,0.07774294,simulation
1986-07-04,0.06139776,simulation
1986-07-05,0.047410198,simulation
1986-07-06,0.041377798,simulation
1986-07-07,0.038424667,simulation
1986-07-08,0.038444787,simulation
1986-07-09,0.03148851,simulation
1986-07-10,0.02427493,simulation
1986-07-11,0.024121206,simulation
1986-07-12,0.024113486,simulation
1986-07-13,0.019891385,simulation
1986-07-14,0.015132717,simulation
1986-07-15,0.012783382,simulation
1986-07-16,0.012917089,simulation
1986-07-17,0.012291243,simulation
1986-07-18,0.019731032,simulation
1986-07-19,0.015763612,simulation
1986-07-20,0.012851391,simulation
1986-07-21,0.010470908,simulation
1986-07-22,0.011243128,simulation
1986-07-23,0.011214344,simulation
1986-07-24,0.009086087,simulation
1986-07-25,0.010427239,simulation
1986-07-26,0.00839968,simulation
1986-07-27,0.006711955,simulation
1986-07-28,0.013988726,simulation
1986-07-29,0.012340956,simulation
1986-07-30,0.009400198,simulation
1986-07-31,0.007583121,simulation
1986-08-01,0.0063892305,simulation
1986-08-02,0.005003918,simulation
1986-08-03,0.004687483,simulation
1986-08-04,0.0037035188,simulation
1986-08-05,0.0031864555,simulation
1986-08-06,0.002663154,simulation
1986-08-07,0.002341639,simulation
1986-08-08,0.0020169208,simulation
1986-08-09,0.002280093,simulation
1986-08-10,0.0019101868,simulation
1986-08-11,0.0018366997,simulation
1986-08-12,0.0019005439,simulation
1986-08-13,0.0016601955,simulation
1986-08-14,0.0013649144,simulation
1986-08-15,0.0011527109,simulation
1986-08-16,0.0012294467,simulation
1986-08-17,0.0012001524,simulation
1986-08-18,0.0010548668,simulation
1986-08-19,0.00084142387,simulation
1986-08-20,0.00066863524,simulation
1986-08-21,0.0005279171,simulation
1986-08-22,0.00047071374,simulation
1986-08-23,0.00043608202,simulation
1986-08-24,0.0003968013,simulation
1986-08-25,0.00031593887,simulation
1986-08-26,0.00024927026,simulation
1986-08-27,0.00021873636,simulation
1986-08-28,0.00025455188,simulation
1986-08-29,0.0002543374,simulation
1986-08-30,0.00022051277,simulation
1986-08-31,0.00019380698,simulation
1986-09-01,0.00018442834,simulation
1986-09-02,0.00018371333,simulation
1986-09-03,0.00048515573,simulation
1986-09-04,0.00072694966,simulation
1986-09-05,0.0017075323,simulation
1986-09-06,0.0018049896,simulation
1986-09-07,0.0017275974,simulation
1986-09-08,0.0015130402,simulation
1986-09-09,0.0012178922,simulation
1986-09-10,0.0010152535,simulation
1986-09-11,0.00086844055,simulation
1986-09-12,0.0009506347,simulation
1986-09-13,0.0014256588,simulation
1986-09-14,0.0011869413,simulation
1986-09-15,0.0010558113,simulation
1986-09-16,0.00092496345,simulation
1986-09-17,0.00080387277,simulation
1986-09-18,0.0006884921,simulation
1986-09-19,0.00090616045,simulation
1986-09-20,0.00083197025,simulation
1986-09-21,0.0007616019,simulation
1986-09-22,0.00081835967,simulation
1986-09-23,0.0008109113,simulation
1986-09-24,0.000690974,simulation
1986-09-25,0.0005992651,simulation
1986-09-26,0.0005110035,simulation
1986-09-27,0.00043762996,simulation
1986-09-28,0.0003778315,simulation
1986-09-29,0.00031969402,simulation
1986-09-30,0.00027527675,simulation
1986-10-01,0.00029125973,simulation
1986-10-02,0.00034992563,simulation
1986-10-03,0.00044583125,simulation
1986-10-04,0.00048036122,simulation
1986-10-05,0.00042761734,simulation
1986-10-06,0.00038616714,simulation
1986-10-07,0.00038433317,simulation
1986-10-08,0.00037262854,simulation
1986-10-09,0.00046349588,simulation
1986-10-10,0.0005689212,simulation
1986-10-11,0.0005624766,simulation
1986-10-12,0.0005740708,simulation
1986-10-13,0.0075056255,simulation
1986-10-14,0.021784239,simulation
1986-10-15,0.02090257,simulation
1986-10-16,0.018784184,simulation
1986-10-17,0.016645992,simulation
1986-10-18,0.014823431,simulation
1986-10-19,0.01319233,simulation
1986-10-20,0.0116168875,simulation
1986-10-21,0.01036227,simulation
1986-10-22,0.009845661,simulation
1986-10-23,0.009751517,simulation
1986-10-24,0.012415004,simulation
1986-10-25,0.020246252,simulation
1986-10-26,0.019959865,simulation
1986-10-27,0.01877443,simulation
1986-10-28,0.017833173,simulation
1986-10-29,0.016189223,simulation
1986-10-30,0.01490168,simulation
1986-10-31,0.013535644,simulation
1986-11-01,0.012545363,simulation
1986-11-02,0.012517153,simulation
1986-11-03,0.01205052,simulation
1986-11-04,0.011945871,simulation
1986-11-05,0.036762144,simulation
1986-11-06,0.060697004,simulation
1986-11-07,0.059850123,simulation
1986-11-08,0.07768673,simulation
1986-11-09,0.07856478,simulation
1986-11-10,0.08085709,simulation
1986-11-11,0.08180991,simulation
1986-11-12,0.097712465,simulation
1986-11-13,0.09530587,simulation
1986-11-14,0.09191846,simulation
1986-11-15,0.090375856,simulation
1986-11-16,0.08900716,simulation
1986-11-17,0.16100049,simulation
1986-11-18,0.16442163,simulation
1986-11-19,0.16071063,simulation
1986-11-20,0.19229648,simulation
1986-11-21,0.5029512,simulation
1986-11-22,0.4578842,simulation
1986-11-23,0.7204445,simulation
1986-11-24,1.5820789,simulation
1986-11-25,5.86887,simulation
1986-11-26,18.32751,simulation
1986-11-27,12.32546,simulation
1986-11-28,8.894865,simulation
1986-11-29,7.784384,simulation
1986-11-30,8.093824,simulation
1986-12-01,6.9399242,simulation
1986-12-02,5.633145,simulation
1986-12-03,4.568849,simulation
1986-12-04,3.766137,simulation
1986-12-05,3.235296,simulation
1986-12-06,2.7459393,simulation
1986-12-07,2.3795285,simulation
1986-12-08,2.1421204,simulation
1986-12-09,1.9249357,simulation
1986-12-10,3.5484042,simulation
1986-12-11,7.982042,simulation
1986-12-12,6.7287536,simulation
1986-12-13,5.417043,simulation
1986-12-14,4.438798,simulation
1986-12-15,3.7692657,simulation
1986-12-16,5.1032467,simulation
1986-12-17,4.628592,simulation
1986-12-18,4.1680307,simulation
1986-12-19,5.4058685,simulation
1986-12-20,4.5018034,simulation
1986-12-21,3.81259,simulation
1986-12-22,3.3008866,simulation
1986-12-23,5.324286,simulation
1986-12-24,8.043963,simulation
1986-12-25,6.2971225,simulation
1986-12-26,5.2386994,simulation
1986-12-27,4.346227,simulation
1986-12-28,3.6480684,simulation
1986-12-29,3.1807804,simulation
1986-12-30,2.7826347,simulation
1986-12-31,2.4512427,simulation
1987-01-01,2.220385,simulation
1987-01-02,1.9769725,simulation
1987-01-03,1.7752386,simulation
1987-01-04,3.2517996,simulation
1987-01-05,3.4332194,simulation
1987-01-06,2.9298232,simulation
1987-01-07,2.5873654,simulation
1987-01-08,2.3169534,simulation
1987-01-09,2.076971,simulation
1987-01-10,2.1624458,simulation
1987-01-11,1.9514854,simulation
1987-01-12,1.747193,simulation
1987-01-13,1.5525386,simulation
1987-01-14,1.4409893,simulation
1987-01-15,1.6095273,simulation
1987-01-16,1.6066424,simulation
1987-01-17,1.941267,simulation
1987-01-18,7.4655185,simulation
1987-01-19,22.623484,simulation
1987-01-20,15.39724,simulation
1987-01-21,12.0532675,simulation
1987-01-22,10.263223,simulation
1987-01-23,8.176498,simulation
1987-01-24,6.075326,simulation
1987-01-25,6.683923,simulation
1987-01-26,7.9394536,simulation
1987-01-27,6.076199,simulation
1987-01-28,4.8090205,simulation
1987-01-29,3.9065948,simulation
1987-01-30,3.2781997,simulation
1987-01-31,2.6375682,simulation
1987-02-01,2.3181548,simulation
1987-02-02,2.5969357,simulation
1987-02-03,4.4878683,simulation
1987-02-04,3.7869494,simulation
1987-02-05,3.3521373,simulation
1987-02-06,3.728493,simulation
1987-02-07,8.436796,simulation
1987-02-08,7.733697,simulation
1987-02-09,5.880485,simulation
1987-02-10,4.481811,simulation
1987-02-11,3.7226546,simulation
1987-02-12,3.1402247,simulation
1987-02-13,2.627972,simulation
1987-02-14,2.1735523,simulation
1987-02-15,1.8261279,simulation
1987-02-16,7.3591385,simulation
1987-02-17,6.042635,simulation
1987-02-18,4.924945,simulation
1987-02-19,4.1988206,simulation
1987-02-20,3.5362816,simulation
1987-02-21,5.108496,simulation
1987-02-22,8.490248,simulation
1987-02-23,12.450071,simulation
1987-02-24,9.141375,simulation
1987-02-25,6.9560843,simulation
1987-02-26,5.958043,simulation
1987-02-27,17.6975,simulation
1987-02-28,28.453405,simulation
1987-03-01,27.847788,simulation
1987-03-02,19.590967,simulation
1987-03-03,12.498709,simulation
1987-03-04,8.5040245,simulation
1987-03-05,5.875615,simulation
1987-03-06,4.4190073,simulation
1987-03-07,3.437854,simulation
1987-03-08,4.9524546,simulation
1987-03-09,8.787028,simulation
1987-03-10,6.3188424,simulation
1987-03-11,5.0542884,simulation
1987-03-12,4.4782014,simulation
1987-03-13,3.5943232,simulation
1987-03-14,2.8361707,simulation
1987-03-15,2.2243555,simulation
1987-03-16,1.9694382,simulation
1987-03-17,1.6451426,simulation
1987-03-18,4.084588,simulation
1987-03-19,3.5304961,simulation
1987-03-20,2.7841537,simulation
1987-03-21,2.2527072,simulation
1987-03-22,1.7772177,simulation
1987-03-23,1.4996182,simulation
1987-03-24,1.4507663,simulation
1987-03-25,1.5115626,simulation
1987-03-26,1.3180585,simulation
1987-03-27,1.2005625,simulation
1987-03-28,1.2230351,simulation
1987-03-29,0.97740585,simulation
1987-03-30,1.5357922,simulation
1987-03-31,1.5047534,simulation
1987-04-01,1.2689532,simulation
1987-04-02,1.0290954,simulation
1987-04-03,1.1374025,simulation
1987-04-04,1.3545706,simulation
1987-04-05,1.1194932,simulation
1987-04-06,0.9204903,simulation
1987-04-07,0.7702077,simulation
1987-04-08,0.66012573,simulation
1987-04-09,0.5548908,simulation
1987-04-10,0.45539168,simulation
1987-04-11,0.3647976,simulation
1987-04-12,0.31217048,simulation
1987-04-13,0.26037082,simulation
1987-04-14,0.33103892,simulation
1987-04-15,0.34496802,simulation
1987-04-16,0.3262416,simulation
1987-04-17,0.27813837,simulation
1987-04-18,0.22981241,simulation
1987-04-19,0.18381594,simulation
1987-04-20,0.1459426,simulation
1987-04-21,0.11556398,simulation
1987-04-22,0.09111613,simulation
1987-04-23,0.08729841,simulation
1987-04-24,0.06926637,simulation
1987-04-25,0.0554102,simulation
1987-04-26,0.044012405,simulation
1987-04-27,0.035111904,simulation
1987-04-28,0.027673801,simulation
1987-04-29,0.021512328,simulation
1987-04-30,0.017074056,simulation
1987-05-01,0.014659386,simulation
1987-05-02,0.011743475,simulation
1987-05-03,0.024637375,simulation
1987-05-04,0.20256786,simulation
1987-05-05,0.20938088,simulation
1987-05-06,0.22349055,simulation
1987-05-07,0.92586184,simulation
1987-05-08,0.8777317,simulation
1987-05-09,0.6799137,simulation
1987-05-10,0.5766135,simulation
1987-05-11,0.9521488,simulation
1987-05-12,0.9131914,simulation
1987-05-13,0.8383565,simulation
1987-05-14,1.9818631,simulation
1987-05-15,2.5655189,simulation
1987-05-16,2.5529237,simulation
1987-05-17,2.1838903,simulation
1987-05-18,4.251537,simulation
1987-05-19,3.4375145,simulation
1987-05-20,2.8626623,simulation
1987-05-21,2.3122473,simulation
1987-05-22,1.822617,simulation
1987-05-23,1.8464108,simulation
1987-05-24,1.7437677,simulation
1987-05-25,1.8884383,simulation
1987-05-26,1.574745,simulation
1987-05-27,1.2071934,simulation
1987-05-28,1.2341676,simulation
1987-05-29,1.0272851,simulation
1987-05-30,0.8839394,simulation
1987-05-31,0.74986994,simulation
1987-06-01,0.59374815,simulation
1987-06-02,0.458501,simulation
1987-06-03,0.3816478,simulation
1987-06-04,0.6006383,simulation
1987-06-05,0.63866735,simulation
1987-06-06,0.5050026,simulation
1987-06-07,0.3847815,simulation
1987-06-08,0.2994188,simulation
1987-06-09,0.23734383,simulation
1987-06-10,0.21044792,simulation
1987-06-11,0.19956021,simulation
1987-06-12,0.17310876,simulation
1987-06-13,0.18338126,simulation
1987-06-14,0.43035182,simulation
1987-06-15,0.39800456,simulation
1987-06-16,0.49253246,simulation
1987-06-17,0.41358393,simulation
1987-06-18,0.48320034,simulation
1987-06-19,0.4875249,simulation
1987-06-20,1.5321993,simulation
1987-06-21,1.2823992,simulation
1987-06-22,1.1156766,simulation
1987-06-23,0.9174928,simulation
1987-06-24,0.73356825,simulation
1987-06-25,0.82641643,simulation
1987-06-26,0.6880852,simulation
1987-06-27,0.5727689,simulation
1987-06-28,0.45472214,simulation
1987-06-29,0.33925867,simulation
1987-06-30,0.26152113,simulation
1987-07-01,0.29543337,simulation
1987-07-02,0.29909024,simulation
1987-07-03,0.27207088,simulation
1987-07-04,0.23727968,simulation
1987-07-05,0.21950606,simulation
1987-07-06,0.17792498,simulation
1987-07-07,0.15653081,simulation
1987-07-08,0.1496462,simulation
1987-07-09,0.13330486,simulation
1987-07-10,0.11584489,simulation
1987-07-11,0.1033687,simulation
1987-07-12,0.08321275,simulation
1987-07-13,0.06417375,simulation
1987-07-14,0.057430275,simulation
1987-07-15,0.051206257,simulation
1987-07-16,0.04358297,simulation
1987-07-17,0.033127032,simulation
1987-07-18,0.025507092,simulation
1987-07-19,0.019759633,simulation
1987-07-20,0.015734036,simulation
1987-07-21,0.012205337,simulation
1987-07-22,0.021889566,simulation
1987-07-23,0.030410048,simulation
1987-07-24,0.026588615,simulation
1987-07-25,0.023789512,simulation
1987-07-26,0.021590028,simulation
1987-07-27,0.017403321,simulation
1987-07-28,0.013491734,simulation
1987-07-29,0.010535795,simulation
1987-07-30,0.007984221,simulation
1987-07-31,0.010588158,simulation
1987-08-01,0.008342836,simulation
1987-08-02,0.0065544737,simulation
1987-08-03,0.006031998,simulation
1987-08-04,0.0073490837,simulation
1987-08-05,0.009738446,simulation
1987-08-06,0.008764536,simulation
1987-08-07,0.025939077,simulation
1987-08-08,0.030107697,simulation
1987-08-09,0.024082689,simulation
1987-08-10,0.01980843,simulation
1987-08-11,0.024486238,simulation
1987-08-12,0.042012043,simulation
1987-08-13,0.2584332,simulation
1987-08-14,0.27577624,simulation
1987-08-15,0.27118066,simulation
1987-08-16,0.27939957,simulation
1987-08-17,0.2486018,simulation
1987-08-18,0.23468247,simulation
1987-08-19,0.26418093,simulation
1987-08-20,0.23163995,simulation
1987-08-21,0.18040323,simulation
1987-08-22,0.1383787,simulation
1987-08-23,0.10809455,simulation
1987-08-24,0.08413041,simulation
1987-08-25,0.07814232,simulation
1987-08-26,0.061243087,simulation
1987-08-27,0.0490276,simulation
1987-08-28,0.04417073,simulation
1987-08-29,0.038754933,simulation
1987-08-30,0.032988522,simulation
1987-08-31,0.033293173,simulation
1987-09-01,0.03277654,simulation
1987-09-02,0.028680293,simulation
1987-09-03,0.022718757,simulation
1987-09-04,0.017900808,simulation
1987-09-05,0.0144078275,simulation
1987-09-06,0.011641591,simulation
1987-09-07,0.011054079,simulation
1987-09-08,0.011858971,simulation
1987-09-09,0.010517277,simulation
1987-09-10,0.009000407,simulation
1987-09-11,0.008442647,simulation
1987-09-12,0.013951029,simulation
1987-09-13,0.012904381,simulation
1987-09-14,0.0113000525,simulation
1987-09-15,0.0095629385,simulation
1987-09-16,0.012830186,simulation
1987-09-17,0.012603037,simulation
1987-09-18,0.013555378,simulation
1987-09-19,0.018971317,simulation
1987-09-20,0.020760708,simulation
1987-09-21,0.017131906,simulation
1987-09-22,0.014421151,simulation
1987-09-23,0.012191419,simulation
1987-09-24,0.010315363,simulation
1987-09-25,0.008697983,simulation
1987-09-26,0.007389131,simulation
1987-09-27,0.006711393,simulation
1987-09-28,0.0060855187,simulation
1987-09-29,0.0053372844,simulation
1987-09-30,0.006381078,simulation
1987-10-01,0.005304338,simulation
1987-10-02,0.0044917995,simulation
1987-10-03,0.0037510009,simulation
1987-10-04,0.0031312811,simulation
1987-10-05,0.002729248,simulation
1987-10-06,0.0023672944,simulation
1987-10-07,0.002023795,simulation
1987-10-08,0.0017490942,simulation
1987-10-09,0.0015338907,simulation
1987-10-10,0.0013583888,simulation
1987-10-11,0.0011744131,simulation
1987-10-12,0.001014437,simulation
1987-10-13,0.0008945107,simulation
1987-10-14,0.00078522577,simulation
1987-10-15,0.0006885487,simulation
1987-10-16,0.00062672753,simulation
1987-10-17,0.00056873885,simulation
1987-10-18,0.0005128991,simulation
1987-10-19,0.00046949636,simulation
1987-10-20,0.00045876775,simulation
1987-10-21,0.0004584957,simulation
1987-10-22,0.0004093293,simulation
1987-10-23,0.00037294315,simulation
1987-10-24,0.00034014054,simulation
1987-10-25,0.00034129407,simulation
1987-10-26,0.00034382116,simulation
1987-10-27,0.00042805573,simulation
1987-10-28,0.0003906048,simulation
1987-10-29,0.00035421224,simulation
1987-10-30,0.00032214457,simulation
1987-10-31,0.0002853876,simulation
1987-11-01,0.00025520788,simulation
1987-11-02,0.00022858923,simulation
1987-11-03,0.00020595815,simulation
1987-11-04,0.00019243665,simulation
1987-11-05,0.00019415242,simulation
1987-11-06,0.00016856028,simulation
1987-11-07,0.00014808401,simulation
1987-11-08,0.00013396905,simulation
1987-11-09,0.0001343872,simulation
1987-11-10,0.00019619202,simulation
1987-11-11,0.00019927284,simulation
1987-11-12,0.00019093834,simulation
1987-11-13,0.00018578958,simulation
1987-11-14,0.00018736541,simulation
1987-11-15,0.00018287495,simulation
1987-11-16,0.00018074171,simulation
1987-11-17,0.00229816,simulation
1987-11-18,0.002244431,simulation
1987-11-19,0.0022314887,simulation
1987-11-20,0.0022138054,simulation
1987-11-21,0.0020377627,simulation
1987-11-22,0.0019598212,simulation
1987-11-23,0.0017999331,simulation
1987-11-24,0.0016405053,simulation
1987-11-25,0.0016205346,simulation
1987-11-26,0.0015848754,simulation
1987-11-27,0.0020446773,simulation
1987-11-28,0.0022770723,simulation
1987-11-29,0.0030694583,simulation
1987-11-30,0.0030441924,simulation
1987-12-01,0.003002753,simulation
1987-12-02,0.0029153128,simulation
1987-12-03,0.0028567547,simulation
1987-12-04,0.0028428738,simulation
1987-12-05,0.0025995127,simulation
1987-12-06,0.0025567494,simulation
1987-12-07,0.0025260623,simulation
1987-12-08,0.0026821129,simulation
1987-12-09,0.002759065,simulation
1987-12-10,0.002769338,simulation
1987-12-11,0.0026983263,simulation
1987-12-12,0.0026774805,simulation
1987-12-13,0.0026100385,simulation
1987-12-14,0.0025512702,simulation
1987-12-15,0.0026713957,simulation
1987-12-16,0.0033307655,simulation
1987-12-17,0.003225528,simulation
1987-12-18,0.003169707,simulation
1987-12-19,0.0031742773,simulation
1987-12-20,0.007996802,simulation
1987-12-21,0.010090849,simulation
1987-12-22,0.022423195,simulation
1987-12-23,0.022661062,simulation
1987-12-24,0.021841634,simulation
1987-12-25,0.02195701,simulation
1987-12-26,0.021665797,simulation
1987-12-27,0.046904497,simulation
1987-12-28,0.07260851,simulation
1987-12-29,0.071176276,simulation
1987-12-30,0.06960035,simulation
1987-12-31,0.070069216,simulation
1988-01-01,0.08036237,simulation
1988-01-02,0.10170503,simulation
1988-01-03,0.10200887,simulation
1988-01-04,0.108642355,simulation
1988-01-05,0.106519915,simulation
1988-01-06,0.10348561,simulation
1988-01-07,0.10083865,simulation
1988-01-08,0.19304682,simulation
1988-01-09,0.19244096,simulation
1988-01-10,0.19144516,simulation
1988-01-11,0.18729103,simulation
1988-01-12,0.1807798,simulation
1988-01-13,0.22605155,simulation
1988-01-14,0.24172041,simulation
1988-01-15,0.23353823,simulation
1988-01-16,0.22238033,simulation
1988-01-17,0.217005,simulation
1988-01-18,0.22582199,simulation
1988-01-19,0.26665798,simulation
1988-01-20,0.54812866,simulation
1988-01-21,0.5178729,simulation
1988-01-22,0.49761015,simulation
1988-01-23,0.47134292,simulation
1988-01-24,0.4346541,simulation
1988-01-25,0.47204623,simulation
1988-01-26,0.44490254,simulation
1988-01-27,0.42297912,simulation
1988-01-28,0.39957687,simulation
1988-01-29,0.36750546,simulation
1988-01-30,0.35144153,simulation
1988-01-31,0.330454,simulation
1988-02-01,0.32337704,simulation
1988-02-02,0.5515097,simulation
1988-02-03,1.2034706,simulation
1988-02-04,1.3862604,simulation
1988-02-05,1.4895686,simulation
1988-02-06,1.4153798,simulation
1988-02-07,1.2570733,simulation
1988-02-08,1.1792797,simulation
1988-02-09,1.0933769,simulation
1988-02-10,1.0232483,simulation
1988-02-11,0.9297214,simulation
1988-02-12,1.3158144,simulation
1988-02-13,1.1936941,simulation
1988-02-14,1.0640424,simulation
1988-02-15,3.3211274,simulation
1988-02-16,3.038072,simulation
1988-02-17,2.6788218,simulation
1988-02-18,2.506367,simulation
1988-02-19,5.049173,simulation
1988-02-20,4.2683816,simulation
1988-02-21,3.5783253,simulation
1988-02-22,2.9245508,simulation
1988-02-23,2.3028412,simulation
1988-02-24,2.04882,simulation
1988-02-25,1.7175027,simulation
1988-02-26,1.4641081,simulation
1988-02-27,1.2853601,simulation
1988-02-28,1.2577376,simulation
1988-02-29,1.0608728,simulation
1988-03-01,0.92749107,simulation
1988-03-02,0.8200191,simulation
1988-03-03,1.1775398,simulation
1988-03-04,1.9341826,simulation
1988-03-05,1.7656568,simulation
1988-03-06,1.6143876,simulation
1988-03-07,1.3955649,simulation
1988-03-08,1.1746086,simulation
1988-03-09,1.2515664,simulation
1988-03-10,1.898215,simulation
1988-03-11,1.6207476,simulation
1988-03-12,1.3163307,simulation
1988-03-13,1.2924931,simulation
1988-03-14,1.0677392,simulation
1988-03-15,0.9025398,simulation
1988-03-16,0.77815646,simulation
1988-03-17,0.669712,simulation
1988-03-18,0.7081235,simulation
1988-03-19,0.88662726,simulation
1988-03-20,0.7774759,simulation
1988-03-21,0.6424616,simulation
1988-03-22,0.5229469,simulation
1988-03-23,0.4353828,simulation
1988-03-24,0.3906494,simulation
1988-03-25,0.59052664,simulation
1988-03-26,1.1828963,simulation
1988-03-27,1.1338668,simulation
1988-03-28,0.91302574,simulation
1988-03-29,0.8013652,simulation
1988-03-30,1.530938,simulation
1988-03-31,2.2619627,simulation
1988-04-01,2.4685173,simulation
1988-04-02,4.0877867,simulation
1988-04-03,7.612795,simulation
1988-04-04,5.8783607,simulation
1988-04-05,4.2097125,simulation
1988-04-06,3.005185,simulation
1988-04-07,2.3952491,simulation
1988-04-08,1.792042,simulation
1988-04-09,1.4211043,simulation
1988-04-10,1.282903,simulation
1988-04-11,1.2038226,simulation
1988-04-12,1.2319732,simulation
1988-04-13,1.0924796,simulation
1988-04-14,0.86573505,simulation
1988-04-15,0.7012379,simulation
1988-04-16,0.56767803,simulation
1988-04-17,0.49079058,simulation
1988-04-18,0.47650015,simulation
1988-04-19,1.9300811,simulation
1988-04-20,1.6349078,simulation
1988-04-21,1.268501,simulation
1988-04-22,1.1174331,simulation
1988-04-23,1.080951,simulation
1988-04-24,2.0275002,simulation
1988-04-25,1.497369,simulation
1988-04-26,1.3441762,simulation
1988-04-27,1.0359716,simulation
1988-04-28,0.8038679,simulation
1988-04-29,0.65693665,simulation
1988-04-30,0.5887343,simulation
1988-05-01,0.5584532,simulation
1988-05-02,0.44164377,simulation
1988-05-03,0.34424388,simulation
1988-05-04,0.3133081,simulation
1988-05-05,0.26589185,simulation
1988-05-06,0.20913967,simulation
1988-05-07,0.17374371,simulation
1988-05-08,0.16280621,simulation
1988-05-09,0.1449604,simulation
1988-05-10,0.12594317,simulation
1988-05-11,0.11758067,simulation
1988-05-12,0.09815792,simulation
1988-05-13,0.09534771,simulation
1988-05-14,0.07677517,simulation
1988-05-15,0.061382715,simulation
1988-05-16,0.04946856,simulation
1988-05-17,0.045865636,simulation
1988-05-18,0.03492133,simulation
1988-05-19,0.027186343,simulation
1988-05-20,0.021527654,simulation
1988-05-21,0.017467149,simulation
1988-05-22,0.018068971,simulation
1988-05-23,0.01891477,simulation
1988-05-24,0.0161088,simulation
1988-05-25,0.017238386,simulation
1988-05-26,0.015313072,simulation
1988-05-27,0.011817082,simulation
1988-05-28,0.009181138,simulation
1988-05-29,0.0070766355,simulation
1988-05-30,0.0053947857,simulation
1988-05-31,0.0041623246,simulation
1988-06-01,0.0032791325,simulation
1988-06-02,0.0026385484,simulation
1988-06-03,0.0025407847,simulation
1988-06-04,0.0023908883,simulation
1988-06-05,0.0020625594,simulation
1988-06-06,0.0018822406,simulation
1988-06-07,0.0016974348,simulation
1988-06-08,0.0015785046,simulation
1988-06-09,0.001204869,simulation
1988-06-10,0.0010687999,simulation
1988-06-11,0.00079998677,simulation
1988-06-12,0.0006177914,simulation
1988-06-13,0.00048320697,simulation
1988-06-14,0.00037012852,simulation
1988-06-15,0.00028955692,simulation
1988-06-16,0.00022506695,simulation
1988-06-17,0.0001803099,simulation
1988-06-18,0.00015520677,simulation
1988-06-19,0.00021226208,simulation
1988-06-20,0.00019189845,simulation
1988-06-21,0.00015154094,simulation
1988-06-22,0.00012121627,simulation
1988-06-23,0.00011598757,simulation
1988-06-24,0.000111688285,simulation
1988-06-25,0.0001010976,simulation
1988-06-26,9.09472e-05,simulation
1988-06-27,8.09702e-05,simulation
1988-06-28,6.716033e-05,simulation
1988-06-29,5.0443334e-05,simulation
1988-06-30,4.2738742e-05,simulation
1988-07-01,3.9271545e-05,simulation
1988-07-02,3.4636345e-05,simulation
1988-07-03,4.6492663e-05,simulation
1988-07-04,9.1805516e-05,simulation
1988-07-05,0.00011395637,simulation
1988-07-06,0.0001491619,simulation
1988-07-07,0.00016696515,simulation
1988-07-08,0.00016010815,simulation
1988-07-09,0.00014692082,simulation
1988-07-10,0.0001406648,simulation
1988-07-11,0.00023613773,simulation
1988-07-12,0.00022711119,simulation
1988-07-13,0.00019694056,simulation
1988-07-14,0.00018704087,simulation
1988-07-15,0.00015731902,simulation
1988-07-16,0.00012920886,simulation
1988-07-17,0.0001314117,simulation
1988-07-18,0.00030128894,simulation
1988-07-19,0.00027455878,simulation
1988-07-20,0.00024468248,simulation
1988-07-21,0.00021081134,simulation
1988-07-22,0.00040470765,simulation
1988-07-23,0.00054161117,simulation
1988-07-24,0.00043989357,simulation
1988-07-25,0.00034622717,simulation
1988-07-26,0.00039522565,simulation
1988-07-27,0.00039563925,simulation
1988-07-28,0.0003422742,simulation
1988-07-29,0.00028095636,simulation
1988-07-30,0.00026354383,simulation
1988-07-31,0.00023097551,simulation
1988-08-01,0.00019958633,simulation
1988-08-02,0.00031218934,simulation
1988-08-03,0.0002568882,simulation
1988-08-04,0.00021481204,simulation
1988-08-05,0.00018659464,simulation
1988-08-06,0.00018410168,simulation
1988-08-07,0.0002003044,simulation
1988-08-08,0.0002044146,simulation
1988-08-09,0.00017364677,simulation
1988-08-10,0.00019962757,simulation
1988-08-11,0.00022700733,simulation
1988-08-12,0.00019501444,simulation
1988-08-13,0.00018267137,simulation
1988-08-14,0.00015403454,simulation
1988-08-15,0.0001241043,simulation
1988-08-16,0.00010264416,simulation
1988-08-17,9.2110735e-05,simulation
1988-08-18,8.317958e-05,simulation
1988-08-19,7.173064e-05,simulation
1988-08-20,6.755257e-05,simulation
1988-08-21,0.00011348289,simulation
1988-08-22,0.0043301014,simulation
1988-08-23,0.0042013754,simulation
1988-08-24,0.0040759537,simulation
1988-08-25,0.0043192226,simulation
1988-08-26,0.0033720287,simulation
1988-08-27,0.0026842214,simulation
1988-08-28,0.0021684582,simulation
1988-08-29,0.0018284707,simulation
1988-08-30,0.0024112766,simulation
1988-08-31,0.0022002487,simulation
1988-09-01,0.003171614,simulation
1988-09-02,0.0031149592,simulation
1988-09-03,0.005859108,simulation
1988-09-04,0.013474452,simulation
1988-09-05,0.23794286,simulation
1988-09-06,0.19563188,simulation
1988-09-07,0.15459761,simulation
1988-09-08,0.124422856,simulation
1988-09-09,0.103149086,simulation
1988-09-10,0.088048786,simulation
1988-09-11,0.120870486,simulation
1988-09-12,0.11082352,simulation
1988-09-13,0.10047053,simulation
1988-09-14,0.09488012,simulation
1988-09-15,0.0786528,simulation
1988-09-16,0.078744456,simulation
1988-09-17,0.13661896,simulation
1988-09-18,0.1320666,simulation
1988-09-19,0.123747975,simulation
1988-09-20,0.11244657,simulation
1988-09-21,0.09921982,simulation
1988-09-22,0.08905217,simulation
1988-09-23,0.07481472,simulation
1988-09-24,0.06404598,simulation
1988-09-25,0.057791624,simulation
1988-09-26,0.054076824,simulation
1988-09-27,0.046488587,simulation
1988-09-28,0.042613585,simulation
1988-09-29,0.042700797,simulation
1988-09-30,0.048246868,simulation
