time,loss_unconstrained,phase
1948-10-01,0.0,spinup1
1948-10-02,0.038289364,spinup1
1948-10-03,0.07692868,spinup1
1948-10-04,0.15967232,spinup1
1948-10-05,0.0478517,spinup1
1948-10-06,0.1030578,spinup1
1948-10-07,0.020734118,spinup1
1948-10-08,0.37720144,spinup1
1948-10-09,0.30478182,spinup1
1948-10-10,0.06301109,spinup1
1948-10-11,0.02939948,spinup1
1948-10-12,1.0832279,spinup1
1948-10-13,1.0574358,spinup1
1948-10-14,0.32070318,spinup1
1948-10-15,0.5471991,spinup1
1948-10-16,0.5943952,spinup1
1948-10-17,0.10128635,spinup1
1948-10-18,0.79224056,spinup1
1948-10-19,0.6753049,spinup1
1948-10-20,0.3405317,spinup1
1948-10-21,0.57407904,spinup1
1948-10-22,0.33809945,spinup1
1948-10-23,0.55671966,spinup1
1948-10-24,0.1466581,spinup1
1948-10-25,0.18438287,spinup1
1948-10-26,0.18984748,spinup1
1948-10-27,0.43096346,spinup1
1948-10-28,0.76293534,spinup1
1948-10-29,0.80258334,spinup1
1948-10-30,0.28252342,spinup1
1948-10-31,0.13586797,spinup1
1948-11-01,0.069288805,spinup1
1948-11-02,0.712482,spinup1
1948-11-03,0.10850896,spinup1
1948-11-04,0.3818237,spinup1
1948-11-05,0.12715127,spinup1
1948-11-06,0.8071874,spinup1
1948-11-07,0.53573537,spinup1
1948-11-08,0.35397816,spinup1
1948-11-09,0.11829131,spinup1
1948-11-10,0.67631847,spinup1
1948-11-11,0.2839994,spinup1
1948-11-12,0.24205315,spinup1
1948-11-13,0.18643063,spinup1
1948-11-14,0.16188715,spinup1
1948-11-15,0.2593971,spinup1
1948-11-16,0.10971883,spinup1
1948-11-17,0.35810778,spinup1
1948-11-18,0.1838555,spinup1
1948-11-19,0.8086785,spinup1
1948-11-20,1.4357115,spinup1
1948-11-21,0.2818842,spinup1
1948-11-22,0.20504047,spinup1
1948-11-23,0.21661343,spinup1
1948-11-24,0.7640561,spinup1
1948-11-25,1.1136389,spinup1
1948-11-26,0.19418281,spinup1
1948-11-27,0.23908065,spinup1
1948-11-28,0.32013825,spinup1
1948-11-29,0.7507425,spinup1
1948-11-30,0.8953547,spinup1
1948-12-01,1.09186,spinup1
1948-12-02,0.4492393,spinup1
1948-12-03,1.1900729,spinup1
1948-12-04,0.47245276,spinup1
1948-12-05,0.4628705,spinup1
1948-12-06,1.0776159,spinup1
1948-12-07,0.2699176,spinup1
1948-12-08,1.0751426,spinup1
1948-12-09,1.4298248,spinup1
1948-12-10,1.1100013,spinup1
1948-12-11,0.9842296,spinup1
1948-12-12,0.41334128,spinup1
1948-12-13,0.30058888,spinup1
1948-12-14,0.36096245,spinup1
1948-12-15,0.571872,spinup1
1948-12-16,0.30170083,spinup1
1948-12-17,0.35155514,spinup1
1948-12-18,0.27733418,spinup1
1948-12-19,0.448459,spinup1
1948-12-20,1.0100834,spinup1
1948-12-21,0.6238913,spinup1
1948-12-22,0.5472184,spinup1
1948-12-23,0.6481452,spinup1
1948-12-24,0.47864848,spinup1
1948-12-25,0.4260159,spinup1
1948-12-26,0.43898764,spinup1
1948-12-27,0.540061,spinup1
1948-12-28,0.55268157,spinup1
1948-12-29,0.48392034,spinup1
1948-12-30,0.74928755,spinup1
1948-12-31,0.83861285,spinup1
1949-01-01,0.6882846,spinup1
1949-01-02,0.5943821,spinup1
1949-01-03,0.49358806,spinup1
1949-01-04,0.44127774,spinup1
1949-01-05,0.45780498,spinup1
1949-01-06,0.9138025,spinup1
1949-01-07,0.66476476,spinup1
1949-01-08,0.96414906,spinup1
1949-01-09,1.6174866,spinup1
1949-01-10,2.017607,spinup1
1949-01-11,1.148873,spinup1
1949-01-12,0.5809302,spinup1
1949-01-13,0.46393594,spinup1
1949-01-14,0.5824967,spinup1
1949-01-15,1.6733502,spinup1
1949-01-16,1.1235507,spinup1
1949-01-17,0.35854506,spinup1
1949-01-18,0.63650054,spinup1
1949-01-19,0.57862145,spinup1
1949-01-20,0.6931966,spinup1
1949-01-21,0.38040543,spinup1
1949-01-22,0.3822916,spinup1
1949-01-23,0.8053485,spinup1
1949-01-24,0.9388633,spinup1
1949-01-25,0.54572433,spinup1
1949-01-26,0.48041564,spinup1
1949-01-27,0.7786142,spinup1
1949-01-28,1.2242318,spinup1
1949-01-29,0.75510186,spinup1
1949-01-30,0.42715335,spinup1
1949-01-31,0.3669568,spinup1
1949-02-01,0.42069995,spinup1
1949-02-02,1.5481607,spinup1
1949-02-03,0.48436686,spinup1
1949-02-04,0.4116296,spinup1
1949-02-05,0.44274607,spinup1
1949-02-06,0.41997594,spinup1
1949-02-07,0.7097077,spinup1
1949-02-08,0.44523764,spinup1
1949-02-09,0.46037146,spinup1
1949-02-10,4.1937594,spinup1
1949-02-11,2.6194599,spinup1
1949-02-12,3.9130898,spinup1
1949-02-13,1.1626999,spinup1
1949-02-14,1.1435758,spinup1
1949-02-15,0.8791608,spinup1
1949-02-16,0.66455925,spinup1
1949-02-17,1.3908604,spinup1
1949-02-18,0.6518646,spinup1
1949-02-19,0.7103223,spinup1
1949-02-20,0.9321786,spinup1
1949-02-21,0.567395,spinup1
1949-02-22,0.77873755,spinup1
1949-02-23,1.6827172,spinup1
1949-02-24,0.66063017,spinup1
1949-02-25,3.1227987,spinup1
1949-02-26,0.65198666,spinup1
1949-02-27,0.6023825,spinup1
1949-02-28,5.477966,spinup1
1949-03-01,2.9042175,spinup1
1949-03-02,2.2631814,spinup1
1949-03-03,3.5382228,spinup1
1949-03-04,4.969545,spinup1
1949-03-05,1.2903628,spinup1
1949-03-06,0.7907781,spinup1
1949-03-07,3.373553,spinup1
1949-03-08,3.7359188,spinup1
1949-03-09,0.90075403,spinup1
1949-03-10,4.6673627,spinup1
1949-03-11,4.281175,spinup1
1949-03-12,1.8358144,spinup1
1949-03-13,0.7535321,spinup1
1949-03-14,0.45661306,spinup1
1949-03-15,4.03205,spinup1
1949-03-16,2.6533298,spinup1
1949-03-17,1.3590331,spinup1
1949-03-18,1.1206676,spinup1
1949-03-19,2.2169335,spinup1
1949-03-20,9.002729,spinup1
1949-03-21,1.7133503,spinup1
1949-03-22,6.8838797,spinup1
1949-03-23,1.9479353,spinup1
1949-03-24,1.2030777,spinup1
1949-03-25,1.913083,spinup1
1949-03-26,1.6746091,spinup1
1949-03-27,0.5562769,spinup1
1949-03-28,1.1496025,spinup1
1949-03-29,0.6876579,spinup1
1949-03-30,0.8784018,spinup1
1949-03-31,8.290272,spinup1
1949-04-01,11.058229,spinup1
1949-04-02,0.88217545,spinup1
1949-04-03,1.2475435,spinup1
1949-04-04,1.0940943,spinup1
1949-04-05,1.803593,spinup1
1949-04-06,34.63928,spinup1
1949-04-07,31.402353,spinup1
1949-04-08,2.7362237,spinup1
1949-04-09,1.3115318,spinup1
1949-04-10,0.58862835,spinup1
1949-04-11,2.007429,spinup1
1949-04-12,0.81887037,spinup1
1949-04-13,12.165168,spinup1
1949-04-14,22.751915,spinup1
1949-04-15,9.070807,spinup1
1949-04-16,23.30234,spinup1
1949-04-17,26.729263,spinup1
1949-04-18,38.983498,spinup1
1949-04-19,7.688415,spinup1
1949-04-20,0.8777258,spinup1
1949-04-21,0.58597803,spinup1
1949-04-22,0.46582738,spinup1
1949-04-23,1.3261791,spinup1
1949-04-24,6.313766,spinup1
1949-04-25,30.136232,spinup1
1949-04-26,1.8309468,spinup1
1949-04-27,0.81266785,spinup1
1949-04-28,1.5176893,spinup1
1949-04-29,1.713397,spinup1
1949-04-30,1.636951,spinup1
1949-05-01,1.2306806,spinup1
1949-05-02,1.6045314,spinup1
1949-05-03,34.918995,spinup1
1949-05-04,35.35997,spinup1
1949-05-05,38.808266,spinup1
1949-05-06,58.249275,spinup1
1949-05-07,34.454006,spinup1
1949-05-08,44.680256,spinup1
1949-05-09,5.814481,spinup1
1949-05-10,7.302284,spinup1
1949-05-11,39.34619,spinup1
1949-05-12,19.613745,spinup1
1949-05-13,43.596264,spinup1
1949-05-14,35.63523,spinup1
1949-05-15,43.02292,spinup1
1949-05-16,48.68056,spinup1
1949-05-17,32.67704,spinup1
1949-05-18,29.768515,spinup1
1949-05-19,45.32748,spinup1
1949-05-20,6.338195,spinup1
1949-05-21,4.9921064,spinup1
1949-05-22,12.990824,spinup1
1949-05-23,4.2141166,spinup1
1949-05-24,8.7564945,spinup1
1949-05-25,40.74772,spinup1
1949-05-26,1.8460782,spinup1
1949-05-27,11.031528,spinup1
1949-05-28,0.70485646,spinup1
1949-05-29,0.85653967,spinup1
1949-05-30,2.8541307,spinup1
1949-05-31,1.6372304,spinup1
1949-06-01,7.944241,spinup1
1949-06-02,59.44323,spinup1
1949-06-03,68.19055,spinup1
1949-06-04,52.411877,spinup1
1949-06-05,62.481525,spinup1
1949-06-06,66.18136,spinup1
1949-06-07,45.511364,spinup1
1949-06-08,7.8859262,spinup1
1949-06-09,12.084076,spinup1
1949-06-10,1.6651956,spinup1
1949-06-11,1.3129197,spinup1
1949-06-12,1.6638331,spinup1
1949-06-13,3.127524,spinup1
1949-06-14,1.7299092,spinup1
1949-06-15,2.0706193,spinup1
1949-06-16,73.73876,spinup1
1949-06-17,64.57194,spinup1
1949-06-18,13.488133,spinup1
1949-06-19,2.4797623,spinup1
1949-06-20,21.266756,spinup1
1949-06-21,2.7926264,spinup1
1949-06-22,7.4992146,spinup1
1949-06-23,5.5182023,spinup1
1949-06-24,2.263089,spinup1
1949-06-25,14.674679,spinup1
1949-06-26,25.25734,spinup1
1949-06-27,21.192213,spinup1
1949-06-28,25.948093,spinup1
1949-06-29,24.961805,spinup1
1949-06-30,6.920686,spinup1
1949-07-01,16.398191,spinup1
1949-07-02,17.125332,spinup1
1949-07-03,1.1779163,spinup1
1949-07-04,12.342146,spinup1
1949-07-05,28.675486,spinup1
1949-07-06,33.411476,spinup1
1949-07-07,28.355423,spinup1
1949-07-08,18.745232,spinup1
1949-07-09,38.17256,spinup1
1949-07-10,4.8026447,spinup1
1949-07-11,3.3171964,spinup1
1949-07-12,3.7506912,spinup1
1949-07-13,2.9138074,spinup1
1949-07-14,3.0766435,spinup1
1949-07-15,0.6105592,spinup1
1949-07-16,0.6298654,spinup1
1949-07-17,0.8057292,spinup1
1949-07-18,6.9389567,spinup1
1949-07-19,14.512935,spinup1
1949-07-20,28.850689,spinup1
1949-07-21,5.524348,spinup1
1949-07-22,6.5925727,spinup1
1949-07-23,1.2245204,spinup1
1949-07-24,2.5170567,spinup1
1949-07-25,2.9269311,spinup1
1949-07-26,35.873367,spinup1
1949-07-27,3.608919,spinup1
1949-07-28,16.129126,spinup1
1949-07-29,41.622673,spinup1
1949-07-30,16.854197,spinup1
1949-07-31,6.233884,spinup1
1949-08-01,0.88424563,spinup1
1949-08-02,6.536221,spinup1
1949-08-03,17.96931,spinup1
1949-08-04,7.70311,spinup1
1949-08-05,5.485985,spinup1
1949-08-06,10.821045,spinup1
1949-08-07,4.897169,spinup1
1949-08-08,9.966357,spinup1
1949-08-09,19.554981,spinup1
1949-08-10,37.539627,spinup1
1949-08-11,37.70564,spinup1
1949-08-12,21.502846,spinup1
1949-08-13,7.016349,spinup1
1949-08-14,15.558049,spinup1
1949-08-15,9.834054,spinup1
1949-08-16,2.2615385,spinup1
1949-08-17,2.900091,spinup1
1949-08-18,6.028918,spinup1
1949-08-19,13.182625,spinup1
1949-08-20,36.848145,spinup1
1949-08-21,3.5777576,spinup1
1949-08-22,5.3481607,spinup1
1949-08-23,4.4248376,spinup1
1949-08-24,8.028666,spinup1
1949-08-25,14.283982,spinup1
1949-08-26,9.1271515,spinup1
1949-08-27,32.9691,spinup1
1949-08-28,35.74948,spinup1
1949-08-29,23.954617,spinup1
1949-08-30,15.053968,spinup1
1949-08-31,7.479236,spinup1
1949-09-01,15.210848,spinup1
1949-09-02,46.11328,spinup1
1949-09-03,2.226581,spinup1
1949-09-04,0.62516326,spinup1
1949-09-05,2.8835537,spinup1
1949-09-06,1.3058834,spinup1
1949-09-07,19.423662,spinup1
1949-09-08,15.522656,spinup1
1949-09-09,7.9396377,spinup1
1949-09-10,25.922197,spinup1
1949-09-11,2.9044244,spinup1
1949-09-12,16.983412,spinup1
1949-09-13,1.0047212,spinup1
1949-09-14,2.7230778,spinup1
1949-09-15,3.5595095,spinup1
1949-09-16,8.017014,spinup1
1949-09-17,3.3971858,spinup1
1949-09-18,2.6706116,spinup1
1949-09-19,4.282712,spinup1
1949-09-20,18.666523,spinup1
1949-09-21,1.9440858,spinup1
1949-09-22,0.89731985,spinup1
1949-09-23,25.863539,spinup1
1949-09-24,16.804234,spinup1
1949-09-25,9.069029,spinup1
1949-09-26,17.173597,spinup1
1949-09-27,1.8512946,spinup1
1949-09-28,6.405161,spinup1
1949-09-29,19.723421,spinup1
1949-09-30,15.817191,spinup1
1948-10-01,14.694678,spinup2
1948-10-02,11.711984,spinup2
1948-10-03,11.810401,spinup2
1948-10-04,16.406971,spinup2
1948-10-05,3.7195797,spinup2
1948-10-06,6.377935,spinup2
1948-10-07,1.068493,spinup2
1948-10-08,15.239943,spinup2
1948-10-09,11.020633,spinup2
1948-10-10,2.0534873,spinup2
1948-10-11,0.5584379,spinup2
1948-10-12,12.178751,spinup2
1948-10-13,11.631543,spinup2
1948-10-14,3.4512389,spinup2
1948-10-15,5.708916,spinup2
1948-10-16,6.032194,spinup2
1948-10-17,1.0010495,spinup2
1948-10-18,7.1602035,spinup2
1948-10-19,5.973583,spinup2
1948-10-20,2.9455516,spinup2
1948-10-21,4.8426704,spinup2
1948-10-22,2.788515,spinup2
1948-10-23,4.482316,spinup2
1948-10-24,1.1552918,spinup2
1948-10-25,1.4111072,spinup2
1948-10-26,1.420506,spinup2
1948-10-27,3.1543462,spinup2
1948-10-28,5.4684525,spinup2
1948-10-29,5.6501894,spinup2
1948-10-30,1.954653,spinup2
1948-10-31,0.9209843,spinup2
1948-11-01,0.4535847,spinup2
1948-11-02,4.317347,spinup2
1948-11-03,0.64170915,spinup2
1948-11-04,2.2202592,spinup2
1948-11-05,0.7271997,spinup2
1948-11-06,3.7819762,spinup2
1948-11-07,2.4808226,spinup2
1948-11-08,1.6193457,spinup2
1948-11-09,0.53465325,spinup2
1948-11-10,2.7136164,spinup2
1948-11-11,1.1280712,spinup2
1948-11-12,0.95189434,spinup2
1948-11-13,0.72496533,spinup2
1948-11-14,0.62340486,spinup2
1948-11-15,0.9893586,spinup2
1948-11-16,0.414524,spinup2
1948-11-17,1.1384492,spinup2
1948-11-18,0.579652,spinup2
1948-11-19,2.2576325,spinup2
1948-11-20,3.83051,spinup2
1948-11-21,0.74370605,spinup2
1948-11-22,0.5030155,spinup2
1948-11-23,0.5194938,spinup2
1948-11-24,1.7789766,spinup2
1948-11-25,2.5561712,spinup2
1948-11-26,0.4407092,spinup2
1948-11-27,0.4775808,spinup2
1948-11-28,0.6062528,spinup2
1948-11-29,1.3198348,spinup2
1948-11-30,1.5177383,spinup2
1948-12-01,1.8009347,spinup2
1948-12-02,0.72709143,spinup2
1948-12-03,1.899077,spinup2
1948-12-04,0.74511606,spinup2
1948-12-05,0.723492,spinup2
1948-12-06,1.6608344,spinup2
1948-12-07,0.4125682,spinup2
1948-12-08,1.6224647,spinup2
1948-12-09,2.1411088,spinup2
1948-12-10,1.6513953,spinup2
1948-12-11,1.4560218,spinup2
1948-12-12,0.60841393,spinup2
1948-12-13,0.4404448,spinup2
1948-12-14,0.52676946,spinup2
1948-12-15,0.8305679,spinup2
1948-12-16,0.4363488,spinup2
1948-12-17,0.4998193,spinup2
1948-12-18,0.3918919,spinup2
1948-12-19,0.62675637,spinup2
1948-12-20,1.4019228,spinup2
1948-12-21,0.8608471,spinup2
1948-12-22,0.7511785,spinup2
1948-12-23,0.88559735,spinup2
1948-12-24,0.65122604,spinup2
1948-12-25,0.57661676,spinup2
1948-12-26,0.5867299,spinup2
1948-12-27,0.7176348,spinup2
1948-12-28,0.73061085,spinup2
1948-12-29,0.6356719,spinup2
1948-12-30,0.97140986,spinup2
1948-12-31,1.0791694,spinup2
1949-01-01,0.88016874,spinup2
1949-01-02,0.75597256,spinup2
1949-01-03,0.6247695,spinup2
1949-01-04,0.55456847,spinup2
1949-01-05,0.5621762,spinup2
1949-01-06,1.0964271,spinup2
1949-01-07,0.78247386,spinup2
1949-01-08,1.1198193,spinup2
1949-01-09,1.8599735,spinup2
1949-01-10,2.302049,spinup2
1949-01-11,1.3029561,spinup2
1949-01-12,0.6555328,spinup2
1949-01-13,0.52126586,spinup2
1949-01-14,0.6520263,spinup2
1949-01-15,1.8666397,spinup2
1949-01-16,1.2494231,spinup2
1949-01-17,0.3973926,spinup2
1949-01-18,0.7018198,spinup2
1949-01-19,0.6337663,spinup2
1949-01-20,0.7543951,spinup2
1949-01-21,0.41165054,spinup2
1949-01-22,0.4103558,spinup2
1949-01-23,0.8549082,spinup2
1949-01-24,0.9868055,spinup2
1949-01-25,0.56954426,spinup2
1949-01-26,0.49859524,spinup2
1949-01-27,0.8041035,spinup2
1949-01-28,1.2584084,spinup2
1949-01-29,0.77343714,spinup2
1949-01-30,0.43637025,spinup2
1949-01-31,0.37381437,spinup2
1949-02-01,0.42698875,spinup2
1949-02-02,1.5673772,spinup2
1949-02-03,0.48949823,spinup2
1949-02-04,0.41541228,spinup2
1949-02-05,0.44623306,spinup2
1949-02-06,0.42283168,spinup2
1949-02-07,0.71394646,spinup2
1949-02-08,0.44760048,spinup2
1949-02-09,0.46250483,spinup2
1949-02-10,4.2093,spinup2
1949-02-11,2.6267242,spinup2
1949-02-12,3.9217963,spinup2
1949-02-13,1.164879,spinup2
1949-02-14,1.1454395,spinup2
1949-02-15,0.88043135,spinup2
1949-02-16,0.6653687,spinup2
1949-02-17,1.3920524,spinup2
1949-02-18,0.6522586,spinup2
1949-02-19,0.71064085,spinup2
1949-02-20,0.9324873,spinup2
1949-02-21,0.56754094,spinup2
1949-02-22,0.7789009,spinup2
1949-02-23,1.6830139,spinup2
1949-02-24,0.66073066,spinup2
1949-02-25,3.1232135,spinup2
1949-02-26,0.6520626,spinup2
1949-02-27,0.60244447,spinup2
1949-02-28,5.4784603,spinup2
1949-03-01,2.9044518,spinup2
1949-03-02,2.263348,spinup2
1949-03-03,3.5384638,spinup2
1949-03-04,4.969862,spinup2
1949-03-05,1.2904407,spinup2
1949-03-06,0.79082346,spinup2
1949-03-07,3.373736,spinup2
1949-03-08,3.7361119,spinup2
1949-03-09,0.90079874,spinup2
1949-03-10,4.66758,spinup2
1949-03-11,4.281362,spinup2
1949-03-12,1.8358899,spinup2
1949-03-13,0.75356156,spinup2
1949-03-14,0.45662975,spinup2
1949-03-15,4.0321846,spinup2
1949-03-16,2.6534088,spinup2
1949-03-17,1.35907,spinup2
1949-03-18,1.1206955,spinup2
1949-03-19,2.2169843,spinup2
1949-03-20,9.00292,spinup2
1949-03-21,1.7133842,spinup2
1949-03-22,6.8839974,spinup2
1949-03-23,1.94796,spinup2
1949-03-24,1.2030897,spinup2
1949-03-25,1.9130988,spinup2
1949-03-26,1.674621,spinup2
1949-03-27,0.5562803,spinup2
1949-03-28,1.1496084,spinup2
1949-03-29,0.6876604,spinup2
1949-03-30,0.8784041,spinup2
1949-03-31,8.290286,spinup2
1949-04-01,11.058248,spinup2
1949-04-02,0.8821765,spinup2
1949-04-03,1.2475445,spinup2
1949-04-04,1.0940951,spinup2
1949-04-05,1.8035941,spinup2
1949-04-06,34.639294,spinup2
1949-04-07,31.402365,spinup2
1949-04-08,2.7362244,spinup2
1949-04-09,1.311532,spinup2
1949-04-10,0.58862853,spinup2
1949-04-11,2.0074291,spinup2
1949-04-12,0.81887054,spinup2
1949-04-13,12.165169,spinup2
1949-04-14,22.751917,spinup2
1949-04-15,9.070808,spinup2
1949-04-16,23.302341,spinup2
1949-04-17,26.729265,spinup2
1949-04-18,38.9835,spinup2
1949-04-19,7.6884155,spinup2
1949-04-20,0.87772584,spinup2
1949-04-21,0.58597803,spinup2
1949-04-22,0.46582738,spinup2
1949-04-23,1.3261791,spinup2
1949-04-24,6.313766,spinup2
1949-04-25,30.136232,spinup2
1949-04-26,1.8309468,spinup2
1949-04-27,0.81266785,spinup2
1949-04-28,1.5176893,spinup2
1949-04-29,1.713397,spinup2
1949-04-30,1.636951,spinup2
1949-05-01,1.2306806,spinup2
1949-05-02,1.6045314,spinup2
1949-05-03,34.918995,spinup2
1949-05-04,35.35997,spinup2
1949-05-05,38.808266,spinup2
1949-05-06,58.249275,spinup2
1949-05-07,34.454006,spinup2
1949-05-08,44.680256,spinup2
1949-05-09,5.814481,spinup2
1949-05-10,7.302284,spinup2
1949-05-11,39.34619,spinup2
1949-05-12,19.613745,spinup2
1949-05-13,43.596264,spinup2
1949-05-14,35.63523,spinup2
1949-05-15,43.02292,spinup2
1949-05-16,48.68056,spinup2
1949-05-17,32.67704,spinup2
1949-05-18,29.768515,spinup2
1949-05-19,45.32748,spinup2
1949-05-20,6.338195,spinup2
1949-05-21,4.9921064,spinup2
1949-05-22,12.990824,spinup2
1949-05-23,4.2141166,spinup2
1949-05-24,8.7564945,spinup2
1949-05-25,40.74772,spinup2
1949-05-26,1.8460782,spinup2
1949-05-27,11.031528,spinup2
1949-05-28,0.70485646,spinup2
1949-05-29,0.85653967,spinup2
1949-05-30,2.8541307,spinup2
1949-05-31,1.6372304,spinup2
1949-06-01,7.944241,spinup2
1949-06-02,59.44323,spinup2
1949-06-03,68.19055,spinup2
1949-06-04,52.411877,spinup2
1949-06-05,62.481525,spinup2
1949-06-06,66.18136,spinup2
1949-06-07,45.511364,spinup2
1949-06-08,7.8859262,spinup2
1949-06-09,12.084076,spinup2
1949-06-10,1.6651956,spinup2
1949-06-11,1.3129197,spinup2
1949-06-12,1.6638331,spinup2
1949-06-13,3.127524,spinup2
1949-06-14,1.7299092,spinup2
1949-06-15,2.0706193,spinup2
1949-06-16,73.73876,spinup2
1949-06-17,64.57194,spinup2
1949-06-18,13.488133,spinup2
1949-06-19,2.4797623,spinup2
1949-06-20,21.266756,spinup2
1949-06-21,2.7926264,spinup2
1949-06-22,7.4992146,spinup2
1949-06-23,5.5182023,spinup2
1949-06-24,2.263089,spinup2
1949-06-25,14.674679,spinup2
1949-06-26,25.25734,spinup2
1949-06-27,21.192213,spinup2
1949-06-28,25.948093,spinup2
1949-06-29,24.961805,spinup2
1949-06-30,6.920686,spinup2
1949-07-01,16.398191,spinup2
1949-07-02,17.125332,spinup2
1949-07-03,1.1779163,spinup2
1949-07-04,12.342146,spinup2
1949-07-05,28.675486,spinup2
1949-07-06,33.411476,spinup2
1949-07-07,28.355423,spinup2
1949-07-08,18.745232,spinup2
1949-07-09,38.17256,spinup2
1949-07-10,4.8026447,spinup2
1949-07-11,3.3171964,spinup2
1949-07-12,3.7506912,spinup2
1949-07-13,2.9138074,spinup2
1949-07-14,3.0766435,spinup2
1949-07-15,0.6105592,spinup2
1949-07-16,0.6298654,spinup2
1949-07-17,0.8057292,spinup2
1949-07-18,6.9389567,spinup2
1949-07-19,14.512935,spinup2
1949-07-20,28.850689,spinup2
1949-07-21,5.524348,spinup2
1949-07-22,6.5925727,spinup2
1949-07-23,1.2245204,spinup2
1949-07-24,2.5170567,spinup2
1949-07-25,2.9269311,spinup2
1949-07-26,35.873367,spinup2
1949-07-27,3.608919,spinup2
1949-07-28,16.129126,spinup2
1949-07-29,41.622673,spinup2
1949-07-30,16.854197,spinup2
1949-07-31,6.233884,spinup2
1949-08-01,0.88424563,spinup2
1949-08-02,6.536221,spinup2
1949-08-03,17.96931,spinup2
1949-08-04,7.70311,spinup2
1949-08-05,5.485985,spinup2
1949-08-06,10.821045,spinup2
1949-08-07,4.897169,spinup2
1949-08-08,9.966357,spinup2
1949-08-09,19.554981,spinup2
1949-08-10,37.539627,spinup2
1949-08-11,37.70564,spinup2
1949-08-12,21.502846,spinup2
1949-08-13,7.016349,spinup2
1949-08-14,15.558049,spinup2
1949-08-15,9.834054,spinup2
1949-08-16,2.2615385,spinup2
1949-08-17,2.900091,spinup2
1949-08-18,6.028918,spinup2
1949-08-19,13.182625,spinup2
1949-08-20,36.848145,spinup2
1949-08-21,3.5777576,spinup2
1949-08-22,5.3481607,spinup2
1949-08-23,4.4248376,spinup2
1949-08-24,8.028666,spinup2
1949-08-25,14.283982,spinup2
1949-08-26,9.1271515,spinup2
1949-08-27,32.9691,spinup2
1949-08-28,35.74948,spinup2
1949-08-29,23.954617,spinup2
1949-08-30,15.053968,spinup2
1949-08-31,7.479236,spinup2
1949-09-01,15.210848,spinup2
1949-09-02,46.11328,spinup2
1949-09-03,2.226581,spinup2
1949-09-04,0.62516326,spinup2
1949-09-05,2.8835537,spinup2
1949-09-06,1.3058834,spinup2
1949-09-07,19.423662,spinup2
1949-09-08,15.522656,spinup2
1949-09-09,7.9396377,spinup2
1949-09-10,25.922197,spinup2
1949-09-11,2.9044244,spinup2
1949-09-12,16.983412,spinup2
1949-09-13,1.0047212,spinup2
1949-09-14,2.7230778,spinup2
1949-09-15,3.5595095,spinup2
1949-09-16,8.017014,spinup2
1949-09-17,3.3971858,spinup2
1949-09-18,2.6706116,spinup2
1949-09-19,4.282712,spinup2
1949-09-20,18.666523,spinup2
1949-09-21,1.9440858,spinup2
1949-09-22,0.89731985,spinup2
1949-09-23,25.863539,spinup2
1949-09-24,16.804234,spinup2
1949-09-25,9.069029,spinup2
1949-09-26,17.173597,spinup2
1949-09-27,1.8512946,spinup2
1949-09-28,6.405161,spinup2
1949-09-29,19.723421,spinup2
1949-09-30,15.817191,spinup2
1948-10-01,14.694678,spinup3
1948-10-02,11.711984,spinup3
1948-10-03,11.810401,spinup3
1948-10-04,16.406971,spinup3
1948-10-05,3.7195797,spinup3
1948-10-06,6.377935,spinup3
1948-10-07,1.068493,spinup3
1948-10-08,15.239943,spinup3
1948-10-09,11.020633,spinup3
1948-10-10,2.0534873,spinup3
1948-10-11,0.5584379,spinup3
1948-10-12,12.178751,spinup3
1948-10-13,11.631543,spinup3
1948-10-14,3.4512389,spinup3
1948-10-15,5.708916,spinup3
1948-10-16,6.032194,spinup3
1948-10-17,1.0010495,spinup3
1948-10-18,7.1602035,spinup3
1948-10-19,5.973583,spinup3
1948-10-20,2.9455516,spinup3
1948-10-21,4.8426704,spinup3
1948-10-22,2.788515,spinup3
1948-10-23,4.482316,spinup3
1948-10-24,1.1552918,spinup3
1948-10-25,1.4111072,spinup3
1948-10-26,1.420506,spinup3
1948-10-27,3.1543462,spinup3
1948-10-28,5.4684525,spinup3
1948-10-29,5.6501894,spinup3
1948-10-30,1.954653,spinup3
1948-10-31,0.9209843,spinup3
1948-11-01,0.4535847,spinup3
1948-11-02,4.317347,spinup3
1948-11-03,0.64170915,spinup3
1948-11-04,2.2202592,spinup3
1948-11-05,0.7271997,spinup3
1948-11-06,3.7819762,spinup3
1948-11-07,2.4808226,spinup3
1948-11-08,1.6193457,spinup3
1948-11-09,0.53465325,spinup3
1948-11-10,2.7136164,spinup3
1948-11-11,1.1280712,spinup3
1948-11-12,0.95189434,spinup3
1948-11-13,0.72496533,spinup3
1948-11-14,0.62340486,spinup3
1948-11-15,0.9893586,spinup3
1948-11-16,0.414524,spinup3
1948-11-17,1.1384492,spinup3
1948-11-18,0.579652,spinup3
1948-11-19,2.2576325,spinup3
1948-11-20,3.83051,spinup3
1948-11-21,0.74370605,spinup3
1948-11-22,0.5030155,spinup3
1948-11-23,0.5194938,spinup3
1948-11-24,1.7789766,spinup3
1948-11-25,2.5561712,spinup3
1948-11-26,0.4407092,spinup3
1948-11-27,0.4775808,spinup3
1948-11-28,0.6062528,spinup3
1948-11-29,1.3198348,spinup3
1948-11-30,1.5177383,spinup3
1948-12-01,1.8009347,spinup3
1948-12-02,0.72709143,spinup3
1948-12-03,1.899077,spinup3
1948-12-04,0.74511606,spinup3
1948-12-05,0.723492,spinup3
1948-12-06,1.6608344,spinup3
1948-12-07,0.4125682,spinup3
1948-12-08,1.6224647,spinup3
1948-12-09,2.1411088,spinup3
1948-12-10,1.6513953,spinup3
1948-12-11,1.4560218,spinup3
1948-12-12,0.60841393,spinup3
1948-12-13,0.4404448,spinup3
1948-12-14,0.52676946,spinup3
1948-12-15,0.8305679,spinup3
1948-12-16,0.4363488,spinup3
1948-12-17,0.4998193,spinup3
1948-12-18,0.3918919,spinup3
1948-12-19,0.62675637,spinup3
1948-12-20,1.4019228,spinup3
1948-12-21,0.8608471,spinup3
1948-12-22,0.7511785,spinup3
1948-12-23,0.88559735,spinup3
1948-12-24,0.65122604,spinup3
1948-12-25,0.57661676,spinup3
1948-12-26,0.5867299,spinup3
1948-12-27,0.7176348,spinup3
1948-12-28,0.73061085,spinup3
1948-12-29,0.6356719,spinup3
1948-12-30,0.97140986,spinup3
1948-12-31,1.0791694,spinup3
1949-01-01,0.88016874,spinup3
1949-01-02,0.75597256,spinup3
1949-01-03,0.6247695,spinup3
1949-01-04,0.55456847,spinup3
1949-01-05,0.5621762,spinup3
1949-01-06,1.0964271,spinup3
1949-01-07,0.78247386,spinup3
1949-01-08,1.1198193,spinup3
1949-01-09,1.8599735,spinup3
1949-01-10,2.302049,spinup3
1949-01-11,1.3029561,spinup3
1949-01-12,0.6555328,spinup3
1949-01-13,0.52126586,spinup3
1949-01-14,0.6520263,spinup3
1949-01-15,1.8666397,spinup3
1949-01-16,1.2494231,spinup3
1949-01-17,0.3973926,spinup3
1949-01-18,0.7018198,spinup3
1949-01-19,0.6337663,spinup3
1949-01-20,0.7543951,spinup3
1949-01-21,0.41165054,spinup3
1949-01-22,0.4103558,spinup3
1949-01-23,0.8549082,spinup3
1949-01-24,0.9868055,spinup3
1949-01-25,0.56954426,spinup3
1949-01-26,0.49859524,spinup3
1949-01-27,0.8041035,spinup3
1949-01-28,1.2584084,spinup3
1949-01-29,0.77343714,spinup3
1949-01-30,0.43637025,spinup3
1949-01-31,0.37381437,spinup3
1949-02-01,0.42698875,spinup3
1949-02-02,1.5673772,spinup3
1949-02-03,0.48949823,spinup3
1949-02-04,0.41541228,spinup3
1949-02-05,0.44623306,spinup3
1949-02-06,0.42283168,spinup3
1949-02-07,0.71394646,spinup3
1949-02-08,0.44760048,spinup3
1949-02-09,0.46250483,spinup3
1949-02-10,4.2093,spinup3
1949-02-11,2.6267242,spinup3
1949-02-12,3.9217963,spinup3
1949-02-13,1.164879,spinup3
1949-02-14,1.1454395,spinup3
1949-02-15,0.88043135,spinup3
1949-02-16,0.6653687,spinup3
1949-02-17,1.3920524,spinup3
1949-02-18,0.6522586,spinup3
1949-02-19,0.71064085,spinup3
1949-02-20,0.9324873,spinup3
1949-02-21,0.56754094,spinup3
1949-02-22,0.7789009,spinup3
1949-02-23,1.6830139,spinup3
1949-02-24,0.66073066,spinup3
1949-02-25,3.1232135,spinup3
1949-02-26,0.6520626,spinup3
1949-02-27,0.60244447,spinup3
1949-02-28,5.4784603,spinup3
1949-03-01,2.9044518,spinup3
1949-03-02,2.263348,spinup3
1949-03-03,3.5384638,spinup3
1949-03-04,4.969862,spinup3
1949-03-05,1.2904407,spinup3
1949-03-06,0.79082346,spinup3
1949-03-07,3.373736,spinup3
1949-03-08,3.7361119,spinup3
1949-03-09,0.90079874,spinup3
1949-03-10,4.66758,spinup3
1949-03-11,4.281362,spinup3
1949-03-12,1.8358899,spinup3
1949-03-13,0.75356156,spinup3
1949-03-14,0.45662975,spinup3
1949-03-15,4.0321846,spinup3
1949-03-16,2.6534088,spinup3
1949-03-17,1.35907,spinup3
1949-03-18,1.1206955,spinup3
1949-03-19,2.2169843,spinup3
1949-03-20,9.00292,spinup3
1949-03-21,1.7133842,spinup3
1949-03-22,6.8839974,spinup3
1949-03-23,1.94796,spinup3
1949-03-24,1.2030897,spinup3
1949-03-25,1.9130988,spinup3
1949-03-26,1.674621,spinup3
1949-03-27,0.5562803,spinup3
1949-03-28,1.1496084,spinup3
1949-03-29,0.6876604,spinup3
1949-03-30,0.8784041,spinup3
1949-03-31,8.290286,spinup3
1949-04-01,11.058248,spinup3
1949-04-02,0.8821765,spinup3
1949-04-03,1.2475445,spinup3
1949-04-04,1.0940951,spinup3
1949-04-05,1.8035941,spinup3
1949-04-06,34.639294,spinup3
1949-04-07,31.402365,spinup3
1949-04-08,2.7362244,spinup3
1949-04-09,1.311532,spinup3
1949-04-10,0.58862853,spinup3
1949-04-11,2.0074291,spinup3
1949-04-12,0.81887054,spinup3
1949-04-13,12.165169,spinup3
1949-04-14,22.751917,spinup3
1949-04-15,9.070808,spinup3
1949-04-16,23.302341,spinup3
1949-04-17,26.729265,spinup3
1949-04-18,38.9835,spinup3
1949-04-19,7.6884155,spinup3
1949-04-20,0.87772584,spinup3
1949-04-21,0.58597803,spinup3
1949-04-22,0.46582738,spinup3
1949-04-23,1.3261791,spinup3
1949-04-24,6.313766,spinup3
1949-04-25,30.136232,spinup3
1949-04-26,1.8309468,spinup3
1949-04-27,0.81266785,spinup3
1949-04-28,1.5176893,spinup3
1949-04-29,1.713397,spinup3
1949-04-30,1.636951,spinup3
1949-05-01,1.2306806,spinup3
1949-05-02,1.6045314,spinup3
1949-05-03,34.918995,spinup3
1949-05-04,35.35997,spinup3
1949-05-05,38.808266,spinup3
1949-05-06,58.249275,spinup3
1949-05-07,34.454006,spinup3
1949-05-08,44.680256,spinup3
1949-05-09,5.814481,spinup3
1949-05-10,7.302284,spinup3
1949-05-11,39.34619,spinup3
1949-05-12,19.613745,spinup3
1949-05-13,43.596264,spinup3
1949-05-14,35.63523,spinup3
1949-05-15,43.02292,spinup3
1949-05-16,48.68056,spinup3
1949-05-17,32.67704,spinup3
1949-05-18,29.768515,spinup3
1949-05-19,45.32748,spinup3
1949-05-20,6.338195,spinup3
1949-05-21,4.9921064,spinup3
1949-05-22,12.990824,spinup3
1949-05-23,4.2141166,spinup3
1949-05-24,8.7564945,spinup3
1949-05-25,40.74772,spinup3
1949-05-26,1.8460782,spinup3
1949-05-27,11.031528,spinup3
1949-05-28,0.70485646,spinup3
1949-05-29,0.85653967,spinup3
1949-05-30,2.8541307,spinup3
1949-05-31,1.6372304,spinup3
1949-06-01,7.944241,spinup3
1949-06-02,59.44323,spinup3
1949-06-03,68.19055,spinup3
1949-06-04,52.411877,spinup3
1949-06-05,62.481525,spinup3
1949-06-06,66.18136,spinup3
1949-06-07,45.511364,spinup3
1949-06-08,7.8859262,spinup3
1949-06-09,12.084076,spinup3
1949-06-10,1.6651956,spinup3
1949-06-11,1.3129197,spinup3
1949-06-12,1.6638331,spinup3
1949-06-13,3.127524,spinup3
1949-06-14,1.7299092,spinup3
1949-06-15,2.0706193,spinup3
1949-06-16,73.73876,spinup3
1949-06-17,64.57194,spinup3
1949-06-18,13.488133,spinup3
1949-06-19,2.4797623,spinup3
1949-06-20,21.266756,spinup3
1949-06-21,2.7926264,spinup3
1949-06-22,7.4992146,spinup3
1949-06-23,5.5182023,spinup3
1949-06-24,2.263089,spinup3
1949-06-25,14.674679,spinup3
1949-06-26,25.25734,spinup3
1949-06-27,21.192213,spinup3
1949-06-28,25.948093,spinup3
1949-06-29,24.961805,spinup3
1949-06-30,6.920686,spinup3
1949-07-01,16.398191,spinup3
1949-07-02,17.125332,spinup3
1949-07-03,1.1779163,spinup3
1949-07-04,12.342146,spinup3
1949-07-05,28.675486,spinup3
1949-07-06,33.411476,spinup3
1949-07-07,28.355423,spinup3
1949-07-08,18.745232,spinup3
1949-07-09,38.17256,spinup3
1949-07-10,4.8026447,spinup3
1949-07-11,3.3171964,spinup3
1949-07-12,3.7506912,spinup3
1949-07-13,2.9138074,spinup3
1949-07-14,3.0766435,spinup3
1949-07-15,0.6105592,spinup3
1949-07-16,0.6298654,spinup3
1949-07-17,0.8057292,spinup3
1949-07-18,6.9389567,spinup3
1949-07-19,14.512935,spinup3
1949-07-20,28.850689,spinup3
1949-07-21,5.524348,spinup3
1949-07-22,6.5925727,spinup3
1949-07-23,1.2245204,spinup3
1949-07-24,2.5170567,spinup3
1949-07-25,2.9269311,spinup3
1949-07-26,35.873367,spinup3
1949-07-27,3.608919,spinup3
1949-07-28,16.129126,spinup3
1949-07-29,41.622673,spinup3
1949-07-30,16.854197,spinup3
1949-07-31,6.233884,spinup3
1949-08-01,0.88424563,spinup3
1949-08-02,6.536221,spinup3
1949-08-03,17.96931,spinup3
1949-08-04,7.70311,spinup3
1949-08-05,5.485985,spinup3
1949-08-06,10.821045,spinup3
1949-08-07,4.897169,spinup3
1949-08-08,9.966357,spinup3
1949-08-09,19.554981,spinup3
1949-08-10,37.539627,spinup3
1949-08-11,37.70564,spinup3
1949-08-12,21.502846,spinup3
1949-08-13,7.016349,spinup3
1949-08-14,15.558049,spinup3
1949-08-15,9.834054,spinup3
1949-08-16,2.2615385,spinup3
1949-08-17,2.900091,spinup3
1949-08-18,6.028918,spinup3
1949-08-19,13.182625,spinup3
1949-08-20,36.848145,spinup3
1949-08-21,3.5777576,spinup3
1949-08-22,5.3481607,spinup3
1949-08-23,4.4248376,spinup3
1949-08-24,8.028666,spinup3
1949-08-25,14.283982,spinup3
1949-08-26,9.1271515,spinup3
1949-08-27,32.9691,spinup3
1949-08-28,35.74948,spinup3
1949-08-29,23.954617,spinup3
1949-08-30,15.053968,spinup3
1949-08-31,7.479236,spinup3
1949-09-01,15.210848,spinup3
1949-09-02,46.11328,spinup3
1949-09-03,2.226581,spinup3
1949-09-04,0.62516326,spinup3
1949-09-05,2.8835537,spinup3
1949-09-06,1.3058834,spinup3
1949-09-07,19.423662,spinup3
1949-09-08,15.522656,spinup3
1949-09-09,7.9396377,spinup3
1949-09-10,25.922197,spinup3
1949-09-11,2.9044244,spinup3
1949-09-12,16.983412,spinup3
1949-09-13,1.0047212,spinup3
1949-09-14,2.7230778,spinup3
1949-09-15,3.5595095,spinup3
1949-09-16,8.017014,spinup3
1949-09-17,3.3971858,spinup3
1949-09-18,2.6706116,spinup3
1949-09-19,4.282712,spinup3
1949-09-20,18.666523,spinup3
1949-09-21,1.9440858,spinup3
1949-09-22,0.89731985,spinup3
1949-09-23,25.863539,spinup3
1949-09-24,16.804234,spinup3
1949-09-25,9.069029,spinup3
1949-09-26,17.173597,spinup3
1949-09-27,1.8512946,spinup3
1949-09-28,6.405161,spinup3
1949-09-29,19.723421,spinup3
1949-09-30,15.817191,spinup3
1948-10-01,14.694678,simulation
1948-10-02,11.711984,simulation
1948-10-03,11.810401,simulation
1948-10-04,16.406971,simulation
1948-10-05,3.7195797,simulation
1948-10-06,6.377935,simulation
1948-10-07,1.068493,simulation
1948-10-08,15.239943,simulation
1948-10-09,11.020633,simulation
1948-10-10,2.0534873,simulation
1948-10-11,0.5584379,simulation
1948-10-12,12.178751,simulation
1948-10-13,11.631543,simulation
1948-10-14,3.4512389,simulation
1948-10-15,5.708916,simulation
1948-10-16,6.032194,simulation
1948-10-17,1.0010495,simulation
1948-10-18,7.1602035,simulation
1948-10-19,5.973583,simulation
1948-10-20,2.9455516,simulation
1948-10-21,4.8426704,simulation
1948-10-22,2.788515,simulation
1948-10-23,4.482316,simulation
1948-10-24,1.1552918,simulation
1948-10-25,1.4111072,simulation
1948-10-26,1.420506,simulation
1948-10-27,3.1543462,simulation
1948-10-28,5.4684525,simulation
1948-10-29,5.6501894,simulation
1948-10-30,1.954653,simulation
1948-10-31,0.9209843,simulation
1948-11-01,0.4535847,simulation
1948-11-02,4.317347,simulation
1948-11-03,0.64170915,simulation
1948-11-04,2.2202592,simulation
1948-11-05,0.7271997,simulation
1948-11-06,3.7819762,simulation
1948-11-07,2.4808226,simulation
1948-11-08,1.6193457,simulation
1948-11-09,0.53465325,simulation
1948-11-10,2.7136164,simulation
1948-11-11,1.1280712,simulation
1948-11-12,0.95189434,simulation
1948-11-13,0.72496533,simulation
1948-11-14,0.62340486,simulation
1948-11-15,0.9893586,simulation
1948-11-16,0.414524,simulation
1948-11-17,1.1384492,simulation
1948-11-18,0.579652,simulation
1948-11-19,2.2576325,simulation
1948-11-20,3.83051,simulation
1948-11-21,0.74370605,simulation
1948-11-22,0.5030155,simulation
1948-11-23,0.5194938,simulation
1948-11-24,1.7789766,simulation
1948-11-25,2.5561712,simulation
1948-11-26,0.4407092,simulation
1948-11-27,0.4775808,simulation
1948-11-28,0.6062528,simulation
1948-11-29,1.3198348,simulation
1948-11-30,1.5177383,simulation
1948-12-01,1.8009347,simulation
1948-12-02,0.72709143,simulation
1948-12-03,1.899077,simulation
1948-12-04,0.74511606,simulation
1948-12-05,0.723492,simulation
1948-12-06,1.6608344,simulation
1948-12-07,0.4125682,simulation
1948-12-08,1.6224647,simulation
1948-12-09,2.1411088,simulation
1948-12-10,1.6513953,simulation
1948-12-11,1.4560218,simulation
1948-12-12,0.60841393,simulation
1948-12-13,0.4404448,simulation
1948-12-14,0.52676946,simulation
1948-12-15,0.8305679,simulation
1948-12-16,0.4363488,simulation
1948-12-17,0.4998193,simulation
1948-12-18,0.3918919,simulation
1948-12-19,0.62675637,simulation
1948-12-20,1.4019228,simulation
1948-12-21,0.8608471,simulation
1948-12-22,0.7511785,simulation
1948-12-23,0.88559735,simulation
1948-12-24,0.65122604,simulation
1948-12-25,0.57661676,simulation
1948-12-26,0.5867299,simulation
1948-12-27,0.7176348,simulation
1948-12-28,0.73061085,simulation
1948-12-29,0.6356719,simulation
1948-12-30,0.97140986,simulation
1948-12-31,1.0791694,simulation
1949-01-01,0.88016874,simulation
1949-01-02,0.75597256,simulation
1949-01-03,0.6247695,simulation
1949-01-04,0.55456847,simulation
1949-01-05,0.5621762,simulation
1949-01-06,1.0964271,simulation
1949-01-07,0.78247386,simulation
1949-01-08,1.1198193,simulation
1949-01-09,1.8599735,simulation
1949-01-10,2.302049,simulation
1949-01-11,1.3029561,simulation
1949-01-12,0.6555328,simulation
1949-01-13,0.52126586,simulation
1949-01-14,0.6520263,simulation
1949-01-15,1.8666397,simulation
1949-01-16,1.2494231,simulation
1949-01-17,0.3973926,simulation
1949-01-18,0.7018198,simulation
1949-01-19,0.6337663,simulation
1949-01-20,0.7543951,simulation
1949-01-21,0.41165054,simulation
1949-01-22,0.4103558,simulation
1949-01-23,0.8549082,simulation
1949-01-24,0.9868055,simulation
1949-01-25,0.56954426,simulation
1949-01-26,0.49859524,simulation
1949-01-27,0.8041035,simulation
1949-01-28,1.2584084,simulation
1949-01-29,0.77343714,simulation
1949-01-30,0.43637025,simulation
1949-01-31,0.37381437,simulation
1949-02-01,0.42698875,simulation
1949-02-02,1.5673772,simulation
1949-02-03,0.48949823,simulation
1949-02-04,0.41541228,simulation
1949-02-05,0.44623306,simulation
1949-02-06,0.42283168,simulation
1949-02-07,0.71394646,simulation
1949-02-08,0.44760048,simulation
1949-02-09,0.46250483,simulation
1949-02-10,4.2093,simulation
1949-02-11,2.6267242,simulation
1949-02-12,3.9217963,simulation
1949-02-13,1.164879,simulation
1949-02-14,1.1454395,simulation
1949-02-15,0.88043135,simulation
1949-02-16,0.6653687,simulation
1949-02-17,1.3920524,simulation
1949-02-18,0.6522586,simulation
1949-02-19,0.71064085,simulation
1949-02-20,0.9324873,simulation
1949-02-21,0.56754094,simulation
1949-02-22,0.7789009,simulation
1949-02-23,1.6830139,simulation
1949-02-24,0.66073066,simulation
1949-02-25,3.1232135,simulation
1949-02-26,0.6520626,simulation
1949-02-27,0.60244447,simulation
1949-02-28,5.4784603,simulation
1949-03-01,2.9044518,simulation
1949-03-02,2.263348,simulation
1949-03-03,3.5384638,simulation
1949-03-04,4.969862,simulation
1949-03-05,1.2904407,simulation
1949-03-06,0.79082346,simulation
1949-03-07,3.373736,simulation
1949-03-08,3.7361119,simulation
1949-03-09,0.90079874,simulation
1949-03-10,4.66758,simulation
1949-03-11,4.281362,simulation
1949-03-12,1.8358899,simulation
1949-03-13,0.75356156,simulation
1949-03-14,0.45662975,simulation
1949-03-15,4.0321846,simulation
1949-03-16,2.6534088,simulation
1949-03-17,1.35907,simulation
1949-03-18,1.1206955,simulation
1949-03-19,2.2169843,simulation
1949-03-20,9.00292,simulation
1949-03-21,1.7133842,simulation
1949-03-22,6.8839974,simulation
1949-03-23,1.94796,simulation
1949-03-24,1.2030897,simulation
1949-03-25,1.9130988,simulation
1949-03-26,1.674621,simulation
1949-03-27,0.5562803,simulation
1949-03-28,1.1496084,simulation
1949-03-29,0.6876604,simulation
1949-03-30,0.8784041,simulation
1949-03-31,8.290286,simulation
1949-04-01,11.058248,simulation
1949-04-02,0.8821765,simulation
1949-04-03,1.2475445,simulation
1949-04-04,1.0940951,simulation
1949-04-05,1.8035941,simulation
1949-04-06,34.639294,simulation
1949-04-07,31.402365,simulation
1949-04-08,2.7362244,simulation
1949-04-09,1.311532,simulation
1949-04-10,0.58862853,simulation
1949-04-11,2.0074291,simulation
1949-04-12,0.81887054,simulation
1949-04-13,12.165169,simulation
1949-04-14,22.751917,simulation
1949-04-15,9.070808,simulation
1949-04-16,23.302341,simulation
1949-04-17,26.729265,simulation
1949-04-18,38.9835,simulation
1949-04-19,7.6884155,simulation
1949-04-20,0.87772584,simulation
1949-04-21,0.58597803,simulation
1949-04-22,0.46582738,simulation
1949-04-23,1.3261791,simulation
1949-04-24,6.313766,simulation
1949-04-25,30.136232,simulation
1949-04-26,1.8309468,simulation
1949-04-27,0.81266785,simulation
1949-04-28,1.5176893,simulation
1949-04-29,1.713397,simulation
1949-04-30,1.636951,simulation
1949-05-01,1.2306806,simulation
1949-05-02,1.6045314,simulation
1949-05-03,34.918995,simulation
1949-05-04,35.35997,simulation
1949-05-05,38.808266,simulation
1949-05-06,58.249275,simulation
1949-05-07,34.454006,simulation
1949-05-08,44.680256,simulation
1949-05-09,5.814481,simulation
1949-05-10,7.302284,simulation
1949-05-11,39.34619,simulation
1949-05-12,19.613745,simulation
1949-05-13,43.596264,simulation
1949-05-14,35.63523,simulation
1949-05-15,43.02292,simulation
1949-05-16,48.68056,simulation
1949-05-17,32.67704,simulation
1949-05-18,29.768515,simulation
1949-05-19,45.32748,simulation
1949-05-20,6.338195,simulation
1949-05-21,4.9921064,simulation
1949-05-22,12.990824,simulation
1949-05-23,4.2141166,simulation
1949-05-24,8.7564945,simulation
1949-05-25,40.74772,simulation
1949-05-26,1.8460782,simulation
1949-05-27,11.031528,simulation
1949-05-28,0.70485646,simulation
1949-05-29,0.85653967,simulation
1949-05-30,2.8541307,simulation
1949-05-31,1.6372304,simulation
1949-06-01,7.944241,simulation
1949-06-02,59.44323,simulation
1949-06-03,68.19055,simulation
1949-06-04,52.411877,simulation
1949-06-05,62.481525,simulation
1949-06-06,66.18136,simulation
1949-06-07,45.511364,simulation
1949-06-08,7.8859262,simulation
1949-06-09,12.084076,simulation
1949-06-10,1.6651956,simulation
1949-06-11,1.3129197,simulation
1949-06-12,1.6638331,simulation
1949-06-13,3.127524,simulation
1949-06-14,1.7299092,simulation
1949-06-15,2.0706193,simulation
1949-06-16,73.73876,simulation
1949-06-17,64.57194,simulation
1949-06-18,13.488133,simulation
1949-06-19,2.4797623,simulation
1949-06-20,21.266756,simulation
1949-06-21,2.7926264,simulation
1949-06-22,7.4992146,simulation
1949-06-23,5.5182023,simulation
1949-06-24,2.263089,simulation
1949-06-25,14.674679,simulation
1949-06-26,25.25734,simulation
1949-06-27,21.192213,simulation
1949-06-28,25.948093,simulation
1949-06-29,24.961805,simulation
1949-06-30,6.920686,simulation
1949-07-01,16.398191,simulation
1949-07-02,17.125332,simulation
1949-07-03,1.1779163,simulation
1949-07-04,12.342146,simulation
1949-07-05,28.675486,simulation
1949-07-06,33.411476,simulation
1949-07-07,28.355423,simulation
1949-07-08,18.745232,simulation
1949-07-09,38.17256,simulation
1949-07-10,4.8026447,simulation
1949-07-11,3.3171964,simulation
1949-07-12,3.7506912,simulation
1949-07-13,2.9138074,simulation
1949-07-14,3.0766435,simulation
1949-07-15,0.6105592,simulation
1949-07-16,0.6298654,simulation
1949-07-17,0.8057292,simulation
1949-07-18,6.9389567,simulation
1949-07-19,14.512935,simulation
1949-07-20,28.850689,simulation
1949-07-21,5.524348,simulation
1949-07-22,6.5925727,simulation
1949-07-23,1.2245204,simulation
1949-07-24,2.5170567,simulation
1949-07-25,2.9269311,simulation
1949-07-26,35.873367,simulation
1949-07-27,3.608919,simulation
1949-07-28,16.129126,simulation
1949-07-29,41.622673,simulation
1949-07-30,16.854197,simulation
1949-07-31,6.233884,simulation
1949-08-01,0.88424563,simulation
1949-08-02,6.536221,simulation
1949-08-03,17.96931,simulation
1949-08-04,7.70311,simulation
1949-08-05,5.485985,simulation
1949-08-06,10.821045,simulation
1949-08-07,4.897169,simulation
1949-08-08,9.966357,simulation
1949-08-09,19.554981,simulation
1949-08-10,37.539627,simulation
1949-08-11,37.70564,simulation
1949-08-12,21.502846,simulation
1949-08-13,7.016349,simulation
1949-08-14,15.558049,simulation
1949-08-15,9.834054,simulation
1949-08-16,2.2615385,simulation
1949-08-17,2.900091,simulation
1949-08-18,6.028918,simulation
1949-08-19,13.182625,simulation
1949-08-20,36.848145,simulation
1949-08-21,3.5777576,simulation
1949-08-22,5.3481607,simulation
1949-08-23,4.4248376,simulation
1949-08-24,8.028666,simulation
1949-08-25,14.283982,simulation
1949-08-26,9.1271515,simulation
1949-08-27,32.9691,simulation
1949-08-28,35.74948,simulation
1949-08-29,23.954617,simulation
1949-08-30,15.053968,simulation
1949-08-31,7.479236,simulation
1949-09-01,15.210848,simulation
1949-09-02,46.11328,simulation
1949-09-03,2.226581,simulation
1949-09-04,0.62516326,simulation
1949-09-05,2.8835537,simulation
1949-09-06,1.3058834,simulation
1949-09-07,19.423662,simulation
1949-09-08,15.522656,simulation
1949-09-09,7.9396377,simulation
1949-09-10,25.922197,simulation
1949-09-11,2.9044244,simulation
1949-09-12,16.983412,simulation
1949-09-13,1.0047212,simulation
1949-09-14,2.7230778,simulation
1949-09-15,3.5595095,simulation
1949-09-16,8.017014,simulation
1949-09-17,3.3971858,simulation
1949-09-18,2.6706116,simulation
1949-09-19,4.282712,simulation
1949-09-20,18.666523,simulation
1949-09-21,1.9440858,simulation
1949-09-22,0.89731985,simulation
1949-09-23,25.863539,simulation
1949-09-24,16.804234,simulation
1949-09-25,9.069029,simulation
1949-09-26,17.173597,simulation
1949-09-27,1.8512946,simulation
1949-09-28,6.405161,simulation
1949-09-29,19.723421,simulation
1949-09-30,15.817191,simulation
1949-10-01,1.2969768,simulation
1949-10-02,0.5925983,simulation
1949-10-03,0.6430767,simulation
1949-10-04,0.6564613,simulation
1949-10-05,2.1217618,simulation
1949-10-06,7.2954855,simulation
1949-10-07,2.2961595,simulation
1949-10-08,0.55250835,simulation
1949-10-09,1.4786491,simulation
1949-10-10,6.3126216,simulation
1949-10-11,6.815103,simulation
1949-10-12,2.1337245,simulation
1949-10-13,0.8420782,simulation
1949-10-14,1.7466457,simulation
1949-10-15,0.48930648,simulation
1949-10-16,0.9749606,simulation
1949-10-17,7.558347,simulation
1949-10-18,0.9302562,simulation
1949-10-19,6.9309807,simulation
1949-10-20,3.1971653,simulation
1949-10-21,1.4842333,simulation
1949-10-22,1.7476114,simulation
1949-10-23,4.461634,simulation
1949-10-24,2.3508956,simulation
1949-10-25,0.5301648,simulation
1949-10-26,2.7655091,simulation
1949-10-27,4.430925,simulation
1949-10-28,0.48270416,simulation
1949-10-29,0.67014474,simulation
1949-10-30,0.6050652,simulation
1949-10-31,0.50071096,simulation
1949-11-01,3.3383286,simulation
1949-11-02,4.350708,simulation
1949-11-03,3.8687758,simulation
1949-11-04,2.945286,simulation
1949-11-05,3.9886432,simulation
1949-11-06,2.7545822,simulation
1949-11-07,2.7490764,simulation
1949-11-08,2.149362,simulation
1949-11-09,3.2788036,simulation
1949-11-10,1.818339,simulation
1949-11-11,2.8424873,simulation
1949-11-12,0.60612303,simulation
1949-11-13,1.9151304,simulation
1949-11-14,2.5636613,simulation
1949-11-15,3.1261966,simulation
1949-11-16,3.6423628,simulation
1949-11-17,2.8747408,simulation
1949-11-18,2.0263371,simulation
1949-11-19,2.6687932,simulation
1949-11-20,2.9563432,simulation
1949-11-21,5.0689387,simulation
1949-11-22,1.2218202,simulation
1949-11-23,0.59194815,simulation
1949-11-24,0.83286977,simulation
1949-11-25,4.5092893,simulation
1949-11-26,2.738226,simulation
1949-11-27,1.0392792,simulation
1949-11-28,1.0556476,simulation
1949-11-29,1.1960443,simulation
1949-11-30,4.605217,simulation
1949-12-01,2.0033588,simulation
1949-12-02,0.7706638,simulation
1949-12-03,1.6241724,simulation
1949-12-04,0.55027586,simulation
1949-12-05,1.3429039,simulation
1949-12-06,0.76161253,simulation
1949-12-07,0.55854833,simulation
1949-12-08,1.2175705,simulation
1949-12-09,0.73315036,simulation
1949-12-10,0.39850122,simulation
1949-12-11,0.7179616,simulation
1949-12-12,0.76686424,simulation
1949-12-13,0.42747962,simulation
1949-12-14,0.39572895,simulation
1949-12-15,0.72651845,simulation
1949-12-16,1.1303054,simulation
1949-12-17,0.55670464,simulation
1949-12-18,0.5079564,simulation
1949-12-19,0.74148387,simulation
1949-12-20,1.0171201,simulation
1949-12-21,0.99602884,simulation
1949-12-22,0.47865853,simulation
1949-12-23,1.2890143,simulation
1949-12-24,1.2796342,simulation
1949-12-25,0.85144216,simulation
1949-12-26,0.43531603,simulation
1949-12-27,0.42816016,simulation
1949-12-28,1.9590766,simulation
1949-12-29,1.4524143,simulation
1949-12-30,1.3588558,simulation
1949-12-31,1.1000135,simulation
1950-01-01,0.60500157,simulation
1950-01-02,0.7206966,simulation
1950-01-03,1.1587741,simulation
1950-01-04,0.59063864,simulation
1950-01-05,0.55599165,simulation
1950-01-06,0.49933112,simulation
1950-01-07,1.5997767,simulation
1950-01-08,0.995512,simulation
1950-01-09,0.88821554,simulation
1950-01-10,0.5944228,simulation
1950-01-11,0.4163096,simulation
1950-01-12,0.7163558,simulation
1950-01-13,1.1892935,simulation
1950-01-14,0.51633435,simulation
1950-01-15,0.71054524,simulation
1950-01-16,0.4540669,simulation
1950-01-17,0.47783816,simulation
1950-01-18,0.8706861,simulation
1950-01-19,0.61904997,simulation
1950-01-20,0.44472826,simulation
1950-01-21,0.44348833,simulation
1950-01-22,0.91134197,simulation
1950-01-23,1.2189517,simulation
1950-01-24,1.7620472,simulation
1950-01-25,1.5296601,simulation
1950-01-26,1.5337555,simulation
1950-01-27,0.39700374,simulation
1950-01-28,0.53198177,simulation
1950-01-29,0.89984566,simulation
1950-01-30,1.7797698,simulation
1950-01-31,1.5008618,simulation
1950-02-01,1.6040609,simulation
1950-02-02,0.5698583,simulation
1950-02-03,1.1291888,simulation
1950-02-04,0.99461335,simulation
1950-02-05,2.7832391,simulation
1950-02-06,1.4613147,simulation
1950-02-07,0.85267633,simulation
1950-02-08,0.970643,simulation
1950-02-09,0.5106253,simulation
1950-02-10,0.43050784,simulation
1950-02-11,0.58173394,simulation
1950-02-12,1.2305323,simulation
1950-02-13,0.5603736,simulation
1950-02-14,0.70332897,simulation
1950-02-15,3.63862,simulation
1950-02-16,3.634937,simulation
1950-02-17,3.0266216,simulation
1950-02-18,3.6797454,simulation
1950-02-19,3.3067994,simulation
1950-02-20,3.7595475,simulation
1950-02-21,1.9597008,simulation
1950-02-22,0.65072834,simulation
1950-02-23,3.3938465,simulation
1950-02-24,3.9368756,simulation
1950-02-25,2.8969464,simulation
1950-02-26,5.081418,simulation
1950-02-27,3.6854265,simulation
1950-02-28,1.409384,simulation
1950-03-01,4.3387985,simulation
1950-03-02,3.1941147,simulation
1950-03-03,0.58024657,simulation
1950-03-04,0.41245103,simulation
1950-03-05,0.44540313,simulation
1950-03-06,0.41624135,simulation
1950-03-07,2.538047,simulation
1950-03-08,14.3541975,simulation
1950-03-09,3.4152455,simulation
1950-03-10,5.7599626,simulation
1950-03-11,3.7134402,simulation
1950-03-12,1.403868,simulation
1950-03-13,0.6186907,simulation
1950-03-14,5.930893,simulation
1950-03-15,0.5313503,simulation
1950-03-16,1.4440867,simulation
1950-03-17,5.3755603,simulation
1950-03-18,12.135144,simulation
1950-03-19,1.1192602,simulation
1950-03-20,4.3977647,simulation
1950-03-21,0.87766683,simulation
1950-03-22,24.455736,simulation
1950-03-23,15.786907,simulation
1950-03-24,3.7193046,simulation
1950-03-25,2.6310682,simulation
1950-03-26,2.1556091,simulation
1950-03-27,2.5100086,simulation
1950-03-28,9.911258,simulation
1950-03-29,32.163425,simulation
1950-03-30,11.441946,simulation
1950-03-31,1.8175277,simulation
1950-04-01,0.4838515,simulation
1950-04-02,3.1378264,simulation
1950-04-03,2.094689,simulation
1950-04-04,0.90698254,simulation
1950-04-05,23.15302,simulation
1950-04-06,13.134104,simulation
1950-04-07,7.5669,simulation
1950-04-08,18.201235,simulation
1950-04-09,12.289358,simulation
1950-04-10,5.3421836,simulation
1950-04-11,8.1587,simulation
1950-04-12,3.0266225,simulation
1950-04-13,1.9018723,simulation
1950-04-14,21.267942,simulation
1950-04-15,17.772013,simulation
1950-04-16,9.4727955,simulation
1950-04-17,0.76674634,simulation
1950-04-18,2.1270087,simulation
1950-04-19,4.3608384,simulation
1950-04-20,38.060337,simulation
1950-04-21,25.823929,simulation
1950-04-22,10.723189,simulation
1950-04-23,11.9356575,simulation
1950-04-24,2.577302,simulation
1950-04-25,1.7541697,simulation
1950-04-26,23.480135,simulation
1950-04-27,2.440908,simulation
1950-04-28,2.348687,simulation
1950-04-29,0.7726123,simulation
1950-04-30,1.0114559,simulation
1950-05-01,0.52905136,simulation
1950-05-02,0.74316436,simulation
1950-05-03,2.12959,simulation
1950-05-04,2.42159,simulation
1950-05-05,7.520578,simulation
1950-05-06,4.7786713,simulation
1950-05-07,4.1096663,simulation
1950-05-08,7.3720207,simulation
1950-05-09,4.787412,simulation
1950-05-10,9.992298,simulation
1950-05-11,2.095158,simulation
1950-05-12,1.4275541,simulation
1950-05-13,0.55881685,simulation
1950-05-14,6.3401866,simulation
1950-05-15,4.9466023,simulation
1950-05-16,35.13754,simulation
1950-05-17,35.603977,simulation
1950-05-18,10.623605,simulation
1950-05-19,22.797207,simulation
1950-05-20,5.4915757,simulation
1950-05-21,1.3345562,simulation
1950-05-22,8.294091,simulation
1950-05-23,12.271121,simulation
1950-05-24,28.82457,simulation
1950-05-25,28.91625,simulation
1950-05-26,24.775208,simulation
1950-05-27,4.3707485,simulation
1950-05-28,2.363355,simulation
1950-05-29,39.558773,simulation
1950-05-30,3.2583134,simulation
1950-05-31,27.764309,simulation
1950-06-01,1.4664028,simulation
1950-06-02,0.7832294,simulation
1950-06-03,1.0483315,simulation
1950-06-04,1.9314846,simulation
1950-06-05,22.409552,simulation
1950-06-06,0.97380877,simulation
1950-06-07,1.8300544,simulation
1950-06-08,8.829204,simulation
1950-06-09,6.835982,simulation
1950-06-10,3.5162053,simulation
1950-06-11,8.471979,simulation
1950-06-12,68.700325,simulation
1950-06-13,70.8273,simulation
1950-06-14,51.115112,simulation
1950-06-15,52.255413,simulation
1950-06-16,61.891453,simulation
1950-06-17,49.477245,simulation
1950-06-18,45.50943,simulation
1950-06-19,10.189776,simulation
1950-06-20,0.9790289,simulation
1950-06-21,2.5619245,simulation
1950-06-22,6.7060623,simulation
1950-06-23,22.510366,simulation
1950-06-24,77.60284,simulation
1950-06-25,58.55427,simulation
1950-06-26,43.09168,simulation
1950-06-27,45.318325,simulation
1950-06-28,66.976616,simulation
1950-06-29,36.26412,simulation
1950-06-30,22.573256,simulation
1950-07-01,69.904724,simulation
1950-07-02,8.275971,simulation
1950-07-03,22.893198,simulation
1950-07-04,12.431358,simulation
1950-07-05,7.948879,simulation
1950-07-06,1.6377252,simulation
1950-07-07,6.054808,simulation
1950-07-08,26.930283,simulation
1950-07-09,48.950043,simulation
1950-07-10,8.866023,simulation
1950-07-11,5.109168,simulation
1950-07-12,0.8638674,simulation
1950-07-13,9.986556,simulation
1950-07-14,1.1445329,simulation
1950-07-15,1.4532881,simulation
1950-07-16,7.1288314,simulation
1950-07-17,10.436166,simulation
1950-07-18,23.313484,simulation
1950-07-19,42.41189,simulation
1950-07-20,64.83157,simulation
1950-07-21,24.615644,simulation
1950-07-22,26.941544,simulation
1950-07-23,21.670774,simulation
1950-07-24,12.56452,simulation
1950-07-25,2.2817838,simulation
1950-07-26,1.0306649,simulation
1950-07-27,2.2460222,simulation
1950-07-28,1.0605333,simulation
1950-07-29,1.154894,simulation
1950-07-30,2.0069618,simulation
1950-07-31,8.404645,simulation
1950-08-01,60.56229,simulation
1950-08-02,66.39418,simulation
1950-08-03,15.405443,simulation
1950-08-04,46.339725,simulation
1950-08-05,3.596227,simulation
1950-08-06,36.86251,simulation
1950-08-07,64.67175,simulation
1950-08-08,22.906986,simulation
1950-08-09,8.809772,simulation
1950-08-10,10.89727,simulation
1950-08-11,12.146894,simulation
1950-08-12,31.481924,simulation
1950-08-13,28.503464,simulation
1950-08-14,19.055983,simulation
1950-08-15,30.856543,simulation
1950-08-16,3.1274135,simulation
1950-08-17,14.122095,simulation
1950-08-18,24.25572,simulation
1950-08-19,1.4669653,simulation
1950-08-20,2.686287,simulation
1950-08-21,44.961105,simulation
1950-08-22,27.442019,simulation
1950-08-23,40.303112,simulation
1950-08-24,34.074562,simulation
1950-08-25,6.0980725,simulation
1950-08-26,5.4576306,simulation
1950-08-27,29.071941,simulation
1950-08-28,11.667682,simulation
1950-08-29,2.8504603,simulation
1950-08-30,0.83114314,simulation
1950-08-31,2.7873085,simulation
1950-09-01,5.043374,simulation
1950-09-02,0.83879924,simulation
1950-09-03,25.062067,simulation
1950-09-04,18.346716,simulation
1950-09-05,11.515075,simulation
1950-09-06,43.10431,simulation
1950-09-07,1.0507429,simulation
1950-09-08,1.350227,simulation
1950-09-09,1.4837583,simulation
1950-09-10,9.587149,simulation
1950-09-11,7.0617476,simulation
1950-09-12,26.90533,simulation
1950-09-13,1.2675376,simulation
1950-09-14,1.0505524,simulation
1950-09-15,2.3767972,simulation
1950-09-16,1.7491689,simulation
1950-09-17,1.6699957,simulation
1950-09-18,17.7737,simulation
1950-09-19,3.3950012,simulation
1950-09-20,16.036325,simulation
1950-09-21,2.089336,simulation
1950-09-22,3.1839309,simulation
1950-09-23,2.2096508,simulation
1950-09-24,11.379187,simulation
1950-09-25,2.8187084,simulation
1950-09-26,1.0484395,simulation
1950-09-27,0.66240114,simulation
1950-09-28,0.99663126,simulation
1950-09-29,0.80654806,simulation
1950-09-30,0.7721021,simulation
1950-10-01,1.0813988,simulation
1950-10-02,5.9012938,simulation
1950-10-03,14.809062,simulation
1950-10-04,1.3056675,simulation
1950-10-05,14.067972,simulation
1950-10-06,13.409309,simulation
1950-10-07,7.611814,simulation
1950-10-08,0.8950999,simulation
1950-10-09,9.885323,simulation
1950-10-10,8.592962,simulation
1950-10-11,11.24877,simulation
1950-10-12,16.24624,simulation
1950-10-13,12.01429,simulation
1950-10-14,12.424334,simulation
1950-10-15,12.549712,simulation
1950-10-16,15.299337,simulation
1950-10-17,4.206522,simulation
1950-10-18,0.68659055,simulation
1950-10-19,1.3466446,simulation
1950-10-20,0.8102095,simulation
1950-10-21,0.4353228,simulation
1950-10-22,1.5951382,simulation
1950-10-23,2.762114,simulation
1950-10-24,3.8198488,simulation
1950-10-25,3.7869065,simulation
1950-10-26,6.737412,simulation
1950-10-27,7.3854184,simulation
1950-10-28,0.94798803,simulation
1950-10-29,4.0444627,simulation
1950-10-30,3.4162,simulation
1950-10-31,3.8746247,simulation
1950-11-01,4.252195,simulation
1950-11-02,2.574784,simulation
1950-11-03,0.39536405,simulation
1950-11-04,0.5743029,simulation
1950-11-05,2.177125,simulation
1950-11-06,3.5199034,simulation
1950-11-07,3.7064974,simulation
1950-11-08,2.998845,simulation
1950-11-09,1.2190807,simulation
1950-11-10,0.7799928,simulation
1950-11-11,1.2537684,simulation
1950-11-12,1.7865063,simulation
1950-11-13,1.8775853,simulation
1950-11-14,1.9181569,simulation
1950-11-15,1.4664282,simulation
1950-11-16,0.43118733,simulation
1950-11-17,1.5060581,simulation
1950-11-18,1.246047,simulation
1950-11-19,1.4283813,simulation
1950-11-20,0.8070952,simulation
1950-11-21,1.9814312,simulation
1950-11-22,1.387084,simulation
1950-11-23,1.9513962,simulation
1950-11-24,0.83449525,simulation
1950-11-25,1.1215867,simulation
1950-11-26,1.5443677,simulation
1950-11-27,2.1234198,simulation
1950-11-28,1.4350797,simulation
1950-11-29,1.1304986,simulation
1950-11-30,1.1656282,simulation
1950-12-01,1.7537916,simulation
1950-12-02,0.6950459,simulation
1950-12-03,0.44760656,simulation
1950-12-04,0.6079794,simulation
1950-12-05,0.68586177,simulation
1950-12-06,0.3673342,simulation
1950-12-07,0.81904685,simulation
1950-12-08,0.5551155,simulation
1950-12-09,1.1259139,simulation
1950-12-10,3.4357164,simulation
1950-12-11,0.57447886,simulation
1950-12-12,1.0801319,simulation
1950-12-13,0.6233442,simulation
1950-12-14,0.36533377,simulation
1950-12-15,0.35967168,simulation
1950-12-16,0.46714813,simulation
1950-12-17,1.6003233,simulation
1950-12-18,1.0464847,simulation
1950-12-19,0.93423176,simulation
1950-12-20,0.6821744,simulation
1950-12-21,0.51051486,simulation
1950-12-22,0.87992126,simulation
1950-12-23,1.1094451,simulation
1950-12-24,0.9904018,simulation
1950-12-25,1.3826442,simulation
1950-12-26,0.5153106,simulation
1950-12-27,0.5868801,simulation
1950-12-28,0.33638632,simulation
1950-12-29,0.3453188,simulation
1950-12-30,0.40463766,simulation
1950-12-31,1.0157682,simulation
1951-01-01,0.57752585,simulation
1951-01-02,0.6673843,simulation
1951-01-03,0.41788232,simulation
1951-01-04,1.2479814,simulation
1951-01-05,1.4946246,simulation
1951-01-06,0.6241357,simulation
1951-01-07,0.94412434,simulation
1951-01-08,1.1152132,simulation
1951-01-09,1.2217573,simulation
1951-01-10,0.62131107,simulation
1951-01-11,1.1478465,simulation
1951-01-12,0.742572,simulation
1951-01-13,0.73657286,simulation
1951-01-14,0.58251137,simulation
1951-01-15,3.109608,simulation
1951-01-16,1.7673304,simulation
1951-01-17,1.100876,simulation
1951-01-18,0.9630469,simulation
1951-01-19,1.3205185,simulation
1951-01-20,1.180261,simulation
1951-01-21,2.3658855,simulation
1951-01-22,1.1173296,simulation
1951-01-23,0.6290508,simulation
1951-01-24,2.1543546,simulation
1951-01-25,1.2772826,simulation
1951-01-26,1.7312616,simulation
1951-01-27,1.6555713,simulation
1951-01-28,1.4448216,simulation
1951-01-29,0.36402774,simulation
1951-01-30,0.36019748,simulation
1951-01-31,0.35287407,simulation
1951-02-01,0.49117517,simulation
1951-02-02,0.7597904,simulation
1951-02-03,0.83745503,simulation
1951-02-04,0.84328103,simulation
1951-02-05,0.7502525,simulation
1951-02-06,0.6488232,simulation
1951-02-07,2.072811,simulation
1951-02-08,2.2818706,simulation
1951-02-09,0.5310905,simulation
1951-02-10,0.4567783,simulation
1951-02-11,1.6546956,simulation
1951-02-12,1.3497132,simulation
1951-02-13,0.9637045,simulation
1951-02-14,1.9009662,simulation
1951-02-15,0.5798511,simulation
1951-02-16,1.4653571,simulation
1951-02-17,1.2508733,simulation
1951-02-18,1.3205441,simulation
1951-02-19,1.4038101,simulation
1951-02-20,0.8708854,simulation
1951-02-21,7.3240094,simulation
1951-02-22,2.5959332,simulation
1951-02-23,1.7025121,simulation
1951-02-24,2.327842,simulation
1951-02-25,2.4961483,simulation
1951-02-26,1.7173079,simulation
1951-02-27,1.6676449,simulation
1951-02-28,1.6098489,simulation
1951-03-01,1.060379,simulation
1951-03-02,2.5034435,simulation
1951-03-03,1.9893265,simulation
1951-03-04,0.78330284,simulation
1951-03-05,0.7470788,simulation
1951-03-06,2.2691164,simulation
1951-03-07,2.041217,simulation
1951-03-08,2.414097,simulation
1951-03-09,3.0751188,simulation
1951-03-10,2.3659258,simulation
1951-03-11,0.9073144,simulation
1951-03-12,0.54411656,simulation
1951-03-13,0.85634625,simulation
1951-03-14,3.2693243,simulation
1951-03-15,4.76746,simulation
1951-03-16,5.091734,simulation
1951-03-17,1.8451614,simulation
1951-03-18,0.51111054,simulation
1951-03-19,0.6448901,simulation
1951-03-20,0.6261296,simulation
1951-03-21,7.861069,simulation
1951-03-22,11.811794,simulation
1951-03-23,3.1981533,simulation
1951-03-24,4.914106,simulation
1951-03-25,2.2571025,simulation
1951-03-26,1.8758446,simulation
1951-03-27,0.9486162,simulation
1951-03-28,0.52186185,simulation
1951-03-29,2.907727,simulation
1951-03-30,16.671463,simulation
1951-03-31,21.882729,simulation
1951-04-01,5.304159,simulation
1951-04-02,2.0512311,simulation
1951-04-03,5.862158,simulation
1951-04-04,17.088392,simulation
1951-04-05,1.7152164,simulation
1951-04-06,0.5809283,simulation
1951-04-07,1.6036745,simulation
1951-04-08,17.643076,simulation
1951-04-09,2.4594007,simulation
1951-04-10,16.01515,simulation
1951-04-11,0.9762157,simulation
1951-04-12,17.757038,simulation
1951-04-13,29.141537,simulation
1951-04-14,42.622242,simulation
1951-04-15,22.605421,simulation
1951-04-16,13.592411,simulation
1951-04-17,17.795153,simulation
1951-04-18,2.8748736,simulation
1951-04-19,7.642765,simulation
1951-04-20,11.542256,simulation
1951-04-21,0.9821707,simulation
1951-04-22,3.9602733,simulation
1951-04-23,34.603916,simulation
1951-04-24,42.809013,simulation
1951-04-25,4.0822144,simulation
1951-04-26,3.58156,simulation
1951-04-27,8.236196,simulation
1951-04-28,11.715804,simulation
1951-04-29,2.9591737,simulation
1951-04-30,13.1961,simulation
1951-05-01,29.272171,simulation
1951-05-02,4.5678124,simulation
1951-05-03,7.909968,simulation
1951-05-04,39.264126,simulation
1951-05-05,43.101967,simulation
1951-05-06,1.5195365,simulation
1951-05-07,10.217993,simulation
1951-05-08,3.1248999,simulation
1951-05-09,3.7116477,simulation
1951-05-10,1.2367007,simulation
1951-05-11,5.6221466,simulation
1951-05-12,10.063034,simulation
1951-05-13,37.955124,simulation
1951-05-14,57.111454,simulation
1951-05-15,54.72906,simulation
1951-05-16,38.641167,simulation
1951-05-17,50.272343,simulation
1951-05-18,36.487175,simulation
1951-05-19,45.0055,simulation
1951-05-20,14.718118,simulation
1951-05-21,31.563147,simulation
1951-05-22,8.662849,simulation
1951-05-23,9.522132,simulation
1951-05-24,14.133375,simulation
1951-05-25,5.9095774,simulation
1951-05-26,19.041891,simulation
1951-05-27,69.68017,simulation
1951-05-28,34.24904,simulation
1951-05-29,36.923378,simulation
1951-05-30,32.957542,simulation
1951-05-31,49.71203,simulation
1951-06-01,28.952383,simulation
1951-06-02,3.882838,simulation
1951-06-03,62.62827,simulation
1951-06-04,3.6244488,simulation
1951-06-05,7.232442,simulation
1951-06-06,28.691925,simulation
1951-06-07,20.386972,simulation
1951-06-08,25.91982,simulation
1951-06-09,21.074057,simulation
1951-06-10,7.7719007,simulation
1951-06-11,15.038865,simulation
1951-06-12,3.543785,simulation
1951-06-13,5.960567,simulation
1951-06-14,2.4055703,simulation
1951-06-15,1.2259587,simulation
1951-06-16,1.3536136,simulation
1951-06-17,2.60034,simulation
1951-06-18,11.252251,simulation
1951-06-19,7.208167,simulation
1951-06-20,3.732189,simulation
1951-06-21,13.789414,simulation
1951-06-22,45.955517,simulation
1951-06-23,39.95891,simulation
1951-06-24,36.506023,simulation
1951-06-25,26.499397,simulation
1951-06-26,40.040653,simulation
1951-06-27,40.24463,simulation
1951-06-28,13.610005,simulation
1951-06-29,4.362841,simulation
1951-06-30,2.7943718,simulation
1951-07-01,3.633631,simulation
1951-07-02,1.2122887,simulation
1951-07-03,8.216178,simulation
1951-07-04,21.729488,simulation
1951-07-05,27.708536,simulation
1951-07-06,42.97632,simulation
1951-07-07,27.512552,simulation
1951-07-08,36.025486,simulation
1951-07-09,17.50978,simulation
1951-07-10,46.738014,simulation
1951-07-11,48.68645,simulation
1951-07-12,40.20322,simulation
1951-07-13,4.1802516,simulation
1951-07-14,24.223825,simulation
1951-07-15,36.785667,simulation
1951-07-16,25.945498,simulation
1951-07-17,55.96835,simulation
1951-07-18,51.350952,simulation
1951-07-19,21.414186,simulation
1951-07-20,46.149185,simulation
1951-07-21,39.34815,simulation
1951-07-22,7.834086,simulation
1951-07-23,7.732628,simulation
1951-07-24,7.3041983,simulation
1951-07-25,8.40973,simulation
1951-07-26,15.550066,simulation
1951-07-27,2.410369,simulation
1951-07-28,1.2005198,simulation
1951-07-29,3.8642974,simulation
1951-07-30,18.566605,simulation
1951-07-31,17.43048,simulation
1951-08-01,27.28359,simulation
1951-08-02,25.215572,simulation
1951-08-03,17.635433,simulation
1951-08-04,46.144455,simulation
1951-08-05,50.740116,simulation
1951-08-06,36.70265,simulation
1951-08-07,24.540041,simulation
1951-08-08,4.289173,simulation
1951-08-09,29.088455,simulation
1951-08-10,29.721592,simulation
1951-08-11,37.25077,simulation
1951-08-12,44.059494,simulation
1951-08-13,42.6134,simulation
1951-08-14,42.964077,simulation
1951-08-15,26.552128,simulation
1951-08-16,31.751629,simulation
1951-08-17,20.71053,simulation
1951-08-18,8.450288,simulation
1951-08-19,22.334349,simulation
1951-08-20,26.28705,simulation
1951-08-21,20.224108,simulation
1951-08-22,2.4191542,simulation
1951-08-23,38.193245,simulation
1951-08-24,40.95995,simulation
1951-08-25,24.817352,simulation
1951-08-26,25.726555,simulation
1951-08-27,32.95894,simulation
1951-08-28,26.592861,simulation
1951-08-29,26.369526,simulation
1951-08-30,29.901377,simulation
1951-08-31,27.124165,simulation
1951-09-01,11.6641445,simulation
1951-09-02,28.230164,simulation
1951-09-03,20.71229,simulation
1951-09-04,15.365222,simulation
1951-09-05,19.490442,simulation
1951-09-06,11.67564,simulation
1951-09-07,23.32976,simulation
1951-09-08,19.46394,simulation
1951-09-09,23.989426,simulation
1951-09-10,1.6238136,simulation
1951-09-11,2.811505,simulation
1951-09-12,1.5539811,simulation
1951-09-13,0.49212486,simulation
1951-09-14,0.3515282,simulation
1951-09-15,5.186729,simulation
1951-09-16,3.2063377,simulation
1951-09-17,4.5510364,simulation
1951-09-18,19.689194,simulation
1951-09-19,16.217083,simulation
1951-09-20,0.82749695,simulation
1951-09-21,0.40243533,simulation
1951-09-22,0.5290752,simulation
1951-09-23,0.6623872,simulation
1951-09-24,2.381618,simulation
1951-09-25,0.53832567,simulation
1951-09-26,0.5498716,simulation
1951-09-27,1.7939247,simulation
1951-09-28,11.037496,simulation
1951-09-29,16.067175,simulation
1951-09-30,4.065253,simulation
1951-10-01,5.980843,simulation
1951-10-02,12.237373,simulation
1951-10-03,10.021344,simulation
1951-10-04,7.3882284,simulation
1951-10-05,8.674347,simulation
1951-10-06,10.608254,simulation
1951-10-07,1.4939309,simulation
1951-10-08,3.7858171,simulation
1951-10-09,5.0586944,simulation
1951-10-10,5.87602,simulation
1951-10-11,4.674417,simulation
1951-10-12,4.9049926,simulation
1951-10-13,5.650413,simulation
1951-10-14,1.4017386,simulation
1951-10-15,6.3442583,simulation
1951-10-16,4.961883,simulation
1951-10-17,5.577094,simulation
1951-10-18,2.7157376,simulation
1951-10-19,2.5673463,simulation
1951-10-20,3.7882006,simulation
1951-10-21,2.1921184,simulation
1951-10-22,0.46795177,simulation
1951-10-23,0.4259416,simulation
1951-10-24,1.1492,simulation
1951-10-25,0.67783445,simulation
1951-10-26,1.326917,simulation
1951-10-27,0.5610442,simulation
1951-10-28,0.48474485,simulation
1951-10-29,0.42060378,simulation
1951-10-30,1.060819,simulation
1951-10-31,0.6652812,simulation
1951-11-01,0.23940215,simulation
1951-11-02,0.30338722,simulation
1951-11-03,1.2056595,simulation
1951-11-04,1.6016437,simulation
1951-11-05,2.5840116,simulation
1951-11-06,0.45804244,simulation
1951-11-07,1.7548854,simulation
1951-11-08,1.1506896,simulation
1951-11-09,1.2309453,simulation
1951-11-10,0.86446375,simulation
1951-11-11,1.9571056,simulation
1951-11-12,0.43140045,simulation
1951-11-13,0.74009496,simulation
1951-11-14,2.4071043,simulation
1951-11-15,0.8887094,simulation
1951-11-16,0.45087412,simulation
1951-11-17,0.76719886,simulation
1951-11-18,0.8376584,simulation
1951-11-19,0.8535701,simulation
1951-11-20,1.0864983,simulation
1951-11-21,1.1695799,simulation
1951-11-22,0.8015617,simulation
1951-11-23,0.41984272,simulation
1951-11-24,0.36752298,simulation
1951-11-25,0.65408343,simulation
1951-11-26,0.41236287,simulation
1951-11-27,0.37056765,simulation
1951-11-28,0.32170135,simulation
1951-11-29,0.83426684,simulation
1951-11-30,0.37611946,simulation
1951-12-01,1.0050002,simulation
1951-12-02,0.39350048,simulation
1951-12-03,0.26005134,simulation
1951-12-04,0.93277484,simulation
1951-12-05,2.0387456,simulation
1951-12-06,0.74800557,simulation
1951-12-07,0.494761,simulation
1951-12-08,0.68422,simulation
1951-12-09,0.30563337,simulation
1951-12-10,0.38173953,simulation
1951-12-11,0.97681737,simulation
1951-12-12,1.2583736,simulation
1951-12-13,0.5260476,simulation
1951-12-14,0.426195,simulation
1951-12-15,1.2609143,simulation
1951-12-16,0.804088,simulation
1951-12-17,0.8576217,simulation
1951-12-18,1.1056758,simulation
1951-12-19,0.8242357,simulation
1951-12-20,0.347453,simulation
1951-12-21,0.829917,simulation
1951-12-22,0.9825274,simulation
1951-12-23,1.1302074,simulation
1951-12-24,0.79973054,simulation
1951-12-25,0.60265493,simulation
1951-12-26,0.70691437,simulation
1951-12-27,1.3141398,simulation
1951-12-28,1.0898025,simulation
1951-12-29,0.55572706,simulation
1951-12-30,0.7192432,simulation
1951-12-31,1.3257629,simulation
1952-01-01,1.0919641,simulation
1952-01-02,0.58573794,simulation
1952-01-03,0.38746306,simulation
1952-01-04,0.3631527,simulation
1952-01-05,0.38748652,simulation
1952-01-06,0.58135,simulation
1952-01-07,0.6684489,simulation
1952-01-08,0.42764026,simulation
1952-01-09,0.5274389,simulation
1952-01-10,1.5073771,simulation
1952-01-11,0.62251097,simulation
1952-01-12,0.57838404,simulation
1952-01-13,0.65404856,simulation
1952-01-14,0.5904653,simulation
1952-01-15,0.4746055,simulation
1952-01-16,0.5543954,simulation
1952-01-17,0.6313503,simulation
1952-01-18,0.761313,simulation
1952-01-19,0.66741586,simulation
1952-01-20,0.851856,simulation
1952-01-21,0.801067,simulation
1952-01-22,1.0298289,simulation
1952-01-23,1.5386783,simulation
1952-01-24,0.7467953,simulation
1952-01-25,0.59626955,simulation
1952-01-26,0.8454003,simulation
1952-01-27,0.68341917,simulation
1952-01-28,1.588507,simulation
1952-01-29,1.418979,simulation
1952-01-30,1.2364392,simulation
1952-01-31,1.105105,simulation
1952-02-01,0.6643077,simulation
1952-02-02,0.41704386,simulation
1952-02-03,2.0683265,simulation
1952-02-04,0.64776754,simulation
1952-02-05,1.9749243,simulation
1952-02-06,2.2103808,simulation
1952-02-07,2.6367688,simulation
1952-02-08,3.8815,simulation
1952-02-09,1.1827116,simulation
1952-02-10,1.0874174,simulation
1952-02-11,1.5368869,simulation
1952-02-12,1.0942943,simulation
1952-02-13,1.0771679,simulation
1952-02-14,2.624513,simulation
1952-02-15,1.5482253,simulation
1952-02-16,0.5405588,simulation
1952-02-17,0.8976346,simulation
1952-02-18,1.7077991,simulation
1952-02-19,0.7637938,simulation
1952-02-20,2.2867532,simulation
1952-02-21,3.644678,simulation
1952-02-22,0.5797589,simulation
1952-02-23,0.42430282,simulation
1952-02-24,0.5049393,simulation
1952-02-25,0.5997599,simulation
1952-02-26,0.4699651,simulation
1952-02-27,3.5445454,simulation
1952-02-28,0.77557856,simulation
1952-02-29,4.862491,simulation
1952-03-01,0.9428336,simulation
1952-03-02,0.759524,simulation
1952-03-03,0.6025573,simulation
1952-03-04,4.6352487,simulation
1952-03-05,1.0959629,simulation
1952-03-06,7.494453,simulation
1952-03-07,8.557125,simulation
1952-03-08,7.464911,simulation
1952-03-09,1.0151725,simulation
1952-03-10,0.6407518,simulation
1952-03-11,1.6995494,simulation
1952-03-12,0.86869323,simulation
1952-03-13,3.7334833,simulation
1952-03-14,0.9667703,simulation
1952-03-15,10.45393,simulation
1952-03-16,1.7289506,simulation
1952-03-17,1.1383053,simulation
1952-03-18,1.4483755,simulation
1952-03-19,8.370481,simulation
1952-03-20,5.3224635,simulation
1952-03-21,1.4425788,simulation
1952-03-22,0.92922163,simulation
1952-03-23,0.8969187,simulation
1952-03-24,9.714685,simulation
1952-03-25,2.181416,simulation
1952-03-26,9.516875,simulation
1952-03-27,15.333454,simulation
1952-03-28,3.2662735,simulation
1952-03-29,6.767786,simulation
1952-03-30,2.3247094,simulation
1952-03-31,0.5453783,simulation
1952-04-01,8.885116,simulation
1952-04-02,31.938469,simulation
1952-04-03,14.105383,simulation
1952-04-04,8.476082,simulation
1952-04-05,16.69305,simulation
1952-04-06,17.606781,simulation
1952-04-07,16.041574,simulation
1952-04-08,24.566708,simulation
1952-04-09,3.9596877,simulation
1952-04-10,0.8548864,simulation
1952-04-11,3.1352541,simulation
1952-04-12,0.9819865,simulation
1952-04-13,9.765997,simulation
1952-04-14,24.567978,simulation
1952-04-15,27.141832,simulation
1952-04-16,34.015404,simulation
1952-04-17,1.8879011,simulation
1952-04-18,1.0538983,simulation
1952-04-19,1.8781613,simulation
1952-04-20,0.8681101,simulation
1952-04-21,4.8598714,simulation
1952-04-22,0.9544389,simulation
1952-04-23,0.5838054,simulation
1952-04-24,11.422619,simulation
1952-04-25,5.4404507,simulation
1952-04-26,17.769238,simulation
1952-04-27,42.049603,simulation
1952-04-28,39.852367,simulation
1952-04-29,49.314934,simulation
1952-04-30,52.883797,simulation
1952-05-01,17.082392,simulation
1952-05-02,3.3800075,simulation
1952-05-03,43.624565,simulation
1952-05-04,54.296127,simulation
1952-05-05,45.714035,simulation
1952-05-06,28.188004,simulation
1952-05-07,35.550346,simulation
1952-05-08,28.70912,simulation
1952-05-09,11.171019,simulation
1952-05-10,3.0144951,simulation
1952-05-11,57.32126,simulation
1952-05-12,41.366825,simulation
1952-05-13,43.40313,simulation
1952-05-14,42.407406,simulation
1952-05-15,20.248417,simulation
1952-05-16,6.420431,simulation
1952-05-17,13.055067,simulation
1952-05-18,4.826656,simulation
1952-05-19,0.5146037,simulation
1952-05-20,1.0506252,simulation
1952-05-21,23.814737,simulation
1952-05-22,5.292748,simulation
1952-05-23,14.953081,simulation
1952-05-24,36.206863,simulation
1952-05-25,0.91508186,simulation
1952-05-26,23.789581,simulation
1952-05-27,17.539988,simulation
1952-05-28,0.966673,simulation
1952-05-29,2.8035643,simulation
1952-05-30,4.9655576,simulation
1952-05-31,38.728413,simulation
1952-06-01,65.65009,simulation
1952-06-02,69.027336,simulation
1952-06-03,4.1792736,simulation
1952-06-04,57.192898,simulation
1952-06-05,8.057524,simulation
1952-06-06,12.869656,simulation
1952-06-07,10.191026,simulation
1952-06-08,6.450161,simulation
1952-06-09,10.0662565,simulation
1952-06-10,24.006258,simulation
1952-06-11,39.277637,simulation
1952-06-12,65.03653,simulation
1952-06-13,48.96277,simulation
1952-06-14,56.34333,simulation
1952-06-15,59.611004,simulation
1952-06-16,43.77117,simulation
1952-06-17,22.647194,simulation
1952-06-18,6.0625124,simulation
1952-06-19,7.906454,simulation
1952-06-20,14.361119,simulation
1952-06-21,29.927553,simulation
1952-06-22,9.6163,simulation
1952-06-23,38.488094,simulation
1952-06-24,44.29593,simulation
1952-06-25,30.23612,simulation
1952-06-26,26.761526,simulation
1952-06-27,39.627415,simulation
1952-06-28,2.1983225,simulation
1952-06-29,6.282409,simulation
1952-06-30,7.702575,simulation
1952-07-01,43.011307,simulation
1952-07-02,35.57809,simulation
1952-07-03,23.747269,simulation
1952-07-04,10.27933,simulation
1952-07-05,41.50586,simulation
1952-07-06,54.067543,simulation
1952-07-07,34.050663,simulation
1952-07-08,13.6507015,simulation
1952-07-09,1.585086,simulation
1952-07-10,9.314654,simulation
1952-07-11,10.108952,simulation
1952-07-12,11.441808,simulation
1952-07-13,12.101083,simulation
1952-07-14,8.536892,simulation
1952-07-15,0.59431005,simulation
1952-07-16,0.6063828,simulation
1952-07-17,7.2926655,simulation
1952-07-18,18.743244,simulation
1952-07-19,13.944309,simulation
1952-07-20,19.03538,simulation
1952-07-21,20.891739,simulation
1952-07-22,2.2435038,simulation
1952-07-23,42.08255,simulation
1952-07-24,52.362164,simulation
1952-07-25,42.450157,simulation
1952-07-26,2.4336085,simulation
1952-07-27,22.946465,simulation
1952-07-28,43.17095,simulation
1952-07-29,17.896788,simulation
1952-07-30,9.389235,simulation
1952-07-31,14.219883,simulation
1952-08-01,2.295577,simulation
1952-08-02,9.842213,simulation
1952-08-03,8.306827,simulation
1952-08-04,22.884495,simulation
1952-08-05,31.62566,simulation
1952-08-06,14.518953,simulation
1952-08-07,18.042793,simulation
1952-08-08,17.441957,simulation
1952-08-09,2.1608865,simulation
1952-08-10,8.551277,simulation
1952-08-11,7.65437,simulation
1952-08-12,2.7479503,simulation
1952-08-13,4.2591157,simulation
1952-08-14,18.045795,simulation
1952-08-15,14.494347,simulation
1952-08-16,19.755108,simulation
1952-08-17,39.067028,simulation
1952-08-18,14.550505,simulation
1952-08-19,9.15173,simulation
1952-08-20,12.218972,simulation
1952-08-21,4.015416,simulation
1952-08-22,19.496933,simulation
1952-08-23,4.8791447,simulation
1952-08-24,3.3409772,simulation
1952-08-25,2.5424597,simulation
1952-08-26,9.392619,simulation
1952-08-27,50.153538,simulation
1952-08-28,40.849506,simulation
1952-08-29,30.53235,simulation
1952-08-30,23.686245,simulation
1952-08-31,3.3203697,simulation
1952-09-01,2.217263,simulation
1952-09-02,3.0690498,simulation
1952-09-03,18.565493,simulation
1952-09-04,33.390896,simulation
1952-09-05,17.277401,simulation
1952-09-06,15.463212,simulation
1952-09-07,2.7761445,simulation
1952-09-08,11.671496,simulation
1952-09-09,3.1449056,simulation
1952-09-10,21.106068,simulation
1952-09-11,28.393936,simulation
1952-09-12,1.651874,simulation
1952-09-13,0.67026746,simulation
1952-09-14,0.4706959,simulation
1952-09-15,3.6065414,simulation
1952-09-16,24.85576,simulation
1952-09-17,8.361456,simulation
1952-09-18,0.41056034,simulation
1952-09-19,0.4932923,simulation
1952-09-20,0.7031847,simulation
1952-09-21,0.9342593,simulation
1952-09-22,28.586868,simulation
1952-09-23,21.227959,simulation
1952-09-24,1.5675715,simulation
1952-09-25,9.716009,simulation
1952-09-26,22.473621,simulation
1952-09-27,18.19128,simulation
1952-09-28,16.87501,simulation
1952-09-29,16.611746,simulation
1952-09-30,13.180178,simulation
1952-10-01,12.00997,simulation
1952-10-02,17.970837,simulation
1952-10-03,21.061605,simulation
1952-10-04,12.028483,simulation
1952-10-05,5.475735,simulation
1952-10-06,2.6171236,simulation
1952-10-07,3.352087,simulation
1952-10-08,9.792637,simulation
1952-10-09,0.7979732,simulation
1952-10-10,6.67414,simulation
1952-10-11,5.794275,simulation
1952-10-12,5.881698,simulation
1952-10-13,5.2536955,simulation
1952-10-14,2.2006094,simulation
1952-10-15,2.9511936,simulation
1952-10-16,6.115237,simulation
1952-10-17,7.426115,simulation
1952-10-18,9.824574,simulation
1952-10-19,10.79477,simulation
1952-10-20,12.976986,simulation
1952-10-21,4.8898544,simulation
1952-10-22,1.7372622,simulation
1952-10-23,4.09192,simulation
1952-10-24,5.3907323,simulation
1952-10-25,4.5695105,simulation
1952-10-26,4.306506,simulation
1952-10-27,3.6248915,simulation
1952-10-28,6.315908,simulation
1952-10-29,3.1551363,simulation
1952-10-30,0.5572818,simulation
1952-10-31,0.89219356,simulation
1952-11-01,1.1526809,simulation
1952-11-02,1.6075227,simulation
1952-11-03,1.0577492,simulation
1952-11-04,2.2904577,simulation
1952-11-05,0.7719167,simulation
1952-11-06,1.2551124,simulation
1952-11-07,3.427219,simulation
1952-11-08,1.6494665,simulation
1952-11-09,0.41802615,simulation
1952-11-10,0.2273921,simulation
1952-11-11,1.0031176,simulation
1952-11-12,1.609749,simulation
1952-11-13,1.26613,simulation
1952-11-14,1.1910173,simulation
1952-11-15,2.2742896,simulation
1952-11-16,0.6810981,simulation
1952-11-17,0.49153206,simulation
1952-11-18,0.34988588,simulation
1952-11-19,2.3583896,simulation
1952-11-20,1.7885516,simulation
1952-11-21,1.5908456,simulation
1952-11-22,1.1801429,simulation
1952-11-23,1.3920262,simulation
1952-11-24,0.698098,simulation
1952-11-25,0.3678667,simulation
1952-11-26,0.7622864,simulation
1952-11-27,0.5970649,simulation
1952-11-28,0.85060054,simulation
1952-11-29,0.38083246,simulation
1952-11-30,0.3208488,simulation
1952-12-01,0.4629826,simulation
1952-12-02,0.31242898,simulation
1952-12-03,0.2934585,simulation
1952-12-04,0.4156745,simulation
1952-12-05,1.6198612,simulation
1952-12-06,1.2424335,simulation
1952-12-07,0.51399374,simulation
1952-12-08,0.49007648,simulation
1952-12-09,0.57987916,simulation
1952-12-10,2.8939264,simulation
1952-12-11,1.4571197,simulation
1952-12-12,1.1200325,simulation
1952-12-13,1.0038505,simulation
1952-12-14,0.8715855,simulation
1952-12-15,0.91379184,simulation
1952-12-16,0.9784737,simulation
1952-12-17,0.53327996,simulation
1952-12-18,0.75994617,simulation
1952-12-19,0.5822497,simulation
1952-12-20,1.4166403,simulation
1952-12-21,0.5589966,simulation
1952-12-22,0.6386534,simulation
1952-12-23,0.59666467,simulation
1952-12-24,0.33701327,simulation
1952-12-25,0.45337698,simulation
1952-12-26,0.48624688,simulation
1952-12-27,0.43590552,simulation
1952-12-28,0.85092545,simulation
1952-12-29,0.3772448,simulation
1952-12-30,0.3470797,simulation
1952-12-31,0.7703003,simulation
1953-01-01,0.78735334,simulation
1953-01-02,1.9967588,simulation
1953-01-03,1.7260343,simulation
1953-01-04,1.3616577,simulation
1953-01-05,1.7193943,simulation
1953-01-06,1.4762136,simulation
1953-01-07,0.6103463,simulation
1953-01-08,0.5400238,simulation
1953-01-09,0.5942847,simulation
1953-01-10,0.5303705,simulation
1953-01-11,1.7559394,simulation
1953-01-12,1.6071142,simulation
1953-01-13,0.9120316,simulation
1953-01-14,1.0268786,simulation
1953-01-15,0.8469983,simulation
1953-01-16,1.0553,simulation
1953-01-17,0.36696,simulation
1953-01-18,1.7068391,simulation
1953-01-19,1.345451,simulation
1953-01-20,1.2938813,simulation
1953-01-21,2.044557,simulation
1953-01-22,0.56285626,simulation
1953-01-23,0.84500194,simulation
1953-01-24,2.3029294,simulation
1953-01-25,2.6220572,simulation
1953-01-26,2.6317866,simulation
1953-01-27,0.82751983,simulation
1953-01-28,0.8461677,simulation
1953-01-29,3.2254524,simulation
1953-01-30,2.5860248,simulation
1953-01-31,0.9513683,simulation
1953-02-01,0.565084,simulation
1953-02-02,0.6642543,simulation
1953-02-03,0.7461116,simulation
1953-02-04,1.5229539,simulation
1953-02-05,0.8960024,simulation
1953-02-06,0.48323634,simulation
1953-02-07,2.1238174,simulation
1953-02-08,3.6718957,simulation
1953-02-09,1.0673432,simulation
1953-02-10,1.5275184,simulation
1953-02-11,1.8572637,simulation
1953-02-12,1.3387462,simulation
1953-02-13,2.1730478,simulation
1953-02-14,0.5229702,simulation
1953-02-15,3.9535384,simulation
1953-02-16,1.4019078,simulation
1953-02-17,1.6962239,simulation
1953-02-18,2.1171684,simulation
1953-02-19,0.6079042,simulation
1953-02-20,1.1336198,simulation
1953-02-21,0.83002144,simulation
1953-02-22,0.9907858,simulation
1953-02-23,0.63992435,simulation
1953-02-24,0.4264813,simulation
1953-02-25,0.43964598,simulation
1953-02-26,1.3903714,simulation
1953-02-27,5.640332,simulation
1953-02-28,1.7582318,simulation
1953-03-01,0.8217695,simulation
1953-03-02,1.4623665,simulation
1953-03-03,1.5624396,simulation
1953-03-04,1.5312012,simulation
1953-03-05,4.5438232,simulation
1953-03-06,1.6592609,simulation
1953-03-07,1.4077972,simulation
1953-03-08,10.011246,simulation
1953-03-09,2.1661582,simulation
1953-03-10,0.61263937,simulation
1953-03-11,0.6663825,simulation
1953-03-12,0.76293963,simulation
1953-03-13,1.4235644,simulation
1953-03-14,0.8286383,simulation
1953-03-15,2.8113523,simulation
1953-03-16,3.790389,simulation
1953-03-17,3.3314333,simulation
1953-03-18,0.7693581,simulation
1953-03-19,2.049882,simulation
1953-03-20,0.64334905,simulation
1953-03-21,1.8417224,simulation
1953-03-22,3.6728292,simulation
1953-03-23,4.263241,simulation
1953-03-24,14.494723,simulation
1953-03-25,25.444265,simulation
1953-03-26,8.503255,simulation
1953-03-27,1.3985273,simulation
1953-03-28,13.473308,simulation
1953-03-29,19.06355,simulation
1953-03-30,3.3253858,simulation
1953-03-31,1.0622779,simulation
1953-04-01,2.676095,simulation
1953-04-02,0.6389311,simulation
1953-04-03,16.394798,simulation
1953-04-04,16.679129,simulation
1953-04-05,2.4487271,simulation
1953-04-06,0.62459797,simulation
1953-04-07,3.5928333,simulation
1953-04-08,2.6813786,simulation
1953-04-09,0.8787153,simulation
1953-04-10,19.148859,simulation
1953-04-11,5.29175,simulation
1953-04-12,1.9419152,simulation
1953-04-13,25.317343,simulation
1953-04-14,9.888775,simulation
1953-04-15,6.725928,simulation
1953-04-16,42.25972,simulation
1953-04-17,8.843988,simulation
1953-04-18,3.3051987,simulation
1953-04-19,29.227114,simulation
1953-04-20,22.88484,simulation
1953-04-21,28.880705,simulation
1953-04-22,20.24383,simulation
1953-04-23,7.044573,simulation
1953-04-24,1.4549123,simulation
1953-04-25,11.285315,simulation
1953-04-26,50.437454,simulation
1953-04-27,20.88307,simulation
1953-04-28,5.6871524,simulation
1953-04-29,1.0359027,simulation
1953-04-30,34.647453,simulation
1953-05-01,1.4209236,simulation
1953-05-02,1.8730637,simulation
1953-05-03,3.1824577,simulation
1953-05-04,0.82333297,simulation
1953-05-05,0.87413716,simulation
1953-05-06,9.482702,simulation
1953-05-07,45.152275,simulation
1953-05-08,38.028584,simulation
1953-05-09,9.086722,simulation
1953-05-10,28.139404,simulation
1953-05-11,29.177197,simulation
1953-05-12,20.061502,simulation
1953-05-13,0.78304607,simulation
1953-05-14,1.0863833,simulation
1953-05-15,0.7384929,simulation
1953-05-16,3.3247125,simulation
1953-05-17,4.9681587,simulation
1953-05-18,0.96700966,simulation
1953-05-19,4.309142,simulation
1953-05-20,21.615864,simulation
1953-05-21,18.318924,simulation
1953-05-22,20.469082,simulation
1953-05-23,23.1872,simulation
1953-05-24,21.68004,simulation
1953-05-25,37.37648,simulation
1953-05-26,55.84321,simulation
1953-05-27,64.917595,simulation
1953-05-28,79.22375,simulation
1953-05-29,51.70844,simulation
1953-05-30,35.54138,simulation
1953-05-31,6.8802543,simulation
1953-06-01,44.487823,simulation
1953-06-02,80.818474,simulation
1953-06-03,62.921444,simulation
1953-06-04,14.246063,simulation
1953-06-05,4.451225,simulation
1953-06-06,15.973679,simulation
1953-06-07,20.238447,simulation
1953-06-08,8.332767,simulation
1953-06-09,30.376587,simulation
1953-06-10,40.230965,simulation
1953-06-11,8.227094,simulation
1953-06-12,6.518244,simulation
1953-06-13,46.259533,simulation
1953-06-14,50.479996,simulation
1953-06-15,27.063805,simulation
1953-06-16,18.71586,simulation
1953-06-17,53.341484,simulation
1953-06-18,55.15382,simulation
1953-06-19,56.62753,simulation
1953-06-20,35.76599,simulation
1953-06-21,54.042206,simulation
1953-06-22,4.515085,simulation
1953-06-23,31.304216,simulation
1953-06-24,11.213601,simulation
1953-06-25,4.5055275,simulation
1953-06-26,5.6612787,simulation
1953-06-27,1.4017125,simulation
1953-06-28,0.5983595,simulation
1953-06-29,17.060648,simulation
1953-06-30,29.213465,simulation
1953-07-01,12.510505,simulation
1953-07-02,27.7974,simulation
1953-07-03,29.565582,simulation
1953-07-04,34.4484,simulation
1953-07-05,27.381786,simulation
1953-07-06,41.20363,simulation
1953-07-07,37.601894,simulation
1953-07-08,18.021404,simulation
1953-07-09,39.959644,simulation
1953-07-10,15.802847,simulation
1953-07-11,7.544324,simulation
1953-07-12,10.033052,simulation
1953-07-13,0.67372787,simulation
1953-07-14,0.66101956,simulation
1953-07-15,3.2786164,simulation
1953-07-16,0.57384974,simulation
1953-07-17,1.2755392,simulation
1953-07-18,9.993792,simulation
1953-07-19,2.3631575,simulation
1953-07-20,0.6692858,simulation
1953-07-21,1.1786064,simulation
1953-07-22,3.5900788,simulation
1953-07-23,1.1060591,simulation
1953-07-24,6.6084375,simulation
1953-07-25,10.718415,simulation
1953-07-26,35.824535,simulation
1953-07-27,73.81528,simulation
1953-07-28,27.216888,simulation
1953-07-29,40.42378,simulation
1953-07-30,3.3149674,simulation
1953-07-31,3.3361864,simulation
1953-08-01,7.917397,simulation
1953-08-02,9.380339,simulation
1953-08-03,13.159109,simulation
1953-08-04,22.644384,simulation
1953-08-05,35.094803,simulation
1953-08-06,36.32481,simulation
1953-08-07,42.111176,simulation
1953-08-08,46.160095,simulation
1953-08-09,25.292206,simulation
1953-08-10,51.495045,simulation
1953-08-11,44.45173,simulation
1953-08-12,24.759789,simulation
1953-08-13,32.499634,simulation
1953-08-14,31.525766,simulation
1953-08-15,16.29449,simulation
1953-08-16,21.195929,simulation
1953-08-17,5.6095405,simulation
1953-08-18,6.791245,simulation
1953-08-19,5.450261,simulation
1953-08-20,13.4501095,simulation
1953-08-21,0.6427075,simulation
1953-08-22,0.628602,simulation
1953-08-23,1.1568724,simulation
1953-08-24,1.39452,simulation
1953-08-25,0.5730355,simulation
1953-08-26,0.7457725,simulation
1953-08-27,1.2410249,simulation
1953-08-28,1.5950075,simulation
1953-08-29,3.9498954,simulation
1953-08-30,3.1838288,simulation
1953-08-31,40.88192,simulation
1953-09-01,24.27599,simulation
1953-09-02,5.608674,simulation
1953-09-03,7.3592014,simulation
1953-09-04,0.8738011,simulation
1953-09-05,11.687647,simulation
1953-09-06,59.071667,simulation
1953-09-07,52.26414,simulation
1953-09-08,46.91969,simulation
1953-09-09,41.190166,simulation
1953-09-10,39.67944,simulation
1953-09-11,12.49355,simulation
1953-09-12,6.318443,simulation
1953-09-13,1.8047973,simulation
1953-09-14,2.3783052,simulation
1953-09-15,24.809504,simulation
1953-09-16,22.343573,simulation
1953-09-17,15.469092,simulation
1953-09-18,12.075726,simulation
1953-09-19,18.922207,simulation
1953-09-20,23.569391,simulation
1953-09-21,38.259495,simulation
1953-09-22,49.706387,simulation
1953-09-23,23.529884,simulation
1953-09-24,1.2563134,simulation
1953-09-25,2.0867226,simulation
1953-09-26,11.759728,simulation
1953-09-27,22.708189,simulation
1953-09-28,24.638266,simulation
1953-09-29,25.946781,simulation
1953-09-30,16.640068,simulation
1953-10-01,1.8718733,simulation
1953-10-02,3.3663795,simulation
1953-10-03,7.094808,simulation
1953-10-04,11.634982,simulation
1953-10-05,7.578018,simulation
1953-10-06,7.662423,simulation
1953-10-07,8.480402,simulation
1953-10-08,10.774992,simulation
1953-10-09,13.816847,simulation
1953-10-10,11.712371,simulation
1953-10-11,12.288651,simulation
1953-10-12,1.4749538,simulation
1953-10-13,10.372431,simulation
1953-10-14,9.480951,simulation
1953-10-15,8.292478,simulation
1953-10-16,9.198721,simulation
1953-10-17,10.378507,simulation
1953-10-18,9.177597,simulation
1953-10-19,3.1643362,simulation
1953-10-20,7.686056,simulation
1953-10-21,5.1547785,simulation
1953-10-22,2.6709695,simulation
1953-10-23,1.0759798,simulation
1953-10-24,0.80526775,simulation
1953-10-25,4.886416,simulation
1953-10-26,0.4625235,simulation
1953-10-27,1.0497143,simulation
1953-10-28,5.6496186,simulation
1953-10-29,6.5643044,simulation
1953-10-30,0.9026948,simulation
1953-10-31,0.5216568,simulation
1953-11-01,0.5789452,simulation
1953-11-02,2.0490203,simulation
1953-11-03,0.9171194,simulation
1953-11-04,0.33490798,simulation
1953-11-05,2.991813,simulation
1953-11-06,4.368975,simulation
1953-11-07,0.6574325,simulation
1953-11-08,0.39549732,simulation
1953-11-09,3.842749,simulation
1953-11-10,3.1384387,simulation
1953-11-11,2.3072135,simulation
1953-11-12,2.4162812,simulation
1953-11-13,2.2740426,simulation
1953-11-14,2.237543,simulation
1953-11-15,0.6119939,simulation
1953-11-16,0.46770558,simulation
1953-11-17,0.93932074,simulation
1953-11-18,0.6040472,simulation
1953-11-19,0.3297507,simulation
1953-11-20,1.251574,simulation
1953-11-21,0.5278385,simulation
1953-11-22,1.9725733,simulation
1953-11-23,1.3938748,simulation
1953-11-24,1.5142646,simulation
1953-11-25,2.8129685,simulation
1953-11-26,2.5847669,simulation
1953-11-27,1.5782862,simulation
1953-11-28,0.8826985,simulation
1953-11-29,0.46188977,simulation
1953-11-30,0.43047228,simulation
1953-12-01,1.818491,simulation
1953-12-02,0.5177688,simulation
1953-12-03,0.42614633,simulation
1953-12-04,0.63236564,simulation
1953-12-05,0.52722925,simulation
1953-12-06,2.1856549,simulation
1953-12-07,0.9096055,simulation
1953-12-08,0.46927723,simulation
1953-12-09,0.6412876,simulation
1953-12-10,0.9102253,simulation
1953-12-11,0.42972925,simulation
1953-12-12,0.422283,simulation
1953-12-13,0.40748528,simulation
1953-12-14,2.5480819,simulation
1953-12-15,1.4829569,simulation
1953-12-16,1.70168,simulation
1953-12-17,1.1497424,simulation
1953-12-18,0.7928748,simulation
1953-12-19,0.5780027,simulation
1953-12-20,0.55175436,simulation
1953-12-21,0.8923058,simulation
1953-12-22,1.2384077,simulation
1953-12-23,1.2545283,simulation
1953-12-24,1.5966318,simulation
1953-12-25,1.7008837,simulation
1953-12-26,1.2116363,simulation
1953-12-27,0.6486756,simulation
1953-12-28,0.40148818,simulation
1953-12-29,0.37879613,simulation
1953-12-30,0.5369416,simulation
1953-12-31,1.6000041,simulation
1954-01-01,1.464231,simulation
1954-01-02,0.8486346,simulation
1954-01-03,1.369099,simulation
1954-01-04,0.5625175,simulation
1954-01-05,1.7199624,simulation
1954-01-06,1.0894209,simulation
1954-01-07,1.7275299,simulation
1954-01-08,1.4118111,simulation
1954-01-09,0.7282468,simulation
1954-01-10,0.42654082,simulation
1954-01-11,1.4923946,simulation
1954-01-12,0.6318542,simulation
1954-01-13,0.65112215,simulation
1954-01-14,0.8900016,simulation
1954-01-15,0.4810768,simulation
1954-01-16,0.9087027,simulation
1954-01-17,0.5908277,simulation
1954-01-18,0.627868,simulation
1954-01-19,0.8970302,simulation
1954-01-20,0.9157547,simulation
1954-01-21,0.6933454,simulation
1954-01-22,0.56336933,simulation
1954-01-23,0.4112168,simulation
1954-01-24,0.65047175,simulation
1954-01-25,0.6780055,simulation
1954-01-26,0.5991199,simulation
1954-01-27,0.664406,simulation
1954-01-28,1.9495424,simulation
1954-01-29,1.2210063,simulation
1954-01-30,0.6171392,simulation
1954-01-31,1.1552436,simulation
1954-02-01,2.8421216,simulation
1954-02-02,2.1438873,simulation
1954-02-03,5.5735664,simulation
1954-02-04,3.9950106,simulation
1954-02-05,3.6463609,simulation
1954-02-06,4.279696,simulation
1954-02-07,2.4574618,simulation
1954-02-08,2.383278,simulation
1954-02-09,4.8475976,simulation
1954-02-10,1.3672609,simulation
1954-02-11,2.25817,simulation
1954-02-12,4.6059127,simulation
1954-02-13,2.08223,simulation
1954-02-14,1.3349497,simulation
1954-02-15,1.582724,simulation
1954-02-16,2.3687983,simulation
1954-02-17,4.509898,simulation
1954-02-18,2.06568,simulation
1954-02-19,0.9761042,simulation
1954-02-20,3.5442252,simulation
1954-02-21,5.5822396,simulation
1954-02-22,5.6941576,simulation
1954-02-23,0.94819355,simulation
1954-02-24,6.43428,simulation
1954-02-25,7.6816335,simulation
1954-02-26,1.7254273,simulation
1954-02-27,1.693262,simulation
1954-02-28,3.8248134,simulation
1954-03-01,5.227582,simulation
1954-03-02,1.552712,simulation
1954-03-03,6.0929165,simulation
1954-03-04,3.9462638,simulation
1954-03-05,0.5432327,simulation
1954-03-06,1.6890339,simulation
1954-03-07,4.779376,simulation
1954-03-08,0.73804814,simulation
1954-03-09,3.5864599,simulation
1954-03-10,7.8734264,simulation
1954-03-11,6.0031667,simulation
1954-03-12,1.7653414,simulation
1954-03-13,0.8722184,simulation
1954-03-14,9.474145,simulation
1954-03-15,5.9175057,simulation
1954-03-16,4.754552,simulation
1954-03-17,1.4206514,simulation
1954-03-18,0.87009406,simulation
1954-03-19,2.5472856,simulation
1954-03-20,5.921654,simulation
1954-03-21,7.008217,simulation
1954-03-22,7.2534637,simulation
1954-03-23,1.2321876,simulation
1954-03-24,1.331604,simulation
1954-03-25,0.62610173,simulation
1954-03-26,0.646289,simulation
1954-03-27,0.56676793,simulation
1954-03-28,0.6291991,simulation
1954-03-29,0.96392167,simulation
1954-03-30,2.1346388,simulation
1954-03-31,7.9394517,simulation
1954-04-01,17.118267,simulation
1954-04-02,3.0038917,simulation
1954-04-03,4.1338654,simulation
1954-04-04,2.8715594,simulation
1954-04-05,11.762895,simulation
1954-04-06,2.411806,simulation
1954-04-07,12.168629,simulation
1954-04-08,1.2492094,simulation
1954-04-09,1.5125251,simulation
1954-04-10,3.1907883,simulation
1954-04-11,3.2364345,simulation
1954-04-12,6.290481,simulation
1954-04-13,18.386728,simulation
1954-04-14,10.798875,simulation
1954-04-15,1.1117915,simulation
1954-04-16,1.2893503,simulation
1954-04-17,32.6476,simulation
1954-04-18,34.28079,simulation
1954-04-19,11.693578,simulation
1954-04-20,10.698768,simulation
1954-04-21,16.726194,simulation
1954-04-22,2.8599353,simulation
1954-04-23,1.6824766,simulation
1954-04-24,6.7273917,simulation
1954-04-25,8.043468,simulation
1954-04-26,9.004584,simulation
1954-04-27,6.6333504,simulation
1954-04-28,4.2088423,simulation
1954-04-29,10.4306755,simulation
1954-04-30,10.43928,simulation
1954-05-01,13.542507,simulation
1954-05-02,10.02318,simulation
1954-05-03,0.6609237,simulation
1954-05-04,35.796402,simulation
1954-05-05,36.08157,simulation
1954-05-06,41.468697,simulation
1954-05-07,7.817214,simulation
1954-05-08,38.39712,simulation
1954-05-09,4.736241,simulation
1954-05-10,3.6957457,simulation
1954-05-11,8.735431,simulation
1954-05-12,0.811683,simulation
1954-05-13,0.796358,simulation
1954-05-14,20.276903,simulation
1954-05-15,22.18363,simulation
1954-05-16,15.537117,simulation
1954-05-17,8.579413,simulation
1954-05-18,18.883879,simulation
1954-05-19,3.3289843,simulation
1954-05-20,56.244877,simulation
1954-05-21,47.60994,simulation
1954-05-22,44.411015,simulation
1954-05-23,4.8596363,simulation
1954-05-24,17.156824,simulation
1954-05-25,1.3587114,simulation
1954-05-26,0.6405667,simulation
1954-05-27,3.0643868,simulation
1954-05-28,10.86893,simulation
1954-05-29,15.228054,simulation
1954-05-30,13.339721,simulation
1954-05-31,18.760006,simulation
1954-06-01,29.733728,simulation
1954-06-02,21.842905,simulation
1954-06-03,17.762342,simulation
1954-06-04,69.88513,simulation
1954-06-05,19.4696,simulation
1954-06-06,35.39976,simulation
1954-06-07,17.316069,simulation
1954-06-08,20.058653,simulation
1954-06-09,24.338703,simulation
1954-06-10,40.022778,simulation
1954-06-11,43.36688,simulation
1954-06-12,55.20775,simulation
1954-06-13,36.6708,simulation
1954-06-14,12.848557,simulation
1954-06-15,6.1604986,simulation
1954-06-16,2.5662813,simulation
1954-06-17,11.732285,simulation
1954-06-18,3.33511,simulation
1954-06-19,6.430519,simulation
1954-06-20,20.64471,simulation
1954-06-21,10.248019,simulation
1954-06-22,15.344124,simulation
1954-06-23,9.094053,simulation
1954-06-24,31.361025,simulation
1954-06-25,31.833288,simulation
1954-06-26,48.949703,simulation
1954-06-27,2.4475994,simulation
1954-06-28,39.15961,simulation
1954-06-29,53.136887,simulation
1954-06-30,70.517075,simulation
1954-07-01,3.16643,simulation
1954-07-02,4.7095246,simulation
1954-07-03,7.8378763,simulation
1954-07-04,6.0355473,simulation
1954-07-05,2.1214142,simulation
1954-07-06,6.2631145,simulation
1954-07-07,2.0542026,simulation
1954-07-08,13.160879,simulation
1954-07-09,6.924305,simulation
1954-07-10,19.383083,simulation
1954-07-11,3.8556573,simulation
1954-07-12,57.01659,simulation
1954-07-13,13.320836,simulation
1954-07-14,25.332443,simulation
1954-07-15,19.011497,simulation
1954-07-16,37.10477,simulation
1954-07-17,4.2355814,simulation
1954-07-18,6.736482,simulation
1954-07-19,6.8984976,simulation
1954-07-20,6.012583,simulation
1954-07-21,6.862033,simulation
1954-07-22,31.521095,simulation
1954-07-23,35.04659,simulation
1954-07-24,5.3769765,simulation
1954-07-25,9.537479,simulation
1954-07-26,18.0228,simulation
1954-07-27,2.361847,simulation
1954-07-28,1.5892196,simulation
1954-07-29,0.5579146,simulation
1954-07-30,2.6329806,simulation
1954-07-31,22.799711,simulation
1954-08-01,42.22097,simulation
1954-08-02,33.108078,simulation
1954-08-03,24.094597,simulation
1954-08-04,9.869778,simulation
1954-08-05,25.41255,simulation
1954-08-06,19.451147,simulation
1954-08-07,23.198666,simulation
1954-08-08,2.7439194,simulation
1954-08-09,22.329245,simulation
1954-08-10,3.8070953,simulation
1954-08-11,52.703163,simulation
1954-08-12,49.865345,simulation
1954-08-13,40.758728,simulation
1954-08-14,26.265976,simulation
1954-08-15,13.340548,simulation
1954-08-16,23.066252,simulation
1954-08-17,12.587596,simulation
1954-08-18,7.4446063,simulation
1954-08-19,4.499522,simulation
1954-08-20,5.413651,simulation
1954-08-21,11.800267,simulation
1954-08-22,5.5927362,simulation
1954-08-23,1.55616,simulation
1954-08-24,7.0093184,simulation
1954-08-25,11.487453,simulation
1954-08-26,7.9340544,simulation
1954-08-27,3.168721,simulation
1954-08-28,4.910525,simulation
1954-08-29,28.613207,simulation
1954-08-30,44.230953,simulation
1954-08-31,32.50763,simulation
1954-09-01,42.428112,simulation
1954-09-02,35.38557,simulation
1954-09-03,32.455845,simulation
1954-09-04,26.584501,simulation
1954-09-05,4.0079875,simulation
1954-09-06,1.0535614,simulation
1954-09-07,11.567121,simulation
1954-09-08,11.699686,simulation
1954-09-09,15.178931,simulation
1954-09-10,17.736364,simulation
1954-09-11,15.7691555,simulation
1954-09-12,29.555134,simulation
1954-09-13,24.635767,simulation
1954-09-14,9.326605,simulation
1954-09-15,3.4335675,simulation
1954-09-16,0.38313437,simulation
1954-09-17,0.89332426,simulation
1954-09-18,7.2772245,simulation
1954-09-19,8.172092,simulation
1954-09-20,9.990795,simulation
1954-09-21,4.7427607,simulation
1954-09-22,25.251404,simulation
1954-09-23,23.272287,simulation
1954-09-24,6.6066227,simulation
1954-09-25,8.061748,simulation
1954-09-26,3.8906054,simulation
1954-09-27,7.4194303,simulation
1954-09-28,1.8117161,simulation
1954-09-29,3.7976487,simulation
1954-09-30,4.2333183,simulation
1954-10-01,1.5069287,simulation
1954-10-02,9.642322,simulation
1954-10-03,3.3210359,simulation
1954-10-04,7.110767,simulation
1954-10-05,7.6253414,simulation
1954-10-06,7.1947827,simulation
1954-10-07,1.9150769,simulation
1954-10-08,1.0213273,simulation
1954-10-09,2.097697,simulation
1954-10-10,2.4053242,simulation
1954-10-11,2.7393992,simulation
1954-10-12,0.5901921,simulation
1954-10-13,0.42520407,simulation
1954-10-14,3.2953234,simulation
1954-10-15,14.164529,simulation
1954-10-16,5.7239814,simulation
1954-10-17,4.5712867,simulation
1954-10-18,4.6679425,simulation
1954-10-19,6.44458,simulation
1954-10-20,5.485331,simulation
1954-10-21,2.8537884,simulation
1954-10-22,1.8252679,simulation
1954-10-23,1.649457,simulation
1954-10-24,2.8664508,simulation
1954-10-25,3.831922,simulation
1954-10-26,1.0756041,simulation
1954-10-27,1.4588177,simulation
1954-10-28,0.3235316,simulation
1954-10-29,2.5276246,simulation
1954-10-30,0.6532158,simulation
1954-10-31,2.4179864,simulation
1954-11-01,1.9581915,simulation
1954-11-02,1.8689123,simulation
1954-11-03,1.6112677,simulation
1954-11-04,0.27678132,simulation
1954-11-05,1.0130051,simulation
1954-11-06,1.7362256,simulation
1954-11-07,1.9691396,simulation
1954-11-08,1.8117607,simulation
1954-11-09,0.7091957,simulation
1954-11-10,0.85648817,simulation
1954-11-11,0.56606513,simulation
1954-11-12,2.3296204,simulation
1954-11-13,1.9973736,simulation
1954-11-14,0.44792786,simulation
1954-11-15,0.26220694,simulation
1954-11-16,0.48673037,simulation
1954-11-17,1.2427148,simulation
1954-11-18,0.9481662,simulation
1954-11-19,2.8179693,simulation
1954-11-20,2.161554,simulation
1954-11-21,1.8527628,simulation
1954-11-22,1.381653,simulation
1954-11-23,1.5288867,simulation
1954-11-24,2.7717097,simulation
1954-11-25,1.6576045,simulation
1954-11-26,1.8565792,simulation
1954-11-27,0.6077993,simulation
1954-11-28,1.5472044,simulation
1954-11-29,3.2544868,simulation
1954-11-30,1.0882576,simulation
1954-12-01,1.2312495,simulation
1954-12-02,0.42377782,simulation
1954-12-03,0.4951038,simulation
1954-12-04,0.6465369,simulation
1954-12-05,1.7012873,simulation
1954-12-06,2.426444,simulation
1954-12-07,1.0932337,simulation
1954-12-08,0.77844673,simulation
1954-12-09,2.3816748,simulation
1954-12-10,1.4159946,simulation
1954-12-11,1.233198,simulation
1954-12-12,0.31509373,simulation
1954-12-13,0.38294974,simulation
1954-12-14,0.8958545,simulation
1954-12-15,1.5187116,simulation
1954-12-16,1.2250346,simulation
1954-12-17,0.37508565,simulation
1954-12-18,1.6133859,simulation
1954-12-19,1.2251279,simulation
1954-12-20,0.7164734,simulation
1954-12-21,1.0196849,simulation
1954-12-22,1.3520336,simulation
1954-12-23,0.7000491,simulation
1954-12-24,0.43688276,simulation
1954-12-25,1.2850678,simulation
1954-12-26,0.37400767,simulation
1954-12-27,0.35861307,simulation
1954-12-28,0.41569647,simulation
1954-12-29,1.1932191,simulation
1954-12-30,1.0100447,simulation
1954-12-31,0.39925906,simulation
1955-01-01,0.36448932,simulation
1955-01-02,0.35860276,simulation
1955-01-03,0.42112198,simulation
1955-01-04,0.57547235,simulation
1955-01-05,1.1102067,simulation
1955-01-06,0.7563352,simulation
1955-01-07,0.8728682,simulation
1955-01-08,0.66839755,simulation
1955-01-09,0.5090898,simulation
1955-01-10,0.5939659,simulation
1955-01-11,0.8828529,simulation
1955-01-12,0.4933725,simulation
1955-01-13,2.528146,simulation
1955-01-14,0.9365257,simulation
1955-01-15,0.397564,simulation
1955-01-16,0.33616015,simulation
1955-01-17,0.4308324,simulation
1955-01-18,0.5505609,simulation
1955-01-19,0.8927974,simulation
1955-01-20,1.0567569,simulation
1955-01-21,0.42726657,simulation
1955-01-22,0.8400307,simulation
1955-01-23,0.44561416,simulation
1955-01-24,1.5264177,simulation
1955-01-25,1.9926918,simulation
1955-01-26,1.3830929,simulation
1955-01-27,0.46572545,simulation
1955-01-28,1.3736848,simulation
1955-01-29,2.1295857,simulation
1955-01-30,1.6521946,simulation
1955-01-31,1.0641881,simulation
1955-02-01,1.1843692,simulation
1955-02-02,1.1796956,simulation
1955-02-03,0.8158223,simulation
1955-02-04,0.66358805,simulation
1955-02-05,0.43399742,simulation
1955-02-06,0.57449436,simulation
1955-02-07,1.2192249,simulation
1955-02-08,3.1274033,simulation
1955-02-09,2.9155705,simulation
1955-02-10,1.7169814,simulation
1955-02-11,3.827213,simulation
1955-02-12,2.8591163,simulation
1955-02-13,2.639365,simulation
1955-02-14,2.0067506,simulation
1955-02-15,3.285097,simulation
1955-02-16,2.001059,simulation
1955-02-17,1.4663386,simulation
1955-02-18,0.4839496,simulation
1955-02-19,0.6425449,simulation
1955-02-20,0.66539013,simulation
1955-02-21,0.41963932,simulation
1955-02-22,0.44056696,simulation
1955-02-23,1.3775451,simulation
1955-02-24,1.2548523,simulation
1955-02-25,4.403974,simulation
1955-02-26,1.1622536,simulation
1955-02-27,1.8920487,simulation
1955-02-28,1.4945773,simulation
1955-03-01,1.2095654,simulation
1955-03-02,2.8836908,simulation
1955-03-03,2.2766418,simulation
1955-03-04,1.8791332,simulation
1955-03-05,4.497685,simulation
1955-03-06,2.8175423,simulation
1955-03-07,2.3089511,simulation
1955-03-08,7.437183,simulation
1955-03-09,1.9003863,simulation
1955-03-10,2.989215,simulation
1955-03-11,8.385698,simulation
1955-03-12,10.875847,simulation
1955-03-13,2.9769366,simulation
1955-03-14,4.047581,simulation
1955-03-15,7.3664045,simulation
1955-03-16,4.838104,simulation
1955-03-17,5.3047605,simulation
1955-03-18,4.3456,simulation
1955-03-19,2.3865204,simulation
1955-03-20,5.461211,simulation
1955-03-21,2.7609127,simulation
1955-03-22,3.6035955,simulation
1955-03-23,4.714882,simulation
1955-03-24,7.3813777,simulation
1955-03-25,8.685971,simulation
1955-03-26,1.9606586,simulation
1955-03-27,4.0167074,simulation
1955-03-28,2.067121,simulation
1955-03-29,3.7946956,simulation
1955-03-30,7.484931,simulation
1955-03-31,7.99794,simulation
1955-04-01,0.6486086,simulation
1955-04-02,19.336819,simulation
1955-04-03,19.191633,simulation
1955-04-04,0.90269977,simulation
1955-04-05,12.287789,simulation
1955-04-06,10.238651,simulation
1955-04-07,1.2914007,simulation
1955-04-08,1.4047247,simulation
1955-04-09,0.46966234,simulation
1955-04-10,0.42953306,simulation
1955-04-11,7.2074203,simulation
1955-04-12,1.4030695,simulation
1955-04-13,7.233748,simulation
1955-04-14,34.41483,simulation
1955-04-15,16.941635,simulation
1955-04-16,4.3414974,simulation
1955-04-17,18.531303,simulation
1955-04-18,9.055091,simulation
1955-04-19,2.116887,simulation
1955-04-20,3.118123,simulation
1955-04-21,5.9040093,simulation
1955-04-22,17.971539,simulation
1955-04-23,3.1529558,simulation
1955-04-24,21.603872,simulation
1955-04-25,39.604088,simulation
1955-04-26,9.489623,simulation
1955-04-27,5.354408,simulation
1955-04-28,18.214058,simulation
1955-04-29,11.540896,simulation
1955-04-30,42.738194,simulation
1955-05-01,28.215134,simulation
1955-05-02,45.492588,simulation
1955-05-03,32.310856,simulation
1955-05-04,28.503693,simulation
1955-05-05,29.590641,simulation
1955-05-06,17.291988,simulation
1955-05-07,11.746555,simulation
1955-05-08,10.58544,simulation
1955-05-09,7.7397847,simulation
1955-05-10,6.1183963,simulation
1955-05-11,2.938868,simulation
1955-05-12,1.7018661,simulation
1955-05-13,6.0663986,simulation
1955-05-14,18.851336,simulation
1955-05-15,11.742537,simulation
1955-05-16,1.7211219,simulation
1955-05-17,1.5146297,simulation
1955-05-18,2.7469804,simulation
1955-05-19,1.7334763,simulation
1955-05-20,6.7768483,simulation
1955-05-21,21.23948,simulation
1955-05-22,47.54633,simulation
1955-05-23,2.078602,simulation
1955-05-24,14.971694,simulation
1955-05-25,33.56338,simulation
1955-05-26,26.430792,simulation
1955-05-27,17.32373,simulation
1955-05-28,25.815107,simulation
1955-05-29,7.3659377,simulation
1955-05-30,58.214172,simulation
1955-05-31,28.612122,simulation
1955-06-01,62.689365,simulation
1955-06-02,45.738422,simulation
1955-06-03,20.224083,simulation
1955-06-04,22.576273,simulation
1955-06-05,9.040982,simulation
1955-06-06,2.5397696,simulation
1955-06-07,30.734499,simulation
1955-06-08,6.9052243,simulation
1955-06-09,2.796216,simulation
1955-06-10,1.2725607,simulation
1955-06-11,40.661957,simulation
1955-06-12,53.432987,simulation
1955-06-13,54.807125,simulation
1955-06-14,11.826164,simulation
1955-06-15,7.5787363,simulation
1955-06-16,16.130009,simulation
1955-06-17,43.193573,simulation
1955-06-18,63.7967,simulation
1955-06-19,60.881474,simulation
1955-06-20,63.510445,simulation
1955-06-21,52.579403,simulation
1955-06-22,39.52213,simulation
1955-06-23,15.121975,simulation
1955-06-24,18.190697,simulation
1955-06-25,10.446379,simulation
1955-06-26,15.616402,simulation
1955-06-27,5.7791457,simulation
1955-06-28,5.065941,simulation
1955-06-29,4.0576763,simulation
1955-06-30,4.9107747,simulation
1955-07-01,6.2889175,simulation
1955-07-02,14.633997,simulation
1955-07-03,8.271795,simulation
1955-07-04,11.361671,simulation
1955-07-05,23.625237,simulation
1955-07-06,34.22926,simulation
1955-07-07,36.02934,simulation
1955-07-08,18.539389,simulation
1955-07-09,9.211556,simulation
1955-07-10,2.7718098,simulation
1955-07-11,6.6497803,simulation
1955-07-12,1.3206933,simulation
1955-07-13,0.7898482,simulation
1955-07-14,1.4512483,simulation
1955-07-15,1.7314178,simulation
1955-07-16,1.8564817,simulation
1955-07-17,3.500087,simulation
1955-07-18,3.7074478,simulation
1955-07-19,14.433684,simulation
1955-07-20,18.387493,simulation
1955-07-21,2.8172061,simulation
1955-07-22,1.9755538,simulation
1955-07-23,8.190351,simulation
1955-07-24,13.021887,simulation
1955-07-25,27.590166,simulation
1955-07-26,10.644814,simulation
1955-07-27,0.8601138,simulation
1955-07-28,14.636693,simulation
1955-07-29,7.6568975,simulation
1955-07-30,2.0706887,simulation
1955-07-31,22.317568,simulation
1955-08-01,0.8471379,simulation
1955-08-02,0.73751676,simulation
1955-08-03,1.3820958,simulation
1955-08-04,36.668125,simulation
1955-08-05,7.0822287,simulation
1955-08-06,11.23173,simulation
1955-08-07,11.75982,simulation
1955-08-08,7.6968527,simulation
1955-08-09,2.7053802,simulation
1955-08-10,34.480984,simulation
1955-08-11,39.060112,simulation
1955-08-12,8.154872,simulation
1955-08-13,9.960153,simulation
1955-08-14,15.489483,simulation
1955-08-15,11.166586,simulation
1955-08-16,39.4393,simulation
1955-08-17,55.97371,simulation
1955-08-18,43.1841,simulation
1955-08-19,51.315384,simulation
1955-08-20,48.502777,simulation
1955-08-21,47.23456,simulation
1955-08-22,48.54784,simulation
1955-08-23,28.264025,simulation
1955-08-24,3.9853144,simulation
1955-08-25,28.022902,simulation
1955-08-26,1.1733758,simulation
1955-08-27,0.87373614,simulation
1955-08-28,3.3872683,simulation
1955-08-29,8.589239,simulation
1955-08-30,15.52103,simulation
1955-08-31,2.2143085,simulation
1955-09-01,1.1149502,simulation
1955-09-02,5.580135,simulation
1955-09-03,11.805041,simulation
1955-09-04,0.8758815,simulation
1955-09-05,0.48056313,simulation
1955-09-06,0.7930653,simulation
1955-09-07,5.273295,simulation
1955-09-08,19.101254,simulation
1955-09-09,12.797028,simulation
1955-09-10,5.701381,simulation
1955-09-11,13.537089,simulation
1955-09-12,0.98970413,simulation
1955-09-13,0.8939168,simulation
1955-09-14,0.95709205,simulation
1955-09-15,5.9338317,simulation
1955-09-16,3.2932732,simulation
1955-09-17,2.880769,simulation
1955-09-18,7.952571,simulation
1955-09-19,19.10376,simulation
1955-09-20,21.256401,simulation
1955-09-21,10.361057,simulation
1955-09-22,2.3077054,simulation
1955-09-23,1.4530629,simulation
1955-09-24,3.7349694,simulation
1955-09-25,6.3891263,simulation
1955-09-26,15.333959,simulation
1955-09-27,8.520893,simulation
1955-09-28,9.519607,simulation
1955-09-29,7.1511374,simulation
1955-09-30,11.910712,simulation
1955-10-01,3.3460183,simulation
1955-10-02,14.997866,simulation
1955-10-03,5.5055757,simulation
1955-10-04,2.300308,simulation
1955-10-05,7.696076,simulation
1955-10-06,1.4627184,simulation
1955-10-07,0.53191215,simulation
1955-10-08,4.4028597,simulation
1955-10-09,10.45637,simulation
1955-10-10,6.661408,simulation
1955-10-11,11.645974,simulation
1955-10-12,4.760647,simulation
1955-10-13,2.8294466,simulation
1955-10-14,11.699445,simulation
1955-10-15,6.577956,simulation
1955-10-16,4.9080033,simulation
1955-10-17,7.8718405,simulation
1955-10-18,6.7021747,simulation
1955-10-19,5.5309625,simulation
1955-10-20,5.2959495,simulation
1955-10-21,5.0327597,simulation
1955-10-22,5.0415516,simulation
1955-10-23,3.8724003,simulation
1955-10-24,4.2321477,simulation
1955-10-25,5.9778686,simulation
1955-10-26,4.686461,simulation
1955-10-27,4.8386054,simulation
1955-10-28,2.4485102,simulation
1955-10-29,4.8740277,simulation
1955-10-30,4.481942,simulation
1955-10-31,4.130704,simulation
1955-11-01,1.5468609,simulation
1955-11-02,0.97289735,simulation
1955-11-03,5.0538087,simulation
1955-11-04,2.6470916,simulation
1955-11-05,1.4493005,simulation
1955-11-06,0.79387647,simulation
1955-11-07,0.73046225,simulation
1955-11-08,1.4515022,simulation
1955-11-09,0.7555723,simulation
1955-11-10,0.62887037,simulation
1955-11-11,1.4673613,simulation
1955-11-12,0.7865346,simulation
1955-11-13,0.9812375,simulation
1955-11-14,0.7266488,simulation
1955-11-15,1.2314981,simulation
1955-11-16,0.701046,simulation
1955-11-17,3.5597732,simulation
1955-11-18,1.0012673,simulation
1955-11-19,2.170865,simulation
1955-11-20,1.8998634,simulation
1955-11-21,0.47925487,simulation
1955-11-22,0.69243526,simulation
1955-11-23,1.1047202,simulation
1955-11-24,0.45255166,simulation
1955-11-25,0.36625102,simulation
1955-11-26,1.1657498,simulation
1955-11-27,0.42126256,simulation
1955-11-28,1.1102229,simulation
1955-11-29,1.9917394,simulation
1955-11-30,1.3489363,simulation
1955-12-01,0.5620807,simulation
1955-12-02,0.42197365,simulation
1955-12-03,0.711445,simulation
1955-12-04,0.5846719,simulation
1955-12-05,0.79554725,simulation
1955-12-06,0.9647884,simulation
1955-12-07,1.0859463,simulation
1955-12-08,2.033865,simulation
1955-12-09,2.1040347,simulation
1955-12-10,0.85788083,simulation
1955-12-11,0.6619773,simulation
1955-12-12,1.5389847,simulation
1955-12-13,1.3173732,simulation
1955-12-14,0.7370824,simulation
1955-12-15,0.8084308,simulation
1955-12-16,1.153145,simulation
1955-12-17,0.48471957,simulation
1955-12-18,0.44131276,simulation
1955-12-19,0.86766344,simulation
1955-12-20,0.52788943,simulation
1955-12-21,0.56245136,simulation
1955-12-22,0.7719383,simulation
1955-12-23,0.866972,simulation
1955-12-24,1.3889207,simulation
1955-12-25,1.0494602,simulation
1955-12-26,0.5650115,simulation
1955-12-27,0.82441837,simulation
1955-12-28,0.80407244,simulation
1955-12-29,0.60887164,simulation
1955-12-30,1.1461246,simulation
1955-12-31,1.6016709,simulation
1956-01-01,1.2136446,simulation
1956-01-02,0.8579036,simulation
1956-01-03,0.82129353,simulation
1956-01-04,2.0463946,simulation
1956-01-05,1.4757982,simulation
1956-01-06,1.2270381,simulation
1956-01-07,1.2057604,simulation
1956-01-08,1.988365,simulation
1956-01-09,2.062566,simulation
1956-01-10,2.4135003,simulation
1956-01-11,2.0388277,simulation
1956-01-12,0.55580634,simulation
1956-01-13,1.6857495,simulation
1956-01-14,1.420327,simulation
1956-01-15,0.9080466,simulation
1956-01-16,1.6334989,simulation
1956-01-17,1.4861149,simulation
1956-01-18,0.48686084,simulation
1956-01-19,0.42690402,simulation
1956-01-20,0.99091506,simulation
1956-01-21,0.5778853,simulation
1956-01-22,0.46030784,simulation
1956-01-23,0.4146068,simulation
1956-01-24,0.4168771,simulation
1956-01-25,1.0070634,simulation
1956-01-26,1.7260549,simulation
1956-01-27,0.5824575,simulation
1956-01-28,0.8406798,simulation
1956-01-29,0.8902474,simulation
1956-01-30,0.6493355,simulation
1956-01-31,0.6594934,simulation
1956-02-01,0.47958854,simulation
1956-02-02,0.95871603,simulation
1956-02-03,0.5357891,simulation
1956-02-04,0.38822353,simulation
1956-02-05,0.42654458,simulation
1956-02-06,2.5205917,simulation
1956-02-07,1.1344292,simulation
1956-02-08,0.55284667,simulation
1956-02-09,0.47157174,simulation
1956-02-10,0.45002946,simulation
1956-02-11,1.1890135,simulation
1956-02-12,1.4935156,simulation
1956-02-13,1.5747104,simulation
1956-02-14,0.73786026,simulation
1956-02-15,0.6196979,simulation
1956-02-16,0.74273807,simulation
1956-02-17,0.78397095,simulation
1956-02-18,2.5825746,simulation
1956-02-19,1.1437341,simulation
1956-02-20,0.97807574,simulation
1956-02-21,1.6032848,simulation
1956-02-22,5.3046217,simulation
1956-02-23,1.2427989,simulation
1956-02-24,2.0007143,simulation
1956-02-25,1.6270895,simulation
1956-02-26,4.1061444,simulation
1956-02-27,1.3517267,simulation
1956-02-28,15.078586,simulation
1956-02-29,6.231055,simulation
1956-03-01,1.1443586,simulation
1956-03-02,0.7181556,simulation
1956-03-03,0.7191903,simulation
1956-03-04,1.6944859,simulation
1956-03-05,1.2270106,simulation
1956-03-06,6.749022,simulation
1956-03-07,1.9693732,simulation
1956-03-08,8.186504,simulation
1956-03-09,5.2945395,simulation
1956-03-10,0.8317789,simulation
1956-03-11,0.7783708,simulation
1956-03-12,0.46818697,simulation
1956-03-13,1.7502394,simulation
1956-03-14,0.5738995,simulation
1956-03-15,0.5031971,simulation
1956-03-16,7.0167203,simulation
1956-03-17,10.376543,simulation
1956-03-18,6.090806,simulation
1956-03-19,16.169294,simulation
1956-03-20,9.464346,simulation
1956-03-21,1.1046543,simulation
1956-03-22,0.87303984,simulation
1956-03-23,5.277546,simulation
1956-03-24,9.658864,simulation
1956-03-25,18.401903,simulation
1956-03-26,10.012303,simulation
1956-03-27,3.0487266,simulation
1956-03-28,4.2717023,simulation
1956-03-29,0.7665402,simulation
1956-03-30,18.865389,simulation
1956-03-31,18.66306,simulation
1956-04-01,1.1084173,simulation
1956-04-02,1.9477344,simulation
1956-04-03,1.7693367,simulation
1956-04-04,1.9908022,simulation
1956-04-05,1.5421473,simulation
1956-04-06,16.729288,simulation
1956-04-07,7.0804086,simulation
1956-04-08,1.4781103,simulation
1956-04-09,3.8010368,simulation
1956-04-10,0.8600242,simulation
1956-04-11,9.296749,simulation
1956-04-12,19.34855,simulation
1956-04-13,18.264963,simulation
1956-04-14,2.8866572,simulation
1956-04-15,2.260586,simulation
1956-04-16,39.707825,simulation
1956-04-17,6.1636763,simulation
1956-04-18,2.1448984,simulation
1956-04-19,32.742977,simulation
1956-04-20,2.1378982,simulation
1956-04-21,1.1531153,simulation
1956-04-22,0.5355424,simulation
1956-04-23,2.275032,simulation
1956-04-24,0.7136862,simulation
1956-04-25,1.5191317,simulation
1956-04-26,1.5844947,simulation
1956-04-27,1.8031101,simulation
1956-04-28,4.254969,simulation
1956-04-29,2.7162604,simulation
1956-04-30,6.076277,simulation
1956-05-01,3.527765,simulation
1956-05-02,0.6433763,simulation
1956-05-03,0.52338445,simulation
1956-05-04,0.8960313,simulation
1956-05-05,6.586321,simulation
1956-05-06,3.5701153,simulation
1956-05-07,15.875497,simulation
1956-05-08,39.861504,simulation
1956-05-09,6.010078,simulation
1956-05-10,3.0497444,simulation
1956-05-11,6.6525,simulation
1956-05-12,9.219542,simulation
1956-05-13,14.321623,simulation
1956-05-14,16.896381,simulation
1956-05-15,9.908605,simulation
1956-05-16,17.195408,simulation
1956-05-17,48.08437,simulation
1956-05-18,52.6441,simulation
1956-05-19,41.446014,simulation
1956-05-20,53.18246,simulation
1956-05-21,45.581745,simulation
1956-05-22,49.58184,simulation
1956-05-23,21.930027,simulation
1956-05-24,5.2129655,simulation
1956-05-25,3.6214309,simulation
1956-05-26,7.38226,simulation
1956-05-27,1.3661332,simulation
1956-05-28,3.3992896,simulation
1956-05-29,0.9435759,simulation
1956-05-30,1.2787385,simulation
1956-05-31,2.2034655,simulation
1956-06-01,2.29094,simulation
1956-06-02,61.90506,simulation
1956-06-03,1.9540434,simulation
1956-06-04,1.7821721,simulation
1956-06-05,3.1441624,simulation
1956-06-06,60.64848,simulation
1956-06-07,55.76744,simulation
1956-06-08,52.10354,simulation
1956-06-09,30.25387,simulation
1956-06-10,1.8346927,simulation
1956-06-11,5.0542707,simulation
1956-06-12,0.53557116,simulation
1956-06-13,0.6383902,simulation
1956-06-14,1.7082145,simulation
1956-06-15,1.25165,simulation
1956-06-16,2.2127774,simulation
1956-06-17,0.89140326,simulation
1956-06-18,1.7921147,simulation
1956-06-19,2.6159225,simulation
1956-06-20,22.83753,simulation
1956-06-21,25.148214,simulation
1956-06-22,21.70362,simulation
1956-06-23,14.744427,simulation
1956-06-24,25.422752,simulation
1956-06-25,32.67039,simulation
1956-06-26,25.733454,simulation
1956-06-27,37.097363,simulation
1956-06-28,4.694915,simulation
1956-06-29,5.9730234,simulation
1956-06-30,7.0814114,simulation
1956-07-01,11.215022,simulation
1956-07-02,15.756997,simulation
1956-07-03,33.633045,simulation
1956-07-04,48.309185,simulation
1956-07-05,17.966135,simulation
1956-07-06,20.786108,simulation
1956-07-07,18.094042,simulation
1956-07-08,4.970985,simulation
1956-07-09,0.98178256,simulation
1956-07-10,2.428688,simulation
1956-07-11,9.380213,simulation
1956-07-12,21.378788,simulation
1956-07-13,21.45683,simulation
1956-07-14,22.058254,simulation
1956-07-15,26.280201,simulation
1956-07-16,35.98727,simulation
1956-07-17,10.36597,simulation
1956-07-18,29.879955,simulation
1956-07-19,13.577338,simulation
1956-07-20,11.487144,simulation
1956-07-21,2.5827663,simulation
1956-07-22,1.7622957,simulation
1956-07-23,3.8773007,simulation
1956-07-24,22.75405,simulation
1956-07-25,2.8651397,simulation
1956-07-26,1.9300617,simulation
1956-07-27,1.5044827,simulation
1956-07-28,24.323391,simulation
1956-07-29,12.575428,simulation
1956-07-30,7.5050287,simulation
1956-07-31,4.0994873,simulation
1956-08-01,2.8083472,simulation
1956-08-02,5.350308,simulation
1956-08-03,16.77905,simulation
1956-08-04,2.5999458,simulation
1956-08-05,4.6398487,simulation
1956-08-06,34.449284,simulation
1956-08-07,33.8253,simulation
1956-08-08,36.073795,simulation
1956-08-09,42.627106,simulation
1956-08-10,36.024883,simulation
1956-08-11,20.23144,simulation
1956-08-12,24.239534,simulation
1956-08-13,6.9957943,simulation
1956-08-14,1.7311466,simulation
1956-08-15,11.103932,simulation
1956-08-16,34.972553,simulation
1956-08-17,39.733295,simulation
1956-08-18,17.928802,simulation
1956-08-19,10.639155,simulation
1956-08-20,3.4797251,simulation
1956-08-21,1.8641059,simulation
1956-08-22,38.610203,simulation
1956-08-23,13.552725,simulation
1956-08-24,2.092371,simulation
1956-08-25,0.6820308,simulation
1956-08-26,0.7830236,simulation
1956-08-27,0.66093326,simulation
1956-08-28,1.0274943,simulation
1956-08-29,6.960329,simulation
1956-08-30,2.3908548,simulation
1956-08-31,3.7885652,simulation
1956-09-01,5.0121517,simulation
1956-09-02,14.956714,simulation
1956-09-03,11.014966,simulation
1956-09-04,6.929356,simulation
1956-09-05,8.239362,simulation
1956-09-06,6.6322913,simulation
1956-09-07,2.6121647,simulation
1956-09-08,18.625658,simulation
1956-09-09,10.6744,simulation
1956-09-10,19.42169,simulation
1956-09-11,26.186604,simulation
1956-09-12,12.817001,simulation
1956-09-13,13.063509,simulation
1956-09-14,18.45123,simulation
1956-09-15,17.324684,simulation
1956-09-16,5.8087068,simulation
1956-09-17,6.264227,simulation
1956-09-18,24.56841,simulation
1956-09-19,5.593686,simulation
1956-09-20,8.515264,simulation
1956-09-21,20.40047,simulation
1956-09-22,2.5262055,simulation
1956-09-23,0.55712885,simulation
1956-09-24,2.1760025,simulation
1956-09-25,24.926863,simulation
1956-09-26,24.660694,simulation
1956-09-27,11.260942,simulation
1956-09-28,8.453525,simulation
1956-09-29,1.9601845,simulation
1956-09-30,0.33054915,simulation
1956-10-01,0.9405369,simulation
1956-10-02,0.5473557,simulation
1956-10-03,2.2101533,simulation
1956-10-04,3.8295627,simulation
1956-10-05,2.7636685,simulation
1956-10-06,11.1962,simulation
1956-10-07,16.610292,simulation
1956-10-08,13.420479,simulation
1956-10-09,10.003494,simulation
1956-10-10,3.5765374,simulation
1956-10-11,6.409587,simulation
1956-10-12,3.4026926,simulation
1956-10-13,6.6561875,simulation
1956-10-14,6.0373373,simulation
1956-10-15,7.1388173,simulation
1956-10-16,1.9012853,simulation
1956-10-17,1.54181,simulation
1956-10-18,7.5928164,simulation
1956-10-19,0.3419543,simulation
1956-10-20,2.3978872,simulation
1956-10-21,2.9792304,simulation
1956-10-22,0.9650589,simulation
1956-10-23,5.4685936,simulation
1956-10-24,6.6043816,simulation
1956-10-25,2.225976,simulation
1956-10-26,0.92691064,simulation
1956-10-27,0.6532076,simulation
1956-10-28,3.848402,simulation
1956-10-29,2.346719,simulation
1956-10-30,1.1157707,simulation
1956-10-31,4.2417107,simulation
1956-11-01,3.7076442,simulation
1956-11-02,1.931803,simulation
1956-11-03,1.0270985,simulation
1956-11-04,1.6071995,simulation
1956-11-05,0.8050293,simulation
1956-11-06,0.5175468,simulation
1956-11-07,0.458921,simulation
1956-11-08,3.5097253,simulation
1956-11-09,2.522696,simulation
1956-11-10,2.138787,simulation
1956-11-11,2.003006,simulation
1956-11-12,1.7848799,simulation
1956-11-13,1.5950419,simulation
1956-11-14,1.3958362,simulation
1956-11-15,0.6962825,simulation
1956-11-16,0.54071665,simulation
1956-11-17,0.72965163,simulation
1956-11-18,2.462679,simulation
1956-11-19,1.0989134,simulation
1956-11-20,1.4000115,simulation
1956-11-21,1.1901813,simulation
1956-11-22,3.7262182,simulation
1956-11-23,1.9152963,simulation
1956-11-24,2.160296,simulation
1956-11-25,2.750047,simulation
1956-11-26,1.4323748,simulation
1956-11-27,1.2635616,simulation
1956-11-28,1.0884215,simulation
1956-11-29,0.55247176,simulation
1956-11-30,1.288374,simulation
1956-12-01,1.4374833,simulation
1956-12-02,1.5089473,simulation
1956-12-03,1.0273417,simulation
1956-12-04,0.558744,simulation
1956-12-05,0.55003774,simulation
1956-12-06,0.9215202,simulation
1956-12-07,1.4938451,simulation
1956-12-08,0.48443192,simulation
1956-12-09,0.51528454,simulation
1956-12-10,0.764341,simulation
1956-12-11,0.461998,simulation
1956-12-12,0.5481893,simulation
1956-12-13,0.29687184,simulation
1956-12-14,0.287912,simulation
1956-12-15,0.67709804,simulation
1956-12-16,1.385198,simulation
1956-12-17,0.85661864,simulation
1956-12-18,0.44706216,simulation
1956-12-19,0.31797522,simulation
1956-12-20,0.34523758,simulation
1956-12-21,0.33633158,simulation
1956-12-22,0.44165897,simulation
1956-12-23,0.39363906,simulation
1956-12-24,1.3402336,simulation
1956-12-25,1.3884796,simulation
1956-12-26,1.3934247,simulation
1956-12-27,2.2581306,simulation
1956-12-28,3.6895256,simulation
1956-12-29,2.4370327,simulation
1956-12-30,2.1361341,simulation
1956-12-31,1.7721015,simulation
1957-01-01,0.9444413,simulation
1957-01-02,1.2074866,simulation
1957-01-03,0.8183646,simulation
1957-01-04,0.62495375,simulation
1957-01-05,0.7450484,simulation
1957-01-06,0.33263686,simulation
1957-01-07,0.6686245,simulation
1957-01-08,0.6318948,simulation
1957-01-09,1.2274857,simulation
1957-01-10,1.5026249,simulation
1957-01-11,1.2630587,simulation
1957-01-12,0.5530626,simulation
1957-01-13,0.608635,simulation
1957-01-14,0.50069463,simulation
1957-01-15,0.43576565,simulation
1957-01-16,0.38326967,simulation
1957-01-17,0.7730458,simulation
1957-01-18,1.2005215,simulation
1957-01-19,1.5130868,simulation
1957-01-20,0.4701801,simulation
1957-01-21,0.54898274,simulation
1957-01-22,0.57036316,simulation
1957-01-23,0.57869554,simulation
1957-01-24,0.47226804,simulation
1957-01-25,0.34614816,simulation
1957-01-26,0.44321248,simulation
1957-01-27,1.026581,simulation
1957-01-28,0.8091708,simulation
1957-01-29,0.785202,simulation
1957-01-30,1.0100213,simulation
1957-01-31,1.7614237,simulation
1957-02-01,1.2876464,simulation
1957-02-02,0.4056218,simulation
1957-02-03,1.5438572,simulation
1957-02-04,1.8196642,simulation
1957-02-05,0.7622281,simulation
1957-02-06,0.71256393,simulation
1957-02-07,1.899864,simulation
1957-02-08,1.9448812,simulation
1957-02-09,1.5576806,simulation
1957-02-10,1.7455542,simulation
1957-02-11,1.7763293,simulation
1957-02-12,0.65952194,simulation
1957-02-13,4.250093,simulation
1957-02-14,3.053005,simulation
1957-02-15,1.528342,simulation
1957-02-16,0.7032931,simulation
1957-02-17,1.2548678,simulation
1957-02-18,0.7072296,simulation
1957-02-19,0.5269023,simulation
1957-02-20,0.97946787,simulation
1957-02-21,3.2763982,simulation
1957-02-22,2.0865371,simulation
1957-02-23,0.4753078,simulation
1957-02-24,0.65431553,simulation
1957-02-25,0.85356396,simulation
1957-02-26,2.2362502,simulation
1957-02-27,0.60795826,simulation
1957-02-28,2.2923656,simulation
1957-03-01,5.49366,simulation
1957-03-02,3.8571405,simulation
1957-03-03,0.5404807,simulation
1957-03-04,1.197216,simulation
1957-03-05,0.5598618,simulation
1957-03-06,3.8656185,simulation
1957-03-07,0.64041716,simulation
1957-03-08,4.15245,simulation
1957-03-09,7.1732254,simulation
1957-03-10,1.893796,simulation
1957-03-11,0.95361704,simulation
1957-03-12,0.46492982,simulation
1957-03-13,0.673535,simulation
1957-03-14,2.0664024,simulation
1957-03-15,19.496077,simulation
1957-03-16,4.1323295,simulation
1957-03-17,0.84006757,simulation
1957-03-18,0.9367975,simulation
1957-03-19,1.5427415,simulation
1957-03-20,1.3025415,simulation
1957-03-21,1.082395,simulation
1957-03-22,4.971542,simulation
1957-03-23,0.8377372,simulation
1957-03-24,1.4960028,simulation
1957-03-25,9.822582,simulation
1957-03-26,7.062075,simulation
1957-03-27,8.735394,simulation
1957-03-28,0.68282306,simulation
1957-03-29,10.03176,simulation
1957-03-30,2.0297456,simulation
1957-03-31,2.1882482,simulation
1957-04-01,26.064762,simulation
1957-04-02,3.078808,simulation
1957-04-03,2.5113194,simulation
1957-04-04,0.80901396,simulation
1957-04-05,25.273403,simulation
1957-04-06,2.8109524,simulation
1957-04-07,1.0552061,simulation
1957-04-08,1.609914,simulation
1957-04-09,15.751461,simulation
1957-04-10,1.3470825,simulation
1957-04-11,3.809736,simulation
1957-04-12,9.631824,simulation
1957-04-13,4.031209,simulation
1957-04-14,4.4474964,simulation
1957-04-15,28.483599,simulation
1957-04-16,0.7346446,simulation
1957-04-17,2.7991297,simulation
1957-04-18,9.607757,simulation
1957-04-19,9.40368,simulation
1957-04-20,1.8583424,simulation
1957-04-21,3.8494766,simulation
1957-04-22,1.7960366,simulation
1957-04-23,6.742288,simulation
1957-04-24,3.4565542,simulation
1957-04-25,5.1284785,simulation
1957-04-26,4.271048,simulation
1957-04-27,6.1380606,simulation
1957-04-28,2.8914642,simulation
1957-04-29,4.4165974,simulation
1957-04-30,1.1114944,simulation
1957-05-01,1.0639496,simulation
1957-05-02,4.1402144,simulation
1957-05-03,3.7292209,simulation
1957-05-04,6.94819,simulation
1957-05-05,19.761898,simulation
1957-05-06,13.710174,simulation
1957-05-07,6.3336654,simulation
1957-05-08,9.329934,simulation
1957-05-09,1.1785042,simulation
1957-05-10,1.4899341,simulation
1957-05-11,9.820371,simulation
1957-05-12,7.4806495,simulation
1957-05-13,8.951571,simulation
1957-05-14,10.133147,simulation
1957-05-15,6.738556,simulation
1957-05-16,13.501459,simulation
1957-05-17,32.422276,simulation
1957-05-18,18.59834,simulation
1957-05-19,10.99272,simulation
1957-05-20,20.619667,simulation
1957-05-21,32.18901,simulation
1957-05-22,22.093138,simulation
1957-05-23,5.8767567,simulation
1957-05-24,6.45955,simulation
1957-05-25,13.474732,simulation
1957-05-26,2.9202406,simulation
1957-05-27,16.454315,simulation
1957-05-28,3.0540934,simulation
1957-05-29,46.99978,simulation
1957-05-30,30.791647,simulation
1957-05-31,15.426586,simulation
1957-06-01,1.2142494,simulation
1957-06-02,1.6756698,simulation
1957-06-03,0.96259105,simulation
1957-06-04,3.41718,simulation
1957-06-05,2.5731778,simulation
1957-06-06,1.63613,simulation
1957-06-07,1.9326149,simulation
1957-06-08,7.661941,simulation
1957-06-09,13.352662,simulation
1957-06-10,24.62834,simulation
1957-06-11,27.391445,simulation
1957-06-12,34.007816,simulation
1957-06-13,26.088278,simulation
1957-06-14,33.077347,simulation
1957-06-15,12.3188095,simulation
1957-06-16,37.055275,simulation
1957-06-17,10.439137,simulation
1957-06-18,7.0150666,simulation
1957-06-19,30.744648,simulation
1957-06-20,19.641844,simulation
1957-06-21,3.3395283,simulation
1957-06-22,7.549324,simulation
1957-06-23,8.898722,simulation
1957-06-24,3.0826433,simulation
1957-06-25,1.5983244,simulation
1957-06-26,1.838848,simulation
1957-06-27,2.0736258,simulation
1957-06-28,9.083247,simulation
1957-06-29,21.80673,simulation
1957-06-30,12.538,simulation
1957-07-01,31.024488,simulation
1957-07-02,30.641594,simulation
1957-07-03,4.0024347,simulation
1957-07-04,6.839433,simulation
1957-07-05,48.040405,simulation
1957-07-06,83.79622,simulation
1957-07-07,82.24944,simulation
1957-07-08,42.17605,simulation
1957-07-09,37.30093,simulation
1957-07-10,37.346,simulation
1957-07-11,28.850973,simulation
1957-07-12,79.36485,simulation
1957-07-13,59.885185,simulation
1957-07-14,25.900414,simulation
1957-07-15,28.751547,simulation
1957-07-16,11.399528,simulation
1957-07-17,14.7308855,simulation
1957-07-18,5.6171126,simulation
1957-07-19,6.4225426,simulation
1957-07-20,1.7820297,simulation
1957-07-21,1.2355384,simulation
1957-07-22,2.6698992,simulation
1957-07-23,4.945649,simulation
1957-07-24,6.2528415,simulation
1957-07-25,10.619131,simulation
1957-07-26,24.51712,simulation
1957-07-27,25.730661,simulation
1957-07-28,23.202692,simulation
1957-07-29,42.98427,simulation
1957-07-30,4.6022544,simulation
1957-07-31,1.2585406,simulation
1957-08-01,1.3714198,simulation
1957-08-02,1.056493,simulation
1957-08-03,3.0958714,simulation
1957-08-04,13.372097,simulation
1957-08-05,9.057167,simulation
1957-08-06,64.351295,simulation
1957-08-07,19.834976,simulation
1957-08-08,11.20174,simulation
1957-08-09,1.0051869,simulation
1957-08-10,7.002893,simulation
1957-08-11,7.284143,simulation
1957-08-12,5.9280596,simulation
1957-08-13,2.614928,simulation
1957-08-14,10.439469,simulation
1957-08-15,15.74139,simulation
1957-08-16,19.60188,simulation
1957-08-17,14.925544,simulation
1957-08-18,3.450902,simulation
1957-08-19,19.461712,simulation
1957-08-20,53.151226,simulation
1957-08-21,50.76967,simulation
1957-08-22,44.433697,simulation
1957-08-23,51.240646,simulation
1957-08-24,45.69454,simulation
1957-08-25,21.634666,simulation
1957-08-26,30.963346,simulation
1957-08-27,36.186695,simulation
1957-08-28,24.324984,simulation
1957-08-29,3.9086196,simulation
1957-08-30,1.4108213,simulation
1957-08-31,1.6060504,simulation
1957-09-01,2.4853628,simulation
1957-09-02,6.669179,simulation
1957-09-03,2.253097,simulation
1957-09-04,0.963504,simulation
1957-09-05,3.2577367,simulation
1957-09-06,14.636484,simulation
1957-09-07,7.725459,simulation
1957-09-08,4.7158775,simulation
1957-09-09,2.7258062,simulation
1957-09-10,13.061908,simulation
1957-09-11,0.696337,simulation
1957-09-12,1.4256166,simulation
1957-09-13,1.0442159,simulation
1957-09-14,1.0311313,simulation
1957-09-15,0.49640405,simulation
1957-09-16,0.9978983,simulation
1957-09-17,0.5317675,simulation
1957-09-18,0.7971568,simulation
1957-09-19,3.4358203,simulation
1957-09-20,1.6857697,simulation
1957-09-21,6.3728223,simulation
1957-09-22,3.1022482,simulation
1957-09-23,0.709942,simulation
1957-09-24,4.065549,simulation
1957-09-25,0.93307173,simulation
1957-09-26,0.5415091,simulation
1957-09-27,0.7335914,simulation
1957-09-28,0.7532747,simulation
1957-09-29,0.83345103,simulation
1957-09-30,0.62705255,simulation
1957-10-01,1.1411637,simulation
1957-10-02,1.4740963,simulation
1957-10-03,7.715757,simulation
1957-10-04,13.423023,simulation
1957-10-05,9.562597,simulation
1957-10-06,10.361993,simulation
1957-10-07,11.28452,simulation
1957-10-08,14.140629,simulation
1957-10-09,13.903176,simulation
1957-10-10,8.407159,simulation
1957-10-11,16.650253,simulation
1957-10-12,13.180001,simulation
1957-10-13,1.3544087,simulation
1957-10-14,0.748324,simulation
1957-10-15,0.60320675,simulation
1957-10-16,0.793619,simulation
1957-10-17,6.588918,simulation
1957-10-18,15.323592,simulation
1957-10-19,11.150076,simulation
1957-10-20,2.0836196,simulation
1957-10-21,1.1026012,simulation
1957-10-22,0.7050643,simulation
1957-10-23,0.7263746,simulation
1957-10-24,3.8148491,simulation
1957-10-25,0.82018715,simulation
1957-10-26,1.0646186,simulation
1957-10-27,4.2165256,simulation
1957-10-28,2.427226,simulation
1957-10-29,3.0663242,simulation
1957-10-30,0.58544564,simulation
1957-10-31,2.1581345,simulation
1957-11-01,1.2375071,simulation
1957-11-02,1.7140146,simulation
1957-11-03,1.8838226,simulation
1957-11-04,3.0026987,simulation
1957-11-05,0.9362808,simulation
1957-11-06,0.7504771,simulation
1957-11-07,0.70343375,simulation
1957-11-08,0.7055845,simulation
1957-11-09,4.4263234,simulation
1957-11-10,1.3642036,simulation
1957-11-11,1.8972704,simulation
1957-11-12,0.5904263,simulation
1957-11-13,0.47480628,simulation
1957-11-14,3.1075175,simulation
1957-11-15,0.937537,simulation
1957-11-16,1.2109005,simulation
1957-11-17,0.9570576,simulation
1957-11-18,0.62234706,simulation
1957-11-19,2.8859138,simulation
1957-11-20,3.0527625,simulation
1957-11-21,1.4305682,simulation
1957-11-22,0.5835569,simulation
1957-11-23,0.44740853,simulation
1957-11-24,0.41628504,simulation
1957-11-25,0.6729761,simulation
1957-11-26,1.7564802,simulation
1957-11-27,0.69519854,simulation
1957-11-28,0.6204192,simulation
1957-11-29,0.6961905,simulation
1957-11-30,4.5687027,simulation
1957-12-01,1.7521583,simulation
1957-12-02,1.677381,simulation
1957-12-03,0.49438742,simulation
1957-12-04,2.2080007,simulation
1957-12-05,1.5969977,simulation
1957-12-06,1.2553163,simulation
1957-12-07,0.41466242,simulation
1957-12-08,1.1840515,simulation
1957-12-09,1.0960402,simulation
1957-12-10,1.9894744,simulation
1957-12-11,2.6273987,simulation
1957-12-12,1.2410268,simulation
1957-12-13,1.3139095,simulation
1957-12-14,0.6312979,simulation
1957-12-15,0.83132976,simulation
1957-12-16,0.63996714,simulation
1957-12-17,1.1285751,simulation
1957-12-18,0.59684825,simulation
1957-12-19,0.5114392,simulation
1957-12-20,3.4587579,simulation
1957-12-21,1.7983475,simulation
1957-12-22,0.7903261,simulation
1957-12-23,1.4100617,simulation
1957-12-24,0.77249265,simulation
1957-12-25,0.5475362,simulation
1957-12-26,2.2357595,simulation
1957-12-27,0.6477161,simulation
1957-12-28,0.9994584,simulation
1957-12-29,1.5844525,simulation
1957-12-30,0.93925416,simulation
1957-12-31,0.9206335,simulation
1958-01-01,1.1356256,simulation
1958-01-02,1.1553319,simulation
1958-01-03,1.4154353,simulation
1958-01-04,0.83754164,simulation
1958-01-05,0.99010044,simulation
1958-01-06,0.4329691,simulation
1958-01-07,1.3639033,simulation
1958-01-08,1.3130776,simulation
1958-01-09,0.65006244,simulation
1958-01-10,0.788,simulation
1958-01-11,0.853799,simulation
1958-01-12,0.44422686,simulation
1958-01-13,0.6983017,simulation
1958-01-14,0.9029332,simulation
1958-01-15,0.75726724,simulation
1958-01-16,1.702046,simulation
1958-01-17,1.0884374,simulation
1958-01-18,0.97009206,simulation
1958-01-19,0.6066831,simulation
1958-01-20,0.48882985,simulation
1958-01-21,1.0229867,simulation
1958-01-22,0.7255657,simulation
1958-01-23,0.54861814,simulation
1958-01-24,0.96765757,simulation
1958-01-25,0.87795585,simulation
1958-01-26,3.6978064,simulation
1958-01-27,1.5151494,simulation
1958-01-28,1.0829197,simulation
1958-01-29,0.69409657,simulation
1958-01-30,1.7325772,simulation
1958-01-31,1.5679909,simulation
1958-02-01,5.365056,simulation
1958-02-02,4.14193,simulation
1958-02-03,2.9827478,simulation
1958-02-04,2.5357654,simulation
1958-02-05,0.64816433,simulation
1958-02-06,0.9019008,simulation
1958-02-07,2.1121237,simulation
1958-02-08,3.0163486,simulation
1958-02-09,1.1124202,simulation
1958-02-10,0.5806733,simulation
1958-02-11,1.0803479,simulation
1958-02-12,0.52390444,simulation
1958-02-13,1.6758059,simulation
1958-02-14,0.5030186,simulation
1958-02-15,0.7947764,simulation
1958-02-16,2.3672404,simulation
1958-02-17,0.8276229,simulation
1958-02-18,1.976687,simulation
1958-02-19,0.9685386,simulation
1958-02-20,3.56561,simulation
1958-02-21,1.4699552,simulation
1958-02-22,0.5484014,simulation
1958-02-23,0.47099674,simulation
1958-02-24,0.73524946,simulation
1958-02-25,0.46579295,simulation
1958-02-26,0.7947549,simulation
1958-02-27,13.957939,simulation
1958-02-28,12.471241,simulation
1958-03-01,4.088799,simulation
1958-03-02,10.938897,simulation
1958-03-03,8.174099,simulation
1958-03-04,3.1342163,simulation
1958-03-05,0.66264564,simulation
1958-03-06,0.4559438,simulation
1958-03-07,1.2580163,simulation
1958-03-08,0.56010497,simulation
1958-03-09,8.88619,simulation
1958-03-10,6.8552637,simulation
1958-03-11,6.4599395,simulation
1958-03-12,0.71846735,simulation
1958-03-13,1.0204804,simulation
1958-03-14,4.9985123,simulation
1958-03-15,6.9133253,simulation
1958-03-16,3.4819124,simulation
1958-03-17,0.70677435,simulation
1958-03-18,0.82364434,simulation
1958-03-19,10.7411375,simulation
1958-03-20,12.383305,simulation
1958-03-21,7.6294494,simulation
1958-03-22,6.3713613,simulation
1958-03-23,0.6263784,simulation
1958-03-24,0.83767873,simulation
1958-03-25,0.6580398,simulation
1958-03-26,0.8130391,simulation
1958-03-27,0.6684757,simulation
1958-03-28,5.42178,simulation
1958-03-29,2.5811684,simulation
1958-03-30,4.490015,simulation
1958-03-31,10.66121,simulation
1958-04-01,1.0496143,simulation
1958-04-02,1.3999683,simulation
1958-04-03,3.04679,simulation
1958-04-04,5.7597737,simulation
1958-04-05,2.0100846,simulation
1958-04-06,16.304457,simulation
1958-04-07,37.46962,simulation
1958-04-08,3.8103862,simulation
1958-04-09,0.52981204,simulation
1958-04-10,2.2163544,simulation
1958-04-11,15.368177,simulation
1958-04-12,1.7678282,simulation
1958-04-13,3.8421152,simulation
1958-04-14,0.56633943,simulation
1958-04-15,12.070574,simulation
1958-04-16,9.8677845,simulation
1958-04-17,2.1198864,simulation
1958-04-18,1.8019906,simulation
1958-04-19,9.183626,simulation
1958-04-20,4.05312,simulation
1958-04-21,5.3323936,simulation
1958-04-22,25.391409,simulation
1958-04-23,7.3403687,simulation
1958-04-24,8.488907,simulation
1958-04-25,2.4211283,simulation
1958-04-26,4.316327,simulation
1958-04-27,6.2415457,simulation
1958-04-28,5.8626127,simulation
1958-04-29,4.3150153,simulation
1958-04-30,4.3438783,simulation
1958-05-01,3.6406927,simulation
1958-05-02,5.670886,simulation
1958-05-03,2.2845192,simulation
1958-05-04,1.5701774,simulation
1958-05-05,14.027997,simulation
1958-05-06,22.261818,simulation
1958-05-07,44.970196,simulation
1958-05-08,6.394119,simulation
1958-05-09,3.3949528,simulation
1958-05-10,1.0659797,simulation
1958-05-11,3.8713057,simulation
1958-05-12,32.814034,simulation
1958-05-13,18.85016,simulation
1958-05-14,19.292717,simulation
1958-05-15,3.343157,simulation
1958-05-16,3.0282092,simulation
1958-05-17,0.79354393,simulation
1958-05-18,0.7189584,simulation
1958-05-19,3.1851218,simulation
1958-05-20,1.9198279,simulation
1958-05-21,3.017849,simulation
1958-05-22,0.88636154,simulation
1958-05-23,3.4204884,simulation
1958-05-24,4.0202875,simulation
1958-05-25,25.835737,simulation
1958-05-26,53.62349,simulation
1958-05-27,48.974102,simulation
1958-05-28,22.445244,simulation
1958-05-29,24.208458,simulation
1958-05-30,28.37461,simulation
1958-05-31,27.917328,simulation
1958-06-01,36.776726,simulation
1958-06-02,35.138386,simulation
1958-06-03,36.183002,simulation
1958-06-04,9.435137,simulation
1958-06-05,13.6833935,simulation
1958-06-06,20.36642,simulation
1958-06-07,27.07695,simulation
1958-06-08,18.470385,simulation
1958-06-09,40.99757,simulation
1958-06-10,23.060213,simulation
1958-06-11,26.222176,simulation
1958-06-12,33.09892,simulation
1958-06-13,15.532597,simulation
1958-06-14,5.369874,simulation
1958-06-15,1.5318866,simulation
1958-06-16,3.9191816,simulation
1958-06-17,3.1159096,simulation
1958-06-18,11.729349,simulation
1958-06-19,10.550167,simulation
1958-06-20,12.748869,simulation
1958-06-21,1.9364078,simulation
1958-06-22,0.75954455,simulation
1958-06-23,24.818972,simulation
1958-06-24,67.69748,simulation
1958-06-25,15.761971,simulation
1958-06-26,1.8018473,simulation
1958-06-27,2.6734555,simulation
1958-06-28,74.261536,simulation
1958-06-29,70.40579,simulation
1958-06-30,38.72377,simulation
1958-07-01,21.471474,simulation
1958-07-02,25.181486,simulation
1958-07-03,52.093124,simulation
1958-07-04,31.550743,simulation
1958-07-05,28.266682,simulation
1958-07-06,9.9811535,simulation
1958-07-07,2.0492678,simulation
1958-07-08,1.4747523,simulation
1958-07-09,1.0384866,simulation
1958-07-10,4.4126544,simulation
1958-07-11,4.985948,simulation
1958-07-12,16.61053,simulation
1958-07-13,3.4337978,simulation
1958-07-14,16.786793,simulation
1958-07-15,19.55187,simulation
1958-07-16,13.924572,simulation
1958-07-17,7.530182,simulation
1958-07-18,4.839236,simulation
1958-07-19,17.358139,simulation
1958-07-20,13.052649,simulation
1958-07-21,1.5660044,simulation
1958-07-22,1.3170141,simulation
1958-07-23,2.0626483,simulation
1958-07-24,12.615309,simulation
1958-07-25,11.944494,simulation
1958-07-26,7.5681257,simulation
1958-07-27,6.3541837,simulation
1958-07-28,29.907482,simulation
1958-07-29,50.16463,simulation
1958-07-30,18.546757,simulation
1958-07-31,7.481547,simulation
1958-08-01,22.434729,simulation
1958-08-02,32.210667,simulation
1958-08-03,7.22477,simulation
1958-08-04,13.705834,simulation
1958-08-05,63.8635,simulation
1958-08-06,54.83505,simulation
1958-08-07,59.303146,simulation
1958-08-08,6.647907,simulation
1958-08-09,4.8730717,simulation
1958-08-10,13.131445,simulation
1958-08-11,36.73252,simulation
1958-08-12,16.884348,simulation
1958-08-13,9.15355,simulation
1958-08-14,13.361497,simulation
1958-08-15,4.946942,simulation
1958-08-16,5.914411,simulation
1958-08-17,7.319575,simulation
1958-08-18,6.955796,simulation
1958-08-19,55.70401,simulation
1958-08-20,44.2484,simulation
1958-08-21,7.984048,simulation
1958-08-22,1.2313744,simulation
1958-08-23,0.80941796,simulation
1958-08-24,0.6225638,simulation
1958-08-25,0.85990196,simulation
1958-08-26,44.12523,simulation
1958-08-27,41.882397,simulation
1958-08-28,46.102352,simulation
1958-08-29,29.144009,simulation
1958-08-30,26.411625,simulation
1958-08-31,18.503202,simulation
1958-09-01,30.401842,simulation
1958-09-02,2.8472404,simulation
1958-09-03,1.4134641,simulation
1958-09-04,0.74593866,simulation
1958-09-05,0.84685946,simulation
1958-09-06,0.9235906,simulation
1958-09-07,1.0045005,simulation
1958-09-08,1.0281203,simulation
1958-09-09,42.317707,simulation
1958-09-10,28.910248,simulation
1958-09-11,5.2857575,simulation
1958-09-12,3.0879307,simulation
1958-09-13,1.3877437,simulation
1958-09-14,0.8869177,simulation
1958-09-15,3.2344139,simulation
1958-09-16,2.856686,simulation
1958-09-17,1.7472923,simulation
1958-09-18,3.6922355,simulation
1958-09-19,1.599863,simulation
1958-09-20,0.853029,simulation
1958-09-21,0.61583257,simulation
1958-09-22,0.8194409,simulation
1958-09-23,1.9021168,simulation
1958-09-24,7.1393976,simulation
1958-09-25,4.6311088,simulation
1958-09-26,2.55915,simulation
1958-09-27,4.5327578,simulation
1958-09-28,37.94058,simulation
1958-09-29,12.655154,simulation
1958-09-30,1.8518844,simulation
1958-10-01,0.7496644,simulation
1958-10-02,1.6548944,simulation
1958-10-03,0.8428973,simulation
1958-10-04,1.9190264,simulation
1958-10-05,2.706409,simulation
1958-10-06,14.761328,simulation
1958-10-07,10.742914,simulation
1958-10-08,3.3401396,simulation
1958-10-09,4.213905,simulation
1958-10-10,9.799066,simulation
1958-10-11,34.015324,simulation
1958-10-12,7.678473,simulation
1958-10-13,13.687404,simulation
1958-10-14,2.9061947,simulation
1958-10-15,0.90535647,simulation
1958-10-16,0.724432,simulation
1958-10-17,0.6535746,simulation
1958-10-18,6.294171,simulation
1958-10-19,15.313272,simulation
1958-10-20,10.003507,simulation
1958-10-21,7.5844917,simulation
1958-10-22,2.0342903,simulation
1958-10-23,3.1234255,simulation
1958-10-24,8.684308,simulation
1958-10-25,9.337088,simulation
1958-10-26,8.372576,simulation
1958-10-27,2.0476773,simulation
1958-10-28,1.1415902,simulation
1958-10-29,0.58280694,simulation
1958-10-30,0.5625381,simulation
1958-10-31,0.42978024,simulation
1958-11-01,1.4068575,simulation
1958-11-02,1.3104277,simulation
1958-11-03,0.55818814,simulation
1958-11-04,0.39941484,simulation
1958-11-05,0.41600904,simulation
1958-11-06,0.75003284,simulation
1958-11-07,5.0473385,simulation
1958-11-08,2.2300177,simulation
1958-11-09,3.1384377,simulation
1958-11-10,6.6870055,simulation
1958-11-11,4.735447,simulation
1958-11-12,3.7683063,simulation
1958-11-13,1.5989782,simulation
1958-11-14,0.61478317,simulation
1958-11-15,0.8412215,simulation
1958-11-16,0.9308166,simulation
1958-11-17,1.3329905,simulation
1958-11-18,1.0398003,simulation
1958-11-19,1.2255608,simulation
1958-11-20,1.459778,simulation
1958-11-21,3.790777,simulation
1958-11-22,2.453785,simulation
1958-11-23,1.0949972,simulation
1958-11-24,0.64153516,simulation
1958-11-25,0.69959855,simulation
1958-11-26,1.673429,simulation
1958-11-27,1.0246956,simulation
1958-11-28,0.6067882,simulation
1958-11-29,1.7944287,simulation
1958-11-30,2.1373498,simulation
1958-12-01,1.1157849,simulation
1958-12-02,0.8640549,simulation
1958-12-03,1.2908913,simulation
1958-12-04,2.569756,simulation
1958-12-05,1.2611209,simulation
1958-12-06,1.2573308,simulation
1958-12-07,1.3080142,simulation
1958-12-08,0.79763234,simulation
1958-12-09,0.9263891,simulation
1958-12-10,0.53948534,simulation
1958-12-11,1.5359769,simulation
1958-12-12,1.580203,simulation
1958-12-13,0.6345935,simulation
1958-12-14,1.4240785,simulation
1958-12-15,1.3322791,simulation
1958-12-16,1.5085517,simulation
1958-12-17,1.6326172,simulation
1958-12-18,1.5476816,simulation
1958-12-19,1.1168759,simulation
1958-12-20,0.6320296,simulation
1958-12-21,1.5578841,simulation
1958-12-22,0.95611906,simulation
1958-12-23,0.46831605,simulation
1958-12-24,0.7774907,simulation
1958-12-25,0.68447846,simulation
1958-12-26,0.59779686,simulation
1958-12-27,0.41833344,simulation
1958-12-28,0.4570534,simulation
1958-12-29,0.7203149,simulation
1958-12-30,0.4192113,simulation
1958-12-31,0.39156193,simulation
1959-01-01,0.47790134,simulation
1959-01-02,0.45452386,simulation
1959-01-03,0.40176958,simulation
1959-01-04,0.75657994,simulation
1959-01-05,1.2904606,simulation
1959-01-06,0.7798025,simulation
1959-01-07,0.6625569,simulation
1959-01-08,0.6400157,simulation
1959-01-09,1.9151394,simulation
1959-01-10,1.3375226,simulation
1959-01-11,1.5134389,simulation
1959-01-12,1.3744584,simulation
1959-01-13,1.0760617,simulation
1959-01-14,0.75318974,simulation
1959-01-15,0.4736206,simulation
1959-01-16,1.8569479,simulation
1959-01-17,0.59600925,simulation
1959-01-18,1.5376666,simulation
1959-01-19,1.1333847,simulation
1959-01-20,0.6330566,simulation
1959-01-21,0.8180934,simulation
1959-01-22,1.5519154,simulation
1959-01-23,1.3502673,simulation
1959-01-24,0.7410652,simulation
1959-01-25,2.0439584,simulation
1959-01-26,1.9440715,simulation
1959-01-27,1.1830672,simulation
1959-01-28,1.5629056,simulation
1959-01-29,0.5278066,simulation
1959-01-30,0.41885662,simulation
1959-01-31,0.5100246,simulation
1959-02-01,0.496432,simulation
1959-02-02,0.4213715,simulation
1959-02-03,0.40383142,simulation
1959-02-04,0.48023692,simulation
1959-02-05,1.5621605,simulation
1959-02-06,0.74130887,simulation
1959-02-07,0.71004635,simulation
1959-02-08,0.41656035,simulation
1959-02-09,0.63800335,simulation
1959-02-10,0.8319158,simulation
1959-02-11,0.8008539,simulation
1959-02-12,0.6414219,simulation
1959-02-13,0.7363235,simulation
1959-02-14,0.7171276,simulation
1959-02-15,0.7661008,simulation
1959-02-16,3.912017,simulation
1959-02-17,2.6061175,simulation
1959-02-18,1.6392666,simulation
1959-02-19,1.2634794,simulation
1959-02-20,1.145608,simulation
1959-02-21,1.0844344,simulation
1959-02-22,2.3684113,simulation
1959-02-23,0.60254323,simulation
1959-02-24,0.44671196,simulation
1959-02-25,0.49090007,simulation
1959-02-26,0.43898872,simulation
1959-02-27,0.62831974,simulation
1959-02-28,0.79081595,simulation
1959-03-01,3.4399374,simulation
1959-03-02,6.0852075,simulation
1959-03-03,3.64879,simulation
1959-03-04,1.2362826,simulation
1959-03-05,1.2624457,simulation
1959-03-06,3.8562577,simulation
1959-03-07,4.787809,simulation
1959-03-08,2.1702814,simulation
1959-03-09,2.652589,simulation
1959-03-10,1.6146305,simulation
1959-03-11,0.9052322,simulation
1959-03-12,8.436189,simulation
1959-03-13,6.692175,simulation
1959-03-14,0.58104146,simulation
1959-03-15,21.828108,simulation
1959-03-16,3.9004176,simulation
1959-03-17,1.2681544,simulation
1959-03-18,1.3056139,simulation
1959-03-19,1.4708184,simulation
1959-03-20,0.9592248,simulation
1959-03-21,7.8105035,simulation
1959-03-22,19.294765,simulation
1959-03-23,15.602363,simulation
1959-03-24,7.266555,simulation
1959-03-25,1.0373943,simulation
1959-03-26,1.1088362,simulation
1959-03-27,8.585402,simulation
1959-03-28,0.8270087,simulation
1959-03-29,4.748957,simulation
1959-03-30,0.8985006,simulation
1959-03-31,1.699007,simulation
1959-04-01,1.72048,simulation
1959-04-02,20.551464,simulation
1959-04-03,22.50254,simulation
1959-04-04,34.938698,simulation
1959-04-05,6.284411,simulation
1959-04-06,3.40288,simulation
1959-04-07,2.3015995,simulation
1959-04-08,2.1361177,simulation
1959-04-09,0.5243282,simulation
1959-04-10,0.59961605,simulation
1959-04-11,0.60473245,simulation
1959-04-12,0.99686825,simulation
1959-04-13,8.848882,simulation
1959-04-14,1.4797461,simulation
1959-04-15,1.9548624,simulation
1959-04-16,2.646154,simulation
1959-04-17,0.57036006,simulation
1959-04-18,1.1500579,simulation
1959-04-19,6.1942315,simulation
1959-04-20,1.598342,simulation
1959-04-21,0.77777576,simulation
1959-04-22,10.191313,simulation
1959-04-23,34.812763,simulation
1959-04-24,30.499754,simulation
1959-04-25,18.597109,simulation
1959-04-26,3.7297442,simulation
1959-04-27,2.6395667,simulation
1959-04-28,4.8187075,simulation
1959-04-29,6.432471,simulation
1959-04-30,10.469732,simulation
1959-05-01,12.357798,simulation
1959-05-02,3.2709014,simulation
1959-05-03,10.046704,simulation
1959-05-04,20.231558,simulation
1959-05-05,15.452363,simulation
1959-05-06,3.1685786,simulation
1959-05-07,54.876675,simulation
1959-05-08,19.01052,simulation
1959-05-09,21.845621,simulation
1959-05-10,16.569613,simulation
1959-05-11,2.139164,simulation
1959-05-12,0.6648536,simulation
1959-05-13,11.893538,simulation
1959-05-14,30.382538,simulation
1959-05-15,9.041332,simulation
1959-05-16,37.21742,simulation
1959-05-17,20.677197,simulation
1959-05-18,3.8517127,simulation
1959-05-19,2.4837153,simulation
1959-05-20,2.4702482,simulation
1959-05-21,2.134615,simulation
1959-05-22,11.395658,simulation
1959-05-23,5.039341,simulation
1959-05-24,2.3630552,simulation
1959-05-25,3.6601021,simulation
1959-05-26,14.493831,simulation
1959-05-27,14.614725,simulation
1959-05-28,12.210658,simulation
1959-05-29,0.9286944,simulation
1959-05-30,1.1952536,simulation
1959-05-31,0.6697613,simulation
1959-06-01,4.6056786,simulation
1959-06-02,26.57549,simulation
1959-06-03,24.102406,simulation
1959-06-04,1.8865523,simulation
1959-06-05,4.6060324,simulation
1959-06-06,1.2057003,simulation
1959-06-07,3.0079231,simulation
1959-06-08,0.8387169,simulation
1959-06-09,26.780926,simulation
1959-06-10,14.091961,simulation
1959-06-11,10.765818,simulation
1959-06-12,3.1106465,simulation
1959-06-13,0.73381317,simulation
1959-06-14,1.2166804,simulation
1959-06-15,3.0644672,simulation
1959-06-16,9.550483,simulation
1959-06-17,55.444893,simulation
1959-06-18,75.92953,simulation
1959-06-19,86.19904,simulation
1959-06-20,77.399994,simulation
1959-06-21,52.386005,simulation
1959-06-22,20.968475,simulation
1959-06-23,22.314125,simulation
1959-06-24,11.683415,simulation
1959-06-25,13.369952,simulation
1959-06-26,28.864067,simulation
1959-06-27,23.267288,simulation
1959-06-28,7.979528,simulation
1959-06-29,38.3979,simulation
1959-06-30,28.457212,simulation
1959-07-01,10.397933,simulation
1959-07-02,6.84372,simulation
1959-07-03,1.924377,simulation
1959-07-04,11.308217,simulation
1959-07-05,13.91409,simulation
1959-07-06,3.8544834,simulation
1959-07-07,2.8744953,simulation
1959-07-08,3.662031,simulation
1959-07-09,6.5972533,simulation
1959-07-10,3.500548,simulation
1959-07-11,5.3373256,simulation
1959-07-12,4.9198923,simulation
1959-07-13,6.618946,simulation
1959-07-14,11.681851,simulation
1959-07-15,21.946032,simulation
1959-07-16,18.987188,simulation
1959-07-17,15.561031,simulation
1959-07-18,19.44956,simulation
1959-07-19,5.415518,simulation
1959-07-20,11.210598,simulation
1959-07-21,18.604109,simulation
1959-07-22,3.435826,simulation
1959-07-23,9.66882,simulation
1959-07-24,1.6291476,simulation
1959-07-25,3.2410274,simulation
1959-07-26,1.7172444,simulation
1959-07-27,3.6857347,simulation
1959-07-28,15.167974,simulation
1959-07-29,18.742815,simulation
1959-07-30,4.876676,simulation
1959-07-31,1.5215063,simulation
1959-08-01,4.0341377,simulation
1959-08-02,7.2139525,simulation
1959-08-03,4.3564863,simulation
1959-08-04,22.427704,simulation
1959-08-05,14.185848,simulation
1959-08-06,26.015368,simulation
1959-08-07,17.119463,simulation
1959-08-08,14.480797,simulation
1959-08-09,4.317521,simulation
1959-08-10,9.857465,simulation
1959-08-11,35.6702,simulation
1959-08-12,57.841248,simulation
1959-08-13,3.4324868,simulation
1959-08-14,2.519236,simulation
1959-08-15,2.8786705,simulation
1959-08-16,6.129391,simulation
1959-08-17,5.176425,simulation
1959-08-18,7.115632,simulation
1959-08-19,10.683937,simulation
1959-08-20,12.4039135,simulation
1959-08-21,18.602169,simulation
1959-08-22,13.853148,simulation
1959-08-23,33.0397,simulation
1959-08-24,30.70875,simulation
1959-08-25,20.656609,simulation
1959-08-26,9.039254,simulation
1959-08-27,14.826693,simulation
1959-08-28,15.554312,simulation
1959-08-29,21.264004,simulation
1959-08-30,4.8930125,simulation
1959-08-31,8.3427515,simulation
1959-09-01,13.261097,simulation
1959-09-02,13.469717,simulation
1959-09-03,6.4276533,simulation
1959-09-04,14.360336,simulation
1959-09-05,13.696401,simulation
1959-09-06,14.195181,simulation
1959-09-07,26.294926,simulation
1959-09-08,16.950039,simulation
1959-09-09,5.2107334,simulation
1959-09-10,2.2984033,simulation
1959-09-11,9.223619,simulation
1959-09-12,0.88091594,simulation
1959-09-13,0.5024829,simulation
1959-09-14,0.41892645,simulation
1959-09-15,0.479541,simulation
1959-09-16,0.67414385,simulation
1959-09-17,9.635462,simulation
1959-09-18,10.445173,simulation
1959-09-19,7.7704964,simulation
1959-09-20,29.24988,simulation
1959-09-21,7.0892954,simulation
1959-09-22,17.628553,simulation
1959-09-23,10.290581,simulation
1959-09-24,16.122112,simulation
1959-09-25,6.0570173,simulation
1959-09-26,1.0601563,simulation
1959-09-27,2.1960304,simulation
1959-09-28,4.319488,simulation
1959-09-29,8.931429,simulation
1959-09-30,5.860961,simulation
1959-10-01,6.670704,simulation
1959-10-02,12.280575,simulation
1959-10-03,3.6304834,simulation
1959-10-04,6.866621,simulation
1959-10-05,1.1707704,simulation
1959-10-06,0.5138124,simulation
1959-10-07,1.0947315,simulation
1959-10-08,1.498487,simulation
1959-10-09,9.100574,simulation
1959-10-10,1.8109454,simulation
1959-10-11,3.2547894,simulation
1959-10-12,2.5652993,simulation
1959-10-13,1.2294579,simulation
1959-10-14,0.4564683,simulation
1959-10-15,7.029216,simulation
1959-10-16,0.4843388,simulation
1959-10-17,0.43704987,simulation
1959-10-18,9.110653,simulation
1959-10-19,3.7991972,simulation
1959-10-20,0.67842937,simulation
1959-10-21,0.47248685,simulation
1959-10-22,0.48328754,simulation
1959-10-23,0.7408156,simulation
1959-10-24,10.909773,simulation
1959-10-25,8.938673,simulation
1959-10-26,10.882344,simulation
1959-10-27,1.1063322,simulation
1959-10-28,0.7292667,simulation
1959-10-29,0.433834,simulation
1959-10-30,0.39664865,simulation
1959-10-31,0.4249052,simulation
1959-11-01,0.5480287,simulation
1959-11-02,2.4615645,simulation
1959-11-03,3.378747,simulation
1959-11-04,1.2375057,simulation
1959-11-05,1.8325344,simulation
1959-11-06,1.1830304,simulation
1959-11-07,3.1848278,simulation
1959-11-08,1.9569507,simulation
1959-11-09,3.084999,simulation
1959-11-10,2.1031058,simulation
1959-11-11,1.1179465,simulation
1959-11-12,3.5948997,simulation
1959-11-13,0.6986768,simulation
1959-11-14,0.4365501,simulation
1959-11-15,0.4957814,simulation
1959-11-16,0.46099398,simulation
1959-11-17,1.2137347,simulation
1959-11-18,2.542059,simulation
1959-11-19,1.835318,simulation
1959-11-20,1.6374373,simulation
1959-11-21,1.2541381,simulation
1959-11-22,0.76192075,simulation
1959-11-23,0.53262156,simulation
1959-11-24,4.3658967,simulation
1959-11-25,4.168606,simulation
1959-11-26,3.1380448,simulation
1959-11-27,0.5253071,simulation
1959-11-28,1.914986,simulation
1959-11-29,1.3238124,simulation
1959-11-30,1.4103736,simulation
1959-12-01,1.2136273,simulation
1959-12-02,1.3587455,simulation
1959-12-03,1.7757579,simulation
1959-12-04,0.65836537,simulation
1959-12-05,0.58774525,simulation
1959-12-06,1.9264917,simulation
1959-12-07,1.7524358,simulation
1959-12-08,1.8559444,simulation
1959-12-09,0.66126317,simulation
1959-12-10,1.0325522,simulation
1959-12-11,0.50841033,simulation
1959-12-12,0.6013654,simulation
1959-12-13,0.7914771,simulation
1959-12-14,0.85829294,simulation
1959-12-15,0.6532141,simulation
1959-12-16,0.5876535,simulation
1959-12-17,0.61894464,simulation
1959-12-18,1.0256698,simulation
1959-12-19,1.9635735,simulation
1959-12-20,0.8687835,simulation
1959-12-21,1.5301337,simulation
1959-12-22,0.9429312,simulation
1959-12-23,0.71971136,simulation
1959-12-24,0.6097286,simulation
1959-12-25,0.41379705,simulation
1959-12-26,0.50689906,simulation
1959-12-27,0.5935024,simulation
1959-12-28,1.2357482,simulation
1959-12-29,1.5847123,simulation
1959-12-30,0.5885618,simulation
1959-12-31,0.6173014,simulation
1960-01-01,0.46697557,simulation
1960-01-02,0.39681357,simulation
1960-01-03,0.9508225,simulation
1960-01-04,0.7922258,simulation
1960-01-05,0.5667943,simulation
1960-01-06,0.36931053,simulation
1960-01-07,0.45438936,simulation
1960-01-08,0.79786104,simulation
1960-01-09,0.63472426,simulation
1960-01-10,0.6266108,simulation
1960-01-11,0.66711426,simulation
1960-01-12,0.5368897,simulation
1960-01-13,0.566666,simulation
1960-01-14,0.67698324,simulation
1960-01-15,1.8892642,simulation
1960-01-16,0.68546516,simulation
1960-01-17,0.3990894,simulation
1960-01-18,1.1967148,simulation
1960-01-19,0.7465356,simulation
1960-01-20,1.3068962,simulation
1960-01-21,1.3635143,simulation
1960-01-22,1.0665314,simulation
1960-01-23,0.86756104,simulation
1960-01-24,0.81387275,simulation
1960-01-25,1.4717965,simulation
1960-01-26,0.66683364,simulation
1960-01-27,0.65757126,simulation
1960-01-28,0.4434682,simulation
1960-01-29,0.48151243,simulation
1960-01-30,0.53743225,simulation
1960-01-31,0.42944184,simulation
1960-02-01,0.40449172,simulation
1960-02-02,0.40083948,simulation
1960-02-03,0.58132774,simulation
1960-02-04,1.9915001,simulation
1960-02-05,0.93826294,simulation
1960-02-06,0.7524013,simulation
1960-02-07,0.9904153,simulation
1960-02-08,2.5590968,simulation
1960-02-09,1.2948351,simulation
1960-02-10,6.6244144,simulation
1960-02-11,2.89253,simulation
1960-02-12,0.95941544,simulation
1960-02-13,0.44372475,simulation
1960-02-14,1.2521559,simulation
1960-02-15,0.62602675,simulation
1960-02-16,0.46032906,simulation
1960-02-17,1.8603657,simulation
1960-02-18,0.87071466,simulation
1960-02-19,2.0406053,simulation
1960-02-20,0.9757652,simulation
1960-02-21,0.40962315,simulation
1960-02-22,3.0458806,simulation
1960-02-23,3.3260777,simulation
1960-02-24,0.90050244,simulation
1960-02-25,0.6646883,simulation
1960-02-26,1.7296517,simulation
1960-02-27,0.62639296,simulation
1960-02-28,0.76777023,simulation
1960-02-29,1.1385125,simulation
1960-03-01,0.82266706,simulation
1960-03-02,0.44111693,simulation
1960-03-03,1.4955055,simulation
1960-03-04,2.751095,simulation
1960-03-05,1.7053958,simulation
1960-03-06,1.4217529,simulation
1960-03-07,0.64384866,simulation
1960-03-08,1.2083968,simulation
1960-03-09,0.80601966,simulation
1960-03-10,2.7193627,simulation
1960-03-11,0.6212519,simulation
1960-03-12,4.7853017,simulation
1960-03-13,1.5032642,simulation
1960-03-14,0.7088252,simulation
1960-03-15,0.4177981,simulation
1960-03-16,4.685634,simulation
1960-03-17,1.0316759,simulation
1960-03-18,5.951166,simulation
1960-03-19,16.401363,simulation
1960-03-20,8.797284,simulation
1960-03-21,10.637609,simulation
1960-03-22,14.957814,simulation
1960-03-23,5.684017,simulation
1960-03-24,1.2382792,simulation
1960-03-25,1.1899521,simulation
1960-03-26,2.1946468,simulation
1960-03-27,0.5674838,simulation
1960-03-28,0.9792751,simulation
1960-03-29,0.8477615,simulation
1960-03-30,33.61219,simulation
1960-03-31,18.26946,simulation
1960-04-01,3.7419713,simulation
1960-04-02,0.92050534,simulation
1960-04-03,1.1687634,simulation
1960-04-04,2.3519928,simulation
1960-04-05,33.08116,simulation
1960-04-06,42.488342,simulation
1960-04-07,51.32468,simulation
1960-04-08,2.8567965,simulation
1960-04-09,1.5623038,simulation
1960-04-10,24.44326,simulation
1960-04-11,27.427994,simulation
1960-04-12,22.658411,simulation
1960-04-13,2.5575912,simulation
1960-04-14,5.7268248,simulation
1960-04-15,5.4346952,simulation
1960-04-16,10.387749,simulation
1960-04-17,1.0561346,simulation
1960-04-18,17.129871,simulation
1960-04-19,34.24162,simulation
1960-04-20,21.06556,simulation
1960-04-21,3.4050193,simulation
1960-04-22,3.4524622,simulation
1960-04-23,5.9330816,simulation
1960-04-24,6.330653,simulation
1960-04-25,4.6922092,simulation
1960-04-26,4.0439034,simulation
1960-04-27,9.448898,simulation
1960-04-28,24.376951,simulation
1960-04-29,5.9701686,simulation
1960-04-30,3.8085158,simulation
1960-05-01,8.763497,simulation
1960-05-02,1.8303529,simulation
1960-05-03,27.403545,simulation
1960-05-04,3.1413763,simulation
1960-05-05,0.98498124,simulation
1960-05-06,0.82923,simulation
1960-05-07,2.0636113,simulation
1960-05-08,48.76781,simulation
1960-05-09,10.84993,simulation
1960-05-10,25.43095,simulation
1960-05-11,2.5323453,simulation
1960-05-12,3.7215948,simulation
1960-05-13,26.641727,simulation
1960-05-14,35.839108,simulation
1960-05-15,25.42679,simulation
1960-05-16,8.74463,simulation
1960-05-17,13.271138,simulation
1960-05-18,23.411089,simulation
1960-05-19,9.1768,simulation
1960-05-20,22.371025,simulation
1960-05-21,9.454135,simulation
1960-05-22,23.124235,simulation
1960-05-23,25.705519,simulation
1960-05-24,14.17052,simulation
1960-05-25,22.246021,simulation
1960-05-26,23.226469,simulation
1960-05-27,55.274815,simulation
1960-05-28,16.609392,simulation
1960-05-29,23.800562,simulation
1960-05-30,43.660294,simulation
1960-05-31,26.961823,simulation
1960-06-01,3.829927,simulation
1960-06-02,2.112779,simulation
1960-06-03,31.218029,simulation
1960-06-04,25.16535,simulation
1960-06-05,42.598843,simulation
1960-06-06,58.619377,simulation
1960-06-07,55.126995,simulation
1960-06-08,27.834728,simulation
1960-06-09,41.224743,simulation
1960-06-10,51.08697,simulation
1960-06-11,56.70648,simulation
1960-06-12,40.794655,simulation
1960-06-13,10.368924,simulation
1960-06-14,42.03635,simulation
1960-06-15,42.83383,simulation
1960-06-16,51.974777,simulation
1960-06-17,10.555611,simulation
1960-06-18,61.69986,simulation
1960-06-19,54.509785,simulation
1960-06-20,28.831203,simulation
1960-06-21,32.13972,simulation
1960-06-22,33.97682,simulation
1960-06-23,21.525192,simulation
1960-06-24,9.1078205,simulation
1960-06-25,2.2717047,simulation
1960-06-26,5.184188,simulation
1960-06-27,2.8174424,simulation
1960-06-28,42.15509,simulation
1960-06-29,35.8726,simulation
1960-06-30,44.017895,simulation
1960-07-01,36.272194,simulation
1960-07-02,45.729843,simulation
1960-07-03,46.630035,simulation
1960-07-04,9.993231,simulation
1960-07-05,2.347659,simulation
1960-07-06,25.724201,simulation
1960-07-07,44.646587,simulation
1960-07-08,27.32261,simulation
1960-07-09,23.475254,simulation
1960-07-10,32.4476,simulation
1960-07-11,26.244719,simulation
1960-07-12,38.684814,simulation
1960-07-13,53.530567,simulation
1960-07-14,40.316113,simulation
1960-07-15,46.06951,simulation
1960-07-16,4.059313,simulation
1960-07-17,3.181234,simulation
1960-07-18,7.4372067,simulation
1960-07-19,13.468371,simulation
1960-07-20,30.024408,simulation
1960-07-21,37.933666,simulation
1960-07-22,32.65852,simulation
1960-07-23,15.005345,simulation
1960-07-24,17.812708,simulation
1960-07-25,27.524405,simulation
1960-07-26,42.509117,simulation
1960-07-27,20.965014,simulation
1960-07-28,35.07941,simulation
1960-07-29,44.328335,simulation
1960-07-30,8.539934,simulation
1960-07-31,8.734072,simulation
1960-08-01,15.289749,simulation
1960-08-02,2.604497,simulation
1960-08-03,3.0915544,simulation
1960-08-04,3.5720623,simulation
1960-08-05,3.6380198,simulation
1960-08-06,2.8683221,simulation
1960-08-07,18.45512,simulation
1960-08-08,24.704704,simulation
1960-08-09,11.31283,simulation
1960-08-10,1.587355,simulation
1960-08-11,0.43197167,simulation
1960-08-12,0.576657,simulation
1960-08-13,1.0096534,simulation
1960-08-14,0.6395424,simulation
1960-08-15,3.578558,simulation
1960-08-16,15.002757,simulation
1960-08-17,8.89759,simulation
1960-08-18,4.5646667,simulation
1960-08-19,0.73874694,simulation
1960-08-20,2.1617439,simulation
1960-08-21,1.5732416,simulation
1960-08-22,0.53351617,simulation
1960-08-23,4.834874,simulation
1960-08-24,18.66581,simulation
1960-08-25,24.468508,simulation
1960-08-26,6.1909165,simulation
1960-08-27,5.3189454,simulation
1960-08-28,7.145675,simulation
1960-08-29,19.785051,simulation
1960-08-30,24.93334,simulation
1960-08-31,38.68565,simulation
1960-09-01,30.651876,simulation
1960-09-02,25.753925,simulation
1960-09-03,31.407156,simulation
1960-09-04,27.301073,simulation
1960-09-05,24.953537,simulation
1960-09-06,26.70642,simulation
1960-09-07,30.837225,simulation
1960-09-08,19.893333,simulation
1960-09-09,0.8701004,simulation
1960-09-10,2.6005626,simulation
1960-09-11,0.61431485,simulation
1960-09-12,32.84679,simulation
1960-09-13,19.114172,simulation
1960-09-14,0.91980445,simulation
1960-09-15,1.0090746,simulation
1960-09-16,0.59009767,simulation
1960-09-17,3.5110455,simulation
1960-09-18,14.612329,simulation
1960-09-19,24.147482,simulation
1960-09-20,16.839499,simulation
1960-09-21,15.078403,simulation
1960-09-22,26.455788,simulation
1960-09-23,5.905639,simulation
1960-09-24,6.1613717,simulation
1960-09-25,2.6629734,simulation
1960-09-26,0.5257937,simulation
1960-09-27,1.215845,simulation
1960-09-28,0.4472586,simulation
1960-09-29,1.1565518,simulation
1960-09-30,15.476845,simulation
1960-10-01,16.798676,simulation
1960-10-02,7.643838,simulation
1960-10-03,1.0922842,simulation
1960-10-04,1.7710023,simulation
1960-10-05,0.6203814,simulation
1960-10-06,0.4914264,simulation
1960-10-07,1.0380112,simulation
1960-10-08,2.9293306,simulation
1960-10-09,5.421228,simulation
1960-10-10,7.937593,simulation
1960-10-11,6.1609,simulation
1960-10-12,5.849069,simulation
1960-10-13,2.8111587,simulation
1960-10-14,0.7103024,simulation
1960-10-15,1.6821615,simulation
1960-10-16,3.9602313,simulation
1960-10-17,3.1891952,simulation
1960-10-18,2.4386032,simulation
1960-10-19,0.5227836,simulation
1960-10-20,0.6209206,simulation
1960-10-21,2.3443437,simulation
1960-10-22,4.163547,simulation
1960-10-23,3.359675,simulation
1960-10-24,4.9065986,simulation
1960-10-25,5.2108564,simulation
1960-10-26,0.49522614,simulation
1960-10-27,1.8519863,simulation
1960-10-28,4.9805303,simulation
1960-10-29,1.3554112,simulation
1960-10-30,0.36469063,simulation
1960-10-31,3.9389467,simulation
1960-11-01,3.7370605,simulation
1960-11-02,3.9236124,simulation
1960-11-03,4.0677023,simulation
1960-11-04,3.1286304,simulation
1960-11-05,2.510111,simulation
1960-11-06,2.7875571,simulation
1960-11-07,2.0019927,simulation
1960-11-08,1.3879561,simulation
1960-11-09,0.81496483,simulation
1960-11-10,0.61354804,simulation
1960-11-11,1.7890751,simulation
1960-11-12,0.86943746,simulation
1960-11-13,0.5407699,simulation
1960-11-14,2.58734,simulation
1960-11-15,2.3230872,simulation
1960-11-16,0.40257955,simulation
1960-11-17,0.559484,simulation
1960-11-18,0.3924397,simulation
1960-11-19,2.0742686,simulation
1960-11-20,1.1451253,simulation
1960-11-21,1.0343534,simulation
1960-11-22,0.4285699,simulation
1960-11-23,0.41378784,simulation
1960-11-24,0.4167961,simulation
1960-11-25,0.9395419,simulation
1960-11-26,1.3776958,simulation
1960-11-27,0.46156383,simulation
1960-11-28,0.48821202,simulation
1960-11-29,3.400449,simulation
1960-11-30,1.8041807,simulation
1960-12-01,2.254967,simulation
1960-12-02,1.2725276,simulation
1960-12-03,1.126008,simulation
1960-12-04,0.97047955,simulation
1960-12-05,1.8048996,simulation
1960-12-06,0.6911717,simulation
1960-12-07,0.33558413,simulation
1960-12-08,0.39300185,simulation
1960-12-09,0.676065,simulation
1960-12-10,0.58717114,simulation
1960-12-11,1.3690525,simulation
1960-12-12,1.126398,simulation
1960-12-13,0.7827886,simulation
1960-12-14,0.35923564,simulation
1960-12-15,0.32057032,simulation
1960-12-16,1.3820279,simulation
1960-12-17,1.0214828,simulation
1960-12-18,0.8205748,simulation
1960-12-19,1.0079757,simulation
1960-12-20,0.3921272,simulation
1960-12-21,1.337877,simulation
1960-12-22,0.48758146,simulation
1960-12-23,1.0740305,simulation
1960-12-24,0.4374401,simulation
1960-12-25,0.4575447,simulation
1960-12-26,0.6482091,simulation
1960-12-27,0.4930027,simulation
1960-12-28,0.41447926,simulation
1960-12-29,0.45310494,simulation
1960-12-30,0.42049596,simulation
1960-12-31,0.46005407,simulation
1961-01-01,0.5388071,simulation
1961-01-02,0.43633342,simulation
1961-01-03,1.3594031,simulation
1961-01-04,0.96426433,simulation
1961-01-05,0.48265195,simulation
1961-01-06,0.44697663,simulation
1961-01-07,0.3826545,simulation
1961-01-08,0.70978147,simulation
1961-01-09,1.6474296,simulation
1961-01-10,1.0758214,simulation
1961-01-11,0.88878983,simulation
1961-01-12,1.0316457,simulation
1961-01-13,0.4953338,simulation
1961-01-14,0.3977979,simulation
1961-01-15,0.4673378,simulation
1961-01-16,0.7634544,simulation
1961-01-17,0.96970624,simulation
1961-01-18,1.6012946,simulation
1961-01-19,0.7764448,simulation
1961-01-20,1.639669,simulation
1961-01-21,1.3680166,simulation
1961-01-22,0.7604556,simulation
1961-01-23,0.9239118,simulation
1961-01-24,0.35940495,simulation
1961-01-25,0.4524503,simulation
1961-01-26,0.39037415,simulation
1961-01-27,0.73138416,simulation
1961-01-28,0.48786378,simulation
1961-01-29,1.1563985,simulation
1961-01-30,1.3193179,simulation
1961-01-31,1.0711895,simulation
1961-02-01,1.0220515,simulation
1961-02-02,0.42649412,simulation
1961-02-03,0.8851423,simulation
1961-02-04,1.2820945,simulation
1961-02-05,1.6520909,simulation
1961-02-06,0.44932905,simulation
1961-02-07,0.46158832,simulation
1961-02-08,0.5574114,simulation
1961-02-09,0.7099774,simulation
1961-02-10,1.568833,simulation
1961-02-11,2.4775302,simulation
1961-02-12,1.9105294,simulation
1961-02-13,1.482642,simulation
1961-02-14,0.73685706,simulation
1961-02-15,0.7215347,simulation
1961-02-16,1.3940331,simulation
1961-02-17,0.4856492,simulation
1961-02-18,0.6966401,simulation
1961-02-19,0.48219198,simulation
1961-02-20,0.5043565,simulation
1961-02-21,0.46877685,simulation
1961-02-22,0.7884729,simulation
1961-02-23,3.5877607,simulation
1961-02-24,0.5074676,simulation
1961-02-25,4.74368,simulation
1961-02-26,7.8843617,simulation
1961-02-27,0.82825136,simulation
1961-02-28,3.2122338,simulation
1961-03-01,0.72232807,simulation
1961-03-02,3.8075683,simulation
1961-03-03,1.6784363,simulation
1961-03-04,1.0766376,simulation
1961-03-05,0.84247655,simulation
1961-03-06,0.6771364,simulation
1961-03-07,2.0344658,simulation
1961-03-08,17.847734,simulation
1961-03-09,11.751061,simulation
1961-03-10,5.6474214,simulation
1961-03-11,0.7391659,simulation
1961-03-12,1.8316998,simulation
1961-03-13,1.6502289,simulation
1961-03-14,15.71658,simulation
1961-03-15,13.571397,simulation
1961-03-16,1.0167044,simulation
1961-03-17,0.51324105,simulation
1961-03-18,7.0012827,simulation
1961-03-19,2.8091583,simulation
1961-03-20,0.62889725,simulation
1961-03-21,4.9701643,simulation
1961-03-22,10.462751,simulation
1961-03-23,11.619582,simulation
1961-03-24,8.158424,simulation
1961-03-25,4.329295,simulation
1961-03-26,18.171877,simulation
1961-03-27,0.85739523,simulation
1961-03-28,0.6572956,simulation
1961-03-29,0.50171846,simulation
1961-03-30,0.515264,simulation
1961-03-31,1.6297783,simulation
1961-04-01,6.4216,simulation
1961-04-02,20.843916,simulation
1961-04-03,2.355772,simulation
1961-04-04,15.251079,simulation
1961-04-05,17.643208,simulation
1961-04-06,0.86387134,simulation
1961-04-07,19.883198,simulation
1961-04-08,1.7161627,simulation
1961-04-09,4.3398056,simulation
1961-04-10,4.6320734,simulation
1961-04-11,2.6908157,simulation
1961-04-12,2.4253933,simulation
1961-04-13,16.832657,simulation
1961-04-14,12.521293,simulation
1961-04-15,1.7892159,simulation
1961-04-16,26.917414,simulation
1961-04-17,34.33874,simulation
1961-04-18,23.317434,simulation
1961-04-19,27.332613,simulation
1961-04-20,35.440006,simulation
1961-04-21,11.604335,simulation
1961-04-22,4.6010094,simulation
1961-04-23,5.547179,simulation
1961-04-24,5.237203,simulation
1961-04-25,3.3818674,simulation
1961-04-26,4.12092,simulation
1961-04-27,11.969902,simulation
1961-04-28,39.05231,simulation
1961-04-29,7.827689,simulation
1961-04-30,3.1346762,simulation
1961-05-01,1.087825,simulation
1961-05-02,2.086347,simulation
1961-05-03,18.646698,simulation
1961-05-04,21.194849,simulation
1961-05-05,21.624424,simulation
1961-05-06,8.048964,simulation
1961-05-07,7.9116287,simulation
1961-05-08,1.5336277,simulation
1961-05-09,11.294827,simulation
1961-05-10,12.055454,simulation
1961-05-11,9.204499,simulation
1961-05-12,18.428938,simulation
1961-05-13,21.521555,simulation
1961-05-14,3.6548357,simulation
1961-05-15,14.019301,simulation
1961-05-16,48.948803,simulation
1961-05-17,15.763555,simulation
1961-05-18,3.1716526,simulation
1961-05-19,39.10641,simulation
1961-05-20,4.1938586,simulation
1961-05-21,3.2752843,simulation
1961-05-22,5.6129146,simulation
1961-05-23,1.8253438,simulation
1961-05-24,1.1487247,simulation
1961-05-25,2.0493605,simulation
1961-05-26,0.9519301,simulation
1961-05-27,44.962513,simulation
1961-05-28,40.77947,simulation
1961-05-29,46.21556,simulation
1961-05-30,41.398907,simulation
1961-05-31,38.85858,simulation
1961-06-01,40.677887,simulation
1961-06-02,30.57234,simulation
1961-06-03,26.815922,simulation
1961-06-04,36.04608,simulation
1961-06-05,31.283722,simulation
1961-06-06,28.170773,simulation
1961-06-07,2.910537,simulation
1961-06-08,13.183248,simulation
1961-06-09,8.2091055,simulation
1961-06-10,2.2141457,simulation
1961-06-11,2.0359418,simulation
1961-06-12,2.1047502,simulation
1961-06-13,3.4058635,simulation
1961-06-14,2.9366531,simulation
1961-06-15,1.4001896,simulation
1961-06-16,0.83522177,simulation
1961-06-17,0.49433264,simulation
1961-06-18,0.5185359,simulation
1961-06-19,0.47853193,simulation
1961-06-20,0.60804325,simulation
1961-06-21,15.799495,simulation
1961-06-22,51.87273,simulation
1961-06-23,24.907967,simulation
1961-06-24,9.136499,simulation
1961-06-25,1.2607806,simulation
1961-06-26,0.8074653,simulation
1961-06-27,37.99945,simulation
1961-06-28,40.413235,simulation
1961-06-29,38.37087,simulation
1961-06-30,27.984108,simulation
1961-07-01,24.326088,simulation
1961-07-02,26.94537,simulation
1961-07-03,6.1913977,simulation
1961-07-04,22.82255,simulation
1961-07-05,51.845654,simulation
1961-07-06,17.39429,simulation
1961-07-07,3.5922105,simulation
1961-07-08,1.8463843,simulation
1961-07-09,2.139134,simulation
1961-07-10,2.1456852,simulation
1961-07-11,0.60845834,simulation
1961-07-12,1.4798851,simulation
1961-07-13,11.911685,simulation
1961-07-14,5.932998,simulation
1961-07-15,11.80363,simulation
1961-07-16,9.090847,simulation
1961-07-17,4.118615,simulation
1961-07-18,29.669806,simulation
1961-07-19,19.797953,simulation
1961-07-20,16.769909,simulation
1961-07-21,26.027275,simulation
1961-07-22,9.307921,simulation
1961-07-23,8.109291,simulation
1961-07-24,13.631994,simulation
1961-07-25,25.249443,simulation
1961-07-26,32.450794,simulation
1961-07-27,14.628976,simulation
1961-07-28,19.49047,simulation
1961-07-29,27.580547,simulation
1961-07-30,26.124878,simulation
1961-07-31,6.8058004,simulation
1961-08-01,31.750618,simulation
1961-08-02,26.616308,simulation
1961-08-03,16.20749,simulation
1961-08-04,15.031971,simulation
1961-08-05,32.615868,simulation
1961-08-06,21.792646,simulation
1961-08-07,1.0475157,simulation
1961-08-08,5.3126545,simulation
1961-08-09,6.8134785,simulation
1961-08-10,35.528275,simulation
1961-08-11,17.480616,simulation
1961-08-12,17.318892,simulation
1961-08-13,16.614923,simulation
1961-08-14,5.9426107,simulation
1961-08-15,2.8340833,simulation
1961-08-16,2.3224518,simulation
1961-08-17,14.213128,simulation
1961-08-18,18.489532,simulation
1961-08-19,39.322647,simulation
1961-08-20,17.38412,simulation
1961-08-21,3.646782,simulation
1961-08-22,16.413132,simulation
1961-08-23,14.916813,simulation
1961-08-24,8.093226,simulation
1961-08-25,4.193205,simulation
1961-08-26,2.8282921,simulation
1961-08-27,6.994733,simulation
1961-08-28,4.5108294,simulation
1961-08-29,5.5477333,simulation
1961-08-30,10.166737,simulation
1961-08-31,3.9582083,simulation
1961-09-01,7.723599,simulation
1961-09-02,3.300507,simulation
1961-09-03,3.0593357,simulation
1961-09-04,7.950909,simulation
1961-09-05,18.472607,simulation
1961-09-06,14.092315,simulation
1961-09-07,8.415755,simulation
1961-09-08,9.807565,simulation
1961-09-09,2.4100797,simulation
1961-09-10,1.6796508,simulation
1961-09-11,0.60801214,simulation
1961-09-12,0.72821975,simulation
1961-09-13,1.1036702,simulation
1961-09-14,1.562549,simulation
1961-09-15,7.562607,simulation
1961-09-16,20.055769,simulation
1961-09-17,23.236107,simulation
1961-09-18,13.188025,simulation
1961-09-19,12.191697,simulation
1961-09-20,13.399508,simulation
1961-09-21,2.5623932,simulation
1961-09-22,3.6705189,simulation
1961-09-23,13.184324,simulation
1961-09-24,11.195633,simulation
1961-09-25,20.09624,simulation
1961-09-26,12.713348,simulation
1961-09-27,15.16035,simulation
1961-09-28,3.4392703,simulation
1961-09-29,21.052494,simulation
1961-09-30,5.034856,simulation
1961-10-01,1.2699156,simulation
1961-10-02,0.5395447,simulation
1961-10-03,4.0354643,simulation
1961-10-04,12.324216,simulation
1961-10-05,10.599584,simulation
1961-10-06,6.8470683,simulation
1961-10-07,1.1060573,simulation
1961-10-08,1.3535078,simulation
1961-10-09,8.705784,simulation
1961-10-10,10.937258,simulation
1961-10-11,9.296759,simulation
1961-10-12,12.719105,simulation
1961-10-13,2.210795,simulation
1961-10-14,17.130917,simulation
1961-10-15,11.205822,simulation
1961-10-16,7.552497,simulation
1961-10-17,7.7150245,simulation
1961-10-18,6.5679693,simulation
1961-10-19,4.035231,simulation
1961-10-20,5.173519,simulation
1961-10-21,3.4570217,simulation
1961-10-22,3.7980666,simulation
1961-10-23,4.0657883,simulation
1961-10-24,3.5877297,simulation
1961-10-25,2.4387627,simulation
1961-10-26,6.6527705,simulation
1961-10-27,5.133015,simulation
1961-10-28,0.7554617,simulation
1961-10-29,1.4306213,simulation
1961-10-30,2.587038,simulation
1961-10-31,1.5030541,simulation
1961-11-01,1.4177992,simulation
1961-11-02,2.1938682,simulation
1961-11-03,0.40391907,simulation
1961-11-04,0.31530565,simulation
1961-11-05,0.36609724,simulation
1961-11-06,0.70066464,simulation
1961-11-07,5.4978495,simulation
1961-11-08,3.9483826,simulation
1961-11-09,2.2908764,simulation
1961-11-10,0.5898931,simulation
1961-11-11,0.9448811,simulation
1961-11-12,1.0363288,simulation
1961-11-13,0.37613848,simulation
1961-11-14,0.4091998,simulation
1961-11-15,0.50061756,simulation
1961-11-16,5.826109,simulation
1961-11-17,1.2212688,simulation
1961-11-18,0.5553712,simulation
1961-11-19,1.3000907,simulation
1961-11-20,2.2144802,simulation
1961-11-21,0.98186755,simulation
1961-11-22,0.6939792,simulation
1961-11-23,0.6100708,simulation
1961-11-24,2.151755,simulation
1961-11-25,2.134927,simulation
1961-11-26,1.0668783,simulation
1961-11-27,0.57685906,simulation
1961-11-28,0.79312444,simulation
1961-11-29,1.9008585,simulation
1961-11-30,1.2094752,simulation
1961-12-01,0.86796874,simulation
1961-12-02,0.8991466,simulation
1961-12-03,0.93244135,simulation
1961-12-04,0.8962204,simulation
1961-12-05,0.40507734,simulation
1961-12-06,0.3707659,simulation
1961-12-07,1.3140457,simulation
1961-12-08,0.81049645,simulation
1961-12-09,0.63405395,simulation
1961-12-10,0.459905,simulation
1961-12-11,0.50020427,simulation
1961-12-12,0.4664871,simulation
1961-12-13,1.5493797,simulation
1961-12-14,0.39838272,simulation
1961-12-15,0.38892427,simulation
1961-12-16,0.4126661,simulation
1961-12-17,0.41327435,simulation
1961-12-18,0.54687876,simulation
1961-12-19,2.2302935,simulation
1961-12-20,1.1394635,simulation
1961-12-21,1.0280144,simulation
1961-12-22,1.365427,simulation
1961-12-23,2.4790924,simulation
1961-12-24,0.93469787,simulation
1961-12-25,1.0675601,simulation
1961-12-26,1.0479052,simulation
1961-12-27,0.5162365,simulation
1961-12-28,0.90820414,simulation
1961-12-29,1.0618365,simulation
1961-12-30,1.3203878,simulation
1961-12-31,0.4528616,simulation
1962-01-01,0.55374223,simulation
1962-01-02,1.0443852,simulation
1962-01-03,1.2800565,simulation
1962-01-04,0.7541422,simulation
1962-01-05,0.4236784,simulation
1962-01-06,0.5423223,simulation
1962-01-07,0.5841131,simulation
1962-01-08,1.2413877,simulation
1962-01-09,0.48966745,simulation
1962-01-10,0.80483395,simulation
1962-01-11,0.5911754,simulation
1962-01-12,0.66485274,simulation
1962-01-13,0.836631,simulation
1962-01-14,0.7005718,simulation
1962-01-15,1.0044988,simulation
1962-01-16,1.0224029,simulation
1962-01-17,1.127569,simulation
1962-01-18,0.43389076,simulation
1962-01-19,0.41474354,simulation
1962-01-20,0.44831228,simulation
1962-01-21,0.6028129,simulation
1962-01-22,0.52148056,simulation
1962-01-23,0.38351977,simulation
1962-01-24,0.5412788,simulation
1962-01-25,0.58104026,simulation
1962-01-26,0.59114516,simulation
1962-01-27,0.44951275,simulation
1962-01-28,3.6002069,simulation
1962-01-29,1.981346,simulation
1962-01-30,3.6794991,simulation
1962-01-31,2.411552,simulation
1962-02-01,2.6344597,simulation
1962-02-02,1.7808126,simulation
1962-02-03,0.9255582,simulation
1962-02-04,0.56492615,simulation
1962-02-05,0.7403594,simulation
1962-02-06,3.3610826,simulation
1962-02-07,2.1481662,simulation
1962-02-08,0.6592855,simulation
1962-02-09,1.8989344,simulation
1962-02-10,2.437916,simulation
1962-02-11,2.9110897,simulation
1962-02-12,3.655981,simulation
1962-02-13,6.0938945,simulation
1962-02-14,0.660828,simulation
1962-02-15,0.56349564,simulation
1962-02-16,0.5091033,simulation
1962-02-17,1.1909972,simulation
1962-02-18,0.58174604,simulation
1962-02-19,6.4665728,simulation
1962-02-20,2.240389,simulation
1962-02-21,0.6072848,simulation
1962-02-22,0.7070034,simulation
1962-02-23,1.1114448,simulation
1962-02-24,4.1667953,simulation
1962-02-25,0.99494207,simulation
1962-02-26,1.6758615,simulation
1962-02-27,2.7757819,simulation
1962-02-28,0.509942,simulation
1962-03-01,0.5143029,simulation
1962-03-02,0.4144485,simulation
1962-03-03,0.45446566,simulation
1962-03-04,0.56518465,simulation
1962-03-05,5.1793795,simulation
1962-03-06,3.8304539,simulation
1962-03-07,0.8782245,simulation
1962-03-08,0.7506654,simulation
1962-03-09,0.906465,simulation
1962-03-10,0.6012207,simulation
1962-03-11,0.6896018,simulation
1962-03-12,11.797821,simulation
1962-03-13,3.0924952,simulation
1962-03-14,0.6913898,simulation
1962-03-15,1.5659851,simulation
1962-03-16,9.028017,simulation
1962-03-17,5.993672,simulation
1962-03-18,7.8582473,simulation
1962-03-19,3.3821328,simulation
1962-03-20,0.8507712,simulation
1962-03-21,8.690446,simulation
1962-03-22,1.1186087,simulation
1962-03-23,13.155994,simulation
1962-03-24,10.138187,simulation
1962-03-25,12.435623,simulation
1962-03-26,3.9797962,simulation
1962-03-27,16.149567,simulation
1962-03-28,10.708029,simulation
1962-03-29,6.8103414,simulation
1962-03-30,1.8293202,simulation
1962-03-31,0.46755454,simulation
1962-04-01,16.715792,simulation
1962-04-02,12.887881,simulation
1962-04-03,6.4287157,simulation
1962-04-04,1.6332464,simulation
1962-04-05,0.52760273,simulation
1962-04-06,1.0271261,simulation
1962-04-07,0.9759111,simulation
1962-04-08,22.28575,simulation
1962-04-09,8.167422,simulation
1962-04-10,2.2016177,simulation
1962-04-11,1.9327753,simulation
1962-04-12,1.2020612,simulation
1962-04-13,30.053204,simulation
1962-04-14,27.447582,simulation
1962-04-15,25.61847,simulation
1962-04-16,22.103539,simulation
1962-04-17,1.239435,simulation
1962-04-18,4.283001,simulation
1962-04-19,25.13573,simulation
1962-04-20,34.473747,simulation
1962-04-21,53.534973,simulation
1962-04-22,25.08621,simulation
1962-04-23,5.1427937,simulation
1962-04-24,0.9849253,simulation
1962-04-25,1.3727549,simulation
1962-04-26,6.898508,simulation
1962-04-27,8.895177,simulation
1962-04-28,1.5266265,simulation
1962-04-29,8.994593,simulation
1962-04-30,14.484483,simulation
1962-05-01,3.7918391,simulation
1962-05-02,36.565277,simulation
1962-05-03,3.8628397,simulation
1962-05-04,35.081146,simulation
1962-05-05,37.09675,simulation
1962-05-06,46.976795,simulation
1962-05-07,37.368256,simulation
1962-05-08,66.016556,simulation
1962-05-09,51.881123,simulation
1962-05-10,21.38042,simulation
1962-05-11,55.812405,simulation
1962-05-12,51.959457,simulation
1962-05-13,52.320858,simulation
1962-05-14,19.358685,simulation
1962-05-15,30.08397,simulation
1962-05-16,55.67658,simulation
1962-05-17,45.828365,simulation
1962-05-18,41.935062,simulation
1962-05-19,61.59928,simulation
1962-05-20,34.283546,simulation
1962-05-21,49.52741,simulation
1962-05-22,41.77845,simulation
1962-05-23,5.986539,simulation
1962-05-24,6.759265,simulation
1962-05-25,20.393904,simulation
1962-05-26,11.720649,simulation
1962-05-27,30.61552,simulation
1962-05-28,61.37233,simulation
1962-05-29,6.452747,simulation
1962-05-30,1.3109204,simulation
1962-05-31,1.4526436,simulation
1962-06-01,2.2488801,simulation
1962-06-02,10.30196,simulation
1962-06-03,10.845813,simulation
1962-06-04,4.8096204,simulation
1962-06-05,8.630764,simulation
1962-06-06,5.077099,simulation
1962-06-07,22.259525,simulation
1962-06-08,5.872798,simulation
1962-06-09,8.230904,simulation
1962-06-10,11.065202,simulation
1962-06-11,2.998793,simulation
1962-06-12,4.9906745,simulation
1962-06-13,5.009944,simulation
1962-06-14,9.964133,simulation
1962-06-15,51.37118,simulation
1962-06-16,43.46412,simulation
1962-06-17,18.507557,simulation
1962-06-18,25.067356,simulation
1962-06-19,10.541513,simulation
1962-06-20,4.522983,simulation
1962-06-21,68.91531,simulation
1962-06-22,62.681835,simulation
1962-06-23,21.765587,simulation
1962-06-24,7.8196177,simulation
1962-06-25,17.358072,simulation
1962-06-26,18.237705,simulation
1962-06-27,5.6206503,simulation
1962-06-28,4.105309,simulation
1962-06-29,2.2409387,simulation
1962-06-30,21.023628,simulation
1962-07-01,35.273518,simulation
1962-07-02,38.25608,simulation
1962-07-03,36.177967,simulation
1962-07-04,23.147005,simulation
1962-07-05,43.74836,simulation
1962-07-06,8.485115,simulation
1962-07-07,39.12614,simulation
1962-07-08,44.25668,simulation
1962-07-09,42.666718,simulation
1962-07-10,31.392597,simulation
1962-07-11,10.6818075,simulation
1962-07-12,11.234724,simulation
1962-07-13,18.21329,simulation
1962-07-14,43.59943,simulation
1962-07-15,27.702328,simulation
1962-07-16,16.147055,simulation
1962-07-17,31.309288,simulation
1962-07-18,50.933254,simulation
1962-07-19,67.03325,simulation
1962-07-20,57.55906,simulation
1962-07-21,24.148151,simulation
1962-07-22,40.494434,simulation
1962-07-23,33.81579,simulation
1962-07-24,27.188877,simulation
1962-07-25,16.52495,simulation
1962-07-26,8.264398,simulation
1962-07-27,10.427243,simulation
1962-07-28,4.2063394,simulation
1962-07-29,2.9169378,simulation
1962-07-30,22.507187,simulation
1962-07-31,34.579052,simulation
1962-08-01,21.882402,simulation
1962-08-02,4.107078,simulation
1962-08-03,2.5596032,simulation
1962-08-04,9.080414,simulation
1962-08-05,13.383532,simulation
1962-08-06,44.48623,simulation
1962-08-07,45.59533,simulation
1962-08-08,52.766994,simulation
1962-08-09,63.15207,simulation
1962-08-10,46.53733,simulation
1962-08-11,54.93075,simulation
1962-08-12,53.963684,simulation
1962-08-13,16.206259,simulation
1962-08-14,15.460091,simulation
1962-08-15,5.8999705,simulation
1962-08-16,3.676803,simulation
1962-08-17,33.521732,simulation
1962-08-18,31.146217,simulation
1962-08-19,29.636656,simulation
1962-08-20,16.340467,simulation
1962-08-21,4.429944,simulation
1962-08-22,5.6709895,simulation
1962-08-23,10.000796,simulation
1962-08-24,5.2018757,simulation
1962-08-25,1.0211052,simulation
1962-08-26,3.6576822,simulation
1962-08-27,19.973927,simulation
1962-08-28,18.866186,simulation
1962-08-29,2.8543944,simulation
1962-08-30,12.33255,simulation
1962-08-31,9.294793,simulation
1962-09-01,12.802169,simulation
1962-09-02,13.343172,simulation
1962-09-03,16.10411,simulation
1962-09-04,18.588646,simulation
1962-09-05,3.0690002,simulation
1962-09-06,4.463412,simulation
1962-09-07,1.5741574,simulation
1962-09-08,1.5116905,simulation
1962-09-09,3.4246855,simulation
1962-09-10,5.139933,simulation
1962-09-11,11.178169,simulation
1962-09-12,11.912738,simulation
1962-09-13,14.590409,simulation
1962-09-14,5.0441446,simulation
1962-09-15,1.5655347,simulation
1962-09-16,2.7938797,simulation
1962-09-17,4.207522,simulation
1962-09-18,7.2791805,simulation
1962-09-19,17.554674,simulation
1962-09-20,19.097725,simulation
1962-09-21,22.058674,simulation
1962-09-22,11.550865,simulation
1962-09-23,14.028542,simulation
1962-09-24,7.0009007,simulation
1962-09-25,5.2882633,simulation
1962-09-26,0.49867746,simulation
1962-09-27,10.390316,simulation
1962-09-28,8.408268,simulation
1962-09-29,12.721353,simulation
1962-09-30,12.699595,simulation
1962-10-01,0.53334457,simulation
1962-10-02,1.2117993,simulation
1962-10-03,2.8310025,simulation
1962-10-04,11.998311,simulation
1962-10-05,8.495786,simulation
1962-10-06,14.367885,simulation
1962-10-07,1.5996624,simulation
1962-10-08,0.7216984,simulation
1962-10-09,1.2353011,simulation
1962-10-10,7.661576,simulation
1962-10-11,3.8209994,simulation
1962-10-12,3.740924,simulation
1962-10-13,2.5148692,simulation
1962-10-14,2.420418,simulation
1962-10-15,1.7777076,simulation
1962-10-16,1.8084201,simulation
1962-10-17,2.5702283,simulation
1962-10-18,6.3905277,simulation
1962-10-19,7.5851526,simulation
1962-10-20,4.096744,simulation
1962-10-21,0.6291987,simulation
1962-10-22,4.5939007,simulation
1962-10-23,6.7084846,simulation
1962-10-24,1.6217743,simulation
1962-10-25,3.4465482,simulation
1962-10-26,1.5331244,simulation
1962-10-27,1.8962668,simulation
1962-10-28,2.6223855,simulation
1962-10-29,0.4942579,simulation
1962-10-30,1.2958004,simulation
1962-10-31,6.494248,simulation
1962-11-01,0.49594986,simulation
1962-11-02,0.55672693,simulation
1962-11-03,0.32131925,simulation
1962-11-04,1.4366704,simulation
1962-11-05,2.0794842,simulation
1962-11-06,1.0676674,simulation
1962-11-07,0.37851173,simulation
1962-11-08,0.37628284,simulation
1962-11-09,2.3531082,simulation
1962-11-10,1.8810298,simulation
1962-11-11,1.7595624,simulation
1962-11-12,1.2012403,simulation
1962-11-13,2.7307603,simulation
1962-11-14,2.0988338,simulation
1962-11-15,1.3472464,simulation
1962-11-16,0.9552639,simulation
1962-11-17,0.37959042,simulation
1962-11-18,0.3616838,simulation
1962-11-19,0.5310464,simulation
1962-11-20,0.27940062,simulation
1962-11-21,0.6002142,simulation
1962-11-22,2.5993338,simulation
1962-11-23,1.9365551,simulation
1962-11-24,0.7791993,simulation
1962-11-25,0.50167054,simulation
1962-11-26,0.6788816,simulation
1962-11-27,0.57876414,simulation
1962-11-28,0.7671518,simulation
1962-11-29,0.34560886,simulation
1962-11-30,1.074172,simulation
1962-12-01,0.9973446,simulation
1962-12-02,1.285016,simulation
1962-12-03,1.0671244,simulation
1962-12-04,0.9157937,simulation
1962-12-05,1.0354666,simulation
1962-12-06,1.6416997,simulation
1962-12-07,1.0637652,simulation
1962-12-08,0.9132894,simulation
1962-12-09,1.6008514,simulation
1962-12-10,1.5793469,simulation
1962-12-11,0.70181406,simulation
1962-12-12,0.7753471,simulation
1962-12-13,0.7218193,simulation
1962-12-14,1.0490729,simulation
1962-12-15,0.3681787,simulation
1962-12-16,0.3669073,simulation
1962-12-17,0.4623915,simulation
1962-12-18,0.4070616,simulation
1962-12-19,0.3031188,simulation
1962-12-20,0.3886349,simulation
1962-12-21,0.31838354,simulation
1962-12-22,0.36276922,simulation
1962-12-23,1.0294707,simulation
1962-12-24,0.32606125,simulation
1962-12-25,0.2835508,simulation
1962-12-26,0.3202412,simulation
1962-12-27,0.29547668,simulation
1962-12-28,0.3068845,simulation
1962-12-29,0.5536307,simulation
1962-12-30,0.9285332,simulation
1962-12-31,1.1366929,simulation
1963-01-01,0.7534648,simulation
1963-01-02,0.5095656,simulation
1963-01-03,0.9421632,simulation
1963-01-04,0.61910003,simulation
1963-01-05,0.35674024,simulation
1963-01-06,0.32617182,simulation
1963-01-07,0.454927,simulation
1963-01-08,1.1939789,simulation
1963-01-09,0.73599416,simulation
1963-01-10,1.2359622,simulation
1963-01-11,0.3623659,simulation
1963-01-12,0.33876178,simulation
1963-01-13,0.43129355,simulation
1963-01-14,0.4828214,simulation
1963-01-15,0.7374957,simulation
1963-01-16,0.91757536,simulation
1963-01-17,0.4104579,simulation
1963-01-18,0.32790488,simulation
1963-01-19,0.31091243,simulation
1963-01-20,0.37894207,simulation
1963-01-21,1.1200659,simulation
1963-01-22,1.2031935,simulation
1963-01-23,0.5272521,simulation
1963-01-24,0.9388598,simulation
1963-01-25,0.6758586,simulation
1963-01-26,0.5867949,simulation
1963-01-27,1.1012212,simulation
1963-01-28,1.328166,simulation
1963-01-29,0.5515024,simulation
1963-01-30,0.38604686,simulation
1963-01-31,0.47862318,simulation
1963-02-01,0.6064153,simulation
1963-02-02,0.89374423,simulation
1963-02-03,3.2752457,simulation
1963-02-04,1.3000404,simulation
1963-02-05,2.9253292,simulation
1963-02-06,2.9695168,simulation
1963-02-07,3.3344393,simulation
1963-02-08,0.57172775,simulation
1963-02-09,1.4291075,simulation
1963-02-10,0.7219479,simulation
1963-02-11,0.5388238,simulation
1963-02-12,1.8648412,simulation
1963-02-13,2.6196916,simulation
1963-02-14,4.2031713,simulation
1963-02-15,1.484138,simulation
1963-02-16,2.284554,simulation
1963-02-17,1.5979165,simulation
1963-02-18,0.5786399,simulation
1963-02-19,0.522927,simulation
1963-02-20,2.2232654,simulation
1963-02-21,0.8835585,simulation
1963-02-22,2.168543,simulation
1963-02-23,1.1006883,simulation
1963-02-24,2.8635225,simulation
1963-02-25,0.764875,simulation
1963-02-26,1.9086794,simulation
1963-02-27,5.019268,simulation
1963-02-28,2.6797326,simulation
1963-03-01,0.72815007,simulation
1963-03-02,2.1177487,simulation
1963-03-03,5.010443,simulation
1963-03-04,0.88576233,simulation
1963-03-05,0.6096465,simulation
1963-03-06,5.7857537,simulation
1963-03-07,7.1561255,simulation
1963-03-08,3.0586684,simulation
1963-03-09,1.4666631,simulation
1963-03-10,5.997946,simulation
1963-03-11,1.7420237,simulation
1963-03-12,0.82565,simulation
1963-03-13,9.220108,simulation
1963-03-14,1.1926386,simulation
1963-03-15,3.0567544,simulation
1963-03-16,1.2772329,simulation
1963-03-17,4.787316,simulation
1963-03-18,3.4108894,simulation
1963-03-19,2.295012,simulation
1963-03-20,23.793854,simulation
1963-03-21,18.67411,simulation
1963-03-22,8.552023,simulation
1963-03-23,11.6235485,simulation
1963-03-24,5.9837227,simulation
1963-03-25,1.4699124,simulation
1963-03-26,24.593454,simulation
1963-03-27,18.231264,simulation
1963-03-28,12.936523,simulation
1963-03-29,19.36765,simulation
1963-03-30,22.598772,simulation
1963-03-31,12.674099,simulation
1963-04-01,24.556238,simulation
1963-04-02,18.290146,simulation
1963-04-03,4.361275,simulation
1963-04-04,11.845244,simulation
1963-04-05,4.4229884,simulation
1963-04-06,0.89592785,simulation
1963-04-07,2.1432788,simulation
1963-04-08,10.278125,simulation
1963-04-09,1.3091359,simulation
1963-04-10,6.860895,simulation
1963-04-11,1.4871027,simulation
1963-04-12,4.0477304,simulation
1963-04-13,36.40126,simulation
1963-04-14,21.249655,simulation
1963-04-15,13.712261,simulation
1963-04-16,35.493526,simulation
1963-04-17,31.943644,simulation
1963-04-18,6.3340034,simulation
1963-04-19,3.3448105,simulation
1963-04-20,0.60852844,simulation
1963-04-21,2.6020324,simulation
1963-04-22,9.592052,simulation
1963-04-23,2.365647,simulation
1963-04-24,1.3296226,simulation
1963-04-25,0.94920844,simulation
1963-04-26,2.4182904,simulation
1963-04-27,1.0766662,simulation
1963-04-28,1.4340063,simulation
1963-04-29,6.005785,simulation
1963-04-30,34.21534,simulation
1963-05-01,8.959392,simulation
1963-05-02,5.736378,simulation
1963-05-03,16.168627,simulation
1963-05-04,7.94089,simulation
1963-05-05,14.8140955,simulation
1963-05-06,10.737362,simulation
1963-05-07,33.966568,simulation
1963-05-08,32.410263,simulation
1963-05-09,28.363268,simulation
1963-05-10,25.003418,simulation
1963-05-11,24.989082,simulation
1963-05-12,31.947401,simulation
1963-05-13,6.6159616,simulation
1963-05-14,12.497593,simulation
1963-05-15,32.350735,simulation
1963-05-16,7.45375,simulation
1963-05-17,18.0052,simulation
1963-05-18,3.4938986,simulation
1963-05-19,2.3592064,simulation
1963-05-20,2.0794048,simulation
1963-05-21,5.954431,simulation
1963-05-22,13.542392,simulation
1963-05-23,23.276749,simulation
1963-05-24,12.943018,simulation
1963-05-25,4.2141185,simulation
1963-05-26,7.1369905,simulation
1963-05-27,8.228103,simulation
1963-05-28,1.7995185,simulation
1963-05-29,11.505079,simulation
1963-05-30,21.617895,simulation
1963-05-31,19.078732,simulation
1963-06-01,57.579502,simulation
1963-06-02,32.94031,simulation
1963-06-03,35.216084,simulation
1963-06-04,27.307154,simulation
1963-06-05,12.807938,simulation
1963-06-06,31.152355,simulation
1963-06-07,46.618443,simulation
1963-06-08,47.799484,simulation
1963-06-09,39.665318,simulation
1963-06-10,4.890265,simulation
1963-06-11,44.911404,simulation
1963-06-12,22.778015,simulation
1963-06-13,41.1512,simulation
1963-06-14,33.14016,simulation
1963-06-15,16.056702,simulation
1963-06-16,21.87926,simulation
1963-06-17,0.41524947,simulation
1963-06-18,1.0209854,simulation
1963-06-19,2.8156316,simulation
1963-06-20,0.7411769,simulation
1963-06-21,0.47552893,simulation
1963-06-22,2.2181041,simulation
1963-06-23,2.3704822,simulation
1963-06-24,1.6504301,simulation
1963-06-25,6.5163856,simulation
1963-06-26,3.5440962,simulation
1963-06-27,4.9308662,simulation
1963-06-28,4.5877385,simulation
1963-06-29,6.6957517,simulation
1963-06-30,4.962077,simulation
1963-07-01,20.456013,simulation
1963-07-02,9.323787,simulation
1963-07-03,6.133671,simulation
1963-07-04,37.247402,simulation
1963-07-05,45.698006,simulation
1963-07-06,40.405567,simulation
1963-07-07,37.173134,simulation
1963-07-08,1.5307221,simulation
1963-07-09,5.5128574,simulation
1963-07-10,30.457531,simulation
1963-07-11,32.992653,simulation
1963-07-12,18.128328,simulation
1963-07-13,1.1858643,simulation
1963-07-14,1.7958238,simulation
1963-07-15,5.587813,simulation
1963-07-16,3.8606288,simulation
1963-07-17,8.501336,simulation
1963-07-18,12.079294,simulation
1963-07-19,12.04176,simulation
1963-07-20,38.747536,simulation
1963-07-21,6.525027,simulation
1963-07-22,23.564621,simulation
1963-07-23,2.100421,simulation
1963-07-24,4.885576,simulation
1963-07-25,0.7397585,simulation
1963-07-26,2.2626615,simulation
1963-07-27,4.298776,simulation
1963-07-28,10.65341,simulation
1963-07-29,6.43155,simulation
1963-07-30,3.089167,simulation
1963-07-31,1.0429894,simulation
1963-08-01,25.494558,simulation
1963-08-02,34.642708,simulation
1963-08-03,28.90828,simulation
1963-08-04,39.300636,simulation
1963-08-05,30.730825,simulation
1963-08-06,34.48993,simulation
1963-08-07,14.764215,simulation
1963-08-08,7.003987,simulation
1963-08-09,7.796319,simulation
1963-08-10,12.1229315,simulation
1963-08-11,4.0988703,simulation
1963-08-12,17.803837,simulation
1963-08-13,2.7597823,simulation
1963-08-14,0.5258224,simulation
1963-08-15,14.130135,simulation
1963-08-16,18.217688,simulation
1963-08-17,22.53541,simulation
1963-08-18,17.272217,simulation
1963-08-19,11.982191,simulation
1963-08-20,1.2714857,simulation
1963-08-21,12.6164255,simulation
1963-08-22,12.628184,simulation
1963-08-23,19.020123,simulation
1963-08-24,25.459204,simulation
1963-08-25,12.400815,simulation
1963-08-26,17.573244,simulation
1963-08-27,15.802048,simulation
1963-08-28,11.547953,simulation
1963-08-29,2.696937,simulation
1963-08-30,7.9458246,simulation
1963-08-31,33.148804,simulation
1963-09-01,36.80785,simulation
1963-09-02,27.528616,simulation
1963-09-03,12.517656,simulation
1963-09-04,6.168729,simulation
1963-09-05,4.455884,simulation
1963-09-06,15.6737585,simulation
1963-09-07,3.759241,simulation
1963-09-08,26.667246,simulation
1963-09-09,27.363842,simulation
1963-09-10,22.292936,simulation
1963-09-11,16.291273,simulation
1963-09-12,10.731518,simulation
1963-09-13,2.8795354,simulation
1963-09-14,0.45092285,simulation
1963-09-15,0.37095857,simulation
1963-09-16,0.52764887,simulation
1963-09-17,0.51747316,simulation
1963-09-18,0.698402,simulation
1963-09-19,23.996374,simulation
1963-09-20,22.456224,simulation
1963-09-21,10.543162,simulation
1963-09-22,32.337204,simulation
1963-09-23,3.925579,simulation
1963-09-24,4.9306784,simulation
1963-09-25,12.2300825,simulation
1963-09-26,1.2633313,simulation
1963-09-27,0.31711677,simulation
1963-09-28,0.35421878,simulation
1963-09-29,3.562597,simulation
1963-09-30,12.819863,simulation
1963-10-01,5.426595,simulation
1963-10-02,2.7272,simulation
1963-10-03,12.038992,simulation
1963-10-04,16.66784,simulation
1963-10-05,3.482045,simulation
1963-10-06,9.044694,simulation
1963-10-07,10.935177,simulation
1963-10-08,10.324219,simulation
1963-10-09,13.919568,simulation
1963-10-10,11.873696,simulation
1963-10-11,9.989434,simulation
1963-10-12,10.111908,simulation
1963-10-13,9.907587,simulation
1963-10-14,5.7574186,simulation
1963-10-15,7.3163795,simulation
1963-10-16,3.8177192,simulation
1963-10-17,5.529245,simulation
1963-10-18,6.329921,simulation
1963-10-19,7.716316,simulation
1963-10-20,2.8775625,simulation
1963-10-21,2.649472,simulation
1963-10-22,1.4966444,simulation
1963-10-23,1.5265946,simulation
1963-10-24,0.61583114,simulation
1963-10-25,0.40269879,simulation
1963-10-26,1.2035729,simulation
1963-10-27,0.52249634,simulation
1963-10-28,3.2299302,simulation
1963-10-29,4.793774,simulation
1963-10-30,2.8663564,simulation
1963-10-31,5.105696,simulation
1963-11-01,0.5945986,simulation
1963-11-02,1.9606599,simulation
1963-11-03,0.71239895,simulation
1963-11-04,0.7822951,simulation
1963-11-05,0.54676354,simulation
1963-11-06,0.5269961,simulation
1963-11-07,2.0991914,simulation
1963-11-08,0.44351608,simulation
1963-11-09,0.31225458,simulation
1963-11-10,1.4238234,simulation
1963-11-11,2.1877666,simulation
1963-11-12,3.0091734,simulation
1963-11-13,1.619974,simulation
1963-11-14,0.9539505,simulation
1963-11-15,0.73324215,simulation
1963-11-16,2.5636044,simulation
1963-11-17,2.0614257,simulation
1963-11-18,0.7873708,simulation
1963-11-19,1.6743898,simulation
1963-11-20,0.27724174,simulation
1963-11-21,0.49123004,simulation
1963-11-22,0.39357337,simulation
1963-11-23,0.42735857,simulation
1963-11-24,1.285822,simulation
1963-11-25,0.57755756,simulation
1963-11-26,0.2695139,simulation
1963-11-27,0.2750884,simulation
1963-11-28,0.22278717,simulation
1963-11-29,2.7374694,simulation
1963-11-30,2.274648,simulation
1963-12-01,0.6766637,simulation
1963-12-02,0.34903225,simulation
1963-12-03,0.96136737,simulation
1963-12-04,1.1612908,simulation
1963-12-05,0.8837197,simulation
1963-12-06,0.36782715,simulation
1963-12-07,1.0455118,simulation
1963-12-08,2.4603705,simulation
1963-12-09,1.3434863,simulation
1963-12-10,0.474525,simulation
1963-12-11,0.27890173,simulation
1963-12-12,0.26172814,simulation
1963-12-13,0.24153328,simulation
1963-12-14,0.3211735,simulation
1963-12-15,0.5173198,simulation
1963-12-16,0.44875425,simulation
1963-12-17,0.67621183,simulation
1963-12-18,0.6548684,simulation
1963-12-19,0.8004876,simulation
1963-12-20,0.41251978,simulation
1963-12-21,0.44192952,simulation
1963-12-22,0.32279134,simulation
1963-12-23,0.30266535,simulation
1963-12-24,0.56702375,simulation
1963-12-25,0.85271066,simulation
1963-12-26,0.9568699,simulation
1963-12-27,0.7351498,simulation
1963-12-28,0.6718029,simulation
1963-12-29,1.058372,simulation
1963-12-30,1.0088979,simulation
1963-12-31,0.3901418,simulation
1964-01-01,0.88472074,simulation
1964-01-02,1.3698983,simulation
1964-01-03,0.9237358,simulation
1964-01-04,0.39739832,simulation
1964-01-05,0.54411215,simulation
1964-01-06,0.31792504,simulation
1964-01-07,0.38741773,simulation
1964-01-08,0.3255398,simulation
1964-01-09,0.62978214,simulation
1964-01-10,0.7377531,simulation
1964-01-11,0.46843213,simulation
1964-01-12,0.53626215,simulation
1964-01-13,0.7231607,simulation
1964-01-14,0.812126,simulation
1964-01-15,0.5376853,simulation
1964-01-16,0.35785976,simulation
1964-01-17,1.5866076,simulation
1964-01-18,0.7699703,simulation
1964-01-19,1.0866169,simulation
1964-01-20,5.315851,simulation
1964-01-21,1.8953279,simulation
1964-01-22,0.5342475,simulation
1964-01-23,0.3615191,simulation
1964-01-24,0.56294864,simulation
1964-01-25,1.2064955,simulation
1964-01-26,2.3412228,simulation
1964-01-27,0.58671033,simulation
1964-01-28,2.3396742,simulation
1964-01-29,0.8390626,simulation
1964-01-30,0.9499013,simulation
1964-01-31,0.87200284,simulation
1964-02-01,2.86281,simulation
1964-02-02,0.74925655,simulation
1964-02-03,1.9948422,simulation
1964-02-04,0.8152269,simulation
1964-02-05,1.2637528,simulation
1964-02-06,0.90487593,simulation
1964-02-07,0.6494194,simulation
1964-02-08,2.4349017,simulation
1964-02-09,4.0372396,simulation
1964-02-10,3.5383897,simulation
1964-02-11,2.520073,simulation
1964-02-12,0.98967093,simulation
1964-02-13,0.43350917,simulation
1964-02-14,1.5336658,simulation
1964-02-15,1.2740246,simulation
1964-02-16,1.4799606,simulation
1964-02-17,1.5019907,simulation
1964-02-18,0.38881898,simulation
1964-02-19,1.6458949,simulation
1964-02-20,1.6451712,simulation
1964-02-21,0.47523543,simulation
1964-02-22,1.4745283,simulation
1964-02-23,2.1539075,simulation
1964-02-24,1.5622905,simulation
1964-02-25,0.43861064,simulation
1964-02-26,0.44288287,simulation
1964-02-27,0.39059055,simulation
1964-02-28,3.9848585,simulation
1964-02-29,1.0672028,simulation
1964-03-01,0.5757841,simulation
1964-03-02,0.72177285,simulation
1964-03-03,1.4751383,simulation
1964-03-04,1.5726299,simulation
1964-03-05,8.783751,simulation
1964-03-06,7.9870276,simulation
1964-03-07,0.8746753,simulation
1964-03-08,2.7665484,simulation
1964-03-09,1.3477854,simulation
1964-03-10,2.9224458,simulation
1964-03-11,3.4810925,simulation
1964-03-12,11.871693,simulation
1964-03-13,1.626585,simulation
1964-03-14,0.69251615,simulation
1964-03-15,2.6976101,simulation
1964-03-16,3.832946,simulation
1964-03-17,13.361352,simulation
1964-03-18,3.1351862,simulation
1964-03-19,1.5961634,simulation
1964-03-20,7.532834,simulation
1964-03-21,1.4418663,simulation
1964-03-22,6.2226977,simulation
1964-03-23,1.5583143,simulation
1964-03-24,1.0152643,simulation
1964-03-25,1.2987604,simulation
1964-03-26,3.711079,simulation
1964-03-27,10.81393,simulation
1964-03-28,1.463743,simulation
1964-03-29,6.9804482,simulation
1964-03-30,7.5789914,simulation
1964-03-31,10.641921,simulation
1964-04-01,3.9503932,simulation
1964-04-02,2.517991,simulation
1964-04-03,1.0667382,simulation
1964-04-04,3.5976734,simulation
1964-04-05,0.7072958,simulation
1964-04-06,1.7797148,simulation
1964-04-07,1.3058008,simulation
1964-04-08,3.3195655,simulation
1964-04-09,13.567757,simulation
1964-04-10,19.546095,simulation
1964-04-11,28.07962,simulation
1964-04-12,1.0390052,simulation
1964-04-13,0.73220813,simulation
1964-04-14,2.87015,simulation
1964-04-15,38.340973,simulation
1964-04-16,45.49357,simulation
1964-04-17,8.002239,simulation
1964-04-18,2.701423,simulation
1964-04-19,18.733938,simulation
1964-04-20,17.187935,simulation
1964-04-21,3.4180555,simulation
1964-04-22,1.2857587,simulation
1964-04-23,12.186898,simulation
1964-04-24,1.8091035,simulation
1964-04-25,1.2508032,simulation
1964-04-26,0.8454734,simulation
1964-04-27,62.330276,simulation
1964-04-28,7.898262,simulation
1964-04-29,23.332987,simulation
1964-04-30,3.2413497,simulation
1964-05-01,6.454519,simulation
1964-05-02,11.314396,simulation
1964-05-03,34.30799,simulation
1964-05-04,12.71545,simulation
1964-05-05,34.73474,simulation
1964-05-06,5.8934126,simulation
1964-05-07,25.514505,simulation
1964-05-08,5.7357993,simulation
1964-05-09,3.9746876,simulation
1964-05-10,3.942294,simulation
1964-05-11,6.453349,simulation
1964-05-12,0.7910857,simulation
1964-05-13,59.05925,simulation
1964-05-14,43.78776,simulation
1964-05-15,26.91612,simulation
1964-05-16,55.236015,simulation
1964-05-17,57.504967,simulation
1964-05-18,61.86246,simulation
1964-05-19,45.315006,simulation
1964-05-20,57.25429,simulation
1964-05-21,33.13665,simulation
1964-05-22,9.898752,simulation
1964-05-23,1.9268167,simulation
1964-05-24,5.8127613,simulation
1964-05-25,42.54061,simulation
1964-05-26,58.032963,simulation
1964-05-27,42.768475,simulation
1964-05-28,6.936905,simulation
1964-05-29,9.237867,simulation
1964-05-30,1.2465534,simulation
1964-05-31,0.6238619,simulation
1964-06-01,1.0207212,simulation
1964-06-02,39.10045,simulation
1964-06-03,39.81811,simulation
1964-06-04,4.1948166,simulation
1964-06-05,60.05745,simulation
1964-06-06,14.951802,simulation
1964-06-07,34.06996,simulation
1964-06-08,67.97562,simulation
1964-06-09,25.581518,simulation
1964-06-10,8.485844,simulation
1964-06-11,25.850021,simulation
1964-06-12,41.088013,simulation
1964-06-13,27.675573,simulation
1964-06-14,29.162945,simulation
1964-06-15,20.685537,simulation
1964-06-16,1.8152941,simulation
1964-06-17,28.60124,simulation
1964-06-18,21.229738,simulation
1964-06-19,27.74175,simulation
1964-06-20,31.749355,simulation
1964-06-21,47.797543,simulation
1964-06-22,20.809347,simulation
1964-06-23,29.389801,simulation
1964-06-24,7.7421393,simulation
1964-06-25,14.254704,simulation
1964-06-26,6.882181,simulation
1964-06-27,2.8106177,simulation
1964-06-28,1.3252345,simulation
1964-06-29,5.3053694,simulation
1964-06-30,1.3886387,simulation
1964-07-01,4.9350038,simulation
1964-07-02,4.454071,simulation
1964-07-03,0.676252,simulation
1964-07-04,7.712006,simulation
1964-07-05,43.38635,simulation
1964-07-06,40.655132,simulation
1964-07-07,50.778355,simulation
1964-07-08,45.137047,simulation
1964-07-09,1.1317707,simulation
1964-07-10,4.231328,simulation
1964-07-11,3.0110664,simulation
1964-07-12,1.7670449,simulation
1964-07-13,3.0616453,simulation
1964-07-14,35.662758,simulation
1964-07-15,9.898935,simulation
1964-07-16,20.063726,simulation
1964-07-17,49.625957,simulation
1964-07-18,36.599995,simulation
1964-07-19,27.658262,simulation
1964-07-20,12.861046,simulation
1964-07-21,39.82812,simulation
1964-07-22,11.267789,simulation
1964-07-23,21.017126,simulation
1964-07-24,18.570873,simulation
1964-07-25,28.848845,simulation
1964-07-26,29.227549,simulation
1964-07-27,19.989025,simulation
1964-07-28,6.3591557,simulation
1964-07-29,2.6823459,simulation
1964-07-30,1.9106544,simulation
1964-07-31,3.720525,simulation
1964-08-01,3.3407993,simulation
1964-08-02,4.2510924,simulation
1964-08-03,16.454731,simulation
1964-08-04,25.076063,simulation
1964-08-05,5.1744466,simulation
1964-08-06,14.07897,simulation
1964-08-07,20.856756,simulation
1964-08-08,3.4388864,simulation
1964-08-09,17.65081,simulation
1964-08-10,5.8751163,simulation
1964-08-11,4.732605,simulation
1964-08-12,1.6779456,simulation
1964-08-13,6.4268775,simulation
1964-08-14,7.950785,simulation
1964-08-15,3.9867516,simulation
1964-08-16,1.6503283,simulation
1964-08-17,0.9992577,simulation
1964-08-18,3.9099336,simulation
1964-08-19,16.928663,simulation
1964-08-20,26.101812,simulation
1964-08-21,12.956989,simulation
1964-08-22,2.2059875,simulation
1964-08-23,1.4923865,simulation
1964-08-24,5.741223,simulation
1964-08-25,3.1642408,simulation
1964-08-26,2.5985844,simulation
1964-08-27,33.547188,simulation
1964-08-28,30.418978,simulation
1964-08-29,27.991283,simulation
1964-08-30,28.2891,simulation
1964-08-31,24.261833,simulation
1964-09-01,32.733044,simulation
1964-09-02,53.734055,simulation
1964-09-03,42.760384,simulation
1964-09-04,21.695751,simulation
1964-09-05,17.871243,simulation
1964-09-06,1.8474797,simulation
1964-09-07,0.95678264,simulation
1964-09-08,18.881227,simulation
1964-09-09,42.435883,simulation
1964-09-10,4.2412386,simulation
1964-09-11,8.283256,simulation
1964-09-12,11.932127,simulation
1964-09-13,36.937885,simulation
1964-09-14,26.609007,simulation
1964-09-15,11.738156,simulation
1964-09-16,4.7539406,simulation
1964-09-17,0.78942055,simulation
1964-09-18,0.94550467,simulation
1964-09-19,1.8645021,simulation
1964-09-20,4.359987,simulation
1964-09-21,22.181192,simulation
1964-09-22,24.195297,simulation
1964-09-23,19.22342,simulation
1964-09-24,24.889112,simulation
1964-09-25,7.0373454,simulation
1964-09-26,14.373451,simulation
1964-09-27,3.35227,simulation
1964-09-28,0.51928926,simulation
1964-09-29,0.43333265,simulation
1964-09-30,0.5145855,simulation
1964-10-01,1.0379806,simulation
1964-10-02,0.6289737,simulation
1964-10-03,0.67433697,simulation
1964-10-04,0.69406265,simulation
1964-10-05,26.891079,simulation
1964-10-06,13.21854,simulation
1964-10-07,8.742289,simulation
1964-10-08,9.891346,simulation
1964-10-09,7.723288,simulation
1964-10-10,10.3889065,simulation
1964-10-11,8.516669,simulation
1964-10-12,5.1262918,simulation
1964-10-13,1.49346,simulation
1964-10-14,0.5348065,simulation
1964-10-15,0.6701168,simulation
1964-10-16,7.451222,simulation
1964-10-17,9.654115,simulation
1964-10-18,5.2690783,simulation
1964-10-19,4.281845,simulation
1964-10-20,6.5286784,simulation
1964-10-21,8.3989105,simulation
1964-10-22,8.036253,simulation
1964-10-23,10.151642,simulation
1964-10-24,6.723299,simulation
1964-10-25,6.245602,simulation
1964-10-26,3.4566119,simulation
1964-10-27,1.3584297,simulation
1964-10-28,0.61236155,simulation
1964-10-29,2.5933216,simulation
1964-10-30,5.6926694,simulation
1964-10-31,3.254291,simulation
1964-11-01,2.697545,simulation
1964-11-02,3.9552684,simulation
1964-11-03,3.92572,simulation
1964-11-04,1.0585891,simulation
1964-11-05,1.3602673,simulation
1964-11-06,2.2876244,simulation
1964-11-07,0.75944984,simulation
1964-11-08,2.1172729,simulation
1964-11-09,2.3348813,simulation
1964-11-10,3.313144,simulation
1964-11-11,1.9766933,simulation
1964-11-12,1.4229248,simulation
1964-11-13,3.0894902,simulation
1964-11-14,0.812948,simulation
1964-11-15,2.7780514,simulation
1964-11-16,1.6955794,simulation
1964-11-17,1.4263562,simulation
1964-11-18,0.9893744,simulation
1964-11-19,0.6663336,simulation
1964-11-20,0.48556134,simulation
1964-11-21,2.3727717,simulation
1964-11-22,0.9030613,simulation
1964-11-23,0.65874636,simulation
1964-11-24,0.38761607,simulation
1964-11-25,0.9499101,simulation
1964-11-26,1.7501751,simulation
1964-11-27,0.9425833,simulation
1964-11-28,1.0013347,simulation
1964-11-29,2.3052187,simulation
1964-11-30,2.3458974,simulation
1964-12-01,1.92699,simulation
1964-12-02,1.5219947,simulation
1964-12-03,1.1251621,simulation
1964-12-04,0.6280541,simulation
1964-12-05,0.6683214,simulation
1964-12-06,0.8729357,simulation
1964-12-07,0.7031515,simulation
1964-12-08,1.1080723,simulation
1964-12-09,0.89312357,simulation
1964-12-10,0.92530185,simulation
1964-12-11,0.42096296,simulation
1964-12-12,0.6243671,simulation
1964-12-13,0.49538696,simulation
1964-12-14,1.6111418,simulation
1964-12-15,1.4854709,simulation
1964-12-16,1.9160202,simulation
1964-12-17,0.6495202,simulation
1964-12-18,1.2577058,simulation
1964-12-19,0.67227757,simulation
1964-12-20,0.36035174,simulation
1964-12-21,0.35704944,simulation
1964-12-22,0.48544848,simulation
1964-12-23,0.9027609,simulation
1964-12-24,1.7543501,simulation
1964-12-25,1.0245425,simulation
1964-12-26,0.5724918,simulation
1964-12-27,0.4334664,simulation
1964-12-28,0.9148022,simulation
1964-12-29,0.58784014,simulation
1964-12-30,0.66064847,simulation
1964-12-31,0.6996988,simulation
1965-01-01,1.1483169,simulation
1965-01-02,0.6807894,simulation
1965-01-03,0.63617474,simulation
1965-01-04,1.5640798,simulation
1965-01-05,1.233543,simulation
1965-01-06,0.79197544,simulation
1965-01-07,1.1763988,simulation
1965-01-08,0.99623847,simulation
1965-01-09,0.8283245,simulation
1965-01-10,0.47129446,simulation
1965-01-11,1.2358748,simulation
1965-01-12,1.0442933,simulation
1965-01-13,0.48519132,simulation
1965-01-14,1.3534179,simulation
1965-01-15,0.47239718,simulation
1965-01-16,1.1760819,simulation
1965-01-17,1.2539732,simulation
1965-01-18,1.4446939,simulation
1965-01-19,1.3592209,simulation
1965-01-20,0.604635,simulation
1965-01-21,1.1745145,simulation
1965-01-22,0.8285435,simulation
1965-01-23,0.50842,simulation
1965-01-24,1.2989384,simulation
1965-01-25,4.009256,simulation
1965-01-26,4.5517073,simulation
1965-01-27,1.9166503,simulation
1965-01-28,3.0312412,simulation
1965-01-29,2.5378644,simulation
1965-01-30,0.8746404,simulation
1965-01-31,1.0844576,simulation
1965-02-01,0.53864294,simulation
1965-02-02,1.7041938,simulation
1965-02-03,0.8264267,simulation
1965-02-04,1.0947047,simulation
1965-02-05,1.1386862,simulation
1965-02-06,0.5371728,simulation
1965-02-07,0.3935156,simulation
1965-02-08,0.49854958,simulation
1965-02-09,1.4111266,simulation
1965-02-10,0.5538062,simulation
1965-02-11,1.3122833,simulation
1965-02-12,0.81933963,simulation
1965-02-13,1.1104451,simulation
1965-02-14,1.9602733,simulation
1965-02-15,1.2968365,simulation
1965-02-16,0.5435552,simulation
1965-02-17,0.44404677,simulation
1965-02-18,3.8538213,simulation
1965-02-19,3.9846778,simulation
1965-02-20,2.2476153,simulation
1965-02-21,2.6128113,simulation
1965-02-22,1.6802547,simulation
1965-02-23,2.9924078,simulation
1965-02-24,0.5406971,simulation
1965-02-25,2.9459043,simulation
1965-02-26,4.115578,simulation
1965-02-27,2.856775,simulation
1965-02-28,0.91729456,simulation
1965-03-01,0.7397696,simulation
1965-03-02,0.5999268,simulation
1965-03-03,0.45208135,simulation
1965-03-04,1.301142,simulation
1965-03-05,1.5903836,simulation
1965-03-06,0.88060254,simulation
1965-03-07,0.68797374,simulation
1965-03-08,3.4942331,simulation
1965-03-09,1.3476778,simulation
1965-03-10,1.0392882,simulation
1965-03-11,0.70480853,simulation
1965-03-12,0.3828669,simulation
1965-03-13,0.7590514,simulation
1965-03-14,4.9882774,simulation
1965-03-15,3.4950314,simulation
1965-03-16,6.0644073,simulation
1965-03-17,1.5227951,simulation
1965-03-18,3.7602963,simulation
1965-03-19,2.0433052,simulation
1965-03-20,5.679504,simulation
1965-03-21,3.147782,simulation
1965-03-22,12.203354,simulation
1965-03-23,0.7141283,simulation
1965-03-24,3.7823498,simulation
1965-03-25,0.8768824,simulation
1965-03-26,0.4682217,simulation
1965-03-27,0.49450877,simulation
1965-03-28,2.0067964,simulation
1965-03-29,0.720214,simulation
1965-03-30,0.452618,simulation
1965-03-31,2.57942,simulation
1965-04-01,9.333203,simulation
1965-04-02,2.131765,simulation
1965-04-03,0.86345655,simulation
1965-04-04,3.042875,simulation
1965-04-05,2.3453183,simulation
1965-04-06,1.8295474,simulation
1965-04-07,2.027964,simulation
1965-04-08,2.3798904,simulation
1965-04-09,2.1096997,simulation
1965-04-10,1.5726225,simulation
1965-04-11,2.6844237,simulation
1965-04-12,2.1986403,simulation
1965-04-13,12.842388,simulation
1965-04-14,3.5826056,simulation
1965-04-15,1.130495,simulation
1965-04-16,34.7285,simulation
1965-04-17,32.92561,simulation
1965-04-18,14.004379,simulation
1965-04-19,3.5428195,simulation
1965-04-20,2.3929842,simulation
1965-04-21,34.571697,simulation
1965-04-22,23.158745,simulation
1965-04-23,17.698982,simulation
1965-04-24,29.179193,simulation
1965-04-25,2.585666,simulation
1965-04-26,1.5209085,simulation
1965-04-27,0.61172104,simulation
1965-04-28,6.6560397,simulation
1965-04-29,26.605679,simulation
1965-04-30,29.308664,simulation
1965-05-01,37.499924,simulation
1965-05-02,41.876415,simulation
1965-05-03,30.756584,simulation
1965-05-04,27.958002,simulation
1965-05-05,10.978116,simulation
1965-05-06,7.454587,simulation
1965-05-07,24.606094,simulation
1965-05-08,13.827396,simulation
1965-05-09,6.71723,simulation
1965-05-10,7.97968,simulation
1965-05-11,4.4333963,simulation
1965-05-12,28.723764,simulation
1965-05-13,5.990099,simulation
1965-05-14,4.317039,simulation
1965-05-15,18.0015,simulation
1965-05-16,4.1245556,simulation
1965-05-17,4.840966,simulation
1965-05-18,5.3303614,simulation
1965-05-19,2.905916,simulation
1965-05-20,1.3904992,simulation
1965-05-21,1.4955167,simulation
1965-05-22,0.719412,simulation
1965-05-23,1.8521895,simulation
1965-05-24,7.8050327,simulation
1965-05-25,37.04167,simulation
1965-05-26,12.00122,simulation
1965-05-27,1.6267877,simulation
1965-05-28,0.99889344,simulation
1965-05-29,20.321463,simulation
1965-05-30,52.39311,simulation
1965-05-31,24.722757,simulation
1965-06-01,58.442368,simulation
1965-06-02,17.956373,simulation
1965-06-03,35.184364,simulation
1965-06-04,21.94436,simulation
1965-06-05,19.264772,simulation
1965-06-06,1.7075068,simulation
1965-06-07,0.988977,simulation
1965-06-08,11.228681,simulation
1965-06-09,21.410944,simulation
1965-06-10,0.7341252,simulation
1965-06-11,1.5753288,simulation
1965-06-12,4.566994,simulation
1965-06-13,20.567457,simulation
1965-06-14,2.402751,simulation
1965-06-15,2.0587718,simulation
1965-06-16,10.038977,simulation
1965-06-17,3.905874,simulation
1965-06-18,9.82234,simulation
1965-06-19,60.005814,simulation
1965-06-20,49.084053,simulation
1965-06-21,45.160355,simulation
1965-06-22,62.353706,simulation
1965-06-23,13.433323,simulation
1965-06-24,3.1637638,simulation
1965-06-25,26.786783,simulation
1965-06-26,36.026875,simulation
1965-06-27,1.7589344,simulation
1965-06-28,7.81659,simulation
1965-06-29,21.45838,simulation
1965-06-30,24.856558,simulation
1965-07-01,5.6460323,simulation
1965-07-02,36.72809,simulation
1965-07-03,32.210487,simulation
1965-07-04,16.902174,simulation
1965-07-05,6.6471677,simulation
1965-07-06,10.1228485,simulation
1965-07-07,3.4334142,simulation
1965-07-08,5.9319425,simulation
1965-07-09,9.881758,simulation
1965-07-10,2.4414244,simulation
1965-07-11,19.191412,simulation
1965-07-12,33.378212,simulation
1965-07-13,13.114991,simulation
1965-07-14,5.516653,simulation
1965-07-15,7.7214227,simulation
1965-07-16,3.2226875,simulation
1965-07-17,9.497878,simulation
1965-07-18,37.52184,simulation
1965-07-19,29.803583,simulation
1965-07-20,16.37937,simulation
1965-07-21,24.197495,simulation
1965-07-22,9.158083,simulation
1965-07-23,2.3969445,simulation
1965-07-24,1.5129764,simulation
1965-07-25,6.0038347,simulation
1965-07-26,14.451104,simulation
1965-07-27,2.9581013,simulation
1965-07-28,5.189762,simulation
1965-07-29,1.0909934,simulation
1965-07-30,17.7898,simulation
1965-07-31,21.491219,simulation
1965-08-01,3.5192294,simulation
1965-08-02,23.657732,simulation
1965-08-03,6.676856,simulation
1965-08-04,1.9669397,simulation
1965-08-05,7.018825,simulation
1965-08-06,1.8973039,simulation
1965-08-07,4.3294435,simulation
1965-08-08,2.0255263,simulation
1965-08-09,8.852797,simulation
1965-08-10,4.216387,simulation
1965-08-11,8.142321,simulation
1965-08-12,1.8929759,simulation
1965-08-13,1.4982492,simulation
1965-08-14,10.09923,simulation
1965-08-15,32.866337,simulation
1965-08-16,30.700327,simulation
1965-08-17,3.072351,simulation
1965-08-18,8.934914,simulation
1965-08-19,4.1456428,simulation
1965-08-20,7.620564,simulation
1965-08-21,2.3468416,simulation
1965-08-22,2.0351684,simulation
1965-08-23,6.163311,simulation
1965-08-24,4.118705,simulation
1965-08-25,8.647415,simulation
1965-08-26,17.682549,simulation
1965-08-27,22.872887,simulation
1965-08-28,5.141841,simulation
1965-08-29,19.005241,simulation
1965-08-30,19.964695,simulation
1965-08-31,15.105801,simulation
1965-09-01,13.556008,simulation
1965-09-02,4.452429,simulation
1965-09-03,2.631279,simulation
1965-09-04,1.7124102,simulation
1965-09-05,2.946781,simulation
1965-09-06,19.38891,simulation
1965-09-07,39.66717,simulation
1965-09-08,36.97251,simulation
1965-09-09,15.375778,simulation
1965-09-10,1.0169327,simulation
1965-09-11,1.3157283,simulation
1965-09-12,2.8991365,simulation
1965-09-13,15.63883,simulation
1965-09-14,26.405777,simulation
1965-09-15,21.515924,simulation
1965-09-16,13.787746,simulation
1965-09-17,7.6564183,simulation
1965-09-18,7.715571,simulation
1965-09-19,5.409639,simulation
1965-09-20,2.3116038,simulation
1965-09-21,4.4578185,simulation
1965-09-22,2.4411178,simulation
1965-09-23,0.5652303,simulation
1965-09-24,1.3752508,simulation
1965-09-25,8.113799,simulation
1965-09-26,1.3500185,simulation
1965-09-27,1.7919577,simulation
1965-09-28,2.9439871,simulation
1965-09-29,0.5053866,simulation
1965-09-30,0.8082423,simulation
1965-10-01,0.78374445,simulation
1965-10-02,2.9927506,simulation
1965-10-03,2.1740222,simulation
1965-10-04,1.0274718,simulation
1965-10-05,0.95829445,simulation
1965-10-06,0.5297858,simulation
1965-10-07,1.6885419,simulation
1965-10-08,14.686622,simulation
1965-10-09,10.690011,simulation
1965-10-10,14.677537,simulation
1965-10-11,1.7272692,simulation
1965-10-12,0.7644346,simulation
1965-10-13,7.439463,simulation
1965-10-14,10.754641,simulation
1965-10-15,1.9711657,simulation
1965-10-16,7.1338243,simulation
1965-10-17,9.174124,simulation
1965-10-18,9.293341,simulation
1965-10-19,0.6941701,simulation
1965-10-20,0.99491173,simulation
1965-10-21,7.346159,simulation
1965-10-22,0.68410254,simulation
1965-10-23,7.567508,simulation
1965-10-24,7.4025373,simulation
1965-10-25,3.4518566,simulation
1965-10-26,3.6632574,simulation
1965-10-27,4.554515,simulation
1965-10-28,4.5469565,simulation
1965-10-29,4.343033,simulation
1965-10-30,3.2803085,simulation
1965-10-31,3.712405,simulation
1965-11-01,5.8518205,simulation
1965-11-02,1.5390978,simulation
1965-11-03,0.7153634,simulation
1965-11-04,0.62349266,simulation
1965-11-05,0.52853876,simulation
1965-11-06,0.52777845,simulation
1965-11-07,1.5967402,simulation
1965-11-08,1.5360017,simulation
1965-11-09,0.42852354,simulation
1965-11-10,0.47255924,simulation
1965-11-11,0.9454908,simulation
1965-11-12,0.38392848,simulation
1965-11-13,0.68220717,simulation
1965-11-14,1.8776733,simulation
1965-11-15,0.92944163,simulation
1965-11-16,0.74170667,simulation
1965-11-17,2.898929,simulation
1965-11-18,1.0841821,simulation
1965-11-19,0.60939664,simulation
1965-11-20,0.70216775,simulation
1965-11-21,0.9131037,simulation
1965-11-22,2.2601712,simulation
1965-11-23,0.4757423,simulation
1965-11-24,1.1410395,simulation
1965-11-25,1.0330045,simulation
1965-11-26,2.8816755,simulation
1965-11-27,2.736696,simulation
1965-11-28,0.46508333,simulation
1965-11-29,1.1666392,simulation
1965-11-30,1.2259333,simulation
1965-12-01,0.89395595,simulation
1965-12-02,0.9163389,simulation
1965-12-03,0.35477537,simulation
1965-12-04,1.777582,simulation
1965-12-05,0.8808155,simulation
1965-12-06,2.4340143,simulation
1965-12-07,1.5837632,simulation
1965-12-08,1.0543345,simulation
1965-12-09,0.513468,simulation
1965-12-10,0.9265975,simulation
1965-12-11,0.6817042,simulation
1965-12-12,0.54270357,simulation
1965-12-13,1.0586264,simulation
1965-12-14,0.3398404,simulation
1965-12-15,0.3087714,simulation
1965-12-16,0.30707684,simulation
1965-12-17,0.34988022,simulation
1965-12-18,0.31585506,simulation
1965-12-19,0.6160986,simulation
1965-12-20,1.1435277,simulation
1965-12-21,1.1806813,simulation
1965-12-22,0.90281475,simulation
1965-12-23,1.2590839,simulation
1965-12-24,0.5966069,simulation
1965-12-25,0.8928195,simulation
1965-12-26,1.1228724,simulation
1965-12-27,0.8439184,simulation
1965-12-28,0.56331944,simulation
1965-12-29,1.2659882,simulation
1965-12-30,0.8662254,simulation
1965-12-31,0.88182205,simulation
1966-01-01,0.6199043,simulation
1966-01-02,0.47842398,simulation
1966-01-03,0.55784273,simulation
1966-01-04,0.48565227,simulation
1966-01-05,0.35522893,simulation
1966-01-06,1.3849468,simulation
1966-01-07,0.9481321,simulation
1966-01-08,1.7391721,simulation
1966-01-09,1.4683732,simulation
1966-01-10,0.65888333,simulation
1966-01-11,1.529028,simulation
1966-01-12,0.9760341,simulation
1966-01-13,0.39654264,simulation
1966-01-14,0.35051703,simulation
1966-01-15,0.38336545,simulation
1966-01-16,1.0938916,simulation
1966-01-17,1.0674577,simulation
1966-01-18,0.6834851,simulation
1966-01-19,0.7981408,simulation
1966-01-20,0.47018912,simulation
1966-01-21,0.57475156,simulation
1966-01-22,0.4176832,simulation
1966-01-23,0.8119212,simulation
1966-01-24,0.54198486,simulation
1966-01-25,0.3872688,simulation
1966-01-26,0.551226,simulation
1966-01-27,1.0834134,simulation
1966-01-28,0.9046202,simulation
1966-01-29,0.620243,simulation
1966-01-30,0.9820644,simulation
1966-01-31,0.78769034,simulation
1966-02-01,2.666239,simulation
1966-02-02,0.6498892,simulation
1966-02-03,1.1575366,simulation
1966-02-04,1.5171254,simulation
1966-02-05,1.4481866,simulation
1966-02-06,1.2126192,simulation
1966-02-07,1.7458278,simulation
1966-02-08,1.644499,simulation
1966-02-09,1.2502912,simulation
1966-02-10,0.4414646,simulation
1966-02-11,0.58511716,simulation
1966-02-12,0.42906153,simulation
1966-02-13,1.6522205,simulation
1966-02-14,1.1416688,simulation
1966-02-15,0.4200554,simulation
1966-02-16,0.42666855,simulation
1966-02-17,2.7018716,simulation
1966-02-18,0.7204098,simulation
1966-02-19,3.0247493,simulation
1966-02-20,3.3855097,simulation
1966-02-21,4.6161575,simulation
1966-02-22,1.4202156,simulation
1966-02-23,0.878721,simulation
1966-02-24,0.40486458,simulation
1966-02-25,2.2077966,simulation
1966-02-26,0.8361487,simulation
1966-02-27,0.41266328,simulation
1966-02-28,0.5857967,simulation
1966-03-01,3.9854178,simulation
1966-03-02,1.2639279,simulation
1966-03-03,0.53487045,simulation
1966-03-04,3.822347,simulation
1966-03-05,7.5150332,simulation
1966-03-06,5.3660035,simulation
1966-03-07,2.773998,simulation
1966-03-08,1.3311715,simulation
1966-03-09,5.6694207,simulation
1966-03-10,9.648606,simulation
1966-03-11,7.9009457,simulation
1966-03-12,1.0879706,simulation
1966-03-13,0.5050046,simulation
1966-03-14,0.62082475,simulation
1966-03-15,0.8061081,simulation
1966-03-16,2.5695355,simulation
1966-03-17,1.6266168,simulation
1966-03-18,1.4648653,simulation
1966-03-19,11.169442,simulation
1966-03-20,3.9012673,simulation
1966-03-21,4.273254,simulation
1966-03-22,3.8369634,simulation
1966-03-23,0.79069805,simulation
1966-03-24,6.997864,simulation
1966-03-25,1.1381456,simulation
1966-03-26,2.6791625,simulation
1966-03-27,8.424466,simulation
1966-03-28,1.5448469,simulation
1966-03-29,0.5848231,simulation
1966-03-30,12.674597,simulation
1966-03-31,36.828716,simulation
1966-04-01,40.41205,simulation
1966-04-02,23.622911,simulation
1966-04-03,1.5046607,simulation
1966-04-04,10.737434,simulation
1966-04-05,11.997955,simulation
1966-04-06,8.205301,simulation
1966-04-07,13.449105,simulation
1966-04-08,12.242469,simulation
1966-04-09,34.30813,simulation
1966-04-10,17.91677,simulation
1966-04-11,4.6508794,simulation
1966-04-12,3.0170085,simulation
1966-04-13,5.14164,simulation
1966-04-14,0.55681515,simulation
1966-04-15,8.342265,simulation
1966-04-16,16.434881,simulation
1966-04-17,27.648464,simulation
1966-04-18,0.7343892,simulation
1966-04-19,1.0447783,simulation
1966-04-20,4.625546,simulation
1966-04-21,0.53989446,simulation
1966-04-22,1.0207489,simulation
1966-04-23,2.6280997,simulation
1966-04-24,1.1215869,simulation
1966-04-25,1.1440488,simulation
1966-04-26,1.5344244,simulation
1966-04-27,6.9244843,simulation
1966-04-28,2.831162,simulation
1966-04-29,2.19208,simulation
1966-04-30,4.585338,simulation
1966-05-01,1.3737916,simulation
1966-05-02,0.6134211,simulation
1966-05-03,2.2111723,simulation
1966-05-04,2.5643005,simulation
1966-05-05,2.8097496,simulation
1966-05-06,0.8734182,simulation
1966-05-07,3.977223,simulation
1966-05-08,16.14504,simulation
1966-05-09,46.186874,simulation
1966-05-10,46.027046,simulation
1966-05-11,4.684902,simulation
1966-05-12,1.5157917,simulation
1966-05-13,0.85335034,simulation
1966-05-14,1.5913423,simulation
1966-05-15,20.201786,simulation
1966-05-16,6.7911415,simulation
1966-05-17,1.501053,simulation
1966-05-18,1.8645287,simulation
1966-05-19,0.77597946,simulation
1966-05-20,2.1408932,simulation
1966-05-21,1.143989,simulation
1966-05-22,24.435797,simulation
1966-05-23,25.882658,simulation
1966-05-24,2.3141773,simulation
1966-05-25,4.228301,simulation
1966-05-26,2.0396283,simulation
1966-05-27,9.650416,simulation
1966-05-28,11.899741,simulation
1966-05-29,39.77929,simulation
1966-05-30,14.524924,simulation
1966-05-31,78.039,simulation
1966-06-01,67.34482,simulation
1966-06-02,14.826551,simulation
1966-06-03,8.895435,simulation
1966-06-04,26.393728,simulation
1966-06-05,20.274155,simulation
1966-06-06,10.602804,simulation
1966-06-07,1.3758124,simulation
1966-06-08,50.759525,simulation
1966-06-09,3.8113856,simulation
1966-06-10,53.78729,simulation
1966-06-11,23.263405,simulation
1966-06-12,40.17171,simulation
1966-06-13,1.3729329,simulation
1966-06-14,2.088202,simulation
1966-06-15,8.827651,simulation
1966-06-16,2.8769352,simulation
1966-06-17,3.202572,simulation
1966-06-18,5.7811236,simulation
1966-06-19,11.36004,simulation
1966-06-20,35.835403,simulation
1966-06-21,5.444143,simulation
1966-06-22,1.4536798,simulation
1966-06-23,16.640568,simulation
1966-06-24,29.931133,simulation
1966-06-25,59.97972,simulation
1966-06-26,61.13766,simulation
1966-06-27,62.392612,simulation
1966-06-28,2.7306604,simulation
1966-06-29,7.4326,simulation
1966-06-30,15.774693,simulation
1966-07-01,12.225987,simulation
1966-07-02,2.8064723,simulation
1966-07-03,12.335073,simulation
1966-07-04,13.189515,simulation
1966-07-05,13.6197605,simulation
1966-07-06,46.497543,simulation
1966-07-07,50.565845,simulation
1966-07-08,29.534801,simulation
1966-07-09,43.316116,simulation
1966-07-10,34.25168,simulation
1966-07-11,51.770767,simulation
1966-07-12,58.249012,simulation
1966-07-13,37.27336,simulation
1966-07-14,17.648252,simulation
1966-07-15,67.80227,simulation
1966-07-16,9.918551,simulation
1966-07-17,1.8627973,simulation
1966-07-18,15.777933,simulation
1966-07-19,3.9739535,simulation
1966-07-20,2.4765825,simulation
1966-07-21,7.4413342,simulation
1966-07-22,37.143307,simulation
1966-07-23,10.317259,simulation
1966-07-24,27.511307,simulation
1966-07-25,34.82458,simulation
1966-07-26,18.68004,simulation
1966-07-27,19.348349,simulation
1966-07-28,46.643284,simulation
1966-07-29,37.016266,simulation
1966-07-30,1.7858329,simulation
1966-07-31,10.210686,simulation
1966-08-01,22.502665,simulation
1966-08-02,3.6953688,simulation
1966-08-03,0.8399243,simulation
1966-08-04,7.057123,simulation
1966-08-05,5.1045313,simulation
1966-08-06,21.313593,simulation
1966-08-07,23.88149,simulation
1966-08-08,29.078709,simulation
1966-08-09,17.325966,simulation
1966-08-10,2.322831,simulation
1966-08-11,2.400845,simulation
1966-08-12,1.6940726,simulation
1966-08-13,7.5215826,simulation
1966-08-14,9.086771,simulation
1966-08-15,10.21061,simulation
1966-08-16,24.071503,simulation
1966-08-17,4.4043393,simulation
1966-08-18,9.209365,simulation
1966-08-19,5.590442,simulation
1966-08-20,4.8369985,simulation
1966-08-21,2.9716334,simulation
1966-08-22,3.315841,simulation
1966-08-23,43.42089,simulation
1966-08-24,29.830612,simulation
1966-08-25,6.1755524,simulation
1966-08-26,32.232822,simulation
1966-08-27,9.970479,simulation
1966-08-28,0.8439178,simulation
1966-08-29,1.3543798,simulation
1966-08-30,3.858711,simulation
1966-08-31,4.262297,simulation
1966-09-01,8.32646,simulation
1966-09-02,4.0117264,simulation
1966-09-03,15.731703,simulation
1966-09-04,6.662199,simulation
1966-09-05,6.979715,simulation
1966-09-06,17.841644,simulation
1966-09-07,13.749121,simulation
1966-09-08,22.202602,simulation
1966-09-09,7.1077375,simulation
1966-09-10,0.89405674,simulation
1966-09-11,1.2149947,simulation
1966-09-12,0.54669136,simulation
1966-09-13,0.9887579,simulation
1966-09-14,15.286821,simulation
1966-09-15,1.6929731,simulation
1966-09-16,0.64679515,simulation
1966-09-17,0.56657827,simulation
1966-09-18,1.4403855,simulation
1966-09-19,3.2888074,simulation
1966-09-20,2.787434,simulation
1966-09-21,1.8566195,simulation
1966-09-22,11.888501,simulation
1966-09-23,14.009434,simulation
1966-09-24,19.097431,simulation
1966-09-25,12.83354,simulation
1966-09-26,9.347081,simulation
1966-09-27,0.60636723,simulation
1966-09-28,1.0628027,simulation
1966-09-29,10.229566,simulation
1966-09-30,5.046513,simulation
1966-10-01,3.0938787,simulation
1966-10-02,9.605204,simulation
1966-10-03,11.936605,simulation
1966-10-04,13.489541,simulation
1966-10-05,3.6515646,simulation
1966-10-06,13.103378,simulation
1966-10-07,6.423696,simulation
1966-10-08,5.8411355,simulation
1966-10-09,1.224656,simulation
1966-10-10,2.5564876,simulation
1966-10-11,6.1224375,simulation
1966-10-12,2.4707828,simulation
1966-10-13,0.60361546,simulation
1966-10-14,2.6437209,simulation
1966-10-15,0.9725454,simulation
1966-10-16,5.613586,simulation
1966-10-17,1.1507591,simulation
1966-10-18,0.37895823,simulation
1966-10-19,0.68625426,simulation
1966-10-20,3.7877753,simulation
1966-10-21,3.9757235,simulation
1966-10-22,4.3926516,simulation
1966-10-23,0.93973714,simulation
1966-10-24,5.1822534,simulation
1966-10-25,6.766438,simulation
1966-10-26,5.862681,simulation
1966-10-27,3.9407377,simulation
1966-10-28,3.8004618,simulation
1966-10-29,4.216467,simulation
1966-10-30,2.491152,simulation
1966-10-31,1.3209481,simulation
1966-11-01,0.5090161,simulation
1966-11-02,0.58047384,simulation
1966-11-03,1.6100491,simulation
1966-11-04,2.6676629,simulation
1966-11-05,0.87611413,simulation
1966-11-06,2.6588943,simulation
1966-11-07,0.9427126,simulation
1966-11-08,0.8868331,simulation
1966-11-09,2.009452,simulation
1966-11-10,1.2570537,simulation
1966-11-11,0.3875463,simulation
1966-11-12,0.43952966,simulation
1966-11-13,3.333303,simulation
1966-11-14,1.3414273,simulation
1966-11-15,1.8428298,simulation
1966-11-16,2.168295,simulation
1966-11-17,2.295559,simulation
1966-11-18,2.033117,simulation
1966-11-19,0.90011835,simulation
1966-11-20,1.0324714,simulation
1966-11-21,2.2550578,simulation
1966-11-22,0.678263,simulation
1966-11-23,1.9869329,simulation
1966-11-24,2.0015604,simulation
1966-11-25,1.902056,simulation
1966-11-26,0.7600232,simulation
1966-11-27,1.1267028,simulation
1966-11-28,6.7962146,simulation
1966-11-29,2.9379256,simulation
1966-11-30,1.0401877,simulation
1966-12-01,1.9417259,simulation
1966-12-02,0.70397747,simulation
1966-12-03,0.40497622,simulation
1966-12-04,0.497037,simulation
1966-12-05,0.74047357,simulation
1966-12-06,0.5994796,simulation
1966-12-07,1.1810964,simulation
1966-12-08,1.0898148,simulation
1966-12-09,0.37656334,simulation
1966-12-10,0.454546,simulation
1966-12-11,0.58086467,simulation
1966-12-12,0.5515449,simulation
1966-12-13,0.4743402,simulation
1966-12-14,0.8820826,simulation
1966-12-15,0.9607048,simulation
1966-12-16,1.1976073,simulation
1966-12-17,0.5288639,simulation
1966-12-18,0.6822669,simulation
1966-12-19,0.61927766,simulation
1966-12-20,1.048559,simulation
1966-12-21,0.49559537,simulation
1966-12-22,0.52521753,simulation
1966-12-23,0.3865597,simulation
1966-12-24,1.0701542,simulation
1966-12-25,0.56208366,simulation
1966-12-26,0.45113695,simulation
1966-12-27,0.6100575,simulation
1966-12-28,0.44169432,simulation
1966-12-29,1.0887905,simulation
1966-12-30,0.43133804,simulation
1966-12-31,0.3734484,simulation
1967-01-01,0.38240921,simulation
1967-01-02,0.47084993,simulation
1967-01-03,0.7105276,simulation
1967-01-04,1.3347579,simulation
1967-01-05,1.6962743,simulation
1967-01-06,1.3321679,simulation
1967-01-07,0.772711,simulation
1967-01-08,1.0763272,simulation
1967-01-09,0.75323224,simulation
1967-01-10,0.905004,simulation
1967-01-11,0.91321003,simulation
1967-01-12,0.73893344,simulation
1967-01-13,0.4820871,simulation
1967-01-14,0.391751,simulation
1967-01-15,1.2847161,simulation
1967-01-16,1.3533471,simulation
1967-01-17,0.8982223,simulation
1967-01-18,0.5434879,simulation
1967-01-19,0.4024404,simulation
1967-01-20,0.58183694,simulation
1967-01-21,1.4022932,simulation
1967-01-22,0.5743439,simulation
1967-01-23,0.5666048,simulation
1967-01-24,1.2436315,simulation
1967-01-25,0.9389915,simulation
1967-01-26,0.5672529,simulation
1967-01-27,1.3382617,simulation
1967-01-28,1.382474,simulation
1967-01-29,1.2974993,simulation
1967-01-30,1.0764631,simulation
1967-01-31,0.8464645,simulation
1967-02-01,0.9696473,simulation
1967-02-02,0.6316998,simulation
1967-02-03,0.5275065,simulation
1967-02-04,0.68720436,simulation
1967-02-05,2.10646,simulation
1967-02-06,0.4151705,simulation
1967-02-07,0.755442,simulation
1967-02-08,1.5320243,simulation
1967-02-09,1.6298174,simulation
1967-02-10,1.2732689,simulation
1967-02-11,0.72977567,simulation
1967-02-12,0.95787597,simulation
1967-02-13,2.4743087,simulation
1967-02-14,2.7208307,simulation
1967-02-15,1.6200597,simulation
1967-02-16,1.1901269,simulation
1967-02-17,0.43024385,simulation
1967-02-18,0.45258597,simulation
1967-02-19,0.54381055,simulation
1967-02-20,0.50130546,simulation
1967-02-21,4.122866,simulation
1967-02-22,0.7980219,simulation
1967-02-23,3.6376238,simulation
1967-02-24,4.4210696,simulation
1967-02-25,2.544331,simulation
1967-02-26,1.7616719,simulation
1967-02-27,0.9046869,simulation
1967-02-28,4.8752236,simulation
1967-03-01,4.3380175,simulation
1967-03-02,8.607183,simulation
1967-03-03,3.3126209,simulation
1967-03-04,2.1773255,simulation
1967-03-05,2.1136026,simulation
1967-03-06,0.8338807,simulation
1967-03-07,3.0415165,simulation
1967-03-08,1.7089751,simulation
1967-03-09,1.5396519,simulation
1967-03-10,0.80882055,simulation
1967-03-11,7.6794353,simulation
1967-03-12,13.673517,simulation
1967-03-13,9.077561,simulation
1967-03-14,4.8051257,simulation
1967-03-15,2.248119,simulation
1967-03-16,7.4364963,simulation
1967-03-17,3.2025762,simulation
1967-03-18,4.8455086,simulation
1967-03-19,12.5715,simulation
1967-03-20,0.8970652,simulation
1967-03-21,5.964246,simulation
1967-03-22,13.501565,simulation
1967-03-23,13.917588,simulation
1967-03-24,2.18684,simulation
1967-03-25,2.0070055,simulation
1967-03-26,0.7041693,simulation
1967-03-27,1.3971578,simulation
1967-03-28,4.8602967,simulation
1967-03-29,10.941554,simulation
1967-03-30,7.2230296,simulation
1967-03-31,13.1005945,simulation
1967-04-01,26.238434,simulation
1967-04-02,16.584328,simulation
1967-04-03,12.653171,simulation
1967-04-04,17.135239,simulation
1967-04-05,15.987979,simulation
1967-04-06,21.999735,simulation
1967-04-07,3.8499122,simulation
1967-04-08,10.192333,simulation
1967-04-09,8.551215,simulation
1967-04-10,6.0814657,simulation
1967-04-11,0.7649655,simulation
1967-04-12,4.959235,simulation
1967-04-13,7.0547833,simulation
1967-04-14,0.5860836,simulation
1967-04-15,10.041074,simulation
1967-04-16,2.8422234,simulation
1967-04-17,3.6713421,simulation
1967-04-18,2.4325151,simulation
1967-04-19,19.004934,simulation
1967-04-20,5.935737,simulation
1967-04-21,1.178596,simulation
1967-04-22,5.868181,simulation
1967-04-23,3.004796,simulation
1967-04-24,20.69983,simulation
1967-04-25,1.2246791,simulation
1967-04-26,1.5357207,simulation
1967-04-27,12.48774,simulation
1967-04-28,3.3340642,simulation
1967-04-29,5.141973,simulation
1967-04-30,2.241111,simulation
1967-05-01,1.4290409,simulation
1967-05-02,38.50189,simulation
1967-05-03,13.776752,simulation
1967-05-04,0.89401984,simulation
1967-05-05,0.93909746,simulation
1967-05-06,2.364512,simulation
1967-05-07,8.63476,simulation
1967-05-08,32.257847,simulation
1967-05-09,14.245195,simulation
1967-05-10,4.058868,simulation
1967-05-11,74.0137,simulation
1967-05-12,18.584888,simulation
1967-05-13,10.4235325,simulation
1967-05-14,45.477364,simulation
1967-05-15,2.0068145,simulation
1967-05-16,27.711367,simulation
1967-05-17,52.559994,simulation
1967-05-18,51.269226,simulation
1967-05-19,50.46311,simulation
1967-05-20,1.1894451,simulation
1967-05-21,0.69550204,simulation
1967-05-22,0.67451966,simulation
1967-05-23,37.386295,simulation
1967-05-24,52.319923,simulation
1967-05-25,55.51059,simulation
1967-05-26,67.78454,simulation
1967-05-27,47.00666,simulation
1967-05-28,18.469006,simulation
1967-05-29,11.577215,simulation
1967-05-30,2.8263566,simulation
1967-05-31,1.8916854,simulation
1967-06-01,0.6147898,simulation
1967-06-02,1.2050418,simulation
1967-06-03,1.4854119,simulation
1967-06-04,9.72189,simulation
1967-06-05,9.393362,simulation
1967-06-06,8.665374,simulation
1967-06-07,19.98069,simulation
1967-06-08,12.072565,simulation
1967-06-09,49.20605,simulation
1967-06-10,19.763065,simulation
1967-06-11,15.550313,simulation
1967-06-12,24.23604,simulation
1967-06-13,30.473421,simulation
1967-06-14,33.95592,simulation
1967-06-15,53.076874,simulation
1967-06-16,34.870743,simulation
1967-06-17,44.79012,simulation
1967-06-18,56.730247,simulation
1967-06-19,41.99565,simulation
1967-06-20,15.132273,simulation
1967-06-21,34.941513,simulation
1967-06-22,8.027586,simulation
1967-06-23,9.601232,simulation
1967-06-24,27.852575,simulation
1967-06-25,29.213623,simulation
1967-06-26,9.883206,simulation
1967-06-27,3.6020322,simulation
1967-06-28,11.019121,simulation
1967-06-29,32.144077,simulation
1967-06-30,13.644643,simulation
1967-07-01,18.058878,simulation
1967-07-02,2.8179111,simulation
1967-07-03,24.930475,simulation
1967-07-04,5.91758,simulation
1967-07-05,2.9926927,simulation
1967-07-06,0.86052054,simulation
1967-07-07,3.296392,simulation
1967-07-08,13.758875,simulation
1967-07-09,1.0290637,simulation
1967-07-10,3.1719327,simulation
1967-07-11,2.2465544,simulation
1967-07-12,8.945615,simulation
1967-07-13,1.4922341,simulation
1967-07-14,28.075361,simulation
1967-07-15,42.51644,simulation
1967-07-16,9.817975,simulation
1967-07-17,5.9831247,simulation
1967-07-18,10.303116,simulation
1967-07-19,0.77152956,simulation
1967-07-20,0.81561947,simulation
1967-07-21,1.8781043,simulation
1967-07-22,3.4352858,simulation
1967-07-23,11.070487,simulation
1967-07-24,6.9546647,simulation
1967-07-25,8.456813,simulation
1967-07-26,4.108889,simulation
1967-07-27,48.8752,simulation
1967-07-28,3.7288003,simulation
1967-07-29,2.0174773,simulation
1967-07-30,18.038004,simulation
1967-07-31,19.52193,simulation
1967-08-01,16.608837,simulation
1967-08-02,1.3192446,simulation
1967-08-03,4.8172793,simulation
1967-08-04,1.6135548,simulation
1967-08-05,6.350739,simulation
1967-08-06,29.20718,simulation
1967-08-07,29.593737,simulation
1967-08-08,1.2208931,simulation
1967-08-09,1.1049266,simulation
1967-08-10,0.9266219,simulation
1967-08-11,16.591503,simulation
1967-08-12,14.9697485,simulation
1967-08-13,32.037727,simulation
1967-08-14,29.48009,simulation
1967-08-15,5.592998,simulation
1967-08-16,0.8587951,simulation
1967-08-17,3.8018565,simulation
1967-08-18,8.817798,simulation
1967-08-19,1.0476984,simulation
1967-08-20,0.869621,simulation
1967-08-21,4.0929613,simulation
1967-08-22,2.88111,simulation
1967-08-23,0.9096443,simulation
1967-08-24,1.2855583,simulation
1967-08-25,0.75584203,simulation
1967-08-26,0.66760373,simulation
1967-08-27,0.6710359,simulation
1967-08-28,0.9578817,simulation
1967-08-29,48.08612,simulation
1967-08-30,42.536755,simulation
1967-08-31,2.4441855,simulation
1967-09-01,1.2665259,simulation
1967-09-02,1.5377747,simulation
1967-09-03,0.62970704,simulation
1967-09-04,0.58569866,simulation
1967-09-05,0.7102067,simulation
1967-09-06,0.5075318,simulation
1967-09-07,0.527911,simulation
1967-09-08,2.0795784,simulation
1967-09-09,1.9497812,simulation
1967-09-10,6.2431183,simulation
1967-09-11,1.459156,simulation
1967-09-12,1.1190228,simulation
1967-09-13,1.1041303,simulation
1967-09-14,17.390976,simulation
1967-09-15,15.865651,simulation
1967-09-16,15.571573,simulation
1967-09-17,21.29969,simulation
1967-09-18,19.200037,simulation
1967-09-19,0.83798504,simulation
1967-09-20,1.0921838,simulation
1967-09-21,0.6999671,simulation
1967-09-22,17.053522,simulation
1967-09-23,18.346231,simulation
1967-09-24,16.426584,simulation
1967-09-25,13.410069,simulation
1967-09-26,16.5535,simulation
1967-09-27,0.5410819,simulation
1967-09-28,1.014053,simulation
1967-09-29,7.7197456,simulation
1967-09-30,9.415071,simulation
1967-10-01,12.806357,simulation
1967-10-02,13.223977,simulation
1967-10-03,2.2644432,simulation
1967-10-04,14.118448,simulation
1967-10-05,14.3743925,simulation
1967-10-06,10.128166,simulation
1967-10-07,9.718783,simulation
1967-10-08,0.88478905,simulation
1967-10-09,4.6945643,simulation
1967-10-10,10.233423,simulation
1967-10-11,2.3306694,simulation
1967-10-12,3.7077096,simulation
1967-10-13,12.035517,simulation
1967-10-14,12.414457,simulation
1967-10-15,3.3840272,simulation
1967-10-16,0.60829514,simulation
1967-10-17,0.7568023,simulation
1967-10-18,9.009208,simulation
1967-10-19,4.8273644,simulation
1967-10-20,5.513881,simulation
1967-10-21,7.1615415,simulation
1967-10-22,1.310117,simulation
1967-10-23,5.0048275,simulation
1967-10-24,0.7696568,simulation
1967-10-25,7.894418,simulation
1967-10-26,2.061819,simulation
1967-10-27,2.1484146,simulation
1967-10-28,5.0001287,simulation
1967-10-29,5.471064,simulation
1967-10-30,0.7079892,simulation
1967-10-31,0.5601009,simulation
1967-11-01,0.4262165,simulation
1967-11-02,1.8748546,simulation
1967-11-03,0.9692824,simulation
1967-11-04,1.4602731,simulation
1967-11-05,2.026036,simulation
1967-11-06,1.9170077,simulation
1967-11-07,1.9978396,simulation
1967-11-08,2.4031458,simulation
1967-11-09,2.6893125,simulation
1967-11-10,2.2940786,simulation
1967-11-11,1.568693,simulation
1967-11-12,0.9466542,simulation
1967-11-13,2.3431964,simulation
1967-11-14,3.6735132,simulation
1967-11-15,1.8453916,simulation
1967-11-16,1.4845691,simulation
1967-11-17,0.80333877,simulation
1967-11-18,2.99694,simulation
1967-11-19,1.9271957,simulation
1967-11-20,0.6817528,simulation
1967-11-21,1.0042679,simulation
1967-11-22,0.9221558,simulation
1967-11-23,0.6142133,simulation
1967-11-24,0.7434088,simulation
1967-11-25,2.7551978,simulation
1967-11-26,0.5019256,simulation
1967-11-27,0.687869,simulation
1967-11-28,0.8139638,simulation
1967-11-29,0.7109588,simulation
1967-11-30,1.6458392,simulation
1967-12-01,1.1978346,simulation
1967-12-02,0.5925454,simulation
1967-12-03,1.0100205,simulation
1967-12-04,1.2534391,simulation
1967-12-05,0.58805466,simulation
1967-12-06,0.5692223,simulation
1967-12-07,0.57518846,simulation
1967-12-08,0.43951643,simulation
1967-12-09,0.39364886,simulation
1967-12-10,0.3742826,simulation
1967-12-11,0.6687687,simulation
1967-12-12,1.9404539,simulation
1967-12-13,1.1564192,simulation
1967-12-14,0.48447815,simulation
1967-12-15,0.4162207,simulation
1967-12-16,0.8731013,simulation
1967-12-17,0.62127143,simulation
1967-12-18,0.54451203,simulation
1967-12-19,0.48381284,simulation
1967-12-20,0.90676606,simulation
1967-12-21,1.0082878,simulation
1967-12-22,1.0328865,simulation
1967-12-23,1.5113549,simulation
1967-12-24,1.1701037,simulation
1967-12-25,0.97222114,simulation
1967-12-26,1.472097,simulation
1967-12-27,0.44150165,simulation
1967-12-28,0.47998467,simulation
1967-12-29,0.4816648,simulation
1967-12-30,0.5476882,simulation
1967-12-31,0.40417922,simulation
1968-01-01,0.4048182,simulation
1968-01-02,0.3780294,simulation
1968-01-03,0.40861058,simulation
1968-01-04,0.6866216,simulation
1968-01-05,0.6734808,simulation
1968-01-06,0.47607693,simulation
1968-01-07,0.78370184,simulation
1968-01-08,0.7356355,simulation
1968-01-09,0.41974556,simulation
1968-01-10,0.39758185,simulation
1968-01-11,0.41315776,simulation
1968-01-12,0.38578475,simulation
1968-01-13,0.5145781,simulation
1968-01-14,0.44884855,simulation
1968-01-15,0.8149292,simulation
1968-01-16,0.7001597,simulation
1968-01-17,1.1989317,simulation
1968-01-18,1.8512056,simulation
1968-01-19,1.3315929,simulation
1968-01-20,0.6223057,simulation
1968-01-21,1.7242222,simulation
1968-01-22,0.55627626,simulation
1968-01-23,0.40590546,simulation
1968-01-24,1.4004908,simulation
1968-01-25,1.3653935,simulation
1968-01-26,1.9899182,simulation
1968-01-27,0.7234346,simulation
1968-01-28,0.5779133,simulation
1968-01-29,0.92912287,simulation
1968-01-30,0.59429276,simulation
1968-01-31,0.6718444,simulation
1968-02-01,0.6012159,simulation
1968-02-02,2.5210981,simulation
1968-02-03,1.6340888,simulation
1968-02-04,2.0342088,simulation
1968-02-05,1.7126678,simulation
1968-02-06,2.3912594,simulation
1968-02-07,1.5601455,simulation
1968-02-08,1.6053015,simulation
1968-02-09,1.7325262,simulation
1968-02-10,1.2102158,simulation
1968-02-11,1.1656777,simulation
1968-02-12,2.0390925,simulation
1968-02-13,1.0419351,simulation
1968-02-14,0.62310076,simulation
1968-02-15,0.37147954,simulation
1968-02-16,0.44371063,simulation
1968-02-17,0.9661954,simulation
1968-02-18,0.8400686,simulation
1968-02-19,1.450118,simulation
1968-02-20,1.7872108,simulation
1968-02-21,0.58383244,simulation
1968-02-22,0.87339115,simulation
1968-02-23,0.6956347,simulation
1968-02-24,2.733043,simulation
1968-02-25,2.1654816,simulation
1968-02-26,1.989291,simulation
1968-02-27,2.51228,simulation
1968-02-28,0.412205,simulation
1968-02-29,0.5803363,simulation
1968-03-01,3.4718874,simulation
1968-03-02,0.99803644,simulation
1968-03-03,3.755642,simulation
1968-03-04,2.7184916,simulation
1968-03-05,0.9303038,simulation
1968-03-06,1.1900481,simulation
1968-03-07,6.2495685,simulation
1968-03-08,7.358519,simulation
1968-03-09,0.96531415,simulation
1968-03-10,2.3234782,simulation
1968-03-11,0.7054573,simulation
1968-03-12,0.66496557,simulation
1968-03-13,6.275487,simulation
1968-03-14,1.3293264,simulation
1968-03-15,0.88073796,simulation
1968-03-16,1.136817,simulation
1968-03-17,1.3437656,simulation
1968-03-18,2.491233,simulation
1968-03-19,5.10879,simulation
1968-03-20,2.5439913,simulation
1968-03-21,0.5353587,simulation
1968-03-22,0.43899545,simulation
1968-03-23,0.80283266,simulation
1968-03-24,5.37741,simulation
1968-03-25,9.909337,simulation
1968-03-26,6.17067,simulation
1968-03-27,5.1353126,simulation
1968-03-28,3.523096,simulation
1968-03-29,1.3078411,simulation
1968-03-30,1.4731451,simulation
1968-03-31,3.2943685,simulation
1968-04-01,0.9300512,simulation
1968-04-02,0.6891075,simulation
1968-04-03,1.1742264,simulation
1968-04-04,0.8249568,simulation
1968-04-05,17.15911,simulation
1968-04-06,17.62455,simulation
1968-04-07,2.0735373,simulation
1968-04-08,0.65343446,simulation
1968-04-09,0.6044225,simulation
1968-04-10,0.82706213,simulation
1968-04-11,29.151638,simulation
1968-04-12,5.780299,simulation
1968-04-13,1.1780143,simulation
1968-04-14,2.9821386,simulation
1968-04-15,42.6432,simulation
1968-04-16,24.281422,simulation
1968-04-17,4.700697,simulation
1968-04-18,4.8301277,simulation
1968-04-19,3.503831,simulation
1968-04-20,2.8582501,simulation
1968-04-21,1.5544723,simulation
1968-04-22,0.8382851,simulation
1968-04-23,1.0188802,simulation
1968-04-24,15.265859,simulation
1968-04-25,39.958008,simulation
1968-04-26,31.690361,simulation
1968-04-27,2.0800433,simulation
1968-04-28,1.3033774,simulation
1968-04-29,1.0021592,simulation
1968-04-30,43.02445,simulation
1968-05-01,38.077366,simulation
1968-05-02,31.396982,simulation
1968-05-03,17.982607,simulation
1968-05-04,0.662151,simulation
1968-05-05,48.708427,simulation
1968-05-06,19.161951,simulation
1968-05-07,17.746458,simulation
1968-05-08,1.3700167,simulation
1968-05-09,2.430819,simulation
1968-05-10,2.1338384,simulation
1968-05-11,0.90168625,simulation
1968-05-12,1.8800797,simulation
1968-05-13,3.8733191,simulation
1968-05-14,9.861305,simulation
1968-05-15,3.3744009,simulation
1968-05-16,6.269215,simulation
1968-05-17,1.0009652,simulation
1968-05-18,3.0730112,simulation
1968-05-19,56.85566,simulation
1968-05-20,47.96182,simulation
1968-05-21,15.773322,simulation
1968-05-22,45.33243,simulation
1968-05-23,76.22394,simulation
1968-05-24,3.6894186,simulation
1968-05-25,4.481923,simulation
1968-05-26,2.1021771,simulation
1968-05-27,6.2313914,simulation
1968-05-28,28.229616,simulation
1968-05-29,61.86854,simulation
1968-05-30,5.416086,simulation
1968-05-31,5.840422,simulation
1968-06-01,46.696243,simulation
1968-06-02,8.153633,simulation
1968-06-03,2.8623493,simulation
1968-06-04,61.602196,simulation
1968-06-05,4.7511024,simulation
1968-06-06,59.640438,simulation
1968-06-07,56.81901,simulation
1968-06-08,32.736656,simulation
1968-06-09,48.880306,simulation
1968-06-10,48.541653,simulation
1968-06-11,39.57494,simulation
1968-06-12,31.65828,simulation
1968-06-13,69.8298,simulation
1968-06-14,55.170044,simulation
1968-06-15,33.1237,simulation
1968-06-16,9.918983,simulation
1968-06-17,5.233846,simulation
1968-06-18,4.781207,simulation
1968-06-19,1.154729,simulation
1968-06-20,1.4241257,simulation
1968-06-21,0.7190064,simulation
1968-06-22,1.0925933,simulation
1968-06-23,5.617583,simulation
1968-06-24,7.006424,simulation
1968-06-25,4.947501,simulation
1968-06-26,5.4010954,simulation
1968-06-27,55.51842,simulation
1968-06-28,70.334435,simulation
1968-06-29,49.998447,simulation
1968-06-30,45.782173,simulation
1968-07-01,33.296093,simulation
1968-07-02,23.891981,simulation
1968-07-03,3.406195,simulation
1968-07-04,55.651253,simulation
1968-07-05,48.024876,simulation
1968-07-06,7.9803743,simulation
1968-07-07,3.8813803,simulation
1968-07-08,0.9412167,simulation
1968-07-09,3.0994859,simulation
1968-07-10,8.080631,simulation
1968-07-11,11.244693,simulation
1968-07-12,4.1772423,simulation
1968-07-13,2.8242621,simulation
1968-07-14,1.6538095,simulation
1968-07-15,4.738823,simulation
1968-07-16,5.6785946,simulation
1968-07-17,21.23474,simulation
1968-07-18,3.2438214,simulation
1968-07-19,6.6378684,simulation
1968-07-20,5.465751,simulation
1968-07-21,9.170388,simulation
1968-07-22,1.2832301,simulation
1968-07-23,4.2799067,simulation
1968-07-24,8.534081,simulation
1968-07-25,34.441998,simulation
1968-07-26,31.997551,simulation
1968-07-27,47.128075,simulation
1968-07-28,29.058756,simulation
1968-07-29,3.6629975,simulation
1968-07-30,8.939378,simulation
1968-07-31,34.739647,simulation
1968-08-01,32.65557,simulation
1968-08-02,17.87279,simulation
1968-08-03,22.086973,simulation
1968-08-04,17.304155,simulation
1968-08-05,12.392694,simulation
1968-08-06,1.4589695,simulation
1968-08-07,3.196338,simulation
1968-08-08,8.475174,simulation
1968-08-09,27.898983,simulation
1968-08-10,10.397062,simulation
1968-08-11,2.2781858,simulation
1968-08-12,1.5111297,simulation
1968-08-13,2.3360643,simulation
1968-08-14,2.3088975,simulation
1968-08-15,3.725068,simulation
1968-08-16,6.536867,simulation
1968-08-17,19.030413,simulation
1968-08-18,13.689089,simulation
1968-08-19,3.3179913,simulation
1968-08-20,3.7790947,simulation
1968-08-21,25.06174,simulation
1968-08-22,31.962547,simulation
1968-08-23,33.35239,simulation
1968-08-24,19.507574,simulation
1968-08-25,17.232807,simulation
1968-08-26,44.315598,simulation
1968-08-27,51.68329,simulation
1968-08-28,28.323765,simulation
1968-08-29,4.188888,simulation
1968-08-30,2.419934,simulation
1968-08-31,3.5539994,simulation
1968-09-01,26.009737,simulation
1968-09-02,1.153861,simulation
1968-09-03,0.72289413,simulation
1968-09-04,2.0018153,simulation
1968-09-05,2.3481376,simulation
1968-09-06,7.531267,simulation
1968-09-07,16.456469,simulation
1968-09-08,32.856644,simulation
1968-09-09,1.8492606,simulation
1968-09-10,21.41006,simulation
1968-09-11,3.511709,simulation
1968-09-12,26.423716,simulation
1968-09-13,23.476173,simulation
1968-09-14,2.3913405,simulation
1968-09-15,0.75632817,simulation
1968-09-16,1.3813709,simulation
1968-09-17,1.0959383,simulation
1968-09-18,14.762939,simulation
1968-09-19,18.87528,simulation
1968-09-20,15.495037,simulation
1968-09-21,19.607798,simulation
1968-09-22,18.76745,simulation
1968-09-23,25.046497,simulation
1968-09-24,9.916271,simulation
1968-09-25,1.5559052,simulation
1968-09-26,0.76565814,simulation
1968-09-27,21.094143,simulation
1968-09-28,14.715637,simulation
1968-09-29,6.1410694,simulation
1968-09-30,13.501658,simulation
1968-10-01,10.04146,simulation
1968-10-02,12.579916,simulation
1968-10-03,1.55597,simulation
1968-10-04,19.430914,simulation
1968-10-05,1.9152414,simulation
1968-10-06,0.6036515,simulation
1968-10-07,0.48101404,simulation
1968-10-08,1.0281389,simulation
1968-10-09,2.0585864,simulation
1968-10-10,0.4850431,simulation
1968-10-11,0.6235134,simulation
1968-10-12,3.364085,simulation
1968-10-13,1.5849282,simulation
1968-10-14,5.063369,simulation
1968-10-15,12.799198,simulation
1968-10-16,3.4170947,simulation
1968-10-17,1.3605391,simulation
1968-10-18,8.746125,simulation
1968-10-19,9.499388,simulation
1968-10-20,1.0916637,simulation
1968-10-21,3.1776233,simulation
1968-10-22,0.88019913,simulation
1968-10-23,6.814743,simulation
1968-10-24,4.38206,simulation
1968-10-25,4.489121,simulation
1968-10-26,4.1163874,simulation
1968-10-27,6.400482,simulation
1968-10-28,5.151444,simulation
1968-10-29,3.2268996,simulation
1968-10-30,3.9528232,simulation
1968-10-31,3.731133,simulation
1968-11-01,4.992508,simulation
1968-11-02,4.587052,simulation
1968-11-03,0.4224656,simulation
1968-11-04,0.39717582,simulation
1968-11-05,0.42247212,simulation
1968-11-06,0.3313702,simulation
1968-11-07,0.4373459,simulation
1968-11-08,1.1586392,simulation
1968-11-09,0.43499887,simulation
1968-11-10,0.844303,simulation
1968-11-11,0.41979173,simulation
1968-11-12,0.59449005,simulation
1968-11-13,1.3704176,simulation
1968-11-14,1.3071328,simulation
1968-11-15,0.80215514,simulation
1968-11-16,2.5416765,simulation
1968-11-17,0.6200304,simulation
1968-11-18,2.9417908,simulation
1968-11-19,1.8022087,simulation
1968-11-20,1.4226238,simulation
1968-11-21,1.8994763,simulation
1968-11-22,1.2226224,simulation
1968-11-23,0.6289959,simulation
1968-11-24,0.5035383,simulation
1968-11-25,1.7124609,simulation
1968-11-26,0.81652623,simulation
1968-11-27,0.96640307,simulation
1968-11-28,4.0230722,simulation
1968-11-29,0.6214137,simulation
1968-11-30,0.5343015,simulation
1968-12-01,0.42560184,simulation
1968-12-02,0.62406224,simulation
1968-12-03,0.52940285,simulation
1968-12-04,1.9692645,simulation
1968-12-05,1.7661862,simulation
1968-12-06,0.46167654,simulation
1968-12-07,2.8117359,simulation
1968-12-08,1.4313154,simulation
1968-12-09,0.707741,simulation
1968-12-10,1.0734211,simulation
1968-12-11,0.78451157,simulation
1968-12-12,1.0458635,simulation
1968-12-13,0.6329485,simulation
1968-12-14,1.9755065,simulation
1968-12-15,1.0384687,simulation
1968-12-16,0.6920382,simulation
1968-12-17,1.0681653,simulation
1968-12-18,0.70406264,simulation
1968-12-19,0.83639884,simulation
1968-12-20,0.70645505,simulation
1968-12-21,0.46790218,simulation
1968-12-22,0.60636955,simulation
1968-12-23,2.0945492,simulation
1968-12-24,1.1457424,simulation
1968-12-25,1.2653686,simulation
1968-12-26,0.99239916,simulation
1968-12-27,0.67773134,simulation
1968-12-28,1.6958883,simulation
1968-12-29,0.9002824,simulation
1968-12-30,0.46756476,simulation
1968-12-31,0.47673014,simulation
1969-01-01,1.026207,simulation
1969-01-02,0.46675593,simulation
1969-01-03,0.44815803,simulation
1969-01-04,0.92852217,simulation
1969-01-05,0.7593775,simulation
1969-01-06,0.7541462,simulation
1969-01-07,0.6406744,simulation
1969-01-08,1.0272534,simulation
1969-01-09,0.9722153,simulation
1969-01-10,1.0299401,simulation
1969-01-11,1.1952683,simulation
1969-01-12,0.66995543,simulation
1969-01-13,1.1160306,simulation
1969-01-14,1.1695997,simulation
1969-01-15,1.3742976,simulation
1969-01-16,0.6495046,simulation
1969-01-17,0.52894723,simulation
1969-01-18,0.48333558,simulation
1969-01-19,0.45497122,simulation
1969-01-20,0.41455302,simulation
1969-01-21,0.49113718,simulation
1969-01-22,0.51406556,simulation
1969-01-23,1.1763037,simulation
1969-01-24,0.6572717,simulation
1969-01-25,1.1149328,simulation
1969-01-26,0.90533763,simulation
1969-01-27,1.3025311,simulation
1969-01-28,0.61565727,simulation
1969-01-29,0.72414273,simulation
1969-01-30,0.6612026,simulation
1969-01-31,0.46507674,simulation
1969-02-01,0.62242335,simulation
1969-02-02,0.63059455,simulation
1969-02-03,2.2405453,simulation
1969-02-04,1.4693362,simulation
1969-02-05,0.77237594,simulation
1969-02-06,1.4331275,simulation
1969-02-07,0.6830189,simulation
1969-02-08,2.3060052,simulation
1969-02-09,1.123756,simulation
1969-02-10,0.6538689,simulation
1969-02-11,1.5184948,simulation
1969-02-12,3.3013744,simulation
1969-02-13,3.5394428,simulation
1969-02-14,0.9241966,simulation
1969-02-15,0.43118745,simulation
1969-02-16,0.4687306,simulation
1969-02-17,0.56041604,simulation
1969-02-18,2.7999227,simulation
1969-02-19,1.3720423,simulation
1969-02-20,0.92044693,simulation
1969-02-21,1.0127586,simulation
1969-02-22,0.48697904,simulation
1969-02-23,1.1646817,simulation
1969-02-24,2.9084837,simulation
1969-02-25,3.240707,simulation
1969-02-26,2.5458791,simulation
1969-02-27,2.3518457,simulation
1969-02-28,2.8298728,simulation
1969-03-01,0.65180695,simulation
1969-03-02,3.4609752,simulation
1969-03-03,0.45092452,simulation
1969-03-04,4.0435963,simulation
1969-03-05,0.912958,simulation
1969-03-06,0.45334685,simulation
1969-03-07,1.9297746,simulation
1969-03-08,1.0841981,simulation
1969-03-09,2.216927,simulation
1969-03-10,3.0223575,simulation
1969-03-11,1.9370948,simulation
1969-03-12,0.84624213,simulation
1969-03-13,3.8470922,simulation
1969-03-14,0.97662944,simulation
1969-03-15,0.91258603,simulation
1969-03-16,0.49272794,simulation
1969-03-17,0.58064824,simulation
1969-03-18,0.55539334,simulation
1969-03-19,11.690145,simulation
1969-03-20,5.2385902,simulation
1969-03-21,10.212235,simulation
1969-03-22,2.5314114,simulation
1969-03-23,1.152419,simulation
1969-03-24,20.303852,simulation
1969-03-25,1.6794556,simulation
1969-03-26,12.4654665,simulation
1969-03-27,3.875609,simulation
1969-03-28,16.787928,simulation
1969-03-29,7.046329,simulation
1969-03-30,0.6223924,simulation
1969-03-31,2.3391533,simulation
1969-04-01,17.299355,simulation
1969-04-02,2.185262,simulation
1969-04-03,3.036492,simulation
1969-04-04,2.3075588,simulation
1969-04-05,0.8346805,simulation
1969-04-06,0.6932809,simulation
1969-04-07,5.0259314,simulation
1969-04-08,1.4472041,simulation
1969-04-09,2.0309534,simulation
1969-04-10,1.6855905,simulation
1969-04-11,11.213908,simulation
1969-04-12,1.436922,simulation
1969-04-13,0.67104256,simulation
1969-04-14,3.7615266,simulation
1969-04-15,4.3701286,simulation
1969-04-16,1.9766362,simulation
1969-04-17,0.6865306,simulation
1969-04-18,5.268837,simulation
1969-04-19,1.411289,simulation
1969-04-20,2.839673,simulation
1969-04-21,27.94972,simulation
1969-04-22,43.47496,simulation
1969-04-23,32.516396,simulation
1969-04-24,31.339218,simulation
1969-04-25,32.710407,simulation
1969-04-26,52.493073,simulation
1969-04-27,14.236479,simulation
1969-04-28,2.1722171,simulation
1969-04-29,26.116909,simulation
1969-04-30,39.521,simulation
1969-05-01,3.5869157,simulation
1969-05-02,19.287886,simulation
1969-05-03,5.859472,simulation
1969-05-04,1.5435771,simulation
1969-05-05,15.708465,simulation
1969-05-06,1.3964384,simulation
1969-05-07,1.0061213,simulation
1969-05-08,0.6496732,simulation
1969-05-09,61.515312,simulation
1969-05-10,56.925987,simulation
1969-05-11,25.38591,simulation
1969-05-12,48.70447,simulation
1969-05-13,7.3306108,simulation
1969-05-14,1.3340056,simulation
1969-05-15,2.3393762,simulation
1969-05-16,1.482617,simulation
1969-05-17,0.75046027,simulation
1969-05-18,4.5180907,simulation
1969-05-19,4.184901,simulation
1969-05-20,33.773636,simulation
1969-05-21,61.1603,simulation
1969-05-22,53.856453,simulation
1969-05-23,50.2117,simulation
1969-05-24,4.6415486,simulation
1969-05-25,2.537563,simulation
1969-05-26,24.791063,simulation
1969-05-27,18.163918,simulation
1969-05-28,25.106968,simulation
1969-05-29,34.742073,simulation
1969-05-30,23.322502,simulation
1969-05-31,48.45697,simulation
1969-06-01,45.189053,simulation
1969-06-02,1.3626591,simulation
1969-06-03,13.511883,simulation
1969-06-04,1.6505505,simulation
1969-06-05,9.523098,simulation
1969-06-06,64.9072,simulation
1969-06-07,51.66467,simulation
1969-06-08,16.40649,simulation
1969-06-09,35.162685,simulation
1969-06-10,46.074085,simulation
1969-06-11,43.438107,simulation
1969-06-12,29.799597,simulation
1969-06-13,32.7609,simulation
1969-06-14,33.902073,simulation
1969-06-15,18.667646,simulation
1969-06-16,13.466708,simulation
1969-06-17,57.22671,simulation
1969-06-18,35.333687,simulation
1969-06-19,4.231504,simulation
1969-06-20,7.468903,simulation
1969-06-21,13.224079,simulation
1969-06-22,35.20942,simulation
1969-06-23,17.92586,simulation
1969-06-24,4.5622096,simulation
1969-06-25,29.40584,simulation
1969-06-26,17.761469,simulation
1969-06-27,31.560732,simulation
1969-06-28,49.13871,simulation
1969-06-29,62.44807,simulation
1969-06-30,50.263477,simulation
1969-07-01,13.222517,simulation
1969-07-02,42.623474,simulation
1969-07-03,58.340626,simulation
1969-07-04,63.055843,simulation
1969-07-05,25.905582,simulation
1969-07-06,6.8913107,simulation
1969-07-07,14.983142,simulation
1969-07-08,24.128426,simulation
1969-07-09,15.392689,simulation
1969-07-10,8.177931,simulation
1969-07-11,13.9524145,simulation
1969-07-12,6.12561,simulation
1969-07-13,23.833595,simulation
1969-07-14,30.53453,simulation
1969-07-15,32.58177,simulation
1969-07-16,8.13786,simulation
1969-07-17,1.3969884,simulation
1969-07-18,0.67223907,simulation
1969-07-19,2.0771356,simulation
1969-07-20,26.013254,simulation
1969-07-21,27.464386,simulation
1969-07-22,10.994701,simulation
1969-07-23,4.2152185,simulation
1969-07-24,7.6264935,simulation
1969-07-25,2.0285432,simulation
1969-07-26,0.76597655,simulation
1969-07-27,1.6874999,simulation
1969-07-28,5.0315742,simulation
1969-07-29,14.577017,simulation
1969-07-30,17.393135,simulation
1969-07-31,7.951091,simulation
1969-08-01,7.358879,simulation
1969-08-02,24.950972,simulation
1969-08-03,24.683353,simulation
1969-08-04,40.261055,simulation
1969-08-05,15.293249,simulation
1969-08-06,38.739254,simulation
1969-08-07,28.894464,simulation
1969-08-08,37.712715,simulation
1969-08-09,21.096277,simulation
1969-08-10,8.702545,simulation
1969-08-11,54.74326,simulation
1969-08-12,36.196194,simulation
1969-08-13,34.8222,simulation
1969-08-14,3.4096274,simulation
1969-08-15,17.193022,simulation
1969-08-16,16.09606,simulation
1969-08-17,3.9661424,simulation
1969-08-18,0.68277574,simulation
1969-08-19,6.5902863,simulation
1969-08-20,18.694578,simulation
1969-08-21,14.346242,simulation
1969-08-22,7.172023,simulation
1969-08-23,0.6578181,simulation
1969-08-24,1.8108687,simulation
1969-08-25,4.914196,simulation
1969-08-26,2.606505,simulation
1969-08-27,3.0349221,simulation
1969-08-28,47.6319,simulation
1969-08-29,39.752583,simulation
1969-08-30,30.589058,simulation
1969-08-31,0.9610189,simulation
1969-09-01,1.750664,simulation
1969-09-02,15.00791,simulation
1969-09-03,1.8390561,simulation
1969-09-04,2.8933315,simulation
1969-09-05,1.6332625,simulation
1969-09-06,13.445633,simulation
1969-09-07,11.944458,simulation
1969-09-08,2.3986814,simulation
1969-09-09,7.2225447,simulation
1969-09-10,3.4404578,simulation
1969-09-11,1.3134475,simulation
1969-09-12,25.097881,simulation
1969-09-13,23.864481,simulation
1969-09-14,4.6830826,simulation
1969-09-15,18.12211,simulation
1969-09-16,11.589658,simulation
1969-09-17,3.8195817,simulation
1969-09-18,9.737555,simulation
1969-09-19,1.5853388,simulation
1969-09-20,0.62135315,simulation
1969-09-21,0.69374555,simulation
1969-09-22,0.632554,simulation
1969-09-23,0.8008371,simulation
1969-09-24,2.6195512,simulation
1969-09-25,11.740498,simulation
1969-09-26,21.426008,simulation
1969-09-27,19.170694,simulation
1969-09-28,20.338318,simulation
1969-09-29,23.290844,simulation
1969-09-30,2.1581056,simulation
1969-10-01,0.51643556,simulation
1969-10-02,4.588452,simulation
1969-10-03,4.6163588,simulation
1969-10-04,7.0752525,simulation
1969-10-05,5.1630774,simulation
1969-10-06,0.56870216,simulation
1969-10-07,0.56187165,simulation
1969-10-08,1.8652179,simulation
1969-10-09,9.102262,simulation
1969-10-10,1.3904414,simulation
1969-10-11,3.4951859,simulation
1969-10-12,4.6831975,simulation
1969-10-13,0.77816993,simulation
1969-10-14,0.5230623,simulation
1969-10-15,0.5302273,simulation
1969-10-16,4.709448,simulation
1969-10-17,7.1889343,simulation
1969-10-18,8.367833,simulation
1969-10-19,7.061703,simulation
1969-10-20,0.4657569,simulation
1969-10-21,0.5219045,simulation
1969-10-22,9.320635,simulation
1969-10-23,10.74073,simulation
1969-10-24,0.6887714,simulation
1969-10-25,2.5573444,simulation
1969-10-26,2.8645022,simulation
1969-10-27,2.6784177,simulation
1969-10-28,3.207883,simulation
1969-10-29,1.6251684,simulation
1969-10-30,2.7087219,simulation
1969-10-31,0.42214972,simulation
1969-11-01,0.36937472,simulation
1969-11-02,2.8723738,simulation
1969-11-03,0.64099604,simulation
1969-11-04,0.6028621,simulation
1969-11-05,2.092382,simulation
1969-11-06,1.4770468,simulation
1969-11-07,0.9697995,simulation
1969-11-08,1.4345272,simulation
1969-11-09,2.5085218,simulation
1969-11-10,2.8379972,simulation
1969-11-11,2.4562092,simulation
1969-11-12,2.0370305,simulation
1969-11-13,0.5473221,simulation
1969-11-14,1.6690823,simulation
1969-11-15,1.3984983,simulation
1969-11-16,1.6161128,simulation
1969-11-17,2.338746,simulation
1969-11-18,0.5578809,simulation
1969-11-19,2.3551948,simulation
1969-11-20,1.7178499,simulation
1969-11-21,1.9509336,simulation
1969-11-22,1.7884839,simulation
1969-11-23,0.6413578,simulation
1969-11-24,0.98473567,simulation
1969-11-25,0.5821983,simulation
1969-11-26,0.4155682,simulation
1969-11-27,0.33187866,simulation
1969-11-28,0.8039881,simulation
1969-11-29,0.6843597,simulation
1969-11-30,1.2808785,simulation
1969-12-01,1.7418115,simulation
1969-12-02,1.3794545,simulation
1969-12-03,1.8053684,simulation
1969-12-04,1.5195527,simulation
1969-12-05,0.56669986,simulation
1969-12-06,0.3319714,simulation
1969-12-07,0.45513678,simulation
1969-12-08,0.38032258,simulation
1969-12-09,0.48639384,simulation
1969-12-10,0.63665324,simulation
1969-12-11,0.727438,simulation
1969-12-12,1.0827782,simulation
1969-12-13,1.2457498,simulation
1969-12-14,1.6076845,simulation
1969-12-15,1.2196592,simulation
1969-12-16,1.1222069,simulation
1969-12-17,0.8856991,simulation
1969-12-18,0.60927904,simulation
1969-12-19,0.418794,simulation
1969-12-20,0.5744797,simulation
1969-12-21,0.40092283,simulation
1969-12-22,0.68984944,simulation
1969-12-23,1.4903581,simulation
1969-12-24,1.0599918,simulation
1969-12-25,0.52983564,simulation
1969-12-26,1.0457542,simulation
1969-12-27,1.282379,simulation
1969-12-28,0.9345968,simulation
1969-12-29,0.5624523,simulation
1969-12-30,0.354205,simulation
1969-12-31,0.38926435,simulation
1970-01-01,0.9279595,simulation
1970-01-02,0.88487566,simulation
1970-01-03,0.7322007,simulation
1970-01-04,0.7762573,simulation
1970-01-05,0.53760415,simulation
1970-01-06,0.388112,simulation
1970-01-07,0.8754291,simulation
1970-01-08,0.90896803,simulation
1970-01-09,0.8057392,simulation
1970-01-10,0.67001784,simulation
1970-01-11,0.37318936,simulation
1970-01-12,0.40642068,simulation
1970-01-13,1.0637028,simulation
1970-01-14,0.75114596,simulation
1970-01-15,0.7193763,simulation
1970-01-16,0.54426473,simulation
1970-01-17,0.42612684,simulation
1970-01-18,0.40798804,simulation
1970-01-19,0.38681945,simulation
1970-01-20,0.3845367,simulation
1970-01-21,0.82492304,simulation
1970-01-22,0.8317406,simulation
1970-01-23,0.7420586,simulation
1970-01-24,1.754137,simulation
1970-01-25,0.7154267,simulation
1970-01-26,1.3704737,simulation
1970-01-27,2.060905,simulation
1970-01-28,1.0372083,simulation
1970-01-29,1.0603403,simulation
1970-01-30,2.5692074,simulation
1970-01-31,1.3224038,simulation
1970-02-01,0.615639,simulation
1970-02-02,1.4794911,simulation
1970-02-03,1.7950256,simulation
1970-02-04,1.3464434,simulation
1970-02-05,0.7346943,simulation
1970-02-06,0.8552566,simulation
1970-02-07,1.3936839,simulation
1970-02-08,0.6642654,simulation
1970-02-09,2.175059,simulation
1970-02-10,2.403143,simulation
1970-02-11,1.9542136,simulation
1970-02-12,2.7764876,simulation
1970-02-13,0.7477956,simulation
1970-02-14,0.78377134,simulation
1970-02-15,0.66932195,simulation
1970-02-16,0.4280921,simulation
1970-02-17,1.9402744,simulation
1970-02-18,4.682065,simulation
1970-02-19,3.7339776,simulation
1970-02-20,4.641246,simulation
1970-02-21,2.9012783,simulation
1970-02-22,1.7881166,simulation
1970-02-23,0.5484385,simulation
1970-02-24,0.40982786,simulation
1970-02-25,0.63883877,simulation
1970-02-26,2.9287684,simulation
1970-02-27,2.72299,simulation
1970-02-28,1.0498947,simulation
1970-03-01,2.393594,simulation
1970-03-02,1.3522967,simulation
1970-03-03,0.6279606,simulation
1970-03-04,0.5006265,simulation
1970-03-05,0.54072,simulation
1970-03-06,1.0151156,simulation
1970-03-07,0.55787474,simulation
1970-03-08,0.82009345,simulation
1970-03-09,8.881338,simulation
1970-03-10,4.131721,simulation
1970-03-11,0.48819417,simulation
1970-03-12,0.48901236,simulation
1970-03-13,1.1196594,simulation
1970-03-14,3.7778246,simulation
1970-03-15,6.218953,simulation
1970-03-16,2.3344827,simulation
1970-03-17,1.3903424,simulation
1970-03-18,2.9325466,simulation
1970-03-19,0.5917229,simulation
1970-03-20,0.75417525,simulation
1970-03-21,0.43814847,simulation
1970-03-22,1.0497165,simulation
1970-03-23,6.9310503,simulation
1970-03-24,28.19001,simulation
1970-03-25,7.411778,simulation
1970-03-26,2.4166481,simulation
1970-03-27,7.1653047,simulation
1970-03-28,1.2597575,simulation
1970-03-29,1.2298756,simulation
1970-03-30,1.2462039,simulation
1970-03-31,2.4513862,simulation
1970-04-01,5.0031033,simulation
1970-04-02,18.329405,simulation
1970-04-03,14.089014,simulation
1970-04-04,2.5448945,simulation
1970-04-05,1.3678918,simulation
1970-04-06,21.423603,simulation
1970-04-07,14.014511,simulation
1970-04-08,10.263537,simulation
1970-04-09,0.92403185,simulation
1970-04-10,0.55083066,simulation
1970-04-11,0.5014114,simulation
1970-04-12,2.0212762,simulation
1970-04-13,3.5879307,simulation
1970-04-14,28.65634,simulation
1970-04-15,6.0378056,simulation
1970-04-16,0.81425893,simulation
1970-04-17,1.5077991,simulation
1970-04-18,1.7452574,simulation
1970-04-19,1.3551215,simulation
1970-04-20,14.701575,simulation
1970-04-21,44.632393,simulation
1970-04-22,5.073891,simulation
1970-04-23,5.299272,simulation
1970-04-24,1.0450402,simulation
1970-04-25,1.203478,simulation
1970-04-26,0.96723145,simulation
1970-04-27,1.7516422,simulation
1970-04-28,2.414097,simulation
1970-04-29,2.5566926,simulation
1970-04-30,15.552885,simulation
1970-05-01,1.6861417,simulation
1970-05-02,0.5771433,simulation
1970-05-03,1.2973487,simulation
1970-05-04,36.53894,simulation
1970-05-05,40.70371,simulation
1970-05-06,22.366615,simulation
1970-05-07,23.893204,simulation
1970-05-08,67.51014,simulation
1970-05-09,4.2435946,simulation
1970-05-10,5.932199,simulation
1970-05-11,8.276915,simulation
1970-05-12,14.589307,simulation
1970-05-13,11.176822,simulation
1970-05-14,28.84559,simulation
1970-05-15,15.392405,simulation
1970-05-16,1.0773635,simulation
1970-05-17,17.494827,simulation
1970-05-18,23.090807,simulation
1970-05-19,4.297142,simulation
1970-05-20,2.400482,simulation
1970-05-21,14.208905,simulation
1970-05-22,16.608095,simulation
1970-05-23,9.161186,simulation
1970-05-24,28.50974,simulation
1970-05-25,11.093964,simulation
1970-05-26,25.323845,simulation
1970-05-27,17.824356,simulation
1970-05-28,7.5407968,simulation
1970-05-29,3.2272646,simulation
1970-05-30,0.796144,simulation
1970-05-31,3.034448,simulation
1970-06-01,0.83846414,simulation
1970-06-02,0.7913795,simulation
1970-06-03,13.012698,simulation
1970-06-04,9.277372,simulation
1970-06-05,17.870497,simulation
1970-06-06,10.454755,simulation
1970-06-07,33.449966,simulation
1970-06-08,41.812664,simulation
1970-06-09,16.037254,simulation
1970-06-10,1.6597466,simulation
1970-06-11,16.672039,simulation
1970-06-12,5.6239786,simulation
1970-06-13,6.0563803,simulation
1970-06-14,3.6793516,simulation
1970-06-15,2.7756674,simulation
1970-06-16,23.006958,simulation
1970-06-17,53.97654,simulation
1970-06-18,57.010532,simulation
1970-06-19,52.103897,simulation
1970-06-20,22.800995,simulation
1970-06-21,11.913233,simulation
1970-06-22,10.544262,simulation
1970-06-23,5.5446954,simulation
1970-06-24,0.6530489,simulation
1970-06-25,1.7998604,simulation
1970-06-26,17.109692,simulation
1970-06-27,2.4105918,simulation
1970-06-28,42.273243,simulation
1970-06-29,41.303,simulation
1970-06-30,47.60655,simulation
1970-07-01,15.235749,simulation
1970-07-02,43.601517,simulation
1970-07-03,28.36842,simulation
1970-07-04,6.625346,simulation
1970-07-05,20.68297,simulation
1970-07-06,27.498161,simulation
1970-07-07,49.153183,simulation
1970-07-08,0.9117169,simulation
1970-07-09,3.8694143,simulation
1970-07-10,11.384351,simulation
1970-07-11,4.854766,simulation
1970-07-12,9.154215,simulation
1970-07-13,9.493094,simulation
1970-07-14,27.44078,simulation
1970-07-15,3.1215189,simulation
1970-07-16,2.357344,simulation
1970-07-17,2.7202275,simulation
1970-07-18,18.480745,simulation
1970-07-19,5.583348,simulation
1970-07-20,2.3688095,simulation
1970-07-21,0.5469499,simulation
1970-07-22,0.6483957,simulation
1970-07-23,3.0649278,simulation
1970-07-24,3.7120936,simulation
1970-07-25,0.8268845,simulation
1970-07-26,8.774128,simulation
1970-07-27,18.584877,simulation
1970-07-28,8.444588,simulation
1970-07-29,21.183985,simulation
1970-07-30,33.383617,simulation
1970-07-31,31.10114,simulation
1970-08-01,24.842768,simulation
1970-08-02,22.565737,simulation
1970-08-03,13.891259,simulation
1970-08-04,4.2787185,simulation
1970-08-05,8.052786,simulation
1970-08-06,5.231591,simulation
1970-08-07,2.437576,simulation
1970-08-08,1.5267234,simulation
1970-08-09,2.4828787,simulation
1970-08-10,0.72015953,simulation
1970-08-11,5.4094434,simulation
1970-08-12,3.2580838,simulation
1970-08-13,17.59216,simulation
1970-08-14,23.906248,simulation
1970-08-15,18.704039,simulation
1970-08-16,6.486388,simulation
1970-08-17,4.8440967,simulation
1970-08-18,4.009956,simulation
1970-08-19,3.4496102,simulation
1970-08-20,6.6440086,simulation
1970-08-21,3.6643374,simulation
1970-08-22,3.9658723,simulation
1970-08-23,1.1914134,simulation
1970-08-24,5.196133,simulation
1970-08-25,22.592102,simulation
1970-08-26,6.2147703,simulation
1970-08-27,1.9407287,simulation
1970-08-28,2.687057,simulation
1970-08-29,2.515005,simulation
1970-08-30,12.013572,simulation
1970-08-31,5.5130706,simulation
1970-09-01,3.279584,simulation
1970-09-02,4.150515,simulation
1970-09-03,1.4782704,simulation
1970-09-04,5.15327,simulation
1970-09-05,7.894886,simulation
1970-09-06,18.508224,simulation
1970-09-07,10.0982,simulation
1970-09-08,3.2575002,simulation
1970-09-09,23.594673,simulation
1970-09-10,19.398724,simulation
1970-09-11,7.963933,simulation
1970-09-12,12.168129,simulation
1970-09-13,21.717808,simulation
1970-09-14,33.64444,simulation
1970-09-15,16.509151,simulation
1970-09-16,6.1562057,simulation
1970-09-17,5.5805774,simulation
1970-09-18,7.3636346,simulation
1970-09-19,20.974072,simulation
1970-09-20,13.291322,simulation
1970-09-21,12.677938,simulation
1970-09-22,12.190196,simulation
1970-09-23,1.5074545,simulation
1970-09-24,1.1863146,simulation
1970-09-25,1.3058475,simulation
1970-09-26,9.837058,simulation
1970-09-27,0.72235477,simulation
1970-09-28,14.785293,simulation
1970-09-29,18.834032,simulation
1970-09-30,14.36576,simulation
1970-10-01,13.121108,simulation
1970-10-02,3.2916417,simulation
1970-10-03,5.32323,simulation
1970-10-04,19.129791,simulation
1970-10-05,2.279293,simulation
1970-10-06,0.8223305,simulation
1970-10-07,0.63154507,simulation
1970-10-08,2.1548698,simulation
1970-10-09,4.398586,simulation
1970-10-10,7.8304143,simulation
1970-10-11,1.327314,simulation
1970-10-12,0.5028419,simulation
1970-10-13,1.0029794,simulation
1970-10-14,2.5450814,simulation
1970-10-15,0.6496887,simulation
1970-10-16,10.84734,simulation
1970-10-17,2.267391,simulation
1970-10-18,0.5938306,simulation
1970-10-19,0.52690643,simulation
1970-10-20,0.55238247,simulation
1970-10-21,0.8912473,simulation
1970-10-22,5.9544764,simulation
1970-10-23,0.7760536,simulation
1970-10-24,2.5407674,simulation
1970-10-25,4.3874373,simulation
1970-10-26,8.465365,simulation
1970-10-27,1.7663845,simulation
1970-10-28,0.59641963,simulation
1970-10-29,1.9251864,simulation
1970-10-30,4.133627,simulation
1970-10-31,4.3607097,simulation
1970-11-01,1.3004142,simulation
1970-11-02,0.7492043,simulation
1970-11-03,1.4874951,simulation
1970-11-04,0.9998433,simulation
1970-11-05,3.0000875,simulation
1970-11-06,3.5847056,simulation
1970-11-07,2.7579691,simulation
1970-11-08,2.2612853,simulation
1970-11-09,0.88985443,simulation
1970-11-10,1.9934074,simulation
1970-11-11,0.61871195,simulation
1970-11-12,0.45585933,simulation
1970-11-13,1.1326021,simulation
1970-11-14,0.38936377,simulation
1970-11-15,0.62155,simulation
1970-11-16,1.8880897,simulation
1970-11-17,1.1640128,simulation
1970-11-18,2.682742,simulation
1970-11-19,0.80390316,simulation
1970-11-20,3.0094073,simulation
1970-11-21,2.2696273,simulation
1970-11-22,0.7895397,simulation
1970-11-23,3.311896,simulation
1970-11-24,1.3890977,simulation
1970-11-25,1.4279711,simulation
1970-11-26,1.5223286,simulation
1970-11-27,0.829513,simulation
1970-11-28,0.5111533,simulation
1970-11-29,1.2037973,simulation
1970-11-30,1.7981408,simulation
1970-12-01,0.9784125,simulation
1970-12-02,0.7377401,simulation
1970-12-03,0.55212224,simulation
1970-12-04,3.764542,simulation
1970-12-05,0.88947815,simulation
1970-12-06,4.162026,simulation
1970-12-07,1.8886012,simulation
1970-12-08,1.6645666,simulation
1970-12-09,1.0623009,simulation
1970-12-10,0.8858293,simulation
1970-12-11,0.48253384,simulation
1970-12-12,0.508979,simulation
1970-12-13,0.54749846,simulation
1970-12-14,0.903191,simulation
1970-12-15,0.50635946,simulation
1970-12-16,0.85168916,simulation
1970-12-17,1.3459859,simulation
1970-12-18,0.8447597,simulation
1970-12-19,0.6197755,simulation
1970-12-20,0.57377416,simulation
1970-12-21,1.6790739,simulation
1970-12-22,0.75696456,simulation
1970-12-23,0.73074055,simulation
1970-12-24,1.8840312,simulation
1970-12-25,1.1112264,simulation
1970-12-26,1.0781074,simulation
1970-12-27,1.2397407,simulation
1970-12-28,0.6385718,simulation
1970-12-29,0.43866894,simulation
1970-12-30,0.43734196,simulation
1970-12-31,0.54774934,simulation
1971-01-01,1.1741838,simulation
1971-01-02,1.3497261,simulation
1971-01-03,1.2688423,simulation
1971-01-04,0.74873996,simulation
1971-01-05,0.83306444,simulation
1971-01-06,1.0435498,simulation
1971-01-07,0.64953524,simulation
1971-01-08,0.38640988,simulation
1971-01-09,0.40463108,simulation
1971-01-10,0.4545915,simulation
1971-01-11,0.8192067,simulation
1971-01-12,0.5988114,simulation
1971-01-13,0.49216843,simulation
1971-01-14,0.653464,simulation
1971-01-15,0.9546789,simulation
1971-01-16,0.9923074,simulation
1971-01-17,1.0862635,simulation
1971-01-18,0.51538676,simulation
1971-01-19,1.7711829,simulation
1971-01-20,1.1696439,simulation
1971-01-21,1.4162899,simulation
1971-01-22,0.79346794,simulation
1971-01-23,0.55056417,simulation
1971-01-24,0.5395577,simulation
1971-01-25,0.62862736,simulation
1971-01-26,4.3796797,simulation
1971-01-27,2.1475334,simulation
1971-01-28,1.7414348,simulation
1971-01-29,1.0431323,simulation
1971-01-30,0.97712046,simulation
1971-01-31,0.85236657,simulation
1971-02-01,2.484286,simulation
1971-02-02,1.1460406,simulation
1971-02-03,0.95872223,simulation
1971-02-04,0.5075506,simulation
1971-02-05,2.429882,simulation
1971-02-06,2.520841,simulation
1971-02-07,0.9825926,simulation
1971-02-08,0.745502,simulation
1971-02-09,1.0113847,simulation
1971-02-10,1.6511467,simulation
1971-02-11,2.123321,simulation
1971-02-12,0.55967695,simulation
1971-02-13,0.9978391,simulation
1971-02-14,1.9280846,simulation
1971-02-15,1.5139536,simulation
1971-02-16,2.9744248,simulation
1971-02-17,2.7251086,simulation
1971-02-18,2.1870046,simulation
1971-02-19,0.9261078,simulation
1971-02-20,0.9913279,simulation
1971-02-21,0.86077815,simulation
1971-02-22,4.251452,simulation
1971-02-23,4.5397396,simulation
1971-02-24,1.6638508,simulation
1971-02-25,3.6101685,simulation
1971-02-26,0.6093581,simulation
1971-02-27,9.976727,simulation
1971-02-28,0.9257968,simulation
1971-03-01,0.5739819,simulation
1971-03-02,0.45117703,simulation
1971-03-03,0.6892566,simulation
1971-03-04,3.6722267,simulation
1971-03-05,3.6296387,simulation
1971-03-06,1.0078554,simulation
1971-03-07,4.652396,simulation
1971-03-08,4.875859,simulation
1971-03-09,3.54,simulation
1971-03-10,3.2396245,simulation
1971-03-11,6.997264,simulation
1971-03-12,1.3223985,simulation
1971-03-13,0.51407534,simulation
1971-03-14,1.709663,simulation
1971-03-15,25.808434,simulation
1971-03-16,13.661679,simulation
1971-03-17,9.747706,simulation
1971-03-18,2.9312925,simulation
1971-03-19,18.029371,simulation
1971-03-20,10.815181,simulation
1971-03-21,1.0393347,simulation
1971-03-22,1.6579194,simulation
1971-03-23,1.6381232,simulation
1971-03-24,8.31006,simulation
1971-03-25,0.75599325,simulation
1971-03-26,0.6370241,simulation
1971-03-27,11.841583,simulation
1971-03-28,0.860471,simulation
1971-03-29,12.664894,simulation
1971-03-30,14.336748,simulation
1971-03-31,8.920423,simulation
1971-04-01,0.8932264,simulation
1971-04-02,17.566935,simulation
1971-04-03,17.191969,simulation
1971-04-04,14.394417,simulation
1971-04-05,2.1886032,simulation
1971-04-06,2.2844682,simulation
1971-04-07,17.687174,simulation
1971-04-08,11.481353,simulation
1971-04-09,27.481144,simulation
1971-04-10,18.24781,simulation
1971-04-11,32.61148,simulation
1971-04-12,49.532906,simulation
1971-04-13,18.291803,simulation
1971-04-14,14.907086,simulation
1971-04-15,9.000407,simulation
1971-04-16,14.298081,simulation
1971-04-17,3.6241238,simulation
1971-04-18,1.4485643,simulation
1971-04-19,27.700754,simulation
1971-04-20,1.2749753,simulation
1971-04-21,0.85886884,simulation
1971-04-22,0.7568399,simulation
1971-04-23,5.687347,simulation
1971-04-24,36.224255,simulation
1971-04-25,7.158135,simulation
1971-04-26,1.9472327,simulation
1971-04-27,1.1386791,simulation
1971-04-28,25.394754,simulation
1971-04-29,0.8642978,simulation
1971-04-30,0.47274503,simulation
1971-05-01,28.027847,simulation
1971-05-02,6.3747234,simulation
1971-05-03,7.2762127,simulation
1971-05-04,31.726828,simulation
1971-05-05,1.7695177,simulation
1971-05-06,1.6426433,simulation
1971-05-07,2.1536746,simulation
1971-05-08,7.7524867,simulation
1971-05-09,0.77441186,simulation
1971-05-10,1.1916988,simulation
1971-05-11,1.198192,simulation
1971-05-12,0.507657,simulation
1971-05-13,0.8005349,simulation
1971-05-14,6.4785423,simulation
1971-05-15,10.859816,simulation
1971-05-16,44.282608,simulation
1971-05-17,60.01622,simulation
1971-05-18,21.050175,simulation
1971-05-19,3.5634356,simulation
1971-05-20,1.0669289,simulation
1971-05-21,61.104767,simulation
1971-05-22,7.8521614,simulation
1971-05-23,12.953302,simulation
1971-05-24,1.934316,simulation
1971-05-25,32.635513,simulation
1971-05-26,38.359966,simulation
1971-05-27,1.5897735,simulation
1971-05-28,2.2463021,simulation
1971-05-29,27.907717,simulation
1971-05-30,17.174,simulation
1971-05-31,15.71482,simulation
1971-06-01,10.066031,simulation
1971-06-02,30.152212,simulation
1971-06-03,26.227894,simulation
1971-06-04,37.393406,simulation
1971-06-05,38.56118,simulation
1971-06-06,4.032896,simulation
1971-06-07,3.4395945,simulation
1971-06-08,30.483408,simulation
1971-06-09,10.608255,simulation
1971-06-10,8.099063,simulation
1971-06-11,24.914494,simulation
1971-06-12,14.268324,simulation
1971-06-13,16.452091,simulation
1971-06-14,67.32451,simulation
1971-06-15,45.12522,simulation
1971-06-16,31.43567,simulation
1971-06-17,9.079022,simulation
1971-06-18,30.989725,simulation
1971-06-19,7.6723213,simulation
1971-06-20,8.65429,simulation
1971-06-21,4.7442164,simulation
1971-06-22,5.858199,simulation
1971-06-23,34.398167,simulation
1971-06-24,28.95049,simulation
1971-06-25,11.907726,simulation
1971-06-26,35.548794,simulation
1971-06-27,2.0636122,simulation
1971-06-28,15.806902,simulation
1971-06-29,14.665683,simulation
1971-06-30,5.258723,simulation
1971-07-01,6.927651,simulation
1971-07-02,1.3779739,simulation
1971-07-03,5.640416,simulation
1971-07-04,7.129294,simulation
1971-07-05,11.736428,simulation
1971-07-06,3.4759727,simulation
1971-07-07,5.0512114,simulation
1971-07-08,9.468143,simulation
1971-07-09,24.768484,simulation
1971-07-10,4.60846,simulation
1971-07-11,28.599949,simulation
1971-07-12,18.893595,simulation
1971-07-13,16.982817,simulation
1971-07-14,11.903839,simulation
1971-07-15,39.38067,simulation
1971-07-16,30.994448,simulation
1971-07-17,2.17352,simulation
1971-07-18,22.072952,simulation
1971-07-19,17.173553,simulation
1971-07-20,1.0855277,simulation
1971-07-21,16.428598,simulation
1971-07-22,39.14838,simulation
1971-07-23,1.2205997,simulation
1971-07-24,1.1063519,simulation
1971-07-25,0.846255,simulation
1971-07-26,2.0677996,simulation
1971-07-27,1.250466,simulation
1971-07-28,2.0287337,simulation
1971-07-29,1.741642,simulation
1971-07-30,2.1597433,simulation
1971-07-31,0.81603456,simulation
1971-08-01,1.3519143,simulation
1971-08-02,1.1575125,simulation
1971-08-03,5.126515,simulation
1971-08-04,10.953683,simulation
1971-08-05,13.477043,simulation
1971-08-06,3.1361542,simulation
1971-08-07,2.6455674,simulation
1971-08-08,6.930661,simulation
1971-08-09,1.8761704,simulation
1971-08-10,3.0345204,simulation
1971-08-11,7.606278,simulation
1971-08-12,20.33414,simulation
1971-08-13,29.995897,simulation
1971-08-14,21.039026,simulation
1971-08-15,21.417093,simulation
1971-08-16,28.478678,simulation
1971-08-17,11.244715,simulation
1971-08-18,21.031078,simulation
1971-08-19,20.807428,simulation
1971-08-20,23.501139,simulation
1971-08-21,3.7433445,simulation
1971-08-22,3.5143511,simulation
1971-08-23,1.7527554,simulation
1971-08-24,14.651362,simulation
1971-08-25,9.38742,simulation
1971-08-26,28.028147,simulation
1971-08-27,37.54573,simulation
1971-08-28,29.762123,simulation
1971-08-29,37.466415,simulation
1971-08-30,0.9344377,simulation
1971-08-31,1.3858836,simulation
1971-09-01,0.6325589,simulation
1971-09-02,1.8341881,simulation
1971-09-03,6.339697,simulation
1971-09-04,4.1208014,simulation
1971-09-05,1.3896722,simulation
1971-09-06,3.845295,simulation
1971-09-07,17.87064,simulation
1971-09-08,14.13891,simulation
1971-09-09,5.137668,simulation
1971-09-10,5.606263,simulation
1971-09-11,1.5604193,simulation
1971-09-12,12.599485,simulation
1971-09-13,31.462866,simulation
1971-09-14,33.76455,simulation
1971-09-15,2.5584779,simulation
1971-09-16,0.48501608,simulation
1971-09-17,1.1818218,simulation
1971-09-18,3.8886518,simulation
1971-09-19,0.7465447,simulation
1971-09-20,0.5959829,simulation
1971-09-21,1.561043,simulation
1971-09-22,9.876973,simulation
1971-09-23,2.24837,simulation
1971-09-24,3.8604484,simulation
1971-09-25,5.981147,simulation
1971-09-26,1.9489142,simulation
1971-09-27,1.8951851,simulation
1971-09-28,11.178265,simulation
1971-09-29,12.753286,simulation
1971-09-30,10.554763,simulation
1971-10-01,12.680909,simulation
1971-10-02,11.613615,simulation
1971-10-03,6.3668485,simulation
1971-10-04,2.5923634,simulation
1971-10-05,1.2747362,simulation
1971-10-06,7.6705403,simulation
1971-10-07,16.775595,simulation
1971-10-08,7.264587,simulation
1971-10-09,0.7881949,simulation
1971-10-10,12.711617,simulation
1971-10-11,8.40334,simulation
1971-10-12,6.5854783,simulation
1971-10-13,0.82722557,simulation
1971-10-14,3.1974573,simulation
1971-10-15,2.6516135,simulation
1971-10-16,1.9924445,simulation
1971-10-17,1.435752,simulation
1971-10-18,0.70694345,simulation
1971-10-19,10.902502,simulation
1971-10-20,0.55055475,simulation
1971-10-21,0.5766534,simulation
1971-10-22,1.3248925,simulation
1971-10-23,1.982454,simulation
1971-10-24,0.5122099,simulation
1971-10-25,1.8519084,simulation
1971-10-26,3.4183142,simulation
1971-10-27,6.1999664,simulation
1971-10-28,3.9158518,simulation
1971-10-29,8.027739,simulation
1971-10-30,1.1620675,simulation
1971-10-31,0.6673948,simulation
1971-11-01,2.3116279,simulation
1971-11-02,0.78926855,simulation
1971-11-03,9.21875,simulation
1971-11-04,3.855473,simulation
1971-11-05,4.397606,simulation
1971-11-06,0.89215755,simulation
1971-11-07,6.189931,simulation
1971-11-08,3.0201967,simulation
1971-11-09,0.4795456,simulation
1971-11-10,2.0631962,simulation
1971-11-11,2.3003628,simulation
1971-11-12,2.8896623,simulation
1971-11-13,1.1715955,simulation
1971-11-14,0.664956,simulation
1971-11-15,1.8587185,simulation
1971-11-16,2.5361817,simulation
1971-11-17,1.4766493,simulation
1971-11-18,1.6696181,simulation
1971-11-19,0.42392784,simulation
1971-11-20,2.129716,simulation
1971-11-21,3.5038974,simulation
1971-11-22,1.648228,simulation
1971-11-23,0.3819988,simulation
1971-11-24,0.49507427,simulation
1971-11-25,0.6486443,simulation
1971-11-26,0.45001915,simulation
1971-11-27,1.9411386,simulation
1971-11-28,0.5284217,simulation
1971-11-29,1.7396427,simulation
1971-11-30,1.4023688,simulation
1971-12-01,0.45375746,simulation
1971-12-02,0.47191492,simulation
1971-12-03,0.38387474,simulation
1971-12-04,0.39660785,simulation
1971-12-05,0.3774689,simulation
1971-12-06,0.4072996,simulation
1971-12-07,0.5500107,simulation
1971-12-08,0.6900276,simulation
1971-12-09,1.036399,simulation
1971-12-10,1.1351688,simulation
1971-12-11,1.074789,simulation
1971-12-12,0.7079744,simulation
1971-12-13,0.4950828,simulation
1971-12-14,0.72134,simulation
1971-12-15,0.6947117,simulation
1971-12-16,1.01293,simulation
1971-12-17,0.57668734,simulation
1971-12-18,2.2059453,simulation
1971-12-19,0.68993515,simulation
1971-12-20,1.5368365,simulation
1971-12-21,1.5496669,simulation
1971-12-22,1.8413258,simulation
1971-12-23,1.115997,simulation
1971-12-24,0.67469865,simulation
1971-12-25,0.90009135,simulation
1971-12-26,0.7558583,simulation
1971-12-27,0.69505537,simulation
1971-12-28,0.43767974,simulation
1971-12-29,0.48791894,simulation
1971-12-30,0.5980663,simulation
1971-12-31,0.9468442,simulation
1972-01-01,0.7670794,simulation
1972-01-02,0.59666365,simulation
1972-01-03,0.45603943,simulation
1972-01-04,0.41730684,simulation
1972-01-05,0.5509528,simulation
1972-01-06,0.94031453,simulation
1972-01-07,1.1621126,simulation
1972-01-08,1.6798718,simulation
1972-01-09,0.6211985,simulation
1972-01-10,0.64561737,simulation
1972-01-11,0.7751928,simulation
1972-01-12,2.3034308,simulation
1972-01-13,1.3874843,simulation
1972-01-14,1.6153663,simulation
1972-01-15,2.316352,simulation
1972-01-16,1.4030325,simulation
1972-01-17,1.6616361,simulation
1972-01-18,1.241249,simulation
1972-01-19,0.86233693,simulation
1972-01-20,0.4548435,simulation
1972-01-21,0.44249773,simulation
1972-01-22,0.5790238,simulation
1972-01-23,0.8133924,simulation
1972-01-24,2.3651476,simulation
1972-01-25,6.207849,simulation
1972-01-26,1.4481295,simulation
1972-01-27,0.6295379,simulation
1972-01-28,0.40891984,simulation
1972-01-29,0.3637914,simulation
1972-01-30,0.49749142,simulation
1972-01-31,1.2712287,simulation
1972-02-01,0.53962773,simulation
1972-02-02,0.39955187,simulation
1972-02-03,0.77840185,simulation
1972-02-04,1.8355898,simulation
1972-02-05,1.8416487,simulation
1972-02-06,0.7794978,simulation
1972-02-07,0.53781396,simulation
1972-02-08,1.242753,simulation
1972-02-09,1.9249482,simulation
1972-02-10,0.97247773,simulation
1972-02-11,1.0074121,simulation
1972-02-12,0.73312545,simulation
1972-02-13,1.365971,simulation
1972-02-14,1.5402544,simulation
1972-02-15,0.66378385,simulation
1972-02-16,0.75450414,simulation
1972-02-17,1.92274,simulation
1972-02-18,5.8452063,simulation
1972-02-19,6.4638686,simulation
1972-02-20,1.1903718,simulation
1972-02-21,3.035652,simulation
1972-02-22,0.5740655,simulation
1972-02-23,1.781753,simulation
1972-02-24,2.188796,simulation
1972-02-25,1.3434908,simulation
1972-02-26,0.79770225,simulation
1972-02-27,0.92290455,simulation
1972-02-28,5.536177,simulation
1972-02-29,1.011261,simulation
1972-03-01,1.131473,simulation
1972-03-02,0.5220835,simulation
1972-03-03,0.6828315,simulation
1972-03-04,1.3924111,simulation
1972-03-05,9.944521,simulation
1972-03-06,6.2663517,simulation
1972-03-07,1.6755632,simulation
1972-03-08,3.8740385,simulation
1972-03-09,8.647679,simulation
1972-03-10,7.6351433,simulation
1972-03-11,15.380403,simulation
1972-03-12,9.697682,simulation
1972-03-13,2.6378102,simulation
1972-03-14,6.597539,simulation
1972-03-15,3.7074785,simulation
1972-03-16,8.972819,simulation
1972-03-17,10.376151,simulation
1972-03-18,1.6472101,simulation
1972-03-19,9.090891,simulation
1972-03-20,3.3089008,simulation
1972-03-21,1.6361662,simulation
1972-03-22,24.171291,simulation
1972-03-23,19.691723,simulation
1972-03-24,1.4658271,simulation
1972-03-25,1.1036835,simulation
1972-03-26,1.3163658,simulation
1972-03-27,1.9398569,simulation
1972-03-28,12.058885,simulation
1972-03-29,2.13293,simulation
1972-03-30,2.4406302,simulation
1972-03-31,5.7619343,simulation
1972-04-01,6.0138597,simulation
1972-04-02,13.189204,simulation
1972-04-03,10.945199,simulation
1972-04-04,0.9696859,simulation
1972-04-05,3.5251467,simulation
1972-04-06,1.0455331,simulation
1972-04-07,7.9892354,simulation
1972-04-08,2.3897305,simulation
1972-04-09,18.207394,simulation
1972-04-10,13.896408,simulation
1972-04-11,1.2975637,simulation
1972-04-12,2.658375,simulation
1972-04-13,13.965649,simulation
1972-04-14,12.734742,simulation
1972-04-15,8.890182,simulation
1972-04-16,45.016773,simulation
1972-04-17,38.643806,simulation
1972-04-18,32.794884,simulation
1972-04-19,21.75044,simulation
1972-04-20,3.1110902,simulation
1972-04-21,1.3335093,simulation
1972-04-22,28.542025,simulation
1972-04-23,35.09956,simulation
1972-04-24,30.491283,simulation
1972-04-25,32.831825,simulation
1972-04-26,2.737275,simulation
1972-04-27,4.9343576,simulation
1972-04-28,0.9509414,simulation
1972-04-29,1.7782475,simulation
1972-04-30,3.5847487,simulation
1972-05-01,3.4784503,simulation
1972-05-02,0.6653146,simulation
1972-05-03,4.5139627,simulation
1972-05-04,41.025944,simulation
1972-05-05,8.58189,simulation
1972-05-06,6.414793,simulation
1972-05-07,0.6119305,simulation
1972-05-08,2.4817376,simulation
1972-05-09,11.992055,simulation
1972-05-10,2.2012193,simulation
1972-05-11,1.086759,simulation
1972-05-12,0.6721491,simulation
1972-05-13,2.433568,simulation
1972-05-14,6.9094615,simulation
1972-05-15,27.250961,simulation
1972-05-16,46.334274,simulation
1972-05-17,5.64526,simulation
1972-05-18,37.15269,simulation
1972-05-19,51.995754,simulation
1972-05-20,40.685722,simulation
1972-05-21,50.840755,simulation
1972-05-22,52.70308,simulation
1972-05-23,31.227058,simulation
1972-05-24,4.5746083,simulation
1972-05-25,48.84587,simulation
1972-05-26,21.575647,simulation
1972-05-27,8.346943,simulation
1972-05-28,13.7065735,simulation
1972-05-29,7.3182974,simulation
1972-05-30,4.904647,simulation
1972-05-31,3.3440123,simulation
1972-06-01,49.616295,simulation
1972-06-02,53.22837,simulation
1972-06-03,59.84124,simulation
1972-06-04,40.978287,simulation
1972-06-05,54.354645,simulation
1972-06-06,55.914658,simulation
1972-06-07,42.274036,simulation
1972-06-08,18.557045,simulation
1972-06-09,2.988144,simulation
1972-06-10,1.8509662,simulation
1972-06-11,5.6568675,simulation
1972-06-12,21.669939,simulation
1972-06-13,14.462593,simulation
1972-06-14,3.9969196,simulation
1972-06-15,1.053307,simulation
1972-06-16,0.64259094,simulation
1972-06-17,2.2165577,simulation
1972-06-18,45.401806,simulation
1972-06-19,5.080128,simulation
1972-06-20,43.46577,simulation
1972-06-21,20.992544,simulation
1972-06-22,2.354619,simulation
1972-06-23,16.868685,simulation
1972-06-24,5.989937,simulation
1972-06-25,0.6992288,simulation
1972-06-26,3.7033398,simulation
1972-06-27,15.554208,simulation
1972-06-28,14.733657,simulation
1972-06-29,0.9115978,simulation
1972-06-30,10.921414,simulation
1972-07-01,4.1199226,simulation
1972-07-02,15.939484,simulation
1972-07-03,11.824571,simulation
1972-07-04,0.85024524,simulation
1972-07-05,1.118462,simulation
1972-07-06,36.6966,simulation
1972-07-07,36.65827,simulation
1972-07-08,24.59854,simulation
1972-07-09,6.4118013,simulation
1972-07-10,27.458729,simulation
1972-07-11,43.747726,simulation
1972-07-12,17.20552,simulation
1972-07-13,5.264651,simulation
1972-07-14,4.8054924,simulation
1972-07-15,4.5926914,simulation
1972-07-16,6.892322,simulation
1972-07-17,11.9714575,simulation
1972-07-18,10.67743,simulation
1972-07-19,19.049059,simulation
1972-07-20,30.42847,simulation
1972-07-21,34.183495,simulation
1972-07-22,22.740456,simulation
1972-07-23,12.484027,simulation
1972-07-24,18.96986,simulation
1972-07-25,17.495968,simulation
1972-07-26,4.5987663,simulation
1972-07-27,8.989867,simulation
1972-07-28,7.9839454,simulation
1972-07-29,1.2781515,simulation
1972-07-30,1.9487,simulation
1972-07-31,4.845481,simulation
1972-08-01,17.690832,simulation
1972-08-02,13.50881,simulation
1972-08-03,31.467598,simulation
1972-08-04,17.662468,simulation
1972-08-05,28.38582,simulation
1972-08-06,48.771194,simulation
1972-08-07,69.036125,simulation
1972-08-08,13.610777,simulation
1972-08-09,28.163944,simulation
1972-08-10,5.81063,simulation
1972-08-11,8.074614,simulation
1972-08-12,7.5108275,simulation
1972-08-13,1.5305939,simulation
1972-08-14,23.516424,simulation
1972-08-15,16.248428,simulation
1972-08-16,30.524101,simulation
1972-08-17,23.638649,simulation
1972-08-18,31.29541,simulation
1972-08-19,24.22985,simulation
1972-08-20,35.164455,simulation
1972-08-21,32.787586,simulation
1972-08-22,11.640082,simulation
1972-08-23,14.313497,simulation
1972-08-24,14.78684,simulation
1972-08-25,11.977215,simulation
1972-08-26,4.465666,simulation
1972-08-27,19.055395,simulation
1972-08-28,27.979673,simulation
1972-08-29,11.681256,simulation
1972-08-30,33.31844,simulation
1972-08-31,15.701665,simulation
1972-09-01,24.977049,simulation
1972-09-02,20.214878,simulation
1972-09-03,13.407723,simulation
1972-09-04,7.72828,simulation
1972-09-05,1.5279261,simulation
1972-09-06,5.168944,simulation
1972-09-07,3.3868904,simulation
1972-09-08,7.686551,simulation
1972-09-09,9.519323,simulation
1972-09-10,24.191471,simulation
1972-09-11,20.770826,simulation
1972-09-12,38.065952,simulation
1972-09-13,32.80196,simulation
1972-09-14,27.469639,simulation
1972-09-15,20.764286,simulation
1972-09-16,9.916208,simulation
1972-09-17,2.2691255,simulation
1972-09-18,4.992087,simulation
1972-09-19,12.96723,simulation
1972-09-20,23.09939,simulation
1972-09-21,8.635865,simulation
1972-09-22,1.221947,simulation
1972-09-23,4.3266716,simulation
1972-09-24,10.901451,simulation
1972-09-25,2.511511,simulation
1972-09-26,1.2538723,simulation
1972-09-27,2.6658669,simulation
1972-09-28,1.4461546,simulation
1972-09-29,2.6600175,simulation
1972-09-30,3.4198453,simulation
1972-10-01,11.488584,simulation
1972-10-02,9.683833,simulation
1972-10-03,2.0245667,simulation
1972-10-04,3.5435874,simulation
1972-10-05,5.628069,simulation
1972-10-06,2.4802735,simulation
1972-10-07,1.3436506,simulation
1972-10-08,3.3966806,simulation
1972-10-09,10.162699,simulation
1972-10-10,13.539533,simulation
1972-10-11,9.95165,simulation
1972-10-12,2.8985622,simulation
1972-10-13,3.5586433,simulation
1972-10-14,7.1680174,simulation
1972-10-15,3.1125998,simulation
1972-10-16,6.462116,simulation
1972-10-17,6.3880715,simulation
1972-10-18,2.1592522,simulation
1972-10-19,0.46053225,simulation
1972-10-20,1.0657437,simulation
1972-10-21,1.8217809,simulation
1972-10-22,0.86542547,simulation
1972-10-23,0.83565164,simulation
1972-10-24,1.2508357,simulation
1972-10-25,0.6529279,simulation
1972-10-26,0.5167575,simulation
1972-10-27,0.51467466,simulation
1972-10-28,0.45323974,simulation
1972-10-29,0.5914538,simulation
1972-10-30,1.1889061,simulation
1972-10-31,1.9040852,simulation
1972-11-01,2.3383842,simulation
1972-11-02,1.0055215,simulation
1972-11-03,1.3507215,simulation
1972-11-04,4.619978,simulation
1972-11-05,1.326788,simulation
1972-11-06,1.5863149,simulation
1972-11-07,0.81697947,simulation
1972-11-08,2.8125682,simulation
1972-11-09,0.9141938,simulation
1972-11-10,2.3104143,simulation
1972-11-11,0.51480585,simulation
1972-11-12,3.198379,simulation
1972-11-13,0.46758577,simulation
1972-11-14,0.92969054,simulation
1972-11-15,0.5821882,simulation
1972-11-16,0.4174966,simulation
1972-11-17,0.707733,simulation
1972-11-18,0.44283506,simulation
1972-11-19,0.5121005,simulation
1972-11-20,0.5528166,simulation
1972-11-21,0.5164566,simulation
1972-11-22,0.5997949,simulation
1972-11-23,0.6275607,simulation
1972-11-24,0.5216514,simulation
1972-11-25,0.41240934,simulation
1972-11-26,2.4862275,simulation
1972-11-27,1.8533028,simulation
1972-11-28,0.9649084,simulation
1972-11-29,0.58624476,simulation
1972-11-30,0.9352564,simulation
1972-12-01,1.5636585,simulation
1972-12-02,1.5696679,simulation
1972-12-03,1.1079967,simulation
1972-12-04,0.7170812,simulation
1972-12-05,0.47775304,simulation
1972-12-06,0.5746221,simulation
1972-12-07,0.9180957,simulation
1972-12-08,0.63210917,simulation
1972-12-09,0.83382124,simulation
1972-12-10,0.48451632,simulation
1972-12-11,0.3867236,simulation
1972-12-12,0.6651638,simulation
1972-12-13,0.42481324,simulation
1972-12-14,0.38253897,simulation
1972-12-15,0.5436301,simulation
1972-12-16,1.7271065,simulation
1972-12-17,1.099586,simulation
1972-12-18,1.2140069,simulation
1972-12-19,0.68500584,simulation
1972-12-20,0.38822109,simulation
1972-12-21,0.46574545,simulation
1972-12-22,0.52559197,simulation
1972-12-23,0.4712399,simulation
1972-12-24,0.84305006,simulation
1972-12-25,0.8864671,simulation
1972-12-26,0.59574145,simulation
1972-12-27,1.3693656,simulation
1972-12-28,1.2939343,simulation
1972-12-29,0.914788,simulation
1972-12-30,0.7098213,simulation
1972-12-31,0.9876479,simulation
1973-01-01,0.72311234,simulation
1973-01-02,0.74244034,simulation
1973-01-03,0.5134849,simulation
1973-01-04,0.68458426,simulation
1973-01-05,0.48033392,simulation
1973-01-06,0.5540827,simulation
1973-01-07,0.4968564,simulation
1973-01-08,0.49545836,simulation
1973-01-09,0.53811914,simulation
1973-01-10,0.58088076,simulation
1973-01-11,0.7984383,simulation
1973-01-12,0.94089174,simulation
1973-01-13,0.7471126,simulation
1973-01-14,1.124771,simulation
1973-01-15,1.859531,simulation
1973-01-16,1.8739846,simulation
1973-01-17,0.73910624,simulation
1973-01-18,0.71008825,simulation
1973-01-19,2.2418756,simulation
1973-01-20,0.90715176,simulation
1973-01-21,1.6104842,simulation
1973-01-22,3.3925703,simulation
1973-01-23,1.2952404,simulation
1973-01-24,1.4748158,simulation
1973-01-25,0.7748,simulation
1973-01-26,0.6259863,simulation
1973-01-27,1.7527457,simulation
1973-01-28,0.53565854,simulation
1973-01-29,1.0358298,simulation
1973-01-30,0.72026676,simulation
1973-01-31,0.6896251,simulation
1973-02-01,0.86599624,simulation
1973-02-02,2.5151865,simulation
1973-02-03,2.6778386,simulation
1973-02-04,1.87433,simulation
1973-02-05,1.7292676,simulation
1973-02-06,0.6876814,simulation
1973-02-07,0.7145058,simulation
1973-02-08,0.5090703,simulation
1973-02-09,0.79380006,simulation
1973-02-10,1.7153172,simulation
1973-02-11,1.071011,simulation
1973-02-12,0.95627266,simulation
1973-02-13,0.6931578,simulation
1973-02-14,0.5610286,simulation
1973-02-15,1.6482085,simulation
1973-02-16,1.220219,simulation
1973-02-17,0.6685385,simulation
1973-02-18,1.7410032,simulation
1973-02-19,1.3394896,simulation
1973-02-20,1.2711397,simulation
1973-02-21,0.72117084,simulation
1973-02-22,1.327901,simulation
1973-02-23,1.8178744,simulation
1973-02-24,2.4113944,simulation
1973-02-25,2.1511955,simulation
1973-02-26,2.181576,simulation
1973-02-27,3.922986,simulation
1973-02-28,3.1192932,simulation
1973-03-01,0.9603865,simulation
1973-03-02,1.3103203,simulation
1973-03-03,2.5189784,simulation
1973-03-04,1.926082,simulation
1973-03-05,0.88204587,simulation
1973-03-06,1.7596502,simulation
1973-03-07,8.57601,simulation
1973-03-08,0.63720614,simulation
1973-03-09,2.2533658,simulation
1973-03-10,1.0141977,simulation
1973-03-11,4.5535583,simulation
1973-03-12,8.53674,simulation
1973-03-13,1.1239201,simulation
1973-03-14,1.9160131,simulation
1973-03-15,1.7164322,simulation
1973-03-16,0.7800556,simulation
1973-03-17,7.3109818,simulation
1973-03-18,6.6682115,simulation
1973-03-19,2.7404013,simulation
1973-03-20,1.353163,simulation
1973-03-21,2.3423688,simulation
1973-03-22,2.536507,simulation
1973-03-23,7.19666,simulation
1973-03-24,0.8328175,simulation
1973-03-25,9.594781,simulation
1973-03-26,1.113676,simulation
1973-03-27,1.5469381,simulation
1973-03-28,3.1867971,simulation
1973-03-29,0.77690226,simulation
1973-03-30,0.69014376,simulation
1973-03-31,8.307484,simulation
1973-04-01,35.033066,simulation
1973-04-02,2.669154,simulation
1973-04-03,0.9112723,simulation
1973-04-04,1.231708,simulation
1973-04-05,7.3243465,simulation
1973-04-06,1.141292,simulation
1973-04-07,0.6803438,simulation
1973-04-08,19.132685,simulation
1973-04-09,5.7209635,simulation
1973-04-10,20.473225,simulation
1973-04-11,14.893497,simulation
1973-04-12,21.350245,simulation
1973-04-13,13.338085,simulation
1973-04-14,21.95561,simulation
1973-04-15,2.0473125,simulation
1973-04-16,0.92512745,simulation
1973-04-17,1.0868735,simulation
1973-04-18,7.040987,simulation
1973-04-19,2.3131812,simulation
1973-04-20,16.61645,simulation
1973-04-21,6.369089,simulation
1973-04-22,3.556525,simulation
1973-04-23,1.4740374,simulation
1973-04-24,1.7768905,simulation
1973-04-25,2.3605783,simulation
1973-04-26,2.470236,simulation
1973-04-27,8.934588,simulation
1973-04-28,36.344894,simulation
1973-04-29,44.239597,simulation
1973-04-30,9.269915,simulation
1973-05-01,2.0897484,simulation
1973-05-02,2.7541747,simulation
1973-05-03,12.558879,simulation
1973-05-04,42.01958,simulation
1973-05-05,41.781628,simulation
1973-05-06,1.3954543,simulation
1973-05-07,1.2596852,simulation
1973-05-08,52.30325,simulation
1973-05-09,57.263172,simulation
1973-05-10,75.535034,simulation
1973-05-11,18.886621,simulation
1973-05-12,1.3053528,simulation
1973-05-13,15.838328,simulation
1973-05-14,33.482933,simulation
1973-05-15,9.501949,simulation
1973-05-16,54.00317,simulation
1973-05-17,57.909725,simulation
1973-05-18,13.063151,simulation
1973-05-19,67.79084,simulation
1973-05-20,5.2548575,simulation
1973-05-21,4.583049,simulation
1973-05-22,7.923288,simulation
1973-05-23,8.574884,simulation
1973-05-24,23.59751,simulation
1973-05-25,11.1734705,simulation
1973-05-26,3.2485104,simulation
1973-05-27,1.8074377,simulation
1973-05-28,72.29343,simulation
1973-05-29,42.585205,simulation
1973-05-30,42.4349,simulation
1973-05-31,18.039068,simulation
1973-06-01,1.5416651,simulation
1973-06-02,10.579417,simulation
1973-06-03,26.485435,simulation
1973-06-04,6.898987,simulation
1973-06-05,6.4211698,simulation
1973-06-06,2.5985293,simulation
1973-06-07,2.4624057,simulation
1973-06-08,5.5567827,simulation
1973-06-09,7.9262495,simulation
1973-06-10,6.3228464,simulation
1973-06-11,1.9165109,simulation
1973-06-12,5.7078013,simulation
1973-06-13,11.664246,simulation
1973-06-14,10.047314,simulation
1973-06-15,4.225337,simulation
1973-06-16,6.028202,simulation
1973-06-17,15.380385,simulation
1973-06-18,38.786297,simulation
1973-06-19,28.994951,simulation
1973-06-20,9.3496895,simulation
1973-06-21,9.637767,simulation
1973-06-22,10.021191,simulation
1973-06-23,3.4753854,simulation
1973-06-24,4.7689157,simulation
1973-06-25,76.41398,simulation
1973-06-26,17.365137,simulation
1973-06-27,9.981032,simulation
1973-06-28,12.722829,simulation
1973-06-29,43.658054,simulation
1973-06-30,3.338854,simulation
1973-07-01,20.006264,simulation
1973-07-02,29.109781,simulation
1973-07-03,6.233083,simulation
1973-07-04,15.903904,simulation
1973-07-05,4.7959394,simulation
1973-07-06,1.3149433,simulation
1973-07-07,3.3589895,simulation
1973-07-08,21.87286,simulation
1973-07-09,47.423134,simulation
1973-07-10,33.560547,simulation
1973-07-11,17.659105,simulation
1973-07-12,74.777405,simulation
1973-07-13,45.59367,simulation
1973-07-14,35.264263,simulation
1973-07-15,43.135925,simulation
1973-07-16,26.810228,simulation
1973-07-17,4.2376924,simulation
1973-07-18,4.710605,simulation
1973-07-19,7.9779887,simulation
1973-07-20,11.423891,simulation
1973-07-21,19.900553,simulation
1973-07-22,13.249096,simulation
1973-07-23,52.83055,simulation
1973-07-24,23.504833,simulation
1973-07-25,3.2736752,simulation
1973-07-26,1.7727922,simulation
1973-07-27,4.6280346,simulation
1973-07-28,41.982586,simulation
1973-07-29,4.4000845,simulation
1973-07-30,6.8068485,simulation
1973-07-31,3.5397637,simulation
1973-08-01,1.3389049,simulation
1973-08-02,23.172302,simulation
1973-08-03,35.76321,simulation
1973-08-04,29.062164,simulation
1973-08-05,22.789577,simulation
1973-08-06,10.537673,simulation
1973-08-07,13.849973,simulation
1973-08-08,43.78666,simulation
1973-08-09,37.48327,simulation
1973-08-10,29.672874,simulation
1973-08-11,28.701483,simulation
1973-08-12,9.390491,simulation
1973-08-13,6.379354,simulation
1973-08-14,6.055071,simulation
1973-08-15,16.865355,simulation
1973-08-16,3.0457528,simulation
1973-08-17,1.4014663,simulation
1973-08-18,1.7705477,simulation
1973-08-19,28.851208,simulation
1973-08-20,46.273052,simulation
1973-08-21,66.2541,simulation
1973-08-22,61.355797,simulation
1973-08-23,43.223736,simulation
1973-08-24,34.272842,simulation
1973-08-25,19.176283,simulation
1973-08-26,25.208096,simulation
1973-08-27,24.404572,simulation
1973-08-28,19.620235,simulation
1973-08-29,6.556089,simulation
1973-08-30,14.484478,simulation
1973-08-31,21.249615,simulation
1973-09-01,1.4423656,simulation
1973-09-02,0.9239819,simulation
1973-09-03,4.270717,simulation
1973-09-04,2.0586824,simulation
1973-09-05,1.0047258,simulation
1973-09-06,0.87388086,simulation
1973-09-07,1.62133,simulation
1973-09-08,18.302315,simulation
1973-09-09,9.117521,simulation
1973-09-10,2.0253537,simulation
1973-09-11,0.7777419,simulation
1973-09-12,1.2297282,simulation
1973-09-13,0.95430773,simulation
1973-09-14,3.04603,simulation
1973-09-15,14.073963,simulation
1973-09-16,9.847694,simulation
1973-09-17,4.4435863,simulation
1973-09-18,7.212261,simulation
1973-09-19,21.388775,simulation
1973-09-20,24.693527,simulation
1973-09-21,30.407291,simulation
1973-09-22,15.2860155,simulation
1973-09-23,4.5063405,simulation
1973-09-24,3.6848917,simulation
1973-09-25,7.475225,simulation
1973-09-26,5.643849,simulation
1973-09-27,1.1189007,simulation
1973-09-28,1.8149875,simulation
1973-09-29,2.3779347,simulation
1973-09-30,1.280941,simulation
1973-10-01,2.8277354,simulation
1973-10-02,2.233072,simulation
1973-10-03,6.838421,simulation
1973-10-04,9.214933,simulation
1973-10-05,17.64557,simulation
1973-10-06,5.5880585,simulation
1973-10-07,15.498058,simulation
1973-10-08,6.541124,simulation
1973-10-09,7.6828694,simulation
1973-10-10,10.534762,simulation
1973-10-11,7.904555,simulation
1973-10-12,12.720465,simulation
1973-10-13,1.990535,simulation
1973-10-14,0.556903,simulation
1973-10-15,0.62481964,simulation
1973-10-16,0.5642715,simulation
1973-10-17,16.0291,simulation
1973-10-18,8.554015,simulation
1973-10-19,7.6867476,simulation
1973-10-20,4.0976615,simulation
1973-10-21,7.907664,simulation
1973-10-22,8.932619,simulation
1973-10-23,7.590011,simulation
1973-10-24,7.309022,simulation
1973-10-25,6.6719046,simulation
1973-10-26,4.8516073,simulation
1973-10-27,3.3455958,simulation
1973-10-28,3.009693,simulation
1973-10-29,3.472716,simulation
1973-10-30,3.863814,simulation
1973-10-31,0.72630817,simulation
1973-11-01,4.4407945,simulation
1973-11-02,2.0841117,simulation
1973-11-03,2.0649,simulation
1973-11-04,1.5997765,simulation
1973-11-05,0.5545231,simulation
1973-11-06,3.0588365,simulation
1973-11-07,0.3865302,simulation
1973-11-08,0.9748674,simulation
1973-11-09,1.1278545,simulation
1973-11-10,4.273513,simulation
1973-11-11,2.7933686,simulation
1973-11-12,3.3561625,simulation
1973-11-13,3.2527275,simulation
1973-11-14,2.3169026,simulation
1973-11-15,1.0290102,simulation
1973-11-16,4.200746,simulation
1973-11-17,2.9482388,simulation
1973-11-18,2.0227463,simulation
1973-11-19,1.3014655,simulation
1973-11-20,1.2065442,simulation
1973-11-21,2.1856098,simulation
1973-11-22,0.9397216,simulation
1973-11-23,0.98710275,simulation
1973-11-24,2.0153775,simulation
1973-11-25,0.94443583,simulation
1973-11-26,1.3917557,simulation
1973-11-27,1.251747,simulation
1973-11-28,1.4882035,simulation
1973-11-29,2.285936,simulation
1973-11-30,2.331647,simulation
1973-12-01,2.2800777,simulation
1973-12-02,2.9138508,simulation
1973-12-03,3.787355,simulation
1973-12-04,4.2836437,simulation
1973-12-05,1.6703598,simulation
1973-12-06,2.3496048,simulation
1973-12-07,1.6230671,simulation
1973-12-08,0.6923551,simulation
1973-12-09,0.76448935,simulation
1973-12-10,1.7080464,simulation
1973-12-11,1.7499963,simulation
1973-12-12,1.7447954,simulation
1973-12-13,6.2755656,simulation
1973-12-14,1.9823647,simulation
1973-12-15,0.68503034,simulation
1973-12-16,0.8438619,simulation
1973-12-17,1.4758757,simulation
1973-12-18,2.4313893,simulation
1973-12-19,1.5784823,simulation
1973-12-20,0.56208414,simulation
1973-12-21,0.9134502,simulation
1973-12-22,1.3745855,simulation
1973-12-23,1.2641675,simulation
1973-12-24,0.9668123,simulation
1973-12-25,0.5175576,simulation
1973-12-26,1.2990946,simulation
1973-12-27,2.2330284,simulation
1973-12-28,2.4667125,simulation
1973-12-29,1.6222136,simulation
1973-12-30,0.7928818,simulation
1973-12-31,0.614157,simulation
1974-01-01,0.85338634,simulation
1974-01-02,0.49250877,simulation
1974-01-03,0.4777152,simulation
1974-01-04,0.46708748,simulation
1974-01-05,0.43155894,simulation
1974-01-06,0.4894636,simulation
1974-01-07,0.97011644,simulation
1974-01-08,0.5562643,simulation
1974-01-09,0.7443683,simulation
1974-01-10,1.6620446,simulation
1974-01-11,0.5349543,simulation
1974-01-12,1.0165684,simulation
1974-01-13,0.87130505,simulation
1974-01-14,0.58250105,simulation
1974-01-15,1.4323055,simulation
1974-01-16,0.4832145,simulation
1974-01-17,0.99074215,simulation
1974-01-18,1.1361837,simulation
1974-01-19,0.9267266,simulation
1974-01-20,1.0387115,simulation
1974-01-21,1.5471396,simulation
1974-01-22,2.4197524,simulation
1974-01-23,0.48524323,simulation
1974-01-24,0.42903176,simulation
1974-01-25,0.43079752,simulation
1974-01-26,0.8433223,simulation
1974-01-27,1.9942373,simulation
1974-01-28,1.2202901,simulation
1974-01-29,1.7296249,simulation
1974-01-30,2.787985,simulation
1974-01-31,2.1737852,simulation
1974-02-01,0.63394433,simulation
1974-02-02,1.2030531,simulation
1974-02-03,0.6660068,simulation
1974-02-04,1.9355024,simulation
1974-02-05,4.1116986,simulation
1974-02-06,0.5538716,simulation
1974-02-07,0.4906224,simulation
1974-02-08,0.6244669,simulation
1974-02-09,1.2857281,simulation
1974-02-10,2.1371849,simulation
1974-02-11,2.7031078,simulation
1974-02-12,4.5855756,simulation
1974-02-13,1.9999912,simulation
1974-02-14,0.7107189,simulation
1974-02-15,0.4091933,simulation
1974-02-16,0.7294593,simulation
1974-02-17,3.2705348,simulation
1974-02-18,1.1540452,simulation
1974-02-19,1.5577644,simulation
1974-02-20,5.2058625,simulation
1974-02-21,0.9223983,simulation
1974-02-22,1.3445047,simulation
1974-02-23,1.7864288,simulation
1974-02-24,2.2288387,simulation
1974-02-25,3.4595208,simulation
1974-02-26,2.9702203,simulation
1974-02-27,6.0664587,simulation
1974-02-28,2.3463085,simulation
1974-03-01,1.3594983,simulation
1974-03-02,2.3649178,simulation
1974-03-03,5.700456,simulation
1974-03-04,3.3242037,simulation
1974-03-05,5.5710764,simulation
1974-03-06,4.0857806,simulation
1974-03-07,5.4155817,simulation
1974-03-08,8.951562,simulation
1974-03-09,2.1078548,simulation
1974-03-10,1.0388182,simulation
1974-03-11,0.74482465,simulation
1974-03-12,3.5185056,simulation
1974-03-13,0.6966809,simulation
1974-03-14,6.7202425,simulation
1974-03-15,1.0980098,simulation
1974-03-16,5.8470163,simulation
1974-03-17,5.776699,simulation
1974-03-18,3.0974126,simulation
1974-03-19,1.648118,simulation
1974-03-20,1.9157916,simulation
1974-03-21,0.7019404,simulation
1974-03-22,8.110908,simulation
1974-03-23,3.2875226,simulation
1974-03-24,1.0913433,simulation
1974-03-25,0.7281998,simulation
1974-03-26,0.51297855,simulation
1974-03-27,0.8152325,simulation
1974-03-28,0.9101299,simulation
1974-03-29,30.017702,simulation
1974-03-30,24.950544,simulation
1974-03-31,38.73043,simulation
1974-04-01,5.2574286,simulation
1974-04-02,34.17481,simulation
1974-04-03,5.700891,simulation
1974-04-04,2.158283,simulation
1974-04-05,18.549587,simulation
1974-04-06,13.62097,simulation
1974-04-07,4.029753,simulation
1974-04-08,7.449863,simulation
1974-04-09,21.108139,simulation
1974-04-10,17.720694,simulation
1974-04-11,4.5242066,simulation
1974-04-12,0.5918083,simulation
1974-04-13,0.8053589,simulation
1974-04-14,3.6343572,simulation
1974-04-15,2.525455,simulation
1974-04-16,29.792099,simulation
1974-04-17,29.842855,simulation
1974-04-18,23.314756,simulation
1974-04-19,4.5534782,simulation
1974-04-20,25.478699,simulation
1974-04-21,4.738016,simulation
1974-04-22,0.8130061,simulation
1974-04-23,11.4219475,simulation
1974-04-24,29.367252,simulation
1974-04-25,18.041145,simulation
1974-04-26,24.548864,simulation
1974-04-27,21.886036,simulation
1974-04-28,29.278896,simulation
1974-04-29,10.662494,simulation
1974-04-30,4.510056,simulation
1974-05-01,1.6204444,simulation
1974-05-02,9.657449,simulation
1974-05-03,20.65722,simulation
1974-05-04,2.7158396,simulation
1974-05-05,1.589885,simulation
1974-05-06,14.541744,simulation
1974-05-07,38.626503,simulation
1974-05-08,7.5341268,simulation
1974-05-09,11.918734,simulation
1974-05-10,1.4947939,simulation
1974-05-11,0.6000452,simulation
1974-05-12,51.03927,simulation
1974-05-13,65.23427,simulation
1974-05-14,50.462566,simulation
1974-05-15,1.4460629,simulation
1974-05-16,14.672459,simulation
1974-05-17,14.401022,simulation
1974-05-18,11.727016,simulation
1974-05-19,36.170204,simulation
1974-05-20,5.9792247,simulation
1974-05-21,2.6072185,simulation
1974-05-22,0.59980446,simulation
1974-05-23,5.8142934,simulation
1974-05-24,21.570518,simulation
1974-05-25,14.81127,simulation
1974-05-26,2.7202454,simulation
1974-05-27,16.912794,simulation
1974-05-28,46.9575,simulation
1974-05-29,8.889807,simulation
1974-05-30,7.663057,simulation
1974-05-31,3.8126123,simulation
1974-06-01,1.3049823,simulation
1974-06-02,4.408857,simulation
1974-06-03,12.288256,simulation
1974-06-04,23.26134,simulation
1974-06-05,4.028789,simulation
1974-06-06,2.9165716,simulation
1974-06-07,4.130821,simulation
1974-06-08,2.396173,simulation
1974-06-09,32.714638,simulation
1974-06-10,3.8122046,simulation
1974-06-11,60.295372,simulation
1974-06-12,3.6243749,simulation
1974-06-13,6.7447286,simulation
1974-06-14,39.763596,simulation
1974-06-15,1.8862637,simulation
1974-06-16,10.080592,simulation
1974-06-17,41.960575,simulation
1974-06-18,2.945998,simulation
1974-06-19,42.471436,simulation
1974-06-20,38.3436,simulation
1974-06-21,50.120125,simulation
1974-06-22,60.19629,simulation
1974-06-23,1.1896983,simulation
1974-06-24,32.91604,simulation
1974-06-25,48.859814,simulation
1974-06-26,49.802597,simulation
1974-06-27,44.001755,simulation
1974-06-28,48.67919,simulation
1974-06-29,28.276209,simulation
1974-06-30,39.354168,simulation
1974-07-01,33.4146,simulation
1974-07-02,26.373135,simulation
1974-07-03,40.1389,simulation
1974-07-04,17.979786,simulation
1974-07-05,2.2158344,simulation
1974-07-06,2.9694667,simulation
1974-07-07,26.608997,simulation
1974-07-08,21.270267,simulation
1974-07-09,14.342092,simulation
1974-07-10,28.575047,simulation
1974-07-11,61.67053,simulation
1974-07-12,34.699375,simulation
1974-07-13,28.707134,simulation
1974-07-14,14.422931,simulation
1974-07-15,18.03194,simulation
1974-07-16,9.439676,simulation
1974-07-17,54.227665,simulation
1974-07-18,2.4989839,simulation
1974-07-19,34.20789,simulation
1974-07-20,25.269743,simulation
1974-07-21,46.315517,simulation
1974-07-22,31.23999,simulation
1974-07-23,0.8945484,simulation
1974-07-24,0.83694637,simulation
1974-07-25,3.4211035,simulation
1974-07-26,1.0914445,simulation
1974-07-27,5.445998,simulation
1974-07-28,14.511204,simulation
1974-07-29,56.83988,simulation
1974-07-30,22.414251,simulation
1974-07-31,9.726157,simulation
1974-08-01,6.4011817,simulation
1974-08-02,2.654132,simulation
1974-08-03,9.09175,simulation
1974-08-04,4.3667984,simulation
1974-08-05,38.673798,simulation
1974-08-06,9.700713,simulation
1974-08-07,0.9661411,simulation
1974-08-08,1.5999401,simulation
1974-08-09,6.787402,simulation
1974-08-10,24.905762,simulation
1974-08-11,10.352087,simulation
1974-08-12,21.519808,simulation
1974-08-13,4.6534486,simulation
1974-08-14,4.5346127,simulation
1974-08-15,13.577097,simulation
1974-08-16,11.833828,simulation
1974-08-17,3.8241138,simulation
1974-08-18,5.990784,simulation
1974-08-19,16.662094,simulation
1974-08-20,12.061071,simulation
1974-08-21,35.71451,simulation
1974-08-22,4.9706674,simulation
1974-08-23,24.591873,simulation
1974-08-24,24.57918,simulation
1974-08-25,19.283903,simulation
1974-08-26,6.9495435,simulation
1974-08-27,6.3575563,simulation
1974-08-28,2.4406352,simulation
1974-08-29,3.3410032,simulation
1974-08-30,4.725764,simulation
1974-08-31,2.349416,simulation
1974-09-01,1.8312378,simulation
1974-09-02,1.8950173,simulation
1974-09-03,0.71309495,simulation
1974-09-04,4.2065096,simulation
1974-09-05,7.0596023,simulation
1974-09-06,0.74827105,simulation
1974-09-07,0.63174546,simulation
1974-09-08,1.0264845,simulation
1974-09-09,2.9648628,simulation
1974-09-10,3.8377497,simulation
1974-09-11,3.556144,simulation
1974-09-12,0.724438,simulation
1974-09-13,1.9708686,simulation
1974-09-14,0.8291506,simulation
1974-09-15,8.144084,simulation
1974-09-16,18.621578,simulation
1974-09-17,6.875961,simulation
1974-09-18,31.544197,simulation
1974-09-19,25.768171,simulation
1974-09-20,10.544321,simulation
1974-09-21,12.662437,simulation
1974-09-22,23.436184,simulation
1974-09-23,3.425971,simulation
1974-09-24,1.7680202,simulation
1974-09-25,0.61420697,simulation
1974-09-26,0.53272516,simulation
1974-09-27,1.2107502,simulation
1974-09-28,1.1855465,simulation
1974-09-29,6.783353,simulation
1974-09-30,18.388618,simulation
1974-10-01,17.328152,simulation
1974-10-02,16.82049,simulation
1974-10-03,11.628914,simulation
1974-10-04,9.950891,simulation
1974-10-05,11.656849,simulation
1974-10-06,10.419061,simulation
1974-10-07,12.659037,simulation
1974-10-08,6.81577,simulation
1974-10-09,1.4470657,simulation
1974-10-10,11.230084,simulation
1974-10-11,10.470975,simulation
1974-10-12,1.8730927,simulation
1974-10-13,1.1415625,simulation
1974-10-14,4.028608,simulation
1974-10-15,0.54137677,simulation
1974-10-16,8.748948,simulation
1974-10-17,7.728971,simulation
1974-10-18,6.785081,simulation
1974-10-19,12.010386,simulation
1974-10-20,7.1084995,simulation
1974-10-21,3.9137976,simulation
1974-10-22,8.425727,simulation
1974-10-23,1.945149,simulation
1974-10-24,5.909877,simulation
1974-10-25,1.0258385,simulation
1974-10-26,5.460677,simulation
1974-10-27,6.9920416,simulation
1974-10-28,1.2839986,simulation
1974-10-29,1.0549634,simulation
1974-10-30,1.9079016,simulation
1974-10-31,2.4290023,simulation
1974-11-01,0.8122443,simulation
1974-11-02,2.046686,simulation
1974-11-03,2.401252,simulation
1974-11-04,0.96167016,simulation
1974-11-05,1.3164827,simulation
1974-11-06,1.5169029,simulation
1974-11-07,0.72885716,simulation
1974-11-08,0.46491498,simulation
1974-11-09,1.9655335,simulation
1974-11-10,3.541894,simulation
1974-11-11,0.87150335,simulation
1974-11-12,4.789482,simulation
1974-11-13,3.5132337,simulation
1974-11-14,0.5021406,simulation
1974-11-15,1.7819817,simulation
1974-11-16,0.6739813,simulation
1974-11-17,0.42571443,simulation
1974-11-18,0.42966995,simulation
1974-11-19,0.72294617,simulation
1974-11-20,3.9466236,simulation
1974-11-21,2.1566074,simulation
1974-11-22,3.4707603,simulation
1974-11-23,3.7356265,simulation
1974-11-24,2.0017972,simulation
1974-11-25,2.9077098,simulation
1974-11-26,2.0149066,simulation
1974-11-27,2.0026908,simulation
1974-11-28,1.4004796,simulation
1974-11-29,1.3575453,simulation
1974-11-30,0.59479684,simulation
1974-12-01,0.80568665,simulation
1974-12-02,1.6966152,simulation
1974-12-03,1.4271528,simulation
1974-12-04,1.2468107,simulation
1974-12-05,1.4984362,simulation
1974-12-06,0.5105244,simulation
1974-12-07,0.66516006,simulation
1974-12-08,0.7198316,simulation
1974-12-09,1.1470861,simulation
1974-12-10,0.8012211,simulation
1974-12-11,0.9737014,simulation
1974-12-12,0.6849921,simulation
1974-12-13,0.8766291,simulation
1974-12-14,1.3073438,simulation
1974-12-15,0.8684298,simulation
1974-12-16,1.3243067,simulation
1974-12-17,0.89958256,simulation
1974-12-18,1.4323928,simulation
1974-12-19,0.5488131,simulation
1974-12-20,0.6084457,simulation
1974-12-21,1.7645569,simulation
1974-12-22,1.8420777,simulation
1974-12-23,0.5396921,simulation
1974-12-24,0.63156885,simulation
1974-12-25,0.5306796,simulation
1974-12-26,0.6018275,simulation
1974-12-27,0.488713,simulation
1974-12-28,0.3731637,simulation
1974-12-29,0.49724284,simulation
1974-12-30,0.61424726,simulation
1974-12-31,0.641882,simulation
1975-01-01,0.7199242,simulation
1975-01-02,1.8165002,simulation
1975-01-03,0.48731774,simulation
1975-01-04,1.2935234,simulation
1975-01-05,0.7612728,simulation
1975-01-06,1.0834714,simulation
1975-01-07,0.5572089,simulation
1975-01-08,0.84622234,simulation
1975-01-09,0.85726595,simulation
1975-01-10,0.60665625,simulation
1975-01-11,2.0958407,simulation
1975-01-12,0.57542086,simulation
1975-01-13,1.282891,simulation
1975-01-14,1.005931,simulation
1975-01-15,1.6272029,simulation
1975-01-16,0.5836066,simulation
1975-01-17,0.51207566,simulation
1975-01-18,0.96687347,simulation
1975-01-19,0.65404975,simulation
1975-01-20,1.1399448,simulation
1975-01-21,0.8248854,simulation
1975-01-22,0.68990546,simulation
1975-01-23,0.73215675,simulation
1975-01-24,0.40908974,simulation
1975-01-25,2.2480159,simulation
1975-01-26,2.3562593,simulation
1975-01-27,2.9091835,simulation
1975-01-28,1.0326986,simulation
1975-01-29,0.84432364,simulation
1975-01-30,0.5253361,simulation
1975-01-31,1.0570893,simulation
1975-02-01,0.5895359,simulation
1975-02-02,0.41545385,simulation
1975-02-03,0.39547998,simulation
1975-02-04,0.3911178,simulation
1975-02-05,0.9294505,simulation
1975-02-06,0.5175178,simulation
1975-02-07,1.323229,simulation
1975-02-08,1.8055329,simulation
1975-02-09,0.49329835,simulation
1975-02-10,0.44964826,simulation
1975-02-11,0.50592977,simulation
1975-02-12,0.5796565,simulation
1975-02-13,1.7581584,simulation
1975-02-14,3.4417462,simulation
1975-02-15,0.83624244,simulation
1975-02-16,1.4626378,simulation
1975-02-17,0.9888845,simulation
1975-02-18,0.7367676,simulation
1975-02-19,0.82620364,simulation
1975-02-20,0.9473822,simulation
1975-02-21,7.366868,simulation
1975-02-22,0.8790741,simulation
1975-02-23,0.7274246,simulation
1975-02-24,4.0490584,simulation
1975-02-25,5.236847,simulation
1975-02-26,4.4526663,simulation
1975-02-27,1.8054183,simulation
1975-02-28,0.5312249,simulation
1975-03-01,2.0686905,simulation
1975-03-02,3.1041114,simulation
1975-03-03,1.1494298,simulation
1975-03-04,0.5321747,simulation
1975-03-05,2.576599,simulation
1975-03-06,0.61860824,simulation
1975-03-07,1.6765667,simulation
1975-03-08,7.890866,simulation
1975-03-09,1.2946347,simulation
1975-03-10,1.044978,simulation
1975-03-11,0.82759255,simulation
1975-03-12,2.9279547,simulation
1975-03-13,0.42059335,simulation
1975-03-14,1.7533362,simulation
1975-03-15,0.8064835,simulation
1975-03-16,0.5076062,simulation
1975-03-17,0.6297383,simulation
1975-03-18,2.5304115,simulation
1975-03-19,9.194311,simulation
1975-03-20,3.8329022,simulation
1975-03-21,6.1545067,simulation
1975-03-22,1.3261521,simulation
1975-03-23,1.0950184,simulation
1975-03-24,16.504553,simulation
1975-03-25,14.17687,simulation
1975-03-26,12.696138,simulation
1975-03-27,3.276316,simulation
1975-03-28,1.2101882,simulation
1975-03-29,0.5419705,simulation
1975-03-30,1.2818134,simulation
1975-03-31,1.8095827,simulation
1975-04-01,1.0218683,simulation
1975-04-02,0.6872904,simulation
1975-04-03,9.477281,simulation
1975-04-04,2.1001527,simulation
1975-04-05,3.2818727,simulation
1975-04-06,5.369915,simulation
1975-04-07,1.0474722,simulation
1975-04-08,0.5449373,simulation
1975-04-09,0.71272033,simulation
1975-04-10,0.5840575,simulation
1975-04-11,13.674395,simulation
1975-04-12,18.385565,simulation
1975-04-13,0.9644312,simulation
1975-04-14,0.49768606,simulation
1975-04-15,8.585723,simulation
1975-04-16,6.4991865,simulation
1975-04-17,2.3879354,simulation
1975-04-18,3.4767892,simulation
1975-04-19,0.9260686,simulation
1975-04-20,1.5528251,simulation
1975-04-21,18.357014,simulation
1975-04-22,6.4215198,simulation
1975-04-23,1.5410041,simulation
1975-04-24,6.755977,simulation
1975-04-25,5.0084934,simulation
1975-04-26,5.822211,simulation
1975-04-27,4.5412917,simulation
1975-04-28,1.4169301,simulation
1975-04-29,0.8181263,simulation
1975-04-30,0.7468769,simulation
1975-05-01,6.372265,simulation
1975-05-02,2.7747133,simulation
1975-05-03,0.7738293,simulation
1975-05-04,9.30318,simulation
1975-05-05,4.6088953,simulation
1975-05-06,0.9060576,simulation
1975-05-07,0.9166222,simulation
1975-05-08,1.5602608,simulation
1975-05-09,0.97578603,simulation
1975-05-10,2.9670005,simulation
1975-05-11,8.929456,simulation
1975-05-12,24.622393,simulation
1975-05-13,9.730468,simulation
1975-05-14,1.0321993,simulation
1975-05-15,2.2308402,simulation
1975-05-16,3.8521953,simulation
1975-05-17,4.4194794,simulation
1975-05-18,26.066809,simulation
1975-05-19,37.748966,simulation
1975-05-20,33.210823,simulation
1975-05-21,26.9499,simulation
1975-05-22,62.683247,simulation
1975-05-23,42.993114,simulation
1975-05-24,15.117774,simulation
1975-05-25,5.9131756,simulation
1975-05-26,15.609211,simulation
1975-05-27,28.296356,simulation
1975-05-28,17.42971,simulation
1975-05-29,2.0665386,simulation
1975-05-30,1.1116923,simulation
1975-05-31,2.6162548,simulation
1975-06-01,19.856537,simulation
1975-06-02,62.971867,simulation
1975-06-03,53.818718,simulation
1975-06-04,40.721176,simulation
1975-06-05,6.5847583,simulation
1975-06-06,2.2896557,simulation
1975-06-07,1.9606695,simulation
1975-06-08,1.0538095,simulation
1975-06-09,1.1621909,simulation
1975-06-10,1.0968944,simulation
1975-06-11,1.0754458,simulation
1975-06-12,4.328296,simulation
1975-06-13,37.823395,simulation
1975-06-14,3.9337008,simulation
1975-06-15,2.997448,simulation
1975-06-16,40.39609,simulation
1975-06-17,41.789703,simulation
1975-06-18,11.2632675,simulation
1975-06-19,37.55275,simulation
1975-06-20,37.907074,simulation
1975-06-21,23.818161,simulation
1975-06-22,22.417967,simulation
1975-06-23,32.938553,simulation
1975-06-24,29.39508,simulation
1975-06-25,53.045692,simulation
1975-06-26,29.537756,simulation
1975-06-27,8.829669,simulation
1975-06-28,15.28331,simulation
1975-06-29,10.370248,simulation
1975-06-30,6.960916,simulation
1975-07-01,35.214165,simulation
1975-07-02,18.983278,simulation
1975-07-03,6.6977434,simulation
1975-07-04,22.91222,simulation
1975-07-05,42.166515,simulation
1975-07-06,14.265339,simulation
1975-07-07,33.28606,simulation
1975-07-08,1.8119015,simulation
1975-07-09,22.05404,simulation
1975-07-10,4.0075192,simulation
1975-07-11,2.6274662,simulation
1975-07-12,29.175089,simulation
1975-07-13,29.63197,simulation
1975-07-14,2.056652,simulation
1975-07-15,4.483824,simulation
1975-07-16,9.475369,simulation
1975-07-17,6.6205134,simulation
1975-07-18,7.1458745,simulation
1975-07-19,3.437691,simulation
1975-07-20,4.362353,simulation
1975-07-21,6.145955,simulation
1975-07-22,10.873889,simulation
1975-07-23,15.69509,simulation
1975-07-24,8.117027,simulation
1975-07-25,1.8450212,simulation
1975-07-26,3.5730748,simulation
1975-07-27,8.659388,simulation
1975-07-28,3.1316893,simulation
1975-07-29,2.8114026,simulation
1975-07-30,0.9355044,simulation
1975-07-31,1.6730976,simulation
1975-08-01,0.9075578,simulation
1975-08-02,2.6626544,simulation
1975-08-03,3.0805802,simulation
1975-08-04,1.6615,simulation
1975-08-05,2.3134582,simulation
1975-08-06,26.335726,simulation
1975-08-07,5.2082114,simulation
1975-08-08,15.143471,simulation
1975-08-09,1.2549965,simulation
1975-08-10,1.9722382,simulation
1975-08-11,6.261341,simulation
1975-08-12,8.671755,simulation
1975-08-13,10.096187,simulation
1975-08-14,18.818613,simulation
1975-08-15,12.988116,simulation
1975-08-16,8.943842,simulation
1975-08-17,11.493048,simulation
1975-08-18,8.311826,simulation
1975-08-19,10.617073,simulation
1975-08-20,18.811165,simulation
1975-08-21,17.222057,simulation
1975-08-22,16.983894,simulation
1975-08-23,12.033832,simulation
1975-08-24,20.415436,simulation
1975-08-25,13.72676,simulation
1975-08-26,25.330063,simulation
1975-08-27,36.188587,simulation
1975-08-28,36.204243,simulation
1975-08-29,16.970268,simulation
1975-08-30,23.500954,simulation
1975-08-31,24.88848,simulation
1975-09-01,30.366247,simulation
1975-09-02,46.401226,simulation
1975-09-03,51.518764,simulation
1975-09-04,31.790161,simulation
1975-09-05,4.743068,simulation
1975-09-06,0.7935114,simulation
1975-09-07,1.2858238,simulation
1975-09-08,1.9412161,simulation
1975-09-09,3.8487146,simulation
1975-09-10,12.568832,simulation
1975-09-11,6.6661716,simulation
1975-09-12,4.291598,simulation
1975-09-13,10.190093,simulation
1975-09-14,4.9186373,simulation
1975-09-15,1.3494208,simulation
1975-09-16,0.70078605,simulation
1975-09-17,1.1042255,simulation
1975-09-18,11.070203,simulation
1975-09-19,10.029482,simulation
1975-09-20,7.005598,simulation
1975-09-21,21.6133,simulation
1975-09-22,0.71638227,simulation
1975-09-23,1.1987232,simulation
1975-09-24,5.129239,simulation
1975-09-25,9.380647,simulation
1975-09-26,10.141223,simulation
1975-09-27,11.440412,simulation
1975-09-28,11.765399,simulation
1975-09-29,12.097408,simulation
1975-09-30,0.99797404,simulation
1975-10-01,0.69099396,simulation
1975-10-02,18.820309,simulation
1975-10-03,5.945162,simulation
1975-10-04,1.2571801,simulation
1975-10-05,0.47629693,simulation
1975-10-06,0.46122682,simulation
1975-10-07,0.42499083,simulation
1975-10-08,4.5360436,simulation
1975-10-09,9.82591,simulation
1975-10-10,11.906023,simulation
1975-10-11,12.870657,simulation
1975-10-12,10.939992,simulation
1975-10-13,12.8016615,simulation
1975-10-14,9.831015,simulation
1975-10-15,1.3346527,simulation
1975-10-16,0.402161,simulation
1975-10-17,0.69739175,simulation
1975-10-18,3.7434733,simulation
1975-10-19,5.765793,simulation
1975-10-20,6.479517,simulation
1975-10-21,7.600482,simulation
1975-10-22,2.6330214,simulation
1975-10-23,1.5201472,simulation
1975-10-24,1.7168683,simulation
1975-10-25,0.58566695,simulation
1975-10-26,0.42050472,simulation
1975-10-27,0.53341526,simulation
1975-10-28,3.243638,simulation
1975-10-29,3.3804703,simulation
1975-10-30,7.9960604,simulation
1975-10-31,3.7741206,simulation
1975-11-01,7.256569,simulation
1975-11-02,5.1902,simulation
1975-11-03,2.0956087,simulation
1975-11-04,0.6160472,simulation
1975-11-05,0.60357744,simulation
1975-11-06,0.43729737,simulation
1975-11-07,0.72977793,simulation
1975-11-08,1.0871413,simulation
1975-11-09,0.6261761,simulation
1975-11-10,0.93789726,simulation
1975-11-11,1.5179379,simulation
1975-11-12,6.7183156,simulation
1975-11-13,3.187043,simulation
1975-11-14,1.6937209,simulation
1975-11-15,2.317796,simulation
1975-11-16,2.5938017,simulation
1975-11-17,2.5902956,simulation
1975-11-18,1.2520565,simulation
1975-11-19,3.7505279,simulation
1975-11-20,0.6780321,simulation
1975-11-21,1.9126809,simulation
1975-11-22,0.82210493,simulation
1975-11-23,0.4893486,simulation
1975-11-24,0.5014194,simulation
1975-11-25,1.2540159,simulation
1975-11-26,0.4545839,simulation
1975-11-27,1.2286868,simulation
1975-11-28,0.8495725,simulation
1975-11-29,0.8833321,simulation
1975-11-30,0.5730258,simulation
1975-12-01,1.8116449,simulation
1975-12-02,1.3372236,simulation
1975-12-03,1.5990305,simulation
1975-12-04,0.9696441,simulation
1975-12-05,0.9754755,simulation
1975-12-06,0.44387528,simulation
1975-12-07,0.36876193,simulation
1975-12-08,0.40801406,simulation
1975-12-09,0.81746614,simulation
1975-12-10,1.074306,simulation
1975-12-11,1.7966789,simulation
1975-12-12,1.0181406,simulation
1975-12-13,1.6417303,simulation
1975-12-14,1.1425952,simulation
1975-12-15,0.6131778,simulation
1975-12-16,0.34007552,simulation
1975-12-17,0.44898993,simulation
1975-12-18,0.80508465,simulation
1975-12-19,0.6937439,simulation
1975-12-20,0.8437033,simulation
1975-12-21,0.9291544,simulation
1975-12-22,0.703858,simulation
1975-12-23,1.205307,simulation
1975-12-24,0.697693,simulation
1975-12-25,0.39809775,simulation
1975-12-26,0.44703627,simulation
1975-12-27,0.79004276,simulation
1975-12-28,1.1135712,simulation
1975-12-29,0.4413859,simulation
1975-12-30,0.34625,simulation
1975-12-31,0.742545,simulation
1976-01-01,1.4723154,simulation
1976-01-02,1.023382,simulation
1976-01-03,0.56283814,simulation
1976-01-04,0.8174261,simulation
1976-01-05,0.6661236,simulation
1976-01-06,1.7044928,simulation
1976-01-07,0.3950078,simulation
1976-01-08,0.700904,simulation
1976-01-09,0.9476988,simulation
1976-01-10,1.1816242,simulation
1976-01-11,0.50290936,simulation
1976-01-12,0.34591705,simulation
1976-01-13,0.55750084,simulation
1976-01-14,1.5684386,simulation
1976-01-15,1.2859873,simulation
1976-01-16,1.0260357,simulation
1976-01-17,1.6575145,simulation
1976-01-18,1.1935444,simulation
1976-01-19,2.5161602,simulation
1976-01-20,0.4624281,simulation
1976-01-21,1.5772489,simulation
1976-01-22,1.4592787,simulation
1976-01-23,2.326075,simulation
1976-01-24,0.5895756,simulation
1976-01-25,0.47769836,simulation
1976-01-26,0.4060609,simulation
1976-01-27,1.7180129,simulation
1976-01-28,1.5863199,simulation
1976-01-29,2.1825848,simulation
1976-01-30,2.882474,simulation
1976-01-31,0.56103575,simulation
1976-02-01,2.8701189,simulation
1976-02-02,1.8093698,simulation
1976-02-03,2.324044,simulation
1976-02-04,0.70814836,simulation
1976-02-05,0.8191334,simulation
1976-02-06,0.41603738,simulation
1976-02-07,1.2594966,simulation
1976-02-08,1.7868111,simulation
1976-02-09,2.0440686,simulation
1976-02-10,0.8597863,simulation
1976-02-11,0.5956462,simulation
1976-02-12,0.8887346,simulation
1976-02-13,1.1580796,simulation
1976-02-14,1.379671,simulation
1976-02-15,0.61160976,simulation
1976-02-16,1.3896861,simulation
1976-02-17,2.6448128,simulation
1976-02-18,5.4989333,simulation
1976-02-19,4.5989423,simulation
1976-02-20,2.0853188,simulation
1976-02-21,0.8528945,simulation
1976-02-22,0.7665938,simulation
1976-02-23,2.82986,simulation
1976-02-24,4.894826,simulation
1976-02-25,2.322195,simulation
1976-02-26,4.0290127,simulation
1976-02-27,4.3626313,simulation
1976-02-28,4.2556386,simulation
1976-02-29,1.0859865,simulation
1976-03-01,3.948557,simulation
1976-03-02,0.7686479,simulation
1976-03-03,0.89855486,simulation
1976-03-04,4.4997773,simulation
1976-03-05,0.87621343,simulation
1976-03-06,0.3806458,simulation
1976-03-07,1.1420034,simulation
1976-03-08,0.647268,simulation
1976-03-09,0.5201629,simulation
1976-03-10,2.774807,simulation
1976-03-11,1.5317802,simulation
1976-03-12,0.6463632,simulation
1976-03-13,0.71153086,simulation
1976-03-14,0.3877052,simulation
1976-03-15,0.38898945,simulation
1976-03-16,1.0729117,simulation
1976-03-17,5.377191,simulation
1976-03-18,3.5500002,simulation
1976-03-19,1.7759161,simulation
1976-03-20,1.9971266,simulation
1976-03-21,7.606093,simulation
1976-03-22,4.535511,simulation
1976-03-23,10.363649,simulation
1976-03-24,0.63360155,simulation
1976-03-25,0.56424403,simulation
1976-03-26,0.79663324,simulation
1976-03-27,17.269266,simulation
1976-03-28,1.2817119,simulation
1976-03-29,1.0248698,simulation
1976-03-30,0.4761876,simulation
1976-03-31,0.94093263,simulation
1976-04-01,13.746767,simulation
1976-04-02,16.95484,simulation
1976-04-03,3.247353,simulation
1976-04-04,3.0165398,simulation
1976-04-05,1.3544595,simulation
1976-04-06,7.618358,simulation
1976-04-07,7.3504653,simulation
1976-04-08,3.0530057,simulation
1976-04-09,19.283335,simulation
1976-04-10,1.7829736,simulation
1976-04-11,24.762135,simulation
1976-04-12,19.216177,simulation
1976-04-13,0.8819018,simulation
1976-04-14,6.5947766,simulation
1976-04-15,15.5797,simulation
1976-04-16,3.261315,simulation
1976-04-17,15.536682,simulation
1976-04-18,6.2518287,simulation
1976-04-19,7.2591515,simulation
1976-04-20,1.2812816,simulation
1976-04-21,18.741865,simulation
1976-04-22,30.684752,simulation
1976-04-23,12.314342,simulation
1976-04-24,0.8187148,simulation
1976-04-25,17.580313,simulation
1976-04-26,3.7011847,simulation
1976-04-27,15.208227,simulation
1976-04-28,3.6079054,simulation
1976-04-29,1.777005,simulation
1976-04-30,0.50609255,simulation
1976-05-01,3.0393426,simulation
1976-05-02,22.100723,simulation
1976-05-03,32.970943,simulation
1976-05-04,28.984594,simulation
1976-05-05,23.111633,simulation
1976-05-06,3.0381324,simulation
1976-05-07,0.45527014,simulation
1976-05-08,1.0847932,simulation
1976-05-09,2.6423113,simulation
1976-05-10,0.9425402,simulation
1976-05-11,1.8116639,simulation
1976-05-12,15.648806,simulation
1976-05-13,0.63631433,simulation
1976-05-14,0.74041235,simulation
1976-05-15,3.6329103,simulation
1976-05-16,5.4954977,simulation
1976-05-17,11.36249,simulation
1976-05-18,39.668797,simulation
1976-05-19,38.724396,simulation
1976-05-20,8.029645,simulation
1976-05-21,2.166534,simulation
1976-05-22,0.9634336,simulation
1976-05-23,23.51978,simulation
1976-05-24,6.2703304,simulation
1976-05-25,38.416176,simulation
1976-05-26,0.94435215,simulation
1976-05-27,0.80348814,simulation
1976-05-28,0.93593585,simulation
1976-05-29,19.456205,simulation
1976-05-30,37.563965,simulation
1976-05-31,1.2006652,simulation
1976-06-01,1.0080752,simulation
1976-06-02,7.2094536,simulation
1976-06-03,8.885932,simulation
1976-06-04,26.02476,simulation
1976-06-05,1.0001389,simulation
1976-06-06,25.368273,simulation
1976-06-07,57.44062,simulation
1976-06-08,31.283913,simulation
1976-06-09,39.508774,simulation
1976-06-10,47.681873,simulation
1976-06-11,57.074535,simulation
1976-06-12,54.789307,simulation
1976-06-13,58.864635,simulation
1976-06-14,61.760548,simulation
1976-06-15,32.76649,simulation
1976-06-16,0.8717074,simulation
1976-06-17,1.8239926,simulation
1976-06-18,3.4501235,simulation
1976-06-19,1.1745749,simulation
1976-06-20,35.799286,simulation
1976-06-21,49.050564,simulation
1976-06-22,6.9647646,simulation
1976-06-23,30.535234,simulation
1976-06-24,4.5186677,simulation
1976-06-25,11.145467,simulation
1976-06-26,3.9908702,simulation
1976-06-27,3.544553,simulation
1976-06-28,2.887559,simulation
1976-06-29,39.456463,simulation
1976-06-30,3.5773747,simulation
1976-07-01,3.3918304,simulation
1976-07-02,5.7777653,simulation
1976-07-03,8.9979105,simulation
1976-07-04,0.611829,simulation
1976-07-05,0.6238662,simulation
1976-07-06,12.221378,simulation
1976-07-07,27.095732,simulation
1976-07-08,13.524474,simulation
1976-07-09,37.962402,simulation
1976-07-10,26.893917,simulation
1976-07-11,36.19243,simulation
1976-07-12,38.218025,simulation
1976-07-13,35.882427,simulation
1976-07-14,14.579811,simulation
1976-07-15,14.229109,simulation
1976-07-16,23.218834,simulation
1976-07-17,1.8403149,simulation
1976-07-18,26.632462,simulation
1976-07-19,16.915976,simulation
1976-07-20,50.238266,simulation
1976-07-21,38.92582,simulation
1976-07-22,39.99572,simulation
1976-07-23,47.223026,simulation
1976-07-24,41.619446,simulation
1976-07-25,8.543145,simulation
1976-07-26,49.623066,simulation
1976-07-27,21.152906,simulation
1976-07-28,4.010576,simulation
1976-07-29,26.463017,simulation
1976-07-30,13.611093,simulation
1976-07-31,15.898509,simulation
1976-08-01,3.510376,simulation
1976-08-02,3.932784,simulation
1976-08-03,55.686302,simulation
1976-08-04,17.063951,simulation
1976-08-05,29.040167,simulation
1976-08-06,7.9164143,simulation
1976-08-07,28.946903,simulation
1976-08-08,23.436987,simulation
1976-08-09,51.837444,simulation
1976-08-10,45.66466,simulation
1976-08-11,43.865532,simulation
1976-08-12,34.696888,simulation
1976-08-13,14.558205,simulation
1976-08-14,16.266129,simulation
1976-08-15,22.989876,simulation
1976-08-16,16.281599,simulation
1976-08-17,39.421772,simulation
1976-08-18,37.840416,simulation
1976-08-19,44.157578,simulation
1976-08-20,44.047363,simulation
1976-08-21,17.141386,simulation
1976-08-22,2.7816176,simulation
1976-08-23,28.858854,simulation
1976-08-24,6.7748785,simulation
1976-08-25,15.69151,simulation
1976-08-26,8.155169,simulation
1976-08-27,1.0963247,simulation
1976-08-28,1.990538,simulation
1976-08-29,12.181326,simulation
1976-08-30,2.0346184,simulation
1976-08-31,6.2228208,simulation
1976-09-01,1.1776627,simulation
1976-09-02,1.2291691,simulation
1976-09-03,1.7923576,simulation
1976-09-04,1.4650412,simulation
1976-09-05,4.3121204,simulation
1976-09-06,6.1026053,simulation
1976-09-07,0.76700807,simulation
1976-09-08,1.6066152,simulation
1976-09-09,2.9283905,simulation
1976-09-10,3.693064,simulation
1976-09-11,19.619526,simulation
1976-09-12,26.667189,simulation
1976-09-13,29.17917,simulation
1976-09-14,12.999155,simulation
1976-09-15,18.344248,simulation
1976-09-16,19.655725,simulation
1976-09-17,10.664491,simulation
1976-09-18,2.0432358,simulation
1976-09-19,5.057784,simulation
1976-09-20,2.0529296,simulation
1976-09-21,2.2458973,simulation
1976-09-22,20.235289,simulation
1976-09-23,13.059717,simulation
1976-09-24,7.364021,simulation
1976-09-25,1.9175497,simulation
1976-09-26,2.9185154,simulation
1976-09-27,0.8554603,simulation
1976-09-28,0.46114618,simulation
1976-09-29,0.5526798,simulation
1976-09-30,5.017679,simulation
1976-10-01,12.955687,simulation
1976-10-02,15.187088,simulation
1976-10-03,12.560727,simulation
1976-10-04,10.191312,simulation
1976-10-05,3.985228,simulation
1976-10-06,0.42344248,simulation
1976-10-07,0.48915613,simulation
1976-10-08,0.4911262,simulation
1976-10-09,6.8764462,simulation
1976-10-10,7.3385506,simulation
1976-10-11,8.199665,simulation
1976-10-12,7.718941,simulation
1976-10-13,5.8150067,simulation
1976-10-14,7.0645533,simulation
1976-10-15,3.092396,simulation
1976-10-16,0.54831064,simulation
1976-10-17,8.410893,simulation
1976-10-18,5.5616636,simulation
1976-10-19,0.71116567,simulation
1976-10-20,0.9436315,simulation
1976-10-21,3.3228784,simulation
1976-10-22,4.108331,simulation
1976-10-23,2.2650528,simulation
1976-10-24,0.47948676,simulation
1976-10-25,0.5717863,simulation
1976-10-26,0.8816014,simulation
1976-10-27,0.90270704,simulation
1976-10-28,0.7115909,simulation
1976-10-29,0.5909233,simulation
1976-10-30,0.60259104,simulation
1976-10-31,1.972909,simulation
1976-11-01,3.3610024,simulation
1976-11-02,2.4163706,simulation
1976-11-03,2.999461,simulation
1976-11-04,1.9115927,simulation
1976-11-05,2.2952988,simulation
1976-11-06,3.3995655,simulation
1976-11-07,3.6645072,simulation
1976-11-08,2.680427,simulation
1976-11-09,4.4787188,simulation
1976-11-10,0.6418401,simulation
1976-11-11,0.38035592,simulation
1976-11-12,2.4251885,simulation
1976-11-13,0.6667875,simulation
1976-11-14,0.31900132,simulation
1976-11-15,0.34462792,simulation
1976-11-16,0.42105302,simulation
1976-11-17,0.5112773,simulation
1976-11-18,1.0642766,simulation
1976-11-19,0.41203976,simulation
1976-11-20,0.33312097,simulation
1976-11-21,2.6516805,simulation
1976-11-22,1.488057,simulation
1976-11-23,0.884072,simulation
1976-11-24,1.894629,simulation
1976-11-25,0.9925037,simulation
1976-11-26,0.46513498,simulation
1976-11-27,0.41845894,simulation
1976-11-28,0.37155053,simulation
1976-11-29,0.78690904,simulation
1976-11-30,1.0350949,simulation
1976-12-01,1.429681,simulation
1976-12-02,1.0849785,simulation
1976-12-03,1.2964748,simulation
1976-12-04,1.3252665,simulation
1976-12-05,1.4262193,simulation
1976-12-06,0.43132204,simulation
1976-12-07,0.4357915,simulation
1976-12-08,1.2121705,simulation
1976-12-09,1.6255285,simulation
1976-12-10,0.59700316,simulation
1976-12-11,0.36878416,simulation
1976-12-12,0.3464408,simulation
1976-12-13,0.5826386,simulation
1976-12-14,0.5315072,simulation
1976-12-15,0.43234476,simulation
1976-12-16,1.5438875,simulation
1976-12-17,1.2513055,simulation
1976-12-18,1.4512105,simulation
1976-12-19,0.7319027,simulation
1976-12-20,0.69539857,simulation
1976-12-21,1.328347,simulation
1976-12-22,0.4752854,simulation
1976-12-23,0.51418823,simulation
1976-12-24,0.9036549,simulation
1976-12-25,0.42306858,simulation
1976-12-26,1.9398093,simulation
1976-12-27,1.5791678,simulation
1976-12-28,0.90179336,simulation
1976-12-29,1.5678282,simulation
1976-12-30,0.8584529,simulation
1976-12-31,1.1832646,simulation
1977-01-01,0.930453,simulation
1977-01-02,0.61446166,simulation
1977-01-03,0.37150088,simulation
1977-01-04,0.40353516,simulation
1977-01-05,0.7230146,simulation
1977-01-06,0.40424594,simulation
1977-01-07,0.5623083,simulation
1977-01-08,0.5508741,simulation
1977-01-09,0.4454161,simulation
1977-01-10,1.059174,simulation
1977-01-11,0.8796636,simulation
1977-01-12,0.76505935,simulation
1977-01-13,0.80776936,simulation
1977-01-14,0.46284896,simulation
1977-01-15,1.133814,simulation
1977-01-16,0.9437348,simulation
1977-01-17,0.9268623,simulation
1977-01-18,0.63399327,simulation
1977-01-19,0.7949985,simulation
1977-01-20,1.7889165,simulation
1977-01-21,1.3195777,simulation
1977-01-22,0.7749203,simulation
1977-01-23,0.7449451,simulation
1977-01-24,0.42308536,simulation
1977-01-25,1.3558334,simulation
1977-01-26,1.0158201,simulation
1977-01-27,0.6721693,simulation
1977-01-28,1.329499,simulation
1977-01-29,1.4516397,simulation
1977-01-30,0.5174401,simulation
1977-01-31,1.1933397,simulation
1977-02-01,0.7796957,simulation
1977-02-02,1.9088644,simulation
1977-02-03,0.46370095,simulation
1977-02-04,1.2946596,simulation
1977-02-05,3.2234545,simulation
1977-02-06,2.1064746,simulation
1977-02-07,2.3248045,simulation
1977-02-08,0.7119122,simulation
1977-02-09,2.2464602,simulation
1977-02-10,2.3366585,simulation
1977-02-11,0.84797984,simulation
1977-02-12,0.46697116,simulation
1977-02-13,3.161035,simulation
1977-02-14,4.8807883,simulation
1977-02-15,1.2989975,simulation
1977-02-16,1.9227537,simulation
1977-02-17,2.007888,simulation
1977-02-18,1.5005411,simulation
1977-02-19,2.1630175,simulation
1977-02-20,4.1345954,simulation
1977-02-21,5.2012877,simulation
1977-02-22,5.298874,simulation
1977-02-23,1.0802617,simulation
1977-02-24,2.2205398,simulation
1977-02-25,21.376764,simulation
1977-02-26,1.2405875,simulation
1977-02-27,1.2643634,simulation
1977-02-28,2.7251105,simulation
1977-03-01,4.8138437,simulation
1977-03-02,2.5933738,simulation
1977-03-03,1.0324452,simulation
1977-03-04,1.8146758,simulation
1977-03-05,0.6009618,simulation
1977-03-06,0.5993622,simulation
1977-03-07,5.981285,simulation
1977-03-08,3.5748143,simulation
1977-03-09,1.0393392,simulation
1977-03-10,0.73246896,simulation
1977-03-11,0.8141335,simulation
1977-03-12,2.0420194,simulation
1977-03-13,15.543324,simulation
1977-03-14,17.080513,simulation
1977-03-15,1.9907494,simulation
1977-03-16,5.678932,simulation
1977-03-17,1.8681011,simulation
1977-03-18,5.605494,simulation
1977-03-19,1.5151731,simulation
1977-03-20,3.819099,simulation
1977-03-21,0.65801936,simulation
1977-03-22,13.910804,simulation
1977-03-23,9.6786785,simulation
1977-03-24,0.8526314,simulation
1977-03-25,2.7461116,simulation
1977-03-26,1.7778339,simulation
1977-03-27,0.9795992,simulation
1977-03-28,10.032201,simulation
1977-03-29,0.76407164,simulation
1977-03-30,2.3383133,simulation
1977-03-31,5.502256,simulation
1977-04-01,0.6848822,simulation
1977-04-02,1.5147345,simulation
1977-04-03,1.3099993,simulation
1977-04-04,0.7219534,simulation
1977-04-05,22.745403,simulation
1977-04-06,18.828665,simulation
1977-04-07,34.46409,simulation
1977-04-08,23.427397,simulation
1977-04-09,33.734848,simulation
1977-04-10,37.19167,simulation
1977-04-11,34.794662,simulation
1977-04-12,33.233185,simulation
1977-04-13,26.045702,simulation
1977-04-14,21.594,simulation
1977-04-15,14.401338,simulation
1977-04-16,27.76599,simulation
1977-04-17,3.6173117,simulation
1977-04-18,1.2049096,simulation
1977-04-19,1.7928065,simulation
1977-04-20,0.9060304,simulation
1977-04-21,0.5624838,simulation
1977-04-22,1.9583148,simulation
1977-04-23,4.6252847,simulation
1977-04-24,1.8982444,simulation
1977-04-25,26.166138,simulation
1977-04-26,16.311054,simulation
1977-04-27,36.758854,simulation
1977-04-28,16.632559,simulation
1977-04-29,38.018616,simulation
1977-04-30,44.153667,simulation
1977-05-01,2.4318805,simulation
1977-05-02,0.777779,simulation
1977-05-03,2.3138173,simulation
1977-05-04,2.3419917,simulation
1977-05-05,6.591304,simulation
1977-05-06,5.5343456,simulation
1977-05-07,2.0317478,simulation
1977-05-08,10.310012,simulation
1977-05-09,7.1180634,simulation
1977-05-10,49.82665,simulation
1977-05-11,14.923181,simulation
1977-05-12,17.721476,simulation
1977-05-13,8.734543,simulation
1977-05-14,5.42677,simulation
1977-05-15,8.918984,simulation
1977-05-16,12.782879,simulation
1977-05-17,6.4373302,simulation
1977-05-18,22.19891,simulation
1977-05-19,35.61452,simulation
1977-05-20,9.208824,simulation
1977-05-21,8.307927,simulation
1977-05-22,9.300352,simulation
1977-05-23,19.24823,simulation
1977-05-24,22.05619,simulation
1977-05-25,24.023298,simulation
1977-05-26,15.023313,simulation
1977-05-27,30.240097,simulation
1977-05-28,32.50639,simulation
1977-05-29,42.32208,simulation
1977-05-30,50.927105,simulation
1977-05-31,16.347593,simulation
1977-06-01,16.755178,simulation
1977-06-02,44.00114,simulation
1977-06-03,61.875637,simulation
1977-06-04,47.507435,simulation
1977-06-05,27.120956,simulation
1977-06-06,75.06204,simulation
1977-06-07,58.325077,simulation
1977-06-08,57.909657,simulation
1977-06-09,63.706383,simulation
1977-06-10,63.026226,simulation
1977-06-11,58.471664,simulation
1977-06-12,62.99534,simulation
1977-06-13,5.9633675,simulation
1977-06-14,1.0210283,simulation
1977-06-15,3.5881913,simulation
1977-06-16,8.232042,simulation
1977-06-17,7.9949145,simulation
1977-06-18,34.960934,simulation
1977-06-19,11.9097185,simulation
1977-06-20,13.841272,simulation
1977-06-21,51.45746,simulation
1977-06-22,61.66632,simulation
1977-06-23,44.002094,simulation
1977-06-24,43.63188,simulation
1977-06-25,40.37887,simulation
1977-06-26,31.264175,simulation
1977-06-27,34.476112,simulation
1977-06-28,45.246056,simulation
1977-06-29,25.416254,simulation
1977-06-30,35.24041,simulation
1977-07-01,30.581882,simulation
1977-07-02,5.981336,simulation
1977-07-03,8.447243,simulation
1977-07-04,31.372242,simulation
1977-07-05,58.58842,simulation
1977-07-06,36.026836,simulation
1977-07-07,13.483734,simulation
1977-07-08,16.81802,simulation
1977-07-09,6.6507773,simulation
1977-07-10,2.248109,simulation
1977-07-11,1.1961722,simulation
1977-07-12,2.4379005,simulation
1977-07-13,16.83341,simulation
1977-07-14,52.204758,simulation
1977-07-15,35.130432,simulation
1977-07-16,52.07504,simulation
1977-07-17,26.128307,simulation
1977-07-18,19.51394,simulation
1977-07-19,4.6923804,simulation
1977-07-20,5.502584,simulation
1977-07-21,3.5405986,simulation
1977-07-22,7.9642224,simulation
1977-07-23,9.573943,simulation
1977-07-24,12.70184,simulation
1977-07-25,7.113159,simulation
1977-07-26,0.8902341,simulation
1977-07-27,2.230158,simulation
1977-07-28,1.077428,simulation
1977-07-29,7.1633143,simulation
1977-07-30,1.9153287,simulation
1977-07-31,4.750111,simulation
1977-08-01,4.1665187,simulation
1977-08-02,5.4419136,simulation
1977-08-03,10.404776,simulation
1977-08-04,2.7990968,simulation
1977-08-05,5.6241436,simulation
1977-08-06,13.809759,simulation
1977-08-07,49.006603,simulation
1977-08-08,38.137886,simulation
1977-08-09,29.852674,simulation
1977-08-10,29.935427,simulation
1977-08-11,14.02679,simulation
1977-08-12,20.977903,simulation
1977-08-13,26.724913,simulation
1977-08-14,20.956535,simulation
1977-08-15,10.631476,simulation
1977-08-16,15.464611,simulation
1977-08-17,2.3041334,simulation
1977-08-18,0.8575173,simulation
1977-08-19,1.7769215,simulation
1977-08-20,2.8658216,simulation
1977-08-21,5.3343897,simulation
1977-08-22,5.145043,simulation
1977-08-23,6.931574,simulation
1977-08-24,9.952207,simulation
1977-08-25,2.511693,simulation
1977-08-26,5.7443814,simulation
1977-08-27,11.055273,simulation
1977-08-28,3.7348635,simulation
1977-08-29,24.7818,simulation
1977-08-30,36.69086,simulation
1977-08-31,45.958675,simulation
1977-09-01,37.548897,simulation
1977-09-02,39.97602,simulation
1977-09-03,24.89571,simulation
1977-09-04,1.1616853,simulation
1977-09-05,0.6783001,simulation
1977-09-06,0.62621266,simulation
1977-09-07,2.5726511,simulation
1977-09-08,14.351127,simulation
1977-09-09,0.83427733,simulation
1977-09-10,1.7808433,simulation
1977-09-11,24.703083,simulation
1977-09-12,15.22632,simulation
1977-09-13,2.92255,simulation
1977-09-14,1.8462012,simulation
1977-09-15,0.71745247,simulation
1977-09-16,1.1500758,simulation
1977-09-17,3.3323739,simulation
1977-09-18,2.451935,simulation
1977-09-19,1.1419402,simulation
1977-09-20,6.8431654,simulation
1977-09-21,20.572203,simulation
1977-09-22,13.427745,simulation
1977-09-23,3.8257742,simulation
1977-09-24,2.9004664,simulation
1977-09-25,2.8954575,simulation
1977-09-26,4.9712505,simulation
1977-09-27,3.0377016,simulation
1977-09-28,2.457118,simulation
1977-09-29,1.0353436,simulation
1977-09-30,7.098555,simulation
1977-10-01,3.5475261,simulation
1977-10-02,0.7250225,simulation
1977-10-03,17.152927,simulation
1977-10-04,3.6327646,simulation
1977-10-05,1.8747658,simulation
1977-10-06,7.195524,simulation
1977-10-07,1.0757593,simulation
1977-10-08,0.60796934,simulation
1977-10-09,11.621871,simulation
1977-10-10,1.0393416,simulation
1977-10-11,0.81166065,simulation
1977-10-12,10.658268,simulation
1977-10-13,6.931372,simulation
1977-10-14,6.290508,simulation
1977-10-15,2.3551629,simulation
1977-10-16,6.164927,simulation
1977-10-17,6.519732,simulation
1977-10-18,9.308781,simulation
1977-10-19,9.532181,simulation
1977-10-20,0.93706083,simulation
1977-10-21,6.25312,simulation
1977-10-22,7.594352,simulation
1977-10-23,2.7260075,simulation
1977-10-24,0.7837214,simulation
1977-10-25,0.8061931,simulation
1977-10-26,1.6249076,simulation
1977-10-27,6.2522793,simulation
1977-10-28,0.7882134,simulation
1977-10-29,1.5226107,simulation
1977-10-30,3.339144,simulation
1977-10-31,1.2078913,simulation
1977-11-01,3.319679,simulation
1977-11-02,0.6692186,simulation
1977-11-03,1.9076899,simulation
1977-11-04,0.49359748,simulation
1977-11-05,0.84014976,simulation
1977-11-06,0.6849294,simulation
1977-11-07,0.9847957,simulation
1977-11-08,4.366949,simulation
1977-11-09,1.2252064,simulation
1977-11-10,5.1349607,simulation
1977-11-11,3.5050356,simulation
1977-11-12,3.1741135,simulation
1977-11-13,1.1748364,simulation
1977-11-14,3.5182097,simulation
1977-11-15,0.8986121,simulation
1977-11-16,1.5023942,simulation
1977-11-17,1.6813883,simulation
1977-11-18,1.2667346,simulation
1977-11-19,0.6963463,simulation
1977-11-20,0.90876126,simulation
1977-11-21,0.5186382,simulation
1977-11-22,0.45009995,simulation
1977-11-23,0.45804414,simulation
1977-11-24,0.5496772,simulation
1977-11-25,0.8375136,simulation
1977-11-26,2.0155938,simulation
1977-11-27,1.0141472,simulation
1977-11-28,0.45561245,simulation
1977-11-29,0.9331207,simulation
1977-11-30,0.5545046,simulation
1977-12-01,0.8062485,simulation
1977-12-02,1.3510729,simulation
1977-12-03,1.3618752,simulation
1977-12-04,1.223267,simulation
1977-12-05,4.9497075,simulation
1977-12-06,2.0858326,simulation
1977-12-07,1.5651529,simulation
1977-12-08,1.764927,simulation
1977-12-09,2.2021506,simulation
1977-12-10,1.6233877,simulation
1977-12-11,1.391311,simulation
1977-12-12,1.653002,simulation
1977-12-13,0.6127939,simulation
1977-12-14,0.5447357,simulation
1977-12-15,0.85635877,simulation
1977-12-16,1.1533425,simulation
1977-12-17,1.5534195,simulation
1977-12-18,2.2642393,simulation
1977-12-19,1.2719864,simulation
1977-12-20,1.9457406,simulation
1977-12-21,1.1027853,simulation
1977-12-22,0.9578849,simulation
1977-12-23,0.75691366,simulation
1977-12-24,0.8518101,simulation
1977-12-25,1.9601806,simulation
1977-12-26,1.1529135,simulation
1977-12-27,1.1778519,simulation
1977-12-28,0.58122855,simulation
1977-12-29,0.5055628,simulation
1977-12-30,0.40054247,simulation
1977-12-31,0.5278652,simulation
1978-01-01,0.7860404,simulation
1978-01-02,0.7720406,simulation
1978-01-03,1.0148298,simulation
1978-01-04,0.96377474,simulation
1978-01-05,0.710552,simulation
1978-01-06,0.7823621,simulation
1978-01-07,0.64139485,simulation
1978-01-08,0.5683519,simulation
1978-01-09,1.2652084,simulation
1978-01-10,1.1339736,simulation
1978-01-11,0.72493374,simulation
1978-01-12,0.49628213,simulation
1978-01-13,0.4463404,simulation
1978-01-14,0.5179394,simulation
1978-01-15,0.7091095,simulation
1978-01-16,0.7835375,simulation
1978-01-17,0.5109846,simulation
1978-01-18,0.46968254,simulation
1978-01-19,0.418483,simulation
1978-01-20,0.44782466,simulation
1978-01-21,0.5056047,simulation
1978-01-22,0.7360315,simulation
1978-01-23,0.6419062,simulation
1978-01-24,0.47114578,simulation
1978-01-25,0.4920578,simulation
1978-01-26,2.0581942,simulation
1978-01-27,1.2467179,simulation
1978-01-28,1.1538984,simulation
1978-01-29,1.5780978,simulation
1978-01-30,0.5012655,simulation
1978-01-31,0.54490566,simulation
1978-02-01,0.40927076,simulation
1978-02-02,0.49192008,simulation
1978-02-03,0.6964794,simulation
1978-02-04,1.6043893,simulation
1978-02-05,1.5950986,simulation
1978-02-06,1.1809194,simulation
1978-02-07,0.8809259,simulation
1978-02-08,0.7794434,simulation
1978-02-09,0.6953425,simulation
1978-02-10,1.2047919,simulation
1978-02-11,1.8734685,simulation
1978-02-12,2.2094479,simulation
1978-02-13,4.0501237,simulation
1978-02-14,1.0775567,simulation
1978-02-15,0.83028877,simulation
1978-02-16,2.4212866,simulation
1978-02-17,2.2914622,simulation
1978-02-18,0.54464024,simulation
1978-02-19,1.5270137,simulation
1978-02-20,1.3864563,simulation
1978-02-21,0.7048849,simulation
1978-02-22,1.9468268,simulation
1978-02-23,2.8490841,simulation
1978-02-24,2.8842378,simulation
1978-02-25,1.2014709,simulation
1978-02-26,2.5365303,simulation
1978-02-27,0.98156244,simulation
1978-02-28,0.5544578,simulation
1978-03-01,0.5860933,simulation
1978-03-02,0.4796119,simulation
1978-03-03,0.47541603,simulation
1978-03-04,1.2184432,simulation
1978-03-05,3.1248646,simulation
1978-03-06,1.1781478,simulation
1978-03-07,0.37774107,simulation
1978-03-08,0.39053035,simulation
1978-03-09,0.37427217,simulation
1978-03-10,1.0994428,simulation
1978-03-11,3.6330564,simulation
1978-03-12,1.4674475,simulation
1978-03-13,0.7534739,simulation
1978-03-14,9.050548,simulation
1978-03-15,2.0038157,simulation
1978-03-16,1.8619087,simulation
1978-03-17,6.493766,simulation
1978-03-18,12.513875,simulation
1978-03-19,20.095108,simulation
1978-03-20,1.4283444,simulation
1978-03-21,0.72644174,simulation
1978-03-22,8.476363,simulation
1978-03-23,5.0267396,simulation
1978-03-24,0.717286,simulation
1978-03-25,0.6942966,simulation
1978-03-26,0.59585375,simulation
1978-03-27,2.964732,simulation
1978-03-28,8.6070175,simulation
1978-03-29,4.861608,simulation
1978-03-30,6.771875,simulation
1978-03-31,22.147398,simulation
1978-04-01,38.583977,simulation
1978-04-02,8.793678,simulation
1978-04-03,2.2022247,simulation
1978-04-04,3.8029375,simulation
1978-04-05,17.998587,simulation
1978-04-06,1.3534425,simulation
1978-04-07,9.738143,simulation
1978-04-08,7.909073,simulation
1978-04-09,1.4392004,simulation
1978-04-10,0.79303557,simulation
1978-04-11,0.44560456,simulation
1978-04-12,0.4677314,simulation
1978-04-13,9.380039,simulation
1978-04-14,2.8400698,simulation
1978-04-15,28.109844,simulation
1978-04-16,1.7315097,simulation
1978-04-17,2.5974286,simulation
1978-04-18,6.275423,simulation
1978-04-19,25.655632,simulation
1978-04-20,7.3538065,simulation
1978-04-21,23.29795,simulation
1978-04-22,35.800575,simulation
1978-04-23,1.613859,simulation
1978-04-24,2.7609723,simulation
1978-04-25,7.9474573,simulation
1978-04-26,39.664204,simulation
1978-04-27,22.54332,simulation
1978-04-28,25.83106,simulation
1978-04-29,8.639359,simulation
1978-04-30,1.2371968,simulation
1978-05-01,1.6240456,simulation
1978-05-02,1.8357661,simulation
1978-05-03,0.51589704,simulation
1978-05-04,0.94951385,simulation
1978-05-05,23.029003,simulation
1978-05-06,0.7737977,simulation
1978-05-07,0.6320891,simulation
1978-05-08,0.65668106,simulation
1978-05-09,40.482082,simulation
1978-05-10,24.96729,simulation
1978-05-11,3.2906134,simulation
1978-05-12,5.5015464,simulation
1978-05-13,68.905685,simulation
1978-05-14,64.96518,simulation
1978-05-15,17.194208,simulation
1978-05-16,13.618446,simulation
1978-05-17,1.8299628,simulation
1978-05-18,3.5557036,simulation
1978-05-19,1.9284495,simulation
1978-05-20,8.764796,simulation
1978-05-21,16.224443,simulation
1978-05-22,7.679458,simulation
1978-05-23,16.740244,simulation
1978-05-24,32.966408,simulation
1978-05-25,40.43911,simulation
1978-05-26,54.179478,simulation
1978-05-27,54.722122,simulation
1978-05-28,4.0580463,simulation
1978-05-29,5.8103538,simulation
1978-05-30,3.1305795,simulation
1978-05-31,23.177279,simulation
1978-06-01,4.8074665,simulation
1978-06-02,1.983401,simulation
1978-06-03,3.29679,simulation
1978-06-04,37.76088,simulation
1978-06-05,7.0287232,simulation
1978-06-06,2.611466,simulation
1978-06-07,1.3331252,simulation
1978-06-08,3.6271026,simulation
1978-06-09,9.782492,simulation
1978-06-10,29.808847,simulation
1978-06-11,13.121554,simulation
1978-06-12,7.812537,simulation
1978-06-13,7.4065332,simulation
1978-06-14,57.40173,simulation
1978-06-15,56.244736,simulation
1978-06-16,25.03726,simulation
1978-06-17,59.920197,simulation
1978-06-18,24.958658,simulation
1978-06-19,4.8285356,simulation
1978-06-20,22.023518,simulation
1978-06-21,27.090242,simulation
1978-06-22,37.98447,simulation
1978-06-23,47.100334,simulation
1978-06-24,23.983156,simulation
1978-06-25,27.305141,simulation
1978-06-26,51.14759,simulation
1978-06-27,43.87156,simulation
1978-06-28,48.347397,simulation
1978-06-29,8.392495,simulation
1978-06-30,32.657825,simulation
1978-07-01,21.5116,simulation
1978-07-02,58.56074,simulation
1978-07-03,42.57027,simulation
1978-07-04,49.33886,simulation
1978-07-05,33.812496,simulation
1978-07-06,26.277737,simulation
1978-07-07,11.784288,simulation
1978-07-08,31.727137,simulation
1978-07-09,41.250732,simulation
1978-07-10,6.8655405,simulation
1978-07-11,17.513634,simulation
1978-07-12,14.371763,simulation
1978-07-13,10.994596,simulation
1978-07-14,2.7502327,simulation
1978-07-15,2.2339542,simulation
1978-07-16,34.77891,simulation
1978-07-17,61.69377,simulation
1978-07-18,51.156364,simulation
1978-07-19,45.653076,simulation
1978-07-20,44.400272,simulation
1978-07-21,12.166927,simulation
1978-07-22,6.8085084,simulation
1978-07-23,14.051417,simulation
1978-07-24,18.519833,simulation
1978-07-25,27.826199,simulation
1978-07-26,10.014275,simulation
1978-07-27,2.1086283,simulation
1978-07-28,2.6810234,simulation
1978-07-29,29.384846,simulation
1978-07-30,13.570423,simulation
1978-07-31,27.687752,simulation
1978-08-01,28.63771,simulation
1978-08-02,30.05957,simulation
1978-08-03,53.301056,simulation
1978-08-04,49.584393,simulation
1978-08-05,31.80586,simulation
1978-08-06,3.5565114,simulation
1978-08-07,2.2020726,simulation
1978-08-08,0.7758323,simulation
1978-08-09,0.56622607,simulation
1978-08-10,2.7096667,simulation
1978-08-11,1.7002105,simulation
1978-08-12,8.579632,simulation
1978-08-13,3.142401,simulation
1978-08-14,3.2744465,simulation
1978-08-15,6.322234,simulation
1978-08-16,22.801746,simulation
1978-08-17,42.57362,simulation
1978-08-18,28.966673,simulation
1978-08-19,28.025736,simulation
1978-08-20,19.158918,simulation
1978-08-21,36.80896,simulation
1978-08-22,31.528847,simulation
1978-08-23,28.870617,simulation
1978-08-24,10.46492,simulation
1978-08-25,32.11976,simulation
1978-08-26,35.094086,simulation
1978-08-27,25.012152,simulation
1978-08-28,1.4754623,simulation
1978-08-29,0.82552665,simulation
1978-08-30,1.9318795,simulation
1978-08-31,8.006889,simulation
1978-09-01,1.6135262,simulation
1978-09-02,4.3302674,simulation
1978-09-03,9.072872,simulation
1978-09-04,42.171577,simulation
1978-09-05,32.47536,simulation
1978-09-06,19.115168,simulation
1978-09-07,20.328903,simulation
1978-09-08,18.194246,simulation
1978-09-09,2.5614893,simulation
1978-09-10,3.5535476,simulation
1978-09-11,2.1501837,simulation
1978-09-12,1.8311539,simulation
1978-09-13,0.5846762,simulation
1978-09-14,1.4096916,simulation
1978-09-15,1.2976996,simulation
1978-09-16,4.8565288,simulation
1978-09-17,14.766952,simulation
1978-09-18,13.276005,simulation
1978-09-19,17.574997,simulation
1978-09-20,18.639475,simulation
1978-09-21,20.112576,simulation
1978-09-22,17.544447,simulation
1978-09-23,14.92835,simulation
1978-09-24,12.163163,simulation
1978-09-25,1.6446898,simulation
1978-09-26,0.96297485,simulation
1978-09-27,0.44086978,simulation
1978-09-28,0.42125353,simulation
1978-09-29,3.5390503,simulation
1978-09-30,2.3358924,simulation
1978-10-01,15.071334,simulation
1978-10-02,11.047672,simulation
1978-10-03,3.8015816,simulation
1978-10-04,14.449268,simulation
1978-10-05,1.1426722,simulation
1978-10-06,13.452687,simulation
1978-10-07,7.4846625,simulation
1978-10-08,7.3841004,simulation
1978-10-09,2.7374058,simulation
1978-10-10,5.203687,simulation
1978-10-11,4.135613,simulation
1978-10-12,6.2581787,simulation
1978-10-13,1.9185709,simulation
1978-10-14,6.407146,simulation
1978-10-15,4.7466245,simulation
1978-10-16,9.380649,simulation
1978-10-17,5.652939,simulation
1978-10-18,4.57233,simulation
1978-10-19,3.4917035,simulation
1978-10-20,5.7901607,simulation
1978-10-21,6.147367,simulation
1978-10-22,5.817038,simulation
1978-10-23,5.0089593,simulation
1978-10-24,4.3437614,simulation
1978-10-25,4.6190896,simulation
1978-10-26,1.0404321,simulation
1978-10-27,1.0334325,simulation
1978-10-28,2.164944,simulation
1978-10-29,5.0377765,simulation
1978-10-30,1.3165294,simulation
1978-10-31,3.5765073,simulation
1978-11-01,3.7304308,simulation
1978-11-02,3.702874,simulation
1978-11-03,3.4648178,simulation
1978-11-04,3.2344477,simulation
1978-11-05,1.7969247,simulation
1978-11-06,0.87592727,simulation
1978-11-07,0.2745561,simulation
1978-11-08,1.116918,simulation
1978-11-09,1.149973,simulation
1978-11-10,1.6581712,simulation
1978-11-11,1.1480381,simulation
1978-11-12,1.1982256,simulation
1978-11-13,1.0568264,simulation
1978-11-14,0.5823924,simulation
1978-11-15,0.35973,simulation
1978-11-16,0.7193357,simulation
1978-11-17,0.7750803,simulation
1978-11-18,0.48539057,simulation
1978-11-19,0.7870886,simulation
1978-11-20,1.2722894,simulation
1978-11-21,0.6589188,simulation
1978-11-22,0.49450332,simulation
1978-11-23,0.6672967,simulation
1978-11-24,0.82031167,simulation
1978-11-25,1.1532952,simulation
1978-11-26,0.6676871,simulation
1978-11-27,0.3482887,simulation
1978-11-28,0.6019857,simulation
1978-11-29,0.2886625,simulation
1978-11-30,0.35109115,simulation
1978-12-01,0.8909215,simulation
1978-12-02,1.0513232,simulation
1978-12-03,1.0677816,simulation
1978-12-04,0.32601333,simulation
1978-12-05,1.1832703,simulation
1978-12-06,1.2170014,simulation
1978-12-07,0.7361904,simulation
1978-12-08,0.49698055,simulation
1978-12-09,0.4482338,simulation
1978-12-10,0.8505844,simulation
1978-12-11,0.9024825,simulation
1978-12-12,1.0210073,simulation
1978-12-13,0.9534311,simulation
1978-12-14,0.6388397,simulation
1978-12-15,0.70345455,simulation
1978-12-16,0.44194257,simulation
1978-12-17,1.5445919,simulation
1978-12-18,0.81058395,simulation
1978-12-19,0.6437427,simulation
1978-12-20,0.9959958,simulation
1978-12-21,1.2281072,simulation
1978-12-22,0.9942113,simulation
1978-12-23,0.7575788,simulation
1978-12-24,0.4454106,simulation
1978-12-25,0.97344095,simulation
1978-12-26,1.2843742,simulation
1978-12-27,0.8947517,simulation
1978-12-28,1.6589357,simulation
1978-12-29,0.6350194,simulation
1978-12-30,0.33396816,simulation
1978-12-31,0.4412315,simulation
1979-01-01,0.40268773,simulation
1979-01-02,0.79867697,simulation
1979-01-03,0.5105843,simulation
1979-01-04,0.65863186,simulation
1979-01-05,0.66263306,simulation
1979-01-06,0.36235675,simulation
1979-01-07,0.40064514,simulation
1979-01-08,0.94725657,simulation
1979-01-09,0.84916586,simulation
1979-01-10,0.5570429,simulation
1979-01-11,0.7080251,simulation
1979-01-12,0.5095397,simulation
1979-01-13,0.40480807,simulation
1979-01-14,0.72707176,simulation
1979-01-15,0.5538426,simulation
1979-01-16,0.5710355,simulation
1979-01-17,0.5814909,simulation
1979-01-18,0.3692179,simulation
1979-01-19,0.3998342,simulation
1979-01-20,0.45009553,simulation
1979-01-21,0.5908625,simulation
1979-01-22,0.6302887,simulation
1979-01-23,0.5655352,simulation
1979-01-24,1.6849476,simulation
1979-01-25,0.52287376,simulation
1979-01-26,0.42706415,simulation
1979-01-27,0.49697796,simulation
1979-01-28,0.83507127,simulation
1979-01-29,0.57560223,simulation
1979-01-30,0.4180504,simulation
1979-01-31,0.60740083,simulation
1979-02-01,0.63497424,simulation
1979-02-02,1.129212,simulation
1979-02-03,0.37884918,simulation
1979-02-04,0.5388493,simulation
1979-02-05,0.6279666,simulation
1979-02-06,0.43525472,simulation
1979-02-07,0.4734357,simulation
1979-02-08,0.9870445,simulation
1979-02-09,1.0592014,simulation
1979-02-10,1.4552249,simulation
1979-02-11,1.476812,simulation
1979-02-12,1.0412264,simulation
1979-02-13,0.6493559,simulation
1979-02-14,1.0492822,simulation
1979-02-15,1.3235378,simulation
1979-02-16,0.6714945,simulation
1979-02-17,0.49189746,simulation
1979-02-18,0.38586277,simulation
1979-02-19,1.3119068,simulation
1979-02-20,0.4773523,simulation
1979-02-21,0.45635575,simulation
1979-02-22,0.5607817,simulation
1979-02-23,0.5577372,simulation
1979-02-24,0.62625086,simulation
1979-02-25,0.68896383,simulation
1979-02-26,4.521183,simulation
1979-02-27,1.0522951,simulation
1979-02-28,0.80844057,simulation
1979-03-01,2.988594,simulation
1979-03-02,0.6258431,simulation
1979-03-03,0.5253891,simulation
1979-03-04,1.9007534,simulation
1979-03-05,3.9442103,simulation
1979-03-06,5.2246723,simulation
1979-03-07,1.3802116,simulation
1979-03-08,4.3362813,simulation
1979-03-09,9.055816,simulation
1979-03-10,0.45717984,simulation
1979-03-11,3.0453506,simulation
1979-03-12,8.75246,simulation
1979-03-13,3.4834316,simulation
1979-03-14,16.44354,simulation
1979-03-15,5.6731634,simulation
1979-03-16,1.3086916,simulation
1979-03-17,7.064571,simulation
1979-03-18,2.787305,simulation
1979-03-19,6.941965,simulation
1979-03-20,1.0629803,simulation
1979-03-21,1.3423417,simulation
1979-03-22,0.62356406,simulation
1979-03-23,4.6967173,simulation
1979-03-24,8.439053,simulation
1979-03-25,10.903871,simulation
1979-03-26,9.110238,simulation
1979-03-27,8.176914,simulation
1979-03-28,12.617458,simulation
1979-03-29,1.713911,simulation
1979-03-30,1.3853627,simulation
1979-03-31,0.6478328,simulation
1979-04-01,4.114213,simulation
1979-04-02,0.53417784,simulation
1979-04-03,0.71698487,simulation
1979-04-04,2.083458,simulation
1979-04-05,16.160566,simulation
1979-04-06,18.564981,simulation
1979-04-07,9.975371,simulation
1979-04-08,0.5904078,simulation
1979-04-09,5.6821327,simulation
1979-04-10,1.5678494,simulation
1979-04-11,2.3440297,simulation
1979-04-12,0.7826312,simulation
1979-04-13,1.3163882,simulation
1979-04-14,30.822762,simulation
1979-04-15,31.33624,simulation
1979-04-16,35.38833,simulation
1979-04-17,7.6902485,simulation
1979-04-18,1.1456481,simulation
1979-04-19,1.6352681,simulation
1979-04-20,0.84208584,simulation
1979-04-21,0.79074883,simulation
1979-04-22,0.7300322,simulation
1979-04-23,0.7042887,simulation
1979-04-24,0.7509495,simulation
1979-04-25,0.9294276,simulation
1979-04-26,3.8207996,simulation
1979-04-27,5.884691,simulation
1979-04-28,24.603718,simulation
1979-04-29,0.76471347,simulation
1979-04-30,11.141078,simulation
1979-05-01,2.6435611,simulation
1979-05-02,1.2266743,simulation
1979-05-03,1.3464657,simulation
1979-05-04,0.5768852,simulation
1979-05-05,0.6739845,simulation
1979-05-06,11.234726,simulation
1979-05-07,13.918561,simulation
1979-05-08,6.951978,simulation
1979-05-09,4.925023,simulation
1979-05-10,10.50362,simulation
1979-05-11,3.0873618,simulation
1979-05-12,1.5755879,simulation
1979-05-13,1.8881401,simulation
1979-05-14,40.98308,simulation
1979-05-15,47.853554,simulation
1979-05-16,58.483696,simulation
1979-05-17,53.569313,simulation
1979-05-18,17.001593,simulation
1979-05-19,10.065494,simulation
1979-05-20,8.879399,simulation
1979-05-21,1.6278523,simulation
1979-05-22,3.2846777,simulation
1979-05-23,0.7867873,simulation
1979-05-24,13.535007,simulation
1979-05-25,41.739285,simulation
1979-05-26,44.486916,simulation
1979-05-27,3.0071335,simulation
1979-05-28,2.383705,simulation
1979-05-29,1.0890938,simulation
1979-05-30,0.6957335,simulation
1979-05-31,1.72373,simulation
1979-06-01,14.484745,simulation
1979-06-02,3.5549643,simulation
1979-06-03,3.392283,simulation
1979-06-04,8.259881,simulation
1979-06-05,1.6742532,simulation
1979-06-06,5.509283,simulation
1979-06-07,2.6041186,simulation
1979-06-08,40.110085,simulation
1979-06-09,27.364218,simulation
1979-06-10,9.36058,simulation
1979-06-11,70.40135,simulation
1979-06-12,60.37369,simulation
1979-06-13,52.97609,simulation
1979-06-14,55.71714,simulation
1979-06-15,20.153555,simulation
1979-06-16,41.339306,simulation
1979-06-17,41.304764,simulation
1979-06-18,57.53123,simulation
1979-06-19,65.9397,simulation
1979-06-20,60.084393,simulation
1979-06-21,1.0357399,simulation
1979-06-22,7.020712,simulation
1979-06-23,7.1426134,simulation
1979-06-24,6.3788943,simulation
1979-06-25,1.4162356,simulation
1979-06-26,3.5704064,simulation
1979-06-27,16.226917,simulation
1979-06-28,29.684645,simulation
1979-06-29,2.3391383,simulation
1979-06-30,12.331369,simulation
1979-07-01,9.537618,simulation
1979-07-02,24.902882,simulation
1979-07-03,41.727867,simulation
1979-07-04,55.06751,simulation
1979-07-05,29.565777,simulation
1979-07-06,8.869539,simulation
1979-07-07,1.0681306,simulation
1979-07-08,1.64456,simulation
1979-07-09,1.741836,simulation
1979-07-10,0.932126,simulation
1979-07-11,0.62877256,simulation
1979-07-12,24.741364,simulation
1979-07-13,2.8148527,simulation
1979-07-14,1.652069,simulation
1979-07-15,22.38693,simulation
1979-07-16,19.405607,simulation
1979-07-17,22.40353,simulation
1979-07-18,5.48625,simulation
1979-07-19,2.9252567,simulation
1979-07-20,0.81724584,simulation
1979-07-21,1.4970691,simulation
1979-07-22,14.62599,simulation
1979-07-23,2.1753821,simulation
1979-07-24,2.5205834,simulation
1979-07-25,1.3623029,simulation
1979-07-26,2.4860187,simulation
1979-07-27,3.1213615,simulation
1979-07-28,3.7076168,simulation
1979-07-29,17.225746,simulation
1979-07-30,34.864548,simulation
1979-07-31,33.27809,simulation
1979-08-01,26.057205,simulation
1979-08-02,4.955515,simulation
1979-08-03,7.420276,simulation
1979-08-04,24.165668,simulation
1979-08-05,36.825764,simulation
1979-08-06,45.125263,simulation
1979-08-07,53.336346,simulation
1979-08-08,44.78793,simulation
1979-08-09,35.74336,simulation
1979-08-10,28.954954,simulation
1979-08-11,3.310575,simulation
1979-08-12,6.093284,simulation
1979-08-13,14.408398,simulation
1979-08-14,24.28008,simulation
1979-08-15,26.591448,simulation
1979-08-16,25.437578,simulation
1979-08-17,46.381145,simulation
1979-08-18,24.265926,simulation
1979-08-19,34.92649,simulation
1979-08-20,6.046093,simulation
1979-08-21,13.711955,simulation
1979-08-22,3.982528,simulation
1979-08-23,2.311541,simulation
1979-08-24,3.631591,simulation
1979-08-25,1.8987012,simulation
1979-08-26,3.6029778,simulation
1979-08-27,8.392286,simulation
1979-08-28,17.745472,simulation
1979-08-29,19.482924,simulation
1979-08-30,30.53997,simulation
1979-08-31,29.64091,simulation
1979-09-01,13.752133,simulation
1979-09-02,1.1327223,simulation
1979-09-03,1.7303591,simulation
1979-09-04,17.36429,simulation
1979-09-05,12.749786,simulation
1979-09-06,9.076529,simulation
1979-09-07,13.658538,simulation
1979-09-08,51.736767,simulation
1979-09-09,25.612331,simulation
1979-09-10,44.827423,simulation
1979-09-11,48.441296,simulation
1979-09-12,1.7515873,simulation
1979-09-13,0.869902,simulation
1979-09-14,10.301213,simulation
1979-09-15,39.27448,simulation
1979-09-16,1.8207877,simulation
1979-09-17,0.5759226,simulation
1979-09-18,0.6448125,simulation
1979-09-19,0.694325,simulation
1979-09-20,0.6248318,simulation
1979-09-21,2.4657676,simulation
1979-09-22,18.891983,simulation
1979-09-23,28.180012,simulation
1979-09-24,6.678512,simulation
1979-09-25,4.0204396,simulation
1979-09-26,1.3111765,simulation
1979-09-27,2.7640646,simulation
1979-09-28,8.16768,simulation
1979-09-29,8.346846,simulation
1979-09-30,12.724358,simulation
1979-10-01,18.047771,simulation
1979-10-02,23.20206,simulation
1979-10-03,16.356361,simulation
1979-10-04,2.7092001,simulation
1979-10-05,10.967007,simulation
1979-10-06,4.471585,simulation
1979-10-07,14.08748,simulation
1979-10-08,19.844608,simulation
1979-10-09,3.2484343,simulation
1979-10-10,2.3704443,simulation
1979-10-11,8.559527,simulation
1979-10-12,15.135739,simulation
1979-10-13,9.598077,simulation
1979-10-14,10.107914,simulation
1979-10-15,6.0960045,simulation
1979-10-16,3.1766956,simulation
1979-10-17,6.3948236,simulation
1979-10-18,5.9532404,simulation
1979-10-19,8.945868,simulation
1979-10-20,3.0596952,simulation
1979-10-21,1.5583338,simulation
1979-10-22,0.71885574,simulation
1979-10-23,6.5388646,simulation
1979-10-24,3.3177304,simulation
1979-10-25,4.402161,simulation
1979-10-26,5.057547,simulation
1979-10-27,6.5322366,simulation
1979-10-28,4.54319,simulation
1979-10-29,0.8183783,simulation
1979-10-30,1.3857625,simulation
1979-10-31,0.6061756,simulation
1979-11-01,1.7853324,simulation
1979-11-02,5.4971404,simulation
1979-11-03,2.6556332,simulation
1979-11-04,3.295222,simulation
1979-11-05,1.4742972,simulation
1979-11-06,0.7636299,simulation
1979-11-07,2.9948573,simulation
1979-11-08,0.7961147,simulation
1979-11-09,0.7861598,simulation
1979-11-10,0.52002484,simulation
1979-11-11,0.8361259,simulation
1979-11-12,2.1849043,simulation
1979-11-13,2.359798,simulation
1979-11-14,2.0488753,simulation
1979-11-15,2.0042481,simulation
1979-11-16,2.7427351,simulation
1979-11-17,1.9789599,simulation
1979-11-18,1.7620775,simulation
1979-11-19,2.8092864,simulation
1979-11-20,1.2876699,simulation
1979-11-21,1.2336444,simulation
1979-11-22,0.56384075,simulation
1979-11-23,0.37737757,simulation
1979-11-24,0.9168068,simulation
1979-11-25,0.4208752,simulation
1979-11-26,1.9727124,simulation
1979-11-27,1.5305843,simulation
1979-11-28,2.9015942,simulation
1979-11-29,1.6486245,simulation
1979-11-30,0.7624519,simulation
1979-12-01,1.326527,simulation
1979-12-02,1.7011887,simulation
1979-12-03,0.6312845,simulation
1979-12-04,1.3619758,simulation
1979-12-05,1.7125238,simulation
1979-12-06,0.5083751,simulation
1979-12-07,1.5577148,simulation
1979-12-08,1.9367956,simulation
1979-12-09,1.9039224,simulation
1979-12-10,1.996527,simulation
1979-12-11,0.96879834,simulation
1979-12-12,0.5966233,simulation
1979-12-13,0.4028258,simulation
1979-12-14,0.8411298,simulation
1979-12-15,0.5680877,simulation
1979-12-16,0.80674016,simulation
1979-12-17,1.1691504,simulation
1979-12-18,1.0517393,simulation
1979-12-19,0.740323,simulation
1979-12-20,0.5417309,simulation
1979-12-21,0.9111745,simulation
1979-12-22,0.5418863,simulation
1979-12-23,0.5519921,simulation
1979-12-24,0.9895142,simulation
1979-12-25,1.8080565,simulation
1979-12-26,0.9807903,simulation
1979-12-27,0.71032,simulation
1979-12-28,0.6307163,simulation
1979-12-29,0.4449243,simulation
1979-12-30,0.47395107,simulation
1979-12-31,0.51782197,simulation
1980-01-01,1.254891,simulation
1980-01-02,0.83767426,simulation
1980-01-03,0.5297396,simulation
1980-01-04,0.50024027,simulation
1980-01-05,0.57710314,simulation
1980-01-06,1.4902843,simulation
1980-01-07,0.49881163,simulation
1980-01-08,0.39965734,simulation
1980-01-09,0.41876104,simulation
1980-01-10,0.45678514,simulation
1980-01-11,0.7791235,simulation
1980-01-12,1.9269791,simulation
1980-01-13,0.6880459,simulation
1980-01-14,0.4308801,simulation
1980-01-15,0.618006,simulation
1980-01-16,0.46153665,simulation
1980-01-17,0.41633016,simulation
1980-01-18,0.46093127,simulation
1980-01-19,0.7175881,simulation
1980-01-20,0.5870769,simulation
1980-01-21,0.69241273,simulation
1980-01-22,0.45591184,simulation
1980-01-23,1.8301691,simulation
1980-01-24,1.3125706,simulation
1980-01-25,0.6399384,simulation
1980-01-26,0.39893666,simulation
1980-01-27,0.42645895,simulation
1980-01-28,0.56457525,simulation
1980-01-29,0.47733653,simulation
1980-01-30,0.6555169,simulation
1980-01-31,0.62680393,simulation
1980-02-01,1.6300985,simulation
1980-02-02,0.6775365,simulation
1980-02-03,1.0871996,simulation
1980-02-04,1.0535177,simulation
1980-02-05,0.67927784,simulation
1980-02-06,1.9287491,simulation
1980-02-07,1.2112283,simulation
1980-02-08,0.64331526,simulation
1980-02-09,0.41353688,simulation
1980-02-10,0.54959404,simulation
1980-02-11,0.55448467,simulation
1980-02-12,0.6879448,simulation
1980-02-13,0.72755665,simulation
1980-02-14,2.826067,simulation
1980-02-15,0.6829538,simulation
1980-02-16,0.6096416,simulation
1980-02-17,1.9515749,simulation
1980-02-18,1.4332008,simulation
1980-02-19,0.93797827,simulation
1980-02-20,3.6516776,simulation
1980-02-21,0.7523135,simulation
1980-02-22,3.0909638,simulation
1980-02-23,2.7193196,simulation
1980-02-24,3.036817,simulation
1980-02-25,5.8694873,simulation
1980-02-26,3.7525823,simulation
1980-02-27,4.398714,simulation
1980-02-28,11.249682,simulation
1980-02-29,0.7828878,simulation
1980-03-01,0.5286617,simulation
1980-03-02,2.5241227,simulation
1980-03-03,2.6973271,simulation
1980-03-04,0.6724501,simulation
1980-03-05,1.0741588,simulation
1980-03-06,2.8632512,simulation
1980-03-07,0.6430787,simulation
1980-03-08,1.6269972,simulation
1980-03-09,1.3586662,simulation
1980-03-10,1.8044105,simulation
1980-03-11,1.0023193,simulation
1980-03-12,0.50728714,simulation
1980-03-13,1.1209965,simulation
1980-03-14,2.1045232,simulation
1980-03-15,1.5369432,simulation
1980-03-16,0.94530755,simulation
1980-03-17,0.5987467,simulation
1980-03-18,10.661164,simulation
1980-03-19,0.57307214,simulation
1980-03-20,0.6707063,simulation
1980-03-21,17.710812,simulation
1980-03-22,11.988585,simulation
1980-03-23,1.4481262,simulation
1980-03-24,5.508087,simulation
1980-03-25,1.0146393,simulation
1980-03-26,0.47829127,simulation
1980-03-27,0.52337575,simulation
1980-03-28,0.6656008,simulation
1980-03-29,0.615515,simulation
1980-03-30,13.62197,simulation
1980-03-31,2.1854448,simulation
1980-04-01,10.219865,simulation
1980-04-02,0.65608937,simulation
1980-04-03,0.5683174,simulation
1980-04-04,19.440985,simulation
1980-04-05,11.987953,simulation
1980-04-06,10.645719,simulation
1980-04-07,2.0213232,simulation
1980-04-08,24.440504,simulation
1980-04-09,30.446241,simulation
1980-04-10,29.260538,simulation
1980-04-11,0.9624275,simulation
1980-04-12,0.5599203,simulation
1980-04-13,0.59173983,simulation
1980-04-14,1.4386108,simulation
1980-04-15,23.714083,simulation
1980-04-16,19.663742,simulation
1980-04-17,6.4979334,simulation
1980-04-18,1.0991416,simulation
1980-04-19,7.212108,simulation
1980-04-20,24.506907,simulation
1980-04-21,26.916807,simulation
1980-04-22,45.075314,simulation
1980-04-23,16.913387,simulation
1980-04-24,16.335754,simulation
1980-04-25,1.2796082,simulation
1980-04-26,4.423986,simulation
1980-04-27,0.90634614,simulation
1980-04-28,15.255059,simulation
1980-04-29,45.896343,simulation
1980-04-30,1.7279427,simulation
1980-05-01,0.70636606,simulation
1980-05-02,1.4276999,simulation
1980-05-03,3.0260487,simulation
1980-05-04,13.0356655,simulation
1980-05-05,19.308216,simulation
1980-05-06,26.209139,simulation
1980-05-07,1.2787931,simulation
1980-05-08,1.4010398,simulation
1980-05-09,51.034378,simulation
1980-05-10,53.378605,simulation
1980-05-11,32.211456,simulation
1980-05-12,2.684782,simulation
1980-05-13,0.9153083,simulation
1980-05-14,0.95374036,simulation
1980-05-15,0.9673871,simulation
1980-05-16,0.7125183,simulation
1980-05-17,2.3631706,simulation
1980-05-18,10.906767,simulation
1980-05-19,0.69463146,simulation
1980-05-20,2.6426544,simulation
1980-05-21,3.9945648,simulation
1980-05-22,3.195868,simulation
1980-05-23,16.771696,simulation
1980-05-24,36.94502,simulation
1980-05-25,16.035465,simulation
1980-05-26,61.614475,simulation
1980-05-27,42.681362,simulation
1980-05-28,24.064295,simulation
1980-05-29,22.503738,simulation
1980-05-30,4.0327597,simulation
1980-05-31,36.45529,simulation
1980-06-01,39.24575,simulation
1980-06-02,27.502708,simulation
1980-06-03,23.115652,simulation
1980-06-04,38.09619,simulation
1980-06-05,18.969103,simulation
1980-06-06,37.627026,simulation
1980-06-07,5.311059,simulation
1980-06-08,3.3719785,simulation
1980-06-09,3.7592294,simulation
1980-06-10,62.726906,simulation
1980-06-11,59.60903,simulation
1980-06-12,49.364025,simulation
1980-06-13,59.97013,simulation
1980-06-14,65.344406,simulation
1980-06-15,68.54852,simulation
1980-06-16,71.22657,simulation
1980-06-17,51.88452,simulation
1980-06-18,5.0672765,simulation
1980-06-19,2.3191519,simulation
1980-06-20,1.1907831,simulation
1980-06-21,4.8506966,simulation
1980-06-22,11.824869,simulation
1980-06-23,2.8012102,simulation
1980-06-24,0.9463219,simulation
1980-06-25,3.6956038,simulation
1980-06-26,8.520479,simulation
1980-06-27,31.017431,simulation
1980-06-28,12.471867,simulation
1980-06-29,2.360326,simulation
1980-06-30,51.418644,simulation
1980-07-01,70.86212,simulation
1980-07-02,53.31508,simulation
1980-07-03,20.639368,simulation
1980-07-04,64.84303,simulation
1980-07-05,46.95176,simulation
1980-07-06,52.64023,simulation
1980-07-07,39.68745,simulation
1980-07-08,2.7149193,simulation
1980-07-09,56.955593,simulation
1980-07-10,49.929546,simulation
1980-07-11,69.09451,simulation
1980-07-12,65.639565,simulation
1980-07-13,72.53206,simulation
1980-07-14,72.006004,simulation
1980-07-15,67.37896,simulation
1980-07-16,47.718513,simulation
1980-07-17,16.527554,simulation
1980-07-18,11.09804,simulation
1980-07-19,43.82249,simulation
1980-07-20,4.132274,simulation
1980-07-21,0.9158695,simulation
1980-07-22,1.0275543,simulation
1980-07-23,2.7618735,simulation
1980-07-24,16.041815,simulation
1980-07-25,17.305735,simulation
1980-07-26,11.743857,simulation
1980-07-27,1.5177362,simulation
1980-07-28,4.205317,simulation
1980-07-29,36.65711,simulation
1980-07-30,64.72998,simulation
1980-07-31,48.1475,simulation
1980-08-01,48.760735,simulation
1980-08-02,35.405567,simulation
1980-08-03,8.736578,simulation
1980-08-04,13.79437,simulation
1980-08-05,25.6091,simulation
1980-08-06,43.672283,simulation
1980-08-07,53.13501,simulation
1980-08-08,57.07158,simulation
1980-08-09,9.512272,simulation
1980-08-10,2.3365166,simulation
1980-08-11,2.5307772,simulation
1980-08-12,34.1145,simulation
1980-08-13,31.003578,simulation
1980-08-14,26.256262,simulation
1980-08-15,32.9777,simulation
1980-08-16,12.67057,simulation
1980-08-17,17.64169,simulation
1980-08-18,28.61566,simulation
1980-08-19,29.765665,simulation
1980-08-20,31.007193,simulation
1980-08-21,51.10287,simulation
1980-08-22,66.68975,simulation
1980-08-23,48.126198,simulation
1980-08-24,30.59638,simulation
1980-08-25,27.57684,simulation
1980-08-26,21.69811,simulation
1980-08-27,1.7855182,simulation
1980-08-28,3.1476674,simulation
1980-08-29,10.524746,simulation
1980-08-30,8.068806,simulation
1980-08-31,23.205175,simulation
1980-09-01,18.838465,simulation
1980-09-02,9.712719,simulation
1980-09-03,27.14389,simulation
1980-09-04,11.129852,simulation
1980-09-05,3.6260135,simulation
1980-09-06,1.8719319,simulation
1980-09-07,19.046167,simulation
1980-09-08,9.045318,simulation
1980-09-09,24.435675,simulation
1980-09-10,29.736666,simulation
1980-09-11,20.402327,simulation
1980-09-12,17.560688,simulation
1980-09-13,18.773119,simulation
1980-09-14,21.38183,simulation
1980-09-15,31.047728,simulation
1980-09-16,19.75706,simulation
1980-09-17,0.52497524,simulation
1980-09-18,1.5166204,simulation
1980-09-19,0.7398916,simulation
1980-09-20,1.4957136,simulation
1980-09-21,2.7893991,simulation
1980-09-22,9.32636,simulation
1980-09-23,9.941551,simulation
1980-09-24,2.6969266,simulation
1980-09-25,3.117368,simulation
1980-09-26,1.1941578,simulation
1980-09-27,2.401411,simulation
1980-09-28,0.68436944,simulation
1980-09-29,0.41281286,simulation
1980-09-30,0.44389164,simulation
1980-10-01,1.7073233,simulation
1980-10-02,6.3305416,simulation
1980-10-03,4.901425,simulation
1980-10-04,8.333298,simulation
1980-10-05,12.144184,simulation
1980-10-06,7.9081273,simulation
1980-10-07,6.5658197,simulation
1980-10-08,8.214423,simulation
1980-10-09,6.240177,simulation
1980-10-10,6.1889954,simulation
1980-10-11,12.560659,simulation
1980-10-12,6.6011286,simulation
1980-10-13,5.3265862,simulation
1980-10-14,6.227894,simulation
1980-10-15,5.6968937,simulation
1980-10-16,0.9031442,simulation
1980-10-17,0.44360715,simulation
1980-10-18,0.37605903,simulation
1980-10-19,0.875148,simulation
1980-10-20,0.58900565,simulation
1980-10-21,2.5433655,simulation
1980-10-22,5.171745,simulation
1980-10-23,4.7843537,simulation
1980-10-24,1.1191823,simulation
1980-10-25,3.4841316,simulation
1980-10-26,1.0681978,simulation
1980-10-27,0.70975995,simulation
1980-10-28,0.3796652,simulation
1980-10-29,0.39220348,simulation
1980-10-30,2.9421318,simulation
1980-10-31,2.7298696,simulation
1980-11-01,0.57266885,simulation
1980-11-02,0.6038769,simulation
1980-11-03,0.72187346,simulation
1980-11-04,2.1582408,simulation
1980-11-05,3.0016766,simulation
1980-11-06,3.6860118,simulation
1980-11-07,5.4672174,simulation
1980-11-08,3.5847301,simulation
1980-11-09,1.3586295,simulation
1980-11-10,0.85580915,simulation
1980-11-11,2.560308,simulation
1980-11-12,1.4739245,simulation
1980-11-13,1.1689917,simulation
1980-11-14,1.101321,simulation
1980-11-15,0.334912,simulation
1980-11-16,0.37537292,simulation
1980-11-17,0.39400348,simulation
1980-11-18,0.4749368,simulation
1980-11-19,0.9555669,simulation
1980-11-20,0.57833296,simulation
1980-11-21,0.604554,simulation
1980-11-22,0.49126583,simulation
1980-11-23,0.34351334,simulation
1980-11-24,0.4637812,simulation
1980-11-25,1.1282665,simulation
1980-11-26,0.41787812,simulation
1980-11-27,0.4493213,simulation
1980-11-28,0.84763557,simulation
1980-11-29,2.0526588,simulation
1980-11-30,2.236045,simulation
1980-12-01,1.4049937,simulation
1980-12-02,0.6537597,simulation
1980-12-03,1.9337065,simulation
1980-12-04,1.5882096,simulation
1980-12-05,1.1399094,simulation
1980-12-06,1.1015208,simulation
1980-12-07,0.8631862,simulation
1980-12-08,1.1379973,simulation
1980-12-09,0.4478566,simulation
1980-12-10,0.5607933,simulation
1980-12-11,0.872774,simulation
1980-12-12,1.5246425,simulation
1980-12-13,0.7529115,simulation
1980-12-14,0.8423323,simulation
1980-12-15,1.2310156,simulation
1980-12-16,0.88574797,simulation
1980-12-17,1.403656,simulation
1980-12-18,2.3518705,simulation
1980-12-19,0.49602506,simulation
1980-12-20,0.9489658,simulation
1980-12-21,1.2514056,simulation
1980-12-22,0.5655088,simulation
1980-12-23,0.6882136,simulation
1980-12-24,0.9985536,simulation
1980-12-25,1.3005139,simulation
1980-12-26,0.5305893,simulation
1980-12-27,1.2557032,simulation
1980-12-28,0.990606,simulation
1980-12-29,1.1928188,simulation
1980-12-30,1.0196235,simulation
1980-12-31,1.0873743,simulation
1981-01-01,1.28775,simulation
1981-01-02,1.1326535,simulation
1981-01-03,1.3737763,simulation
1981-01-04,1.8920962,simulation
1981-01-05,0.84705687,simulation
1981-01-06,0.6106054,simulation
1981-01-07,0.74200755,simulation
1981-01-08,0.8073581,simulation
1981-01-09,0.83927995,simulation
1981-01-10,1.6392136,simulation
1981-01-11,0.67468303,simulation
1981-01-12,1.1601716,simulation
1981-01-13,1.7714822,simulation
1981-01-14,1.1033031,simulation
1981-01-15,1.3526919,simulation
1981-01-16,1.3640068,simulation
1981-01-17,1.229643,simulation
1981-01-18,1.0284835,simulation
1981-01-19,0.75244415,simulation
1981-01-20,0.40678868,simulation
1981-01-21,0.44769245,simulation
1981-01-22,0.4375043,simulation
1981-01-23,1.3551352,simulation
1981-01-24,1.6931269,simulation
1981-01-25,1.815183,simulation
1981-01-26,0.8878046,simulation
1981-01-27,0.49385756,simulation
1981-01-28,1.9924994,simulation
1981-01-29,2.037533,simulation
1981-01-30,0.60927165,simulation
1981-01-31,0.6296141,simulation
1981-02-01,0.5191353,simulation
1981-02-02,1.4389273,simulation
1981-02-03,1.2258489,simulation
1981-02-04,0.8173973,simulation
1981-02-05,0.59261686,simulation
1981-02-06,0.5524378,simulation
1981-02-07,0.457184,simulation
1981-02-08,1.4240361,simulation
1981-02-09,1.3048048,simulation
1981-02-10,0.5856041,simulation
1981-02-11,1.657748,simulation
1981-02-12,1.0511235,simulation
1981-02-13,1.0052401,simulation
1981-02-14,0.88618165,simulation
1981-02-15,0.5376268,simulation
1981-02-16,0.51997834,simulation
1981-02-17,0.6047432,simulation
1981-02-18,0.56609464,simulation
1981-02-19,1.504703,simulation
1981-02-20,5.8081965,simulation
1981-02-21,1.0606577,simulation
1981-02-22,1.4814153,simulation
1981-02-23,7.4110713,simulation
1981-02-24,5.4557886,simulation
1981-02-25,1.4833046,simulation
1981-02-26,6.599145,simulation
1981-02-27,8.017809,simulation
1981-02-28,2.2134774,simulation
1981-03-01,0.5171014,simulation
1981-03-02,3.283548,simulation
1981-03-03,0.97118556,simulation
1981-03-04,0.7069626,simulation
1981-03-05,5.3885508,simulation
1981-03-06,3.1524827,simulation
1981-03-07,1.7690121,simulation
1981-03-08,2.05996,simulation
1981-03-09,6.735081,simulation
1981-03-10,1.4807715,simulation
1981-03-11,4.105237,simulation
1981-03-12,1.731187,simulation
1981-03-13,1.1121417,simulation
1981-03-14,11.428335,simulation
1981-03-15,3.1791172,simulation
1981-03-16,14.623412,simulation
1981-03-17,11.893868,simulation
1981-03-18,3.0968106,simulation
1981-03-19,12.453842,simulation
1981-03-20,5.5431585,simulation
1981-03-21,0.91637033,simulation
1981-03-22,0.87982285,simulation
1981-03-23,9.740393,simulation
1981-03-24,11.092665,simulation
1981-03-25,2.2689166,simulation
1981-03-26,14.732752,simulation
1981-03-27,4.094119,simulation
1981-03-28,1.9035472,simulation
1981-03-29,0.99188054,simulation
1981-03-30,31.999928,simulation
1981-03-31,4.8390355,simulation
1981-04-01,5.32839,simulation
1981-04-02,16.0992,simulation
1981-04-03,2.6946328,simulation
1981-04-04,7.473657,simulation
1981-04-05,25.629858,simulation
1981-04-06,17.987587,simulation
1981-04-07,3.107572,simulation
1981-04-08,1.5777255,simulation
1981-04-09,3.52749,simulation
1981-04-10,8.94095,simulation
1981-04-11,1.8097492,simulation
1981-04-12,2.7697139,simulation
1981-04-13,5.150239,simulation
1981-04-14,3.2847106,simulation
1981-04-15,35.395348,simulation
1981-04-16,2.6920438,simulation
1981-04-17,3.9617052,simulation
1981-04-18,1.5702755,simulation
1981-04-19,3.0559626,simulation
1981-04-20,6.053417,simulation
1981-04-21,11.224954,simulation
1981-04-22,1.1453071,simulation
1981-04-23,0.8976742,simulation
1981-04-24,1.9378479,simulation
1981-04-25,2.399919,simulation
1981-04-26,41.654404,simulation
1981-04-27,46.703476,simulation
1981-04-28,1.1481243,simulation
1981-04-29,2.0679188,simulation
1981-04-30,1.8159574,simulation
1981-05-01,1.868847,simulation
1981-05-02,12.812689,simulation
1981-05-03,4.820651,simulation
1981-05-04,2.2728684,simulation
1981-05-05,0.83083814,simulation
1981-05-06,0.83870614,simulation
1981-05-07,0.84724116,simulation
1981-05-08,2.2035897,simulation
1981-05-09,1.1424378,simulation
1981-05-10,8.406702,simulation
1981-05-11,6.7305765,simulation
1981-05-12,43.06295,simulation
1981-05-13,37.0907,simulation
1981-05-14,5.482209,simulation
1981-05-15,39.52469,simulation
1981-05-16,1.1892924,simulation
1981-05-17,26.812729,simulation
1981-05-18,8.059161,simulation
1981-05-19,20.345444,simulation
1981-05-20,0.98006904,simulation
1981-05-21,24.514868,simulation
1981-05-22,7.017737,simulation
1981-05-23,2.0454938,simulation
1981-05-24,8.019543,simulation
1981-05-25,3.0361865,simulation
1981-05-26,4.5535784,simulation
1981-05-27,2.5087295,simulation
1981-05-28,53.620525,simulation
1981-05-29,28.747686,simulation
1981-05-30,5.162477,simulation
1981-05-31,6.1279063,simulation
1981-06-01,4.067881,simulation
1981-06-02,3.7713387,simulation
1981-06-03,2.7557847,simulation
1981-06-04,1.053939,simulation
1981-06-05,0.9713233,simulation
1981-06-06,9.5753,simulation
1981-06-07,3.6174285,simulation
1981-06-08,9.06855,simulation
1981-06-09,12.137104,simulation
1981-06-10,9.372035,simulation
1981-06-11,2.6559374,simulation
1981-06-12,3.379888,simulation
1981-06-13,12.556844,simulation
1981-06-14,35.54694,simulation
1981-06-15,35.01966,simulation
1981-06-16,39.833942,simulation
1981-06-17,10.66156,simulation
1981-06-18,69.3065,simulation
1981-06-19,28.111134,simulation
1981-06-20,9.702658,simulation
1981-06-21,63.351437,simulation
1981-06-22,47.3309,simulation
1981-06-23,36.82619,simulation
1981-06-24,3.1044955,simulation
1981-06-25,8.712189,simulation
1981-06-26,28.479258,simulation
1981-06-27,36.66664,simulation
1981-06-28,58.947784,simulation
1981-06-29,20.73384,simulation
1981-06-30,32.59449,simulation
1981-07-01,0.5764973,simulation
1981-07-02,1.4570038,simulation
1981-07-03,3.7385907,simulation
1981-07-04,2.155035,simulation
1981-07-05,1.1788033,simulation
1981-07-06,2.936249,simulation
1981-07-07,27.162975,simulation
1981-07-08,27.723242,simulation
1981-07-09,64.36897,simulation
1981-07-10,44.90394,simulation
1981-07-11,15.991557,simulation
1981-07-12,41.478107,simulation
1981-07-13,47.54001,simulation
1981-07-14,37.388165,simulation
1981-07-15,51.51985,simulation
1981-07-16,34.47828,simulation
1981-07-17,26.875288,simulation
1981-07-18,32.774414,simulation
1981-07-19,49.7362,simulation
1981-07-20,55.074078,simulation
1981-07-21,28.218273,simulation
1981-07-22,54.32492,simulation
1981-07-23,62.651516,simulation
1981-07-24,62.3045,simulation
1981-07-25,13.356357,simulation
1981-07-26,23.970758,simulation
1981-07-27,25.011702,simulation
1981-07-28,21.185852,simulation
1981-07-29,7.513404,simulation
1981-07-30,30.466244,simulation
1981-07-31,52.95446,simulation
1981-08-01,24.425922,simulation
1981-08-02,27.693604,simulation
1981-08-03,21.790648,simulation
1981-08-04,10.069352,simulation
1981-08-05,31.327126,simulation
1981-08-06,7.490607,simulation
1981-08-07,9.9650545,simulation
1981-08-08,12.644089,simulation
1981-08-09,22.777079,simulation
1981-08-10,10.949906,simulation
1981-08-11,39.389156,simulation
1981-08-12,41.03251,simulation
1981-08-13,32.70411,simulation
1981-08-14,9.993503,simulation
1981-08-15,40.736145,simulation
1981-08-16,5.778538,simulation
1981-08-17,1.5353725,simulation
1981-08-18,5.5667424,simulation
1981-08-19,0.88460904,simulation
1981-08-20,1.2406564,simulation
1981-08-21,2.1056874,simulation
1981-08-22,1.0557442,simulation
1981-08-23,5.666912,simulation
1981-08-24,8.29969,simulation
1981-08-25,34.513573,simulation
1981-08-26,37.0031,simulation
1981-08-27,25.11094,simulation
1981-08-28,1.6091006,simulation
1981-08-29,1.365118,simulation
1981-08-30,9.10089,simulation
1981-08-31,1.6604711,simulation
1981-09-01,1.1489757,simulation
1981-09-02,1.1168648,simulation
1981-09-03,0.53845257,simulation
1981-09-04,1.8797767,simulation
1981-09-05,37.75415,simulation
1981-09-06,19.584784,simulation
1981-09-07,23.168865,simulation
1981-09-08,2.3132777,simulation
1981-09-09,36.470898,simulation
1981-09-10,29.554256,simulation
1981-09-11,31.36777,simulation
1981-09-12,11.206529,simulation
1981-09-13,3.5598154,simulation
1981-09-14,2.909659,simulation
1981-09-15,0.59266347,simulation
1981-09-16,4.2475905,simulation
1981-09-17,19.47774,simulation
1981-09-18,18.631664,simulation
1981-09-19,13.129731,simulation
1981-09-20,4.2292905,simulation
1981-09-21,13.372848,simulation
1981-09-22,18.46315,simulation
1981-09-23,24.987783,simulation
1981-09-24,13.600161,simulation
1981-09-25,14.0795355,simulation
1981-09-26,8.143586,simulation
1981-09-27,12.721182,simulation
1981-09-28,19.760637,simulation
1981-09-29,23.950638,simulation
1981-09-30,20.368301,simulation
1981-10-01,2.8239229,simulation
1981-10-02,29.8661,simulation
1981-10-03,7.4662514,simulation
1981-10-04,15.393188,simulation
1981-10-05,18.57599,simulation
1981-10-06,2.3047326,simulation
1981-10-07,1.0414279,simulation
1981-10-08,0.347407,simulation
1981-10-09,0.39434117,simulation
1981-10-10,0.6813806,simulation
1981-10-11,0.89281654,simulation
1981-10-12,0.50974536,simulation
1981-10-13,7.442541,simulation
1981-10-14,1.2612528,simulation
1981-10-15,2.251259,simulation
1981-10-16,2.2632267,simulation
1981-10-17,4.821866,simulation
1981-10-18,1.40452,simulation
1981-10-19,6.7892504,simulation
1981-10-20,4.6968246,simulation
1981-10-21,1.4351938,simulation
1981-10-22,0.8184415,simulation
1981-10-23,0.97891474,simulation
1981-10-24,1.6143116,simulation
1981-10-25,0.38318452,simulation
1981-10-26,0.3927558,simulation
1981-10-27,1.6424483,simulation
1981-10-28,1.3595904,simulation
1981-10-29,3.6182368,simulation
1981-10-30,1.8670317,simulation
1981-10-31,2.0064871,simulation
1981-11-01,0.86962664,simulation
1981-11-02,0.6792648,simulation
1981-11-03,1.7570456,simulation
1981-11-04,1.1747696,simulation
1981-11-05,1.5265107,simulation
1981-11-06,4.3486805,simulation
1981-11-07,2.0101354,simulation
1981-11-08,3.2964833,simulation
1981-11-09,0.46417603,simulation
1981-11-10,1.8009114,simulation
1981-11-11,2.8884494,simulation
1981-11-12,0.80668974,simulation
1981-11-13,0.7467769,simulation
1981-11-14,2.2009552,simulation
1981-11-15,1.137953,simulation
1981-11-16,0.7979413,simulation
1981-11-17,1.826077,simulation
1981-11-18,2.2754066,simulation
1981-11-19,1.4155108,simulation
1981-11-20,1.9345146,simulation
1981-11-21,0.9690164,simulation
1981-11-22,1.2329885,simulation
1981-11-23,1.0279716,simulation
1981-11-24,1.5736169,simulation
1981-11-25,2.2672381,simulation
1981-11-26,0.9543637,simulation
1981-11-27,0.49397165,simulation
1981-11-28,0.9488096,simulation
1981-11-29,0.7264008,simulation
1981-11-30,0.7348625,simulation
1981-12-01,1.9146417,simulation
1981-12-02,1.4188612,simulation
1981-12-03,2.649538,simulation
1981-12-04,3.2622716,simulation
1981-12-05,1.2748111,simulation
1981-12-06,0.525729,simulation
1981-12-07,1.698753,simulation
1981-12-08,2.835974,simulation
1981-12-09,2.0748315,simulation
1981-12-10,1.3093885,simulation
1981-12-11,0.6369178,simulation
1981-12-12,0.3617862,simulation
1981-12-13,0.33532172,simulation
1981-12-14,0.35346606,simulation
1981-12-15,1.2642426,simulation
1981-12-16,1.5660534,simulation
1981-12-17,0.6612494,simulation
1981-12-18,1.4263595,simulation
1981-12-19,0.9407142,simulation
1981-12-20,0.8328921,simulation
1981-12-21,0.6548794,simulation
1981-12-22,1.0198727,simulation
1981-12-23,0.6339243,simulation
1981-12-24,0.45938554,simulation
1981-12-25,0.78986114,simulation
1981-12-26,0.5262362,simulation
1981-12-27,1.066113,simulation
1981-12-28,0.80361587,simulation
1981-12-29,1.1520203,simulation
1981-12-30,0.6608001,simulation
1981-12-31,0.3715131,simulation
1982-01-01,0.38209745,simulation
1982-01-02,0.41551206,simulation
1982-01-03,0.68289196,simulation
1982-01-04,3.552962,simulation
1982-01-05,1.8928242,simulation
1982-01-06,0.8002036,simulation
1982-01-07,0.5087481,simulation
1982-01-08,0.909725,simulation
1982-01-09,1.4512532,simulation
1982-01-10,1.5456176,simulation
1982-01-11,0.9064385,simulation
1982-01-12,0.48316845,simulation
1982-01-13,0.4051959,simulation
1982-01-14,0.5873747,simulation
1982-01-15,1.2146952,simulation
1982-01-16,0.92690474,simulation
1982-01-17,1.0779567,simulation
1982-01-18,0.71314144,simulation
1982-01-19,1.3800027,simulation
1982-01-20,0.6444541,simulation
1982-01-21,0.5727909,simulation
1982-01-22,0.91085386,simulation
1982-01-23,0.9301484,simulation
1982-01-24,1.8092687,simulation
1982-01-25,1.3891054,simulation
1982-01-26,2.2107174,simulation
1982-01-27,2.8759637,simulation
1982-01-28,0.7118397,simulation
1982-01-29,1.7339282,simulation
1982-01-30,1.1794063,simulation
1982-01-31,0.6742493,simulation
1982-02-01,0.93528944,simulation
1982-02-02,0.44870543,simulation
1982-02-03,0.51279444,simulation
1982-02-04,0.59741706,simulation
1982-02-05,0.7087256,simulation
1982-02-06,0.55087095,simulation
1982-02-07,1.4725955,simulation
1982-02-08,0.9960154,simulation
1982-02-09,0.5214267,simulation
1982-02-10,1.6244844,simulation
1982-02-11,2.8787224,simulation
1982-02-12,0.5857078,simulation
1982-02-13,0.7114788,simulation
1982-02-14,1.0230521,simulation
1982-02-15,0.70896703,simulation
1982-02-16,1.5132247,simulation
1982-02-17,1.0021623,simulation
1982-02-18,1.4536871,simulation
1982-02-19,2.3801446,simulation
1982-02-20,1.4516537,simulation
1982-02-21,9.943519,simulation
1982-02-22,5.8827004,simulation
1982-02-23,7.5676885,simulation
1982-02-24,3.5554354,simulation
1982-02-25,1.4715942,simulation
1982-02-26,0.60760623,simulation
1982-02-27,0.51125854,simulation
1982-02-28,0.52545,simulation
1982-03-01,2.117354,simulation
1982-03-02,3.899474,simulation
1982-03-03,1.4252989,simulation
1982-03-04,1.5885643,simulation
1982-03-05,1.3327951,simulation
1982-03-06,0.580751,simulation
1982-03-07,4.2992334,simulation
1982-03-08,5.364811,simulation
1982-03-09,1.5668166,simulation
1982-03-10,3.67697,simulation
1982-03-11,1.1758193,simulation
1982-03-12,1.7711259,simulation
1982-03-13,0.91291875,simulation
1982-03-14,2.1461892,simulation
1982-03-15,4.1659775,simulation
1982-03-16,2.8504014,simulation
1982-03-17,1.4364018,simulation
1982-03-18,2.492799,simulation
1982-03-19,15.08386,simulation
1982-03-20,5.1437974,simulation
1982-03-21,0.5410571,simulation
1982-03-22,0.55574167,simulation
1982-03-23,2.1792243,simulation
1982-03-24,0.5633868,simulation
1982-03-25,2.308767,simulation
1982-03-26,11.860543,simulation
1982-03-27,1.6826329,simulation
1982-03-28,6.4773045,simulation
1982-03-29,2.449796,simulation
1982-03-30,1.3552047,simulation
1982-03-31,1.4241872,simulation
1982-04-01,2.7763488,simulation
1982-04-02,2.0977933,simulation
1982-04-03,19.52715,simulation
1982-04-04,1.5734633,simulation
1982-04-05,2.4085777,simulation
1982-04-06,14.642804,simulation
1982-04-07,5.953963,simulation
1982-04-08,1.4986795,simulation
1982-04-09,6.2677674,simulation
1982-04-10,1.6612442,simulation
1982-04-11,20.11296,simulation
1982-04-12,13.002748,simulation
1982-04-13,2.0467734,simulation
1982-04-14,1.6265537,simulation
1982-04-15,0.9402392,simulation
1982-04-16,3.602263,simulation
1982-04-17,1.0379214,simulation
1982-04-18,7.534255,simulation
1982-04-19,1.0336773,simulation
1982-04-20,0.983028,simulation
1982-04-21,0.76116174,simulation
1982-04-22,1.6454002,simulation
1982-04-23,22.000975,simulation
1982-04-24,3.9558413,simulation
1982-04-25,3.2610466,simulation
1982-04-26,9.069342,simulation
1982-04-27,3.889803,simulation
1982-04-28,12.637499,simulation
1982-04-29,2.149109,simulation
1982-04-30,1.3951629,simulation
1982-05-01,1.4312662,simulation
1982-05-02,1.3808137,simulation
1982-05-03,25.818377,simulation
1982-05-04,29.92775,simulation
1982-05-05,11.927904,simulation
1982-05-06,6.192954,simulation
1982-05-07,0.86935157,simulation
1982-05-08,34.989094,simulation
1982-05-09,46.37972,simulation
1982-05-10,8.144334,simulation
1982-05-11,31.298376,simulation
1982-05-12,4.4531884,simulation
1982-05-13,10.837779,simulation
1982-05-14,1.3772932,simulation
1982-05-15,13.76275,simulation
1982-05-16,36.27904,simulation
1982-05-17,21.736603,simulation
1982-05-18,2.5451188,simulation
1982-05-19,13.874167,simulation
1982-05-20,16.424915,simulation
1982-05-21,40.060043,simulation
1982-05-22,6.245768,simulation
1982-05-23,14.006901,simulation
1982-05-24,7.5037684,simulation
1982-05-25,10.489879,simulation
1982-05-26,3.3020794,simulation
1982-05-27,18.192776,simulation
1982-05-28,4.9695773,simulation
1982-05-29,45.331352,simulation
1982-05-30,50.587082,simulation
1982-05-31,8.480737,simulation
1982-06-01,11.391755,simulation
1982-06-02,53.17622,simulation
1982-06-03,35.295338,simulation
1982-06-04,19.075277,simulation
1982-06-05,26.38968,simulation
1982-06-06,35.895824,simulation
1982-06-07,37.263817,simulation
1982-06-08,11.549401,simulation
1982-06-09,37.203182,simulation
1982-06-10,13.160797,simulation
1982-06-11,19.839417,simulation
1982-06-12,5.4314213,simulation
1982-06-13,2.5121095,simulation
1982-06-14,39.37697,simulation
1982-06-15,16.898949,simulation
1982-06-16,0.8489303,simulation
1982-06-17,10.482646,simulation
1982-06-18,28.390621,simulation
1982-06-19,5.2359395,simulation
1982-06-20,21.797329,simulation
1982-06-21,3.53676,simulation
1982-06-22,1.9060191,simulation
1982-06-23,44.134117,simulation
1982-06-24,34.48671,simulation
1982-06-25,3.8318079,simulation
1982-06-26,2.0668168,simulation
1982-06-27,1.2657881,simulation
1982-06-28,2.7230413,simulation
1982-06-29,1.9911009,simulation
1982-06-30,5.4903955,simulation
1982-07-01,15.31365,simulation
1982-07-02,45.840782,simulation
1982-07-03,63.65238,simulation
1982-07-04,12.666917,simulation
1982-07-05,48.13201,simulation
1982-07-06,16.742188,simulation
1982-07-07,30.960089,simulation
1982-07-08,10.212396,simulation
1982-07-09,4.727279,simulation
1982-07-10,23.987165,simulation
1982-07-11,20.456919,simulation
1982-07-12,3.8633716,simulation
1982-07-13,2.9803858,simulation
1982-07-14,8.548033,simulation
1982-07-15,9.467315,simulation
1982-07-16,10.402628,simulation
1982-07-17,8.884319,simulation
1982-07-18,36.259106,simulation
1982-07-19,31.447344,simulation
1982-07-20,18.959942,simulation
1982-07-21,31.867376,simulation
1982-07-22,17.15288,simulation
1982-07-23,14.693069,simulation
1982-07-24,15.619869,simulation
1982-07-25,7.376887,simulation
1982-07-26,25.475727,simulation
1982-07-27,24.897497,simulation
1982-07-28,5.2970905,simulation
1982-07-29,5.568264,simulation
1982-07-30,2.0652544,simulation
1982-07-31,2.3722246,simulation
1982-08-01,0.66437167,simulation
1982-08-02,2.3251917,simulation
1982-08-03,36.47024,simulation
1982-08-04,29.94438,simulation
1982-08-05,37.1992,simulation
1982-08-06,1.1398158,simulation
1982-08-07,20.09052,simulation
1982-08-08,14.75904,simulation
1982-08-09,9.42379,simulation
1982-08-10,22.106544,simulation
1982-08-11,3.3897092,simulation
1982-08-12,8.070216,simulation
1982-08-13,4.9704494,simulation
1982-08-14,1.2095226,simulation
1982-08-15,4.729997,simulation
1982-08-16,1.2342024,simulation
1982-08-17,2.6592407,simulation
1982-08-18,18.875628,simulation
1982-08-19,41.36962,simulation
1982-08-20,33.792652,simulation
1982-08-21,18.605635,simulation
1982-08-22,14.8491745,simulation
1982-08-23,36.072594,simulation
1982-08-24,34.207085,simulation
1982-08-25,63.921394,simulation
1982-08-26,50.645542,simulation
1982-08-27,46.916702,simulation
1982-08-28,6.1124096,simulation
1982-08-29,27.213346,simulation
1982-08-30,7.999143,simulation
1982-08-31,19.749735,simulation
1982-09-01,19.166136,simulation
1982-09-02,31.741184,simulation
1982-09-03,4.3604655,simulation
1982-09-04,13.58998,simulation
1982-09-05,36.057,simulation
1982-09-06,22.890327,simulation
1982-09-07,26.357851,simulation
1982-09-08,4.8964367,simulation
1982-09-09,1.5860645,simulation
1982-09-10,0.77860814,simulation
1982-09-11,0.92625463,simulation
1982-09-12,0.94488007,simulation
1982-09-13,4.764552,simulation
1982-09-14,6.358368,simulation
1982-09-15,9.528059,simulation
1982-09-16,34.655636,simulation
1982-09-17,7.3944144,simulation
1982-09-18,17.200476,simulation
1982-09-19,3.1715147,simulation
1982-09-20,1.0733383,simulation
1982-09-21,14.159103,simulation
1982-09-22,15.833437,simulation
1982-09-23,15.512699,simulation
1982-09-24,1.209962,simulation
1982-09-25,5.969917,simulation
1982-09-26,1.9789422,simulation
1982-09-27,7.4152546,simulation
1982-09-28,19.621458,simulation
1982-09-29,10.727604,simulation
1982-09-30,18.937817,simulation
1982-10-01,12.419223,simulation
1982-10-02,6.296479,simulation
1982-10-03,4.5053163,simulation
1982-10-04,15.810392,simulation
1982-10-05,5.1071205,simulation
1982-10-06,0.5807259,simulation
1982-10-07,0.45128456,simulation
1982-10-08,0.88316596,simulation
1982-10-09,4.0607405,simulation
1982-10-10,2.3370302,simulation
1982-10-11,2.4503262,simulation
1982-10-12,0.5903197,simulation
1982-10-13,0.5068305,simulation
1982-10-14,8.5183,simulation
1982-10-15,9.207089,simulation
1982-10-16,11.18831,simulation
1982-10-17,1.0064534,simulation
1982-10-18,3.2686224,simulation
1982-10-19,6.386415,simulation
1982-10-20,0.8716573,simulation
1982-10-21,7.446436,simulation
1982-10-22,4.936966,simulation
1982-10-23,4.995952,simulation
1982-10-24,5.955229,simulation
1982-10-25,3.0439985,simulation
1982-10-26,3.5591044,simulation
1982-10-27,5.6993203,simulation
1982-10-28,5.2679553,simulation
1982-10-29,1.0900699,simulation
1982-10-30,2.299523,simulation
1982-10-31,1.7258817,simulation
1982-11-01,1.7376702,simulation
1982-11-02,1.1101645,simulation
1982-11-03,0.54134,simulation
1982-11-04,5.199154,simulation
1982-11-05,2.524625,simulation
1982-11-06,2.8897982,simulation
1982-11-07,3.564278,simulation
1982-11-08,1.8119038,simulation
1982-11-09,1.0743074,simulation
1982-11-10,3.180653,simulation
1982-11-11,0.91551614,simulation
1982-11-12,0.9445824,simulation
1982-11-13,2.9399617,simulation
1982-11-14,0.6708445,simulation
1982-11-15,2.1817648,simulation
1982-11-16,0.9634273,simulation
1982-11-17,0.4098097,simulation
1982-11-18,0.4679402,simulation
1982-11-19,0.46498606,simulation
1982-11-20,0.7526938,simulation
1982-11-21,0.57584465,simulation
1982-11-22,0.68111604,simulation
1982-11-23,0.9224328,simulation
1982-11-24,1.2132192,simulation
1982-11-25,0.9031223,simulation
1982-11-26,1.1210878,simulation
1982-11-27,0.60074157,simulation
1982-11-28,0.6595462,simulation
1982-11-29,2.6601965,simulation
1982-11-30,0.48393708,simulation
1982-12-01,1.1016932,simulation
1982-12-02,1.4681338,simulation
1982-12-03,1.0327373,simulation
1982-12-04,0.60618114,simulation
1982-12-05,2.6249,simulation
1982-12-06,2.1277242,simulation
1982-12-07,2.2166662,simulation
1982-12-08,1.0973499,simulation
1982-12-09,1.4236405,simulation
1982-12-10,0.48290008,simulation
1982-12-11,0.50467336,simulation
1982-12-12,1.0139606,simulation
1982-12-13,0.8356763,simulation
1982-12-14,0.9857956,simulation
1982-12-15,0.6241381,simulation
1982-12-16,1.3273233,simulation
1982-12-17,1.3937622,simulation
1982-12-18,1.8421252,simulation
1982-12-19,3.5134525,simulation
1982-12-20,1.9863715,simulation
1982-12-21,1.7524471,simulation
1982-12-22,0.9060552,simulation
1982-12-23,1.5342802,simulation
1982-12-24,1.024595,simulation
1982-12-25,0.80100834,simulation
1982-12-26,0.67723006,simulation
1982-12-27,1.1237649,simulation
1982-12-28,0.97159296,simulation
1982-12-29,1.0825136,simulation
1982-12-30,1.1360067,simulation
1982-12-31,1.0712339,simulation
1983-01-01,0.50850695,simulation
1983-01-02,0.5182779,simulation
1983-01-03,0.6220188,simulation
1983-01-04,1.1904483,simulation
1983-01-05,0.7302978,simulation
1983-01-06,1.5442398,simulation
1983-01-07,0.7383169,simulation
1983-01-08,0.7379285,simulation
1983-01-09,0.49941468,simulation
1983-01-10,0.7781162,simulation
1983-01-11,2.941484,simulation
1983-01-12,1.9552389,simulation
1983-01-13,1.0082552,simulation
1983-01-14,2.0192075,simulation
1983-01-15,1.5884346,simulation
1983-01-16,1.0093689,simulation
1983-01-17,1.2947248,simulation
1983-01-18,0.98750913,simulation
1983-01-19,0.7322074,simulation
1983-01-20,0.33938906,simulation
1983-01-21,0.37445664,simulation
1983-01-22,0.41063678,simulation
1983-01-23,0.5151538,simulation
1983-01-24,0.9986394,simulation
1983-01-25,1.1287655,simulation
1983-01-26,0.5972928,simulation
1983-01-27,0.49767336,simulation
1983-01-28,0.41632017,simulation
1983-01-29,0.6576405,simulation
1983-01-30,0.9303617,simulation
1983-01-31,0.60338384,simulation
1983-02-01,0.4508479,simulation
1983-02-02,0.7267296,simulation
1983-02-03,1.5405848,simulation
1983-02-04,0.8522505,simulation
1983-02-05,0.46708757,simulation
1983-02-06,0.4461443,simulation
1983-02-07,0.95670474,simulation
1983-02-08,1.8919913,simulation
1983-02-09,0.4338927,simulation
1983-02-10,0.43221223,simulation
1983-02-11,0.5608717,simulation
1983-02-12,0.4852015,simulation
1983-02-13,1.1327426,simulation
1983-02-14,2.2777972,simulation
1983-02-15,2.303762,simulation
1983-02-16,0.71321934,simulation
1983-02-17,2.7889254,simulation
1983-02-18,1.8290931,simulation
1983-02-19,4.443321,simulation
1983-02-20,2.4819407,simulation
1983-02-21,1.4953994,simulation
1983-02-22,0.5818341,simulation
1983-02-23,0.593519,simulation
1983-02-24,2.5511737,simulation
1983-02-25,3.418258,simulation
1983-02-26,1.1828562,simulation
1983-02-27,0.90536946,simulation
1983-02-28,0.42783687,simulation
1983-03-01,4.1100054,simulation
1983-03-02,1.6667064,simulation
1983-03-03,2.09325,simulation
1983-03-04,2.237738,simulation
1983-03-05,0.89476085,simulation
1983-03-06,22.313745,simulation
1983-03-07,10.001441,simulation
1983-03-08,3.5954995,simulation
1983-03-09,2.508465,simulation
1983-03-10,1.5078793,simulation
1983-03-11,1.6470509,simulation
1983-03-12,2.8658144,simulation
1983-03-13,1.7733754,simulation
1983-03-14,5.3771667,simulation
1983-03-15,0.916519,simulation
1983-03-16,0.47028628,simulation
1983-03-17,0.5676963,simulation
1983-03-18,7.5672674,simulation
1983-03-19,9.464337,simulation
1983-03-20,0.74970657,simulation
1983-03-21,0.7066529,simulation
1983-03-22,3.2582798,simulation
1983-03-23,0.5873053,simulation
1983-03-24,0.83016616,simulation
1983-03-25,9.319436,simulation
1983-03-26,0.7009458,simulation
1983-03-27,23.600979,simulation
1983-03-28,7.0998516,simulation
1983-03-29,11.093325,simulation
1983-03-30,0.7098738,simulation
1983-03-31,3.2045717,simulation
1983-04-01,4.4918494,simulation
1983-04-02,2.9771066,simulation
1983-04-03,17.19625,simulation
1983-04-04,1.9671571,simulation
1983-04-05,0.7046035,simulation
1983-04-06,0.6782203,simulation
1983-04-07,0.61849415,simulation
1983-04-08,0.5726465,simulation
1983-04-09,2.893678,simulation
1983-04-10,14.513723,simulation
1983-04-11,28.85824,simulation
1983-04-12,47.243793,simulation
1983-04-13,11.659451,simulation
1983-04-14,9.375029,simulation
1983-04-15,31.845089,simulation
1983-04-16,23.266144,simulation
1983-04-17,20.5681,simulation
1983-04-18,2.226654,simulation
1983-04-19,1.3909386,simulation
1983-04-20,8.400544,simulation
1983-04-21,6.55734,simulation
1983-04-22,0.7007869,simulation
1983-04-23,2.2877545,simulation
1983-04-24,16.207218,simulation
1983-04-25,27.509333,simulation
1983-04-26,36.880047,simulation
1983-04-27,37.28022,simulation
1983-04-28,2.1020322,simulation
1983-04-29,1.2833308,simulation
1983-04-30,2.7003458,simulation
1983-05-01,3.2526493,simulation
1983-05-02,1.637671,simulation
1983-05-03,1.1422617,simulation
1983-05-04,34.420223,simulation
1983-05-05,35.74776,simulation
1983-05-06,61.66905,simulation
1983-05-07,5.6497755,simulation
1983-05-08,12.272107,simulation
1983-05-09,20.511833,simulation
1983-05-10,7.3332944,simulation
1983-05-11,1.835654,simulation
1983-05-12,39.223843,simulation
1983-05-13,20.925055,simulation
1983-05-14,4.2654033,simulation
1983-05-15,0.59895086,simulation
1983-05-16,3.417276,simulation
1983-05-17,41.854965,simulation
1983-05-18,1.7437581,simulation
1983-05-19,2.472321,simulation
1983-05-20,0.9937939,simulation
1983-05-21,0.9491088,simulation
1983-05-22,3.4509985,simulation
1983-05-23,22.58903,simulation
1983-05-24,56.94453,simulation
1983-05-25,4.49091,simulation
1983-05-26,28.035769,simulation
1983-05-27,29.678827,simulation
1983-05-28,7.800004,simulation
1983-05-29,3.4076126,simulation
1983-05-30,52.07598,simulation
1983-05-31,1.3926848,simulation
1983-06-01,12.513257,simulation
1983-06-02,27.358183,simulation
1983-06-03,32.773296,simulation
1983-06-04,2.1128328,simulation
1983-06-05,1.3462849,simulation
1983-06-06,1.4264845,simulation
1983-06-07,2.8754532,simulation
1983-06-08,46.959473,simulation
1983-06-09,52.379787,simulation
1983-06-10,47.18752,simulation
1983-06-11,16.977867,simulation
1983-06-12,13.805476,simulation
1983-06-13,39.62104,simulation
1983-06-14,9.729081,simulation
1983-06-15,10.601238,simulation
1983-06-16,3.4016993,simulation
1983-06-17,0.80291253,simulation
1983-06-18,0.8480402,simulation
1983-06-19,2.0163145,simulation
1983-06-20,7.540592,simulation
1983-06-21,0.7030816,simulation
1983-06-22,1.671995,simulation
1983-06-23,4.800615,simulation
1983-06-24,2.126493,simulation
1983-06-25,1.9233297,simulation
1983-06-26,3.1932554,simulation
1983-06-27,2.453082,simulation
1983-06-28,8.445982,simulation
1983-06-29,2.7470732,simulation
1983-06-30,10.331314,simulation
1983-07-01,39.67344,simulation
1983-07-02,11.274949,simulation
1983-07-03,21.035164,simulation
1983-07-04,20.78393,simulation
1983-07-05,2.1241546,simulation
1983-07-06,63.072388,simulation
1983-07-07,56.195206,simulation
1983-07-08,39.155468,simulation
1983-07-09,58.337673,simulation
1983-07-10,56.06524,simulation
1983-07-11,51.68443,simulation
1983-07-12,38.977306,simulation
1983-07-13,21.341394,simulation
1983-07-14,24.982834,simulation
1983-07-15,6.787384,simulation
1983-07-16,1.8692441,simulation
1983-07-17,3.39098,simulation
1983-07-18,4.4539294,simulation
1983-07-19,10.6083145,simulation
1983-07-20,48.89775,simulation
1983-07-21,18.532883,simulation
1983-07-22,11.436846,simulation
1983-07-23,51.662407,simulation
1983-07-24,51.15469,simulation
1983-07-25,37.97589,simulation
1983-07-26,4.366912,simulation
1983-07-27,13.066299,simulation
1983-07-28,6.4429336,simulation
1983-07-29,19.214098,simulation
1983-07-30,35.83298,simulation
1983-07-31,7.3164024,simulation
1983-08-01,0.97321296,simulation
1983-08-02,0.5644481,simulation
1983-08-03,3.6139853,simulation
1983-08-04,9.319408,simulation
1983-08-05,11.68026,simulation
1983-08-06,25.983187,simulation
1983-08-07,8.430643,simulation
1983-08-08,14.858289,simulation
1983-08-09,33.5648,simulation
1983-08-10,25.210094,simulation
1983-08-11,42.323574,simulation
1983-08-12,7.3899655,simulation
1983-08-13,1.7785411,simulation
1983-08-14,43.252922,simulation
1983-08-15,30.975075,simulation
1983-08-16,27.49067,simulation
1983-08-17,9.532299,simulation
1983-08-18,36.25116,simulation
1983-08-19,33.40136,simulation
1983-08-20,26.512415,simulation
1983-08-21,36.896088,simulation
1983-08-22,7.6366954,simulation
1983-08-23,23.782627,simulation
1983-08-24,39.503387,simulation
1983-08-25,38.912495,simulation
1983-08-26,2.1959243,simulation
1983-08-27,4.752377,simulation
1983-08-28,20.038326,simulation
1983-08-29,14.781755,simulation
1983-08-30,42.48853,simulation
1983-08-31,3.2694561,simulation
1983-09-01,7.629634,simulation
1983-09-02,15.431516,simulation
1983-09-03,8.494317,simulation
1983-09-04,5.5678043,simulation
1983-09-05,1.3190979,simulation
1983-09-06,0.80492574,simulation
1983-09-07,1.4587563,simulation
1983-09-08,1.9674628,simulation
1983-09-09,25.119896,simulation
1983-09-10,24.284992,simulation
1983-09-11,1.8754163,simulation
1983-09-12,0.44914836,simulation
1983-09-13,1.2420678,simulation
1983-09-14,15.7783165,simulation
1983-09-15,21.027235,simulation
1983-09-16,21.371078,simulation
1983-09-17,24.511686,simulation
1983-09-18,9.294284,simulation
1983-09-19,0.66013,simulation
1983-09-20,0.796252,simulation
1983-09-21,3.0191414,simulation
1983-09-22,12.580394,simulation
1983-09-23,14.213306,simulation
1983-09-24,16.36942,simulation
1983-09-25,6.5828986,simulation
1983-09-26,6.4937377,simulation
1983-09-27,7.931338,simulation
1983-09-28,13.464098,simulation
1983-09-29,10.905531,simulation
1983-09-30,12.670862,simulation
1983-10-01,12.440348,simulation
1983-10-02,14.183884,simulation
1983-10-03,6.4099703,simulation
1983-10-04,2.1253293,simulation
1983-10-05,9.654361,simulation
1983-10-06,1.4152256,simulation
1983-10-07,1.7103052,simulation
1983-10-08,2.7355604,simulation
1983-10-09,7.651713,simulation
1983-10-10,0.68104815,simulation
1983-10-11,0.56197757,simulation
1983-10-12,0.349972,simulation
1983-10-13,4.5989556,simulation
1983-10-14,5.1896095,simulation
1983-10-15,4.5275555,simulation
1983-10-16,2.0647957,simulation
1983-10-17,7.6099734,simulation
1983-10-18,1.1398603,simulation
1983-10-19,3.5996137,simulation
1983-10-20,2.4075923,simulation
1983-10-21,0.6785282,simulation
1983-10-22,0.4882278,simulation
1983-10-23,0.43130893,simulation
1983-10-24,0.6465433,simulation
1983-10-25,0.7340386,simulation
1983-10-26,4.6073647,simulation
1983-10-27,3.7458415,simulation
1983-10-28,3.8988912,simulation
1983-10-29,0.7279641,simulation
1983-10-30,3.9176714,simulation
1983-10-31,0.7221435,simulation
1983-11-01,1.10639,simulation
1983-11-02,4.432038,simulation
1983-11-03,1.0699869,simulation
1983-11-04,0.3766818,simulation
1983-11-05,2.8383677,simulation
1983-11-06,0.7179076,simulation
1983-11-07,0.39023584,simulation
1983-11-08,2.3689947,simulation
1983-11-09,0.9980929,simulation
1983-11-10,1.0012312,simulation
1983-11-11,0.48751822,simulation
1983-11-12,1.6573415,simulation
1983-11-13,0.35391343,simulation
1983-11-14,1.0336728,simulation
1983-11-15,2.7433803,simulation
1983-11-16,1.5484341,simulation
1983-11-17,1.8016543,simulation
1983-11-18,1.6665326,simulation
1983-11-19,1.1853111,simulation
1983-11-20,2.1138604,simulation
1983-11-21,2.5738833,simulation
1983-11-22,0.38542593,simulation
1983-11-23,0.45626014,simulation
1983-11-24,0.69277436,simulation
1983-11-25,1.6975642,simulation
1983-11-26,0.74123585,simulation
1983-11-27,0.41391453,simulation
1983-11-28,2.0223927,simulation
1983-11-29,1.3427638,simulation
1983-11-30,0.59590703,simulation
1983-12-01,0.5753798,simulation
1983-12-02,0.81670165,simulation
1983-12-03,0.7541672,simulation
1983-12-04,0.78036505,simulation
1983-12-05,0.6727004,simulation
1983-12-06,1.3386047,simulation
1983-12-07,1.5495516,simulation
1983-12-08,1.1013161,simulation
1983-12-09,1.1743709,simulation
1983-12-10,0.8903398,simulation
1983-12-11,1.4360163,simulation
1983-12-12,0.61840785,simulation
1983-12-13,0.4974576,simulation
1983-12-14,0.77674514,simulation
1983-12-15,1.919296,simulation
1983-12-16,0.6883314,simulation
1983-12-17,1.0819404,simulation
1983-12-18,2.0624933,simulation
1983-12-19,0.67648035,simulation
1983-12-20,0.56008804,simulation
1983-12-21,0.6205537,simulation
1983-12-22,0.44733715,simulation
1983-12-23,0.48896196,simulation
1983-12-24,0.91673654,simulation
1983-12-25,0.5996202,simulation
1983-12-26,0.68674827,simulation
1983-12-27,0.53389263,simulation
1983-12-28,0.47345302,simulation
1983-12-29,1.3617377,simulation
1983-12-30,1.2060333,simulation
1983-12-31,0.98222834,simulation
1984-01-01,1.0326207,simulation
1984-01-02,0.62656903,simulation
1984-01-03,0.7954028,simulation
1984-01-04,0.9295138,simulation
1984-01-05,1.2800223,simulation
1984-01-06,1.5551524,simulation
1984-01-07,0.8950604,simulation
1984-01-08,1.7140021,simulation
1984-01-09,0.8601679,simulation
1984-01-10,0.565486,simulation
1984-01-11,1.3632903,simulation
1984-01-12,0.6369732,simulation
1984-01-13,0.51241755,simulation
1984-01-14,0.6767922,simulation
1984-01-15,0.3745989,simulation
1984-01-16,0.39074254,simulation
1984-01-17,0.40854064,simulation
1984-01-18,0.3937238,simulation
1984-01-19,1.2165548,simulation
1984-01-20,0.823656,simulation
1984-01-21,1.2736113,simulation
1984-01-22,1.0494013,simulation
1984-01-23,0.5803471,simulation
1984-01-24,0.3690572,simulation
1984-01-25,0.41052338,simulation
1984-01-26,0.4940698,simulation
1984-01-27,1.520938,simulation
1984-01-28,0.52901006,simulation
1984-01-29,1.8805455,simulation
1984-01-30,2.4907103,simulation
1984-01-31,0.84840494,simulation
1984-02-01,0.9441074,simulation
1984-02-02,2.4299614,simulation
1984-02-03,1.0818094,simulation
1984-02-04,2.0330431,simulation
1984-02-05,2.7824385,simulation
1984-02-06,1.5518757,simulation
1984-02-07,1.6208947,simulation
1984-02-08,2.2744648,simulation
1984-02-09,1.1326724,simulation
1984-02-10,0.5816429,simulation
1984-02-11,1.382443,simulation
1984-02-12,0.5554293,simulation
1984-02-13,1.1902521,simulation
1984-02-14,3.0987613,simulation
1984-02-15,3.5937839,simulation
1984-02-16,1.6804705,simulation
1984-02-17,2.8534625,simulation
1984-02-18,1.1410927,simulation
1984-02-19,0.69703144,simulation
1984-02-20,0.95095265,simulation
1984-02-21,1.0845828,simulation
1984-02-22,1.1482828,simulation
1984-02-23,4.8697524,simulation
1984-02-24,1.974373,simulation
1984-02-25,4.241314,simulation
1984-02-26,1.359552,simulation
1984-02-27,0.4958137,simulation
1984-02-28,0.8143205,simulation
1984-02-29,2.0396914,simulation
1984-03-01,3.2240126,simulation
1984-03-02,0.63331723,simulation
1984-03-03,0.41398993,simulation
1984-03-04,1.1922541,simulation
1984-03-05,0.4011117,simulation
1984-03-06,0.6483358,simulation
1984-03-07,3.9836445,simulation
1984-03-08,8.832968,simulation
1984-03-09,5.0070434,simulation
1984-03-10,1.3905193,simulation
1984-03-11,6.5891714,simulation
1984-03-12,0.92148197,simulation
1984-03-13,2.1764839,simulation
1984-03-14,6.7140007,simulation
1984-03-15,4.8530354,simulation
1984-03-16,1.6007596,simulation
1984-03-17,2.9262433,simulation
1984-03-18,2.9162993,simulation
1984-03-19,1.0567954,simulation
1984-03-20,0.60213405,simulation
1984-03-21,13.741907,simulation
1984-03-22,14.155298,simulation
1984-03-23,9.805624,simulation
1984-03-24,0.80437446,simulation
1984-03-25,7.4223022,simulation
1984-03-26,0.7741159,simulation
1984-03-27,0.8694409,simulation
1984-03-28,0.8824328,simulation
1984-03-29,3.7076252,simulation
1984-03-30,2.4642224,simulation
1984-03-31,7.7815404,simulation
1984-04-01,11.876413,simulation
1984-04-02,1.6954037,simulation
1984-04-03,12.877317,simulation
1984-04-04,11.96712,simulation
1984-04-05,7.7089777,simulation
1984-04-06,18.123596,simulation
1984-04-07,1.3874097,simulation
1984-04-08,0.57533973,simulation
1984-04-09,1.0566316,simulation
1984-04-10,1.2332393,simulation
1984-04-11,4.426423,simulation
1984-04-12,2.1661365,simulation
1984-04-13,6.6827416,simulation
1984-04-14,4.728841,simulation
1984-04-15,2.6563747,simulation
1984-04-16,3.366828,simulation
1984-04-17,7.8427963,simulation
1984-04-18,21.124908,simulation
1984-04-19,0.753301,simulation
1984-04-20,13.385319,simulation
1984-04-21,1.7143399,simulation
1984-04-22,1.7101355,simulation
1984-04-23,19.680235,simulation
1984-04-24,32.96785,simulation
1984-04-25,53.318718,simulation
1984-04-26,1.2169777,simulation
1984-04-27,2.6998777,simulation
1984-04-28,0.9727819,simulation
1984-04-29,0.993464,simulation
1984-04-30,1.0114433,simulation
1984-05-01,0.56778306,simulation
1984-05-02,4.2580676,simulation
1984-05-03,1.298957,simulation
1984-05-04,43.131023,simulation
1984-05-05,2.051814,simulation
1984-05-06,3.4365296,simulation
1984-05-07,16.068365,simulation
1984-05-08,1.6681879,simulation
1984-05-09,41.138138,simulation
1984-05-10,50.95688,simulation
1984-05-11,54.254677,simulation
1984-05-12,26.21817,simulation
1984-05-13,37.663586,simulation
1984-05-14,20.093592,simulation
1984-05-15,23.958296,simulation
1984-05-16,26.081877,simulation
1984-05-17,22.83728,simulation
1984-05-18,21.477503,simulation
1984-05-19,25.399868,simulation
1984-05-20,0.8133704,simulation
1984-05-21,0.8293358,simulation
1984-05-22,1.3269178,simulation
1984-05-23,6.880507,simulation
1984-05-24,20.76171,simulation
1984-05-25,20.517729,simulation
1984-05-26,8.994473,simulation
1984-05-27,10.64566,simulation
1984-05-28,9.30953,simulation
1984-05-29,5.1079373,simulation
1984-05-30,50.15031,simulation
1984-05-31,46.70106,simulation
1984-06-01,52.34534,simulation
1984-06-02,55.25254,simulation
1984-06-03,49.667263,simulation
1984-06-04,42.482937,simulation
1984-06-05,28.1382,simulation
1984-06-06,1.4990231,simulation
1984-06-07,4.244679,simulation
1984-06-08,36.678776,simulation
1984-06-09,25.71773,simulation
1984-06-10,36.203896,simulation
1984-06-11,37.934975,simulation
1984-06-12,34.070934,simulation
1984-06-13,34.662663,simulation
1984-06-14,48.94081,simulation
1984-06-15,41.25563,simulation
1984-06-16,5.5929537,simulation
1984-06-17,24.043821,simulation
1984-06-18,36.63532,simulation
1984-06-19,45.245403,simulation
1984-06-20,44.050606,simulation
1984-06-21,18.057592,simulation
1984-06-22,34.91805,simulation
1984-06-23,33.125446,simulation
1984-06-24,4.2422113,simulation
1984-06-25,68.5057,simulation
1984-06-26,6.724546,simulation
1984-06-27,2.1032612,simulation
1984-06-28,1.7238891,simulation
1984-06-29,0.9407237,simulation
1984-06-30,7.7993174,simulation
1984-07-01,14.7848,simulation
1984-07-02,15.167175,simulation
1984-07-03,15.809297,simulation
1984-07-04,24.027573,simulation
1984-07-05,10.861881,simulation
1984-07-06,8.491301,simulation
1984-07-07,15.662172,simulation
1984-07-08,9.754373,simulation
1984-07-09,37.196533,simulation
1984-07-10,39.145935,simulation
1984-07-11,43.554752,simulation
1984-07-12,20.228447,simulation
1984-07-13,1.3053241,simulation
1984-07-14,1.6130004,simulation
1984-07-15,16.465185,simulation
1984-07-16,1.6649356,simulation
1984-07-17,1.2795279,simulation
1984-07-18,18.213427,simulation
1984-07-19,30.109911,simulation
1984-07-20,48.779583,simulation
1984-07-21,42.955948,simulation
1984-07-22,50.571648,simulation
1984-07-23,3.7476096,simulation
1984-07-24,5.7133245,simulation
1984-07-25,11.552876,simulation
1984-07-26,22.718605,simulation
1984-07-27,4.340153,simulation
1984-07-28,1.5650233,simulation
1984-07-29,10.717042,simulation
1984-07-30,6.9247537,simulation
1984-07-31,3.9954247,simulation
1984-08-01,0.9181869,simulation
1984-08-02,0.6809036,simulation
1984-08-03,1.0142676,simulation
1984-08-04,1.410291,simulation
1984-08-05,1.5513891,simulation
1984-08-06,4.1174026,simulation
1984-08-07,1.6886427,simulation
1984-08-08,2.5049443,simulation
1984-08-09,6.488935,simulation
1984-08-10,5.853487,simulation
1984-08-11,2.098825,simulation
1984-08-12,18.379465,simulation
1984-08-13,1.243691,simulation
1984-08-14,1.474896,simulation
1984-08-15,6.1076474,simulation
1984-08-16,23.240896,simulation
1984-08-17,5.7309036,simulation
1984-08-18,37.712692,simulation
1984-08-19,2.8905864,simulation
1984-08-20,4.082251,simulation
1984-08-21,28.593761,simulation
1984-08-22,17.165096,simulation
1984-08-23,13.708759,simulation
1984-08-24,22.057322,simulation
1984-08-25,12.544498,simulation
1984-08-26,4.1564846,simulation
1984-08-27,4.0937138,simulation
1984-08-28,2.7541099,simulation
1984-08-29,1.1338861,simulation
1984-08-30,2.3855653,simulation
1984-08-31,2.3108082,simulation
1984-09-01,35.52794,simulation
1984-09-02,12.303483,simulation
1984-09-03,5.7566195,simulation
1984-09-04,1.7064254,simulation
1984-09-05,38.40397,simulation
1984-09-06,38.42211,simulation
1984-09-07,40.990005,simulation
1984-09-08,11.095939,simulation
1984-09-09,1.651189,simulation
1984-09-10,6.049952,simulation
1984-09-11,13.318385,simulation
1984-09-12,14.825212,simulation
1984-09-13,32.158585,simulation
1984-09-14,18.382986,simulation
1984-09-15,4.5504684,simulation
1984-09-16,43.60266,simulation
1984-09-17,6.57496,simulation
1984-09-18,2.6764128,simulation
1984-09-19,31.509054,simulation
1984-09-20,15.563488,simulation
1984-09-21,9.371142,simulation
1984-09-22,1.3758376,simulation
1984-09-23,6.8086624,simulation
1984-09-24,5.328201,simulation
1984-09-25,13.939667,simulation
1984-09-26,6.426574,simulation
1984-09-27,18.972755,simulation
1984-09-28,8.804422,simulation
1984-09-29,3.6396644,simulation
1984-09-30,2.9444492,simulation
1984-10-01,8.708874,simulation
1984-10-02,8.120361,simulation
1984-10-03,4.4025655,simulation
1984-10-04,0.7517349,simulation
1984-10-05,1.1005523,simulation
1984-10-06,0.915656,simulation
1984-10-07,1.0554925,simulation
1984-10-08,0.42993253,simulation
1984-10-09,0.82466584,simulation
1984-10-10,0.67820364,simulation
1984-10-11,6.173849,simulation
1984-10-12,1.7053192,simulation
1984-10-13,5.884891,simulation
1984-10-14,0.89487046,simulation
1984-10-15,2.4018931,simulation
1984-10-16,3.5789993,simulation
1984-10-17,0.54897135,simulation
1984-10-18,1.2114408,simulation
1984-10-19,0.6094434,simulation
1984-10-20,0.88291156,simulation
1984-10-21,0.55258894,simulation
1984-10-22,0.5453128,simulation
1984-10-23,0.58796746,simulation
1984-10-24,0.89008266,simulation
1984-10-25,2.3640862,simulation
1984-10-26,3.9220626,simulation
1984-10-27,3.4194138,simulation
1984-10-28,2.0492923,simulation
1984-10-29,3.1569083,simulation
1984-10-30,6.1247306,simulation
1984-10-31,10.262162,simulation
1984-11-01,1.5511922,simulation
1984-11-02,0.5836283,simulation
1984-11-03,1.3844281,simulation
1984-11-04,0.89541954,simulation
1984-11-05,3.9402964,simulation
1984-11-06,3.5398304,simulation
1984-11-07,1.002111,simulation
1984-11-08,2.7862656,simulation
1984-11-09,4.286505,simulation
1984-11-10,2.041922,simulation
1984-11-11,1.4856718,simulation
1984-11-12,1.6184107,simulation
1984-11-13,2.0791657,simulation
1984-11-14,2.182821,simulation
1984-11-15,1.1553288,simulation
1984-11-16,1.547915,simulation
1984-11-17,1.1231233,simulation
1984-11-18,0.9418733,simulation
1984-11-19,0.53680295,simulation
1984-11-20,2.4406164,simulation
1984-11-21,0.88013333,simulation
1984-11-22,1.7878336,simulation
1984-11-23,0.8851407,simulation
1984-11-24,1.5067846,simulation
1984-11-25,1.8000865,simulation
1984-11-26,0.74565333,simulation
1984-11-27,0.5226336,simulation
1984-11-28,1.9091231,simulation
1984-11-29,2.184314,simulation
1984-11-30,1.2758478,simulation
1984-12-01,1.4638879,simulation
1984-12-02,0.41749695,simulation
1984-12-03,1.8518196,simulation
1984-12-04,0.575524,simulation
1984-12-05,0.39194873,simulation
1984-12-06,1.1701734,simulation
1984-12-07,1.3506294,simulation
1984-12-08,1.1608267,simulation
1984-12-09,0.82683396,simulation
1984-12-10,1.5777004,simulation
1984-12-11,1.4654835,simulation
1984-12-12,0.6913453,simulation
1984-12-13,1.0733072,simulation
1984-12-14,0.79400694,simulation
1984-12-15,1.6543331,simulation
1984-12-16,1.2848548,simulation
1984-12-17,0.8484794,simulation
1984-12-18,0.86541945,simulation
1984-12-19,0.5534749,simulation
1984-12-20,0.48530492,simulation
1984-12-21,0.6384734,simulation
1984-12-22,1.7412202,simulation
1984-12-23,0.67924434,simulation
1984-12-24,1.1008904,simulation
1984-12-25,0.7839319,simulation
1984-12-26,1.1950592,simulation
1984-12-27,0.642846,simulation
1984-12-28,0.75524336,simulation
1984-12-29,0.720462,simulation
1984-12-30,1.019579,simulation
1984-12-31,0.6388747,simulation
1985-01-01,0.55727315,simulation
1985-01-02,0.51131034,simulation
1985-01-03,0.4038041,simulation
1985-01-04,0.51978534,simulation
1985-01-05,0.9685247,simulation
1985-01-06,0.71411467,simulation
1985-01-07,1.4840673,simulation
1985-01-08,0.8430438,simulation
1985-01-09,0.88527036,simulation
1985-01-10,0.8031592,simulation
1985-01-11,0.6245077,simulation
1985-01-12,0.8631367,simulation
1985-01-13,0.6004809,simulation
1985-01-14,0.75595707,simulation
1985-01-15,0.7719787,simulation
1985-01-16,0.6405436,simulation
1985-01-17,0.41363907,simulation
1985-01-18,1.4292579,simulation
1985-01-19,2.2108552,simulation
1985-01-20,0.7829188,simulation
1985-01-21,0.7866639,simulation
1985-01-22,0.78153807,simulation
1985-01-23,0.65905064,simulation
1985-01-24,0.8076474,simulation
1985-01-25,2.5298293,simulation
1985-01-26,1.566488,simulation
1985-01-27,0.4715611,simulation
1985-01-28,0.44441894,simulation
1985-01-29,1.6031638,simulation
1985-01-30,0.4012632,simulation
1985-01-31,0.3856388,simulation
1985-02-01,0.40240648,simulation
1985-02-02,0.40809432,simulation
1985-02-03,0.47184074,simulation
1985-02-04,0.47733662,simulation
1985-02-05,0.37634715,simulation
1985-02-06,0.5394982,simulation
1985-02-07,0.71530026,simulation
1985-02-08,2.0367365,simulation
1985-02-09,2.3834457,simulation
1985-02-10,1.2382973,simulation
1985-02-11,0.5152171,simulation
1985-02-12,3.068561,simulation
1985-02-13,1.9807491,simulation
1985-02-14,1.13514,simulation
1985-02-15,2.234795,simulation
1985-02-16,3.433103,simulation
1985-02-17,2.6898026,simulation
1985-02-18,1.2458647,simulation
1985-02-19,0.5630331,simulation
1985-02-20,1.8770941,simulation
1985-02-21,2.2581117,simulation
1985-02-22,1.2695293,simulation
1985-02-23,1.0772071,simulation
1985-02-24,0.46113053,simulation
1985-02-25,0.4251875,simulation
1985-02-26,0.51792824,simulation
1985-02-27,0.48678732,simulation
1985-02-28,1.7789842,simulation
1985-03-01,0.48147932,simulation
1985-03-02,1.4228616,simulation
1985-03-03,2.8419693,simulation
1985-03-04,2.3133488,simulation
1985-03-05,4.734843,simulation
1985-03-06,10.292718,simulation
1985-03-07,3.5209591,simulation
1985-03-08,0.78363883,simulation
1985-03-09,1.4340043,simulation
1985-03-10,3.2146773,simulation
1985-03-11,2.461836,simulation
1985-03-12,1.3102039,simulation
1985-03-13,1.1325257,simulation
1985-03-14,0.98387694,simulation
1985-03-15,2.683048,simulation
1985-03-16,0.78527284,simulation
1985-03-17,7.383709,simulation
1985-03-18,9.246109,simulation
1985-03-19,14.956472,simulation
1985-03-20,1.223766,simulation
1985-03-21,0.8255624,simulation
1985-03-22,0.5409704,simulation
1985-03-23,2.6225092,simulation
1985-03-24,13.050433,simulation
1985-03-25,18.416319,simulation
1985-03-26,4.776712,simulation
1985-03-27,0.5719312,simulation
1985-03-28,7.2582073,simulation
1985-03-29,6.081546,simulation
1985-03-30,2.7770193,simulation
1985-03-31,3.8107882,simulation
1985-04-01,6.799327,simulation
1985-04-02,11.719204,simulation
1985-04-03,34.809647,simulation
1985-04-04,23.846983,simulation
1985-04-05,0.9748541,simulation
1985-04-06,15.124104,simulation
1985-04-07,27.167479,simulation
1985-04-08,10.214238,simulation
1985-04-09,15.806631,simulation
1985-04-10,8.661873,simulation
1985-04-11,1.9180963,simulation
1985-04-12,0.6126727,simulation
1985-04-13,2.1809077,simulation
1985-04-14,1.0572219,simulation
1985-04-15,1.5124371,simulation
1985-04-16,21.887785,simulation
1985-04-17,27.265913,simulation
1985-04-18,24.450338,simulation
1985-04-19,13.676662,simulation
1985-04-20,5.2551994,simulation
1985-04-21,17.03583,simulation
1985-04-22,6.8890266,simulation
1985-04-23,2.8551643,simulation
1985-04-24,3.75614,simulation
1985-04-25,3.3878746,simulation
1985-04-26,0.9123514,simulation
1985-04-27,2.2281604,simulation
1985-04-28,2.477327,simulation
1985-04-29,31.934122,simulation
1985-04-30,7.2682366,simulation
1985-05-01,1.4244846,simulation
1985-05-02,5.3468537,simulation
1985-05-03,2.2671623,simulation
1985-05-04,11.788481,simulation
1985-05-05,16.390043,simulation
1985-05-06,2.9923058,simulation
1985-05-07,16.617496,simulation
1985-05-08,3.6095672,simulation
1985-05-09,0.7109911,simulation
1985-05-10,4.120943,simulation
1985-05-11,1.601422,simulation
1985-05-12,14.0577,simulation
1985-05-13,12.726143,simulation
1985-05-14,4.7904973,simulation
1985-05-15,39.394928,simulation
1985-05-16,58.74182,simulation
1985-05-17,13.803916,simulation
1985-05-18,2.3476868,simulation
1985-05-19,6.9985776,simulation
1985-05-20,12.712523,simulation
1985-05-21,1.5111942,simulation
1985-05-22,16.822302,simulation
1985-05-23,2.5796697,simulation
1985-05-24,49.48039,simulation
1985-05-25,44.61577,simulation
1985-05-26,53.610435,simulation
1985-05-27,6.703404,simulation
1985-05-28,19.66457,simulation
1985-05-29,37.777336,simulation
1985-05-30,10.139439,simulation
1985-05-31,20.956676,simulation
1985-06-01,36.947342,simulation
1985-06-02,29.21607,simulation
1985-06-03,31.174974,simulation
1985-06-04,67.14916,simulation
1985-06-05,12.049216,simulation
1985-06-06,5.5307956,simulation
1985-06-07,6.0817537,simulation
1985-06-08,18.626408,simulation
1985-06-09,34.875618,simulation
1985-06-10,8.249141,simulation
1985-06-11,0.9504638,simulation
1985-06-12,2.34576,simulation
1985-06-13,6.1694255,simulation
1985-06-14,6.571029,simulation
1985-06-15,3.265743,simulation
1985-06-16,13.984684,simulation
1985-06-17,7.1772957,simulation
1985-06-18,0.51020795,simulation
1985-06-19,0.5708419,simulation
1985-06-20,32.872612,simulation
1985-06-21,9.094245,simulation
1985-06-22,21.739817,simulation
1985-06-23,23.179317,simulation
1985-06-24,35.96955,simulation
1985-06-25,38.665154,simulation
1985-06-26,20.388075,simulation
1985-06-27,13.607407,simulation
1985-06-28,9.924809,simulation
1985-06-29,3.5132885,simulation
1985-06-30,26.015375,simulation
1985-07-01,9.127511,simulation
1985-07-02,4.178651,simulation
1985-07-03,4.3328104,simulation
1985-07-04,3.778865,simulation
1985-07-05,0.6548553,simulation
1985-07-06,1.6869386,simulation
1985-07-07,1.5117128,simulation
1985-07-08,4.7643285,simulation
1985-07-09,41.11024,simulation
1985-07-10,18.958466,simulation
1985-07-11,8.2000265,simulation
1985-07-12,39.427887,simulation
1985-07-13,32.654247,simulation
1985-07-14,30.400818,simulation
1985-07-15,11.161147,simulation
1985-07-16,1.998991,simulation
1985-07-17,9.31219,simulation
1985-07-18,34.260822,simulation
1985-07-19,15.81875,simulation
1985-07-20,4.0983567,simulation
1985-07-21,3.781032,simulation
1985-07-22,0.830708,simulation
1985-07-23,0.7225955,simulation
1985-07-24,1.782472,simulation
1985-07-25,2.4522843,simulation
1985-07-26,4.1746807,simulation
1985-07-27,3.5403242,simulation
1985-07-28,1.265061,simulation
1985-07-29,12.6941805,simulation
1985-07-30,35.605827,simulation
1985-07-31,9.180285,simulation
1985-08-01,52.005894,simulation
1985-08-02,1.6215316,simulation
1985-08-03,3.4961905,simulation
1985-08-04,2.2395759,simulation
1985-08-05,4.208554,simulation
1985-08-06,1.804275,simulation
1985-08-07,1.1402667,simulation
1985-08-08,23.598444,simulation
1985-08-09,43.562347,simulation
1985-08-10,35.492603,simulation
1985-08-11,23.570925,simulation
1985-08-12,38.148605,simulation
1985-08-13,11.022446,simulation
1985-08-14,8.097492,simulation
1985-08-15,0.7763734,simulation
1985-08-16,1.2037666,simulation
1985-08-17,4.8307705,simulation
1985-08-18,10.426588,simulation
1985-08-19,14.441143,simulation
1985-08-20,1.4710653,simulation
1985-08-21,4.877585,simulation
1985-08-22,13.575849,simulation
1985-08-23,28.620443,simulation
1985-08-24,7.029028,simulation
1985-08-25,1.5211401,simulation
1985-08-26,6.9686956,simulation
1985-08-27,1.9578474,simulation
1985-08-28,9.138686,simulation
1985-08-29,5.9497476,simulation
1985-08-30,20.996716,simulation
1985-08-31,35.55209,simulation
1985-09-01,50.36544,simulation
1985-09-02,1.7752992,simulation
1985-09-03,1.3411245,simulation
1985-09-04,3.3751519,simulation
1985-09-05,6.537804,simulation
1985-09-06,16.415306,simulation
1985-09-07,14.013728,simulation
1985-09-08,8.4397745,simulation
1985-09-09,12.168562,simulation
1985-09-10,23.675129,simulation
1985-09-11,17.687078,simulation
1985-09-12,39.565037,simulation
1985-09-13,21.098276,simulation
1985-09-14,1.8611563,simulation
1985-09-15,17.046091,simulation
1985-09-16,19.24606,simulation
1985-09-17,23.694675,simulation
1985-09-18,22.923544,simulation
1985-09-19,16.217314,simulation
1985-09-20,17.794079,simulation
1985-09-21,22.595442,simulation
1985-09-22,4.5789595,simulation
1985-09-23,0.6035027,simulation
1985-09-24,1.1857728,simulation
1985-09-25,2.171905,simulation
1985-09-26,4.6830792,simulation
1985-09-27,12.134029,simulation
1985-09-28,5.066094,simulation
1985-09-29,2.8667724,simulation
1985-09-30,0.50353765,simulation
1985-10-01,0.5737288,simulation
1985-10-02,1.0642316,simulation
1985-10-03,3.8995183,simulation
1985-10-04,8.206928,simulation
1985-10-05,19.748112,simulation
1985-10-06,8.249436,simulation
1985-10-07,5.8473377,simulation
1985-10-08,8.113825,simulation
1985-10-09,1.5441906,simulation
1985-10-10,7.851096,simulation
1985-10-11,7.829556,simulation
1985-10-12,3.7977936,simulation
1985-10-13,1.7036264,simulation
1985-10-14,1.9628077,simulation
1985-10-15,0.44042027,simulation
1985-10-16,0.4657421,simulation
1985-10-17,0.9501849,simulation
1985-10-18,0.66687185,simulation
1985-10-19,1.2415142,simulation
1985-10-20,1.0913808,simulation
1985-10-21,0.6636193,simulation
1985-10-22,0.41311863,simulation
1985-10-23,0.58437735,simulation
1985-10-24,0.5419766,simulation
1985-10-25,0.9539401,simulation
1985-10-26,0.76719785,simulation
1985-10-27,0.4533047,simulation
1985-10-28,0.6007045,simulation
1985-10-29,0.665439,simulation
1985-10-30,0.50089633,simulation
1985-10-31,0.51232356,simulation
1985-11-01,0.53861874,simulation
1985-11-02,0.48510224,simulation
1985-11-03,0.94700307,simulation
1985-11-04,4.532266,simulation
1985-11-05,3.2132125,simulation
1985-11-06,3.7994814,simulation
1985-11-07,0.94150776,simulation
1985-11-08,4.270373,simulation
1985-11-09,5.4647293,simulation
1985-11-10,1.8207625,simulation
1985-11-11,0.77692664,simulation
1985-11-12,2.9414787,simulation
1985-11-13,0.6517849,simulation
1985-11-14,0.4375324,simulation
1985-11-15,0.640885,simulation
1985-11-16,0.5469508,simulation
1985-11-17,0.83982235,simulation
1985-11-18,2.1048417,simulation
1985-11-19,0.83352226,simulation
1985-11-20,1.0967566,simulation
1985-11-21,0.5745235,simulation
1985-11-22,1.1460243,simulation
1985-11-23,0.85225755,simulation
1985-11-24,0.6106486,simulation
1985-11-25,0.6253291,simulation
1985-11-26,0.8521559,simulation
1985-11-27,0.6939316,simulation
1985-11-28,0.44625884,simulation
1985-11-29,0.4477276,simulation
1985-11-30,0.6886437,simulation
1985-12-01,0.6801315,simulation
1985-12-02,1.3860635,simulation
1985-12-03,1.6448139,simulation
1985-12-04,1.2483135,simulation
1985-12-05,0.8952409,simulation
1985-12-06,1.7172354,simulation
1985-12-07,0.7113227,simulation
1985-12-08,1.2401631,simulation
1985-12-09,1.2985708,simulation
1985-12-10,1.1168952,simulation
1985-12-11,0.51858425,simulation
1985-12-12,0.3849214,simulation
1985-12-13,0.52697855,simulation
1985-12-14,1.0984447,simulation
1985-12-15,0.8989516,simulation
1985-12-16,1.1666945,simulation
1985-12-17,0.6864054,simulation
1985-12-18,0.5956098,simulation
1985-12-19,1.2296983,simulation
1985-12-20,1.3497671,simulation
1985-12-21,0.8512603,simulation
1985-12-22,2.1314173,simulation
1985-12-23,1.7116023,simulation
1985-12-24,1.1373156,simulation
1985-12-25,1.223537,simulation
1985-12-26,1.2866429,simulation
1985-12-27,0.43772104,simulation
1985-12-28,0.63689137,simulation
1985-12-29,1.2009244,simulation
1985-12-30,1.836472,simulation
1985-12-31,0.6780381,simulation
1986-01-01,0.7213793,simulation
1986-01-02,0.6757012,simulation
1986-01-03,0.61814076,simulation
1986-01-04,0.8112304,simulation
1986-01-05,1.7570541,simulation
1986-01-06,0.5838779,simulation
1986-01-07,0.9372484,simulation
1986-01-08,1.1083478,simulation
1986-01-09,0.63684493,simulation
1986-01-10,0.6740758,simulation
1986-01-11,1.49796,simulation
1986-01-12,1.7169663,simulation
1986-01-13,2.4945364,simulation
1986-01-14,2.061399,simulation
1986-01-15,1.1704478,simulation
1986-01-16,0.76456046,simulation
1986-01-17,0.4957272,simulation
1986-01-18,0.6602777,simulation
1986-01-19,1.8602611,simulation
1986-01-20,1.0585375,simulation
1986-01-21,0.8976128,simulation
1986-01-22,0.6975539,simulation
1986-01-23,1.9654369,simulation
1986-01-24,2.0162241,simulation
1986-01-25,0.43223816,simulation
1986-01-26,1.5623401,simulation
1986-01-27,1.9253895,simulation
1986-01-28,2.4101148,simulation
1986-01-29,1.110458,simulation
1986-01-30,2.043677,simulation
1986-01-31,2.7315636,simulation
1986-02-01,2.153687,simulation
1986-02-02,1.1075168,simulation
1986-02-03,0.75583184,simulation
1986-02-04,0.6423849,simulation
1986-02-05,1.0200353,simulation
1986-02-06,2.899458,simulation
1986-02-07,2.6870627,simulation
1986-02-08,2.85895,simulation
1986-02-09,0.74335897,simulation
1986-02-10,0.41000065,simulation
1986-02-11,0.4974695,simulation
1986-02-12,1.174681,simulation
1986-02-13,1.9846494,simulation
1986-02-14,0.90716434,simulation
1986-02-15,2.9033575,simulation
1986-02-16,1.2556257,simulation
1986-02-17,0.8850734,simulation
1986-02-18,0.8470094,simulation
1986-02-19,1.0518124,simulation
1986-02-20,1.4637567,simulation
1986-02-21,0.468939,simulation
1986-02-22,0.5647622,simulation
1986-02-23,3.2138367,simulation
1986-02-24,6.0324254,simulation
1986-02-25,2.8694243,simulation
1986-02-26,6.555349,simulation
1986-02-27,1.620295,simulation
1986-02-28,0.9978584,simulation
1986-03-01,2.911255,simulation
1986-03-02,6.515399,simulation
1986-03-03,2.124241,simulation
1986-03-04,6.4821534,simulation
1986-03-05,7.030105,simulation
1986-03-06,10.284383,simulation
1986-03-07,5.5976233,simulation
1986-03-08,1.9716598,simulation
1986-03-09,7.1874633,simulation
1986-03-10,2.1382065,simulation
1986-03-11,1.1767473,simulation
1986-03-12,0.727431,simulation
1986-03-13,0.7471297,simulation
1986-03-14,1.128497,simulation
1986-03-15,2.278669,simulation
1986-03-16,4.040506,simulation
1986-03-17,2.7572587,simulation
1986-03-18,1.5811136,simulation
1986-03-19,0.8551404,simulation
1986-03-20,5.6093335,simulation
1986-03-21,7.6462092,simulation
1986-03-22,6.672543,simulation
1986-03-23,7.153113,simulation
1986-03-24,13.53339,simulation
1986-03-25,23.868477,simulation
1986-03-26,1.2706673,simulation
1986-03-27,15.832978,simulation
1986-03-28,18.89267,simulation
1986-03-29,20.172428,simulation
1986-03-30,9.958462,simulation
1986-03-31,15.408322,simulation
1986-04-01,3.202826,simulation
1986-04-02,19.984608,simulation
1986-04-03,12.13821,simulation
1986-04-04,5.819342,simulation
1986-04-05,1.7581706,simulation
1986-04-06,1.6744126,simulation
1986-04-07,3.6793332,simulation
1986-04-08,1.7169405,simulation
1986-04-09,19.215145,simulation
1986-04-10,1.0616655,simulation
1986-04-11,9.125208,simulation
1986-04-12,0.6543194,simulation
1986-04-13,5.808312,simulation
1986-04-14,1.673742,simulation
1986-04-15,39.720497,simulation
1986-04-16,27.017656,simulation
1986-04-17,5.7270103,simulation
1986-04-18,22.777966,simulation
1986-04-19,1.326758,simulation
1986-04-20,1.0863795,simulation
1986-04-21,7.0813165,simulation
1986-04-22,16.669567,simulation
1986-04-23,25.128864,simulation
1986-04-24,19.26966,simulation
1986-04-25,40.048878,simulation
1986-04-26,32.872868,simulation
1986-04-27,1.5281031,simulation
1986-04-28,10.682063,simulation
1986-04-29,1.9052083,simulation
1986-04-30,3.7969987,simulation
1986-05-01,1.3410841,simulation
1986-05-02,2.154234,simulation
1986-05-03,25.562895,simulation
1986-05-04,43.329636,simulation
1986-05-05,5.6717753,simulation
1986-05-06,2.426165,simulation
1986-05-07,2.629286,simulation
1986-05-08,3.3615804,simulation
1986-05-09,13.412698,simulation
1986-05-10,1.865008,simulation
1986-05-11,0.7342341,simulation
1986-05-12,9.059223,simulation
1986-05-13,27.045841,simulation
1986-05-14,16.596611,simulation
1986-05-15,1.2651081,simulation
1986-05-16,12.064751,simulation
1986-05-17,3.3146892,simulation
1986-05-18,0.6562235,simulation
1986-05-19,2.9988992,simulation
1986-05-20,10.415482,simulation
1986-05-21,16.041162,simulation
1986-05-22,29.694221,simulation
1986-05-23,10.096745,simulation
1986-05-24,3.6905355,simulation
1986-05-25,0.9954902,simulation
1986-05-26,1.1252514,simulation
1986-05-27,0.69959044,simulation
1986-05-28,2.0786693,simulation
1986-05-29,6.0772085,simulation
1986-05-30,2.429149,simulation
1986-05-31,0.8169823,simulation
1986-06-01,4.8480005,simulation
1986-06-02,3.4604647,simulation
1986-06-03,5.8713245,simulation
1986-06-04,2.677355,simulation
1986-06-05,8.273625,simulation
1986-06-06,2.896063,simulation
1986-06-07,5.212453,simulation
1986-06-08,8.486458,simulation
1986-06-09,3.4043605,simulation
1986-06-10,2.0826037,simulation
1986-06-11,27.930689,simulation
1986-06-12,21.941013,simulation
1986-06-13,40.254105,simulation
1986-06-14,49.407253,simulation
1986-06-15,51.548534,simulation
1986-06-16,8.509346,simulation
1986-06-17,29.80127,simulation
1986-06-18,38.19434,simulation
1986-06-19,68.8398,simulation
1986-06-20,59.356133,simulation
1986-06-21,64.44737,simulation
1986-06-22,68.796,simulation
1986-06-23,53.17888,simulation
1986-06-24,45.07548,simulation
1986-06-25,39.3187,simulation
1986-06-26,43.09373,simulation
1986-06-27,8.082801,simulation
1986-06-28,1.229271,simulation
1986-06-29,1.3546766,simulation
1986-06-30,2.4283645,simulation
1986-07-01,24.210407,simulation
1986-07-02,2.6936483,simulation
1986-07-03,44.07211,simulation
1986-07-04,56.71596,simulation
1986-07-05,43.70091,simulation
1986-07-06,32.95632,simulation
1986-07-07,50.35613,simulation
1986-07-08,26.220842,simulation
1986-07-09,59.554462,simulation
1986-07-10,44.854733,simulation
1986-07-11,10.297754,simulation
1986-07-12,23.454191,simulation
1986-07-13,63.379665,simulation
1986-07-14,15.37676,simulation
1986-07-15,2.2777503,simulation
1986-07-16,1.8856221,simulation
1986-07-17,1.0294411,simulation
1986-07-18,38.33467,simulation
1986-07-19,41.86864,simulation
1986-07-20,48.570023,simulation
1986-07-21,11.441837,simulation
1986-07-22,1.8026586,simulation
1986-07-23,31.412422,simulation
1986-07-24,12.354763,simulation
1986-07-25,34.15268,simulation
1986-07-26,38.065136,simulation
1986-07-27,6.33149,simulation
1986-07-28,15.451128,simulation
1986-07-29,62.134735,simulation
1986-07-30,52.864754,simulation
1986-07-31,56.26639,simulation
1986-08-01,48.00364,simulation
1986-08-02,3.8796856,simulation
1986-08-03,43.390797,simulation
1986-08-04,10.9466305,simulation
1986-08-05,18.905363,simulation
1986-08-06,12.5801935,simulation
1986-08-07,10.753922,simulation
1986-08-08,1.920631,simulation
1986-08-09,25.924387,simulation
1986-08-10,9.252291,simulation
1986-08-11,0.71319985,simulation
1986-08-12,8.108289,simulation
1986-08-13,24.855995,simulation
1986-08-14,18.433863,simulation
1986-08-15,7.0758634,simulation
1986-08-16,9.171349,simulation
1986-08-17,8.9811,simulation
1986-08-18,37.752087,simulation
1986-08-19,39.293076,simulation
1986-08-20,41.975964,simulation
1986-08-21,22.726274,simulation
1986-08-22,4.752041,simulation
1986-08-23,15.414387,simulation
1986-08-24,37.745583,simulation
1986-08-25,42.68819,simulation
1986-08-26,20.072905,simulation
1986-08-27,3.0086498,simulation
1986-08-28,0.93404764,simulation
1986-08-29,9.477556,simulation
1986-08-30,7.2145844,simulation
1986-08-31,2.0328956,simulation
1986-09-01,0.8482111,simulation
1986-09-02,1.4941573,simulation
1986-09-03,2.0703263,simulation
1986-09-04,1.8854268,simulation
1986-09-05,3.2977889,simulation
1986-09-06,1.7146094,simulation
1986-09-07,7.6943574,simulation
1986-09-08,33.84445,simulation
1986-09-09,19.730394,simulation
1986-09-10,12.329432,simulation
1986-09-11,3.7660851,simulation
1986-09-12,0.84597,simulation
1986-09-13,20.17968,simulation
1986-09-14,5.5850735,simulation
1986-09-15,7.6717,simulation
1986-09-16,9.028745,simulation
1986-09-17,12.036555,simulation
1986-09-18,2.5850296,simulation
1986-09-19,3.0894408,simulation
1986-09-20,3.0295346,simulation
1986-09-21,0.991037,simulation
1986-09-22,0.8704997,simulation
1986-09-23,13.634324,simulation
1986-09-24,9.420363,simulation
1986-09-25,13.080523,simulation
1986-09-26,12.046872,simulation
1986-09-27,10.303358,simulation
1986-09-28,15.069259,simulation
1986-09-29,10.84551,simulation
1986-09-30,6.836834,simulation
1986-10-01,1.8499546,simulation
1986-10-02,2.717597,simulation
1986-10-03,3.8280094,simulation
1986-10-04,5.5295577,simulation
1986-10-05,4.5820274,simulation
1986-10-06,1.4393171,simulation
1986-10-07,1.495769,simulation
1986-10-08,0.92687,simulation
1986-10-09,0.35415035,simulation
1986-10-10,0.95662063,simulation
1986-10-11,0.442032,simulation
1986-10-12,0.34374657,simulation
1986-10-13,0.35351726,simulation
1986-10-14,1.4411957,simulation
1986-10-15,4.268932,simulation
1986-10-16,5.7888875,simulation
1986-10-17,5.231841,simulation
1986-10-18,5.3173456,simulation
1986-10-19,6.680496,simulation
1986-10-20,5.0930524,simulation
1986-10-21,1.7666442,simulation
1986-10-22,0.6805681,simulation
1986-10-23,0.5115993,simulation
1986-10-24,0.41650268,simulation
1986-10-25,0.73626405,simulation
1986-10-26,1.9732572,simulation
1986-10-27,1.7214196,simulation
1986-10-28,3.4387035,simulation
1986-10-29,2.561346,simulation
1986-10-30,3.4143229,simulation
1986-10-31,2.3959749,simulation
1986-11-01,0.46586737,simulation
1986-11-02,1.4049802,simulation
1986-11-03,0.6394522,simulation
1986-11-04,0.55417806,simulation
1986-11-05,0.5259015,simulation
1986-11-06,0.6058997,simulation
1986-11-07,0.7081101,simulation
1986-11-08,1.3343744,simulation
1986-11-09,1.478035,simulation
1986-11-10,1.7114608,simulation
1986-11-11,0.47820148,simulation
1986-11-12,0.82021767,simulation
1986-11-13,1.1220026,simulation
1986-11-14,0.61870027,simulation
1986-11-15,0.5774975,simulation
1986-11-16,0.45789114,simulation
1986-11-17,0.7837648,simulation
1986-11-18,0.6585647,simulation
1986-11-19,1.0444318,simulation
1986-11-20,1.7918473,simulation
1986-11-21,2.1472855,simulation
1986-11-22,0.44745666,simulation
1986-11-23,0.505921,simulation
1986-11-24,0.42699683,simulation
1986-11-25,0.49648088,simulation
1986-11-26,0.6881609,simulation
1986-11-27,0.53602725,simulation
1986-11-28,0.47466427,simulation
1986-11-29,0.523482,simulation
1986-11-30,0.4580745,simulation
1986-12-01,0.44642034,simulation
1986-12-02,1.1057355,simulation
1986-12-03,1.2640883,simulation
1986-12-04,0.720585,simulation
1986-12-05,1.5393498,simulation
1986-12-06,1.3743515,simulation
1986-12-07,0.6227854,simulation
1986-12-08,0.8970507,simulation
1986-12-09,0.48102185,simulation
1986-12-10,0.4327707,simulation
1986-12-11,0.47832018,simulation
1986-12-12,0.9162969,simulation
1986-12-13,0.7463505,simulation
1986-12-14,0.55126923,simulation
1986-12-15,0.4286149,simulation
1986-12-16,0.49964514,simulation
1986-12-17,0.40037942,simulation
1986-12-18,0.4256742,simulation
1986-12-19,0.573591,simulation
1986-12-20,0.79038435,simulation
1986-12-21,0.6376946,simulation
1986-12-22,0.6419884,simulation
1986-12-23,0.41230786,simulation
1986-12-24,0.42683002,simulation
1986-12-25,0.52084965,simulation
1986-12-26,0.5574069,simulation
1986-12-27,0.90828526,simulation
1986-12-28,0.4931847,simulation
1986-12-29,0.708449,simulation
1986-12-30,0.8697551,simulation
1986-12-31,0.4821512,simulation
1987-01-01,1.08389,simulation
1987-01-02,1.0733795,simulation
1987-01-03,0.667267,simulation
1987-01-04,0.6233158,simulation
1987-01-05,1.2074875,simulation
1987-01-06,0.66327703,simulation
1987-01-07,0.5790907,simulation
1987-01-08,0.8018941,simulation
1987-01-09,0.5952878,simulation
1987-01-10,0.75771505,simulation
1987-01-11,1.1801889,simulation
1987-01-12,1.5835466,simulation
1987-01-13,0.6363563,simulation
1987-01-14,0.3966537,simulation
1987-01-15,0.38110998,simulation
1987-01-16,0.40239787,simulation
1987-01-17,0.4078104,simulation
1987-01-18,0.40920052,simulation
1987-01-19,1.6057155,simulation
1987-01-20,0.63922554,simulation
1987-01-21,0.571672,simulation
1987-01-22,0.9493693,simulation
1987-01-23,1.7815998,simulation
1987-01-24,0.69693035,simulation
1987-01-25,0.44453436,simulation
1987-01-26,0.9815975,simulation
1987-01-27,1.2989159,simulation
1987-01-28,1.5066675,simulation
1987-01-29,1.2913777,simulation
1987-01-30,4.7437367,simulation
1987-01-31,1.0677991,simulation
1987-02-01,0.8876141,simulation
1987-02-02,0.5356529,simulation
1987-02-03,0.62869835,simulation
1987-02-04,0.6713054,simulation
1987-02-05,0.61893404,simulation
1987-02-06,0.40633193,simulation
1987-02-07,3.3649,simulation
1987-02-08,5.026956,simulation
1987-02-09,3.3794127,simulation
1987-02-10,1.1079259,simulation
1987-02-11,1.2952846,simulation
1987-02-12,2.0301871,simulation
1987-02-13,3.8481505,simulation
1987-02-14,3.6736372,simulation
1987-02-15,0.5440116,simulation
1987-02-16,0.49632013,simulation
1987-02-17,0.5467111,simulation
1987-02-18,0.605718,simulation
1987-02-19,0.932997,simulation
1987-02-20,0.52776843,simulation
1987-02-21,0.42869574,simulation
1987-02-22,0.4832039,simulation
1987-02-23,0.6481541,simulation
1987-02-24,0.6020969,simulation
1987-02-25,0.7157861,simulation
1987-02-26,0.45683137,simulation
1987-02-27,0.48587808,simulation
1987-02-28,3.0593998,simulation
1987-03-01,1.4803958,simulation
1987-03-02,4.144159,simulation
1987-03-03,2.5808063,simulation
1987-03-04,10.128222,simulation
1987-03-05,4.771406,simulation
1987-03-06,5.061825,simulation
1987-03-07,0.69966567,simulation
1987-03-08,0.45376238,simulation
1987-03-09,2.994686,simulation
1987-03-10,0.7774813,simulation
1987-03-11,0.62138003,simulation
1987-03-12,2.22908,simulation
1987-03-13,6.1253786,simulation
1987-03-14,11.45013,simulation
1987-03-15,1.2387313,simulation
1987-03-16,4.866331,simulation
1987-03-17,1.6126833,simulation
1987-03-18,3.8814402,simulation
1987-03-19,6.4764028,simulation
1987-03-20,5.803227,simulation
1987-03-21,14.449893,simulation
1987-03-22,4.42536,simulation
1987-03-23,9.865977,simulation
1987-03-24,8.896729,simulation
1987-03-25,2.5102773,simulation
1987-03-26,1.3094926,simulation
1987-03-27,1.2350541,simulation
1987-03-28,20.659117,simulation
1987-03-29,1.4964848,simulation
1987-03-30,0.5233396,simulation
1987-03-31,6.0495424,simulation
1987-04-01,15.017749,simulation
1987-04-02,0.8847387,simulation
1987-04-03,0.86104983,simulation
1987-04-04,9.511959,simulation
1987-04-05,12.423398,simulation
1987-04-06,9.81959,simulation
1987-04-07,6.4932523,simulation
1987-04-08,10.676733,simulation
1987-04-09,18.554102,simulation
1987-04-10,30.317215,simulation
1987-04-11,9.05489,simulation
1987-04-12,15.856284,simulation
1987-04-13,1.9949517,simulation
1987-04-14,26.974255,simulation
1987-04-15,1.3048234,simulation
1987-04-16,10.073475,simulation
1987-04-17,19.413282,simulation
1987-04-18,34.73888,simulation
1987-04-19,39.513966,simulation
1987-04-20,41.613537,simulation
1987-04-21,44.498787,simulation
1987-04-22,1.3043694,simulation
1987-04-23,41.363316,simulation
1987-04-24,37.197697,simulation
1987-04-25,41.17134,simulation
1987-04-26,38.953556,simulation
1987-04-27,45.52525,simulation
1987-04-28,52.908802,simulation
1987-04-29,41.76102,simulation
1987-04-30,11.1807165,simulation
1987-05-01,36.93582,simulation
1987-05-02,1.3557788,simulation
1987-05-03,0.83111703,simulation
1987-05-04,1.7350601,simulation
1987-05-05,1.9527436,simulation
1987-05-06,0.9725295,simulation
1987-05-07,1.068177,simulation
1987-05-08,41.819324,simulation
1987-05-09,11.421003,simulation
1987-05-10,1.1665255,simulation
1987-05-11,2.344031,simulation
1987-05-12,1.8825529,simulation
1987-05-13,2.0987,simulation
1987-05-14,1.1801888,simulation
1987-05-15,2.534152,simulation
1987-05-16,3.7413113,simulation
1987-05-17,1.2116338,simulation
1987-05-18,2.1617918,simulation
1987-05-19,1.9169576,simulation
1987-05-20,6.346555,simulation
1987-05-21,20.188246,simulation
1987-05-22,11.86223,simulation
1987-05-23,16.71505,simulation
1987-05-24,2.7937675,simulation
1987-05-25,5.3659906,simulation
1987-05-26,35.9738,simulation
1987-05-27,47.660522,simulation
1987-05-28,8.846353,simulation
1987-05-29,5.1234226,simulation
1987-05-30,7.4840565,simulation
1987-05-31,31.601511,simulation
1987-06-01,48.802822,simulation
1987-06-02,14.97055,simulation
1987-06-03,9.46812,simulation
1987-06-04,2.6840823,simulation
1987-06-05,34.1413,simulation
1987-06-06,58.600086,simulation
1987-06-07,47.806797,simulation
1987-06-08,38.4826,simulation
1987-06-09,4.6478934,simulation
1987-06-10,1.3993049,simulation
1987-06-11,7.781238,simulation
1987-06-12,0.71694684,simulation
1987-06-13,0.75883675,simulation
1987-06-14,2.3405635,simulation
1987-06-15,2.6298575,simulation
1987-06-16,16.216536,simulation
1987-06-17,2.2136433,simulation
1987-06-18,2.4813104,simulation
1987-06-19,0.9700763,simulation
1987-06-20,6.916689,simulation
1987-06-21,3.2427888,simulation
1987-06-22,12.41509,simulation
1987-06-23,32.96124,simulation
1987-06-24,19.794228,simulation
1987-06-25,12.03317,simulation
1987-06-26,19.720192,simulation
1987-06-27,33.067497,simulation
1987-06-28,71.511246,simulation
1987-06-29,72.964806,simulation
1987-06-30,11.636759,simulation
1987-07-01,2.4257405,simulation
1987-07-02,3.5129793,simulation
1987-07-03,13.56352,simulation
1987-07-04,7.244282,simulation
1987-07-05,28.233656,simulation
1987-07-06,5.7957892,simulation
1987-07-07,1.9497501,simulation
1987-07-08,4.525083,simulation
1987-07-09,7.8244653,simulation
1987-07-10,4.4962945,simulation
1987-07-11,33.424393,simulation
1987-07-12,57.35162,simulation
1987-07-13,4.434917,simulation
1987-07-14,5.4322433,simulation
1987-07-15,12.853387,simulation
1987-07-16,64.72406,simulation
1987-07-17,58.008785,simulation
1987-07-18,54.67844,simulation
1987-07-19,40.051807,simulation
1987-07-20,53.61106,simulation
1987-07-21,1.0415239,simulation
1987-07-22,2.918607,simulation
1987-07-23,8.384589,simulation
1987-07-24,4.9922786,simulation
1987-07-25,3.428102,simulation
1987-07-26,33.84539,simulation
1987-07-27,54.017784,simulation
1987-07-28,50.074497,simulation
1987-07-29,64.12274,simulation
1987-07-30,55.98346,simulation
1987-07-31,47.26852,simulation
1987-08-01,46.634636,simulation
1987-08-02,3.6824582,simulation
1987-08-03,19.73001,simulation
1987-08-04,1.6393156,simulation
1987-08-05,4.2190013,simulation
1987-08-06,1.9204402,simulation
1987-08-07,21.17744,simulation
1987-08-08,37.686897,simulation
1987-08-09,24.635605,simulation
1987-08-10,2.075585,simulation
1987-08-11,1.2120943,simulation
1987-08-12,1.0590788,simulation
1987-08-13,1.006472,simulation
1987-08-14,0.83910507,simulation
1987-08-15,8.338965,simulation
1987-08-16,6.8333764,simulation
1987-08-17,1.4697554,simulation
1987-08-18,5.6986084,simulation
1987-08-19,6.3205442,simulation
1987-08-20,49.864414,simulation
1987-08-21,59.480194,simulation
1987-08-22,49.508633,simulation
1987-08-23,51.987602,simulation
1987-08-24,57.97124,simulation
1987-08-25,48.35792,simulation
1987-08-26,36.922768,simulation
1987-08-27,7.5287924,simulation
1987-08-28,8.318835,simulation
1987-08-29,12.972089,simulation
1987-08-30,0.9945116,simulation
1987-08-31,0.72253907,simulation
1987-09-01,7.7555313,simulation
1987-09-02,42.81632,simulation
1987-09-03,45.627552,simulation
1987-09-04,34.600594,simulation
1987-09-05,32.713314,simulation
1987-09-06,1.7735658,simulation
1987-09-07,1.2560583,simulation
1987-09-08,11.860597,simulation
1987-09-09,15.655217,simulation
1987-09-10,13.422011,simulation
1987-09-11,2.3926039,simulation
1987-09-12,2.4461243,simulation
1987-09-13,7.514105,simulation
1987-09-14,15.221169,simulation
1987-09-15,4.4639983,simulation
1987-09-16,1.0151104,simulation
1987-09-17,1.2873366,simulation
1987-09-18,1.065976,simulation
1987-09-19,0.60813814,simulation
1987-09-20,23.355875,simulation
1987-09-21,16.402115,simulation
1987-09-22,15.170242,simulation
1987-09-23,14.959347,simulation
1987-09-24,15.995293,simulation
1987-09-25,13.91252,simulation
1987-09-26,3.4774723,simulation
1987-09-27,3.615223,simulation
1987-09-28,7.3708477,simulation
1987-09-29,0.62674004,simulation
1987-09-30,20.76414,simulation
1987-10-01,14.846912,simulation
1987-10-02,19.178062,simulation
1987-10-03,19.302084,simulation
1987-10-04,8.446984,simulation
1987-10-05,9.334571,simulation
1987-10-06,12.441001,simulation
1987-10-07,10.053395,simulation
1987-10-08,7.48751,simulation
1987-10-09,6.11717,simulation
1987-10-10,10.004921,simulation
1987-10-11,10.191177,simulation
1987-10-12,6.7123985,simulation
1987-10-13,7.369557,simulation
1987-10-14,7.53936,simulation
1987-10-15,3.4345326,simulation
1987-10-16,3.668332,simulation
1987-10-17,4.1977625,simulation
1987-10-18,3.0467792,simulation
1987-10-19,1.2770678,simulation
1987-10-20,0.6918305,simulation
1987-10-21,6.147147,simulation
1987-10-22,3.3770735,simulation
1987-10-23,3.305338,simulation
1987-10-24,0.61152667,simulation
1987-10-25,0.632732,simulation
1987-10-26,0.45208082,simulation
1987-10-27,3.5602858,simulation
1987-10-28,3.7380035,simulation
1987-10-29,3.5141675,simulation
1987-10-30,6.126216,simulation
1987-10-31,5.038015,simulation
1987-11-01,4.8713098,simulation
1987-11-02,4.301955,simulation
1987-11-03,2.5043201,simulation
1987-11-04,0.51312953,simulation
1987-11-05,9.221137,simulation
1987-11-06,7.275359,simulation
1987-11-07,3.9500744,simulation
1987-11-08,0.6909862,simulation
1987-11-09,0.3609574,simulation
1987-11-10,0.38600287,simulation
1987-11-11,1.8520336,simulation
1987-11-12,1.4551824,simulation
1987-11-13,0.52707666,simulation
1987-11-14,1.3765851,simulation
1987-11-15,1.0528861,simulation
1987-11-16,0.6552362,simulation
1987-11-17,1.1684992,simulation
1987-11-18,0.7301058,simulation
1987-11-19,0.94728965,simulation
1987-11-20,2.7201436,simulation
1987-11-21,1.579101,simulation
1987-11-22,2.7914934,simulation
1987-11-23,3.3015206,simulation
1987-11-24,0.89649725,simulation
1987-11-25,1.3615974,simulation
1987-11-26,0.47825167,simulation
1987-11-27,0.30420548,simulation
1987-11-28,0.8741319,simulation
1987-11-29,0.7424826,simulation
1987-11-30,0.8855586,simulation
1987-12-01,1.301587,simulation
1987-12-02,1.0614446,simulation
1987-12-03,0.6593402,simulation
1987-12-04,3.055641,simulation
1987-12-05,0.97357684,simulation
1987-12-06,0.8568074,simulation
1987-12-07,0.76378,simulation
1987-12-08,0.43413955,simulation
1987-12-09,0.43734923,simulation
1987-12-10,1.2143233,simulation
1987-12-11,0.7394382,simulation
1987-12-12,1.2048584,simulation
1987-12-13,1.135248,simulation
1987-12-14,0.72294056,simulation
1987-12-15,1.2044207,simulation
1987-12-16,1.3602297,simulation
1987-12-17,0.9791731,simulation
1987-12-18,0.48573786,simulation
1987-12-19,0.7527071,simulation
1987-12-20,0.77358496,simulation
1987-12-21,0.29174986,simulation
1987-12-22,0.62174433,simulation
1987-12-23,1.319333,simulation
1987-12-24,0.55058193,simulation
1987-12-25,0.7047669,simulation
1987-12-26,0.3320957,simulation
1987-12-27,0.34741133,simulation
1987-12-28,0.7698544,simulation
1987-12-29,0.8033771,simulation
1987-12-30,0.5711739,simulation
1987-12-31,0.42616576,simulation
1988-01-01,0.36641258,simulation
1988-01-02,0.76222605,simulation
1988-01-03,0.43766612,simulation
1988-01-04,0.6634676,simulation
1988-01-05,0.9096425,simulation
1988-01-06,0.83587486,simulation
1988-01-07,0.34440678,simulation
1988-01-08,0.3418851,simulation
1988-01-09,0.3585123,simulation
1988-01-10,0.5965769,simulation
1988-01-11,0.9593511,simulation
1988-01-12,0.6034109,simulation
1988-01-13,1.4839664,simulation
1988-01-14,0.8616788,simulation
1988-01-15,1.2584742,simulation
1988-01-16,0.7449778,simulation
1988-01-17,0.4477269,simulation
1988-01-18,0.37045228,simulation
1988-01-19,0.6184235,simulation
1988-01-20,1.1016722,simulation
1988-01-21,0.68151665,simulation
1988-01-22,1.0887364,simulation
1988-01-23,1.8369737,simulation
1988-01-24,0.4884574,simulation
1988-01-25,1.2511148,simulation
1988-01-26,1.0485536,simulation
1988-01-27,1.2443858,simulation
1988-01-28,1.9867318,simulation
1988-01-29,0.98131305,simulation
1988-01-30,1.4511728,simulation
1988-01-31,0.55736834,simulation
1988-02-01,0.45460987,simulation
1988-02-02,0.41134846,simulation
1988-02-03,0.3878401,simulation
1988-02-04,0.539688,simulation
1988-02-05,0.8332651,simulation
1988-02-06,1.9115342,simulation
1988-02-07,0.5581325,simulation
1988-02-08,0.9591708,simulation
1988-02-09,0.7895805,simulation
1988-02-10,2.5750043,simulation
1988-02-11,0.42224598,simulation
1988-02-12,1.4227293,simulation
1988-02-13,2.358147,simulation
1988-02-14,0.91737527,simulation
1988-02-15,0.7493706,simulation
1988-02-16,2.6397605,simulation
1988-02-17,1.0884194,simulation
1988-02-18,0.4427162,simulation
1988-02-19,0.5214124,simulation
1988-02-20,1.0112821,simulation
1988-02-21,2.6328607,simulation
1988-02-22,9.904583,simulation
1988-02-23,1.0287968,simulation
1988-02-24,4.2352533,simulation
1988-02-25,3.6475475,simulation
1988-02-26,2.2213464,simulation
1988-02-27,0.679376,simulation
1988-02-28,6.4939575,simulation
1988-02-29,3.336678,simulation
1988-03-01,2.8622591,simulation
1988-03-02,1.062821,simulation
1988-03-03,1.058438,simulation
1988-03-04,0.6523718,simulation
1988-03-05,0.7692319,simulation
1988-03-06,2.8436222,simulation
1988-03-07,6.1727023,simulation
1988-03-08,0.5262764,simulation
1988-03-09,0.5528245,simulation
1988-03-10,3.073963,simulation
1988-03-11,11.602698,simulation
1988-03-12,0.69933707,simulation
1988-03-13,10.012551,simulation
1988-03-14,7.0973773,simulation
1988-03-15,5.15754,simulation
1988-03-16,5.8899093,simulation
1988-03-17,6.729275,simulation
1988-03-18,0.43361038,simulation
1988-03-19,5.8819804,simulation
1988-03-20,14.042567,simulation
1988-03-21,20.556107,simulation
1988-03-22,14.282504,simulation
1988-03-23,3.0326116,simulation
1988-03-24,6.6207266,simulation
1988-03-25,0.4952531,simulation
1988-03-26,8.427941,simulation
1988-03-27,18.811777,simulation
1988-03-28,3.4194088,simulation
1988-03-29,2.4058402,simulation
1988-03-30,0.4259406,simulation
1988-03-31,0.57744586,simulation
1988-04-01,2.838963,simulation
1988-04-02,0.7794705,simulation
1988-04-03,0.9269553,simulation
1988-04-04,15.761394,simulation
1988-04-05,36.99819,simulation
1988-04-06,45.826714,simulation
1988-04-07,36.825813,simulation
1988-04-08,17.170645,simulation
1988-04-09,1.4558953,simulation
1988-04-10,1.5956435,simulation
1988-04-11,0.5172423,simulation
1988-04-12,4.901457,simulation
1988-04-13,26.024874,simulation
1988-04-14,19.727715,simulation
1988-04-15,21.986399,simulation
1988-04-16,6.2402654,simulation
1988-04-17,6.9802613,simulation
1988-04-18,1.266757,simulation
1988-04-19,3.6390011,simulation
1988-04-20,28.470562,simulation
1988-04-21,2.3870132,simulation
1988-04-22,0.72142357,simulation
1988-04-23,0.69775736,simulation
1988-04-24,51.600548,simulation
1988-04-25,1.5378819,simulation
1988-04-26,36.73032,simulation
1988-04-27,38.03489,simulation
1988-04-28,17.242638,simulation
1988-04-29,2.603543,simulation
1988-04-30,0.950429,simulation
1988-05-01,35.39456,simulation
1988-05-02,45.805656,simulation
1988-05-03,20.88339,simulation
1988-05-04,22.58592,simulation
1988-05-05,43.4779,simulation
1988-05-06,18.321995,simulation
1988-05-07,1.7646699,simulation
1988-05-08,4.5187144,simulation
1988-05-09,7.7891464,simulation
1988-05-10,30.193787,simulation
1988-05-11,17.768204,simulation
1988-05-12,0.92809004,simulation
1988-05-13,33.41991,simulation
1988-05-14,37.388252,simulation
1988-05-15,33.491726,simulation
1988-05-16,14.249195,simulation
1988-05-17,63.91889,simulation
1988-05-18,52.212044,simulation
1988-05-19,43.00591,simulation
1988-05-20,30.69595,simulation
1988-05-21,3.7445505,simulation
1988-05-22,2.5736744,simulation
1988-05-23,13.804771,simulation
1988-05-24,0.8689304,simulation
1988-05-25,11.181994,simulation
1988-05-26,56.211945,simulation
1988-05-27,52.56946,simulation
1988-05-28,56.221443,simulation
1988-05-29,60.899837,simulation
1988-05-30,55.073463,simulation
1988-05-31,44.722878,simulation
1988-06-01,34.358757,simulation
1988-06-02,7.8026266,simulation
1988-06-03,4.292626,simulation
1988-06-04,10.418177,simulation
1988-06-05,8.202119,simulation
1988-06-06,5.6671953,simulation
1988-06-07,2.6742027,simulation
1988-06-08,57.74956,simulation
1988-06-09,5.918292,simulation
1988-06-10,63.843655,simulation
1988-06-11,51.832497,simulation
1988-06-12,46.03574,simulation
1988-06-13,55.62947,simulation
1988-06-14,45.259136,simulation
1988-06-15,47.552536,simulation
1988-06-16,34.60099,simulation
1988-06-17,10.890892,simulation
1988-06-18,2.1055694,simulation
1988-06-19,4.058638,simulation
1988-06-20,40.473892,simulation
1988-06-21,34.894,simulation
1988-06-22,1.9244746,simulation
1988-06-23,1.7636135,simulation
1988-06-24,3.9066954,simulation
1988-06-25,4.529613,simulation
1988-06-26,5.532162,simulation
1988-06-27,30.495853,simulation
1988-06-28,62.663353,simulation
1988-06-29,15.47001,simulation
1988-06-30,4.8259835,simulation
1988-07-01,11.301425,simulation
1988-07-02,13.288267,simulation
1988-07-03,4.7848535,simulation
1988-07-04,4.779587,simulation
1988-07-05,0.70337605,simulation
1988-07-06,0.8736736,simulation
1988-07-07,1.8447233,simulation
1988-07-08,2.9914513,simulation
1988-07-09,2.3584647,simulation
1988-07-10,1.1721915,simulation
1988-07-11,3.5370238,simulation
1988-07-12,12.833652,simulation
1988-07-13,2.0829887,simulation
1988-07-14,16.661709,simulation
1988-07-15,31.22297,simulation
1988-07-16,6.3034606,simulation
1988-07-17,2.483907,simulation
1988-07-18,3.417537,simulation
1988-07-19,6.590682,simulation
1988-07-20,10.713615,simulation
1988-07-21,1.0335108,simulation
1988-07-22,1.9183918,simulation
1988-07-23,29.431082,simulation
1988-07-24,43.576324,simulation
1988-07-25,4.972904,simulation
1988-07-26,1.2723631,simulation
1988-07-27,10.2829275,simulation
1988-07-28,25.013754,simulation
1988-07-29,12.187769,simulation
1988-07-30,11.81154,simulation
1988-07-31,24.285343,simulation
1988-08-01,14.467127,simulation
1988-08-02,24.062887,simulation
1988-08-03,19.774517,simulation
1988-08-04,9.128703,simulation
1988-08-05,2.6670747,simulation
1988-08-06,1.9720513,simulation
1988-08-07,2.2291446,simulation
1988-08-08,16.17707,simulation
1988-08-09,1.4727893,simulation
1988-08-10,3.9226074,simulation
1988-08-11,11.326629,simulation
1988-08-12,6.184654,simulation
1988-08-13,26.31171,simulation
1988-08-14,31.948565,simulation
1988-08-15,21.897583,simulation
1988-08-16,6.1379004,simulation
1988-08-17,5.4170313,simulation
1988-08-18,10.461337,simulation
1988-08-19,2.3756645,simulation
1988-08-20,2.4470837,simulation
1988-08-21,0.39008006,simulation
1988-08-22,2.128531,simulation
1988-08-23,1.3936735,simulation
1988-08-24,1.5332261,simulation
1988-08-25,49.18956,simulation
1988-08-26,39.50719,simulation
1988-08-27,32.45185,simulation
1988-08-28,16.123472,simulation
1988-08-29,4.890663,simulation
1988-08-30,3.2063136,simulation
1988-08-31,12.4398155,simulation
1988-09-01,0.9953692,simulation
1988-09-02,0.7897895,simulation
1988-09-03,0.47107413,simulation
1988-09-04,1.2055982,simulation
1988-09-05,21.802565,simulation
1988-09-06,41.957294,simulation
1988-09-07,32.74111,simulation
1988-09-08,20.129992,simulation
1988-09-09,12.010929,simulation
1988-09-10,1.6838975,simulation
1988-09-11,3.338295,simulation
1988-09-12,3.1842735,simulation
1988-09-13,6.3992786,simulation
1988-09-14,20.545076,simulation
1988-09-15,1.0693916,simulation
1988-09-16,0.58809,simulation
1988-09-17,0.99325764,simulation
1988-09-18,1.8259002,simulation
1988-09-19,2.9884343,simulation
1988-09-20,5.7515993,simulation
1988-09-21,4.0236893,simulation
1988-09-22,16.074326,simulation
1988-09-23,11.219169,simulation
1988-09-24,3.7014604,simulation
1988-09-25,1.9950267,simulation
1988-09-26,10.488526,simulation
1988-09-27,2.6681862,simulation
1988-09-28,1.6380367,simulation
1988-09-29,1.0470002,simulation
1988-09-30,2.0676572,simulation
