time,loss_constrained,phase
1948-10-01,0.0,spinup1
1948-10-02,0.038289364,spinup1
1948-10-03,0.07692868,spinup1
1948-10-04,0.15967232,spinup1
1948-10-05,0.0478517,spinup1
1948-10-06,0.1030578,spinup1
1948-10-07,0.020734118,spinup1
1948-10-08,0.37720144,spinup1
1948-10-09,0.30478182,spinup1
1948-10-10,0.06301109,spinup1
1948-10-11,0.02939948,spinup1
1948-10-12,1.0832279,spinup1
1948-10-13,1.0574358,spinup1
1948-10-14,0.32070318,spinup1
1948-10-15,0.5471991,spinup1
1948-10-16,0.5943952,spinup1
1948-10-17,0.10128635,spinup1
1948-10-18,0.79224056,spinup1
1948-10-19,0.6753049,spinup1
1948-10-20,0.3405317,spinup1
1948-10-21,0.57407904,spinup1
1948-10-22,0.33809945,spinup1
1948-10-23,0.55671966,spinup1
1948-10-24,0.1466581,spinup1
1948-10-25,0.18438287,spinup1
1948-10-26,0.18984748,spinup1
1948-10-27,0.43096346,spinup1
1948-10-28,0.76293534,spinup1
1948-10-29,0.80258334,spinup1
1948-10-30,0.28252342,spinup1
1948-10-31,0.13586797,spinup1
1948-11-01,0.069288805,spinup1
1948-11-02,0.712482,spinup1
1948-11-03,0.10850896,spinup1
1948-11-04,0.3818237,spinup1
1948-11-05,0.12715127,spinup1
1948-11-06,0.8071874,spinup1
1948-11-07,0.53573537,spinup1
1948-11-08,0.35397816,spinup1
1948-11-09,0.11829131,spinup1
1948-11-10,0.67631847,spinup1
1948-11-11,0.2839994,spinup1
1948-11-12,0.24205315,spinup1
1948-11-13,0.18643063,spinup1
1948-11-14,0.16188715,spinup1
1948-11-15,0.2593971,spinup1
1948-11-16,0.10971883,spinup1
1948-11-17,0.35810778,spinup1
1948-11-18,0.1838555,spinup1
1948-11-19,0.8086785,spinup1
1948-11-20,1.4357115,spinup1
1948-11-21,0.2818842,spinup1
1948-11-22,0.20504047,spinup1
1948-11-23,0.21661343,spinup1
1948-11-24,0.7640561,spinup1
1948-11-25,1.1136389,spinup1
1948-11-26,0.19418281,spinup1
1948-11-27,0.2235,spinup1
1948-11-28,0.32013825,spinup1
1948-11-29,0.7507425,spinup1
1948-11-30,0.8953547,spinup1
1948-12-01,1.09186,spinup1
1948-12-02,0.4492393,spinup1
1948-12-03,1.1900729,spinup1
1948-12-04,0.47245276,spinup1
1948-12-05,0.4628705,spinup1
1948-12-06,1.0776159,spinup1
1948-12-07,0.175,spinup1
1948-12-08,1.0751426,spinup1
1948-12-09,1.4298248,spinup1
1948-12-10,1.1100013,spinup1
1948-12-11,0.9842296,spinup1
1948-12-12,0.41334128,spinup1
1948-12-13,0.2817,spinup1
1948-12-14,0.36096245,spinup1
1948-12-15,0.571872,spinup1
1948-12-16,0.2797,spinup1
1948-12-17,0.35155514,spinup1
1948-12-18,0.12719999,spinup1
1948-12-19,0.448459,spinup1
1948-12-20,1.0100834,spinup1
1948-12-21,0.6238913,spinup1
1948-12-22,0.5472184,spinup1
1948-12-23,0.6481452,spinup1
1948-12-24,0.47864848,spinup1
1948-12-25,0.4260159,spinup1
1948-12-26,0.43898764,spinup1
1948-12-27,0.540061,spinup1
1948-12-28,0.55268157,spinup1
1948-12-29,0.48392034,spinup1
1948-12-30,0.74928755,spinup1
1948-12-31,0.83861285,spinup1
1949-01-01,0.6882846,spinup1
1949-01-02,0.5943821,spinup1
1949-01-03,0.49358806,spinup1
1949-01-04,0.44127774,spinup1
1949-01-05,0.45780498,spinup1
1949-01-06,0.9138025,spinup1
1949-01-07,0.66476476,spinup1
1949-01-08,0.96414906,spinup1
1949-01-09,1.6174866,spinup1
1949-01-10,2.017607,spinup1
1949-01-11,1.148873,spinup1
1949-01-12,0.5809302,spinup1
1949-01-13,0.46393594,spinup1
1949-01-14,0.5824967,spinup1
1949-01-15,1.6733502,spinup1
1949-01-16,1.1235507,spinup1
1949-01-17,0.1655,spinup1
1949-01-18,0.63650054,spinup1
1949-01-19,0.57862145,spinup1
1949-01-20,0.6931966,spinup1
1949-01-21,0.1723,spinup1
1949-01-22,0.1258,spinup1
1949-01-23,0.8053485,spinup1
1949-01-24,0.9388633,spinup1
1949-01-25,0.5273,spinup1
1949-01-26,0.3791,spinup1
1949-01-27,0.7786142,spinup1
1949-01-28,1.2242318,spinup1
1949-01-29,0.75510186,spinup1
1949-01-30,0.2445,spinup1
1949-01-31,0.024799997,spinup1
1949-02-01,0.1918,spinup1
1949-02-02,1.5481607,spinup1
1949-02-03,0.37130004,spinup1
1949-02-04,0.1752,spinup1
1949-02-05,0.2595,spinup1
1949-02-06,0.2047,spinup1
1949-02-07,0.7097077,spinup1
1949-02-08,0.2822,spinup1
1949-02-09,0.2885,spinup1
1949-02-10,2.8487,spinup1
1949-02-11,2.3084,spinup1
1949-02-12,2.7994,spinup1
1949-02-13,1.1626999,spinup1
1949-02-14,1.1435758,spinup1
1949-02-15,0.8791608,spinup1
1949-02-16,0.66455925,spinup1
1949-02-17,1.3908604,spinup1
1949-02-18,0.6518646,spinup1
1949-02-19,0.7103223,spinup1
1949-02-20,0.9321786,spinup1
1949-02-21,0.5249,spinup1
1949-02-22,0.77873755,spinup1
1949-02-23,1.6827172,spinup1
1949-02-24,0.66063017,spinup1
1949-02-25,2.5436,spinup1
1949-02-26,0.65198666,spinup1
1949-02-27,0.6023825,spinup1
1949-02-28,3.2254002,spinup1
1949-03-01,2.4757,spinup1
1949-03-02,2.189,spinup1
1949-03-03,2.7258,spinup1
1949-03-04,3.1413,spinup1
1949-03-05,1.2903628,spinup1
1949-03-06,0.7907781,spinup1
1949-03-07,2.6832,spinup1
1949-03-08,2.8117,spinup1
1949-03-09,0.90075403,spinup1
1949-03-10,3.0581996,spinup1
1949-03-11,2.9623997,spinup1
1949-03-12,1.8358144,spinup1
1949-03-13,0.7535321,spinup1
1949-03-14,0.3244,spinup1
1949-03-15,2.8571,spinup1
1949-03-16,2.369,spinup1
1949-03-17,1.3590331,spinup1
1949-03-18,1.1206676,spinup1
1949-03-19,2.1618,spinup1
1949-03-20,3.8618,spinup1
1949-03-21,1.7133503,spinup1
1949-03-22,3.4435997,spinup1
1949-03-23,1.9479353,spinup1
1949-03-24,1.2030777,spinup1
1949-03-25,1.913083,spinup1
1949-03-26,1.6746091,spinup1
1949-03-27,0.5286,spinup1
1949-03-28,1.1496025,spinup1
1949-03-29,0.6876579,spinup1
1949-03-30,0.8784018,spinup1
1949-03-31,3.5503,spinup1
1949-04-01,3.9553003,spinup1
1949-04-02,0.88217545,spinup1
1949-04-03,1.2475435,spinup1
1949-04-04,1.0940943,spinup1
1949-04-05,1.803593,spinup1
1949-04-06,5.6869,spinup1
1949-04-07,5.5467997,spinup1
1949-04-08,2.402,spinup1
1949-04-09,1.3115318,spinup1
1949-04-10,0.58862835,spinup1
1949-04-11,2.007429,spinup1
1949-04-12,0.81887037,spinup1
1949-04-13,4.199,spinup1
1949-04-14,5.0634,spinup1
1949-04-15,3.8558,spinup1
1949-04-16,5.1282,spinup1
1949-04-17,5.3472004,spinup1
1949-04-18,5.9811997,spinup1
1949-04-19,3.6978,spinup1
1949-04-20,0.8777258,spinup1
1949-04-21,0.58597803,spinup1
1949-04-22,0.3719,spinup1
1949-04-23,1.3261791,spinup1
1949-04-24,3.4343,spinup1
1949-04-25,5.5493016,spinup1
1949-04-26,1.8309468,spinup1
1949-04-27,0.81266785,spinup1
1949-04-28,1.5176893,spinup1
1949-04-29,1.713397,spinup1
1949-04-30,1.636951,spinup1
1949-05-01,1.2306806,spinup1
1949-05-02,1.6045314,spinup1
1949-05-03,5.634001,spinup1
1949-05-04,5.6924005,spinup1
1949-05-05,5.8792,spinup1
1949-05-06,6.7159996,spinup1
1949-05-07,5.7257004,spinup1
1949-05-08,6.2084994,spinup1
1949-05-09,3.3384,spinup1
1949-05-10,3.6174,spinup1
1949-05-11,6.004601,spinup1
1949-05-12,4.9293995,spinup1
1949-05-13,6.230001,spinup1
1949-05-14,5.8792,spinup1
1949-05-15,6.241199,spinup1
1949-05-16,6.5135,spinup1
1949-05-17,5.779999,spinup1
1949-05-18,5.6401987,spinup1
1949-05-19,6.419901,spinup1
1949-05-20,3.5544002,spinup1
1949-05-21,3.2687,spinup1
1949-05-22,4.4811,spinup1
1949-05-23,3.0775,spinup1
1949-05-24,3.9847002,spinup1
1949-05-25,6.276201,spinup1
1949-05-26,1.8460782,spinup1
1949-05-27,4.3026,spinup1
1949-05-28,0.70485646,spinup1
1949-05-29,0.85653967,spinup1
1949-05-30,2.5555,spinup1
1949-05-31,1.6372304,spinup1
1949-06-01,3.7785,spinup1
1949-06-02,6.9228015,spinup1
1949-06-03,7.347498,spinup1
1949-06-04,6.6699977,spinup1
1949-06-05,7.1465015,spinup1
1949-06-06,7.3549004,spinup1
1949-06-07,6.4311004,spinup1
1949-06-08,3.8261998,spinup1
1949-06-09,4.3409004,spinup1
1949-06-10,1.6651956,spinup1
1949-06-11,1.3129197,spinup1
1949-06-12,1.6638331,spinup1
1949-06-13,2.593,spinup1
1949-06-14,1.7299092,spinup1
1949-06-15,2.0706193,spinup1
1949-06-16,7.492498,spinup1
1949-06-17,7.114503,spinup1
1949-06-18,4.4339995,spinup1
1949-06-19,2.358,spinup1
1949-06-20,5.0752997,spinup1
1949-06-21,2.4952,spinup1
1949-06-22,3.6946998,spinup1
1949-06-23,3.2854998,spinup1
1949-06-24,2.217,spinup1
1949-06-25,4.5046,spinup1
1949-06-26,5.2789,spinup1
1949-06-27,5.0351,spinup1
1949-06-28,5.3441997,spinup1
1949-06-29,5.2986994,spinup1
1949-06-30,3.5983,spinup1
1949-07-01,4.6953,spinup1
1949-07-02,4.7639,spinup1
1949-07-03,1.1779163,spinup1
1949-07-04,4.3096995,spinup1
1949-07-05,5.5105996,spinup1
1949-07-06,5.7701993,spinup1
1949-07-07,5.5178013,spinup1
1949-07-08,4.9132996,spinup1
1949-07-09,6.0429006,spinup1
1949-07-10,3.1874,spinup1
1949-07-11,2.7316003,spinup1
1949-07-12,2.8788,spinup1
1949-07-13,2.5355,spinup1
1949-07-14,2.6015,spinup1
1949-07-15,0.6105592,spinup1
1949-07-16,0.6298654,spinup1
1949-07-17,0.8057292,spinup1
1949-07-18,3.5123,spinup1
1949-07-19,4.4616,spinup1
1949-07-20,5.4515004,spinup1
1949-07-21,3.269,spinup1
1949-07-22,3.4842,spinup1
1949-07-23,1.2245204,spinup1
1949-07-24,2.2855,spinup1
1949-07-25,2.3974,spinup1
1949-07-26,5.6936007,spinup1
1949-07-27,2.6898,spinup1
1949-07-28,4.5584006,spinup1
1949-07-29,6.014798,spinup1
1949-07-30,4.6544,spinup1
1949-07-31,3.3624,spinup1
1949-08-01,0.88424563,spinup1
1949-08-02,3.4122002,spinup1
1949-08-03,4.7236004,spinup1
1949-08-04,3.6429,spinup1
1949-08-05,3.237,spinup1
1949-08-06,4.0906997,spinup1
1949-08-07,3.119,spinup1
1949-08-08,3.9921997,spinup1
1949-08-09,4.8964,spinup1
1949-08-10,5.915201,spinup1
1949-08-11,5.940599,spinup1
1949-08-12,5.0693,spinup1
1949-08-13,3.5830998,spinup1
1949-08-14,4.6015,spinup1
1949-08-15,4.0124,spinup1
1949-08-16,2.22,spinup1
1949-08-17,2.5146,spinup1
1949-08-18,3.3994002,spinup1
1949-08-19,4.3806,spinup1
1949-08-20,5.887701,spinup1
1949-08-21,2.7717,spinup1
1949-08-22,3.262,spinup1
1949-08-23,3.038,spinup1
1949-08-24,3.7721,spinup1
1949-08-25,4.5166,spinup1
1949-08-26,3.9458,spinup1
1949-08-27,5.762701,spinup1
1949-08-28,5.913199,spinup1
1949-08-29,5.2827005,spinup1
1949-08-30,4.6071997,spinup1
1949-08-31,3.7029,spinup1
1949-09-01,4.6256,spinup1
1949-09-02,6.4075994,spinup1
1949-09-03,2.226581,spinup1
1949-09-04,0.62516326,spinup1
1949-09-05,2.4613,spinup1
1949-09-06,1.3058834,spinup1
1949-09-07,4.8667994,spinup1
1949-09-08,4.5735,spinup1
1949-09-09,3.7088997,spinup1
1949-09-10,5.3072,spinup1
1949-09-11,2.5116,spinup1
1949-09-12,4.7218995,spinup1
1949-09-13,1.0047212,spinup1
1949-09-14,2.4249,spinup1
1949-09-15,2.7498,spinup1
1949-09-16,3.744,spinup1
1949-09-17,2.7067,spinup1
1949-09-18,2.4239,spinup1
1949-09-19,2.976,spinup1
1949-09-20,4.8473,spinup1
1949-09-21,1.9440858,spinup1
1949-09-22,0.89731985,spinup1
1949-09-23,5.3319,spinup1
1949-09-24,4.7244997,spinup1
1949-09-25,3.9276,spinup1
1949-09-26,4.7737007,spinup1
1949-09-27,1.8512946,spinup1
1949-09-28,3.5158,spinup1
1949-09-29,4.986701,spinup1
1949-09-30,4.6904,spinup1
1948-10-01,4.6003995,spinup2
1948-10-02,4.3091993,spinup2
1948-10-03,4.3286,spinup2
1948-10-04,4.7777,spinup2
1948-10-05,2.911,spinup2
1948-10-06,3.5714,spinup2
1948-10-07,1.068493,spinup2
1948-10-08,4.6986,spinup2
1948-10-09,4.2770004,spinup2
1948-10-10,2.0534873,spinup2
1948-10-11,0.5584379,spinup2
1948-10-12,4.3483,spinup2
1948-10-13,4.2969,spinup2
1948-10-14,2.8019,spinup2
1948-10-15,3.4152,spinup2
1948-10-16,3.489,spinup2
1948-10-17,1.0010495,spinup2
1948-10-18,3.7,spinup2
1948-10-19,3.483,spinup2
1948-10-20,2.6360002,spinup2
1948-10-21,3.2378,spinup2
1948-10-22,2.5811,spinup2
1948-10-23,3.1544,spinup2
1948-10-24,1.1552918,spinup2
1948-10-25,1.4111072,spinup2
1948-10-26,1.420506,spinup2
1948-10-27,2.7432,spinup2
1948-10-28,3.4122,spinup2
1948-10-29,3.4584,spinup2
1948-10-30,1.954653,spinup2
1948-10-31,0.9209843,spinup2
1948-11-01,0.4535847,spinup2
1948-11-02,3.1253,spinup2
1948-11-03,0.64170915,spinup2
1948-11-04,2.2202592,spinup2
1948-11-05,0.7271997,spinup2
1948-11-06,2.9212,spinup2
1948-11-07,2.4237,spinup2
1948-11-08,1.6193457,spinup2
1948-11-09,0.53465325,spinup2
1948-11-10,2.4984,spinup2
1948-11-11,1.1280712,spinup2
1948-11-12,0.95189434,spinup2
1948-11-13,0.72496533,spinup2
1948-11-14,0.62340486,spinup2
1948-11-15,0.9893586,spinup2
1948-11-16,0.3135,spinup2
1948-11-17,1.1384492,spinup2
1948-11-18,0.579652,spinup2
1948-11-19,2.1522,spinup2
1948-11-20,2.766,spinup2
1948-11-21,0.74370605,spinup2
1948-11-22,0.3615,spinup2
1948-11-23,0.4088,spinup2
1948-11-24,1.7789766,spinup2
1948-11-25,2.2848,spinup2
1948-11-26,0.2455,spinup2
1948-11-27,0.2235,spinup2
1948-11-28,0.5125,spinup2
1948-11-29,1.3198348,spinup2
1948-11-30,1.5177383,spinup2
1948-12-01,1.8009347,spinup2
1948-12-02,0.72709143,spinup2
1948-12-03,1.899077,spinup2
1948-12-04,0.74511606,spinup2
1948-12-05,0.723492,spinup2
1948-12-06,1.6608344,spinup2
1948-12-07,0.17500001,spinup2
1948-12-08,1.6224647,spinup2
1948-12-09,2.0981,spinup2
1948-12-10,1.6513953,spinup2
1948-12-11,1.4560218,spinup2
1948-12-12,0.60841393,spinup2
1948-12-13,0.2817,spinup2
1948-12-14,0.49309996,spinup2
1948-12-15,0.8305679,spinup2
1948-12-16,0.2797,spinup2
1948-12-17,0.4038,spinup2
1948-12-18,0.1272,spinup2
1948-12-19,0.62675637,spinup2
1948-12-20,1.4019228,spinup2
1948-12-21,0.8608471,spinup2
1948-12-22,0.7511785,spinup2
1948-12-23,0.88559735,spinup2
1948-12-24,0.65122604,spinup2
1948-12-25,0.57661676,spinup2
1948-12-26,0.5867299,spinup2
1948-12-27,0.7176348,spinup2
1948-12-28,0.73061085,spinup2
1948-12-29,0.6356719,spinup2
1948-12-30,0.97140986,spinup2
1948-12-31,1.0791694,spinup2
1949-01-01,0.88016874,spinup2
1949-01-02,0.75597256,spinup2
1949-01-03,0.6247695,spinup2
1949-01-04,0.531,spinup2
1949-01-05,0.46380004,spinup2
1949-01-06,1.0964271,spinup2
1949-01-07,0.78247386,spinup2
1949-01-08,1.1198193,spinup2
1949-01-09,1.8599735,spinup2
1949-01-10,2.1753,spinup2
1949-01-11,1.3029561,spinup2
1949-01-12,0.6555328,spinup2
1949-01-13,0.4653,spinup2
1949-01-14,0.6520263,spinup2
1949-01-15,1.8666397,spinup2
1949-01-16,1.2494231,spinup2
1949-01-17,0.1655,spinup2
1949-01-18,0.7018198,spinup2
1949-01-19,0.6337663,spinup2
1949-01-20,0.7543951,spinup2
1949-01-21,0.1723,spinup2
1949-01-22,0.1258,spinup2
1949-01-23,0.8549082,spinup2
1949-01-24,0.9868055,spinup2
1949-01-25,0.5273,spinup2
1949-01-26,0.37910002,spinup2
1949-01-27,0.8041035,spinup2
1949-01-28,1.2584084,spinup2
1949-01-29,0.77343714,spinup2
1949-01-30,0.2445,spinup2
1949-01-31,0.02479999,spinup2
1949-02-01,0.1918,spinup2
1949-02-02,1.5673772,spinup2
1949-02-03,0.3713,spinup2
1949-02-04,0.1752,spinup2
1949-02-05,0.2595,spinup2
1949-02-06,0.2047,spinup2
1949-02-07,0.71394646,spinup2
1949-02-08,0.2822,spinup2
1949-02-09,0.2885,spinup2
1949-02-10,2.8487,spinup2
1949-02-11,2.3084,spinup2
1949-02-12,2.7994,spinup2
1949-02-13,1.164879,spinup2
1949-02-14,1.1454395,spinup2
1949-02-15,0.88043135,spinup2
1949-02-16,0.6653687,spinup2
1949-02-17,1.3920524,spinup2
1949-02-18,0.6522586,spinup2
1949-02-19,0.71064085,spinup2
1949-02-20,0.9324873,spinup2
1949-02-21,0.5249,spinup2
1949-02-22,0.7789009,spinup2
1949-02-23,1.6830139,spinup2
1949-02-24,0.66073066,spinup2
1949-02-25,2.5436,spinup2
1949-02-26,0.6520626,spinup2
1949-02-27,0.60244447,spinup2
1949-02-28,3.2254,spinup2
1949-03-01,2.4757,spinup2
1949-03-02,2.189,spinup2
1949-03-03,2.7258,spinup2
1949-03-04,3.1413002,spinup2
1949-03-05,1.2904407,spinup2
1949-03-06,0.79082346,spinup2
1949-03-07,2.6832,spinup2
1949-03-08,2.8117,spinup2
1949-03-09,0.90079874,spinup2
1949-03-10,3.0582,spinup2
1949-03-11,2.9624,spinup2
1949-03-12,1.8358899,spinup2
1949-03-13,0.75356156,spinup2
1949-03-14,0.3244,spinup2
1949-03-15,2.8571,spinup2
1949-03-16,2.369,spinup2
1949-03-17,1.35907,spinup2
1949-03-18,1.1206955,spinup2
1949-03-19,2.1618,spinup2
1949-03-20,3.8618,spinup2
1949-03-21,1.7133842,spinup2
1949-03-22,3.4435997,spinup2
1949-03-23,1.94796,spinup2
1949-03-24,1.2030897,spinup2
1949-03-25,1.9130988,spinup2
1949-03-26,1.674621,spinup2
1949-03-27,0.5286,spinup2
1949-03-28,1.1496084,spinup2
1949-03-29,0.6876604,spinup2
1949-03-30,0.8784041,spinup2
1949-03-31,3.5502996,spinup2
1949-04-01,3.9553,spinup2
1949-04-02,0.8821765,spinup2
1949-04-03,1.2475445,spinup2
1949-04-04,1.0940951,spinup2
1949-04-05,1.8035941,spinup2
1949-04-06,5.686899,spinup2
1949-04-07,5.5467987,spinup2
1949-04-08,2.402,spinup2
1949-04-09,1.311532,spinup2
1949-04-10,0.58862853,spinup2
1949-04-11,2.0074291,spinup2
1949-04-12,0.81887054,spinup2
1949-04-13,4.1990004,spinup2
1949-04-14,5.0634003,spinup2
1949-04-15,3.8558,spinup2
1949-04-16,5.128199,spinup2
1949-04-17,5.3471994,spinup2
1949-04-18,5.9812,spinup2
1949-04-19,3.6978,spinup2
1949-04-20,0.87772584,spinup2
1949-04-21,0.58597803,spinup2
1949-04-22,0.3719,spinup2
1949-04-23,1.3261791,spinup2
1949-04-24,3.4343,spinup2
1949-04-25,5.5493016,spinup2
1949-04-26,1.8309468,spinup2
1949-04-27,0.81266785,spinup2
1949-04-28,1.5176893,spinup2
1949-04-29,1.713397,spinup2
1949-04-30,1.636951,spinup2
1949-05-01,1.2306806,spinup2
1949-05-02,1.6045314,spinup2
1949-05-03,5.634001,spinup2
1949-05-04,5.6924005,spinup2
1949-05-05,5.8792,spinup2
1949-05-06,6.7159996,spinup2
1949-05-07,5.7257004,spinup2
1949-05-08,6.2084994,spinup2
1949-05-09,3.3384,spinup2
1949-05-10,3.6174,spinup2
1949-05-11,6.004601,spinup2
1949-05-12,4.9293995,spinup2
1949-05-13,6.230001,spinup2
1949-05-14,5.8792,spinup2
1949-05-15,6.241199,spinup2
1949-05-16,6.5135,spinup2
1949-05-17,5.779999,spinup2
1949-05-18,5.6401987,spinup2
1949-05-19,6.419901,spinup2
1949-05-20,3.5544002,spinup2
1949-05-21,3.2687,spinup2
1949-05-22,4.4811,spinup2
1949-05-23,3.0775,spinup2
1949-05-24,3.9847002,spinup2
1949-05-25,6.276201,spinup2
1949-05-26,1.8460782,spinup2
1949-05-27,4.3026,spinup2
1949-05-28,0.70485646,spinup2
1949-05-29,0.85653967,spinup2
1949-05-30,2.5555,spinup2
1949-05-31,1.6372304,spinup2
1949-06-01,3.7785,spinup2
1949-06-02,6.9228015,spinup2
1949-06-03,7.347498,spinup2
1949-06-04,6.6699977,spinup2
1949-06-05,7.1465015,spinup2
1949-06-06,7.3549004,spinup2
1949-06-07,6.4311004,spinup2
1949-06-08,3.8261998,spinup2
1949-06-09,4.3409004,spinup2
1949-06-10,1.6651956,spinup2
1949-06-11,1.3129197,spinup2
1949-06-12,1.6638331,spinup2
1949-06-13,2.593,spinup2
1949-06-14,1.7299092,spinup2
1949-06-15,2.0706193,spinup2
1949-06-16,7.492498,spinup2
1949-06-17,7.114503,spinup2
1949-06-18,4.4339995,spinup2
1949-06-19,2.358,spinup2
1949-06-20,5.0752997,spinup2
1949-06-21,2.4952,spinup2
1949-06-22,3.6946998,spinup2
1949-06-23,3.2854998,spinup2
1949-06-24,2.217,spinup2
1949-06-25,4.5046,spinup2
1949-06-26,5.2789,spinup2
1949-06-27,5.0351,spinup2
1949-06-28,5.3441997,spinup2
1949-06-29,5.2986994,spinup2
1949-06-30,3.5983,spinup2
1949-07-01,4.6953,spinup2
1949-07-02,4.7639,spinup2
1949-07-03,1.1779163,spinup2
1949-07-04,4.3096995,spinup2
1949-07-05,5.5105996,spinup2
1949-07-06,5.7701993,spinup2
1949-07-07,5.5178013,spinup2
1949-07-08,4.9132996,spinup2
1949-07-09,6.0429006,spinup2
1949-07-10,3.1874,spinup2
1949-07-11,2.7316003,spinup2
1949-07-12,2.8788,spinup2
1949-07-13,2.5355,spinup2
1949-07-14,2.6015,spinup2
1949-07-15,0.6105592,spinup2
1949-07-16,0.6298654,spinup2
1949-07-17,0.8057292,spinup2
1949-07-18,3.5123,spinup2
1949-07-19,4.4616,spinup2
1949-07-20,5.4515004,spinup2
1949-07-21,3.269,spinup2
1949-07-22,3.4842,spinup2
1949-07-23,1.2245204,spinup2
1949-07-24,2.2855,spinup2
1949-07-25,2.3974,spinup2
1949-07-26,5.6936007,spinup2
1949-07-27,2.6898,spinup2
1949-07-28,4.5584006,spinup2
1949-07-29,6.014798,spinup2
1949-07-30,4.6544,spinup2
1949-07-31,3.3624,spinup2
1949-08-01,0.88424563,spinup2
1949-08-02,3.4122002,spinup2
1949-08-03,4.7236004,spinup2
1949-08-04,3.6429,spinup2
1949-08-05,3.237,spinup2
1949-08-06,4.0906997,spinup2
1949-08-07,3.119,spinup2
1949-08-08,3.9921997,spinup2
1949-08-09,4.8964,spinup2
1949-08-10,5.915201,spinup2
1949-08-11,5.940599,spinup2
1949-08-12,5.0693,spinup2
1949-08-13,3.5830998,spinup2
1949-08-14,4.6015,spinup2
1949-08-15,4.0124,spinup2
1949-08-16,2.22,spinup2
1949-08-17,2.5146,spinup2
1949-08-18,3.3994002,spinup2
1949-08-19,4.3806,spinup2
1949-08-20,5.887701,spinup2
1949-08-21,2.7717,spinup2
1949-08-22,3.262,spinup2
1949-08-23,3.038,spinup2
1949-08-24,3.7721,spinup2
1949-08-25,4.5166,spinup2
1949-08-26,3.9458,spinup2
1949-08-27,5.762701,spinup2
1949-08-28,5.913199,spinup2
1949-08-29,5.2827005,spinup2
1949-08-30,4.6071997,spinup2
1949-08-31,3.7029,spinup2
1949-09-01,4.6256,spinup2
1949-09-02,6.4075994,spinup2
1949-09-03,2.226581,spinup2
1949-09-04,0.62516326,spinup2
1949-09-05,2.4613,spinup2
1949-09-06,1.3058834,spinup2
1949-09-07,4.8667994,spinup2
1949-09-08,4.5735,spinup2
1949-09-09,3.7088997,spinup2
1949-09-10,5.3072,spinup2
1949-09-11,2.5116,spinup2
1949-09-12,4.7218995,spinup2
1949-09-13,1.0047212,spinup2
1949-09-14,2.4249,spinup2
1949-09-15,2.7498,spinup2
1949-09-16,3.744,spinup2
1949-09-17,2.7067,spinup2
1949-09-18,2.4239,spinup2
1949-09-19,2.976,spinup2
1949-09-20,4.8473,spinup2
1949-09-21,1.9440858,spinup2
1949-09-22,0.89731985,spinup2
1949-09-23,5.3319,spinup2
1949-09-24,4.7244997,spinup2
1949-09-25,3.9276,spinup2
1949-09-26,4.7737007,spinup2
1949-09-27,1.8512946,spinup2
1949-09-28,3.5158,spinup2
1949-09-29,4.986701,spinup2
1949-09-30,4.6904,spinup2
1948-10-01,4.6003995,spinup3
1948-10-02,4.3091993,spinup3
1948-10-03,4.3286,spinup3
1948-10-04,4.7777,spinup3
1948-10-05,2.911,spinup3
1948-10-06,3.5714,spinup3
1948-10-07,1.068493,spinup3
1948-10-08,4.6986,spinup3
1948-10-09,4.2770004,spinup3
1948-10-10,2.0534873,spinup3
1948-10-11,0.5584379,spinup3
1948-10-12,4.3483,spinup3
1948-10-13,4.2969,spinup3
1948-10-14,2.8019,spinup3
1948-10-15,3.4152,spinup3
1948-10-16,3.489,spinup3
1948-10-17,1.0010495,spinup3
1948-10-18,3.7,spinup3
1948-10-19,3.483,spinup3
1948-10-20,2.6360002,spinup3
1948-10-21,3.2378,spinup3
1948-10-22,2.5811,spinup3
1948-10-23,3.1544,spinup3
1948-10-24,1.1552918,spinup3
1948-10-25,1.4111072,spinup3
1948-10-26,1.420506,spinup3
1948-10-27,2.7432,spinup3
1948-10-28,3.4122,spinup3
1948-10-29,3.4584,spinup3
1948-10-30,1.954653,spinup3
1948-10-31,0.9209843,spinup3
1948-11-01,0.4535847,spinup3
1948-11-02,3.1253,spinup3
1948-11-03,0.64170915,spinup3
1948-11-04,2.2202592,spinup3
1948-11-05,0.7271997,spinup3
1948-11-06,2.9212,spinup3
1948-11-07,2.4237,spinup3
1948-11-08,1.6193457,spinup3
1948-11-09,0.53465325,spinup3
1948-11-10,2.4984,spinup3
1948-11-11,1.1280712,spinup3
1948-11-12,0.95189434,spinup3
1948-11-13,0.72496533,spinup3
1948-11-14,0.62340486,spinup3
1948-11-15,0.9893586,spinup3
1948-11-16,0.3135,spinup3
1948-11-17,1.1384492,spinup3
1948-11-18,0.579652,spinup3
1948-11-19,2.1522,spinup3
1948-11-20,2.766,spinup3
1948-11-21,0.74370605,spinup3
1948-11-22,0.3615,spinup3
1948-11-23,0.4088,spinup3
1948-11-24,1.7789766,spinup3
1948-11-25,2.2848,spinup3
1948-11-26,0.2455,spinup3
1948-11-27,0.2235,spinup3
1948-11-28,0.5125,spinup3
1948-11-29,1.3198348,spinup3
1948-11-30,1.5177383,spinup3
1948-12-01,1.8009347,spinup3
1948-12-02,0.72709143,spinup3
1948-12-03,1.899077,spinup3
1948-12-04,0.74511606,spinup3
1948-12-05,0.723492,spinup3
1948-12-06,1.6608344,spinup3
1948-12-07,0.17500001,spinup3
1948-12-08,1.6224647,spinup3
1948-12-09,2.0981,spinup3
1948-12-10,1.6513953,spinup3
1948-12-11,1.4560218,spinup3
1948-12-12,0.60841393,spinup3
1948-12-13,0.2817,spinup3
1948-12-14,0.49309996,spinup3
1948-12-15,0.8305679,spinup3
1948-12-16,0.2797,spinup3
1948-12-17,0.4038,spinup3
1948-12-18,0.1272,spinup3
1948-12-19,0.62675637,spinup3
1948-12-20,1.4019228,spinup3
1948-12-21,0.8608471,spinup3
1948-12-22,0.7511785,spinup3
1948-12-23,0.88559735,spinup3
1948-12-24,0.65122604,spinup3
1948-12-25,0.57661676,spinup3
1948-12-26,0.5867299,spinup3
1948-12-27,0.7176348,spinup3
1948-12-28,0.73061085,spinup3
1948-12-29,0.6356719,spinup3
1948-12-30,0.97140986,spinup3
1948-12-31,1.0791694,spinup3
1949-01-01,0.88016874,spinup3
1949-01-02,0.75597256,spinup3
1949-01-03,0.6247695,spinup3
1949-01-04,0.531,spinup3
1949-01-05,0.46380004,spinup3
1949-01-06,1.0964271,spinup3
1949-01-07,0.78247386,spinup3
1949-01-08,1.1198193,spinup3
1949-01-09,1.8599735,spinup3
1949-01-10,2.1753,spinup3
1949-01-11,1.3029561,spinup3
1949-01-12,0.6555328,spinup3
1949-01-13,0.4653,spinup3
1949-01-14,0.6520263,spinup3
1949-01-15,1.8666397,spinup3
1949-01-16,1.2494231,spinup3
1949-01-17,0.1655,spinup3
1949-01-18,0.7018198,spinup3
1949-01-19,0.6337663,spinup3
1949-01-20,0.7543951,spinup3
1949-01-21,0.1723,spinup3
1949-01-22,0.1258,spinup3
1949-01-23,0.8549082,spinup3
1949-01-24,0.9868055,spinup3
1949-01-25,0.5273,spinup3
1949-01-26,0.37910002,spinup3
1949-01-27,0.8041035,spinup3
1949-01-28,1.2584084,spinup3
1949-01-29,0.77343714,spinup3
1949-01-30,0.2445,spinup3
1949-01-31,0.02479999,spinup3
1949-02-01,0.1918,spinup3
1949-02-02,1.5673772,spinup3
1949-02-03,0.3713,spinup3
1949-02-04,0.1752,spinup3
1949-02-05,0.2595,spinup3
1949-02-06,0.2047,spinup3
1949-02-07,0.71394646,spinup3
1949-02-08,0.2822,spinup3
1949-02-09,0.2885,spinup3
1949-02-10,2.8487,spinup3
1949-02-11,2.3084,spinup3
1949-02-12,2.7994,spinup3
1949-02-13,1.164879,spinup3
1949-02-14,1.1454395,spinup3
1949-02-15,0.88043135,spinup3
1949-02-16,0.6653687,spinup3
1949-02-17,1.3920524,spinup3
1949-02-18,0.6522586,spinup3
1949-02-19,0.71064085,spinup3
1949-02-20,0.9324873,spinup3
1949-02-21,0.5249,spinup3
1949-02-22,0.7789009,spinup3
1949-02-23,1.6830139,spinup3
1949-02-24,0.66073066,spinup3
1949-02-25,2.5436,spinup3
1949-02-26,0.6520626,spinup3
1949-02-27,0.60244447,spinup3
1949-02-28,3.2254,spinup3
1949-03-01,2.4757,spinup3
1949-03-02,2.189,spinup3
1949-03-03,2.7258,spinup3
1949-03-04,3.1413002,spinup3
1949-03-05,1.2904407,spinup3
1949-03-06,0.79082346,spinup3
1949-03-07,2.6832,spinup3
1949-03-08,2.8117,spinup3
1949-03-09,0.90079874,spinup3
1949-03-10,3.0582,spinup3
1949-03-11,2.9624,spinup3
1949-03-12,1.8358899,spinup3
1949-03-13,0.75356156,spinup3
1949-03-14,0.3244,spinup3
1949-03-15,2.8571,spinup3
1949-03-16,2.369,spinup3
1949-03-17,1.35907,spinup3
1949-03-18,1.1206955,spinup3
1949-03-19,2.1618,spinup3
1949-03-20,3.8618,spinup3
1949-03-21,1.7133842,spinup3
1949-03-22,3.4435997,spinup3
1949-03-23,1.94796,spinup3
1949-03-24,1.2030897,spinup3
1949-03-25,1.9130988,spinup3
1949-03-26,1.674621,spinup3
1949-03-27,0.5286,spinup3
1949-03-28,1.1496084,spinup3
1949-03-29,0.6876604,spinup3
1949-03-30,0.8784041,spinup3
1949-03-31,3.5502996,spinup3
1949-04-01,3.9553,spinup3
1949-04-02,0.8821765,spinup3
1949-04-03,1.2475445,spinup3
1949-04-04,1.0940951,spinup3
1949-04-05,1.8035941,spinup3
1949-04-06,5.686899,spinup3
1949-04-07,5.5467987,spinup3
1949-04-08,2.402,spinup3
1949-04-09,1.311532,spinup3
1949-04-10,0.58862853,spinup3
1949-04-11,2.0074291,spinup3
1949-04-12,0.81887054,spinup3
1949-04-13,4.1990004,spinup3
1949-04-14,5.0634003,spinup3
1949-04-15,3.8558,spinup3
1949-04-16,5.128199,spinup3
1949-04-17,5.3471994,spinup3
1949-04-18,5.9812,spinup3
1949-04-19,3.6978,spinup3
1949-04-20,0.87772584,spinup3
1949-04-21,0.58597803,spinup3
1949-04-22,0.3719,spinup3
1949-04-23,1.3261791,spinup3
1949-04-24,3.4343,spinup3
1949-04-25,5.5493016,spinup3
1949-04-26,1.8309468,spinup3
1949-04-27,0.81266785,spinup3
1949-04-28,1.5176893,spinup3
1949-04-29,1.713397,spinup3
1949-04-30,1.636951,spinup3
1949-05-01,1.2306806,spinup3
1949-05-02,1.6045314,spinup3
1949-05-03,5.634001,spinup3
1949-05-04,5.6924005,spinup3
1949-05-05,5.8792,spinup3
1949-05-06,6.7159996,spinup3
1949-05-07,5.7257004,spinup3
1949-05-08,6.2084994,spinup3
1949-05-09,3.3384,spinup3
1949-05-10,3.6174,spinup3
1949-05-11,6.004601,spinup3
1949-05-12,4.9293995,spinup3
1949-05-13,6.230001,spinup3
1949-05-14,5.8792,spinup3
1949-05-15,6.241199,spinup3
1949-05-16,6.5135,spinup3
1949-05-17,5.779999,spinup3
1949-05-18,5.6401987,spinup3
1949-05-19,6.419901,spinup3
1949-05-20,3.5544002,spinup3
1949-05-21,3.2687,spinup3
1949-05-22,4.4811,spinup3
1949-05-23,3.0775,spinup3
1949-05-24,3.9847002,spinup3
1949-05-25,6.276201,spinup3
1949-05-26,1.8460782,spinup3
1949-05-27,4.3026,spinup3
1949-05-28,0.70485646,spinup3
1949-05-29,0.85653967,spinup3
1949-05-30,2.5555,spinup3
1949-05-31,1.6372304,spinup3
1949-06-01,3.7785,spinup3
1949-06-02,6.9228015,spinup3
1949-06-03,7.347498,spinup3
1949-06-04,6.6699977,spinup3
1949-06-05,7.1465015,spinup3
1949-06-06,7.3549004,spinup3
1949-06-07,6.4311004,spinup3
1949-06-08,3.8261998,spinup3
1949-06-09,4.3409004,spinup3
1949-06-10,1.6651956,spinup3
1949-06-11,1.3129197,spinup3
1949-06-12,1.6638331,spinup3
1949-06-13,2.593,spinup3
1949-06-14,1.7299092,spinup3
1949-06-15,2.0706193,spinup3
1949-06-16,7.492498,spinup3
1949-06-17,7.114503,spinup3
1949-06-18,4.4339995,spinup3
1949-06-19,2.358,spinup3
1949-06-20,5.0752997,spinup3
1949-06-21,2.4952,spinup3
1949-06-22,3.6946998,spinup3
1949-06-23,3.2854998,spinup3
1949-06-24,2.217,spinup3
1949-06-25,4.5046,spinup3
1949-06-26,5.2789,spinup3
1949-06-27,5.0351,spinup3
1949-06-28,5.3441997,spinup3
1949-06-29,5.2986994,spinup3
1949-06-30,3.5983,spinup3
1949-07-01,4.6953,spinup3
1949-07-02,4.7639,spinup3
1949-07-03,1.1779163,spinup3
1949-07-04,4.3096995,spinup3
1949-07-05,5.5105996,spinup3
1949-07-06,5.7701993,spinup3
1949-07-07,5.5178013,spinup3
1949-07-08,4.9132996,spinup3
1949-07-09,6.0429006,spinup3
1949-07-10,3.1874,spinup3
1949-07-11,2.7316003,spinup3
1949-07-12,2.8788,spinup3
1949-07-13,2.5355,spinup3
1949-07-14,2.6015,spinup3
1949-07-15,0.6105592,spinup3
1949-07-16,0.6298654,spinup3
1949-07-17,0.8057292,spinup3
1949-07-18,3.5123,spinup3
1949-07-19,4.4616,spinup3
1949-07-20,5.4515004,spinup3
1949-07-21,3.269,spinup3
1949-07-22,3.4842,spinup3
1949-07-23,1.2245204,spinup3
1949-07-24,2.2855,spinup3
1949-07-25,2.3974,spinup3
1949-07-26,5.6936007,spinup3
1949-07-27,2.6898,spinup3
1949-07-28,4.5584006,spinup3
1949-07-29,6.014798,spinup3
1949-07-30,4.6544,spinup3
1949-07-31,3.3624,spinup3
1949-08-01,0.88424563,spinup3
1949-08-02,3.4122002,spinup3
1949-08-03,4.7236004,spinup3
1949-08-04,3.6429,spinup3
1949-08-05,3.237,spinup3
1949-08-06,4.0906997,spinup3
1949-08-07,3.119,spinup3
1949-08-08,3.9921997,spinup3
1949-08-09,4.8964,spinup3
1949-08-10,5.915201,spinup3
1949-08-11,5.940599,spinup3
1949-08-12,5.0693,spinup3
1949-08-13,3.5830998,spinup3
1949-08-14,4.6015,spinup3
1949-08-15,4.0124,spinup3
1949-08-16,2.22,spinup3
1949-08-17,2.5146,spinup3
1949-08-18,3.3994002,spinup3
1949-08-19,4.3806,spinup3
1949-08-20,5.887701,spinup3
1949-08-21,2.7717,spinup3
1949-08-22,3.262,spinup3
1949-08-23,3.038,spinup3
1949-08-24,3.7721,spinup3
1949-08-25,4.5166,spinup3
1949-08-26,3.9458,spinup3
1949-08-27,5.762701,spinup3
1949-08-28,5.913199,spinup3
1949-08-29,5.2827005,spinup3
1949-08-30,4.6071997,spinup3
1949-08-31,3.7029,spinup3
1949-09-01,4.6256,spinup3
1949-09-02,6.4075994,spinup3
1949-09-03,2.226581,spinup3
1949-09-04,0.62516326,spinup3
1949-09-05,2.4613,spinup3
1949-09-06,1.3058834,spinup3
1949-09-07,4.8667994,spinup3
1949-09-08,4.5735,spinup3
1949-09-09,3.7088997,spinup3
1949-09-10,5.3072,spinup3
1949-09-11,2.5116,spinup3
1949-09-12,4.7218995,spinup3
1949-09-13,1.0047212,spinup3
1949-09-14,2.4249,spinup3
1949-09-15,2.7498,spinup3
1949-09-16,3.744,spinup3
1949-09-17,2.7067,spinup3
1949-09-18,2.4239,spinup3
1949-09-19,2.976,spinup3
1949-09-20,4.8473,spinup3
1949-09-21,1.9440858,spinup3
1949-09-22,0.89731985,spinup3
1949-09-23,5.3319,spinup3
1949-09-24,4.7244997,spinup3
1949-09-25,3.9276,spinup3
1949-09-26,4.7737007,spinup3
1949-09-27,1.8512946,spinup3
1949-09-28,3.5158,spinup3
1949-09-29,4.986701,spinup3
1949-09-30,4.6904,spinup3
1948-10-01,4.6003995,simulation
1948-10-02,4.3091993,simulation
1948-10-03,4.3286,simulation
1948-10-04,4.7777,simulation
1948-10-05,2.911,simulation
1948-10-06,3.5714,simulation
1948-10-07,1.068493,simulation
1948-10-08,4.6986,simulation
1948-10-09,4.2770004,simulation
1948-10-10,2.0534873,simulation
1948-10-11,0.5584379,simulation
1948-10-12,4.3483,simulation
1948-10-13,4.2969,simulation
1948-10-14,2.8019,simulation
1948-10-15,3.4152,simulation
1948-10-16,3.489,simulation
1948-10-17,1.0010495,simulation
1948-10-18,3.7,simulation
1948-10-19,3.483,simulation
1948-10-20,2.6360002,simulation
1948-10-21,3.2378,simulation
1948-10-22,2.5811,simulation
1948-10-23,3.1544,simulation
1948-10-24,1.1552918,simulation
1948-10-25,1.4111072,simulation
1948-10-26,1.420506,simulation
1948-10-27,2.7432,simulation
1948-10-28,3.4122,simulation
1948-10-29,3.4584,simulation
1948-10-30,1.954653,simulation
1948-10-31,0.9209843,simulation
1948-11-01,0.4535847,simulation
1948-11-02,3.1253,simulation
1948-11-03,0.64170915,simulation
1948-11-04,2.2202592,simulation
1948-11-05,0.7271997,simulation
1948-11-06,2.9212,simulation
1948-11-07,2.4237,simulation
1948-11-08,1.6193457,simulation
1948-11-09,0.53465325,simulation
1948-11-10,2.4984,simulation
1948-11-11,1.1280712,simulation
1948-11-12,0.95189434,simulation
1948-11-13,0.72496533,simulation
1948-11-14,0.62340486,simulation
1948-11-15,0.9893586,simulation
1948-11-16,0.3135,simulation
1948-11-17,1.1384492,simulation
1948-11-18,0.579652,simulation
1948-11-19,2.1522,simulation
1948-11-20,2.766,simulation
1948-11-21,0.74370605,simulation
1948-11-22,0.3615,simulation
1948-11-23,0.4088,simulation
1948-11-24,1.7789766,simulation
1948-11-25,2.2848,simulation
1948-11-26,0.2455,simulation
1948-11-27,0.2235,simulation
1948-11-28,0.5125,simulation
1948-11-29,1.3198348,simulation
1948-11-30,1.5177383,simulation
1948-12-01,1.8009347,simulation
1948-12-02,0.72709143,simulation
1948-12-03,1.899077,simulation
1948-12-04,0.74511606,simulation
1948-12-05,0.723492,simulation
1948-12-06,1.6608344,simulation
1948-12-07,0.17500001,simulation
1948-12-08,1.6224647,simulation
1948-12-09,2.0981,simulation
1948-12-10,1.6513953,simulation
1948-12-11,1.4560218,simulation
1948-12-12,0.60841393,simulation
1948-12-13,0.2817,simulation
1948-12-14,0.49309996,simulation
1948-12-15,0.8305679,simulation
1948-12-16,0.2797,simulation
1948-12-17,0.4038,simulation
1948-12-18,0.1272,simulation
1948-12-19,0.62675637,simulation
1948-12-20,1.4019228,simulation
1948-12-21,0.8608471,simulation
1948-12-22,0.7511785,simulation
1948-12-23,0.88559735,simulation
1948-12-24,0.65122604,simulation
1948-12-25,0.57661676,simulation
1948-12-26,0.5867299,simulation
1948-12-27,0.7176348,simulation
1948-12-28,0.73061085,simulation
1948-12-29,0.6356719,simulation
1948-12-30,0.97140986,simulation
1948-12-31,1.0791694,simulation
1949-01-01,0.88016874,simulation
1949-01-02,0.75597256,simulation
1949-01-03,0.6247695,simulation
1949-01-04,0.531,simulation
1949-01-05,0.46380004,simulation
1949-01-06,1.0964271,simulation
1949-01-07,0.78247386,simulation
1949-01-08,1.1198193,simulation
1949-01-09,1.8599735,simulation
1949-01-10,2.1753,simulation
1949-01-11,1.3029561,simulation
1949-01-12,0.6555328,simulation
1949-01-13,0.4653,simulation
1949-01-14,0.6520263,simulation
1949-01-15,1.8666397,simulation
1949-01-16,1.2494231,simulation
1949-01-17,0.1655,simulation
1949-01-18,0.7018198,simulation
1949-01-19,0.6337663,simulation
1949-01-20,0.7543951,simulation
1949-01-21,0.1723,simulation
1949-01-22,0.1258,simulation
1949-01-23,0.8549082,simulation
1949-01-24,0.9868055,simulation
1949-01-25,0.5273,simulation
1949-01-26,0.37910002,simulation
1949-01-27,0.8041035,simulation
1949-01-28,1.2584084,simulation
1949-01-29,0.77343714,simulation
1949-01-30,0.2445,simulation
1949-01-31,0.02479999,simulation
1949-02-01,0.1918,simulation
1949-02-02,1.5673772,simulation
1949-02-03,0.3713,simulation
1949-02-04,0.1752,simulation
1949-02-05,0.2595,simulation
1949-02-06,0.2047,simulation
1949-02-07,0.71394646,simulation
1949-02-08,0.2822,simulation
1949-02-09,0.2885,simulation
1949-02-10,2.8487,simulation
1949-02-11,2.3084,simulation
1949-02-12,2.7994,simulation
1949-02-13,1.164879,simulation
1949-02-14,1.1454395,simulation
1949-02-15,0.88043135,simulation
1949-02-16,0.6653687,simulation
1949-02-17,1.3920524,simulation
1949-02-18,0.6522586,simulation
1949-02-19,0.71064085,simulation
1949-02-20,0.9324873,simulation
1949-02-21,0.5249,simulation
1949-02-22,0.7789009,simulation
1949-02-23,1.6830139,simulation
1949-02-24,0.66073066,simulation
1949-02-25,2.5436,simulation
1949-02-26,0.6520626,simulation
1949-02-27,0.60244447,simulation
1949-02-28,3.2254,simulation
1949-03-01,2.4757,simulation
1949-03-02,2.189,simulation
1949-03-03,2.7258,simulation
1949-03-04,3.1413002,simulation
1949-03-05,1.2904407,simulation
1949-03-06,0.79082346,simulation
1949-03-07,2.6832,simulation
1949-03-08,2.8117,simulation
1949-03-09,0.90079874,simulation
1949-03-10,3.0582,simulation
1949-03-11,2.9624,simulation
1949-03-12,1.8358899,simulation
1949-03-13,0.75356156,simulation
1949-03-14,0.3244,simulation
1949-03-15,2.8571,simulation
1949-03-16,2.369,simulation
1949-03-17,1.35907,simulation
1949-03-18,1.1206955,simulation
1949-03-19,2.1618,simulation
1949-03-20,3.8618,simulation
1949-03-21,1.7133842,simulation
1949-03-22,3.4435997,simulation
1949-03-23,1.94796,simulation
1949-03-24,1.2030897,simulation
1949-03-25,1.9130988,simulation
1949-03-26,1.674621,simulation
1949-03-27,0.5286,simulation
1949-03-28,1.1496084,simulation
1949-03-29,0.6876604,simulation
1949-03-30,0.8784041,simulation
1949-03-31,3.5502996,simulation
1949-04-01,3.9553,simulation
1949-04-02,0.8821765,simulation
1949-04-03,1.2475445,simulation
1949-04-04,1.0940951,simulation
1949-04-05,1.8035941,simulation
1949-04-06,5.686899,simulation
1949-04-07,5.5467987,simulation
1949-04-08,2.402,simulation
1949-04-09,1.311532,simulation
1949-04-10,0.58862853,simulation
1949-04-11,2.0074291,simulation
1949-04-12,0.81887054,simulation
1949-04-13,4.1990004,simulation
1949-04-14,5.0634003,simulation
1949-04-15,3.8558,simulation
1949-04-16,5.128199,simulation
1949-04-17,5.3471994,simulation
1949-04-18,5.9812,simulation
1949-04-19,3.6978,simulation
1949-04-20,0.87772584,simulation
1949-04-21,0.58597803,simulation
1949-04-22,0.3719,simulation
1949-04-23,1.3261791,simulation
1949-04-24,3.4343,simulation
1949-04-25,5.5493016,simulation
1949-04-26,1.8309468,simulation
1949-04-27,0.81266785,simulation
1949-04-28,1.5176893,simulation
1949-04-29,1.713397,simulation
1949-04-30,1.636951,simulation
1949-05-01,1.2306806,simulation
1949-05-02,1.6045314,simulation
1949-05-03,5.634001,simulation
1949-05-04,5.6924005,simulation
1949-05-05,5.8792,simulation
1949-05-06,6.7159996,simulation
1949-05-07,5.7257004,simulation
1949-05-08,6.2084994,simulation
1949-05-09,3.3384,simulation
1949-05-10,3.6174,simulation
1949-05-11,6.004601,simulation
1949-05-12,4.9293995,simulation
1949-05-13,6.230001,simulation
1949-05-14,5.8792,simulation
1949-05-15,6.241199,simulation
1949-05-16,6.5135,simulation
1949-05-17,5.779999,simulation
1949-05-18,5.6401987,simulation
1949-05-19,6.419901,simulation
1949-05-20,3.5544002,simulation
1949-05-21,3.2687,simulation
1949-05-22,4.4811,simulation
1949-05-23,3.0775,simulation
1949-05-24,3.9847002,simulation
1949-05-25,6.276201,simulation
1949-05-26,1.8460782,simulation
1949-05-27,4.3026,simulation
1949-05-28,0.70485646,simulation
1949-05-29,0.85653967,simulation
1949-05-30,2.5555,simulation
1949-05-31,1.6372304,simulation
1949-06-01,3.7785,simulation
1949-06-02,6.9228015,simulation
1949-06-03,7.347498,simulation
1949-06-04,6.6699977,simulation
1949-06-05,7.1465015,simulation
1949-06-06,7.3549004,simulation
1949-06-07,6.4311004,simulation
1949-06-08,3.8261998,simulation
1949-06-09,4.3409004,simulation
1949-06-10,1.6651956,simulation
1949-06-11,1.3129197,simulation
1949-06-12,1.6638331,simulation
1949-06-13,2.593,simulation
1949-06-14,1.7299092,simulation
1949-06-15,2.0706193,simulation
1949-06-16,7.492498,simulation
1949-06-17,7.114503,simulation
1949-06-18,4.4339995,simulation
1949-06-19,2.358,simulation
1949-06-20,5.0752997,simulation
1949-06-21,2.4952,simulation
1949-06-22,3.6946998,simulation
1949-06-23,3.2854998,simulation
1949-06-24,2.217,simulation
1949-06-25,4.5046,simulation
1949-06-26,5.2789,simulation
1949-06-27,5.0351,simulation
1949-06-28,5.3441997,simulation
1949-06-29,5.2986994,simulation
1949-06-30,3.5983,simulation
1949-07-01,4.6953,simulation
1949-07-02,4.7639,simulation
1949-07-03,1.1779163,simulation
1949-07-04,4.3096995,simulation
1949-07-05,5.5105996,simulation
1949-07-06,5.7701993,simulation
1949-07-07,5.5178013,simulation
1949-07-08,4.9132996,simulation
1949-07-09,6.0429006,simulation
1949-07-10,3.1874,simulation
1949-07-11,2.7316003,simulation
1949-07-12,2.8788,simulation
1949-07-13,2.5355,simulation
1949-07-14,2.6015,simulation
1949-07-15,0.6105592,simulation
1949-07-16,0.6298654,simulation
1949-07-17,0.8057292,simulation
1949-07-18,3.5123,simulation
1949-07-19,4.4616,simulation
1949-07-20,5.4515004,simulation
1949-07-21,3.269,simulation
1949-07-22,3.4842,simulation
1949-07-23,1.2245204,simulation
1949-07-24,2.2855,simulation
1949-07-25,2.3974,simulation
1949-07-26,5.6936007,simulation
1949-07-27,2.6898,simulation
1949-07-28,4.5584006,simulation
1949-07-29,6.014798,simulation
1949-07-30,4.6544,simulation
1949-07-31,3.3624,simulation
1949-08-01,0.88424563,simulation
1949-08-02,3.4122002,simulation
1949-08-03,4.7236004,simulation
1949-08-04,3.6429,simulation
1949-08-05,3.237,simulation
1949-08-06,4.0906997,simulation
1949-08-07,3.119,simulation
1949-08-08,3.9921997,simulation
1949-08-09,4.8964,simulation
1949-08-10,5.915201,simulation
1949-08-11,5.940599,simulation
1949-08-12,5.0693,simulation
1949-08-13,3.5830998,simulation
1949-08-14,4.6015,simulation
1949-08-15,4.0124,simulation
1949-08-16,2.22,simulation
1949-08-17,2.5146,simulation
1949-08-18,3.3994002,simulation
1949-08-19,4.3806,simulation
1949-08-20,5.887701,simulation
1949-08-21,2.7717,simulation
1949-08-22,3.262,simulation
1949-08-23,3.038,simulation
1949-08-24,3.7721,simulation
1949-08-25,4.5166,simulation
1949-08-26,3.9458,simulation
1949-08-27,5.762701,simulation
1949-08-28,5.913199,simulation
1949-08-29,5.2827005,simulation
1949-08-30,4.6071997,simulation
1949-08-31,3.7029,simulation
1949-09-01,4.6256,simulation
1949-09-02,6.4075994,simulation
1949-09-03,2.226581,simulation
1949-09-04,0.62516326,simulation
1949-09-05,2.4613,simulation
1949-09-06,1.3058834,simulation
1949-09-07,4.8667994,simulation
1949-09-08,4.5735,simulation
1949-09-09,3.7088997,simulation
1949-09-10,5.3072,simulation
1949-09-11,2.5116,simulation
1949-09-12,4.7218995,simulation
1949-09-13,1.0047212,simulation
1949-09-14,2.4249,simulation
1949-09-15,2.7498,simulation
1949-09-16,3.744,simulation
1949-09-17,2.7067,simulation
1949-09-18,2.4239,simulation
1949-09-19,2.976,simulation
1949-09-20,4.8473,simulation
1949-09-21,1.9440858,simulation
1949-09-22,0.89731985,simulation
1949-09-23,5.3319,simulation
1949-09-24,4.7244997,simulation
1949-09-25,3.9276,simulation
1949-09-26,4.7737007,simulation
1949-09-27,1.8512946,simulation
1949-09-28,3.5158,simulation
1949-09-29,4.986701,simulation
1949-09-30,4.6904,simulation
1949-10-01,1.2969768,simulation
1949-10-02,0.5925983,simulation
1949-10-03,0.6430767,simulation
1949-10-04,0.6564613,simulation
1949-10-05,2.1217618,simulation
1949-10-06,3.681,simulation
1949-10-07,2.2945,simulation
1949-10-08,0.55250835,simulation
1949-10-09,1.4786491,simulation
1949-10-10,3.5168002,simulation
1949-10-11,3.6178997,simulation
1949-10-12,2.1337245,simulation
1949-10-13,0.8420782,simulation
1949-10-14,1.7466457,simulation
1949-10-15,0.48930648,simulation
1949-10-16,0.9749606,simulation
1949-10-17,3.7171,simulation
1949-10-18,0.9302562,simulation
1949-10-19,3.6153,simulation
1949-10-20,2.685,simulation
1949-10-21,1.4842333,simulation
1949-10-22,1.7476114,simulation
1949-10-23,3.0958002,simulation
1949-10-24,2.3368,simulation
1949-10-25,0.5301648,simulation
1949-10-26,2.506,simulation
1949-10-27,3.0744,simulation
1949-10-28,0.474,simulation
1949-10-29,0.67014474,simulation
1949-10-30,0.6050652,simulation
1949-10-31,0.4828,simulation
1949-11-01,2.7,simulation
1949-11-02,3.023,simulation
1949-11-03,2.8881,simulation
1949-11-04,2.5684,simulation
1949-11-05,2.9356003,simulation
1949-11-06,2.4996,simulation
1949-11-07,2.502,simulation
1949-11-08,2.149362,simulation
1949-11-09,2.7204,simulation
1949-11-10,1.818339,simulation
1949-11-11,2.5588,simulation
1949-11-12,0.60612303,simulation
1949-11-13,1.9151304,simulation
1949-11-14,2.4412,simulation
1949-11-15,2.6813,simulation
1949-11-16,2.8687,simulation
1949-11-17,2.5914,simulation
1949-11-18,2.0263371,simulation
1949-11-19,2.5112,simulation
1949-11-20,2.6372,simulation
1949-11-21,3.2901003,simulation
1949-11-22,1.2218202,simulation
1949-11-23,0.59194815,simulation
1949-11-24,0.83286977,simulation
1949-11-25,3.1547,simulation
1949-11-26,2.5626,simulation
1949-11-27,1.0392792,simulation
1949-11-28,1.0556476,simulation
1949-11-29,1.1960443,simulation
1949-11-30,3.1942,simulation
1949-12-01,2.0033588,simulation
1949-12-02,0.7706638,simulation
1949-12-03,1.6241724,simulation
1949-12-04,0.55027586,simulation
1949-12-05,1.3429039,simulation
1949-12-06,0.76161253,simulation
1949-12-07,0.55854833,simulation
1949-12-08,1.2175705,simulation
1949-12-09,0.73315036,simulation
1949-12-10,0.305,simulation
1949-12-11,0.7179616,simulation
1949-12-12,0.76686424,simulation
1949-12-13,0.36610004,simulation
1949-12-14,0.2591,simulation
1949-12-15,0.72651845,simulation
1949-12-16,1.1303054,simulation
1949-12-17,0.55670464,simulation
1949-12-18,0.4957,simulation
1949-12-19,0.74148387,simulation
1949-12-20,1.0171201,simulation
1949-12-21,0.99602884,simulation
1949-12-22,0.4299,simulation
1949-12-23,1.2890143,simulation
1949-12-24,1.2796342,simulation
1949-12-25,0.85144216,simulation
1949-12-26,0.3085,simulation
1949-12-27,0.2895,simulation
1949-12-28,1.9590766,simulation
1949-12-29,1.4524143,simulation
1949-12-30,1.3588558,simulation
1949-12-31,1.1000135,simulation
1950-01-01,0.60500157,simulation
1950-01-02,0.7206966,simulation
1950-01-03,1.1587741,simulation
1950-01-04,0.59063864,simulation
1950-01-05,0.55599165,simulation
1950-01-06,0.283,simulation
1950-01-07,1.5789,simulation
1950-01-08,0.995512,simulation
1950-01-09,0.88821554,simulation
1950-01-10,0.5381,simulation
1950-01-11,0.13139999,simulation
1950-01-12,0.7163558,simulation
1950-01-13,1.1892935,simulation
1950-01-14,0.40980002,simulation
1950-01-15,0.71054524,simulation
1950-01-16,0.2743,simulation
1950-01-17,0.3203,simulation
1950-01-18,0.8706861,simulation
1950-01-19,0.61904997,simulation
1950-01-20,0.2647,simulation
1950-01-21,0.2679,simulation
1950-01-22,0.91134197,simulation
1950-01-23,1.2189517,simulation
1950-01-24,1.7620472,simulation
1950-01-25,1.5296601,simulation
1950-01-26,1.5337555,simulation
1950-01-27,0.1257,simulation
1950-01-28,0.4684,simulation
1950-01-29,0.89984566,simulation
1950-01-30,1.7797698,simulation
1950-01-31,1.5008618,simulation
1950-02-01,1.6040609,simulation
1950-02-02,0.5698583,simulation
1950-02-03,1.1291888,simulation
1950-02-04,0.99461335,simulation
1950-02-05,2.4198,simulation
1950-02-06,1.4613147,simulation
1950-02-07,0.85267633,simulation
1950-02-08,0.970643,simulation
1950-02-09,0.4599,simulation
1950-02-10,0.237,simulation
1950-02-11,0.5584,simulation
1950-02-12,1.2305323,simulation
1950-02-13,0.5279,simulation
1950-02-14,0.6227,simulation
1950-02-15,2.5852,simulation
1950-02-16,2.6285,simulation
1950-02-17,2.4441,simulation
1950-02-18,2.6992,simulation
1950-02-19,2.5894,simulation
1950-02-20,2.756,simulation
1950-02-21,1.9597008,simulation
1950-02-22,0.65072834,simulation
1950-02-23,2.6222,simulation
1950-02-24,2.8127,simulation
1950-02-25,2.4592,simulation
1950-02-26,3.141,simulation
1950-02-27,2.7639,simulation
1950-02-28,1.409384,simulation
1950-03-01,2.9731002,simulation
1950-03-02,2.5925,simulation
1950-03-03,0.58024657,simulation
1950-03-04,0.1907,simulation
1950-03-05,0.2622,simulation
1950-03-06,0.189,simulation
1950-03-07,2.2989,simulation
1950-03-08,4.4302,simulation
1950-03-09,2.6651,simulation
1950-03-10,3.3029003,simulation
1950-03-11,2.7828,simulation
1950-03-12,1.403868,simulation
1950-03-13,0.6186907,simulation
1950-03-14,3.3072,simulation
1950-03-15,0.4765,simulation
1950-03-16,1.4440867,simulation
1950-03-17,3.1951,simulation
1950-03-18,4.2216005,simulation
1950-03-19,1.1192602,simulation
1950-03-20,2.9637003,simulation
1950-03-21,0.87766683,simulation
1950-03-22,5.1926994,simulation
1950-03-23,4.5931,simulation
1950-03-24,2.7947,simulation
1950-03-25,2.3893,simulation
1950-03-26,2.1556091,simulation
1950-03-27,2.3451,simulation
1950-03-28,3.9724,simulation
1950-03-29,5.6274014,simulation
1950-03-30,4.1803994,simulation
1950-03-31,1.8175277,simulation
1950-04-01,0.4163,simulation
1950-04-02,2.595,simulation
1950-04-03,2.094689,simulation
1950-04-04,0.90698254,simulation
1950-04-05,5.1597004,simulation
1950-04-06,4.388,simulation
1950-04-07,3.6945,simulation
1950-04-08,4.8467994,simulation
1950-04-09,4.3283,simulation
1950-04-10,3.2917001,simulation
1950-04-11,3.8204,simulation
1950-04-12,2.6034,simulation
1950-04-13,1.9018723,simulation
1950-04-14,5.092,simulation
1950-04-15,4.8483,simulation
1950-04-16,4.0251,simulation
1950-04-17,0.76674634,simulation
1950-04-18,2.1270087,simulation
1950-04-19,3.0629,simulation
1950-04-20,6.051001,simulation
1950-04-21,5.4192,simulation
1950-04-22,4.207,simulation
1950-04-23,4.3545,simulation
1950-04-24,2.4761,simulation
1950-04-25,1.7541697,simulation
1950-04-26,5.2906,simulation
1950-04-27,2.4089,simulation
1950-04-28,2.348687,simulation
1950-04-29,0.7726123,simulation
1950-04-30,1.0114559,simulation
1950-05-01,0.52905136,simulation
1950-05-02,0.74316436,simulation
1950-05-03,2.0493,simulation
1950-05-04,2.2175,simulation
1950-05-05,3.5932999,simulation
1950-05-06,3.0543,simulation
1950-05-07,2.884,simulation
1950-05-08,3.6038,simulation
1950-05-09,3.0870001,simulation
1950-05-10,4.0034003,simulation
1950-05-11,2.095158,simulation
1950-05-12,1.4275541,simulation
1950-05-13,0.55881685,simulation
1950-05-14,3.4236002,simulation
1950-05-15,3.131,simulation
1950-05-16,5.7791996,simulation
1950-05-17,5.819301,simulation
1950-05-18,4.1023993,simulation
1950-05-19,5.147001,simulation
1950-05-20,3.2971003,simulation
1950-05-21,1.3345562,simulation
1950-05-22,3.8004,simulation
1950-05-23,4.3066,simulation
1950-05-24,5.5240006,simulation
1950-05-25,5.5427995,simulation
1950-05-26,5.3169003,simulation
1950-05-27,3.0614,simulation
1950-05-28,2.3337,simulation
1950-05-29,6.1225996,simulation
1950-05-30,2.7303,simulation
1950-05-31,5.5199003,simulation
1950-06-01,1.4664028,simulation
1950-06-02,0.7832294,simulation
1950-06-03,1.0483315,simulation
1950-06-04,1.9314846,simulation
1950-06-05,5.1197,simulation
1950-06-06,0.97380877,simulation
1950-06-07,1.8300544,simulation
1950-06-08,3.8734,simulation
1950-06-09,3.5537002,simulation
1950-06-10,2.7562,simulation
1950-06-11,3.8301,simulation
1950-06-12,7.3387012,simulation
1950-06-13,7.4780006,simulation
1950-06-14,6.616098,simulation
1950-06-15,6.6894984,simulation
1950-06-16,7.152002,simulation
1950-06-17,6.612501,simulation
1950-06-18,6.4525003,simulation
1950-06-19,4.1658,simulation
1950-06-20,0.9790289,simulation
1950-06-21,2.4409,simulation
1950-06-22,3.579,simulation
1950-06-23,5.1891994,simulation
1950-06-24,7.950498,simulation
1950-06-25,7.0187993,simulation
1950-06-26,6.3352995,simulation
1950-06-27,6.458801,simulation
1950-06-28,7.525101,simulation
1950-06-29,6.0614996,simulation
1950-06-30,5.296701,simulation
1950-07-01,7.7966986,simulation
1950-07-02,3.9604,simulation
1950-07-03,5.3491006,simulation
1950-07-04,4.4985,simulation
1950-07-05,3.9256,simulation
1950-07-06,1.6377252,simulation
1950-07-07,3.5541,simulation
1950-07-08,5.5867996,simulation
1950-07-09,6.7390003,simulation
1950-07-10,4.0597,simulation
1950-07-11,3.3798,simulation
1950-07-12,0.8638674,simulation
1950-07-13,4.22,simulation
1950-07-14,1.1445329,simulation
1950-07-15,1.4532881,simulation
1950-07-16,3.6441,simulation
1950-07-17,4.1245003,simulation
1950-07-18,5.2253,simulation
1950-07-19,6.2383995,simulation
1950-07-20,7.2751994,simulation
1950-07-21,5.3497005,simulation
1950-07-22,5.4830985,simulation
1950-07-23,5.1484,simulation
1950-07-24,4.4064994,simulation
1950-07-25,2.265,simulation
1950-07-26,1.0306649,simulation
1950-07-27,2.2286,simulation
1950-07-28,1.0605333,simulation
1950-07-29,1.154894,simulation
1950-07-30,2.0069618,simulation
1950-07-31,3.7423,simulation
1950-08-01,6.8240986,simulation
1950-08-02,7.1014004,simulation
1950-08-03,4.5695,simulation
1950-08-04,6.3008018,simulation
1950-08-05,2.7714,simulation
1950-08-06,5.9054,simulation
1950-08-07,7.1462984,simulation
1950-08-08,5.1814995,simulation
1950-08-09,3.9079,simulation
1950-08-10,4.1865,simulation
1950-08-11,4.3184,simulation
1950-08-12,5.6968,simulation
1950-08-13,5.550001,simulation
1950-08-14,4.9609003,simulation
1950-08-15,5.7042994,simulation
1950-08-16,2.6908002,simulation
1950-08-17,4.5582,simulation
1950-08-18,5.309,simulation
1950-08-19,1.4669653,simulation
1950-08-20,2.4816,simulation
1950-08-21,6.366401,simulation
1950-08-22,5.5103993,simulation
1950-08-23,6.1862006,simulation
1950-08-24,5.897399,simulation
1950-08-25,3.5173998,simulation
1950-08-26,3.3731003,simulation
1950-08-27,5.627501,simulation
1950-08-28,4.3306,simulation
1950-08-29,2.6003,simulation
1950-08-30,0.83114314,simulation
1950-08-31,2.5409,simulation
1950-09-01,3.2511997,simulation
1950-09-02,0.83879924,simulation
1950-09-03,5.2969,simulation
1950-09-04,4.8584003,simulation
1950-09-05,4.2445,simulation
1950-09-06,6.2503014,simulation
1950-09-07,1.0507429,simulation
1950-09-08,1.350227,simulation
1950-09-09,1.4837583,simulation
1950-09-10,4.0243006,simulation
1950-09-11,3.6486,simulation
1950-09-12,5.4579,simulation
1950-09-13,1.2675376,simulation
1950-09-14,1.0505524,simulation
1950-09-15,2.3483,simulation
1950-09-16,1.7491689,simulation
1950-09-17,1.6699957,simulation
1950-09-18,4.872601,simulation
1950-09-19,2.7877,simulation
1950-09-20,4.7457995,simulation
1950-09-21,2.089336,simulation
1950-09-22,2.7243,simulation
1950-09-23,2.2096508,simulation
1950-09-24,4.3063,simulation
1950-09-25,2.5952,simulation
1950-09-26,1.0484395,simulation
1950-09-27,0.66240114,simulation
1950-09-28,0.99663126,simulation
1950-09-29,0.80654806,simulation
1950-09-30,0.7721021,simulation
1950-10-01,1.0813988,simulation
1950-10-02,3.4513998,simulation
1950-10-03,4.6334,simulation
1950-10-04,1.3056675,simulation
1950-10-05,4.5760994,simulation
1950-10-06,4.5211,simulation
1950-10-07,3.7996,simulation
1950-10-08,0.8950999,simulation
1950-10-09,4.1375,simulation
1950-10-10,3.9668,simulation
1950-10-11,4.3203,simulation
1950-10-12,4.8226004,simulation
1950-10-13,4.4247003,simulation
1950-10-14,4.4778996,simulation
1950-10-15,4.5002,simulation
1950-10-16,4.7774997,simulation
1950-10-17,3.1433,simulation
1950-10-18,0.68659055,simulation
1950-10-19,1.3466446,simulation
1950-10-20,0.8102095,simulation
1950-10-21,0.4353228,simulation
1950-10-22,1.5951382,simulation
1950-10-23,2.5921998,simulation
1950-10-24,2.9842,simulation
1950-10-25,2.979,simulation
1950-10-26,3.6872,simulation
1950-10-27,3.8085,simulation
1950-10-28,0.94798803,simulation
1950-10-29,3.0781,simulation
1950-10-30,2.8805,simulation
1950-10-31,3.0368001,simulation
1950-11-01,3.1544,simulation
1950-11-02,2.5588999,simulation
1950-11-03,0.3553,simulation
1950-11-04,0.5743029,simulation
1950-11-05,2.177125,simulation
1950-11-06,2.8856,simulation
1950-11-07,2.9526002,simulation
1950-11-08,2.7042,simulation
1950-11-09,1.2190807,simulation
1950-11-10,0.7799928,simulation
1950-11-11,1.2537684,simulation
1950-11-12,1.7865063,simulation
1950-11-13,1.8775853,simulation
1950-11-14,1.9181569,simulation
1950-11-15,1.4664282,simulation
1950-11-16,0.43118733,simulation
1950-11-17,1.5060581,simulation
1950-11-18,1.246047,simulation
1950-11-19,1.4283813,simulation
1950-11-20,0.8070952,simulation
1950-11-21,1.9814312,simulation
1950-11-22,1.387084,simulation
1950-11-23,1.9513962,simulation
1950-11-24,0.83449525,simulation
1950-11-25,1.1215867,simulation
1950-11-26,1.5443677,simulation
1950-11-27,2.1234198,simulation
1950-11-28,1.4350797,simulation
1950-11-29,1.1304986,simulation
1950-11-30,1.1656282,simulation
1950-12-01,1.7537916,simulation
1950-12-02,0.6950459,simulation
1950-12-03,0.44760656,simulation
1950-12-04,0.6079794,simulation
1950-12-05,0.68586177,simulation
1950-12-06,0.1394,simulation
1950-12-07,0.81904685,simulation
1950-12-08,0.5551155,simulation
1950-12-09,1.1259139,simulation
1950-12-10,2.7539,simulation
1950-12-11,0.57447886,simulation
1950-12-12,1.0801319,simulation
1950-12-13,0.6233442,simulation
1950-12-14,0.13090001,simulation
1950-12-15,0.086,simulation
1950-12-16,0.3904,simulation
1950-12-17,1.6003233,simulation
1950-12-18,1.0464847,simulation
1950-12-19,0.93423176,simulation
1950-12-20,0.6821744,simulation
1950-12-21,0.5063,simulation
1950-12-22,0.87992126,simulation
1950-12-23,1.1094451,simulation
1950-12-24,0.9904018,simulation
1950-12-25,1.3826442,simulation
1950-12-26,0.5153106,simulation
1950-12-27,0.5868801,simulation
1950-12-28,0.022500006,simulation
1950-12-29,0.030800007,simulation
1950-12-30,0.2162,simulation
1950-12-31,1.0157682,simulation
1951-01-01,0.57752585,simulation
1951-01-02,0.6673843,simulation
1951-01-03,0.2554,simulation
1951-01-04,1.2479814,simulation
1951-01-05,1.4946246,simulation
1951-01-06,0.6241357,simulation
1951-01-07,0.94412434,simulation
1951-01-08,1.1152132,simulation
1951-01-09,1.2217573,simulation
1951-01-10,0.62131107,simulation
1951-01-11,1.1478465,simulation
1951-01-12,0.742572,simulation
1951-01-13,0.73657286,simulation
1951-01-14,0.58251137,simulation
1951-01-15,2.5499,simulation
1951-01-16,1.7673304,simulation
1951-01-17,1.100876,simulation
1951-01-18,0.9630469,simulation
1951-01-19,1.3205185,simulation
1951-01-20,1.180261,simulation
1951-01-21,2.2305,simulation
1951-01-22,1.1173296,simulation
1951-01-23,0.6290508,simulation
1951-01-24,2.1228,simulation
1951-01-25,1.2772826,simulation
1951-01-26,1.7312616,simulation
1951-01-27,1.6555713,simulation
1951-01-28,1.4448216,simulation
1951-01-29,0.0787,simulation
1951-01-30,0.028500007,simulation
1951-01-31,0.0093000075,simulation
1951-02-01,0.3362,simulation
1951-02-02,0.7597904,simulation
1951-02-03,0.83745503,simulation
1951-02-04,0.84328103,simulation
1951-02-05,0.7502525,simulation
1951-02-06,0.6488232,simulation
1951-02-07,1.9962,simulation
1951-02-08,2.1316,simulation
1951-02-09,0.4466,simulation
1951-02-10,0.2581,simulation
1951-02-11,1.6546956,simulation
1951-02-12,1.3497132,simulation
1951-02-13,0.9637045,simulation
1951-02-14,1.9009662,simulation
1951-02-15,0.576,simulation
1951-02-16,1.4653571,simulation
1951-02-17,1.2508733,simulation
1951-02-18,1.3205441,simulation
1951-02-19,1.4038101,simulation
1951-02-20,0.8708854,simulation
1951-02-21,3.5726,simulation
1951-02-22,2.3365,simulation
1951-02-23,1.7025121,simulation
1951-02-24,2.2231,simulation
1951-02-25,2.3126,simulation
1951-02-26,1.7173079,simulation
1951-02-27,1.6676449,simulation
1951-02-28,1.6098489,simulation
1951-03-01,1.060379,simulation
1951-03-02,2.3414,simulation
1951-03-03,1.9893265,simulation
1951-03-04,0.78330284,simulation
1951-03-05,0.7470788,simulation
1951-03-06,2.2201,simulation
1951-03-07,2.041217,simulation
1951-03-08,2.3038,simulation
1951-03-09,2.5958,simulation
1951-03-10,2.2907,simulation
1951-03-11,0.9073144,simulation
1951-03-12,0.54411656,simulation
1951-03-13,0.85634625,simulation
1951-03-14,2.6648,simulation
1951-03-15,3.1224,simulation
1951-03-16,3.2087,simulation
1951-03-17,1.8451614,simulation
1951-03-18,0.4639,simulation
1951-03-19,0.6448901,simulation
1951-03-20,0.6261296,simulation
1951-03-21,3.6439,simulation
1951-03-22,4.1725,simulation
1951-03-23,2.5836,simulation
1951-03-24,3.1071,simulation
1951-03-25,2.1884,simulation
1951-03-26,1.8758446,simulation
1951-03-27,0.9486162,simulation
1951-03-28,0.4164,simulation
1951-03-29,2.3203,simulation
1951-03-30,4.5190005,simulation
1951-03-31,4.9323997,simulation
1951-04-01,3.1432,simulation
1951-04-02,2.0296,simulation
1951-04-03,3.2939,simulation
1951-04-04,4.668599,simulation
1951-04-05,1.7152164,simulation
1951-04-06,0.5809283,simulation
1951-04-07,1.6036745,simulation
1951-04-08,4.7042,simulation
1951-04-09,2.2741,simulation
1951-04-10,4.5983,simulation
1951-04-11,0.9762157,simulation
1951-04-12,4.7431006,simulation
1951-04-13,5.478099,simulation
1951-04-14,6.1425004,simulation
1951-04-15,5.1260996,simulation
1951-04-16,4.4353,simulation
1951-04-17,4.8018003,simulation
1951-04-18,2.5284,simulation
1951-04-19,3.7102,simulation
1951-04-20,4.2178006,simulation
1951-04-21,0.9821707,simulation
1951-04-22,2.8561,simulation
1951-04-23,5.756,simulation
1951-04-24,6.150399,simulation
1951-04-25,2.9247,simulation
1951-04-26,2.7746,simulation
1951-04-27,3.7953997,simulation
1951-04-28,4.2517996,simulation
1951-04-29,2.5691,simulation
1951-04-30,4.4221005,simulation
1951-05-01,5.5727987,simulation
1951-05-02,3.1127,simulation
1951-05-03,3.7924,simulation
1951-05-04,6.0952,simulation
1951-05-05,6.2912993,simulation
1951-05-06,1.5195365,simulation
1951-05-07,4.1404004,simulation
1951-05-08,2.6921,simulation
1951-05-09,2.9026,simulation
1951-05-10,1.2367007,simulation
1951-05-11,3.3978,simulation
1951-05-12,4.1315,simulation
1951-05-13,6.0980997,simulation
1951-05-14,7.015698,simulation
1951-05-15,6.9311013,simulation
1951-05-16,6.1889997,simulation
1951-05-17,6.768999,simulation
1951-05-18,6.1181006,simulation
1951-05-19,6.560299,simulation
1951-05-20,4.7345996,simulation
1951-05-21,5.9049,simulation
1951-05-22,4.058,simulation
1951-05-23,4.1871,simulation
1951-05-24,4.718701,simulation
1951-05-25,3.6032,simulation
1951-05-26,5.1577,simulation
1951-05-27,8.139598,simulation
1951-05-28,6.154399,simulation
1951-05-29,6.3199005,simulation
1951-05-30,6.1203,simulation
1951-05-31,7.0572023,simulation
1951-06-01,5.9253006,simulation
1951-06-02,3.1795,simulation
1951-06-03,7.934499,simulation
1951-06-04,3.1184998,simulation
1951-06-05,3.96,simulation
1951-06-06,5.946,simulation
1951-06-07,5.4016,simulation
1951-06-08,5.8030996,simulation
1951-06-09,5.4823995,simulation
1951-06-10,4.0732,simulation
1951-06-11,4.932999,simulation
1951-06-12,3.0927,simulation
1951-06-13,3.7346,simulation
1951-06-14,2.4055703,simulation
1951-06-15,1.2259587,simulation
1951-06-16,1.3536136,simulation
1951-06-17,2.60034,simulation
1951-06-18,4.4782,simulation
1951-06-19,3.9106,simulation
1951-06-20,3.1077998,simulation
1951-06-21,4.7737,simulation
1951-06-22,6.8710985,simulation
1951-06-23,6.569299,simulation
1951-06-24,6.3987,simulation
1951-06-25,5.8150997,simulation
1951-06-26,6.6163,simulation
1951-06-27,6.6535006,simulation
1951-06-28,4.8371,simulation
1951-06-29,3.3832,simulation
1951-06-30,2.7943718,simulation
1951-07-01,3.1498,simulation
1951-07-02,1.2122887,simulation
1951-07-03,4.102,simulation
1951-07-04,5.4605,simulation
1951-07-05,5.873299,simulation
1951-07-06,6.7744985,simulation
1951-07-07,5.8966002,simulation
1951-07-08,6.425801,simulation
1951-07-09,5.2093005,simulation
1951-07-10,7.0303984,simulation
1951-07-11,7.1804004,simulation
1951-07-12,6.7133017,simulation
1951-07-13,3.357,simulation
1951-07-14,5.6999,simulation
1951-07-15,6.4906006,simulation
1951-07-16,5.8485,simulation
1951-07-17,7.7360997,simulation
1951-07-18,7.4553003,simulation
1951-07-19,5.5866003,simulation
1951-07-20,7.188898,simulation
1951-07-21,6.7983007,simulation
1951-07-22,4.2155,simulation
1951-07-23,4.1956,simulation
1951-07-24,4.1296,simulation
1951-07-25,4.3209,simulation
1951-07-26,5.1771,simulation
1951-07-27,2.410369,simulation
1951-07-28,1.2005198,simulation
1951-07-29,3.3191,simulation
1951-07-30,5.4079,simulation
1951-07-31,5.3263,simulation
1951-08-01,6.0683994,simulation
1951-08-02,5.946501,simulation
1951-08-03,5.3719006,simulation
1951-08-04,7.3628,simulation
1951-08-05,7.7588987,simulation
1951-08-06,6.805499,simulation
1951-08-07,6.0006995,simulation
1951-08-08,3.5626998,simulation
1951-08-09,6.3542,simulation
1951-08-10,6.4242,simulation
1951-08-11,6.9812994,simulation
1951-08-12,7.5389004,simulation
1951-08-13,7.476899,simulation
1951-08-14,7.562099,simulation
1951-08-15,6.3466,simulation
1951-08-16,6.757799,simulation
1951-08-17,5.9239,simulation
1951-08-18,4.5824,simulation
1951-08-19,6.0819993,simulation
1951-08-20,6.426299,simulation
1951-08-21,5.942801,simulation
1951-08-22,2.4191542,simulation
1951-08-23,7.3797007,simulation
1951-08-24,7.6266985,simulation
1951-08-25,6.341199,simulation
1951-08-26,6.444199,simulation
1951-08-27,7.0714993,simulation
1951-08-28,6.577,simulation
1951-08-29,6.5921006,simulation
1951-08-30,6.9302998,simulation
1951-08-31,6.7270994,simulation
1951-09-01,5.1992,simulation
1951-09-02,6.736701,simulation
1951-09-03,6.1114993,simulation
1951-09-04,5.6162,simulation
1951-09-05,6.0349,simulation
1951-09-06,5.1865,simulation
1951-09-07,6.3346,simulation
1951-09-08,6.0178,simulation
1951-09-09,6.4511003,simulation
1951-09-10,1.6238136,simulation
1951-09-11,2.811505,simulation
1951-09-12,1.5539811,simulation
1951-09-13,0.49212486,simulation
1951-09-14,0.3515282,simulation
1951-09-15,4.0061,simulation
1951-09-16,3.2063377,simulation
1951-09-17,3.8581998,simulation
1951-09-18,5.9587007,simulation
1951-09-19,5.6519,simulation
1951-09-20,0.82749695,simulation
1951-09-21,0.40243533,simulation
1951-09-22,0.5290752,simulation
1951-09-23,0.6623872,simulation
1951-09-24,2.381618,simulation
1951-09-25,0.53832567,simulation
1951-09-26,0.5498716,simulation
1951-09-27,1.7939247,simulation
1951-09-28,4.8834,simulation
1951-09-29,5.4491,simulation
1951-09-30,3.6101,simulation
1951-10-01,4.1034,simulation
1951-10-02,5.0798,simulation
1951-10-03,4.812,simulation
1951-10-04,4.4138,simulation
1951-10-05,4.6397,simulation
1951-10-06,4.9304,simulation
1951-10-07,1.4939309,simulation
1951-10-08,3.601,simulation
1951-10-09,3.9718,simulation
1951-10-10,4.1729,simulation
1951-10-11,3.8924003,simulation
1951-10-12,3.9628003,simulation
1951-10-13,4.1532,simulation
1951-10-14,1.4017386,simulation
1951-10-15,4.3151,simulation
1951-10-16,4.0104,simulation
1951-10-17,4.1702,simulation
1951-10-18,2.7157376,simulation
1951-10-19,2.5673463,simulation
1951-10-20,3.7032003,simulation
1951-10-21,2.1921184,simulation
1951-10-22,0.46795177,simulation
1951-10-23,0.4259416,simulation
1951-10-24,1.1492,simulation
1951-10-25,0.67783445,simulation
1951-10-26,1.326917,simulation
1951-10-27,0.5610442,simulation
1951-10-28,0.48474485,simulation
1951-10-29,0.42060378,simulation
1951-10-30,1.060819,simulation
1951-10-31,0.6652812,simulation
1951-11-01,0.23940215,simulation
1951-11-02,0.30338722,simulation
1951-11-03,1.2056595,simulation
1951-11-04,1.6016437,simulation
1951-11-05,2.5840116,simulation
1951-11-06,0.45804244,simulation
1951-11-07,1.7548854,simulation
1951-11-08,1.1506896,simulation
1951-11-09,1.2309453,simulation
1951-11-10,0.86446375,simulation
1951-11-11,1.9571056,simulation
1951-11-12,0.43140045,simulation
1951-11-13,0.74009496,simulation
1951-11-14,2.4071043,simulation
1951-11-15,0.8887094,simulation
1951-11-16,0.45087412,simulation
1951-11-17,0.76719886,simulation
1951-11-18,0.8376584,simulation
1951-11-19,0.8535701,simulation
1951-11-20,1.0864983,simulation
1951-11-21,1.1695799,simulation
1951-11-22,0.8015617,simulation
1951-11-23,0.41984272,simulation
1951-11-24,0.36752298,simulation
1951-11-25,0.65408343,simulation
1951-11-26,0.41236287,simulation
1951-11-27,0.37056765,simulation
1951-11-28,0.32170135,simulation
1951-11-29,0.83426684,simulation
1951-11-30,0.37611946,simulation
1951-12-01,1.0050002,simulation
1951-12-02,0.39350048,simulation
1951-12-03,0.26005134,simulation
1951-12-04,0.93277484,simulation
1951-12-05,2.0387456,simulation
1951-12-06,0.74800557,simulation
1951-12-07,0.494761,simulation
1951-12-08,0.68422,simulation
1951-12-09,0.30563337,simulation
1951-12-10,0.38173953,simulation
1951-12-11,0.97681737,simulation
1951-12-12,1.2583736,simulation
1951-12-13,0.5260476,simulation
1951-12-14,0.426195,simulation
1951-12-15,1.2609143,simulation
1951-12-16,0.804088,simulation
1951-12-17,0.8576217,simulation
1951-12-18,1.1056758,simulation
1951-12-19,0.8242357,simulation
1951-12-20,0.3159,simulation
1951-12-21,0.829917,simulation
1951-12-22,0.9825274,simulation
1951-12-23,1.1302074,simulation
1951-12-24,0.79973054,simulation
1951-12-25,0.60265493,simulation
1951-12-26,0.70691437,simulation
1951-12-27,1.3141398,simulation
1951-12-28,1.0898025,simulation
1951-12-29,0.55572706,simulation
1951-12-30,0.7192432,simulation
1951-12-31,1.3257629,simulation
1952-01-01,1.0919641,simulation
1952-01-02,0.58573794,simulation
1952-01-03,0.3687,simulation
1952-01-04,0.29320002,simulation
1952-01-05,0.3543,simulation
1952-01-06,0.58135,simulation
1952-01-07,0.6684489,simulation
1952-01-08,0.42764026,simulation
1952-01-09,0.5274389,simulation
1952-01-10,1.5073771,simulation
1952-01-11,0.62251097,simulation
1952-01-12,0.57838404,simulation
1952-01-13,0.65404856,simulation
1952-01-14,0.5904653,simulation
1952-01-15,0.4746055,simulation
1952-01-16,0.5543954,simulation
1952-01-17,0.6313503,simulation
1952-01-18,0.761313,simulation
1952-01-19,0.66741586,simulation
1952-01-20,0.851856,simulation
1952-01-21,0.801067,simulation
1952-01-22,1.0298289,simulation
1952-01-23,1.5386783,simulation
1952-01-24,0.7467953,simulation
1952-01-25,0.59626955,simulation
1952-01-26,0.8454003,simulation
1952-01-27,0.68341917,simulation
1952-01-28,1.588507,simulation
1952-01-29,1.418979,simulation
1952-01-30,1.2364392,simulation
1952-01-31,1.105105,simulation
1952-02-01,0.6643077,simulation
1952-02-02,0.3402,simulation
1952-02-03,2.0683265,simulation
1952-02-04,0.64776754,simulation
1952-02-05,1.9749243,simulation
1952-02-06,2.2103808,simulation
1952-02-07,2.4334,simulation
1952-02-08,2.899,simulation
1952-02-09,1.1827116,simulation
1952-02-10,1.0874174,simulation
1952-02-11,1.5368869,simulation
1952-02-12,1.0942943,simulation
1952-02-13,1.0771679,simulation
1952-02-14,2.4392,simulation
1952-02-15,1.5482253,simulation
1952-02-16,0.5405588,simulation
1952-02-17,0.8976346,simulation
1952-02-18,1.7077991,simulation
1952-02-19,0.7637938,simulation
1952-02-20,2.2691,simulation
1952-02-21,2.8068,simulation
1952-02-22,0.5797589,simulation
1952-02-23,0.2684,simulation
1952-02-24,0.46839997,simulation
1952-02-25,0.5997599,simulation
1952-02-26,0.3896,simulation
1952-02-27,2.7542,simulation
1952-02-28,0.77557856,simulation
1952-02-29,3.1431,simulation
1952-03-01,0.9428336,simulation
1952-03-02,0.759524,simulation
1952-03-03,0.6025573,simulation
1952-03-04,3.0404003,simulation
1952-03-05,1.0959629,simulation
1952-03-06,3.6406,simulation
1952-03-07,3.8149,simulation
1952-03-08,3.6538,simulation
1952-03-09,1.0151725,simulation
1952-03-10,0.6407518,simulation
1952-03-11,1.6995494,simulation
1952-03-12,0.86869323,simulation
1952-03-13,2.7719,simulation
1952-03-14,0.9667703,simulation
1952-03-15,4.0494,simulation
1952-03-16,1.7289506,simulation
1952-03-17,1.1383053,simulation
1952-03-18,1.4483755,simulation
1952-03-19,3.7578998,simulation
1952-03-20,3.2122,simulation
1952-03-21,1.4425788,simulation
1952-03-22,0.92922163,simulation
1952-03-23,0.8969187,simulation
1952-03-24,3.9594,simulation
1952-03-25,2.1611,simulation
1952-03-26,3.9501,simulation
1952-03-27,4.5796,simulation
1952-03-28,2.6634,simulation
1952-03-29,3.5502,simulation
1952-03-30,2.2727,simulation
1952-03-31,0.5453783,simulation
1952-04-01,3.8943,simulation
1952-04-02,5.6896014,simulation
1952-04-03,4.5113997,simulation
1952-04-04,3.8633,simulation
1952-04-05,4.7377005,simulation
1952-04-06,4.8214006,simulation
1952-04-07,4.7035995,simulation
1952-04-08,5.3237004,simulation
1952-04-09,2.9579997,simulation
1952-04-10,0.8548864,simulation
1952-04-11,2.682,simulation
1952-04-12,0.9819865,simulation
1952-04-13,3.9936,simulation
1952-04-14,5.2554994,simulation
1952-04-15,5.4198008,simulation
1952-04-16,5.798099,simulation
1952-04-17,1.8879011,simulation
1952-04-18,1.0538983,simulation
1952-04-19,1.8781613,simulation
1952-04-20,0.8681101,simulation
1952-04-21,3.1843,simulation
1952-04-22,0.9544389,simulation
1952-04-23,0.5838054,simulation
1952-04-24,4.2323,simulation
1952-04-25,3.3052003,simulation
1952-04-26,4.8307,simulation
1952-04-27,6.2043004,simulation
1952-04-28,6.1206017,simulation
1952-04-29,6.570099,simulation
1952-04-30,6.7530985,simulation
1952-05-01,4.8337994,simulation
1952-05-02,2.7967,simulation
1952-05-03,6.3623996,simulation
1952-05-04,6.877098,simulation
1952-05-05,6.5019007,simulation
1952-05-06,5.630701,simulation
1952-05-07,6.0430017,simulation
1952-05-08,5.6896005,simulation
1952-05-09,4.3439,simulation
1952-05-10,2.7316,simulation
1952-05-11,7.1220016,simulation
1952-05-12,6.3717012,simulation
1952-05-13,6.492599,simulation
1952-05-14,6.4646997,simulation
1952-05-15,5.208999,simulation
1952-05-16,3.6897,simulation
1952-05-17,4.6106,simulation
1952-05-18,3.3392997,simulation
1952-05-19,0.5146037,simulation
1952-05-20,1.0506252,simulation
1952-05-21,5.329899,simulation
1952-05-22,3.3517003,simulation
1952-05-23,4.5796,simulation
1952-05-24,5.8817997,simulation
1952-05-25,0.91508186,simulation
1952-05-26,5.1717997,simulation
1952-05-27,4.7532005,simulation
1952-05-28,0.966673,simulation
1952-05-29,2.4681,simulation
1952-05-30,3.1502,simulation
1952-05-31,5.9809995,simulation
1952-06-01,7.171702,simulation
1952-06-02,7.360799,simulation
1952-06-03,2.989,simulation
1952-06-04,6.870899,simulation
1952-06-05,3.8106,simulation
1952-06-06,4.4183,simulation
1952-06-07,4.1238,simulation
1952-06-08,3.5564,simulation
1952-06-09,4.1207,simulation
1952-06-10,5.3237,simulation
1952-06-11,6.1609,simulation
1952-06-12,7.401101,simulation
1952-06-13,6.6601005,simulation
1952-06-14,7.035198,simulation
1952-06-15,7.227502,simulation
1952-06-16,6.4832993,simulation
1952-06-17,5.3422995,simulation
1952-06-18,3.5842998,simulation
1952-06-19,3.9222,simulation
1952-06-20,4.7098,simulation
1952-06-21,5.795,simulation
1952-06-22,4.1765,simulation
1952-06-23,6.2787,simulation
1952-06-24,6.5825,simulation
1952-06-25,5.8632,simulation
1952-06-26,5.6679006,simulation
1952-06-27,6.3965,simulation
1952-06-28,2.1983225,simulation
1952-06-29,3.6897,simulation
1952-06-30,3.9501,simulation
1952-07-01,6.6042004,simulation
1952-07-02,6.232201,simulation
1952-07-03,5.5066,simulation
1952-07-04,4.3346,simulation
1952-07-05,6.526699,simulation
1952-07-06,7.1467996,simulation
1952-07-07,6.123701,simulation
1952-07-08,4.7005,simulation
1952-07-09,1.585086,simulation
1952-07-10,4.1826997,simulation
1952-07-11,4.2912,simulation
1952-07-12,4.4617,simulation
1952-07-13,4.5455,simulation
1952-07-14,4.099,simulation
1952-07-15,0.59431005,simulation
1952-07-16,0.6063828,simulation
1952-07-17,3.9005,simulation
1952-07-18,5.1718006,simulation
1952-07-19,4.7470007,simulation
1952-07-20,5.1997,simulation
1952-07-21,5.3516006,simulation
1952-07-22,2.2435038,simulation
1952-07-23,6.6352987,simulation
1952-07-24,7.230599,simulation
1952-07-25,6.7003994,simulation
1952-07-26,2.4336085,simulation
1952-07-27,5.5687003,simulation
1952-07-28,6.796502,simulation
1952-07-29,5.1718,simulation
1952-07-30,4.2819,simulation
1952-07-31,4.8399997,simulation
1952-08-01,2.295577,simulation
1952-08-02,4.3532,simulation
1952-08-03,4.1424,simulation
1952-08-04,5.5749,simulation
1952-08-05,6.133001,simulation
1952-08-06,4.8834,simulation
1952-08-07,5.1810994,simulation
1952-08-08,5.1439004,simulation
1952-08-09,2.1608865,simulation
1952-08-10,4.1734,simulation
1952-08-11,4.0401,simulation
1952-08-12,2.7479503,simulation
1952-08-13,3.3207,simulation
1952-08-14,5.2213993,simulation
1952-08-15,4.9144,simulation
1952-08-16,5.3795004,simulation
1952-08-17,6.629099,simulation
1952-08-18,4.9578,simulation
1952-08-19,4.2354,simulation
1952-08-20,4.6261,simulation
1952-08-21,3.2184,simulation
1952-08-22,5.2989,simulation
1952-08-23,3.4572,simulation
1952-08-24,3.0014,simulation
1952-08-25,2.5424597,simulation
1952-08-26,4.2819,simulation
1952-08-27,7.146799,simulation
1952-08-28,6.6538997,simulation
1952-08-29,6.0832996,simulation
1952-08-30,5.661699,simulation
1952-08-31,3.051,simulation
1952-09-01,2.217263,simulation
1952-09-02,2.9549,simulation
1952-09-03,5.2833996,simulation
1952-09-04,6.294199,simulation
1952-09-05,5.2059,simulation
1952-09-06,5.0571003,simulation
1952-09-07,2.7761445,simulation
1952-09-08,4.6819,simulation
1952-09-09,3.0355,simulation
1952-09-10,5.5655,simulation
1952-09-11,6.0895004,simulation
1952-09-12,1.651874,simulation
1952-09-13,0.67026746,simulation
1952-09-14,0.4706959,simulation
1952-09-15,3.1719,simulation
1952-09-16,5.7950006,simulation
1952-09-17,4.2385,simulation
1952-09-18,0.41056034,simulation
1952-09-19,0.4932923,simulation
1952-09-20,0.7031847,simulation
1952-09-21,0.9342593,simulation
1952-09-22,6.0678,simulation
1952-09-23,5.5779996,simulation
1952-09-24,1.5675715,simulation
1952-09-25,4.471,simulation
1952-09-26,5.7020006,simulation
1952-09-27,5.3826003,simulation
1952-09-28,5.2833996,simulation
1952-09-29,5.2741,simulation
1952-09-30,4.9516,simulation
1952-10-01,4.8338,simulation
1952-10-02,5.4353,simulation
1952-10-03,5.705099,simulation
1952-10-04,4.8772,simulation
1952-10-05,3.854,simulation
1952-10-06,2.6171236,simulation
1952-10-07,3.2618,simulation
1952-10-08,4.6292,simulation
1952-10-09,0.7979732,simulation
1952-10-10,4.1362,simulation
1952-10-11,3.9655998,simulation
1952-10-12,3.9936,simulation
1952-10-13,3.8602002,simulation
1952-10-14,2.2006094,simulation
1952-10-15,2.9511936,simulation
1952-10-16,4.0711,simulation
1952-10-17,4.3315,simulation
1952-10-18,4.716,simulation
1952-10-19,4.8586,simulation
1952-10-20,5.1346,simulation
1952-10-21,3.8447,simulation
1952-10-22,1.7372622,simulation
1952-10-23,3.6338997,simulation
1952-10-24,3.9874,simulation
1952-10-25,3.7889,simulation
1952-10-26,3.7238002,simulation
1952-10-27,3.5192003,simulation
1952-10-28,4.2261,simulation
1952-10-29,3.1551363,simulation
1952-10-30,0.5572818,simulation
1952-10-31,0.89219356,simulation
1952-11-01,1.1526809,simulation
1952-11-02,1.6075227,simulation
1952-11-03,1.0577492,simulation
1952-11-04,2.2904577,simulation
1952-11-05,0.7719167,simulation
1952-11-06,1.2551124,simulation
1952-11-07,3.427219,simulation
1952-11-08,1.6494665,simulation
1952-11-09,0.41802615,simulation
1952-11-10,0.2273921,simulation
1952-11-11,1.0031176,simulation
1952-11-12,1.609749,simulation
1952-11-13,1.26613,simulation
1952-11-14,1.1910173,simulation
1952-11-15,2.2742896,simulation
1952-11-16,0.6810981,simulation
1952-11-17,0.49153206,simulation
1952-11-18,0.34988588,simulation
1952-11-19,2.3583896,simulation
1952-11-20,1.7885516,simulation
1952-11-21,1.5908456,simulation
1952-11-22,1.1801429,simulation
1952-11-23,1.3920262,simulation
1952-11-24,0.698098,simulation
1952-11-25,0.3678667,simulation
1952-11-26,0.7622864,simulation
1952-11-27,0.5970649,simulation
1952-11-28,0.85060054,simulation
1952-11-29,0.38083246,simulation
1952-11-30,0.3208488,simulation
1952-12-01,0.4629826,simulation
1952-12-02,0.31242898,simulation
1952-12-03,0.2934585,simulation
1952-12-04,0.4156745,simulation
1952-12-05,1.6198612,simulation
1952-12-06,1.2424335,simulation
1952-12-07,0.51399374,simulation
1952-12-08,0.49007648,simulation
1952-12-09,0.57987916,simulation
1952-12-10,2.8742,simulation
1952-12-11,1.4571197,simulation
1952-12-12,1.1200325,simulation
1952-12-13,1.0038505,simulation
1952-12-14,0.8715855,simulation
1952-12-15,0.91379184,simulation
1952-12-16,0.9784737,simulation
1952-12-17,0.53327996,simulation
1952-12-18,0.75994617,simulation
1952-12-19,0.5822497,simulation
1952-12-20,1.4166403,simulation
1952-12-21,0.5589966,simulation
1952-12-22,0.6386534,simulation
1952-12-23,0.59666467,simulation
1952-12-24,0.31009996,simulation
1952-12-25,0.45337698,simulation
1952-12-26,0.48624688,simulation
1952-12-27,0.43590552,simulation
1952-12-28,0.85092545,simulation
1952-12-29,0.3772448,simulation
1952-12-30,0.3349,simulation
1952-12-31,0.7703003,simulation
1953-01-01,0.78735334,simulation
1953-01-02,1.9967588,simulation
1953-01-03,1.7260343,simulation
1953-01-04,1.3616577,simulation
1953-01-05,1.7193943,simulation
1953-01-06,1.4762136,simulation
1953-01-07,0.6103463,simulation
1953-01-08,0.5400238,simulation
1953-01-09,0.5942847,simulation
1953-01-10,0.5303705,simulation
1953-01-11,1.7559394,simulation
1953-01-12,1.6071142,simulation
1953-01-13,0.9120316,simulation
1953-01-14,1.0268786,simulation
1953-01-15,0.8469983,simulation
1953-01-16,1.0553,simulation
1953-01-17,0.2418,simulation
1953-01-18,1.7068391,simulation
1953-01-19,1.345451,simulation
1953-01-20,1.2938813,simulation
1953-01-21,2.044557,simulation
1953-01-22,0.56285626,simulation
1953-01-23,0.84500194,simulation
1953-01-24,2.2665,simulation
1953-01-25,2.4247,simulation
1953-01-26,2.434,simulation
1953-01-27,0.82751983,simulation
1953-01-28,0.8461677,simulation
1953-01-29,2.682,simulation
1953-01-30,2.4247,simulation
1953-01-31,0.9513683,simulation
1953-02-01,0.565084,simulation
1953-02-02,0.6642543,simulation
1953-02-03,0.7461116,simulation
1953-02-04,1.5229539,simulation
1953-02-05,0.8960024,simulation
1953-02-06,0.47750002,simulation
1953-02-07,2.1238174,simulation
1953-02-08,2.8308,simulation
1953-02-09,1.0673432,simulation
1953-02-10,1.5275184,simulation
1953-02-11,1.8572637,simulation
1953-02-12,1.3387462,simulation
1953-02-13,2.1730478,simulation
1953-02-14,0.5229702,simulation
1953-02-15,2.8401,simulation
1953-02-16,1.4019078,simulation
1953-02-17,1.6962239,simulation
1953-02-18,2.1171684,simulation
1953-02-19,0.6079042,simulation
1953-02-20,1.1336198,simulation
1953-02-21,0.83002144,simulation
1953-02-22,0.9907858,simulation
1953-02-23,0.63992435,simulation
1953-02-24,0.1922,simulation
1953-02-25,0.17049998,simulation
1953-02-26,1.3903714,simulation
1953-02-27,3.1997998,simulation
1953-02-28,1.7582318,simulation
1953-03-01,0.8217695,simulation
1953-03-02,1.4623665,simulation
1953-03-03,1.5624396,simulation
1953-03-04,1.5312012,simulation
1953-03-05,3.0045,simulation
1953-03-06,1.6592609,simulation
1953-03-07,1.4077972,simulation
1953-03-08,3.9998002,simulation
1953-03-09,2.1549,simulation
1953-03-10,0.61263937,simulation
1953-03-11,0.6663825,simulation
1953-03-12,0.76293963,simulation
1953-03-13,1.4235644,simulation
1953-03-14,0.8286383,simulation
1953-03-15,2.3843,simulation
1953-03-16,2.7502,simulation
1953-03-17,2.6107,simulation
1953-03-18,0.7693581,simulation
1953-03-19,2.0371,simulation
1953-03-20,0.64334905,simulation
1953-03-21,1.8417224,simulation
1953-03-22,2.7533,simulation
1953-03-23,2.899,simulation
1953-03-24,4.4369,simulation
1953-03-25,5.2369003,simulation
1953-03-26,3.7827,simulation
1953-03-27,1.3985273,simulation
1953-03-28,4.3779993,simulation
1953-03-29,4.8585997,simulation
1953-03-30,2.6696,simulation
1953-03-31,1.0622779,simulation
1953-04-01,2.4216,simulation
1953-04-02,0.6389311,simulation
1953-04-03,4.6819,simulation
1953-04-04,4.7160006,simulation
1953-04-05,2.3409,simulation
1953-04-06,0.62459797,simulation
1953-04-07,2.7564,simulation
1953-04-08,2.4154,simulation
1953-04-09,0.8787153,simulation
1953-04-10,4.8895993,simulation
1953-04-11,3.237,simulation
1953-04-12,1.9419152,simulation
1953-04-13,5.2524004,simulation
1953-04-14,3.9904997,simulation
1953-04-15,3.5192003,simulation
1953-04-16,6.1205993,simulation
1953-04-17,3.8664,simulation
1953-04-18,2.6758,simulation
1953-04-19,5.506601,simulation
1953-04-20,5.1501,simulation
1953-04-21,5.515901,simulation
1953-04-22,4.9981,simulation
1953-04-23,3.6246,simulation
1953-04-24,1.4549123,simulation
1953-04-25,4.1269,simulation
1953-04-26,6.4119987,simulation
1953-04-27,4.9702,simulation
1953-04-28,3.3021,simulation
1953-04-29,1.0359027,simulation
1953-04-30,5.6183014,simulation
1953-05-01,1.4209236,simulation
1953-05-02,1.8730637,simulation
1953-05-03,2.5394,simulation
1953-05-04,0.82333297,simulation
1953-05-05,0.87413716,simulation
1953-05-06,3.8106,simulation
1953-05-07,6.0895,simulation
1953-05-08,5.822899,simulation
1953-05-09,3.8323,simulation
1953-05-10,5.3825994,simulation
1953-05-11,5.4570007,simulation
1953-05-12,4.9206004,simulation
1953-05-13,0.78304607,simulation
1953-05-14,1.0863833,simulation
1953-05-15,0.7384929,simulation
1953-05-16,2.6076,simulation
1953-05-17,3.1006002,simulation
1953-05-18,0.96700966,simulation
1953-05-19,2.8649,simulation
1953-05-20,4.9361005,simulation
1953-05-21,4.731501,simulation
1953-05-22,4.905101,simulation
1953-05-23,5.1005,simulation
1953-05-24,5.0198,simulation
1953-05-25,5.8849,simulation
1953-05-26,6.7034993,simulation
1953-05-27,7.1188974,simulation
1953-05-28,7.8475986,simulation
1953-05-29,6.607297,simulation
1953-05-30,5.8941994,simulation
1953-05-31,3.6122,simulation
1953-06-01,6.3407006,simulation
1953-06-02,8.166901,simulation
1953-06-03,7.2337003,simulation
1953-06-04,4.5951,simulation
1953-06-05,3.1347,simulation
1953-06-06,4.7655997,simulation
1953-06-07,5.1097994,simulation
1953-06-08,3.9315,simulation
1953-06-09,5.7608995,simulation
1953-06-10,6.244599,simulation
1953-06-11,3.9190998,simulation
1953-06-12,3.6215,simulation
1953-06-13,6.5515,simulation
1953-06-14,6.774798,simulation
1953-06-15,5.5965996,simulation
1953-06-16,5.0509,simulation
1953-06-17,6.9762993,simulation
1953-06-18,7.097199,simulation
1953-06-19,7.205799,simulation
1953-06-20,6.1671,simulation
1953-06-21,7.0879025,simulation
1953-06-22,3.2649,simulation
1953-06-23,5.9375997,simulation
1953-06-24,4.4276,simulation
1953-06-25,3.2742,simulation
1953-06-26,3.5502,simulation
1953-06-27,1.4017125,simulation
1953-06-28,0.5983595,simulation
1953-06-29,4.964,simulation
1953-06-30,5.795001,simulation
1953-07-01,4.5548,simulation
1953-07-02,5.7361007,simulation
1953-07-03,5.8539,simulation
1953-07-04,6.145401,simulation
1953-07-05,5.7485003,simulation
1953-07-06,6.536,simulation
1953-07-07,6.3655005,simulation
1953-07-08,5.091201,simulation
1953-07-09,6.4368005,simulation
1953-07-10,4.8679004,simulation
1953-07-11,3.9035997,simulation
1953-07-12,4.2756996,simulation
1953-07-13,0.67372787,simulation
1953-07-14,0.66101956,simulation
1953-07-15,2.899,simulation
1953-07-16,0.57384974,simulation
1953-07-17,1.2755392,simulation
1953-07-18,4.2106,simulation
1953-07-19,2.3631575,simulation
1953-07-20,0.6692858,simulation
1953-07-21,1.1786064,simulation
1953-07-22,2.8184,simulation
1953-07-23,1.1060591,simulation
1953-07-24,3.5223,simulation
1953-07-25,4.1238,simulation
1953-07-26,5.8724995,simulation
1953-07-27,7.608798,simulation
1953-07-28,5.457,simulation
1953-07-29,6.1392007,simulation
1953-07-30,2.7285,simulation
1953-07-31,2.7347,simulation
1953-08-01,3.792,simulation
1953-08-02,4.0122004,simulation
1953-08-03,4.4586,simulation
1953-08-04,5.2245007,simulation
1953-08-05,5.940701,simulation
1953-08-06,6.018201,simulation
1953-08-07,6.3159003,simulation
1953-08-08,6.526699,simulation
1953-08-09,5.4539,simulation
1953-08-10,6.8088994,simulation
1953-08-11,6.4895,simulation
1953-08-12,5.4601007,simulation
1953-08-13,5.9221,simulation
1953-08-14,5.884899,simulation
1953-08-15,4.8555007,simulation
1953-08-16,5.2369003,simulation
1953-08-17,3.4882,simulation
1953-08-18,3.73,simulation
1953-08-19,3.4572,simulation
1953-08-20,4.6167994,simulation
1953-08-21,0.6427075,simulation
1953-08-22,0.628602,simulation
1953-08-23,1.1568724,simulation
1953-08-24,1.39452,simulation
1953-08-25,0.5730355,simulation
1953-08-26,0.7457725,simulation
1953-08-27,1.2410249,simulation
1953-08-28,1.5950075,simulation
1953-08-29,2.9207997,simulation
1953-08-30,2.589,simulation
1953-08-31,6.0368004,simulation
1953-09-01,5.2089996,simulation
1953-09-02,3.3021,simulation
1953-09-03,3.6432,simulation
1953-09-04,0.8738011,simulation
1953-09-05,4.2292,simulation
1953-09-06,6.8895016,simulation
1953-09-07,6.6228027,simulation
1953-09-08,6.4119997,simulation
1953-09-09,6.1733007,simulation
1953-09-10,6.120601,simulation
1953-09-11,4.3904,simulation
1953-09-12,3.5347,simulation
1953-09-13,1.8047973,simulation
1953-09-14,2.3688,simulation
1953-09-15,5.3795,simulation
1953-09-16,5.2338,simulation
1953-09-17,4.7222,simulation
1953-09-18,4.3997006,simulation
1953-09-19,5.022901,simulation
1953-09-20,5.3578,simulation
1953-09-21,6.188799,simulation
1953-09-22,6.765499,simulation
1953-09-23,5.3981004,simulation
1953-09-24,1.2563134,simulation
1953-09-25,2.0867226,simulation
1953-09-26,4.4369006,simulation
1953-09-27,5.3733,simulation
1953-09-28,5.5127993,simulation
1953-09-29,5.6089993,simulation
1953-09-30,4.9547,simulation
1953-10-01,1.8718733,simulation
1953-10-02,2.9301,simulation
1953-10-03,3.8478,simulation
1953-10-04,4.4927,simulation
1953-10-05,3.9469998,simulation
1953-10-06,3.9687,simulation
1953-10-07,4.1052,simulation
1953-10-08,4.4245,simulation
1953-10-09,4.7686996,simulation
1953-10-10,4.5548,simulation
1953-10-11,4.6292,simulation
1953-10-12,1.4749538,simulation
1953-10-13,4.4152,simulation
1953-10-14,4.3067,simulation
1953-10-15,4.1424,simulation
1953-10-16,4.285,simulation
1953-10-17,4.4524,simulation
1953-10-18,4.3005,simulation
1953-10-19,2.9859,simulation
1953-10-20,4.0866,simulation
1953-10-21,3.5936,simulation
1953-10-22,2.6709695,simulation
1953-10-23,1.0759798,simulation
1953-10-24,0.80526775,simulation
1953-10-25,3.5409,simulation
1953-10-26,0.4625235,simulation
1953-10-27,1.0497143,simulation
1953-10-28,3.7114,simulation
1953-10-29,3.9067,simulation
1953-10-30,0.9026948,simulation
1953-10-31,0.5216568,simulation
1953-11-01,0.5789452,simulation
1953-11-02,2.0490203,simulation
1953-11-03,0.9171194,simulation
1953-11-04,0.33490798,simulation
1953-11-05,2.9518,simulation
1953-11-06,3.4137,simulation
1953-11-07,0.6574325,simulation
1953-11-08,0.39549732,simulation
1953-11-09,3.2618,simulation
1953-11-10,3.0231,simulation
1953-11-11,2.3072135,simulation
1953-11-12,2.4162812,simulation
1953-11-13,2.2740426,simulation
1953-11-14,2.237543,simulation
1953-11-15,0.6119939,simulation
1953-11-16,0.46770558,simulation
1953-11-17,0.93932074,simulation
1953-11-18,0.6040472,simulation
1953-11-19,0.3297507,simulation
1953-11-20,1.251574,simulation
1953-11-21,0.5278385,simulation
1953-11-22,1.9725733,simulation
1953-11-23,1.3938748,simulation
1953-11-24,1.5142646,simulation
1953-11-25,2.7936,simulation
1953-11-26,2.5847669,simulation
1953-11-27,1.5782862,simulation
1953-11-28,0.8826985,simulation
1953-11-29,0.46188977,simulation
1953-11-30,0.43047228,simulation
1953-12-01,1.818491,simulation
1953-12-02,0.5177688,simulation
1953-12-03,0.42614633,simulation
1953-12-04,0.63236564,simulation
1953-12-05,0.52722925,simulation
1953-12-06,2.1856549,simulation
1953-12-07,0.9096055,simulation
1953-12-08,0.46927723,simulation
1953-12-09,0.6412876,simulation
1953-12-10,0.9102253,simulation
1953-12-11,0.37520003,simulation
1953-12-12,0.3039,simulation
1953-12-13,0.2635,simulation
1953-12-14,2.3999,simulation
1953-12-15,1.4829569,simulation
1953-12-16,1.70168,simulation
1953-12-17,1.1497424,simulation
1953-12-18,0.7928748,simulation
1953-12-19,0.5780027,simulation
1953-12-20,0.55175436,simulation
1953-12-21,0.8923058,simulation
1953-12-22,1.2384077,simulation
1953-12-23,1.2545283,simulation
1953-12-24,1.5966318,simulation
1953-12-25,1.7008837,simulation
1953-12-26,1.2116363,simulation
1953-12-27,0.6486756,simulation
1953-12-28,0.2418,simulation
1953-12-29,0.1457,simulation
1953-12-30,0.5333,simulation
1953-12-31,1.6000041,simulation
1954-01-01,1.464231,simulation
1954-01-02,0.8486346,simulation
1954-01-03,1.369099,simulation
1954-01-04,0.5625175,simulation
1954-01-05,1.7199624,simulation
1954-01-06,1.0894209,simulation
1954-01-07,1.7275299,simulation
1954-01-08,1.4118111,simulation
1954-01-09,0.7282468,simulation
1954-01-10,0.2977,simulation
1954-01-11,1.4923946,simulation
1954-01-12,0.6318542,simulation
1954-01-13,0.65112215,simulation
1954-01-14,0.8900016,simulation
1954-01-15,0.43099996,simulation
1954-01-16,0.9087027,simulation
1954-01-17,0.5908277,simulation
1954-01-18,0.627868,simulation
1954-01-19,0.8970302,simulation
1954-01-20,0.9157547,simulation
1954-01-21,0.6933454,simulation
1954-01-22,0.5612,simulation
1954-01-23,0.19529998,simulation
1954-01-24,0.65047175,simulation
1954-01-25,0.6780055,simulation
1954-01-26,0.5991199,simulation
1954-01-27,0.664406,simulation
1954-01-28,1.9495424,simulation
1954-01-29,1.2210063,simulation
1954-01-30,0.6171392,simulation
1954-01-31,1.1552436,simulation
1954-02-01,2.4588,simulation
1954-02-02,2.1332,simulation
1954-02-03,3.2804,simulation
1954-02-04,2.8866,simulation
1954-02-05,2.7843,simulation
1954-02-06,2.9828,simulation
1954-02-07,2.3285,simulation
1954-02-08,2.2975,simulation
1954-02-09,3.1502,simulation
1954-02-10,1.3672609,simulation
1954-02-11,2.2479,simulation
1954-02-12,3.1006,simulation
1954-02-13,2.08223,simulation
1954-02-14,1.3349497,simulation
1954-02-15,1.582724,simulation
1954-02-16,2.3192,simulation
1954-02-17,3.0882,simulation
1954-02-18,2.06568,simulation
1954-02-19,0.9761042,simulation
1954-02-20,2.806,simulation
1954-02-21,3.3238,simulation
1954-02-22,3.3548,simulation
1954-02-23,0.94819355,simulation
1954-02-24,3.5006,simulation
1954-02-25,3.7269,simulation
1954-02-26,1.7254273,simulation
1954-02-27,1.693262,simulation
1954-02-28,2.8835,simulation
1954-03-01,3.2649,simulation
1954-03-02,1.552712,simulation
1954-03-03,3.4479,simulation
1954-03-04,2.9269998,simulation
1954-03-05,0.5432327,simulation
1954-03-06,1.6890339,simulation
1954-03-07,3.1657,simulation
1954-03-08,0.73804814,simulation
1954-03-09,2.8277,simulation
1954-03-10,3.792,simulation
1954-03-11,3.4634,simulation
1954-03-12,1.7653414,simulation
1954-03-13,0.8722184,simulation
1954-03-14,4.0432,simulation
1954-03-15,3.4634,simulation
1954-03-16,3.2029002,simulation
1954-03-17,1.4206514,simulation
1954-03-18,0.87009406,simulation
1954-03-19,2.4619,simulation
1954-03-20,3.4261,simulation
1954-03-21,3.6401,simulation
1954-03-22,3.6897,simulation
1954-03-23,1.2321876,simulation
1954-03-24,1.331604,simulation
1954-03-25,0.62610173,simulation
1954-03-26,0.646289,simulation
1954-03-27,0.56676793,simulation
1954-03-28,0.6291991,simulation
1954-03-29,0.96392167,simulation
1954-03-30,2.1146,simulation
1954-03-31,3.7021,simulation
1954-04-01,4.7067003,simulation
1954-04-02,2.5456,simulation
1954-04-03,2.9332,simulation
1954-04-04,2.5053,simulation
1954-04-05,4.2416,simulation
1954-04-06,2.313,simulation
1954-04-07,4.3005,simulation
1954-04-08,1.2492094,simulation
1954-04-09,1.5125251,simulation
1954-04-10,2.6603,simulation
1954-04-11,2.682,simulation
1954-04-12,3.4851003,simulation
1954-04-13,4.871,simulation
1954-04-14,4.1703,simulation
1954-04-15,1.1117915,simulation
1954-04-16,1.2893503,simulation
1954-04-17,5.5935,simulation
1954-04-18,5.6958,simulation
1954-04-19,4.1826997,simulation
1954-04-20,4.0804005,simulation
1954-04-21,4.6788,simulation
1954-04-22,2.4867,simulation
1954-04-23,1.6824766,simulation
1954-04-24,3.5223,simulation
1954-04-25,3.7517,simulation
1954-04-26,3.9005,simulation
1954-04-27,3.5285003,simulation
1954-04-28,2.9828,simulation
1954-04-29,4.1052,simulation
1954-04-30,4.1145,simulation
1954-05-01,4.4617004,simulation
1954-05-02,4.0711,simulation
1954-05-03,0.6609237,simulation
1954-05-04,5.8229003,simulation
1954-05-05,5.8538995,simulation
1954-05-06,6.1206,simulation
1954-05-07,3.7362,simulation
1954-05-08,6.0089,simulation
1954-05-09,3.1408997,simulation
1954-05-10,2.8307998,simulation
1954-05-11,3.8695,simulation
1954-05-12,0.811683,simulation
1954-05-13,0.796358,simulation
1954-05-14,4.9237,simulation
1954-05-15,5.0601997,simulation
1954-05-16,4.5796,simulation
1954-05-17,3.8230002,simulation
1954-05-18,4.8679004,simulation
1954-05-19,2.6851,simulation
1954-05-20,6.765498,simulation
1954-05-21,6.4182,simulation
1954-05-22,6.2973,simulation
1954-05-23,3.1812,simulation
1954-05-24,4.7965994,simulation
1954-05-25,1.3587114,simulation
1954-05-26,0.6405667,simulation
1954-05-27,2.6448,simulation
1954-05-28,4.1734,simulation
1954-05-29,4.6261,simulation
1954-05-30,4.4585996,simulation
1954-05-31,4.9330006,simulation
1954-06-01,5.6369004,simulation
1954-06-02,5.1749,simulation
1954-06-03,4.8895993,simulation
1954-06-04,7.599502,simulation
1954-06-05,5.0353003,simulation
1954-06-06,5.9934006,simulation
1954-06-07,4.8927,simulation
1954-06-08,5.1128993,simulation
1954-06-09,5.4135995,simulation
1954-06-10,6.2849007,simulation
1954-06-11,6.4678006,simulation
1954-06-12,7.0723987,simulation
1954-06-13,6.173299,simulation
1954-06-14,4.561,simulation
1954-06-15,3.6277,simulation
1954-06-16,2.5662813,simulation
1954-06-17,4.4555,simulation
1954-06-18,2.8835,simulation
1954-06-19,3.6773,simulation
1954-06-20,5.2400007,simulation
1954-06-21,4.285,simulation
1954-06-22,4.7717996,simulation
1954-06-23,4.0897007,simulation
1954-06-24,5.869399,simulation
1954-06-25,5.909701,simulation
1954-06-26,6.8027015,simulation
1954-06-27,2.4475994,simulation
1954-06-28,6.3345013,simulation
1954-06-29,7.069299,simulation
1954-06-30,8.160698,simulation
1954-07-01,2.868,simulation
1954-07-02,3.3517,simulation
1954-07-03,3.9905,simulation
1954-07-04,3.6618001,simulation
1954-07-05,2.1214142,simulation
1954-07-06,3.6928,simulation
1954-07-07,2.0542026,simulation
1954-07-08,4.654,simulation
1954-07-09,3.7765,simulation
1954-07-10,5.1005,simulation
1954-07-11,3.0293,simulation
1954-07-12,7.140599,simulation
1954-07-13,4.5951004,simulation
1954-07-14,5.5345006,simulation
1954-07-15,5.1129,simulation
1954-07-16,6.2259994,simulation
1954-07-17,3.1502,simulation
1954-07-18,3.7238,simulation
1954-07-19,3.7517,simulation
1954-07-20,3.5781,simulation
1954-07-21,3.7486,simulation
1954-07-22,5.9065995,simulation
1954-07-23,6.1144,simulation
1954-07-24,3.4758,simulation
1954-07-25,4.1765,simulation
1954-07-26,5.0447006,simulation
1954-07-27,2.361847,simulation
1954-07-28,1.5892196,simulation
1954-07-29,0.5579146,simulation
1954-07-30,2.6014,simulation
1954-07-31,5.395,simulation
1954-08-01,6.5050006,simulation
1954-08-02,6.0461,simulation
1954-08-03,5.525199,simulation
1954-08-04,4.2757,simulation
1954-08-05,5.6306996,simulation
1954-08-06,5.2306995,simulation
1954-08-07,5.5128007,simulation
1954-08-08,2.7347,simulation
1954-08-09,5.4724994,simulation
1954-08-10,3.1409,simulation
1954-08-11,7.2522993,simulation
1954-08-12,7.1251006,simulation
1954-08-13,6.6445985,simulation
1954-08-14,5.8136005,simulation
1954-08-15,4.8028007,simulation
1954-08-16,5.6276,simulation
1954-08-17,4.747,simulation
1954-08-18,4.0649,simulation
1954-08-19,3.4447,simulation
1954-08-20,3.6773,simulation
1954-08-21,4.6695,simulation
1954-08-22,3.7145,simulation
1954-08-23,1.55616,simulation
1954-08-24,3.9936,simulation
1954-08-25,4.6478,simulation
1954-08-26,4.1703,simulation
1954-08-27,3.0417,simulation
1954-08-28,3.5812,simulation
1954-08-29,6.0895,simulation
1954-08-30,7.081699,simulation
1954-08-31,6.3841,simulation
1954-09-01,7.0352006,simulation
1954-09-02,6.6197004,simulation
1954-09-03,6.4584994,simulation
1954-09-04,6.0895,simulation
1954-09-05,3.4416,simulation
1954-09-06,1.0535614,simulation
1954-09-07,4.8152,simulation
1954-09-08,4.8431,simulation
1954-09-09,5.2120996,simulation
1954-09-10,5.4632,simulation
1954-09-11,5.2958,simulation
1954-09-12,6.3964996,simulation
1954-09-13,6.0678,simulation
1954-09-14,4.6013,simulation
1954-09-15,3.3424,simulation
1954-09-16,0.38313437,simulation
1954-09-17,0.89332426,simulation
1954-09-18,4.2292,simulation
1954-09-19,4.3904,simulation
1954-09-20,4.6695,simulation
1954-09-21,3.7175999,simulation
1954-09-22,6.1268005,simulation
1954-09-23,5.9996004,simulation
1954-09-24,4.1734,simulation
1954-09-25,4.4431,simulation
1954-09-26,3.5285,simulation
1954-09-27,4.3532,simulation
1954-09-28,1.8117161,simulation
1954-09-29,3.5192,simulation
1954-09-30,3.6556,simulation
1954-10-01,1.5069287,simulation
1954-10-02,4.7253,simulation
1954-10-03,3.3210359,simulation
1954-10-04,4.316,simulation
1954-10-05,4.4121,simulation
1954-10-06,4.347,simulation
1954-10-07,1.9150769,simulation
1954-10-08,1.0213273,simulation
1954-10-09,2.097697,simulation
1954-10-10,2.4053242,simulation
1954-10-11,2.7393992,simulation
1954-10-12,0.5901921,simulation
1954-10-13,0.42520407,simulation
1954-10-14,3.2556,simulation
1954-10-15,5.1625,simulation
1954-10-16,3.9563,simulation
1954-10-17,3.6834998,simulation
1954-10-18,3.7175999,simulation
1954-10-19,4.1331,simulation
1954-10-20,3.9377,simulation
1954-10-21,2.8537884,simulation
1954-10-22,1.8252679,simulation
1954-10-23,1.649457,simulation
1954-10-24,2.8664508,simulation
1954-10-25,3.5161,simulation
1954-10-26,1.0756041,simulation
1954-10-27,1.4588177,simulation
1954-10-28,0.3235316,simulation
1954-10-29,2.5276246,simulation
1954-10-30,0.6532158,simulation
1954-10-31,2.4179864,simulation
1954-11-01,1.9581915,simulation
1954-11-02,1.8689123,simulation
1954-11-03,1.6112677,simulation
1954-11-04,0.27678132,simulation
1954-11-05,1.0130051,simulation
1954-11-06,1.7362256,simulation
1954-11-07,1.9691396,simulation
1954-11-08,1.8117607,simulation
1954-11-09,0.7091957,simulation
1954-11-10,0.85648817,simulation
1954-11-11,0.56606513,simulation
1954-11-12,2.3296204,simulation
1954-11-13,1.9973736,simulation
1954-11-14,0.44792786,simulation
1954-11-15,0.26220694,simulation
1954-11-16,0.48673037,simulation
1954-11-17,1.2427148,simulation
1954-11-18,0.9481662,simulation
1954-11-19,2.8179693,simulation
1954-11-20,2.161554,simulation
1954-11-21,1.8527628,simulation
1954-11-22,1.381653,simulation
1954-11-23,1.5288867,simulation
1954-11-24,2.7717097,simulation
1954-11-25,1.6576045,simulation
1954-11-26,1.8565792,simulation
1954-11-27,0.6077993,simulation
1954-11-28,1.5472044,simulation
1954-11-29,3.1719,simulation
1954-11-30,1.0882576,simulation
1954-12-01,1.2312495,simulation
1954-12-02,0.42377782,simulation
1954-12-03,0.4951038,simulation
1954-12-04,0.6465369,simulation
1954-12-05,1.7012873,simulation
1954-12-06,2.426444,simulation
1954-12-07,1.0932337,simulation
1954-12-08,0.77844673,simulation
1954-12-09,2.3816748,simulation
1954-12-10,1.4159946,simulation
1954-12-11,1.233198,simulation
1954-12-12,0.31509373,simulation
1954-12-13,0.38294974,simulation
1954-12-14,0.8958545,simulation
1954-12-15,1.5187116,simulation
1954-12-16,1.2250346,simulation
1954-12-17,0.37508565,simulation
1954-12-18,1.6133859,simulation
1954-12-19,1.2251279,simulation
1954-12-20,0.7164734,simulation
1954-12-21,1.0196849,simulation
1954-12-22,1.3520336,simulation
1954-12-23,0.7000491,simulation
1954-12-24,0.43688276,simulation
1954-12-25,1.2850678,simulation
1954-12-26,0.37400767,simulation
1954-12-27,0.35861307,simulation
1954-12-28,0.41569647,simulation
1954-12-29,1.1932191,simulation
1954-12-30,1.0100447,simulation
1954-12-31,0.39925906,simulation
1955-01-01,0.2977,simulation
1955-01-02,0.2698,simulation
1955-01-03,0.42112198,simulation
1955-01-04,0.57547235,simulation
1955-01-05,1.1102067,simulation
1955-01-06,0.7563352,simulation
1955-01-07,0.8728682,simulation
1955-01-08,0.66839755,simulation
1955-01-09,0.5090898,simulation
1955-01-10,0.5939659,simulation
1955-01-11,0.8828529,simulation
1955-01-12,0.4933725,simulation
1955-01-13,2.5084,simulation
1955-01-14,0.9365257,simulation
1955-01-15,0.3504,simulation
1955-01-16,0.10230001,simulation
1955-01-17,0.37829998,simulation
1955-01-18,0.5505609,simulation
1955-01-19,0.8927974,simulation
1955-01-20,1.0567569,simulation
1955-01-21,0.3287,simulation
1955-01-22,0.8400307,simulation
1955-01-23,0.3628,simulation
1955-01-24,1.5264177,simulation
1955-01-25,1.9926918,simulation
1955-01-26,1.3830929,simulation
1955-01-27,0.4248,simulation
1955-01-28,1.3736848,simulation
1955-01-29,2.1295857,simulation
1955-01-30,1.6521946,simulation
1955-01-31,1.0641881,simulation
1955-02-01,1.1843692,simulation
1955-02-02,1.1796956,simulation
1955-02-03,0.8158223,simulation
1955-02-04,0.66358805,simulation
1955-02-05,0.3535,simulation
1955-02-06,0.5705,simulation
1955-02-07,1.2192249,simulation
1955-02-08,2.5332,simulation
1955-02-09,2.4619,simulation
1955-02-10,1.7169814,simulation
1955-02-11,2.7998,simulation
1955-02-12,2.4619,simulation
1955-02-13,2.375,simulation
1955-02-14,2.0067506,simulation
1955-02-15,2.6479,simulation
1955-02-16,2.001059,simulation
1955-02-17,1.4663386,simulation
1955-02-18,0.41550002,simulation
1955-02-19,0.6425449,simulation
1955-02-20,0.66539013,simulation
1955-02-21,0.2449,simulation
1955-02-22,0.24179998,simulation
1955-02-23,1.3775451,simulation
1955-02-24,1.2548523,simulation
1955-02-25,2.9611,simulation
1955-02-26,1.1622536,simulation
1955-02-27,1.8920487,simulation
1955-02-28,1.4945773,simulation
1955-03-01,1.2095654,simulation
1955-03-02,2.4898,simulation
1955-03-03,2.2169,simulation
1955-03-04,1.8791332,simulation
1955-03-05,3.0386,simulation
1955-03-06,2.4867,simulation
1955-03-07,2.2541,simulation
1955-03-08,3.6680002,simulation
1955-03-09,1.9003863,simulation
1955-03-10,2.5766,simulation
1955-03-11,3.8354,simulation
1955-03-12,4.1734,simulation
1955-03-13,2.5921,simulation
1955-03-14,2.9642,simulation
1955-03-15,3.6990001,simulation
1955-03-16,3.1905,simulation
1955-03-17,3.3083,simulation
1955-03-18,3.0726998,simulation
1955-03-19,2.3626,simulation
1955-03-20,3.3238,simulation
1955-03-21,2.5053,simulation
1955-03-22,2.8091,simulation
1955-03-23,3.1378,simulation
1955-03-24,3.6928,simulation
1955-03-25,3.9036,simulation
1955-03-26,1.9606586,simulation
1955-03-27,2.9673,simulation
1955-03-28,2.067121,simulation
1955-03-29,2.9082997,simulation
1955-03-30,3.7423997,simulation
1955-03-31,3.8323,simulation
1955-04-01,0.6486086,simulation
1955-04-02,4.9794993,simulation
1955-04-03,4.9794993,simulation
1955-04-04,0.90269977,simulation
1955-04-05,4.3842,simulation
1955-04-06,4.1517,simulation
1955-04-07,1.2914007,simulation
1955-04-08,1.4047247,simulation
1955-04-09,0.46966234,simulation
1955-04-10,0.3442,simulation
1955-04-11,3.6184,simulation
1955-04-12,1.4030695,simulation
1955-04-13,3.5285,simulation
1955-04-14,5.6152005,simulation
1955-04-15,4.6137004,simulation
1955-04-16,2.9239,simulation
1955-04-17,4.7718,simulation
1955-04-18,3.8509,simulation
1955-04-19,2.1084,simulation
1955-04-20,2.5735,simulation
1955-04-21,3.3486001,simulation
1955-04-22,4.7749004,simulation
1955-04-23,2.6045,simulation
1955-04-24,5.054,simulation
1955-04-25,6.033701,simulation
1955-04-26,3.9780998,simulation
1955-04-27,3.2773,simulation
1955-04-28,4.8555,simulation
1955-04-29,4.254,simulation
1955-04-30,6.2446003,simulation
1955-05-01,5.537599,simulation
1955-05-02,6.4057994,simulation
1955-05-03,5.7888002,simulation
1955-05-04,5.596599,simulation
1955-05-05,5.6710005,simulation
1955-05-06,4.8772006,simulation
1955-05-07,4.3625,simulation
1955-05-08,4.2354,simulation
1955-05-09,3.8447,simulation
1955-05-10,3.5595002,simulation
1955-05-11,2.6789,simulation
1955-05-12,1.7018661,simulation
1955-05-13,3.5626,simulation
1955-05-14,5.0571,simulation
1955-05-15,4.4121,simulation
1955-05-16,1.7211219,simulation
1955-05-17,1.5146297,simulation
1955-05-18,2.6107,simulation
1955-05-19,1.7334763,simulation
1955-05-20,3.6928,simulation
1955-05-21,5.1625,simulation
1955-05-22,6.557699,simulation
1955-05-23,2.078602,simulation
1955-05-24,4.6074996,simulation
1955-05-25,5.8043,simulation
1955-05-26,5.4322,simulation
1955-05-27,4.8276005,simulation
1955-05-28,5.4198,simulation
1955-05-29,3.73,simulation
1955-05-30,6.9794006,simulation
1955-05-31,5.5903993,simulation
1955-06-01,7.243,simulation
1955-06-02,6.4802003,simulation
1955-06-03,5.1067004,simulation
1955-06-04,5.280301,simulation
1955-06-05,4.0432005,simulation
1955-06-06,2.4805,simulation
1955-06-07,5.7392,simulation
1955-06-08,3.6835,simulation
1955-06-09,2.5952,simulation
1955-06-10,1.2725607,simulation
1955-06-11,6.213601,simulation
1955-06-12,6.8243976,simulation
1955-06-13,6.9142985,simulation
1955-06-14,4.378,simulation
1955-06-15,3.8168,simulation
1955-06-16,4.787299,simulation
1955-06-17,6.3965,simulation
1955-06-18,7.4197,simulation
1955-06-19,7.3049984,simulation
1955-06-20,7.481699,simulation
1955-06-21,6.951501,simulation
1955-06-22,6.325201,simulation
1955-06-23,4.7717996,simulation
1955-06-24,5.0416007,simulation
1955-06-25,4.2974,simulation
1955-06-26,4.8462,simulation
1955-06-27,3.5316,simulation
1955-06-28,3.3765,simulation
1955-06-29,3.113,simulation
1955-06-30,3.3424,simulation
1955-07-01,3.6525002,simulation
1955-07-02,4.7532005,simulation
1955-07-03,4.0122,simulation
1955-07-04,4.4245,simulation
1955-07-05,5.4507995,simulation
1955-07-06,6.0802,simulation
1955-07-07,6.1671,simulation
1955-07-08,5.0912,simulation
1955-07-09,4.1548,simulation
1955-07-10,2.6851,simulation
1955-07-11,3.7517,simulation
1955-07-12,1.3206933,simulation
1955-07-13,0.7898482,simulation
1955-07-14,1.4512483,simulation
1955-07-15,1.7314178,simulation
1955-07-16,1.8564817,simulation
1955-07-17,2.8897,simulation
1955-07-18,2.9239,simulation
1955-07-19,4.6354,simulation
1955-07-20,4.9794993,simulation
1955-07-21,2.5828,simulation
1955-07-22,1.9755538,simulation
1955-07-23,3.8788,simulation
1955-07-24,4.4803,simulation
1955-07-25,5.5687,simulation
1955-07-26,4.2354,simulation
1955-07-27,0.8601138,simulation
1955-07-28,4.6322994,simulation
1955-07-29,3.7950997,simulation
1955-07-30,2.0706887,simulation
1955-07-31,5.178,simulation
1955-08-01,0.8471379,simulation
1955-08-02,0.73751676,simulation
1955-08-03,1.3820958,simulation
1955-08-04,5.9252005,simulation
1955-08-05,3.6184,simulation
1955-08-06,4.2075,simulation
1955-08-07,4.2757006,simulation
1955-08-08,3.7455,simulation
1955-08-09,2.4805,simulation
1955-08-10,5.856999,simulation
1955-08-11,6.083299,simulation
1955-08-12,3.8323,simulation
1955-08-13,4.0928,simulation
1955-08-14,4.6819005,simulation
1955-08-15,4.2571,simulation
1955-08-16,6.1578016,simulation
1955-08-17,6.945299,simulation
1955-08-18,6.3748016,simulation
1955-08-19,6.777901,simulation
1955-08-20,6.669399,simulation
1955-08-21,6.632201,simulation
1955-08-22,6.7189984,simulation
1955-08-23,5.6958003,simulation
1955-08-24,3.0696003,simulation
1955-08-25,5.686501,simulation
1955-08-26,1.1733758,simulation
1955-08-27,0.87373614,simulation
1955-08-28,2.8866,simulation
1955-08-29,4.0339,simulation
1955-08-30,4.8244996,simulation
1955-08-31,2.2143085,simulation
1955-09-01,1.1149502,simulation
1955-09-02,3.5006003,simulation
1955-09-03,4.4586,simulation
1955-09-04,0.8758815,simulation
1955-09-05,0.48056313,simulation
1955-09-06,0.7930653,simulation
1955-09-07,3.4479,simulation
1955-09-08,5.143899,simulation
1955-09-09,4.5951,simulation
1955-09-10,3.5688,simulation
1955-09-11,4.6881,simulation
1955-09-12,0.98970413,simulation
1955-09-13,0.8939168,simulation
1955-09-14,0.95709205,simulation
1955-09-15,3.637,simulation
1955-09-16,2.927,simulation
1955-09-17,2.7719,simulation
1955-09-18,4.0215,simulation
1955-09-19,5.2182994,simulation
1955-09-20,5.3918996,simulation
1955-09-21,4.3935,simulation
1955-09-22,2.3077054,simulation
1955-09-23,1.4530629,simulation
1955-09-24,3.0944,simulation
1955-09-25,3.7579,simulation
1955-09-26,4.9144,simulation
1955-09-27,4.1393,simulation
1955-09-28,4.2726,simulation
1955-09-29,3.9098,simulation
1955-09-30,4.5796,simulation
1955-10-01,2.9921,simulation
1955-10-02,4.9081993,simulation
1955-10-03,3.6122,simulation
1955-10-04,2.300308,simulation
1955-10-05,4.0432,simulation
1955-10-06,1.4627184,simulation
1955-10-07,0.53191215,simulation
1955-10-08,3.3362,simulation
1955-10-09,4.4338007,simulation
1955-10-10,3.8633,simulation
1955-10-11,4.5951,simulation
1955-10-12,3.4634,simulation
1955-10-13,2.8294466,simulation
1955-10-14,4.623,simulation
1955-10-15,3.885,simulation
1955-10-16,3.5285,simulation
1955-10-17,4.1269,simulation
1955-10-18,3.9284,simulation
1955-10-19,3.6959,simulation
1955-10-20,3.6494,simulation
1955-10-21,3.5936,simulation
1955-10-22,3.6029,simulation
1955-10-23,3.2866,simulation
1955-10-24,3.4013,simulation
1955-10-25,3.8354,simulation
1955-10-26,3.5409,simulation
1955-10-27,3.5874,simulation
1955-10-28,2.4485102,simulation
1955-10-29,3.5564,simulation
1955-10-30,3.4603,simulation
1955-10-31,3.3672,simulation
1955-11-01,1.5468609,simulation
1955-11-02,0.97289735,simulation
1955-11-03,3.6153,simulation
1955-11-04,2.6470916,simulation
1955-11-05,1.4493005,simulation
1955-11-06,0.79387647,simulation
1955-11-07,0.73046225,simulation
1955-11-08,1.4515022,simulation
1955-11-09,0.7555723,simulation
1955-11-10,0.62887037,simulation
1955-11-11,1.4673613,simulation
1955-11-12,0.7865346,simulation
1955-11-13,0.9812375,simulation
1955-11-14,0.7266488,simulation
1955-11-15,1.2314981,simulation
1955-11-16,0.701046,simulation
1955-11-17,3.1254,simulation
1955-11-18,1.0012673,simulation
1955-11-19,2.170865,simulation
1955-11-20,1.8998634,simulation
1955-11-21,0.47925487,simulation
1955-11-22,0.69243526,simulation
1955-11-23,1.1047202,simulation
1955-11-24,0.45255166,simulation
1955-11-25,0.36625102,simulation
1955-11-26,1.1657498,simulation
1955-11-27,0.42126256,simulation
1955-11-28,1.1102229,simulation
1955-11-29,1.9917394,simulation
1955-11-30,1.3489363,simulation
1955-12-01,0.5620807,simulation
1955-12-02,0.42197365,simulation
1955-12-03,0.711445,simulation
1955-12-04,0.5846719,simulation
1955-12-05,0.79554725,simulation
1955-12-06,0.9647884,simulation
1955-12-07,1.0859463,simulation
1955-12-08,2.033865,simulation
1955-12-09,2.1040347,simulation
1955-12-10,0.85788083,simulation
1955-12-11,0.6619773,simulation
1955-12-12,1.5389847,simulation
1955-12-13,1.3173732,simulation
1955-12-14,0.7370824,simulation
1955-12-15,0.8084308,simulation
1955-12-16,1.153145,simulation
1955-12-17,0.48471957,simulation
1955-12-18,0.44131276,simulation
1955-12-19,0.86766344,simulation
1955-12-20,0.52788943,simulation
1955-12-21,0.56245136,simulation
1955-12-22,0.7719383,simulation
1955-12-23,0.866972,simulation
1955-12-24,1.3889207,simulation
1955-12-25,1.0494602,simulation
1955-12-26,0.5650115,simulation
1955-12-27,0.82441837,simulation
1955-12-28,0.80407244,simulation
1955-12-29,0.60887164,simulation
1955-12-30,1.1461246,simulation
1955-12-31,1.6016709,simulation
1956-01-01,1.2136446,simulation
1956-01-02,0.8579036,simulation
1956-01-03,0.82129353,simulation
1956-01-04,2.0463946,simulation
1956-01-05,1.4757982,simulation
1956-01-06,1.2270381,simulation
1956-01-07,1.2057604,simulation
1956-01-08,1.988365,simulation
1956-01-09,2.062566,simulation
1956-01-10,2.4135003,simulation
1956-01-11,2.0388277,simulation
1956-01-12,0.55580634,simulation
1956-01-13,1.6857495,simulation
1956-01-14,1.420327,simulation
1956-01-15,0.9080466,simulation
1956-01-16,1.6334989,simulation
1956-01-17,1.4861149,simulation
1956-01-18,0.48686084,simulation
1956-01-19,0.3876,simulation
1956-01-20,0.99091506,simulation
1956-01-21,0.5778853,simulation
1956-01-22,0.46030784,simulation
1956-01-23,0.3287,simulation
1956-01-24,0.3194,simulation
1956-01-25,1.0070634,simulation
1956-01-26,1.7260549,simulation
1956-01-27,0.5824575,simulation
1956-01-28,0.8406798,simulation
1956-01-29,0.8902474,simulation
1956-01-30,0.6493355,simulation
1956-01-31,0.6594934,simulation
1956-02-01,0.4713,simulation
1956-02-02,0.95871603,simulation
1956-02-03,0.5209,simulation
1956-02-04,0.11469998,simulation
1956-02-05,0.1767,simulation
1956-02-06,2.2107,simulation
1956-02-07,1.1344292,simulation
1956-02-08,0.48369998,simulation
1956-02-09,0.2915,simulation
1956-02-10,0.2511,simulation
1956-02-11,1.1890135,simulation
1956-02-12,1.4935156,simulation
1956-02-13,1.5747104,simulation
1956-02-14,0.73786026,simulation
1956-02-15,0.617,simulation
1956-02-16,0.74273807,simulation
1956-02-17,0.78397095,simulation
1956-02-18,2.3006,simulation
1956-02-19,1.1437341,simulation
1956-02-20,0.97807574,simulation
1956-02-21,1.6032848,simulation
1956-02-22,3.1843,simulation
1956-02-23,1.2427989,simulation
1956-02-24,2.0007143,simulation
1956-02-25,1.6270895,simulation
1956-02-26,2.9051998,simulation
1956-02-27,1.3517267,simulation
1956-02-28,4.5454993,simulation
1956-02-29,3.4323003,simulation
1956-03-01,1.1443586,simulation
1956-03-02,0.7181556,simulation
1956-03-03,0.7191903,simulation
1956-03-04,1.6944859,simulation
1956-03-05,1.2270106,simulation
1956-03-06,3.5161,simulation
1956-03-07,1.9693732,simulation
1956-03-08,3.761,simulation
1956-03-09,3.2339,simulation
1956-03-10,0.8317789,simulation
1956-03-11,0.7783708,simulation
1956-03-12,0.369,simulation
1956-03-13,1.7502394,simulation
1956-03-14,0.5736,simulation
1956-03-15,0.40000004,simulation
1956-03-16,3.3951,simulation
1956-03-17,3.9191003,simulation
1956-03-18,3.2928,simulation
1956-03-19,4.5517,simulation
1956-03-20,3.8788,simulation
1956-03-21,1.1046543,simulation
1956-03-22,0.87303984,simulation
1956-03-23,3.1843,simulation
1956-03-24,3.9408,simulation
1956-03-25,4.7997,simulation
1956-03-26,4.0090995,simulation
1956-03-27,2.5673,simulation
1956-03-28,2.9766002,simulation
1956-03-29,0.7665402,simulation
1956-03-30,4.8554997,simulation
1956-03-31,4.8524003,simulation
1956-04-01,1.1084173,simulation
1956-04-02,1.9477344,simulation
1956-04-03,1.7693367,simulation
1956-04-04,1.9908022,simulation
1956-04-05,1.5421473,simulation
1956-04-06,4.6261005,simulation
1956-04-07,3.5347002,simulation
1956-04-08,1.4781103,simulation
1956-04-09,2.7998,simulation
1956-04-10,0.8600242,simulation
1956-04-11,3.8695,simulation
1956-04-12,4.8462,simulation
1956-04-13,4.7810993,simulation
1956-04-14,2.4867,simulation
1956-04-15,2.2045,simulation
1956-04-16,5.9965,simulation
1956-04-17,3.4137,simulation
1956-04-18,2.1448984,simulation
1956-04-19,5.7020006,simulation
1956-04-20,2.1378982,simulation
1956-04-21,1.1531153,simulation
1956-04-22,0.5355424,simulation
1956-04-23,2.251,simulation
1956-04-24,0.7136862,simulation
1956-04-25,1.5191317,simulation
1956-04-26,1.5844947,simulation
1956-04-27,1.8031101,simulation
1956-04-28,3.0138001,simulation
1956-04-29,2.4836,simulation
1956-04-30,3.4572,simulation
1956-05-01,2.806,simulation
1956-05-02,0.6433763,simulation
1956-05-03,0.52338445,simulation
1956-05-04,0.8960313,simulation
1956-05-05,3.5657,simulation
1956-05-06,2.8215,simulation
1956-05-07,4.6943007,simulation
1956-05-08,6.1361,simulation
1956-05-09,3.4695997,simulation
1956-05-10,2.6572,simulation
1956-05-11,3.606,simulation
1956-05-12,4.0215,simulation
1956-05-13,4.6044,simulation
1956-05-14,4.84,simulation
1956-05-15,4.1393,simulation
1956-05-16,4.8710003,simulation
1956-05-17,6.619698,simulation
1956-05-18,6.8584995,simulation
1956-05-19,6.3468995,simulation
1956-05-20,6.9359994,simulation
1956-05-21,6.591801,simulation
1956-05-22,6.8120008,simulation
1956-05-23,5.3237,simulation
1956-05-24,3.4292,simulation
1956-05-25,2.9859,simulation
1956-05-26,3.8571,simulation
1956-05-27,1.3661332,simulation
1956-05-28,2.8865998,simulation
1956-05-29,0.9435759,simulation
1956-05-30,1.2787385,simulation
1956-05-31,2.2034655,simulation
1956-06-01,2.29094,simulation
1956-06-02,7.3855987,simulation
1956-06-03,1.9540434,simulation
1956-06-04,1.7821721,simulation
1956-06-05,2.7936,simulation
1956-06-06,7.385599,simulation
1956-06-07,7.1624007,simulation
1956-06-08,7.004202,simulation
1956-06-09,5.884899,simulation
1956-06-10,1.8346927,simulation
1956-06-11,3.4261,simulation
1956-06-12,0.53557116,simulation
1956-06-13,0.6383902,simulation
1956-06-14,1.7082145,simulation
1956-06-15,1.25165,simulation
1956-06-16,2.2127774,simulation
1956-06-17,0.89140326,simulation
1956-06-18,1.7921147,simulation
1956-06-19,2.5239,simulation
1956-06-20,5.3051,simulation
1956-06-21,5.432201,simulation
1956-06-22,5.2214,simulation
1956-06-23,4.6849995,simulation
1956-06-24,5.4849005,simulation
1956-06-25,5.9127994,simulation
1956-06-26,5.5314,simulation
1956-06-27,6.1764007,simulation
1956-06-28,3.2773,simulation
1956-06-29,3.5781,simulation
1956-06-30,3.7889,simulation
1956-07-01,4.3842,simulation
1956-07-02,4.852399,simulation
1956-07-03,6.0492005,simulation
1956-07-04,6.8274984,simulation
1956-07-05,5.0663996,simulation
1956-07-06,5.2865005,simulation
1956-07-07,5.0942993,simulation
1956-07-08,3.4075,simulation
1956-07-09,0.98178256,simulation
1956-07-10,2.428688,simulation
1956-07-11,4.2075,simulation
1956-07-12,5.3578,simulation
1956-07-13,5.3764005,simulation
1956-07-14,5.432201,simulation
1956-07-15,5.7268004,simulation
1956-07-16,6.3128,simulation
1956-07-17,4.4059,simulation
1956-07-18,5.977899,simulation
1956-07-19,4.7780004,simulation
1956-07-20,4.561,simulation
1956-07-21,2.5827663,simulation
1956-07-22,1.7622957,simulation
1956-07-23,3.1192,simulation
1956-07-24,5.4632006,simulation
1956-07-25,2.7719,simulation
1956-07-26,1.9300617,simulation
1956-07-27,1.5044827,simulation
1956-07-28,5.5872993,simulation
1956-07-29,4.6323,simulation
1956-07-30,3.947,simulation
1956-07-31,3.1998,simulation
1956-08-01,2.7347,simulation
1956-08-02,3.5192,simulation
1956-08-03,5.0197997,simulation
1956-08-04,2.5999458,simulation
1956-08-05,3.3579,simulation
1956-08-06,6.2042994,simulation
1956-08-07,6.1888003,simulation
1956-08-08,6.297299,simulation
1956-08-09,6.675602,simulation
1956-08-10,6.3375998,simulation
1956-08-11,5.3608994,simulation
1956-08-12,5.6431,simulation
1956-08-13,3.9129,simulation
1956-08-14,1.7311466,simulation
1956-08-15,4.4493,simulation
1956-08-16,6.2167,simulation
1956-08-17,6.4894996,simulation
1956-08-18,5.1438994,simulation
1956-08-19,4.4338,simulation
1956-08-20,3.0448,simulation
1956-08-21,1.8641059,simulation
1956-08-22,6.4554005,simulation
1956-08-23,4.7656007,simulation
1956-08-24,2.092371,simulation
1956-08-25,0.6820308,simulation
1956-08-26,0.7830236,simulation
1956-08-27,0.66093326,simulation
1956-08-28,1.0274943,simulation
1956-08-29,3.8788,simulation
1956-08-30,2.3908548,simulation
1956-08-31,3.1285,simulation
1956-09-01,3.4727,simulation
1956-09-02,4.8958,simulation
1956-09-03,4.4896,simulation
1956-09-04,3.9005,simulation
1956-09-05,4.1269,simulation
1956-09-06,3.8447,simulation
1956-09-07,2.6121647,simulation
1956-09-08,5.2431,simulation
1956-09-09,4.4772,simulation
1956-09-10,5.3299,simulation
1956-09-11,5.8229003,simulation
1956-09-12,4.7594,simulation
1956-09-13,4.7966003,simulation
1956-09-14,5.3051,simulation
1956-09-15,5.2245,simulation
1956-09-16,3.7734,simulation
1956-09-17,3.8757,simulation
1956-09-18,5.8104997,simulation
1956-09-19,3.7548,simulation
1956-09-20,4.2974,simulation
1956-09-21,5.5406995,simulation
1956-09-22,2.5262055,simulation
1956-09-23,0.55712885,simulation
1956-09-24,2.1760025,simulation
1956-09-25,5.8942003,simulation
1956-09-26,5.8942,simulation
1956-09-27,4.7222,simulation
1956-09-28,4.3501,simulation
1956-09-29,1.9601845,simulation
1956-09-30,0.33054915,simulation
1956-10-01,0.9405369,simulation
1956-10-02,0.5473557,simulation
1956-10-03,2.2101533,simulation
1956-10-04,3.2308,simulation
1956-10-05,2.7636685,simulation
1956-10-06,4.5827,simulation
1956-10-07,5.1438994,simulation
1956-10-08,4.8524,simulation
1956-10-09,4.4648,simulation
1956-10-10,3.1812,simulation
1956-10-11,3.9067,simulation
1956-10-12,3.1347,simulation
1956-10-13,3.9687,simulation
1956-10-14,3.854,simulation
1956-10-15,4.0742,simulation
1956-10-16,1.9012853,simulation
1956-10-17,1.54181,simulation
1956-10-18,4.1672,simulation
1956-10-19,0.3419543,simulation
1956-10-20,2.3978872,simulation
1956-10-21,2.9792304,simulation
1956-10-22,0.9650589,simulation
1956-10-23,3.7455,simulation
1956-10-24,3.9905002,simulation
1956-10-25,2.225976,simulation
1956-10-26,0.92691064,simulation
1956-10-27,0.6532076,simulation
1956-10-28,3.2959,simulation
1956-10-29,2.346719,simulation
1956-10-30,1.1157707,simulation
1956-10-31,3.4261,simulation
1956-11-01,3.2525,simulation
1956-11-02,1.931803,simulation
1956-11-03,1.0270985,simulation
1956-11-04,1.6071995,simulation
1956-11-05,0.8050293,simulation
1956-11-06,0.5175468,simulation
1956-11-07,0.458921,simulation
1956-11-08,3.1285,simulation
1956-11-09,2.522696,simulation
1956-11-10,2.138787,simulation
1956-11-11,2.003006,simulation
1956-11-12,1.7848799,simulation
1956-11-13,1.5950419,simulation
1956-11-14,1.3958362,simulation
1956-11-15,0.6962825,simulation
1956-11-16,0.54071665,simulation
1956-11-17,0.72965163,simulation
1956-11-18,2.462679,simulation
1956-11-19,1.0989134,simulation
1956-11-20,1.4000115,simulation
1956-11-21,1.1901813,simulation
1956-11-22,3.2122,simulation
1956-11-23,1.9152963,simulation
1956-11-24,2.160296,simulation
1956-11-25,2.750047,simulation
1956-11-26,1.4323748,simulation
1956-11-27,1.2635616,simulation
1956-11-28,1.0884215,simulation
1956-11-29,0.55247176,simulation
1956-11-30,1.288374,simulation
1956-12-01,1.4374833,simulation
1956-12-02,1.5089473,simulation
1956-12-03,1.0273417,simulation
1956-12-04,0.558744,simulation
1956-12-05,0.55003774,simulation
1956-12-06,0.9215202,simulation
1956-12-07,1.4938451,simulation
1956-12-08,0.48443192,simulation
1956-12-09,0.51528454,simulation
1956-12-10,0.764341,simulation
1956-12-11,0.461998,simulation
1956-12-12,0.5481893,simulation
1956-12-13,0.2604,simulation
1956-12-14,0.1674,simulation
1956-12-15,0.67709804,simulation
1956-12-16,1.385198,simulation
1956-12-17,0.85661864,simulation
1956-12-18,0.44706216,simulation
1956-12-19,0.2729,simulation
1956-12-20,0.34523758,simulation
1956-12-21,0.307,simulation
1956-12-22,0.44165897,simulation
1956-12-23,0.3535,simulation
1956-12-24,1.3402336,simulation
1956-12-25,1.3884796,simulation
1956-12-26,1.3934247,simulation
1956-12-27,2.2581306,simulation
1956-12-28,2.9828,simulation
1956-12-29,2.4370327,simulation
1956-12-30,2.1361341,simulation
1956-12-31,1.7721015,simulation
1957-01-01,0.9444413,simulation
1957-01-02,1.2074866,simulation
1957-01-03,0.8183646,simulation
1957-01-04,0.62495375,simulation
1957-01-05,0.7450484,simulation
1957-01-06,0.1612,simulation
1957-01-07,0.6686245,simulation
1957-01-08,0.6318948,simulation
1957-01-09,1.2274857,simulation
1957-01-10,1.5026249,simulation
1957-01-11,1.2630587,simulation
1957-01-12,0.5530626,simulation
1957-01-13,0.608635,simulation
1957-01-14,0.50069463,simulation
1957-01-15,0.43576565,simulation
1957-01-16,0.3318,simulation
1957-01-17,0.7730458,simulation
1957-01-18,1.2005215,simulation
1957-01-19,1.5130868,simulation
1957-01-20,0.4701801,simulation
1957-01-21,0.54898274,simulation
1957-01-22,0.57036316,simulation
1957-01-23,0.57869554,simulation
1957-01-24,0.47226804,simulation
1957-01-25,0.1798,simulation
1957-01-26,0.43099996,simulation
1957-01-27,1.026581,simulation
1957-01-28,0.8091708,simulation
1957-01-29,0.785202,simulation
1957-01-30,1.0100213,simulation
1957-01-31,1.7614237,simulation
1957-02-01,1.2876464,simulation
1957-02-02,0.2977,simulation
1957-02-03,1.5438572,simulation
1957-02-04,1.8196642,simulation
1957-02-05,0.7622281,simulation
1957-02-06,0.71256393,simulation
1957-02-07,1.899864,simulation
1957-02-08,1.9448812,simulation
1957-02-09,1.5576806,simulation
1957-02-10,1.7455542,simulation
1957-02-11,1.7763293,simulation
1957-02-12,0.65952194,simulation
1957-02-13,3.0479002,simulation
1957-02-14,2.6572,simulation
1957-02-15,1.528342,simulation
1957-02-16,0.7032931,simulation
1957-02-17,1.2548678,simulation
1957-02-18,0.7072296,simulation
1957-02-19,0.5269023,simulation
1957-02-20,0.97946787,simulation
1957-02-21,2.7347,simulation
1957-02-22,2.0865371,simulation
1957-02-23,0.4753078,simulation
1957-02-24,0.65431553,simulation
1957-02-25,0.85356396,simulation
1957-02-26,2.2362502,simulation
1957-02-27,0.60795826,simulation
1957-02-28,2.2923656,simulation
1957-03-01,3.3486,simulation
1957-03-02,2.927,simulation
1957-03-03,0.5404807,simulation
1957-03-04,1.197216,simulation
1957-03-05,0.5598618,simulation
1957-03-06,2.9177,simulation
1957-03-07,0.64041716,simulation
1957-03-08,3.0045,simulation
1957-03-09,3.6773,simulation
1957-03-10,1.893796,simulation
1957-03-11,0.95361704,simulation
1957-03-12,0.43100002,simulation
1957-03-13,0.673535,simulation
1957-03-14,2.0664024,simulation
1957-03-15,4.9764,simulation
1957-03-16,3.0014,simulation
1957-03-17,0.84006757,simulation
1957-03-18,0.9367975,simulation
1957-03-19,1.5427415,simulation
1957-03-20,1.3025415,simulation
1957-03-21,1.082395,simulation
1957-03-22,3.1688,simulation
1957-03-23,0.8377372,simulation
1957-03-24,1.4960028,simulation
1957-03-25,3.9874003,simulation
1957-03-26,3.5843,simulation
1957-03-27,3.8571,simulation
1957-03-28,0.68282306,simulation
1957-03-29,4.0432,simulation
1957-03-30,2.0297456,simulation
1957-03-31,2.1882482,simulation
1957-04-01,5.2585998,simulation
1957-04-02,2.5394,simulation
1957-04-03,2.3068,simulation
1957-04-04,0.80901396,simulation
1957-04-05,5.1222,simulation
1957-04-06,2.375,simulation
1957-04-07,1.0552061,simulation
1957-04-08,1.609914,simulation
1957-04-09,4.5455003,simulation
1957-04-10,1.3470825,simulation
1957-04-11,2.7967,simulation
1957-04-12,3.9408,simulation
1957-04-13,2.8834999,simulation
1957-04-14,3.0076,simulation
1957-04-15,5.4570003,simulation
1957-04-16,0.7346446,simulation
1957-04-17,2.4681,simulation
1957-04-18,3.9531999,simulation
1957-04-19,3.9284003,simulation
1957-04-20,1.8583424,simulation
1957-04-21,2.837,simulation
1957-04-22,1.7960366,simulation
1957-04-23,3.5223,simulation
1957-04-24,2.7223,simulation
1957-04-25,3.2029002,simulation
1957-04-26,2.989,simulation
1957-04-27,3.4353998,simulation
1957-04-28,2.5363,simulation
1957-04-29,3.0447998,simulation
1957-04-30,1.1114944,simulation
1957-05-01,1.0639496,simulation
1957-05-02,2.927,simulation
1957-05-03,2.775,simulation
1957-05-04,3.5099,simulation
1957-05-05,4.8771996,simulation
1957-05-06,4.3966,simulation
1957-05-07,3.4323,simulation
1957-05-08,3.9222,simulation
1957-05-09,1.1785042,simulation
1957-05-10,1.4899341,simulation
1957-05-11,3.9904997,simulation
1957-05-12,3.6587,simulation
1957-05-13,3.8912003,simulation
1957-05-14,4.0493994,simulation
1957-05-15,3.5471,simulation
1957-05-16,4.4369,simulation
1957-05-17,5.7206,simulation
1957-05-18,4.8927,simulation
1957-05-19,4.1982,simulation
1957-05-20,5.0290995,simulation
1957-05-21,5.7236986,simulation
1957-05-22,5.1532,simulation
1957-05-23,3.4261,simulation
1957-05-24,3.5378,simulation
1957-05-25,4.4338,simulation
1957-05-26,2.5518,simulation
1957-05-27,4.7067003,simulation
1957-05-28,2.6107,simulation
1957-05-29,6.4182005,simulation
1957-05-30,5.6648016,simulation
1957-05-31,4.6602006,simulation
1957-06-01,1.2142494,simulation
1957-06-02,1.6756698,simulation
1957-06-03,0.96259105,simulation
1957-06-04,2.7719,simulation
1957-06-05,2.4278,simulation
1957-06-06,1.63613,simulation
1957-06-07,1.9326149,simulation
1957-06-08,3.7579,simulation
1957-06-09,4.4772,simulation
1957-06-10,5.3484993,simulation
1957-06-11,5.525201,simulation
1957-06-12,5.897299,simulation
1957-06-13,5.475601,simulation
1957-06-14,5.8786983,simulation
1957-06-15,4.4338,simulation
1957-06-16,6.1019993,simulation
1957-06-17,4.2323003,simulation
1957-06-18,3.7362,simulation
1957-06-19,5.8074007,simulation
1957-06-20,5.1004996,simulation
1957-06-21,2.8277,simulation
1957-06-22,3.8199,simulation
1957-06-23,4.0029,simulation
1957-06-24,2.7068002,simulation
1957-06-25,1.5983244,simulation
1957-06-26,1.838848,simulation
1957-06-27,2.0736258,simulation
1957-06-28,3.9905002,simulation
1957-06-29,5.0074,simulation
1957-06-30,4.2725997,simulation
1957-07-01,5.568701,simulation
1957-07-02,5.565499,simulation
1957-07-03,2.8928003,simulation
1957-07-04,3.5502,simulation
1957-07-05,6.4089,simulation
1957-07-06,8.117299,simulation
1957-07-07,8.086303,simulation
1957-07-08,6.2136006,simulation
1957-07-09,6.0027003,simulation
1957-07-10,6.0212984,simulation
1957-07-11,5.5966,simulation
1957-07-12,8.148299,simulation
1957-07-13,7.131302,simulation
1957-07-14,5.475599,simulation
1957-07-15,5.652401,simulation
1957-07-16,4.3253,simulation
1957-07-17,4.6664004,simulation
1957-07-18,3.4323,simulation
1957-07-19,3.5967,simulation
1957-07-20,1.7820297,simulation
1957-07-21,1.2355384,simulation
1957-07-22,2.527,simulation
1957-07-23,3.2711,simulation
1957-07-24,3.5347,simulation
1957-07-25,4.1982,simulation
1957-07-26,5.364,simulation
1957-07-27,5.4508004,simulation
1957-07-28,5.3050995,simulation
1957-07-29,6.3810005,simulation
1957-07-30,3.1966999,simulation
1957-07-31,1.2585406,simulation
1957-08-01,1.3714198,simulation
1957-08-02,1.056493,simulation
1957-08-03,2.6572,simulation
1957-08-04,4.4771996,simulation
1957-08-05,3.9687,simulation
1957-08-06,7.2677994,simulation
1957-08-07,5.0385003,simulation
1957-08-08,4.2726007,simulation
1957-08-09,1.0051869,simulation
1957-08-10,3.6866,simulation
1957-08-11,3.7424,simulation
1957-08-12,3.4944003,simulation
1957-08-13,2.5146003,simulation
1957-08-14,4.2168,simulation
1957-08-15,4.7718005,simulation
1957-08-16,5.091201,simulation
1957-08-17,4.7191005,simulation
1957-08-18,2.8773,simulation
1957-08-19,5.1005006,simulation
1957-08-20,6.9545984,simulation
1957-08-21,6.864701,simulation
1957-08-22,6.5763016,simulation
1957-08-23,6.9422,simulation
1957-08-24,6.6879983,simulation
1957-08-25,5.3485,simulation
1957-08-26,5.946901,simulation
1957-08-27,6.2538996,simulation
1957-08-28,5.5749006,simulation
1957-08-29,3.1502,simulation
1957-08-30,1.4108213,simulation
1957-08-31,1.6060504,simulation
1957-09-01,2.4853628,simulation
1957-09-02,3.7982,simulation
1957-09-03,2.253097,simulation
1957-09-04,0.963504,simulation
1957-09-05,2.9239001,simulation
1957-09-06,4.8338003,simulation
1957-09-07,3.9998,simulation
1957-09-08,3.3858,simulation
1957-09-09,2.7258062,simulation
1957-09-10,4.6974,simulation
1957-09-11,0.696337,simulation
1957-09-12,1.4256166,simulation
1957-09-13,1.0442159,simulation
1957-09-14,1.0311313,simulation
1957-09-15,0.49640405,simulation
1957-09-16,0.9978983,simulation
1957-09-17,0.5317675,simulation
1957-09-18,0.7971568,simulation
1957-09-19,2.6913,simulation
1957-09-20,1.6857697,simulation
1957-09-21,3.4416,simulation
1957-09-22,2.5828,simulation
1957-09-23,0.709942,simulation
1957-09-24,2.9052,simulation
1957-09-25,0.93307173,simulation
1957-09-26,0.5415091,simulation
1957-09-27,0.7335914,simulation
1957-09-28,0.7532747,simulation
1957-09-29,0.83345103,simulation
1957-09-30,0.617,simulation
1957-10-01,1.1411637,simulation
1957-10-02,1.4740963,simulation
1957-10-03,3.5563998,simulation
1957-10-04,4.285,simulation
1957-10-05,3.8757,simulation
1957-10-06,3.9936001,simulation
1957-10-07,4.1176,simulation
1957-10-08,4.4245,simulation
1957-10-09,4.4152,simulation
1957-10-10,3.7827,simulation
1957-10-11,4.6787996,simulation
1957-10-12,4.3779993,simulation
1957-10-13,1.3544087,simulation
1957-10-14,0.748324,simulation
1957-10-15,0.60320675,simulation
1957-10-16,0.793619,simulation
1957-10-17,3.4820004,simulation
1957-10-18,4.5672,simulation
1957-10-19,4.1610003,simulation
1957-10-20,2.0836196,simulation
1957-10-21,1.1026012,simulation
1957-10-22,0.7050643,simulation
1957-10-23,0.7263746,simulation
1957-10-24,2.8338997,simulation
1957-10-25,0.82018715,simulation
1957-10-26,1.0646186,simulation
1957-10-27,2.9673,simulation
1957-10-28,2.3161,simulation
1957-10-29,2.5983,simulation
1957-10-30,0.58544564,simulation
1957-10-31,2.1581345,simulation
1957-11-01,1.2375071,simulation
1957-11-02,1.7140146,simulation
1957-11-03,1.8838226,simulation
1957-11-04,2.5921,simulation
1957-11-05,0.9362808,simulation
1957-11-06,0.7504771,simulation
1957-11-07,0.70343375,simulation
1957-11-08,0.7055845,simulation
1957-11-09,3.0138,simulation
1957-11-10,1.3642036,simulation
1957-11-11,1.8972704,simulation
1957-11-12,0.5904263,simulation
1957-11-13,0.4093,simulation
1957-11-14,2.5053,simulation
1957-11-15,0.937537,simulation
1957-11-16,1.2109005,simulation
1957-11-17,0.9570576,simulation
1957-11-18,0.62234706,simulation
1957-11-19,2.4247,simulation
1957-11-20,2.5053,simulation
1957-11-21,1.4305682,simulation
1957-11-22,0.5835569,simulation
1957-11-23,0.2356,simulation
1957-11-24,0.1643,simulation
1957-11-25,0.6729761,simulation
1957-11-26,1.7564802,simulation
1957-11-27,0.69519854,simulation
1957-11-28,0.6204192,simulation
1957-11-29,0.6961905,simulation
1957-11-30,2.9983,simulation
1957-12-01,1.7521583,simulation
1957-12-02,1.677381,simulation
1957-12-03,0.4124,simulation
1957-12-04,2.158,simulation
1957-12-05,1.5969977,simulation
1957-12-06,1.2553163,simulation
1957-12-07,0.2232,simulation
1957-12-08,1.1840515,simulation
1957-12-09,1.0960402,simulation
1957-12-10,1.9894744,simulation
1957-12-11,2.3719,simulation
1957-12-12,1.2410268,simulation
1957-12-13,1.3139095,simulation
1957-12-14,0.6312979,simulation
1957-12-15,0.83132976,simulation
1957-12-16,0.63996714,simulation
1957-12-17,1.1285751,simulation
1957-12-18,0.59684825,simulation
1957-12-19,0.4868,simulation
1957-12-20,2.6975,simulation
1957-12-21,1.7983475,simulation
1957-12-22,0.7903261,simulation
1957-12-23,1.4100617,simulation
1957-12-24,0.77249265,simulation
1957-12-25,0.5475362,simulation
1957-12-26,2.1859,simulation
1957-12-27,0.6477161,simulation
1957-12-28,0.9994584,simulation
1957-12-29,1.5844525,simulation
1957-12-30,0.93925416,simulation
1957-12-31,0.9206335,simulation
1958-01-01,1.1356256,simulation
1958-01-02,1.1553319,simulation
1958-01-03,1.4154353,simulation
1958-01-04,0.83754164,simulation
1958-01-05,0.99010044,simulation
1958-01-06,0.2884,simulation
1958-01-07,1.3639033,simulation
1958-01-08,1.3130776,simulation
1958-01-09,0.65006244,simulation
1958-01-10,0.788,simulation
1958-01-11,0.853799,simulation
1958-01-12,0.3318,simulation
1958-01-13,0.6983017,simulation
1958-01-14,0.9029332,simulation
1958-01-15,0.75726724,simulation
1958-01-16,1.702046,simulation
1958-01-17,1.0884374,simulation
1958-01-18,0.97009206,simulation
1958-01-19,0.6066831,simulation
1958-01-20,0.431,simulation
1958-01-21,1.0229867,simulation
1958-01-22,0.7255657,simulation
1958-01-23,0.5302,simulation
1958-01-24,0.96765757,simulation
1958-01-25,0.87795585,simulation
1958-01-26,2.7378,simulation
1958-01-27,1.5151494,simulation
1958-01-28,1.0829197,simulation
1958-01-29,0.69409657,simulation
1958-01-30,1.7325772,simulation
1958-01-31,1.5679909,simulation
1958-02-01,3.2276998,simulation
1958-02-02,2.9239,simulation
1958-02-03,2.5394,simulation
1958-02-04,2.3533,simulation
1958-02-05,0.64816433,simulation
1958-02-06,0.9019008,simulation
1958-02-07,2.0774,simulation
1958-02-08,2.5084,simulation
1958-02-09,1.1124202,simulation
1958-02-10,0.5806733,simulation
1958-02-11,1.0803479,simulation
1958-02-12,0.462,simulation
1958-02-13,1.6758059,simulation
1958-02-14,0.4279,simulation
1958-02-15,0.7947764,simulation
1958-02-16,2.2262,simulation
1958-02-17,0.8276229,simulation
1958-02-18,1.976687,simulation
1958-02-19,0.9685386,simulation
1958-02-20,2.7378,simulation
1958-02-21,1.4699552,simulation
1958-02-22,0.5484014,simulation
1958-02-23,0.38139996,simulation
1958-02-24,0.73524946,simulation
1958-02-25,0.3721,simulation
1958-02-26,0.7947549,simulation
1958-02-27,4.4306993,simulation
1958-02-28,4.2942996,simulation
1958-03-01,2.9208,simulation
1958-03-02,4.1424,simulation
1958-03-03,3.7826998,simulation
1958-03-04,2.6262,simulation
1958-03-05,0.66264564,simulation
1958-03-06,0.36590004,simulation
1958-03-07,1.2580163,simulation
1958-03-08,0.5302,simulation
1958-03-09,3.7827,simulation
1958-03-10,3.4789,simulation
1958-03-11,3.4199002,simulation
1958-03-12,0.71846735,simulation
1958-03-13,1.0204804,simulation
1958-03-14,3.1098998,simulation
1958-03-15,3.5161,simulation
1958-03-16,2.6975,simulation
1958-03-17,0.70677435,simulation
1958-03-18,0.82364434,simulation
1958-03-19,4.037,simulation
1958-03-20,4.2354,simulation
1958-03-21,3.6370003,simulation
1958-03-22,3.4261,simulation
1958-03-23,0.6263784,simulation
1958-03-24,0.83767873,simulation
1958-03-25,0.6580398,simulation
1958-03-26,0.8130391,simulation
1958-03-27,0.6684757,simulation
1958-03-28,3.2184,simulation
1958-03-29,2.3409,simulation
1958-03-30,2.9921,simulation
1958-03-31,4.0679994,simulation
1958-04-01,1.0496143,simulation
1958-04-02,1.3999683,simulation
1958-04-03,2.558,simulation
1958-04-04,3.33,simulation
1958-04-05,2.0100846,simulation
1958-04-06,4.6694994,simulation
1958-04-07,5.9438004,simulation
1958-04-08,2.8649,simulation
1958-04-09,0.52981204,simulation
1958-04-10,2.189,simulation
1958-04-11,4.5826993,simulation
1958-04-12,1.7678282,simulation
1958-04-13,2.8618,simulation
1958-04-14,0.56633943,simulation
1958-04-15,4.2695,simulation
1958-04-16,3.9998002,simulation
1958-04-17,2.1198864,simulation
1958-04-18,1.8019906,simulation
1958-04-19,3.9284,simulation
1958-04-20,2.9332,simulation
1958-04-21,3.2339,simulation
1958-04-22,5.2896004,simulation
1958-04-23,3.6432,simulation
1958-04-24,3.8323,simulation
1958-04-25,2.3223,simulation
1958-04-26,3.0106997,simulation
1958-04-27,3.4603,simulation
1958-04-28,3.3455002,simulation
1958-04-29,2.9766,simulation
1958-04-30,2.9455998,simulation
1958-05-01,2.7285,simulation
1958-05-02,3.2711,simulation
1958-05-03,2.1952,simulation
1958-05-04,1.5701774,simulation
1958-05-05,4.3594,simulation
1958-05-06,5.0105004,simulation
1958-05-07,6.1671,simulation
1958-05-08,3.423,simulation
1958-05-09,2.6696,simulation
1958-05-10,1.0659797,simulation
1958-05-11,2.8308,simulation
1958-05-12,5.6554995,simulation
1958-05-13,4.843099,simulation
1958-05-14,4.8865,simulation
1958-05-15,2.6851,simulation
1958-05-16,2.5735,simulation
1958-05-17,0.79354393,simulation
1958-05-18,0.7189584,simulation
1958-05-19,2.6231,simulation
1958-05-20,1.9198279,simulation
1958-05-21,2.5611,simulation
1958-05-22,0.88636154,simulation
1958-05-23,2.7192,simulation
1958-05-24,2.9145,simulation
1958-05-25,5.3423,simulation
1958-05-26,6.657,simulation
1958-05-27,6.4802003,simulation
1958-05-28,5.1594005,simulation
1958-05-29,5.2834005,simulation
1958-05-30,5.5407014,simulation
1958-05-31,5.5282993,simulation
1958-06-01,6.0057993,simulation
1958-06-02,5.940699,simulation
1958-06-03,6.0089006,simulation
1958-06-04,4.0462995,simulation
1958-06-05,4.5362,simulation
1958-06-06,5.0974,simulation
1958-06-07,5.5344996,simulation
1958-06-08,4.9733,simulation
1958-06-09,6.2756,simulation
1958-06-10,5.3144007,simulation
1958-06-11,5.5252,simulation
1958-06-12,5.9127984,simulation
1958-06-13,4.7718005,simulation
1958-06-14,3.4168,simulation
1958-06-15,1.5318866,simulation
1958-06-16,2.9641998,simulation
1958-06-17,2.6758,simulation
1958-06-18,4.2974005,simulation
1958-06-19,4.1548004,simulation
1958-06-20,4.3655996,simulation
1958-06-21,1.9364078,simulation
1958-06-22,0.75954455,simulation
1958-06-23,5.2803006,simulation
1958-06-24,7.3018985,simulation
1958-06-25,4.663299,simulation
1958-06-26,1.8018473,simulation
1958-06-27,2.4681,simulation
1958-06-28,7.714302,simulation
1958-06-29,7.5561023,simulation
1958-06-30,6.1081986,simulation
1958-07-01,5.1625,simulation
1958-07-02,5.4136004,simulation
1958-07-03,6.7841015,simulation
1958-07-04,5.8073997,simulation
1958-07-05,5.6338,simulation
1958-07-06,4.1734004,simulation
1958-07-07,2.0492678,simulation
1958-07-08,1.4747523,simulation
1958-07-09,1.0384866,simulation
1958-07-10,3.0603,simulation
1958-07-11,3.1966999,simulation
1958-07-12,4.7191,simulation
1958-07-13,2.713,simulation
1958-07-14,4.6788,simulation
1958-07-15,4.8989,simulation
1958-07-16,4.4493,simulation
1958-07-17,3.6742003,simulation
1958-07-18,3.1408997,simulation
1958-07-19,4.7594,simulation
1958-07-20,4.3872995,simulation
1958-07-21,1.5660044,simulation
1958-07-22,1.3170141,simulation
1958-07-23,2.0626483,simulation
1958-07-24,4.2694993,simulation
1958-07-25,4.1827,simulation
1958-07-26,3.6184,simulation
1958-07-27,3.3950999,simulation
1958-07-28,5.4818,simulation
1958-07-29,6.4213004,simulation
1958-07-30,4.7966003,simulation
1958-07-31,3.6215003,simulation
1958-08-01,5.0788,simulation
1958-08-02,5.6337996,simulation
1958-08-03,3.5936,simulation
1958-08-04,4.409,simulation
1958-08-05,7.0413976,simulation
1958-08-06,6.6880007,simulation
1958-08-07,6.9049997,simulation
1958-08-08,3.5440001,simulation
1958-08-09,3.1719,simulation
1958-08-10,4.3842006,simulation
1958-08-11,5.912801,simulation
1958-08-12,4.7439003,simulation
1958-08-13,3.9377003,simulation
1958-08-14,4.4338,simulation
1958-08-15,3.1626,simulation
1958-08-16,3.3672,simulation
1958-08-17,3.6369998,simulation
1958-08-18,3.5719001,simulation
1958-08-19,6.7376003,simulation
1958-08-20,6.2662992,simulation
1958-08-21,3.7765,simulation
1958-08-22,1.2313744,simulation
1958-08-23,0.80941796,simulation
1958-08-24,0.6225638,simulation
1958-08-25,0.85990196,simulation
1958-08-26,6.2942,simulation
1958-08-27,6.2104993,simulation
1958-08-28,6.421301,simulation
1958-08-29,5.6090016,simulation
1958-08-30,5.4663014,simulation
1958-08-31,4.9516,simulation
1958-09-01,5.7175,simulation
1958-09-02,2.6075997,simulation
1958-09-03,1.4134641,simulation
1958-09-04,0.74593866,simulation
1958-09-05,0.84685946,simulation
1958-09-06,0.9235906,simulation
1958-09-07,1.0045005,simulation
1958-09-08,1.0281203,simulation
1958-09-09,6.306601,simulation
1958-09-10,5.643099,simulation
1958-09-11,3.3579001,simulation
1958-09-12,2.7098997,simulation
1958-09-13,1.3877437,simulation
1958-09-14,0.8869177,simulation
1958-09-15,2.7595003,simulation
1958-09-16,2.6138,simulation
1958-09-17,1.7472923,simulation
1958-09-18,2.8091,simulation
1958-09-19,1.599863,simulation
1958-09-20,0.853029,simulation
1958-09-21,0.61583257,simulation
1958-09-22,0.8194409,simulation
1958-09-23,1.9021168,simulation
1958-09-24,3.5037,simulation
1958-09-25,2.9889998,simulation
1958-09-26,2.2975,simulation
1958-09-27,2.989,simulation
1958-09-28,5.875598,simulation
1958-09-29,4.2912006,simulation
1958-09-30,1.8518844,simulation
1958-10-01,0.7496644,simulation
1958-10-02,1.6548944,simulation
1958-10-03,0.8428973,simulation
1958-10-04,1.9190264,simulation
1958-10-05,2.375,simulation
1958-10-06,4.4772005,simulation
1958-10-07,4.0773005,simulation
1958-10-08,2.6572,simulation
1958-10-09,2.9425,simulation
1958-10-10,3.9873998,simulation
1958-10-11,5.7547016,simulation
1958-10-12,3.7021,simulation
1958-10-13,4.4493,simulation
1958-10-14,2.5425,simulation
1958-10-15,0.90535647,simulation
1958-10-16,0.724432,simulation
1958-10-17,0.6535746,simulation
1958-10-18,3.4851,simulation
1958-10-19,4.6292,simulation
1958-10-20,4.0804,simulation
1958-10-21,3.7393,simulation
1958-10-22,2.0342903,simulation
1958-10-23,2.6727002,simulation
1958-10-24,3.9253,simulation
1958-10-25,4.0246,simulation
1958-10-26,3.8943,simulation
1958-10-27,2.0476773,simulation
1958-10-28,1.1415902,simulation
1958-10-29,0.58280694,simulation
1958-10-30,0.5625381,simulation
1958-10-31,0.3597,simulation
1958-11-01,1.4068575,simulation
1958-11-02,1.3104277,simulation
1958-11-03,0.55818814,simulation
1958-11-04,0.2729,simulation
1958-11-05,0.3163,simulation
1958-11-06,0.75003284,simulation
1958-11-07,3.2463,simulation
1958-11-08,2.2300177,simulation
1958-11-09,2.6851,simulation
1958-11-10,3.606,simulation
1958-11-11,3.1905,simulation
1958-11-12,2.9208,simulation
1958-11-13,1.5989782,simulation
1958-11-14,0.61478317,simulation
1958-11-15,0.8412215,simulation
1958-11-16,0.9308166,simulation
1958-11-17,1.3329905,simulation
1958-11-18,1.0398003,simulation
1958-11-19,1.2255608,simulation
1958-11-20,1.459778,simulation
1958-11-21,2.8587,simulation
1958-11-22,2.3471,simulation
1958-11-23,1.0949972,simulation
1958-11-24,0.64153516,simulation
1958-11-25,0.69959855,simulation
1958-11-26,1.673429,simulation
1958-11-27,1.0246956,simulation
1958-11-28,0.6067882,simulation
1958-11-29,1.7944287,simulation
1958-11-30,2.1373498,simulation
1958-12-01,1.1157849,simulation
1958-12-02,0.8640549,simulation
1958-12-03,1.2908913,simulation
1958-12-04,2.3719,simulation
1958-12-05,1.2611209,simulation
1958-12-06,1.2573308,simulation
1958-12-07,1.3080142,simulation
1958-12-08,0.79763234,simulation
1958-12-09,0.9263891,simulation
1958-12-10,0.53948534,simulation
1958-12-11,1.5359769,simulation
1958-12-12,1.580203,simulation
1958-12-13,0.6345935,simulation
1958-12-14,1.4240785,simulation
1958-12-15,1.3322791,simulation
1958-12-16,1.5085517,simulation
1958-12-17,1.6326172,simulation
1958-12-18,1.5476816,simulation
1958-12-19,1.1168759,simulation
1958-12-20,0.6320296,simulation
1958-12-21,1.5578841,simulation
1958-12-22,0.95611906,simulation
1958-12-23,0.4217,simulation
1958-12-24,0.7774907,simulation
1958-12-25,0.68447846,simulation
1958-12-26,0.59779686,simulation
1958-12-27,0.2698,simulation
1958-12-28,0.36589998,simulation
1958-12-29,0.7203149,simulation
1958-12-30,0.2698,simulation
1958-12-31,0.19220002,simulation
1959-01-01,0.3814,simulation
1959-01-02,0.3225,simulation
1959-01-03,0.18289998,simulation
1959-01-04,0.75657994,simulation
1959-01-05,1.2904606,simulation
1959-01-06,0.7798025,simulation
1959-01-07,0.6625569,simulation
1959-01-08,0.6400157,simulation
1959-01-09,1.9151394,simulation
1959-01-10,1.3375226,simulation
1959-01-11,1.5134389,simulation
1959-01-12,1.3744584,simulation
1959-01-13,1.0760617,simulation
1959-01-14,0.75318974,simulation
1959-01-15,0.4062,simulation
1959-01-16,1.8569479,simulation
1959-01-17,0.59600925,simulation
1959-01-18,1.5376666,simulation
1959-01-19,1.1333847,simulation
1959-01-20,0.6330566,simulation
1959-01-21,0.8180934,simulation
1959-01-22,1.5519154,simulation
1959-01-23,1.3502673,simulation
1959-01-24,0.7410652,simulation
1959-01-25,2.0433,simulation
1959-01-26,1.9440715,simulation
1959-01-27,1.1830672,simulation
1959-01-28,1.5629056,simulation
1959-01-29,0.493,simulation
1959-01-30,0.22319998,simulation
1959-01-31,0.4248,simulation
1959-02-01,0.4,simulation
1959-02-02,0.20769998,simulation
1959-02-03,0.12399998,simulation
1959-02-04,0.3318,simulation
1959-02-05,1.5621605,simulation
1959-02-06,0.74130887,simulation
1959-02-07,0.71004635,simulation
1959-02-08,0.1891,simulation
1959-02-09,0.63800335,simulation
1959-02-10,0.8319158,simulation
1959-02-11,0.8008539,simulation
1959-02-12,0.6414219,simulation
1959-02-13,0.7363235,simulation
1959-02-14,0.7171276,simulation
1959-02-15,0.7661008,simulation
1959-02-16,2.806,simulation
1959-02-17,2.3347,simulation
1959-02-18,1.6392666,simulation
1959-02-19,1.2634794,simulation
1959-02-20,1.145608,simulation
1959-02-21,1.0844344,simulation
1959-02-22,2.2541,simulation
1959-02-23,0.60254323,simulation
1959-02-24,0.3163,simulation
1959-02-25,0.4279,simulation
1959-02-26,0.3008,simulation
1959-02-27,0.62831974,simulation
1959-02-28,0.79081595,simulation
1959-03-01,2.7192,simulation
1959-03-02,3.4136999,simulation
1959-03-03,2.8029,simulation
1959-03-04,1.2362826,simulation
1959-03-05,1.2624457,simulation
1959-03-06,2.8586998,simulation
1959-03-07,3.1254,simulation
1959-03-08,2.1702814,simulation
1959-03-09,2.4309,simulation
1959-03-10,1.6146305,simulation
1959-03-11,0.9052322,simulation
1959-03-12,3.8106,simulation
1959-03-13,3.5316,simulation
1959-03-14,0.58104146,simulation
1959-03-15,5.0757003,simulation
1959-03-16,2.8804,simulation
1959-03-17,1.2681544,simulation
1959-03-18,1.3056139,simulation
1959-03-19,1.4708184,simulation
1959-03-20,0.9592248,simulation
1959-03-21,3.7455,simulation
1959-03-22,4.8772006,simulation
1959-03-23,4.5982,simulation
1959-03-24,3.6277,simulation
1959-03-25,1.0373943,simulation
1959-03-26,1.1088362,simulation
1959-03-27,3.8323,simulation
1959-03-28,0.8270087,simulation
1959-03-29,3.1160998,simulation
1959-03-30,0.8985006,simulation
1959-03-31,1.699007,simulation
1959-04-01,1.72048,simulation
1959-04-02,4.9919004,simulation
1959-04-03,5.1346006,simulation
1959-04-04,5.8383994,simulation
1959-04-05,3.482,simulation
1959-04-06,2.7471,simulation
1959-04-07,2.2882,simulation
1959-04-08,2.1361177,simulation
1959-04-09,0.5243282,simulation
1959-04-10,0.59961605,simulation
1959-04-11,0.60473245,simulation
1959-04-12,0.99686825,simulation
1959-04-13,3.8385,simulation
1959-04-14,1.4797461,simulation
1959-04-15,1.9548624,simulation
1959-04-16,2.3968,simulation
1959-04-17,0.57036006,simulation
1959-04-18,1.1500579,simulation
1959-04-19,3.4106,simulation
1959-04-20,1.598342,simulation
1959-04-21,0.77777576,simulation
1959-04-22,3.9501,simulation
1959-04-23,5.692701,simulation
1959-04-24,5.503499,simulation
1959-04-25,4.7966,simulation
1959-04-26,2.7843,simulation
1959-04-27,2.3812,simulation
1959-04-28,3.1068003,simulation
1959-04-29,3.4634,simulation
1959-04-30,4.0804,simulation
1959-05-01,4.3036,simulation
1959-05-02,2.6727,simulation
1959-05-03,4.0525,simulation
1959-05-04,4.9981003,simulation
1959-05-05,4.6354,simulation
1959-05-06,2.6665,simulation
1959-05-07,6.7872024,simulation
1959-05-08,4.9516006,simulation
1959-05-09,5.1625,simulation
1959-05-10,4.7811003,simulation
1959-05-11,2.139164,simulation
1959-05-12,0.6648536,simulation
1959-05-13,4.2973995,simulation
1959-05-14,5.6431,simulation
1959-05-15,3.9625,simulation
1959-05-16,6.0150995,simulation
1959-05-17,5.0911994,simulation
1959-05-18,2.9424999,simulation
1959-05-19,2.4247,simulation
1959-05-20,2.4154,simulation
1959-05-21,2.134615,simulation
1959-05-22,4.2695003,simulation
1959-05-23,3.1781,simulation
1959-05-24,2.2479,simulation
1959-05-25,2.7688,simulation
1959-05-26,4.4275994,simulation
1959-05-27,4.4493,simulation
1959-05-28,4.2292004,simulation
1959-05-29,0.9286944,simulation
1959-05-30,1.1952536,simulation
1959-05-31,0.6697613,simulation
1959-06-01,3.02,simulation
1959-06-02,5.2927003,simulation
1959-06-03,5.1656,simulation
1959-06-04,1.8865523,simulation
1959-06-05,3.0448,simulation
1959-06-06,1.2057003,simulation
1959-06-07,2.5332,simulation
1959-06-08,0.8387169,simulation
1959-06-09,5.3485003,simulation
1959-06-10,4.4338007,simulation
1959-06-11,4.0958996,simulation
1959-06-12,2.5859,simulation
1959-06-13,0.73381317,simulation
1959-06-14,1.2166804,simulation
1959-06-15,2.5673,simulation
1959-06-16,3.9593995,simulation
1959-06-17,6.712803,simulation
1959-06-18,7.670801,simulation
1959-06-19,8.331301,simulation
1959-06-20,7.850698,simulation
1959-06-21,6.6911016,simulation
1959-06-22,5.1005006,simulation
1959-06-23,5.2027993,simulation
1959-06-24,4.3098,simulation
1959-06-25,4.4958005,simulation
1959-06-26,5.6183,simulation
1959-06-27,5.2958,simulation
1959-06-28,3.8602,simulation
1959-06-29,6.1516004,simulation
1959-06-30,5.6245008,simulation
1959-07-01,4.1920004,simulation
1959-07-02,3.6649,simulation
1959-07-03,1.924377,simulation
1959-07-04,4.285,simulation
1959-07-05,4.5672007,simulation
1959-07-06,2.9549,simulation
1959-07-07,2.6014001,simulation
1959-07-08,2.8928,simulation
1959-07-09,3.5966997,simulation
1959-07-10,2.8339,simulation
1959-07-11,3.33,simulation
1959-07-12,3.2370002,simulation
1959-07-13,3.6059997,simulation
1959-07-14,4.3315,simulation
1959-07-15,5.1935005,simulation
1959-07-16,4.9950004,simulation
1959-07-17,4.7097993,simulation
1959-07-18,5.0291,simulation
1959-07-19,3.3486,simulation
1959-07-20,4.2509,simulation
1959-07-21,4.9423,simulation
1959-07-22,2.8029,simulation
1959-07-23,4.068,simulation
1959-07-24,1.6291476,simulation
1959-07-25,2.7129998,simulation
1959-07-26,1.7172444,simulation
1959-07-27,2.8525,simulation
1959-07-28,4.6323,simulation
1959-07-29,4.9299,simulation
1959-07-30,3.2091,simulation
1959-07-31,1.5215063,simulation
1959-08-01,2.9549,simulation
1959-08-02,3.6339,simulation
1959-08-03,3.0262,simulation
1959-08-04,5.1500998,simulation
1959-08-05,4.5238,simulation
1959-08-06,5.394999,simulation
1959-08-07,4.7997,simulation
1959-08-08,4.5765,simulation
1959-08-09,3.0603,simulation
1959-08-10,4.0866,simulation
1959-08-11,5.9593015,simulation
1959-08-12,7.010399,simulation
1959-08-13,2.8184,simulation
1959-08-14,2.4495,simulation
1959-08-15,2.6045,simulation
1959-08-16,3.5214,simulation
1959-08-17,3.3109002,simulation
1959-08-18,3.7065,simulation
1959-08-19,4.2283,simulation
1959-08-20,4.4316,simulation
1959-08-21,4.9896,simulation
1959-08-22,4.5925007,simulation
1959-08-23,5.9071007,simulation
1959-08-24,5.7967,simulation
1959-08-25,5.1594,simulation
1959-08-26,4.0388,simulation
1959-08-27,4.689,simulation
1959-08-28,4.7642,simulation
1959-08-29,5.2198997,simulation
1959-08-30,3.3041997,simulation
1959-08-31,3.9619,simulation
1959-09-01,4.5719995,simulation
1959-09-02,4.6020007,simulation
1959-09-03,3.6315,simulation
1959-09-04,4.6534,simulation
1959-09-05,4.5989,simulation
1959-09-06,4.6557,simulation
1959-09-07,5.5636005,simulation
1959-09-08,4.9216003,simulation
1959-09-09,3.3994997,simulation
1959-09-10,2.2984033,simulation
1959-09-11,4.0742,simulation
1959-09-12,0.88091594,simulation
1959-09-13,0.5024829,simulation
1959-09-14,0.3809,simulation
1959-09-15,0.479541,simulation
1959-09-16,0.67414385,simulation
1959-09-17,4.1025004,simulation
1959-09-18,4.2141,simulation
1959-09-19,3.8457003,simulation
1959-09-20,5.7006016,simulation
1959-09-21,3.7489,simulation
1959-09-22,4.9539003,simulation
1959-09-23,4.2384,simulation
1959-09-24,4.8480005,simulation
1959-09-25,3.5868998,simulation
1959-09-26,1.0601563,simulation
1959-09-27,2.1960304,simulation
1959-09-28,3.1776,simulation
1959-09-29,4.0839996,simulation
1959-09-30,3.5606003,simulation
1959-10-01,3.7275,simulation
1959-10-02,4.515,simulation
1959-10-03,2.9966002,simulation
1959-10-04,3.7816997,simulation
1959-10-05,1.1707704,simulation
1959-10-06,0.5138124,simulation
1959-10-07,1.0947315,simulation
1959-10-08,1.498487,simulation
1959-10-09,4.0419,simulation
1959-10-10,1.8109454,simulation
1959-10-11,2.7675,simulation
1959-10-12,2.4889,simulation
1959-10-13,1.2294579,simulation
1959-10-14,0.4083,simulation
1959-10-15,3.6256,simulation
1959-10-16,0.4675,simulation
1959-10-17,0.3482,simulation
1959-10-18,3.9568996,simulation
1959-10-19,2.8891003,simulation
1959-10-20,0.67842937,simulation
1959-10-21,0.449,simulation
1959-10-22,0.43670002,simulation
1959-10-23,0.7408156,simulation
1959-10-24,4.1563,simulation
1959-10-25,3.9114,simulation
1959-10-26,4.1699996,simulation
1959-10-27,1.1063322,simulation
1959-10-28,0.7292667,simulation
1959-10-29,0.3347,simulation
1959-10-30,0.2273,simulation
1959-10-31,0.3026,simulation
1959-11-01,0.5480287,simulation
1959-11-02,2.3265,simulation
1959-11-03,2.7078,simulation
1959-11-04,1.2375057,simulation
1959-11-05,1.8325344,simulation
1959-11-06,1.1830304,simulation
1959-11-07,2.5828,simulation
1959-11-08,1.9569507,simulation
1959-11-09,2.5605,simulation
1959-11-10,2.1031058,simulation
1959-11-11,1.1179465,simulation
1959-11-12,2.7605,simulation
1959-11-13,0.6986768,simulation
1959-11-14,0.3004,simulation
1959-11-15,0.41160002,simulation
1959-11-16,0.3317,simulation
1959-11-17,1.2137347,simulation
1959-11-18,2.3345,simulation
1959-11-19,1.835318,simulation
1959-11-20,1.6374373,simulation
1959-11-21,1.2541381,simulation
1959-11-22,0.76192075,simulation
1959-11-23,0.5255,simulation
1959-11-24,2.9937,simulation
1959-11-25,2.9453,simulation
1959-11-26,2.6127,simulation
1959-11-27,0.524,simulation
1959-11-28,1.914986,simulation
1959-11-29,1.3238124,simulation
1959-11-30,1.4103736,simulation
1959-12-01,1.2136273,simulation
1959-12-02,1.3587455,simulation
1959-12-03,1.7757579,simulation
1959-12-04,0.65836537,simulation
1959-12-05,0.58774525,simulation
1959-12-06,1.9264917,simulation
1959-12-07,1.7524358,simulation
1959-12-08,1.8559444,simulation
1959-12-09,0.66126317,simulation
1959-12-10,1.0325522,simulation
1959-12-11,0.5051,simulation
1959-12-12,0.6013654,simulation
1959-12-13,0.7914771,simulation
1959-12-14,0.85829294,simulation
1959-12-15,0.6532141,simulation
1959-12-16,0.5876535,simulation
1959-12-17,0.61894464,simulation
1959-12-18,1.0256698,simulation
1959-12-19,1.9635735,simulation
1959-12-20,0.8687835,simulation
1959-12-21,1.5301337,simulation
1959-12-22,0.9429312,simulation
1959-12-23,0.71971136,simulation
1959-12-24,0.6097286,simulation
1959-12-25,0.243,simulation
1959-12-26,0.4803,simulation
1959-12-27,0.5935024,simulation
1959-12-28,1.2357482,simulation
1959-12-29,1.5847123,simulation
1959-12-30,0.5885618,simulation
1959-12-31,0.6173014,simulation
1960-01-01,0.3638,simulation
1960-01-02,0.17650001,simulation
1960-01-03,0.9508225,simulation
1960-01-04,0.7922258,simulation
1960-01-05,0.5667943,simulation
1960-01-06,0.0685,simulation
1960-01-07,0.3028,simulation
1960-01-08,0.79786104,simulation
1960-01-09,0.63472426,simulation
1960-01-10,0.6266108,simulation
1960-01-11,0.66711426,simulation
1960-01-12,0.5169,simulation
1960-01-13,0.566666,simulation
1960-01-14,0.67698324,simulation
1960-01-15,1.8892642,simulation
1960-01-16,0.68546516,simulation
1960-01-17,0.17369999,simulation
1960-01-18,1.1967148,simulation
1960-01-19,0.7465356,simulation
1960-01-20,1.3068962,simulation
1960-01-21,1.3635143,simulation
1960-01-22,1.0665314,simulation
1960-01-23,0.86756104,simulation
1960-01-24,0.81387275,simulation
1960-01-25,1.4717965,simulation
1960-01-26,0.66683364,simulation
1960-01-27,0.65757126,simulation
1960-01-28,0.3067,simulation
1960-01-29,0.4049,simulation
1960-01-30,0.4873,simulation
1960-01-31,0.2307,simulation
1960-02-01,0.1669,simulation
1960-02-02,0.1613,simulation
1960-02-03,0.58132774,simulation
1960-02-04,1.9613999,simulation
1960-02-05,0.93826294,simulation
1960-02-06,0.7524013,simulation
1960-02-07,0.9904153,simulation
1960-02-08,2.3071,simulation
1960-02-09,1.2948351,simulation
1960-02-10,3.4661999,simulation
1960-02-11,2.4786,simulation
1960-02-12,0.95941544,simulation
1960-02-13,0.2881,simulation
1960-02-14,1.2521559,simulation
1960-02-15,0.62602675,simulation
1960-02-16,0.3252,simulation
1960-02-17,1.8603657,simulation
1960-02-18,0.87071466,simulation
1960-02-19,2.0406053,simulation
1960-02-20,0.9757652,simulation
1960-02-21,0.2137,simulation
1960-02-22,2.5281,simulation
1960-02-23,2.6414,simulation
1960-02-24,0.90050244,simulation
1960-02-25,0.6646883,simulation
1960-02-26,1.7296517,simulation
1960-02-27,0.62639296,simulation
1960-02-28,0.76777023,simulation
1960-02-29,1.1385125,simulation
1960-03-01,0.82266706,simulation
1960-03-02,0.23059998,simulation
1960-03-03,1.4955055,simulation
1960-03-04,2.356,simulation
1960-03-05,1.7053958,simulation
1960-03-06,1.4217529,simulation
1960-03-07,0.64384866,simulation
1960-03-08,1.2083968,simulation
1960-03-09,0.80601966,simulation
1960-03-10,2.3805,simulation
1960-03-11,0.6212519,simulation
1960-03-12,3.0631,simulation
1960-03-13,1.5032642,simulation
1960-03-14,0.7088252,simulation
1960-03-15,0.1876,simulation
1960-03-16,2.9882,simulation
1960-03-17,1.0316759,simulation
1960-03-18,3.3070998,simulation
1960-03-19,4.608199,simulation
1960-03-20,3.8166,simulation
1960-03-21,4.0680003,simulation
1960-03-22,4.5233,simulation
1960-03-23,3.31,simulation
1960-03-24,1.2382792,simulation
1960-03-25,1.1899521,simulation
1960-03-26,2.1816,simulation
1960-03-27,0.5674838,simulation
1960-03-28,0.9792751,simulation
1960-03-29,0.8477615,simulation
1960-03-30,5.6536007,simulation
1960-03-31,4.7682004,simulation
1960-04-01,2.7851,simulation
1960-04-02,0.92050534,simulation
1960-04-03,1.1687634,simulation
1960-04-04,2.1868,simulation
1960-04-05,5.6186,simulation
1960-04-06,6.072201,simulation
1960-04-07,6.4689016,simulation
1960-04-08,2.4751,simulation
1960-04-09,1.5623038,simulation
1960-04-10,5.2216997,simulation
1960-04-11,5.4097004,simulation
1960-04-12,5.1372004,simulation
1960-04-13,2.3843,simulation
1960-04-14,3.3562,simulation
1960-04-15,3.2992,simulation
1960-04-16,4.1125,simulation
1960-04-17,1.0561346,simulation
1960-04-18,4.7762003,simulation
1960-04-19,5.8360996,simulation
1960-04-20,5.0910993,simulation
1960-04-21,2.7725997,simulation
1960-04-22,2.7942,simulation
1960-04-23,3.4541,simulation
1960-04-24,3.5402002,simulation
1960-04-25,3.181,simulation
1960-04-26,3.0072002,simulation
1960-04-27,4.0351996,simulation
1960-04-28,5.3412,simulation
1960-04-29,3.4797,simulation
1960-04-30,2.9368,simulation
1960-05-01,3.9656003,simulation
1960-05-02,1.8303529,simulation
1960-05-03,5.5587006,simulation
1960-05-04,2.7317,simulation
1960-05-05,0.98498124,simulation
1960-05-06,0.82923,simulation
1960-05-07,2.0636113,simulation
1960-05-08,6.388399,simulation
1960-05-09,4.1164,simulation
1960-05-10,5.2921,simulation
1960-05-11,2.357,simulation
1960-05-12,2.8078,simulation
1960-05-13,5.3714,simulation
1960-05-14,5.8658013,simulation
1960-05-15,5.3283,simulation
1960-05-16,3.8914,simulation
1960-05-17,4.4364,simulation
1960-05-18,5.2367,simulation
1960-05-19,3.979,simulation
1960-05-20,5.1902995,simulation
1960-05-21,4.0345,simulation
1960-05-22,5.2601004,simulation
1960-05-23,5.433,simulation
1960-05-24,4.5918,simulation
1960-05-25,5.2366004,simulation
1960-05-26,5.3129997,simulation
1960-05-27,6.9625983,simulation
1960-05-28,4.8501997,simulation
1960-05-29,5.3845997,simulation
1960-05-30,6.4698997,simulation
1960-05-31,5.6090016,simulation
1960-06-01,3.0266,simulation
1960-06-02,2.112779,simulation
1960-06-03,5.853799,simulation
1960-06-04,5.514201,simulation
1960-06-05,6.477001,simulation
1960-06-06,7.3159995,simulation
1960-06-07,7.164899,simulation
1960-06-08,5.7453,simulation
1960-06-09,6.4972997,simulation
1960-06-10,7.0376997,simulation
1960-06-11,7.383399,simulation
1960-06-12,6.5485,simulation
1960-06-13,4.3903,simulation
1960-06-14,6.6553006,simulation
1960-06-15,6.722299,simulation
1960-06-16,7.269799,simulation
1960-06-17,4.4678,simulation
1960-06-18,7.9693995,simulation
1960-06-19,7.523201,simulation
1960-06-20,6.023,simulation
1960-06-21,6.2465,simulation
1960-06-22,6.3775,simulation
1960-06-23,5.5809,simulation
1960-06-24,4.3663,simulation
1960-06-25,2.2717047,simulation
1960-06-26,3.5737,simulation
1960-06-27,2.8174424,simulation
1960-06-28,6.777201,simulation
1960-06-29,6.4416003,simulation
1960-06-30,6.9433007,simulation
1960-07-01,6.505901,simulation
1960-07-02,7.0994997,simulation
1960-07-03,7.192299,simulation
1960-07-04,4.506,simulation
1960-07-05,2.347659,simulation
1960-07-06,5.844099,simulation
1960-07-07,7.0188994,simulation
1960-07-08,5.989701,simulation
1960-07-09,5.7458005,simulation
1960-07-10,6.3563004,simulation
1960-07-11,5.9658995,simulation
1960-07-12,6.7678,simulation
1960-07-13,7.8109994,simulation
1960-07-14,6.9377995,simulation
1960-07-15,7.3609004,simulation
1960-07-16,3.4478,simulation
1960-07-17,3.0687,simulation
1960-07-18,4.107,simulation
1960-07-19,4.9085994,simulation
1960-07-20,6.2078,simulation
1960-07-21,6.7264013,simulation
1960-07-22,6.4210997,simulation
1960-07-23,5.1207004,simulation
1960-07-24,5.3837,simulation
1960-07-25,6.1157,simulation
1960-07-26,7.1202993,simulation
1960-07-27,5.6844006,simulation
1960-07-28,6.6907988,simulation
1960-07-29,7.3561,simulation
1960-07-30,4.437,simulation
1960-07-31,4.4466,simulation
1960-08-01,5.2381005,simulation
1960-08-02,2.604497,simulation
1960-08-03,3.0915544,simulation
1960-08-04,3.3172,simulation
1960-08-05,3.2942,simulation
1960-08-06,2.8683221,simulation
1960-08-07,5.3736005,simulation
1960-08-08,5.8608007,simulation
1960-08-09,4.6994,simulation
1960-08-10,1.587355,simulation
1960-08-11,0.43197167,simulation
1960-08-12,0.576657,simulation
1960-08-13,1.0096534,simulation
1960-08-14,0.6395424,simulation
1960-08-15,3.0240002,simulation
1960-08-16,4.8502,simulation
1960-08-17,4.1628,simulation
1960-08-18,3.3228,simulation
1960-08-19,0.73874694,simulation
1960-08-20,2.1617439,simulation
1960-08-21,1.5732416,simulation
1960-08-22,0.53351617,simulation
1960-08-23,3.1871,simulation
1960-08-24,4.928,simulation
1960-08-25,5.3291993,simulation
1960-08-26,3.51,simulation
1960-08-27,3.3306,simulation
1960-08-28,3.6999,simulation
1960-08-29,5.0509996,simulation
1960-08-30,5.398,simulation
1960-08-31,6.152901,simulation
1960-09-01,5.7433014,simulation
1960-09-02,5.4758,simulation
1960-09-03,5.8121004,simulation
1960-09-04,5.594999,simulation
1960-09-05,5.4624,simulation
1960-09-06,5.5828004,simulation
1960-09-07,5.8348985,simulation
1960-09-08,5.1593,simulation
1960-09-09,0.8701004,simulation
1960-09-10,2.5704,simulation
1960-09-11,0.61431485,simulation
1960-09-12,5.956401,simulation
1960-09-13,5.1110005,simulation
1960-09-14,0.91980445,simulation
1960-09-15,1.0090746,simulation
1960-09-16,0.59009767,simulation
1960-09-17,2.933,simulation
1960-09-18,4.7378993,simulation
1960-09-19,5.4794,simulation
1960-09-20,4.9574003,simulation
1960-09-21,4.813499,simulation
1960-09-22,5.6631994,simulation
1960-09-23,3.604,simulation
1960-09-24,3.6632,simulation
1960-09-25,2.6532,simulation
1960-09-26,0.5257937,simulation
1960-09-27,1.215845,simulation
1960-09-28,0.4472586,simulation
1960-09-29,1.1565518,simulation
1960-09-30,4.8680005,simulation
1960-10-01,4.9943,simulation
1960-10-02,3.9566,simulation
1960-10-03,1.0922842,simulation
1960-10-04,1.7710023,simulation
1960-10-05,0.6203814,simulation
1960-10-06,0.4914264,simulation
1960-10-07,1.0380112,simulation
1960-10-08,2.6745996,simulation
1960-10-09,3.4216003,simulation
1960-10-10,3.9009,simulation
1960-10-11,3.5922,simulation
1960-10-12,3.5347,simulation
1960-10-13,2.6556,simulation
1960-10-14,0.7103024,simulation
1960-10-15,1.6821615,simulation
1960-10-16,3.0741,simulation
1960-10-17,2.8194,simulation
1960-10-18,2.4386032,simulation
1960-10-19,0.5227836,simulation
1960-10-20,0.6209206,simulation
1960-10-21,2.3443437,simulation
1960-10-22,3.1532,simulation
1960-10-23,2.9004,simulation
1960-10-24,3.3635,simulation
1960-10-25,3.4432,simulation
1960-10-26,0.49522614,simulation
1960-10-27,1.8519863,simulation
1960-10-28,3.3955,simulation
1960-10-29,1.3554112,simulation
1960-10-30,0.322,simulation
1960-10-31,3.0282001,simulation
1960-11-01,2.9698002,simulation
1960-11-02,3.0336,simulation
1960-11-03,3.0824,simulation
1960-11-04,2.7727,simulation
1960-11-05,2.510111,simulation
1960-11-06,2.6431997,simulation
1960-11-07,2.0019927,simulation
1960-11-08,1.3879561,simulation
1960-11-09,0.81496483,simulation
1960-11-10,0.61354804,simulation
1960-11-11,1.7890751,simulation
1960-11-12,0.86943746,simulation
1960-11-13,0.5407699,simulation
1960-11-14,2.5633,simulation
1960-11-15,2.3230872,simulation
1960-11-16,0.3944,simulation
1960-11-17,0.559484,simulation
1960-11-18,0.35489997,simulation
1960-11-19,2.0742686,simulation
1960-11-20,1.1451253,simulation
1960-11-21,1.0343534,simulation
1960-11-22,0.4285699,simulation
1960-11-23,0.3937,simulation
1960-11-24,0.3948,simulation
1960-11-25,0.9395419,simulation
1960-11-26,1.3776958,simulation
1960-11-27,0.46156383,simulation
1960-11-28,0.48821202,simulation
1960-11-29,2.8571,simulation
1960-11-30,1.8041807,simulation
1960-12-01,2.254967,simulation
1960-12-02,1.2725276,simulation
1960-12-03,1.126008,simulation
1960-12-04,0.97047955,simulation
1960-12-05,1.8048996,simulation
1960-12-06,0.6911717,simulation
1960-12-07,0.16269998,simulation
1960-12-08,0.3437,simulation
1960-12-09,0.676065,simulation
1960-12-10,0.58717114,simulation
1960-12-11,1.3690525,simulation
1960-12-12,1.126398,simulation
1960-12-13,0.7827886,simulation
1960-12-14,0.1941,simulation
1960-12-15,0.047000002,simulation
1960-12-16,1.3820279,simulation
1960-12-17,1.0214828,simulation
1960-12-18,0.8205748,simulation
1960-12-19,1.0079757,simulation
1960-12-20,0.2741,simulation
1960-12-21,1.337877,simulation
1960-12-22,0.48758146,simulation
1960-12-23,1.0740305,simulation
1960-12-24,0.3667,simulation
1960-12-25,0.4184,simulation
1960-12-26,0.6482091,simulation
1960-12-27,0.4930027,simulation
1960-12-28,0.3064,simulation
1960-12-29,0.4087,simulation
1960-12-30,0.3056,simulation
1960-12-31,0.4101,simulation
1961-01-01,0.5388071,simulation
1961-01-02,0.308,simulation
1961-01-03,1.3594031,simulation
1961-01-04,0.96426433,simulation
1961-01-05,0.43320003,simulation
1961-01-06,0.3459,simulation
1961-01-07,0.1673,simulation
1961-01-08,0.70978147,simulation
1961-01-09,1.6474296,simulation
1961-01-10,1.0758214,simulation
1961-01-11,0.88878983,simulation
1961-01-12,1.0316457,simulation
1961-01-13,0.4522,simulation
1961-01-14,0.1766,simulation
1961-01-15,0.363,simulation
1961-01-16,0.7634544,simulation
1961-01-17,0.96970624,simulation
1961-01-18,1.6012946,simulation
1961-01-19,0.7764448,simulation
1961-01-20,1.639669,simulation
1961-01-21,1.3680166,simulation
1961-01-22,0.7604556,simulation
1961-01-23,0.9239118,simulation
1961-01-24,0.08079999,simulation
1961-01-25,0.2862,simulation
1961-01-26,0.11460001,simulation
1961-01-27,0.73138416,simulation
1961-01-28,0.3735,simulation
1961-01-29,1.1563985,simulation
1961-01-30,1.3193179,simulation
1961-01-31,1.0711895,simulation
1961-02-01,1.0220515,simulation
1961-02-02,0.2468,simulation
1961-02-03,0.8851423,simulation
1961-02-04,1.2820945,simulation
1961-02-05,1.6520909,simulation
1961-02-06,0.3107,simulation
1961-02-07,0.3401,simulation
1961-02-08,0.5559,simulation
1961-02-09,0.7099774,simulation
1961-02-10,1.568833,simulation
1961-02-11,2.313,simulation
1961-02-12,1.9105294,simulation
1961-02-13,1.482642,simulation
1961-02-14,0.73685706,simulation
1961-02-15,0.7215347,simulation
1961-02-16,1.3940331,simulation
1961-02-17,0.434,simulation
1961-02-18,0.6966401,simulation
1961-02-19,0.3506,simulation
1961-02-20,0.346,simulation
1961-02-21,0.2043,simulation
1961-02-22,0.7118,simulation
1961-02-23,2.4967,simulation
1961-02-24,0.2616,simulation
1961-02-25,2.8792,simulation
1961-02-26,3.5451,simulation
1961-02-27,0.82825136,simulation
1961-02-28,2.5198,simulation
1961-03-01,0.72232807,simulation
1961-03-02,2.7497,simulation
1961-03-03,1.6784363,simulation
1961-03-04,1.0766376,simulation
1961-03-05,0.84247655,simulation
1961-03-06,0.6771364,simulation
1961-03-07,2.0287,simulation
1961-03-08,4.7214994,simulation
1961-03-09,4.1684,simulation
1961-03-10,3.2685,simulation
1961-03-11,0.7391659,simulation
1961-03-12,1.8316998,simulation
1961-03-13,1.6502289,simulation
1961-03-14,4.5886,simulation
1961-03-15,4.4051,simulation
1961-03-16,1.0167044,simulation
1961-03-17,0.4594,simulation
1961-03-18,3.4615998,simulation
1961-03-19,2.3864,simulation
1961-03-20,0.62889725,simulation
1961-03-21,3.0787003,simulation
1961-03-22,4.0119,simulation
1961-03-23,4.1604,simulation
1961-03-24,3.7262,simulation
1961-03-25,2.9631,simulation
1961-03-26,4.7884994,simulation
1961-03-27,0.85739523,simulation
1961-03-28,0.6572956,simulation
1961-03-29,0.34,simulation
1961-03-30,0.342,simulation
1961-03-31,1.6141,simulation
1961-04-01,3.2708,simulation
1961-04-02,4.8252,simulation
1961-04-03,2.1524,simulation
1961-04-04,4.4566994,simulation
1961-04-05,4.6766,simulation
1961-04-06,0.86387134,simulation
1961-04-07,4.8653007,simulation
1961-04-08,1.7161627,simulation
1961-04-09,2.9551,simulation
1961-04-10,3.0027997,simulation
1961-04-11,2.3679,simulation
1961-04-12,2.238,simulation
1961-04-13,4.6435,simulation
1961-04-14,4.2664995,simulation
1961-04-15,1.7892159,simulation
1961-04-16,5.3511004,simulation
1961-04-17,5.7547016,simulation
1961-04-18,5.1665,simulation
1961-04-19,5.4186006,simulation
1961-04-20,5.8552003,simulation
1961-04-21,4.2480993,simulation
1961-04-22,3.1053998,simulation
1961-04-23,3.3384,simulation
1961-04-24,3.2748,simulation
1961-04-25,2.7542999,simulation
1961-04-26,2.9963002,simulation
1961-04-27,4.3091,simulation
1961-04-28,6.0834002,simulation
1961-04-29,3.787,simulation
1961-04-30,2.6812,simulation
1961-05-01,1.087825,simulation
1961-05-02,2.086347,simulation
1961-05-03,4.9423003,simulation
1961-05-04,5.1367993,simulation
1961-05-05,5.1775,simulation
1961-05-06,3.8629,simulation
1961-05-07,3.8485003,simulation
1961-05-08,1.5336277,simulation
1961-05-09,4.2803006,simulation
1961-05-10,4.3737993,simulation
1961-05-11,4.0338,simulation
1961-05-12,4.9681,simulation
1961-05-13,5.2033005,simulation
1961-05-14,2.9237,simulation
1961-05-15,4.6163,simulation
1961-05-16,6.648201,simulation
1961-05-17,4.7673,simulation
1961-05-18,2.7591,simulation
1961-05-19,6.2229996,simulation
1961-05-20,3.1103,simulation
1961-05-21,2.8178,simulation
1961-05-22,3.4489996,simulation
1961-05-23,1.8253438,simulation
1961-05-24,1.1487247,simulation
1961-05-25,2.0493605,simulation
1961-05-26,0.9519301,simulation
1961-05-27,6.5069003,simulation
1961-05-28,6.3099995,simulation
1961-05-29,6.5936995,simulation
1961-05-30,6.380499,simulation
1961-05-31,6.2732005,simulation
1961-06-01,6.3846993,simulation
1961-06-02,5.8684998,simulation
1961-06-03,5.6636996,simulation
1961-06-04,6.2007,simulation
1961-06-05,5.9577,simulation
1961-06-06,5.7864003,simulation
1961-06-07,2.7745001,simulation
1961-06-08,4.6663,simulation
1961-06-09,4.0544,simulation
1961-06-10,2.2141457,simulation
1961-06-11,2.0359418,simulation
1961-06-12,2.1047502,simulation
1961-06-13,2.9218,simulation
1961-06-14,2.7038,simulation
1961-06-15,1.4001896,simulation
1961-06-16,0.83522177,simulation
1961-06-17,0.49433264,simulation
1961-06-18,0.5185359,simulation
1961-06-19,0.47853193,simulation
1961-06-20,0.60804325,simulation
1961-06-21,4.5809994,simulation
1961-06-22,6.5115,simulation
1961-06-23,5.2521,simulation
1961-06-24,3.9097002,simulation
1961-06-25,1.2607806,simulation
1961-06-26,0.8074653,simulation
1961-06-27,5.7761,simulation
1961-06-28,5.9214,simulation
1961-06-29,5.8618,simulation
1961-06-30,5.3673005,simulation
1961-07-01,5.1762004,simulation
1961-07-02,5.3304,simulation
1961-07-03,3.3964,simulation
1961-07-04,5.0806,simulation
1961-07-05,6.4954996,simulation
1961-07-06,4.7312,simulation
1961-07-07,2.7608,simulation
1961-07-08,1.8463843,simulation
1961-07-09,2.1207,simulation
1961-07-10,2.1314,simulation
1961-07-11,0.60845834,simulation
1961-07-12,1.4798851,simulation
1961-07-13,4.1336,simulation
1961-07-14,3.2845001,simulation
1961-07-15,4.1539006,simulation
1961-07-16,3.8363,simulation
1961-07-17,2.8785,simulation
1961-07-18,5.477101,simulation
1961-07-19,4.897101,simulation
1961-07-20,4.6811996,simulation
1961-07-21,5.2993994,simulation
1961-07-22,3.9057999,simulation
1961-07-23,3.7376,simulation
1961-07-24,4.3972006,simulation
1961-07-25,5.2624993,simulation
1961-07-26,5.669001,simulation
1961-07-27,4.51,simulation
1961-07-28,4.9071994,simulation
1961-07-29,5.4298,simulation
1961-07-30,5.3562994,simulation
1961-07-31,3.5682,simulation
1961-08-01,5.6859007,simulation
1961-08-02,5.4178004,simulation
1961-08-03,4.713599,simulation
1961-08-04,4.5824003,simulation
1961-08-05,5.7295012,simulation
1961-08-06,5.1191,simulation
1961-08-07,1.0475157,simulation
1961-08-08,3.2912,simulation
1961-08-09,3.5825,simulation
1961-08-10,5.8944006,simulation
1961-08-11,4.8203,simulation
1961-08-12,4.8139005,simulation
1961-08-13,4.7667,simulation
1961-08-14,3.4207,simulation
1961-08-15,2.5362,simulation
1961-08-16,2.3021,simulation
1961-08-17,4.5423,simulation
1961-08-18,4.9119997,simulation
1961-08-19,6.1210995,simulation
1961-08-20,4.8491,simulation
1961-08-21,2.8719,simulation
1961-08-22,4.7763004,simulation
1961-08-23,4.6506,simulation
1961-08-24,3.865,simulation
1961-08-25,3.0296,simulation
1961-08-26,2.5642,simulation
1961-08-27,3.6645,simulation
1961-08-28,3.1345003,simulation
1961-08-29,3.3910003,simulation
1961-08-30,4.1543,simulation
1961-08-31,2.9940999,simulation
1961-09-01,3.8178,simulation
1961-09-02,2.7878,simulation
1961-09-03,2.6709998,simulation
1961-09-04,3.8364,simulation
1961-09-05,4.9548993,simulation
1961-09-06,4.5919,simulation
1961-09-07,3.9307,simulation
1961-09-08,4.1268005,simulation
1961-09-09,2.4100797,simulation
1961-09-10,1.6796508,simulation
1961-09-11,0.60801214,simulation
1961-09-12,0.72821975,simulation
1961-09-13,1.1036702,simulation
1961-09-14,1.562549,simulation
1961-09-15,3.7515,simulation
1961-09-16,5.0488005,simulation
1961-09-17,5.2758007,simulation
1961-09-18,4.4924006,simulation
1961-09-19,4.3974,simulation
1961-09-20,4.5313,simulation
1961-09-21,2.4909,simulation
1961-09-22,2.9214,simulation
1961-09-23,4.5264997,simulation
1961-09-24,4.3196993,simulation
1961-09-25,5.1307993,simulation
1961-09-26,4.506,simulation
1961-09-27,4.7531,simulation
1961-09-28,2.8904,simulation
1961-09-29,5.2373996,simulation
1961-09-30,3.366,simulation
1961-10-01,1.2699156,simulation
1961-10-02,0.5395447,simulation
1961-10-03,3.0608,simulation
1961-10-04,4.4650993,simulation
1961-10-05,4.2761,simulation
1961-10-06,3.7292,simulation
1961-10-07,1.1060573,simulation
1961-10-08,1.3535078,simulation
1961-10-09,4.0388,simulation
1961-10-10,4.3409,simulation
1961-10-11,4.1389,simulation
1961-10-12,4.5576,simulation
1961-10-13,2.210795,simulation
1961-10-14,4.9816003,simulation
1961-10-15,4.4129,simulation
1961-10-16,3.9138002,simulation
1961-10-17,3.9482,simulation
1961-10-18,3.7537,simulation
1961-10-19,3.1629,simulation
1961-10-20,3.4714,simulation
1961-10-21,2.9883,simulation
1961-10-22,3.107,simulation
1961-10-23,3.195,simulation
1961-10-24,3.0496,simulation
1961-10-25,2.4387627,simulation
1961-10-26,3.8165,simulation
1961-10-27,3.5022,simulation
1961-10-28,0.7554617,simulation
1961-10-29,1.4306213,simulation
1961-10-30,2.587038,simulation
1961-10-31,1.5030541,simulation
1961-11-01,1.4177992,simulation
1961-11-02,2.1938682,simulation
1961-11-03,0.40391907,simulation
1961-11-04,0.1386,simulation
1961-11-05,0.2912,simulation
1961-11-06,0.70066464,simulation
1961-11-07,3.487,simulation
1961-11-08,3.0904,simulation
1961-11-09,2.2908764,simulation
1961-11-10,0.5898931,simulation
1961-11-11,0.9448811,simulation
1961-11-12,1.0363288,simulation
1961-11-13,0.3251,simulation
1961-11-14,0.2048,simulation
1961-11-15,0.4371,simulation
1961-11-16,3.2905,simulation
1961-11-17,1.2212688,simulation
1961-11-18,0.5375,simulation
1961-11-19,1.3000907,simulation
1961-11-20,2.1639,simulation
1961-11-21,0.98186755,simulation
1961-11-22,0.6939792,simulation
1961-11-23,0.5909,simulation
1961-11-24,2.0733,simulation
1961-11-25,2.0782,simulation
1961-11-26,1.0668783,simulation
1961-11-27,0.5705,simulation
1961-11-28,0.79312444,simulation
1961-11-29,1.9008585,simulation
1961-11-30,1.2094752,simulation
1961-12-01,0.86796874,simulation
1961-12-02,0.8991466,simulation
1961-12-03,0.93244135,simulation
1961-12-04,0.8962204,simulation
1961-12-05,0.2024,simulation
1961-12-06,0.0877,simulation
1961-12-07,1.3140457,simulation
1961-12-08,0.81049645,simulation
1961-12-09,0.63405395,simulation
1961-12-10,0.241,simulation
1961-12-11,0.3541,simulation
1961-12-12,0.2424,simulation
1961-12-13,1.5493797,simulation
1961-12-14,0.053799998,simulation
1961-12-15,0.0061999895,simulation
1961-12-16,0.08600001,simulation
1961-12-17,0.09830002,simulation
1961-12-18,0.3621,simulation
1961-12-19,2.0431,simulation
1961-12-20,1.1394635,simulation
1961-12-21,1.0280144,simulation
1961-12-22,1.365427,simulation
1961-12-23,2.253,simulation
1961-12-24,0.93469787,simulation
1961-12-25,1.0675601,simulation
1961-12-26,1.0479052,simulation
1961-12-27,0.4545,simulation
1961-12-28,0.90820414,simulation
1961-12-29,1.0618365,simulation
1961-12-30,1.3203878,simulation
1961-12-31,0.3122,simulation
1962-01-01,0.5281,simulation
1962-01-02,1.0443852,simulation
1962-01-03,1.2800565,simulation
1962-01-04,0.7541422,simulation
1962-01-05,0.2342,simulation
1962-01-06,0.3734,simulation
1962-01-07,0.4938,simulation
1962-01-08,1.2413877,simulation
1962-01-09,0.3365,simulation
1962-01-10,0.80483395,simulation
1962-01-11,0.5688,simulation
1962-01-12,0.66485274,simulation
1962-01-13,0.836631,simulation
1962-01-14,0.7005718,simulation
1962-01-15,1.0044988,simulation
1962-01-16,1.0224029,simulation
1962-01-17,1.127569,simulation
1962-01-18,0.2411,simulation
1962-01-19,0.0949,simulation
1962-01-20,0.1978,simulation
1962-01-21,0.5643,simulation
1962-01-22,0.4134,simulation
1962-01-23,0.069800004,simulation
1962-01-24,0.473,simulation
1962-01-25,0.565,simulation
1962-01-26,0.59114516,simulation
1962-01-27,0.2286,simulation
1962-01-28,2.6747,simulation
1962-01-29,1.981346,simulation
1962-01-30,2.7303,simulation
1962-01-31,2.2408,simulation
1962-02-01,2.3546,simulation
1962-02-02,1.7808126,simulation
1962-02-03,0.9255582,simulation
1962-02-04,0.56492615,simulation
1962-02-05,0.7403594,simulation
1962-02-06,2.6677,simulation
1962-02-07,2.1448,simulation
1962-02-08,0.6592855,simulation
1962-02-09,1.8989344,simulation
1962-02-10,2.3065,simulation
1962-02-11,2.5222,simulation
1962-02-12,2.7994,simulation
1962-02-13,3.4230998,simulation
1962-02-14,0.660828,simulation
1962-02-15,0.56349564,simulation
1962-02-16,0.5004,simulation
1962-02-17,1.1909972,simulation
1962-02-18,0.58174604,simulation
1962-02-19,3.4976997,simulation
1962-02-20,2.2329,simulation
1962-02-21,0.6072848,simulation
1962-02-22,0.7070034,simulation
1962-02-23,1.1114448,simulation
1962-02-24,2.9175,simulation
1962-02-25,0.99494207,simulation
1962-02-26,1.6758615,simulation
1962-02-27,2.4399,simulation
1962-02-28,0.4652,simulation
1962-03-01,0.4771,simulation
1962-03-02,0.2241,simulation
1962-03-03,0.3246,simulation
1962-03-04,0.56518465,simulation
1962-03-05,3.1901,simulation
1962-03-06,2.8349,simulation
1962-03-07,0.8782245,simulation
1962-03-08,0.7506654,simulation
1962-03-09,0.906465,simulation
1962-03-10,0.6012207,simulation
1962-03-11,0.6896018,simulation
1962-03-12,4.2409,simulation
1962-03-13,2.6036,simulation
1962-03-14,0.6913898,simulation
1962-03-15,1.5659851,simulation
1962-03-16,3.9021,simulation
1962-03-17,3.4025,simulation
1962-03-18,3.744,simulation
1962-03-19,2.7266,simulation
1962-03-20,0.8507712,simulation
1962-03-21,3.8858,simulation
1962-03-22,1.1186087,simulation
1962-03-23,4.4297004,simulation
1962-03-24,4.1002,simulation
1962-03-25,4.3729,simulation
1962-03-26,2.9509997,simulation
1962-03-27,4.7250004,simulation
1962-03-28,4.1898994,simulation
1962-03-29,3.6271,simulation
1962-03-30,1.8293202,simulation
1962-03-31,0.4592,simulation
1962-04-01,4.6610994,simulation
1962-04-02,4.3277006,simulation
1962-04-03,3.4611,simulation
1962-04-04,1.6332464,simulation
1962-04-05,0.5211,simulation
1962-04-06,1.0271261,simulation
1962-04-07,0.9759111,simulation
1962-04-08,5.0716996,simulation
1962-04-09,3.7548,simulation
1962-04-10,2.1834,simulation
1962-04-11,1.9327753,simulation
1962-04-12,1.2020612,simulation
1962-04-13,5.457901,simulation
1962-04-14,5.3405,simulation
1962-04-15,5.2551,simulation
1962-04-16,5.0549006,simulation
1962-04-17,1.239435,simulation
1962-04-18,2.9665003,simulation
1962-04-19,5.2718997,simulation
1962-04-20,5.786701,simulation
1962-04-21,6.6576,simulation
1962-04-22,5.312599,simulation
1962-04-23,3.2399,simulation
1962-04-24,0.9849253,simulation
1962-04-25,1.3727549,simulation
1962-04-26,3.5954,simulation
1962-04-27,3.9198,simulation
1962-04-28,1.5266265,simulation
1962-04-29,3.7846997,simulation
1962-04-30,4.4158006,simulation
1962-05-01,2.7683,simulation
1962-05-02,5.796101,simulation
1962-05-03,2.8125,simulation
1962-05-04,5.7611003,simulation
1962-05-05,5.8751006,simulation
1962-05-06,6.3336005,simulation
1962-05-07,5.9247007,simulation
1962-05-08,7.1992,simulation
1962-05-09,6.6114016,simulation
1962-05-10,5.0923004,simulation
1962-05-11,6.8257017,simulation
1962-05-12,6.679702,simulation
1962-05-13,6.7193995,simulation
1962-05-14,4.9956,simulation
1962-05-15,5.6769,simulation
1962-05-16,6.920402,simulation
1962-05-17,6.4899,simulation
1962-05-18,6.3199,simulation
1962-05-19,7.2800975,simulation
1962-05-20,5.9788995,simulation
1962-05-21,6.7464995,simulation
1962-05-22,6.3939,simulation
1962-05-23,3.5693,simulation
1962-05-24,3.7263,simulation
1962-05-25,5.2072,simulation
1962-05-26,4.448,simulation
1962-05-27,5.8767,simulation
1962-05-28,7.517299,simulation
1962-05-29,3.7204,simulation
1962-05-30,1.3109204,simulation
1962-05-31,1.4526436,simulation
1962-06-01,2.2488801,simulation
1962-06-02,4.1705003,simulation
1962-06-03,4.2436004,simulation
1962-06-04,3.2323,simulation
1962-06-05,3.9432,simulation
1962-06-06,3.2936003,simulation
1962-06-07,5.2334995,simulation
1962-06-08,3.4798996,simulation
1962-06-09,3.9034,simulation
1962-06-10,4.2894006,simulation
1962-06-11,2.685,simulation
1962-06-12,3.2975,simulation
1962-06-13,3.3062,simulation
1962-06-14,4.1701994,simulation
1962-06-15,6.8221993,simulation
1962-06-16,6.4655995,simulation
1962-06-17,5.0426,simulation
1962-06-18,5.5091,simulation
1962-06-19,4.2986,simulation
1962-06-20,3.2013,simulation
1962-06-21,7.7650013,simulation
1962-06-22,7.4556007,simulation
1962-06-23,5.2996006,simulation
1962-06-24,3.9210002,simulation
1962-06-25,4.984399,simulation
1962-06-26,5.0474,simulation
1962-06-27,3.5171,simulation
1962-06-28,3.1395,simulation
1962-06-29,2.2409387,simulation
1962-06-30,5.2687,simulation
1962-07-01,6.1396995,simulation
1962-07-02,6.3156004,simulation
1962-07-03,6.222299,simulation
1962-07-04,5.4709005,simulation
1962-07-05,6.6597004,simulation
1962-07-06,4.1042,simulation
1962-07-07,6.452501,simulation
1962-07-08,6.7518005,simulation
1962-07-09,6.6921,simulation
1962-07-10,6.0694003,simulation
1962-07-11,4.4574,simulation
1962-07-12,4.5262,simulation
1962-07-13,5.1732,simulation
1962-07-14,6.7514014,simulation
1962-07-15,5.868,simulation
1962-07-16,5.0413,simulation
1962-07-17,6.1074,simulation
1962-07-18,7.2522,simulation
1962-07-19,8.497699,simulation
1962-07-20,7.7823005,simulation
1962-07-21,5.7393007,simulation
1962-07-22,6.7728004,simulation
1962-07-23,6.3876004,simulation
1962-07-24,5.9922004,simulation
1962-07-25,5.2058005,simulation
1962-07-26,4.2635,simulation
1962-07-27,4.5549,simulation
1962-07-28,3.4105,simulation
1962-07-29,2.9169378,simulation
1962-07-30,5.6794,simulation
1962-07-31,6.4916997,simulation
1962-08-01,5.667599,simulation
1962-08-02,3.3334,simulation
1962-08-03,2.5596032,simulation
1962-08-04,4.2626,simulation
1962-08-05,4.7894,simulation
1962-08-06,6.8809996,simulation
1962-08-07,6.9755015,simulation
1962-08-08,7.4478006,simulation
1962-08-09,8.287699,simulation
1962-08-10,7.1433997,simulation
1962-08-11,7.7473984,simulation
1962-08-12,7.7330995,simulation
1962-08-13,5.1989007,simulation
1962-08-14,5.1412,simulation
1962-08-15,3.8617,simulation
1962-08-16,3.2539,simulation
1962-08-17,6.4450994,simulation
1962-08-18,6.3019,simulation
1962-08-19,6.2270994,simulation
1962-08-20,5.2461,simulation
1962-08-21,3.5281,simulation
1962-08-22,3.839,simulation
1962-08-23,4.5813,simulation
1962-08-24,3.7488,simulation
1962-08-25,1.0211052,simulation
1962-08-26,3.31,simulation
1962-08-27,5.5941005,simulation
1962-08-28,5.5197997,simulation
1962-08-29,2.8543944,simulation
1962-08-30,4.9055,simulation
1962-08-31,4.5308,simulation
1962-09-01,4.9823995,simulation
1962-09-02,5.0549006,simulation
1962-09-03,5.3439,simulation
1962-09-04,5.5833,simulation
1962-09-05,3.0690002,simulation
1962-09-06,3.5939,simulation
1962-09-07,1.5741574,simulation
1962-09-08,1.5116905,simulation
1962-09-09,3.2793,simulation
1962-09-10,3.7643,simulation
1962-09-11,4.7772,simulation
1962-09-12,4.8511,simulation
1962-09-13,5.1530004,simulation
1962-09-14,3.7513003,simulation
1962-09-15,1.5655347,simulation
1962-09-16,2.7938797,simulation
1962-09-17,3.423,simulation
1962-09-18,4.1149,simulation
1962-09-19,5.335,simulation
1962-09-20,5.4795,simulation
1962-09-21,5.7278,simulation
1962-09-22,4.7755,simulation
1962-09-23,5.0611,simulation
1962-09-24,4.1354,simulation
1962-09-25,3.7895,simulation
1962-09-26,0.49867746,simulation
1962-09-27,4.6725,simulation
1962-09-28,4.401,simulation
1962-09-29,4.9763,simulation
1962-09-30,4.9871,simulation
1962-10-01,0.53334457,simulation
1962-10-02,1.2117993,simulation
1962-10-03,2.8310025,simulation
1962-10-04,4.8884,simulation
1962-10-05,4.4321,simulation
1962-10-06,5.1713004,simulation
1962-10-07,1.5996624,simulation
1962-10-08,0.7216984,simulation
1962-10-09,1.2353011,simulation
1962-10-10,4.2224,simulation
1962-10-11,3.3605,simulation
1962-10-12,3.3414,simulation
1962-10-13,2.5148692,simulation
1962-10-14,2.420418,simulation
1962-10-15,1.7777076,simulation
1962-10-16,1.8084201,simulation
1962-10-17,2.5702283,simulation
1962-10-18,4.0153,simulation
1962-10-19,4.2441,simulation
1962-10-20,3.4788,simulation
1962-10-21,0.6291987,simulation
1962-10-22,3.5364,simulation
1962-10-23,4.0168,simulation
1962-10-24,1.6217743,simulation
1962-10-25,3.203,simulation
1962-10-26,1.5331244,simulation
1962-10-27,1.8962668,simulation
1962-10-28,2.6223855,simulation
1962-10-29,0.4942579,simulation
1962-10-30,1.2958004,simulation
1962-10-31,4.0021,simulation
1962-11-01,0.49594986,simulation
1962-11-02,0.55672693,simulation
1962-11-03,0.32131925,simulation
1962-11-04,1.4366704,simulation
1962-11-05,2.0794842,simulation
1962-11-06,1.0676674,simulation
1962-11-07,0.37851173,simulation
1962-11-08,0.37628284,simulation
1962-11-09,2.3531082,simulation
1962-11-10,1.8810298,simulation
1962-11-11,1.7595624,simulation
1962-11-12,1.2012403,simulation
1962-11-13,2.7307603,simulation
1962-11-14,2.0988338,simulation
1962-11-15,1.3472464,simulation
1962-11-16,0.9552639,simulation
1962-11-17,0.37959042,simulation
1962-11-18,0.3616838,simulation
1962-11-19,0.5310464,simulation
1962-11-20,0.1773,simulation
1962-11-21,0.6002142,simulation
1962-11-22,2.5993338,simulation
1962-11-23,1.9365551,simulation
1962-11-24,0.7791993,simulation
1962-11-25,0.50167054,simulation
1962-11-26,0.6788816,simulation
1962-11-27,0.57876414,simulation
1962-11-28,0.7671518,simulation
1962-11-29,0.34560886,simulation
1962-11-30,1.074172,simulation
1962-12-01,0.9973446,simulation
1962-12-02,1.285016,simulation
1962-12-03,1.0671244,simulation
1962-12-04,0.9157937,simulation
1962-12-05,1.0354666,simulation
1962-12-06,1.6416997,simulation
1962-12-07,1.0637652,simulation
1962-12-08,0.9132894,simulation
1962-12-09,1.6008514,simulation
1962-12-10,1.5793469,simulation
1962-12-11,0.70181406,simulation
1962-12-12,0.7753471,simulation
1962-12-13,0.7218193,simulation
1962-12-14,1.0490729,simulation
1962-12-15,0.3681787,simulation
1962-12-16,0.3669073,simulation
1962-12-17,0.4623915,simulation
1962-12-18,0.4070616,simulation
1962-12-19,0.206,simulation
1962-12-20,0.3886349,simulation
1962-12-21,0.261,simulation
1962-12-22,0.36276922,simulation
1962-12-23,1.0294707,simulation
1962-12-24,0.28149998,simulation
1962-12-25,0.0619,simulation
1962-12-26,0.2021,simulation
1962-12-27,0.1058,simulation
1962-12-28,0.12389998,simulation
1962-12-29,0.5536307,simulation
1962-12-30,0.9285332,simulation
1962-12-31,1.1366929,simulation
1963-01-01,0.7534648,simulation
1963-01-02,0.5095656,simulation
1963-01-03,0.9421632,simulation
1963-01-04,0.61910003,simulation
1963-01-05,0.2588,simulation
1963-01-06,0.1464,simulation
1963-01-07,0.454927,simulation
1963-01-08,1.1939789,simulation
1963-01-09,0.73599416,simulation
1963-01-10,1.2359622,simulation
1963-01-11,0.2719,simulation
1963-01-12,0.142,simulation
1963-01-13,0.4178,simulation
1963-01-14,0.4828214,simulation
1963-01-15,0.7374957,simulation
1963-01-16,0.91757536,simulation
1963-01-17,0.3596,simulation
1963-01-18,0.07379999,simulation
1963-01-19,0.0093,simulation
1963-01-20,0.16699998,simulation
1963-01-21,1.1200659,simulation
1963-01-22,1.2031935,simulation
1963-01-23,0.5272521,simulation
1963-01-24,0.9388598,simulation
1963-01-25,0.6758586,simulation
1963-01-26,0.5867949,simulation
1963-01-27,1.1012212,simulation
1963-01-28,1.328166,simulation
1963-01-29,0.5515024,simulation
1963-01-30,0.1389,simulation
1963-01-31,0.3716,simulation
1963-02-01,0.6064153,simulation
1963-02-02,0.89374423,simulation
1963-02-03,2.6081,simulation
1963-02-04,1.3000404,simulation
1963-02-05,2.4898,simulation
1963-02-06,2.5154,simulation
1963-02-07,2.6605,simulation
1963-02-08,0.57172775,simulation
1963-02-09,1.4291075,simulation
1963-02-10,0.7219479,simulation
1963-02-11,0.5388238,simulation
1963-02-12,1.8648412,simulation
1963-02-13,2.3843,simulation
1963-02-14,2.9538,simulation
1963-02-15,1.484138,simulation
1963-02-16,2.2394,simulation
1963-02-17,1.5979165,simulation
1963-02-18,0.5786399,simulation
1963-02-19,0.47420004,simulation
1963-02-20,2.1677,simulation
1963-02-21,0.8835585,simulation
1963-02-22,2.1498,simulation
1963-02-23,1.1006883,simulation
1963-02-24,2.4733,simulation
1963-02-25,0.764875,simulation
1963-02-26,1.9086794,simulation
1963-02-27,3.1533997,simulation
1963-02-28,2.4109,simulation
1963-03-01,0.72815007,simulation
1963-03-02,2.101,simulation
1963-03-03,3.1343,simulation
1963-03-04,0.88576233,simulation
1963-03-05,0.6096465,simulation
1963-03-06,3.3115,simulation
1963-03-07,3.5813,simulation
1963-03-08,2.5636,simulation
1963-03-09,1.4666631,simulation
1963-03-10,3.3828,simulation
1963-03-11,1.7420237,simulation
1963-03-12,0.82565,simulation
1963-03-13,3.8888,simulation
1963-03-14,1.1926386,simulation
1963-03-15,2.5449,simulation
1963-03-16,1.2772329,simulation
1963-03-17,3.0945997,simulation
1963-03-18,2.6959,simulation
1963-03-19,2.2328,simulation
1963-03-20,5.1906,simulation
1963-03-21,4.8560996,simulation
1963-03-22,3.8414998,simulation
1963-03-23,4.2406,simulation
1963-03-24,3.4159,simulation
1963-03-25,1.4699124,simulation
1963-03-26,5.2726007,simulation
1963-03-27,4.8402,simulation
1963-03-28,4.3872004,simulation
1963-03-29,4.9452,simulation
1963-03-30,5.1786,simulation
1963-03-31,4.3900995,simulation
1963-04-01,5.324399,simulation
1963-04-02,4.907499,simulation
1963-04-03,3.0843003,simulation
1963-04-04,4.3366,simulation
1963-04-05,3.1147,simulation
1963-04-06,0.89592785,simulation
1963-04-07,2.1432788,simulation
1963-04-08,4.1503,simulation
1963-04-09,1.3091359,simulation
1963-04-10,3.6511,simulation
1963-04-11,1.4871027,simulation
1963-04-12,3.0147,simulation
1963-04-13,6.0176005,simulation
1963-04-14,5.165299,simulation
1963-04-15,4.564,simulation
1963-04-16,6.0147004,simulation
1963-04-17,5.8453,simulation
1963-04-18,3.6067,simulation
1963-04-19,2.8377998,simulation
1963-04-20,0.60852844,simulation
1963-04-21,2.5367,simulation
1963-04-22,4.1376,simulation
1963-04-23,2.365647,simulation
1963-04-24,1.3296226,simulation
1963-04-25,0.94920844,simulation
1963-04-26,2.4182904,simulation
1963-04-27,1.0766662,simulation
1963-04-28,1.4340063,simulation
1963-04-29,3.5492,simulation
1963-04-30,6.0024004,simulation
1963-05-01,4.0641,simulation
1963-05-02,3.514,simulation
1963-05-03,4.8629003,simulation
1963-05-04,3.9347,simulation
1963-05-05,4.7602,simulation
1963-05-06,4.3361998,simulation
1963-05-07,6.066099,simulation
1963-05-08,5.9983,simulation
1963-05-09,5.782801,simulation
1963-05-10,5.5904994,simulation
1963-05-11,5.603899,simulation
1963-05-12,6.0383987,simulation
1963-05-13,3.7978,simulation
1963-05-14,4.6287,simulation
1963-05-15,6.1038003,simulation
1963-05-16,3.9772,simulation
1963-05-17,5.1750007,simulation
1963-05-18,3.0618,simulation
1963-05-19,2.3592064,simulation
1963-05-20,2.0794048,simulation
1963-05-21,3.7252,simulation
1963-05-22,4.8029003,simulation
1963-05-23,5.6121993,simulation
1963-05-24,4.7591,simulation
1963-05-25,3.3331,simulation
1963-05-26,3.9927,simulation
1963-05-27,4.1828,simulation
1963-05-28,1.7995185,simulation
1963-05-29,4.6335,simulation
1963-05-30,5.5619006,simulation
1963-05-31,5.3818007,simulation
1963-06-01,7.9353004,simulation
1963-06-02,6.3728,simulation
1963-06-03,6.537901,simulation
1963-06-04,6.0563993,simulation
1963-06-05,4.8854,simulation
1963-06-06,6.3364005,simulation
1963-06-07,7.3723,simulation
1963-06-08,7.5047994,simulation
1963-06-09,6.980899,simulation
1963-06-10,3.7008,simulation
1963-06-11,7.403902,simulation
1963-06-12,5.8896,simulation
1963-06-13,7.2112007,simulation
1963-06-14,6.6838994,simulation
1963-06-15,5.3852,simulation
1963-06-16,5.9031,simulation
1963-06-17,0.41524947,simulation
1963-06-18,1.0209854,simulation
1963-06-19,2.8156316,simulation
1963-06-20,0.7411769,simulation
1963-06-21,0.47552893,simulation
1963-06-22,2.2181041,simulation
1963-06-23,2.3704822,simulation
1963-06-24,1.6504301,simulation
1963-06-25,3.9330003,simulation
1963-06-26,3.1893,simulation
1963-06-27,3.5993,simulation
1963-06-28,3.5176,simulation
1963-06-29,3.9965997,simulation
1963-06-30,3.6234,simulation
1963-07-01,5.5571003,simulation
1963-07-02,4.4282,simulation
1963-07-03,3.8981998,simulation
1963-07-04,6.651799,simulation
1963-07-05,7.193401,simulation
1963-07-06,6.892901,simulation
1963-07-07,6.7203984,simulation
1963-07-08,1.5307221,simulation
1963-07-09,3.7727997,simulation
1963-07-10,6.2860994,simulation
1963-07-11,6.4732003,simulation
1963-07-12,5.4305,simulation
1963-07-13,1.1858643,simulation
1963-07-14,1.7958238,simulation
1963-07-15,3.7978,simulation
1963-07-16,3.3479,simulation
1963-07-17,4.3353,simulation
1963-07-18,4.7757,simulation
1963-07-19,4.78,simulation
1963-07-20,6.7793016,simulation
1963-07-21,3.9911997,simulation
1963-07-22,5.8232994,simulation
1963-07-23,2.100421,simulation
1963-07-24,3.6517,simulation
1963-07-25,0.7397585,simulation
1963-07-26,2.2626615,simulation
1963-07-27,3.4479,simulation
1963-07-28,4.6045,simulation
1963-07-29,3.9578998,simulation
1963-07-30,3.0631,simulation
1963-07-31,1.0429894,simulation
1963-08-01,5.917599,simulation
1963-08-02,6.5322995,simulation
1963-08-03,6.189,simulation
1963-08-04,6.8820996,simulation
1963-08-05,6.3573,simulation
1963-08-06,6.63,simulation
1963-08-07,5.1565,simulation
1963-08-08,4.1503,simulation
1963-08-09,4.2977,simulation
1963-08-10,4.8921,simulation
1963-08-11,3.4980001,simulation
1963-08-12,5.4758997,simulation
1963-08-13,2.7597823,simulation
1963-08-14,0.5258224,simulation
1963-08-15,5.0405006,simulation
1963-08-16,5.432,simulation
1963-08-17,5.7915998,simulation
1963-08-18,5.3820004,simulation
1963-08-19,4.8636994,simulation
1963-08-20,1.2714857,simulation
1963-08-21,4.9156,simulation
1963-08-22,4.9291,simulation
1963-08-23,5.5530005,simulation
1963-08-24,6.0669994,simulation
1963-08-25,4.9476,simulation
1963-08-26,5.4754996,simulation
1963-08-27,5.3272004,simulation
1963-08-28,4.8865,simulation
1963-08-29,2.696937,simulation
1963-08-30,4.3219,simulation
1963-08-31,6.5680003,simulation
1963-09-01,6.8425,simulation
1963-09-02,6.2383995,simulation
1963-09-03,4.9794993,simulation
1963-09-04,4.0466,simulation
1963-09-05,3.6387,simulation
1963-09-06,5.3323994,simulation
1963-09-07,3.4498,simulation
1963-09-08,6.2634,simulation
1963-09-09,6.339999,simulation
1963-09-10,5.9635005,simulation
1963-09-11,5.4636993,simulation
1963-09-12,4.8667,simulation
1963-09-13,2.8795354,simulation
1963-09-14,0.45092285,simulation
1963-09-15,0.37095857,simulation
1963-09-16,0.52764887,simulation
1963-09-17,0.51747316,simulation
1963-09-18,0.698402,simulation
1963-09-19,6.0236,simulation
1963-09-20,5.9265995,simulation
1963-09-21,4.7872,simulation
1963-09-22,6.6974998,simulation
1963-09-23,3.5411,simulation
1963-09-24,3.8321,simulation
1963-09-25,5.0473,simulation
1963-09-26,1.2633313,simulation
1963-09-27,0.31711677,simulation
1963-09-28,0.35421878,simulation
1963-09-29,3.4221,simulation
1963-09-30,5.1049,simulation
1963-10-01,3.9654,simulation
1963-10-02,2.7272,simulation
1963-10-03,5.0458,simulation
1963-10-04,5.5513,simulation
1963-10-05,3.4548998,simulation
1963-10-06,4.6855,simulation
1963-10-07,4.962,simulation
1963-10-08,4.8954,simulation
1963-10-09,5.3453,simulation
1963-10-10,5.1259003,simulation
1963-10-11,4.8947,simulation
1963-10-12,4.9264,simulation
1963-10-13,4.9125,simulation
1963-10-14,4.1909,simulation
1963-10-15,4.5136,simulation
1963-10-16,3.6921,simulation
1963-10-17,4.1691,simulation
1963-10-18,4.3559,simulation
1963-10-19,4.6316,simulation
1963-10-20,2.8775625,simulation
1963-10-21,2.649472,simulation
1963-10-22,1.4966444,simulation
1963-10-23,1.5265946,simulation
1963-10-24,0.61583114,simulation
1963-10-25,0.40269879,simulation
1963-10-26,1.2035729,simulation
1963-10-27,0.52249634,simulation
1963-10-28,3.2299302,simulation
1963-10-29,4.0356,simulation
1963-10-30,2.8663564,simulation
1963-10-31,4.1334,simulation
1963-11-01,0.5945986,simulation
1963-11-02,1.9606599,simulation
1963-11-03,0.71239895,simulation
1963-11-04,0.7822951,simulation
1963-11-05,0.54676354,simulation
1963-11-06,0.5269961,simulation
1963-11-07,2.0991914,simulation
1963-11-08,0.44351608,simulation
1963-11-09,0.31225458,simulation
1963-11-10,1.4238234,simulation
1963-11-11,2.1877666,simulation
1963-11-12,3.0091734,simulation
1963-11-13,1.619974,simulation
1963-11-14,0.9539505,simulation
1963-11-15,0.73324215,simulation
1963-11-16,2.5636044,simulation
1963-11-17,2.0614257,simulation
1963-11-18,0.7873708,simulation
1963-11-19,1.6743898,simulation
1963-11-20,0.27724174,simulation
1963-11-21,0.49123004,simulation
1963-11-22,0.39357337,simulation
1963-11-23,0.42735857,simulation
1963-11-24,1.285822,simulation
1963-11-25,0.57755756,simulation
1963-11-26,0.2695139,simulation
1963-11-27,0.2750884,simulation
1963-11-28,0.22278717,simulation
1963-11-29,2.7374694,simulation
1963-11-30,2.274648,simulation
1963-12-01,0.6766637,simulation
1963-12-02,0.34903225,simulation
1963-12-03,0.96136737,simulation
1963-12-04,1.1612908,simulation
1963-12-05,0.8837197,simulation
1963-12-06,0.36782715,simulation
1963-12-07,1.0455118,simulation
1963-12-08,2.4603705,simulation
1963-12-09,1.3434863,simulation
1963-12-10,0.474525,simulation
1963-12-11,0.27890173,simulation
1963-12-12,0.2164,simulation
1963-12-13,0.10719999,simulation
1963-12-14,0.3211735,simulation
1963-12-15,0.5173198,simulation
1963-12-16,0.44875425,simulation
1963-12-17,0.67621183,simulation
1963-12-18,0.6548684,simulation
1963-12-19,0.8004876,simulation
1963-12-20,0.41251978,simulation
1963-12-21,0.44192952,simulation
1963-12-22,0.32279134,simulation
1963-12-23,0.2086,simulation
1963-12-24,0.56702375,simulation
1963-12-25,0.85271066,simulation
1963-12-26,0.9568699,simulation
1963-12-27,0.7351498,simulation
1963-12-28,0.6718029,simulation
1963-12-29,1.058372,simulation
1963-12-30,1.0088979,simulation
1963-12-31,0.3901418,simulation
1964-01-01,0.88472074,simulation
1964-01-02,1.3698983,simulation
1964-01-03,0.9237358,simulation
1964-01-04,0.39739832,simulation
1964-01-05,0.54411215,simulation
1964-01-06,0.2278,simulation
1964-01-07,0.38741773,simulation
1964-01-08,0.2257,simulation
1964-01-09,0.62978214,simulation
1964-01-10,0.7377531,simulation
1964-01-11,0.46843213,simulation
1964-01-12,0.53626215,simulation
1964-01-13,0.7231607,simulation
1964-01-14,0.812126,simulation
1964-01-15,0.5376853,simulation
1964-01-16,0.22429998,simulation
1964-01-17,1.5866076,simulation
1964-01-18,0.7699703,simulation
1964-01-19,1.0866169,simulation
1964-01-20,3.3576,simulation
1964-01-21,1.8953279,simulation
1964-01-22,0.5342475,simulation
1964-01-23,0.1903,simulation
1964-01-24,0.56294864,simulation
1964-01-25,1.2064955,simulation
1964-01-26,2.3156,simulation
1964-01-27,0.58671033,simulation
1964-01-28,2.3204,simulation
1964-01-29,0.8390626,simulation
1964-01-30,0.9499013,simulation
1964-01-31,0.87200284,simulation
1964-02-01,2.5532,simulation
1964-02-02,0.74925655,simulation
1964-02-03,1.9948422,simulation
1964-02-04,0.8152269,simulation
1964-02-05,1.2637528,simulation
1964-02-06,0.90487593,simulation
1964-02-07,0.6494194,simulation
1964-02-08,2.3676,simulation
1964-02-09,2.9746,simulation
1964-02-10,2.8219,simulation
1964-02-11,2.4226,simulation
1964-02-12,0.98967093,simulation
1964-02-13,0.3712,simulation
1964-02-14,1.5336658,simulation
1964-02-15,1.2740246,simulation
1964-02-16,1.4799606,simulation
1964-02-17,1.5019907,simulation
1964-02-18,0.1618,simulation
1964-02-19,1.6458949,simulation
1964-02-20,1.6451712,simulation
1964-02-21,0.4047,simulation
1964-02-22,1.4745283,simulation
1964-02-23,2.1539075,simulation
1964-02-24,1.5622905,simulation
1964-02-25,0.3141,simulation
1964-02-26,0.2964,simulation
1964-02-27,0.15329999,simulation
1964-02-28,2.8738,simulation
1964-02-29,1.0672028,simulation
1964-03-01,0.5757841,simulation
1964-03-02,0.72177285,simulation
1964-03-03,1.4751383,simulation
1964-03-04,1.5726299,simulation
1964-03-05,3.7672997,simulation
1964-03-06,3.6666996,simulation
1964-03-07,0.8746753,simulation
1964-03-08,2.4048,simulation
1964-03-09,1.3477854,simulation
1964-03-10,2.4653,simulation
1964-03-11,2.6833,simulation
1964-03-12,4.2020006,simulation
1964-03-13,1.626585,simulation
1964-03-14,0.69251615,simulation
1964-03-15,2.3164,simulation
1964-03-16,2.7394,simulation
1964-03-17,4.3024993,simulation
1964-03-18,2.5373,simulation
1964-03-19,1.5961634,simulation
1964-03-20,3.5876,simulation
1964-03-21,1.4418663,simulation
1964-03-22,3.3769002,simulation
1964-03-23,1.5583143,simulation
1964-03-24,1.0152643,simulation
1964-03-25,1.2987604,simulation
1964-03-26,2.7622,simulation
1964-03-27,4.0838,simulation
1964-03-28,1.463743,simulation
1964-03-29,3.5523,simulation
1964-03-30,3.6629999,simulation
1964-03-31,4.099,simulation
1964-04-01,2.8875,simulation
1964-04-02,2.3579,simulation
1964-04-03,1.0667382,simulation
1964-04-04,2.7893,simulation
1964-04-05,0.7072958,simulation
1964-04-06,1.7797148,simulation
1964-04-07,1.3058008,simulation
1964-04-08,2.5172,simulation
1964-04-09,4.2692,simulation
1964-04-10,4.7908006,simulation
1964-04-11,5.3408003,simulation
1964-04-12,1.0390052,simulation
1964-04-13,0.73220813,simulation
1964-04-14,2.3875,simulation
1964-04-15,5.8264,simulation
1964-04-16,6.165799,simulation
1964-04-17,3.6865,simulation
1964-04-18,2.3874,simulation
1964-04-19,4.8147006,simulation
1964-04-20,4.709701,simulation
1964-04-21,2.6972,simulation
1964-04-22,1.2857587,simulation
1964-04-23,4.2763996,simulation
1964-04-24,1.8091035,simulation
1964-04-25,1.2508032,simulation
1964-04-26,0.8454734,simulation
1964-04-27,6.712701,simulation
1964-04-28,3.6199,simulation
1964-04-29,5.0676003,simulation
1964-04-30,2.5815,simulation
1964-05-01,3.4221,simulation
1964-05-02,4.1334,simulation
1964-05-03,5.7159996,simulation
1964-05-04,4.3047,simulation
1964-05-05,5.769901,simulation
1964-05-06,3.3623,simulation
1964-05-07,5.3063993,simulation
1964-05-08,3.3477,simulation
1964-05-09,2.9112,simulation
1964-05-10,2.9074,simulation
1964-05-11,3.5113,simulation
1964-05-12,0.7910857,simulation
1964-05-13,6.8889995,simulation
1964-05-14,6.252401,simulation
1964-05-15,5.4324007,simulation
1964-05-16,6.7948008,simulation
1964-05-17,6.9214993,simulation
1964-05-18,7.1492987,simulation
1964-05-19,6.4216995,simulation
1964-05-20,6.991199,simulation
1964-05-21,5.8697996,simulation
1964-05-22,4.1401,simulation
1964-05-23,1.9268167,simulation
1964-05-24,3.4797,simulation
1964-05-25,6.358399,simulation
1964-05-26,7.117501,simulation
1964-05-27,6.411499,simulation
1964-05-28,3.7334,simulation
1964-05-29,4.0918994,simulation
1964-05-30,1.2465534,simulation
1964-05-31,0.6238619,simulation
1964-06-01,1.0207212,simulation
1964-06-02,6.1522017,simulation
1964-06-03,6.2045007,simulation
1964-06-04,3.0775,simulation
1964-06-05,7.194999,simulation
1964-06-06,4.7063,simulation
1964-06-07,5.975201,simulation
1964-06-08,7.709302,simulation
1964-06-09,5.530601,simulation
1964-06-10,4.0043,simulation
1964-06-11,5.5597997,simulation
1964-06-12,6.4050016,simulation
1964-06-13,5.6978993,simulation
1964-06-14,5.8003,simulation
1964-06-15,5.269901,simulation
1964-06-16,1.8152941,simulation
1964-06-17,5.7122,simulation
1964-06-18,5.258701,simulation
1964-06-19,5.6896996,simulation
1964-06-20,5.934299,simulation
1964-06-21,6.785601,simulation
1964-06-22,5.2786,simulation
1964-06-23,5.7911005,simulation
1964-06-24,3.9201,simulation
1964-06-25,4.6582994,simulation
1964-06-26,3.7157,simulation
1964-06-27,2.6352,simulation
1964-06-28,1.3252345,simulation
1964-06-29,3.3545997,simulation
1964-06-30,1.3886387,simulation
1964-07-01,3.2499,simulation
1964-07-02,3.1253,simulation
1964-07-03,0.676252,simulation
1964-07-04,3.7680001,simulation
1964-07-05,6.3132997,simulation
1964-07-06,6.2045984,simulation
1964-07-07,6.683002,simulation
1964-07-08,6.4459014,simulation
1964-07-09,1.1317707,simulation
1964-07-10,3.0287004,simulation
1964-07-11,2.6271,simulation
1964-07-12,1.7670449,simulation
1964-07-13,2.6388,simulation
1964-07-14,5.932499,simulation
1964-07-15,4.0922,simulation
1964-07-16,5.0381994,simulation
1964-07-17,6.6101017,simulation
1964-07-18,6.021001,simulation
1964-07-19,5.5622,simulation
1964-07-20,4.4746,simulation
1964-07-21,6.2241006,simulation
1964-07-22,4.3176,simulation
1964-07-23,5.1630993,simulation
1964-07-24,4.9922996,simulation
1964-07-25,5.6571007,simulation
1964-07-26,5.6925,simulation
1964-07-27,5.1202,simulation
1964-07-28,3.6099,simulation
1964-07-29,2.5695999,simulation
1964-07-30,1.9106544,simulation
1964-07-31,2.9408998,simulation
1964-08-01,2.8106,simulation
1964-08-02,3.0794997,simulation
1964-08-03,4.7875004,simulation
1964-08-04,5.4095006,simulation
1964-08-05,3.3249,simulation
1964-08-06,4.5937,simulation
1964-08-07,5.1435,simulation
1964-08-08,2.8305001,simulation
1964-08-09,4.9108,simulation
1964-08-10,3.4908,simulation
1964-08-11,3.2282,simulation
1964-08-12,1.6779456,simulation
1964-08-13,3.5915,simulation
1964-08-14,3.8577003,simulation
1964-08-15,3.018,simulation
1964-08-16,1.6503283,simulation
1964-08-17,0.9992577,simulation
1964-08-18,2.9902003,simulation
1964-08-19,4.8593,simulation
1964-08-20,5.5085006,simulation
1964-08-21,4.5164,simulation
1964-08-22,2.2059875,simulation
1964-08-23,1.4923865,simulation
1964-08-24,3.4651,simulation
1964-08-25,2.7511997,simulation
1964-08-26,2.5215,simulation
1964-08-27,5.937099,simulation
1964-08-28,5.7828007,simulation
1964-08-29,5.6593995,simulation
1964-08-30,5.6885996,simulation
1964-08-31,5.4566,simulation
1964-09-01,5.9668,simulation
1964-09-02,7.056198,simulation
1964-09-03,6.5284004,simulation
1964-09-04,5.345,simulation
1964-09-05,5.0694003,simulation
1964-09-06,1.8474797,simulation
1964-09-07,0.95678264,simulation
1964-09-08,5.1505003,simulation
1964-09-09,6.5706005,simulation
1964-09-10,3.2310002,simulation
1964-09-11,4.0676,simulation
1964-09-12,4.5521,simulation
1964-09-13,6.3392005,simulation
1964-09-14,5.759,simulation
1964-09-15,4.5664,simulation
1964-09-16,3.4256,simulation
1964-09-17,0.78942055,simulation
1964-09-18,0.94550467,simulation
1964-09-19,1.8645021,simulation
1964-09-20,3.2098002,simulation
1964-09-21,5.3561,simulation
1964-09-22,5.5035,simulation
1964-09-23,5.1676,simulation
1964-09-24,5.5749006,simulation
1964-09-25,3.8451,simulation
1964-09-26,4.7869,simulation
1964-09-27,2.9535,simulation
1964-09-28,0.51928926,simulation
1964-09-29,0.43333265,simulation
1964-09-30,0.5145855,simulation
1964-10-01,1.0379806,simulation
1964-10-02,0.6289737,simulation
1964-10-03,0.67433697,simulation
1964-10-04,0.69406265,simulation
1964-10-05,5.2994995,simulation
1964-10-06,4.3304,simulation
1964-10-07,3.8153,simulation
1964-10-08,3.9816,simulation
1964-10-09,3.6816,simulation
1964-10-10,4.0636005,simulation
1964-10-11,3.8219,simulation
1964-10-12,3.2054996,simulation
1964-10-13,1.49346,simulation
1964-10-14,0.5348065,simulation
1964-10-15,0.6701168,simulation
1964-10-16,3.6774,simulation
1964-10-17,4.0101,simulation
1964-10-18,3.2674,simulation
1964-10-19,3.0227997,simulation
1964-10-20,3.542,simulation
1964-10-21,3.8620996,simulation
1964-10-22,3.8142,simulation
1964-10-23,4.1174,simulation
1964-10-24,3.6073,simulation
1964-10-25,3.5231,simulation
1964-10-26,2.8128,simulation
1964-10-27,1.3584297,simulation
1964-10-28,0.61236155,simulation
1964-10-29,2.4521,simulation
1964-10-30,3.4012,simulation
1964-10-31,2.7326,simulation
1964-11-01,2.5142,simulation
1964-11-02,2.9756002,simulation
1964-11-03,2.9719,simulation
1964-11-04,1.0585891,simulation
1964-11-05,1.3602673,simulation
1964-11-06,2.2876244,simulation
1964-11-07,0.75944984,simulation
1964-11-08,2.1172729,simulation
1964-11-09,2.3348813,simulation
1964-11-10,2.7899,simulation
1964-11-11,1.9766933,simulation
1964-11-12,1.4229248,simulation
1964-11-13,2.7168999,simulation
1964-11-14,0.812948,simulation
1964-11-15,2.5952,simulation
1964-11-16,1.6955794,simulation
1964-11-17,1.4263562,simulation
1964-11-18,0.9893744,simulation
1964-11-19,0.6663336,simulation
1964-11-20,0.48556134,simulation
1964-11-21,2.3544,simulation
1964-11-22,0.9030613,simulation
1964-11-23,0.65874636,simulation
1964-11-24,0.24519998,simulation
1964-11-25,0.9499101,simulation
1964-11-26,1.7501751,simulation
1964-11-27,0.9425833,simulation
1964-11-28,1.0013347,simulation
1964-11-29,2.1685,simulation
1964-11-30,2.201,simulation
1964-12-01,1.92699,simulation
1964-12-02,1.5219947,simulation
1964-12-03,1.1251621,simulation
1964-12-04,0.6177,simulation
1964-12-05,0.6683214,simulation
1964-12-06,0.8729357,simulation
1964-12-07,0.7031515,simulation
1964-12-08,1.1080723,simulation
1964-12-09,0.89312357,simulation
1964-12-10,0.92530185,simulation
1964-12-11,0.20739998,simulation
1964-12-12,0.5715,simulation
1964-12-13,0.3231,simulation
1964-12-14,1.6111418,simulation
1964-12-15,1.4854709,simulation
1964-12-16,1.9160202,simulation
1964-12-17,0.6495202,simulation
1964-12-18,1.2577058,simulation
1964-12-19,0.67227757,simulation
1964-12-20,0.011499994,simulation
1964-12-21,0.00060001,simulation
1964-12-22,0.3616,simulation
1964-12-23,0.9027609,simulation
1964-12-24,1.7543501,simulation
1964-12-25,1.0245425,simulation
1964-12-26,0.5724918,simulation
1964-12-27,0.262,simulation
1964-12-28,0.9148022,simulation
1964-12-29,0.58784014,simulation
1964-12-30,0.66064847,simulation
1964-12-31,0.6996988,simulation
1965-01-01,1.1483169,simulation
1965-01-02,0.6807894,simulation
1965-01-03,0.63617474,simulation
1965-01-04,1.5640798,simulation
1965-01-05,1.233543,simulation
1965-01-06,0.79197544,simulation
1965-01-07,1.1763988,simulation
1965-01-08,0.99623847,simulation
1965-01-09,0.8283245,simulation
1965-01-10,0.343,simulation
1965-01-11,1.2358748,simulation
1965-01-12,1.0442933,simulation
1965-01-13,0.3933,simulation
1965-01-14,1.3534179,simulation
1965-01-15,0.3686,simulation
1965-01-16,1.1760819,simulation
1965-01-17,1.2539732,simulation
1965-01-18,1.4446939,simulation
1965-01-19,1.3592209,simulation
1965-01-20,0.604635,simulation
1965-01-21,1.1745145,simulation
1965-01-22,0.8285435,simulation
1965-01-23,0.42380002,simulation
1965-01-24,1.2989384,simulation
1965-01-25,2.8161,simulation
1965-01-26,2.983,simulation
1965-01-27,1.9166503,simulation
1965-01-28,2.5191,simulation
1965-01-29,2.3177,simulation
1965-01-30,0.8746404,simulation
1965-01-31,1.0844576,simulation
1965-02-01,0.5234,simulation
1965-02-02,1.7041938,simulation
1965-02-03,0.8264267,simulation
1965-02-04,1.0947047,simulation
1965-02-05,1.1386862,simulation
1965-02-06,0.5371728,simulation
1965-02-07,0.1514,simulation
1965-02-08,0.42699996,simulation
1965-02-09,1.4111266,simulation
1965-02-10,0.5538062,simulation
1965-02-11,1.3122833,simulation
1965-02-12,0.81933963,simulation
1965-02-13,1.1104451,simulation
1965-02-14,1.9502,simulation
1965-02-15,1.2968365,simulation
1965-02-16,0.48339996,simulation
1965-02-17,0.229,simulation
1965-02-18,2.7462,simulation
1965-02-19,2.8056,simulation
1965-02-20,2.1416,simulation
1965-02-21,2.33,simulation
1965-02-22,1.6802547,simulation
1965-02-23,2.5088,simulation
1965-02-24,0.515,simulation
1965-02-25,2.4808,simulation
1965-02-26,2.8888,simulation
1965-02-27,2.4629,simulation
1965-02-28,0.91729456,simulation
1965-03-01,0.7397696,simulation
1965-03-02,0.5999268,simulation
1965-03-03,0.282,simulation
1965-03-04,1.301142,simulation
1965-03-05,1.5903836,simulation
1965-03-06,0.88060254,simulation
1965-03-07,0.68797374,simulation
1965-03-08,2.7058,simulation
1965-03-09,1.3476778,simulation
1965-03-10,1.0392882,simulation
1965-03-11,0.70480853,simulation
1965-03-12,0.1176,simulation
1965-03-13,0.7590514,simulation
1965-03-14,3.0999002,simulation
1965-03-15,2.6851,simulation
1965-03-16,3.3588,simulation
1965-03-17,1.5227951,simulation
1965-03-18,2.7785,simulation
1965-03-19,2.0433052,simulation
1965-03-20,3.292,simulation
1965-03-21,2.5917,simulation
1965-03-22,4.2658005,simulation
1965-03-23,0.7141283,simulation
1965-03-24,2.8301,simulation
1965-03-25,0.8768824,simulation
1965-03-26,0.37429997,simulation
1965-03-27,0.43699998,simulation
1965-03-28,2.0067964,simulation
1965-03-29,0.720214,simulation
1965-03-30,0.2943,simulation
1965-03-31,2.3248,simulation
1965-04-01,3.8922,simulation
1965-04-02,2.1195,simulation
1965-04-03,0.86345655,simulation
1965-04-04,2.5487,simulation
1965-04-05,2.2475,simulation
1965-04-06,1.8295474,simulation
1965-04-07,2.027964,simulation
1965-04-08,2.2813,simulation
1965-04-09,2.1096997,simulation
1965-04-10,1.5726225,simulation
1965-04-11,2.4381,simulation
1965-04-12,2.1986403,simulation
1965-04-13,4.3742003,simulation
1965-04-14,2.7916,simulation
1965-04-15,1.130495,simulation
1965-04-16,5.8409996,simulation
1965-04-17,5.7658997,simulation
1965-04-18,4.5223,simulation
1965-04-19,2.8163,simulation
1965-04-20,2.3358,simulation
1965-04-21,5.8619995,simulation
1965-04-22,5.2381005,simulation
1965-04-23,4.8628006,simulation
1965-04-24,5.619399,simulation
1965-04-25,2.4678,simulation
1965-04-26,1.5209085,simulation
1965-04-27,0.61172104,simulation
1965-04-28,3.6033,simulation
1965-04-29,5.483799,simulation
1965-04-30,5.651501,simulation
1965-05-01,6.092901,simulation
1965-05-02,6.3230014,simulation
1965-05-03,5.7766,simulation
1965-05-04,5.6334,simulation
1965-05-05,4.3107004,simulation
1965-05-06,3.8248,simulation
1965-05-07,5.4633,simulation
1965-05-08,4.6443,simulation
1965-05-09,3.7211,simulation
1965-05-10,3.944,simulation
1965-05-11,3.225,simulation
1965-05-12,5.764401,simulation
1965-05-13,3.6103,simulation
1965-05-14,3.216,simulation
1965-05-15,5.0716004,simulation
1965-05-16,3.1761,simulation
1965-05-17,3.3766,simulation
1965-05-18,3.5008,simulation
1965-05-19,2.7731,simulation
1965-05-20,1.3904992,simulation
1965-05-21,1.4955167,simulation
1965-05-22,0.719412,simulation
1965-05-23,1.8521895,simulation
1965-05-24,3.9778998,simulation
1965-05-25,6.307801,simulation
1965-05-26,4.5578,simulation
1965-05-27,1.6267877,simulation
1965-05-28,0.99889344,simulation
1965-05-29,5.2883,simulation
1965-05-30,7.1482015,simulation
1965-05-31,5.625101,simulation
1965-06-01,7.569199,simulation
1965-06-02,5.1672,simulation
1965-06-03,6.3079004,simulation
1965-06-04,5.5003004,simulation
1965-06-05,5.3139,simulation
1965-06-06,1.7075068,simulation
1965-06-07,0.988977,simulation
1965-06-08,4.4691,simulation
1965-06-09,5.3917,simulation
1965-06-10,0.7341252,simulation
1965-06-11,1.5753288,simulation
1965-06-12,3.3484,simulation
1965-06-13,5.3455997,simulation
1965-06-14,2.402751,simulation
1965-06-15,2.0587718,simulation
1965-06-16,4.2074,simulation
1965-06-17,3.0426,simulation
1965-06-18,4.1915,simulation
1965-06-19,7.342199,simulation
1965-06-20,6.814702,simulation
1965-06-21,6.643301,simulation
1965-06-22,7.5867004,simulation
1965-06-23,4.6730995,simulation
1965-06-24,2.8625998,simulation
1965-06-25,5.6954007,simulation
1965-06-26,6.239399,simulation
1965-06-27,1.7589344,simulation
1965-06-28,3.9927,simulation
1965-06-29,5.3688993,simulation
1965-06-30,5.6129994,simulation
1965-07-01,3.5967999,simulation
1965-07-02,6.3226995,simulation
1965-07-03,6.0878,simulation
1965-07-04,5.0397,simulation
1965-07-05,3.8089,simulation
1965-07-06,4.3539,simulation
1965-07-07,3.0083,simulation
1965-07-08,3.614,simulation
1965-07-09,4.252,simulation
1965-07-10,2.4414244,simulation
1965-07-11,5.1334996,simulation
1965-07-12,6.0246,simulation
1965-07-13,4.6159997,simulation
1965-07-14,3.5157,simulation
1965-07-15,3.9345,simulation
1965-07-16,2.8594,simulation
1965-07-17,4.1985,simulation
1965-07-18,6.2869005,simulation
1965-07-19,5.8747993,simulation
1965-07-20,4.9624,simulation
1965-07-21,5.5577993,simulation
1965-07-22,4.2023997,simulation
1965-07-23,2.3969445,simulation
1965-07-24,1.5129764,simulation
1965-07-25,3.6372998,simulation
1965-07-26,4.7812,simulation
1965-07-27,2.7766,simulation
1965-07-28,3.4138,simulation
1965-07-29,1.0909934,simulation
1965-07-30,5.008401,simulation
1965-07-31,5.296399,simulation
1965-08-01,2.9540002,simulation
1965-08-02,5.4606996,simulation
1965-08-03,3.7519,simulation
1965-08-04,1.9669397,simulation
1965-08-05,3.8247,simulation
1965-08-06,1.8973039,simulation
1965-08-07,3.2153,simulation
1965-08-08,2.0255263,simulation
1965-08-09,4.0241,simulation
1965-08-10,3.1138,simulation
1965-08-11,3.9301,simulation
1965-08-12,1.8929759,simulation
1965-08-13,1.4982492,simulation
1965-08-14,4.191,simulation
1965-08-15,5.915801,simulation
1965-08-16,5.8136992,simulation
1965-08-17,2.7514,simulation
1965-08-18,4.036,simulation
1965-08-19,3.0939999,simulation
1965-08-20,3.8224,simulation
1965-08-21,2.3468416,simulation
1965-08-22,2.0351684,simulation
1965-08-23,3.5452,simulation
1965-08-24,3.0563,simulation
1965-08-25,3.9682,simulation
1965-08-26,4.9247,simulation
1965-08-27,5.3099995,simulation
1965-08-28,3.3478,simulation
1965-08-29,5.0205,simulation
1965-08-30,5.102301,simulation
1965-08-31,4.7209005,simulation
1965-09-01,4.5837994,simulation
1965-09-02,3.1846,simulation
1965-09-03,2.5597,simulation
1965-09-04,1.7124102,simulation
1965-09-05,2.697,simulation
1965-09-06,5.1054,simulation
1965-09-07,6.3082,simulation
1965-09-08,6.19,simulation
1965-09-09,4.8153996,simulation
1965-09-10,1.0169327,simulation
1965-09-11,1.3157283,simulation
1965-09-12,2.6333,simulation
1965-09-13,4.7455006,simulation
1965-09-14,5.5216994,simulation
1965-09-15,5.2208,simulation
1965-09-16,4.6054,simulation
1965-09-17,3.8521,simulation
1965-09-18,3.8688,simulation
1965-09-19,3.4357,simulation
1965-09-20,2.3116038,simulation
1965-09-21,3.1983,simulation
1965-09-22,2.4411178,simulation
1965-09-23,0.5652303,simulation
1965-09-24,1.3752508,simulation
1965-09-25,3.9193,simulation
1965-09-26,1.3500185,simulation
1965-09-27,1.7919577,simulation
1965-09-28,2.6942,simulation
1965-09-29,0.5053866,simulation
1965-09-30,0.8082423,simulation
1965-10-01,0.78374445,simulation
1965-10-02,2.6604,simulation
1965-10-03,2.1740222,simulation
1965-10-04,1.0274718,simulation
1965-10-05,0.95829445,simulation
1965-10-06,0.5297858,simulation
1965-10-07,1.6885419,simulation
1965-10-08,4.5944,simulation
1965-10-09,4.1858,simulation
1965-10-10,4.6115003,simulation
1965-10-11,1.7272692,simulation
1965-10-12,0.7644346,simulation
1965-10-13,3.7481,simulation
1965-10-14,4.2226,simulation
1965-10-15,1.9711657,simulation
1965-10-16,3.7142,simulation
1965-10-17,4.0375004,simulation
1965-10-18,4.0615997,simulation
1965-10-19,0.6941701,simulation
1965-10-20,0.99491173,simulation
1965-10-21,3.7751,simulation
1965-10-22,0.68410254,simulation
1965-10-23,3.8201,simulation
1965-10-24,3.7996,simulation
1965-10-25,2.875,simulation
1965-10-26,2.9513,simulation
1965-10-27,3.2193003,simulation
1965-10-28,3.223,simulation
1965-10-29,3.1731002,simulation
1965-10-30,2.8409,simulation
1965-10-31,2.9943,simulation
1965-11-01,3.5532,simulation
1965-11-02,1.5390978,simulation
1965-11-03,0.7153634,simulation
1965-11-04,0.62349266,simulation
1965-11-05,0.52853876,simulation
1965-11-06,0.52777845,simulation
1965-11-07,1.5967402,simulation
1965-11-08,1.5360017,simulation
1965-11-09,0.42852354,simulation
1965-11-10,0.47255924,simulation
1965-11-11,0.9454908,simulation
1965-11-12,0.3222,simulation
1965-11-13,0.68220717,simulation
1965-11-14,1.8776733,simulation
1965-11-15,0.92944163,simulation
1965-11-16,0.74170667,simulation
1965-11-17,2.6794,simulation
1965-11-18,1.0841821,simulation
1965-11-19,0.60939664,simulation
1965-11-20,0.70216775,simulation
1965-11-21,0.9131037,simulation
1965-11-22,2.2601712,simulation
1965-11-23,0.4757423,simulation
1965-11-24,1.1410395,simulation
1965-11-25,1.0330045,simulation
1965-11-26,2.682,simulation
1965-11-27,2.6251,simulation
1965-11-28,0.46508333,simulation
1965-11-29,1.1666392,simulation
1965-11-30,1.2259333,simulation
1965-12-01,0.89395595,simulation
1965-12-02,0.9163389,simulation
1965-12-03,0.2405,simulation
1965-12-04,1.777582,simulation
1965-12-05,0.8808155,simulation
1965-12-06,2.4340143,simulation
1965-12-07,1.5837632,simulation
1965-12-08,1.0543345,simulation
1965-12-09,0.513468,simulation
1965-12-10,0.9265975,simulation
1965-12-11,0.6817042,simulation
1965-12-12,0.54270357,simulation
1965-12-13,1.0586264,simulation
1965-12-14,0.1592,simulation
1965-12-15,0.0431,simulation
1965-12-16,0.019399995,simulation
1965-12-17,0.1564,simulation
1965-12-18,0.037399996,simulation
1965-12-19,0.6160986,simulation
1965-12-20,1.1435277,simulation
1965-12-21,1.1806813,simulation
1965-12-22,0.90281475,simulation
1965-12-23,1.2590839,simulation
1965-12-24,0.5966069,simulation
1965-12-25,0.8928195,simulation
1965-12-26,1.1228724,simulation
1965-12-27,0.8439184,simulation
1965-12-28,0.56331944,simulation
1965-12-29,1.2659882,simulation
1965-12-30,0.8662254,simulation
1965-12-31,0.88182205,simulation
1966-01-01,0.6199043,simulation
1966-01-02,0.448,simulation
1966-01-03,0.55784273,simulation
1966-01-04,0.4113,simulation
1966-01-05,0.012999996,simulation
1966-01-06,1.3849468,simulation
1966-01-07,0.9481321,simulation
1966-01-08,1.7391721,simulation
1966-01-09,1.4683732,simulation
1966-01-10,0.65888333,simulation
1966-01-11,1.529028,simulation
1966-01-12,0.9760341,simulation
1966-01-13,0.16960001,simulation
1966-01-14,0.0,simulation
1966-01-15,0.07929999,simulation
1966-01-16,1.0938916,simulation
1966-01-17,1.0674577,simulation
1966-01-18,0.6834851,simulation
1966-01-19,0.7981408,simulation
1966-01-20,0.3459,simulation
1966-01-21,0.57475156,simulation
1966-01-22,0.1998,simulation
1966-01-23,0.8119212,simulation
1966-01-24,0.499,simulation
1966-01-25,0.107099995,simulation
1966-01-26,0.4929,simulation
1966-01-27,1.0834134,simulation
1966-01-28,0.9046202,simulation
1966-01-29,0.620243,simulation
1966-01-30,0.9820644,simulation
1966-01-31,0.78769034,simulation
1966-02-01,2.3422,simulation
1966-02-02,0.6498892,simulation
1966-02-03,1.1575366,simulation
1966-02-04,1.5171254,simulation
1966-02-05,1.4481866,simulation
1966-02-06,1.2126192,simulation
1966-02-07,1.7458278,simulation
1966-02-08,1.644499,simulation
1966-02-09,1.2502912,simulation
1966-02-10,0.2852,simulation
1966-02-11,0.5283,simulation
1966-02-12,0.18319999,simulation
1966-02-13,1.6522205,simulation
1966-02-14,1.1416688,simulation
1966-02-15,0.14240001,simulation
1966-02-16,0.09170001,simulation
1966-02-17,2.2591,simulation
1966-02-18,0.7204098,simulation
1966-02-19,2.4542,simulation
1966-02-20,2.6079,simulation
1966-02-21,2.9943,simulation
1966-02-22,1.4202156,simulation
1966-02-23,0.878721,simulation
1966-02-24,0.1669,simulation
1966-02-25,2.141,simulation
1966-02-26,0.8361487,simulation
1966-02-27,0.17429999,simulation
1966-02-28,0.567,simulation
1966-03-01,2.8231,simulation
1966-03-02,1.2639279,simulation
1966-03-03,0.47129998,simulation
1966-03-04,2.7656,simulation
1966-03-05,3.5989,simulation
1966-03-06,3.1999,simulation
1966-03-07,2.4209,simulation
1966-03-08,1.3311715,simulation
1966-03-09,3.2916996,simulation
1966-03-10,3.9591997,simulation
1966-03-11,3.7182,simulation
1966-03-12,1.0879706,simulation
1966-03-13,0.4681,simulation
1966-03-14,0.62082475,simulation
1966-03-15,0.8061081,simulation
1966-03-16,2.3539,simulation
1966-03-17,1.6266168,simulation
1966-03-18,1.4648653,simulation
1966-03-19,4.1629,simulation
1966-03-20,2.8742,simulation
1966-03-21,2.9899,simulation
1966-03-22,2.867,simulation
1966-03-23,0.79069805,simulation
1966-03-24,3.5997,simulation
1966-03-25,1.1381456,simulation
1966-03-26,2.4517,simulation
1966-03-27,3.8462,simulation
1966-03-28,1.5448469,simulation
1966-03-29,0.5848231,simulation
1966-03-30,4.3784995,simulation
1966-03-31,5.9712005,simulation
1966-04-01,6.1582003,simulation
1966-04-02,5.280499,simulation
1966-04-03,1.5046607,simulation
1966-04-04,4.2047997,simulation
1966-04-05,4.3372,simulation
1966-04-06,3.8593,simulation
1966-04-07,4.5041003,simulation
1966-04-08,4.3887,simulation
1966-04-09,5.9205,simulation
1966-04-10,4.9267006,simulation
1966-04-11,3.2035,simulation
1966-04-12,2.6891997,simulation
1966-04-13,3.3359,simulation
1966-04-14,0.55681515,simulation
1966-04-15,3.9124002,simulation
1966-04-16,4.8109007,simulation
1966-04-17,5.5916004,simulation
1966-04-18,0.7343892,simulation
1966-04-19,1.0447783,simulation
1966-04-20,3.1836998,simulation
1966-04-21,0.53989446,simulation
1966-04-22,1.0207489,simulation
1966-04-23,2.4097,simulation
1966-04-24,1.1215869,simulation
1966-04-25,1.1440488,simulation
1966-04-26,1.5344244,simulation
1966-04-27,3.4860003,simulation
1966-04-28,2.4229,simulation
1966-04-29,2.1245,simulation
1966-04-30,3.0107,simulation
1966-05-01,1.3737916,simulation
1966-05-02,0.6134211,simulation
1966-05-03,2.1473,simulation
1966-05-04,2.3304,simulation
1966-05-05,2.4464,simulation
1966-05-06,0.8734182,simulation
1966-05-07,2.8665,simulation
1966-05-08,4.6322994,simulation
1966-05-09,6.3032994,simulation
1966-05-10,6.3174005,simulation
1966-05-11,3.1065,simulation
1966-05-12,1.5157917,simulation
1966-05-13,0.85335034,simulation
1966-05-14,1.5913423,simulation
1966-05-15,4.9685006,simulation
1966-05-16,3.5492997,simulation
1966-05-17,1.501053,simulation
1966-05-18,1.8645287,simulation
1966-05-19,0.77597946,simulation
1966-05-20,2.0793,simulation
1966-05-21,1.143989,simulation
1966-05-22,5.1226,simulation
1966-05-23,5.2319,simulation
1966-05-24,2.1914,simulation
1966-05-25,2.9105,simulation
1966-05-26,2.0396283,simulation
1966-05-27,3.9298,simulation
1966-05-28,4.2058,simulation
1966-05-29,5.9888005,simulation
1966-05-30,4.4932,simulation
1966-05-31,7.712698,simulation
1966-06-01,7.245899,simulation
1966-06-02,4.5636,simulation
1966-06-03,3.9108002,simulation
1966-06-04,5.4051,simulation
1966-06-05,5.0265994,simulation
1966-06-06,4.1627,simulation
1966-06-07,1.3758124,simulation
1966-06-08,6.631098,simulation
1966-06-09,2.9179003,simulation
1966-06-10,6.8009996,simulation
1966-06-11,5.283,simulation
1966-06-12,6.2121997,simulation
1966-06-13,1.3729329,simulation
1966-06-14,2.088202,simulation
1966-06-15,3.976,simulation
1966-06-16,2.6112,simulation
1966-06-17,2.7117,simulation
1966-06-18,3.4295,simulation
1966-06-19,4.2856007,simulation
1966-06-20,5.9902997,simulation
1966-06-21,3.3811998,simulation
1966-06-22,1.4536798,simulation
1966-06-23,4.8274007,simulation
1966-06-24,5.702499,simulation
1966-06-25,7.179298,simulation
1966-06-26,7.2697005,simulation
1966-06-27,7.362602,simulation
1966-06-28,2.6016002,simulation
1966-06-29,3.8173,simulation
1966-06-30,4.7963,simulation
1966-07-01,4.4616,simulation
1966-07-02,2.6456,simulation
1966-07-03,4.4546,simulation
1966-07-04,4.5463,simulation
1966-07-05,4.5754,simulation
1966-07-06,6.576,simulation
1966-07-07,6.793602,simulation
1966-07-08,5.7525997,simulation
1966-07-09,6.4851007,simulation
1966-07-10,6.0439005,simulation
1966-07-11,6.949802,simulation
1966-07-12,7.3031,simulation
1966-07-13,6.253901,simulation
1966-07-14,5.0453,simulation
1966-07-15,7.9926023,simulation
1966-07-16,4.2643003,simulation
1966-07-17,1.8627973,simulation
1966-07-18,4.8368,simulation
1966-07-19,3.0893002,simulation
1966-07-20,2.4765825,simulation
1966-07-21,3.8507,simulation
1966-07-22,6.208401,simulation
1966-07-23,4.2859006,simulation
1966-07-24,5.7022004,simulation
1966-07-25,6.131299,simulation
1966-07-26,5.1329007,simulation
1966-07-27,5.1957,simulation
1966-07-28,6.8048,simulation
1966-07-29,6.3205004,simulation
1966-07-30,1.7858329,simulation
1966-07-31,4.2418,simulation
1966-08-01,5.3466005,simulation
1966-08-02,2.9988,simulation
1966-08-03,0.8399243,simulation
1966-08-04,3.7641,simulation
1966-08-05,3.3712,simulation
1966-08-06,5.261001,simulation
1966-08-07,5.4465003,simulation
1966-08-08,5.7781014,simulation
1966-08-09,4.995501,simulation
1966-08-10,2.322831,simulation
1966-08-11,2.400845,simulation
1966-08-12,1.6940726,simulation
1966-08-13,3.8869,simulation
1966-08-14,4.1222,simulation
1966-08-15,4.2753,simulation
1966-08-16,5.4903984,simulation
1966-08-17,3.2393,simulation
1966-08-18,4.1437,simulation
1966-08-19,3.5234,simulation
1966-08-20,3.3334,simulation
1966-08-21,2.7442,simulation
1966-08-22,2.88,simulation
1966-08-23,6.554699,simulation
1966-08-24,5.8526,simulation
1966-08-25,3.6658,simulation
1966-08-26,6.0151,simulation
1966-08-27,4.2925005,simulation
1966-08-28,0.8439178,simulation
1966-08-29,1.3543798,simulation
1966-08-30,3.0991,simulation
1966-08-31,3.2203,simulation
1966-09-01,4.0282,simulation
1966-09-02,3.1178,simulation
1966-09-03,4.8691,simulation
1966-09-04,3.7545,simulation
1966-09-05,3.8046997,simulation
1966-09-06,5.0572004,simulation
1966-09-07,4.7036,simulation
1966-09-08,5.4047995,simulation
1966-09-09,3.8645,simulation
1966-09-10,0.89405674,simulation
1966-09-11,1.2149947,simulation
1966-09-12,0.54669136,simulation
1966-09-13,0.9887579,simulation
1966-09-14,4.8593993,simulation
1966-09-15,1.6929731,simulation
1966-09-16,0.64679515,simulation
1966-09-17,0.56657827,simulation
1966-09-18,1.4403855,simulation
1966-09-19,2.8214998,simulation
1966-09-20,2.6290002,simulation
1966-09-21,1.8566195,simulation
1966-09-22,4.4323,simulation
1966-09-23,4.6609006,simulation
1966-09-24,5.1047006,simulation
1966-09-25,4.5628,simulation
1966-09-26,4.1562996,simulation
1966-09-27,0.60636723,simulation
1966-09-28,1.0628027,simulation
1966-09-29,4.2702,simulation
1966-09-30,3.3912,simulation
1966-10-01,2.7875,simulation
1966-10-02,4.1785,simulation
1966-10-03,4.4675,simulation
1966-10-04,4.6404,simulation
1966-10-05,3.0032,simulation
1966-10-06,4.6167006,simulation
1966-10-07,3.7071,simulation
1966-10-08,3.5962,simulation
1966-10-09,1.224656,simulation
1966-10-10,2.5464,simulation
1966-10-11,3.6013002,simulation
1966-10-12,2.4707828,simulation
1966-10-13,0.60361546,simulation
1966-10-14,2.5777,simulation
1966-10-15,0.9725454,simulation
1966-10-16,3.4912,simulation
1966-10-17,1.1507591,simulation
1966-10-18,0.3144,simulation
1966-10-19,0.68625426,simulation
1966-10-20,2.9799,simulation
1966-10-21,3.0434,simulation
1966-10-22,3.1692,simulation
1966-10-23,0.93973714,simulation
1966-10-24,3.3771,simulation
1966-10-25,3.7119,simulation
1966-10-26,3.5402,simulation
1966-10-27,3.0628,simulation
1966-10-28,3.0245,simulation
1966-10-29,3.1552,simulation
1966-10-30,2.491152,simulation
1966-10-31,1.3209481,simulation
1966-11-01,0.5090161,simulation
1966-11-02,0.58047384,simulation
1966-11-03,1.6100491,simulation
1966-11-04,2.6036997,simulation
1966-11-05,0.87611413,simulation
1966-11-06,2.6052,simulation
1966-11-07,0.9427126,simulation
1966-11-08,0.8868331,simulation
1966-11-09,2.009452,simulation
1966-11-10,1.2570537,simulation
1966-11-11,0.2882,simulation
1966-11-12,0.3406,simulation
1966-11-13,2.7146,simulation
1966-11-14,1.3414273,simulation
1966-11-15,1.8428298,simulation
1966-11-16,2.168295,simulation
1966-11-17,2.2881,simulation
1966-11-18,2.033117,simulation
1966-11-19,0.90011835,simulation
1966-11-20,1.0324714,simulation
1966-11-21,2.2550578,simulation
1966-11-22,0.678263,simulation
1966-11-23,1.9869329,simulation
1966-11-24,2.0015604,simulation
1966-11-25,1.902056,simulation
1966-11-26,0.7600232,simulation
1966-11-27,1.1267028,simulation
1966-11-28,3.6014,simulation
1966-11-29,2.5942,simulation
1966-11-30,1.0401877,simulation
1966-12-01,1.9417259,simulation
1966-12-02,0.70397747,simulation
1966-12-03,0.2834,simulation
1966-12-04,0.497037,simulation
1966-12-05,0.74047357,simulation
1966-12-06,0.5994796,simulation
1966-12-07,1.1810964,simulation
1966-12-08,1.0898148,simulation
1966-12-09,0.1811,simulation
1966-12-10,0.3584,simulation
1966-12-11,0.58086467,simulation
1966-12-12,0.5515449,simulation
1966-12-13,0.4132,simulation
1966-12-14,0.8820826,simulation
1966-12-15,0.9607048,simulation
1966-12-16,1.1976073,simulation
1966-12-17,0.5288639,simulation
1966-12-18,0.6822669,simulation
1966-12-19,0.61927766,simulation
1966-12-20,1.048559,simulation
1966-12-21,0.46189997,simulation
1966-12-22,0.52521753,simulation
1966-12-23,0.1768,simulation
1966-12-24,1.0701542,simulation
1966-12-25,0.56208366,simulation
1966-12-26,0.3503,simulation
1966-12-27,0.6100575,simulation
1966-12-28,0.3249,simulation
1966-12-29,1.0887905,simulation
1966-12-30,0.2691,simulation
1966-12-31,0.0741,simulation
1967-01-01,0.1001,simulation
1967-01-02,0.3457,simulation
1967-01-03,0.7105276,simulation
1967-01-04,1.3347579,simulation
1967-01-05,1.6962743,simulation
1967-01-06,1.3321679,simulation
1967-01-07,0.772711,simulation
1967-01-08,1.0763272,simulation
1967-01-09,0.75323224,simulation
1967-01-10,0.905004,simulation
1967-01-11,0.91321003,simulation
1967-01-12,0.73893344,simulation
1967-01-13,0.39970002,simulation
1967-01-14,0.1173,simulation
1967-01-15,1.2847161,simulation
1967-01-16,1.3533471,simulation
1967-01-17,0.8982223,simulation
1967-01-18,0.5222,simulation
1967-01-19,0.1717,simulation
1967-01-20,0.58183694,simulation
1967-01-21,1.4022932,simulation
1967-01-22,0.5743439,simulation
1967-01-23,0.5666048,simulation
1967-01-24,1.2436315,simulation
1967-01-25,0.9389915,simulation
1967-01-26,0.5672529,simulation
1967-01-27,1.3382617,simulation
1967-01-28,1.382474,simulation
1967-01-29,1.2974993,simulation
1967-01-30,1.0764631,simulation
1967-01-31,0.8464645,simulation
1967-02-01,0.9696473,simulation
1967-02-02,0.6316998,simulation
1967-02-03,0.5191,simulation
1967-02-04,0.68720436,simulation
1967-02-05,2.10646,simulation
1967-02-06,0.2511,simulation
1967-02-07,0.755442,simulation
1967-02-08,1.5320243,simulation
1967-02-09,1.6298174,simulation
1967-02-10,1.2732689,simulation
1967-02-11,0.72977567,simulation
1967-02-12,0.95787597,simulation
1967-02-13,2.3054,simulation
1967-02-14,2.4243,simulation
1967-02-15,1.6200597,simulation
1967-02-16,1.1901269,simulation
1967-02-17,0.2824,simulation
1967-02-18,0.3172,simulation
1967-02-19,0.5338,simulation
1967-02-20,0.43439996,simulation
1967-02-21,2.8934,simulation
1967-02-22,0.7980219,simulation
1967-02-23,2.7574,simulation
1967-02-24,2.9989,simulation
1967-02-25,2.348,simulation
1967-02-26,1.7616719,simulation
1967-02-27,0.9046869,simulation
1967-02-28,3.115,simulation
1967-03-01,2.982,simulation
1967-03-02,3.8286,simulation
1967-03-03,2.675,simulation
1967-03-04,2.1773255,simulation
1967-03-05,2.1136026,simulation
1967-03-06,0.8338807,simulation
1967-03-07,2.5811,simulation
1967-03-08,1.7089751,simulation
1967-03-09,1.5396519,simulation
1967-03-10,0.80882055,simulation
1967-03-11,3.7195003,simulation
1967-03-12,4.4658995,simulation
1967-03-13,3.9457,simulation
1967-03-14,3.1683,simulation
1967-03-15,2.248119,simulation
1967-03-16,3.7142,simulation
1967-03-17,2.6982,simulation
1967-03-18,3.2007,simulation
1967-03-19,4.4031,simulation
1967-03-20,0.8970652,simulation
1967-03-21,3.4468,simulation
1967-03-22,4.4892,simulation
1967-03-23,4.5387,simulation
1967-03-24,2.18684,simulation
1967-03-25,2.0070055,simulation
1967-03-26,0.7041693,simulation
1967-03-27,1.3971578,simulation
1967-03-28,3.1843,simulation
1967-03-29,4.2006993,simulation
1967-03-30,3.6838,simulation
1967-03-31,4.4517,simulation
1967-04-01,5.4468007,simulation
1967-04-02,4.7903004,simulation
1967-04-03,4.435,simulation
1967-04-04,4.8548,simulation
1967-04-05,4.7688994,simulation
1967-04-06,5.2346005,simulation
1967-04-07,2.9852,simulation
1967-04-08,4.1962,simulation
1967-04-09,3.9798,simulation
1967-04-10,3.5615,simulation
1967-04-11,0.7649655,simulation
1967-04-12,3.3136,simulation
1967-04-13,3.7537,simulation
1967-04-14,0.5860836,simulation
1967-04-15,4.1332006,simulation
1967-04-16,2.5865998,simulation
1967-04-17,2.8967,simulation
1967-04-18,2.4115,simulation
1967-04-19,5.0058,simulation
1967-04-20,3.4971998,simulation
1967-04-21,1.178596,simulation
1967-04-22,3.4713,simulation
1967-04-23,2.6691,simulation
1967-04-24,5.1382,simulation
1967-04-25,1.2246791,simulation
1967-04-26,1.5357207,simulation
1967-04-27,4.4246993,simulation
1967-04-28,2.7924,simulation
1967-04-29,3.3198,simulation
1967-04-30,2.241111,simulation
1967-05-01,1.4290409,simulation
1967-05-02,6.060301,simulation
1967-05-03,4.4587,simulation
1967-05-04,0.89401984,simulation
1967-05-05,0.93909746,simulation
1967-05-06,2.1973,simulation
1967-05-07,3.7717,simulation
1967-05-08,5.5919995,simulation
1967-05-09,4.4364996,simulation
1967-05-10,2.8847,simulation
1967-05-11,7.4618974,simulation
1967-05-12,4.8361006,simulation
1967-05-13,4.0802,simulation
1967-05-14,6.3024006,simulation
1967-05-15,2.0068145,simulation
1967-05-16,5.4212003,simulation
1967-05-17,6.5942974,simulation
1967-05-18,6.5627975,simulation
1967-05-19,6.5506988,simulation
1967-05-20,1.1894451,simulation
1967-05-21,0.69550204,simulation
1967-05-22,0.67451966,simulation
1967-05-23,5.885401,simulation
1967-05-24,6.5561013,simulation
1967-05-25,6.715399,simulation
1967-05-26,7.278799,simulation
1967-05-27,6.399199,simulation
1967-05-28,4.8834996,simulation
1967-05-29,4.2660003,simulation
1967-05-30,2.5413,simulation
1967-05-31,1.8916854,simulation
1967-06-01,0.6147898,simulation
1967-06-02,1.2050418,simulation
1967-06-03,1.4854119,simulation
1967-06-04,4.0012,simulation
1967-06-05,3.9662,simulation
1967-06-06,3.8727,simulation
1967-06-07,4.9880996,simulation
1967-06-08,4.3149,simulation
1967-06-09,6.5382013,simulation
1967-06-10,5.0073,simulation
1967-06-11,4.684101,simulation
1967-06-12,5.3284006,simulation
1967-06-13,5.7024994,simulation
1967-06-14,5.9005995,simulation
1967-06-15,6.829501,simulation
1967-06-16,5.981501,simulation
1967-06-17,6.4852996,simulation
1967-06-18,7.080902,simulation
1967-06-19,6.3939004,simulation
1967-06-20,4.7598004,simulation
1967-06-21,6.0698996,simulation
1967-06-22,3.9495,simulation
1967-06-23,4.1855,simulation
1967-06-24,5.7130003,simulation
1967-06-25,5.808,simulation
1967-06-26,4.2545,simulation
1967-06-27,3.0094,simulation
1967-06-28,4.3944006,simulation
1967-06-29,5.9993997,simulation
1967-06-30,4.702,simulation
1967-07-01,5.092,simulation
1967-07-02,2.7065,simulation
1967-07-03,5.5226007,simulation
1967-07-04,3.5861,simulation
1967-07-05,2.7659,simulation
1967-07-06,0.86052054,simulation
1967-07-07,2.8088,simulation
1967-07-08,4.5900993,simulation
1967-07-09,1.0290637,simulation
1967-07-10,2.7498999,simulation
1967-07-11,2.2465544,simulation
1967-07-12,4.0129,simulation
1967-07-13,1.4922341,simulation
1967-07-14,5.5392,simulation
1967-07-15,6.2808013,simulation
1967-07-16,4.097,simulation
1967-07-17,3.485,simulation
1967-07-18,4.1734,simulation
1967-07-19,0.77152956,simulation
1967-07-20,0.81561947,simulation
1967-07-21,1.8781043,simulation
1967-07-22,2.7809,simulation
1967-07-23,4.2287,simulation
1967-07-24,3.6465,simulation
1967-07-25,3.8976,simulation
1967-07-26,3.0184002,simulation
1967-07-27,6.597702,simulation
1967-07-28,2.9191,simulation
1967-07-29,2.0174773,simulation
1967-07-30,4.9355993,simulation
1967-07-31,5.0587993,simulation
1967-08-01,4.841,simulation
1967-08-02,1.3192446,simulation
1967-08-03,3.2306,simulation
1967-08-04,1.6135548,simulation
1967-08-05,3.5404003,simulation
1967-08-06,5.6257987,simulation
1967-08-07,5.6487007,simulation
1967-08-08,1.2208931,simulation
1967-08-09,1.1049266,simulation
1967-08-10,0.9266219,simulation
1967-08-11,4.7842,simulation
1967-08-12,4.6534,simulation
1967-08-13,5.7985005,simulation
1967-08-14,5.674399,simulation
1967-08-15,3.4266002,simulation
1967-08-16,0.8587951,simulation
1967-08-17,2.9654999,simulation
1967-08-18,4.0039,simulation
1967-08-19,1.0476984,simulation
1967-08-20,0.869621,simulation
1967-08-21,3.0267,simulation
1967-08-22,2.6119,simulation
1967-08-23,0.9096443,simulation
1967-08-24,1.2855583,simulation
1967-08-25,0.75584203,simulation
1967-08-26,0.66760373,simulation
1967-08-27,0.6710359,simulation
1967-08-28,0.9578817,simulation
1967-08-29,6.417401,simulation
1967-08-30,6.1934996,simulation
1967-08-31,2.3477,simulation
1967-09-01,1.2665259,simulation
1967-09-02,1.5377747,simulation
1967-09-03,0.62970704,simulation
1967-09-04,0.58569866,simulation
1967-09-05,0.7102067,simulation
1967-09-06,0.5075318,simulation
1967-09-07,0.527911,simulation
1967-09-08,2.0795784,simulation
1967-09-09,1.9497812,simulation
1967-09-10,3.4365,simulation
1967-09-11,1.459156,simulation
1967-09-12,1.1190228,simulation
1967-09-13,1.1041303,simulation
1967-09-14,4.7588997,simulation
1967-09-15,4.6445994,simulation
1967-09-16,4.6296,simulation
1967-09-17,5.0767007,simulation
1967-09-18,4.9399004,simulation
1967-09-19,0.83798504,simulation
1967-09-20,1.0921838,simulation
1967-09-21,0.6999671,simulation
1967-09-22,4.7915998,simulation
1967-09-23,4.9034996,simulation
1967-09-24,4.7603,simulation
1967-09-25,4.4958,simulation
1967-09-26,4.7901006,simulation
1967-09-27,0.5410819,simulation
1967-09-28,1.014053,simulation
1967-09-29,3.7628,simulation
1967-09-30,4.02,simulation
1967-10-01,4.4259,simulation
1967-10-02,4.4772,simulation
1967-10-03,2.2644432,simulation
1967-10-04,4.5780005,simulation
1967-10-05,4.6114,simulation
1967-10-06,4.1601,simulation
1967-10-07,4.1150994,simulation
1967-10-08,0.88478905,simulation
1967-10-09,3.2186,simulation
1967-10-10,4.1953,simulation
1967-10-11,2.3306694,simulation
1967-10-12,2.951,simulation
1967-10-13,4.4249,simulation
1967-10-14,4.4747,simulation
1967-10-15,2.8626,simulation
1967-10-16,0.60829514,simulation
1967-10-17,0.7568023,simulation
1967-10-18,3.9966,simulation
1967-10-19,3.2315001,simulation
1967-10-20,3.3993,simulation
1967-10-21,3.728,simulation
1967-10-22,1.310117,simulation
1967-10-23,3.2961,simulation
1967-10-24,0.7696568,simulation
1967-10-25,3.8532,simulation
1967-10-26,2.061819,simulation
1967-10-27,2.1484146,simulation
1967-10-28,3.3036,simulation
1967-10-29,3.4194,simulation
1967-10-30,0.7079892,simulation
1967-10-31,0.5601009,simulation
1967-11-01,0.3698,simulation
1967-11-02,1.8748546,simulation
1967-11-03,0.9692824,simulation
1967-11-04,1.4602731,simulation
1967-11-05,2.026036,simulation
1967-11-06,1.9170077,simulation
1967-11-07,1.9978396,simulation
1967-11-08,2.3828,simulation
1967-11-09,2.5203,simulation
1967-11-10,2.2940786,simulation
1967-11-11,1.568693,simulation
1967-11-12,0.9466542,simulation
1967-11-13,2.3431964,simulation
1967-11-14,2.9089,simulation
1967-11-15,1.8453916,simulation
1967-11-16,1.4845691,simulation
1967-11-17,0.80333877,simulation
1967-11-18,2.6773,simulation
1967-11-19,1.9271957,simulation
1967-11-20,0.6817528,simulation
1967-11-21,1.0042679,simulation
1967-11-22,0.9221558,simulation
1967-11-23,0.6142133,simulation
1967-11-24,0.7434088,simulation
1967-11-25,2.5884998,simulation
1967-11-26,0.5019256,simulation
1967-11-27,0.687869,simulation
1967-11-28,0.8139638,simulation
1967-11-29,0.7109588,simulation
1967-11-30,1.6458392,simulation
1967-12-01,1.1978346,simulation
1967-12-02,0.5925454,simulation
1967-12-03,1.0100205,simulation
1967-12-04,1.2534391,simulation
1967-12-05,0.58805466,simulation
1967-12-06,0.5692223,simulation
1967-12-07,0.57518846,simulation
1967-12-08,0.4119,simulation
1967-12-09,0.2845,simulation
1967-12-10,0.1621,simulation
1967-12-11,0.6687687,simulation
1967-12-12,1.9404539,simulation
1967-12-13,1.1564192,simulation
1967-12-14,0.4214,simulation
1967-12-15,0.10799999,simulation
1967-12-16,0.8731013,simulation
1967-12-17,0.5814,simulation
1967-12-18,0.45070004,simulation
1967-12-19,0.319,simulation
1967-12-20,0.90676606,simulation
1967-12-21,1.0082878,simulation
1967-12-22,1.0328865,simulation
1967-12-23,1.5113549,simulation
1967-12-24,1.1701037,simulation
1967-12-25,0.97222114,simulation
1967-12-26,1.472097,simulation
1967-12-27,0.2648,simulation
1967-12-28,0.3512,simulation
1967-12-29,0.3612,simulation
1967-12-30,0.5164,simulation
1967-12-31,0.16040002,simulation
1968-01-01,0.15710002,simulation
1968-01-02,0.06589999,simulation
1968-01-03,0.16350001,simulation
1968-01-04,0.6866216,simulation
1968-01-05,0.6734808,simulation
1968-01-06,0.3324,simulation
1968-01-07,0.78370184,simulation
1968-01-08,0.7356355,simulation
1968-01-09,0.1942,simulation
1968-01-10,0.08769999,simulation
1968-01-11,0.1468,simulation
1968-01-12,0.078499995,simulation
1968-01-13,0.42,simulation
1968-01-14,0.2701,simulation
1968-01-15,0.8149292,simulation
1968-01-16,0.7001597,simulation
1968-01-17,1.1989317,simulation
1968-01-18,1.8512056,simulation
1968-01-19,1.3315929,simulation
1968-01-20,0.6223057,simulation
1968-01-21,1.7242222,simulation
1968-01-22,0.55627626,simulation
1968-01-23,0.20130001,simulation
1968-01-24,1.4004908,simulation
1968-01-25,1.3653935,simulation
1968-01-26,1.9899182,simulation
1968-01-27,0.7234346,simulation
1968-01-28,0.5779133,simulation
1968-01-29,0.92912287,simulation
1968-01-30,0.59429276,simulation
1968-01-31,0.6718444,simulation
1968-02-01,0.6012159,simulation
1968-02-02,2.332,simulation
1968-02-03,1.6340888,simulation
1968-02-04,2.0342088,simulation
1968-02-05,1.7126678,simulation
1968-02-06,2.2894,simulation
1968-02-07,1.5601455,simulation
1968-02-08,1.6053015,simulation
1968-02-09,1.7325262,simulation
1968-02-10,1.2102158,simulation
1968-02-11,1.1656777,simulation
1968-02-12,2.0390925,simulation
1968-02-13,1.0419351,simulation
1968-02-14,0.62310076,simulation
1968-02-15,0.13710001,simulation
1968-02-16,0.3232,simulation
1968-02-17,0.9661954,simulation
1968-02-18,0.8400686,simulation
1968-02-19,1.450118,simulation
1968-02-20,1.7872108,simulation
1968-02-21,0.58383244,simulation
1968-02-22,0.87339115,simulation
1968-02-23,0.6956347,simulation
1968-02-24,2.4545,simulation
1968-02-25,2.1654816,simulation
1968-02-26,1.989291,simulation
1968-02-27,2.3682,simulation
1968-02-28,0.2619,simulation
1968-02-29,0.5803363,simulation
1968-03-01,2.7067,simulation
1968-03-02,0.99803644,simulation
1968-03-03,2.8113,simulation
1968-03-04,2.4336,simulation
1968-03-05,0.9303038,simulation
1968-03-06,1.1900481,simulation
1968-03-07,3.4471,simulation
1968-03-08,3.6559,simulation
1968-03-09,0.96531415,simulation
1968-03-10,2.2694,simulation
1968-03-11,0.7054573,simulation
1968-03-12,0.66496557,simulation
1968-03-13,3.4426,simulation
1968-03-14,1.3293264,simulation
1968-03-15,0.88073796,simulation
1968-03-16,1.136817,simulation
1968-03-17,1.3437656,simulation
1968-03-18,2.3534,simulation
1968-03-19,3.2174,simulation
1968-03-20,2.3896,simulation
1968-03-21,0.5353587,simulation
1968-03-22,0.2874,simulation
1968-03-23,0.80283266,simulation
1968-03-24,3.1726,simulation
1968-03-25,3.9421003,simulation
1968-03-26,3.3686,simulation
1968-03-27,3.1565,simulation
1968-03-28,2.7136,simulation
1968-03-29,1.3078411,simulation
1968-03-30,1.4731451,simulation
1968-03-31,2.6503,simulation
1968-04-01,0.9300512,simulation
1968-04-02,0.6891075,simulation
1968-04-03,1.1742264,simulation
1968-04-04,0.8249568,simulation
1968-04-05,4.6432,simulation
1968-04-06,4.6981,simulation
1968-04-07,2.0694,simulation
1968-04-08,0.65343446,simulation
1968-04-09,0.6044225,simulation
1968-04-10,0.82706213,simulation
1968-04-11,5.4336,simulation
1968-04-12,3.3004,simulation
1968-04-13,1.1780143,simulation
1968-04-14,2.503,simulation
1968-04-15,6.0852985,simulation
1968-04-16,5.1880007,simulation
1968-04-17,3.0716002,simulation
1968-04-18,3.1123002,simulation
1968-04-19,2.7345,simulation
1968-04-20,2.4987,simulation
1968-04-21,1.5544723,simulation
1968-04-22,0.8382851,simulation
1968-04-23,1.0188802,simulation
1968-04-24,4.5839,simulation
1968-04-25,6.0490003,simulation
1968-04-26,5.6663003,simulation
1968-04-27,2.0800433,simulation
1968-04-28,1.3033774,simulation
1968-04-29,1.0021592,simulation
1968-04-30,6.1076007,simulation
1968-05-01,5.909299,simulation
1968-05-02,5.6042986,simulation
1968-05-03,4.7941,simulation
1968-05-04,0.662151,simulation
1968-05-05,6.4253,simulation
1968-05-06,4.9037,simulation
1968-05-07,4.806899,simulation
1968-05-08,1.3700167,simulation
1968-05-09,2.3348,simulation
1968-05-10,2.1338384,simulation
1968-05-11,0.90168625,simulation
1968-05-12,1.8800797,simulation
1968-05-13,2.7978,simulation
1968-05-14,3.9506001,simulation
1968-05-15,2.6539,simulation
1968-05-16,3.4091997,simulation
1968-05-17,1.0009652,simulation
1968-05-18,2.526,simulation
1968-05-19,6.6734023,simulation
1968-05-20,6.336201,simulation
1968-05-21,4.5995007,simulation
1968-05-22,6.264399,simulation
1968-05-23,7.6512995,simulation
1968-05-24,2.8205,simulation
1968-05-25,3.0493,simulation
1968-05-26,2.1021771,simulation
1968-05-27,3.444,simulation
1968-05-28,5.4777007,simulation
1968-05-29,7.0401,simulation
1968-05-30,3.3038003,simulation
1968-05-31,3.4023,simulation
1968-06-01,6.4254985,simulation
1968-06-02,3.8339,simulation
1968-06-03,2.5692,simulation
1968-06-04,7.143199,simulation
1968-06-05,3.1944,simulation
1968-06-06,7.0952973,simulation
1968-06-07,6.991898,simulation
1968-06-08,5.8625007,simulation
1968-06-09,6.660601,simulation
1968-06-10,6.667898,simulation
1968-06-11,6.2576985,simulation
1968-06-12,5.8448997,simulation
1968-06-13,7.6970983,simulation
1968-06-14,6.982201,simulation
1968-06-15,5.9281006,simulation
1968-06-16,4.1865,simulation
1968-06-17,3.3941,simulation
1968-06-18,3.2667,simulation
1968-06-19,1.154729,simulation
1968-06-20,1.4241257,simulation
1968-06-21,0.7190064,simulation
1968-06-22,1.0925933,simulation
1968-06-23,3.4155,simulation
1968-06-24,3.6941,simulation
1968-06-25,3.2733998,simulation
1968-06-26,3.3862,simulation
1968-06-27,6.9714017,simulation
1968-06-28,7.7716017,simulation
1968-06-29,6.7629023,simulation
1968-06-30,6.5838003,simulation
1968-07-01,5.971099,simulation
1968-07-02,5.4347005,simulation
1968-07-03,2.8843,simulation
1968-07-04,7.0935016,simulation
1968-07-05,6.742401,simulation
1968-07-06,3.9523003,simulation
1968-07-07,3.0719998,simulation
1968-07-08,0.9412167,simulation
1968-07-09,2.7771,simulation
1968-07-10,3.9523,simulation
1968-07-11,4.3849,simulation
1968-07-12,3.1527998,simulation
1968-07-13,2.6759,simulation
1968-07-14,1.6538095,simulation
1968-07-15,3.2952,simulation
1968-07-16,3.5225,simulation
1968-07-17,5.2798004,simulation
1968-07-18,2.8588,simulation
1968-07-19,3.713,simulation
1968-07-20,3.4778,simulation
1968-07-21,4.1324,simulation
1968-07-22,1.2832301,simulation
1968-07-23,3.1548,simulation
1968-07-24,4.0093,simulation
1968-07-25,6.0439997,simulation
1968-07-26,5.9289994,simulation
1968-07-27,6.7258997,simulation
1968-07-28,5.797,simulation
1968-07-29,3.0128,simulation
1968-07-30,4.1102,simulation
1968-07-31,6.122901,simulation
1968-08-01,6.0268993,simulation
1968-08-02,5.0797005,simulation
1968-08-03,5.3913,simulation
1968-08-04,5.0422997,simulation
1968-08-05,4.5904,simulation
1968-08-06,1.4589695,simulation
1968-08-07,2.888,simulation
1968-08-08,4.0887,simulation
1968-08-09,5.7897005,simulation
1968-08-10,4.3668003,simulation
1968-08-11,2.2781858,simulation
1968-08-12,1.5111297,simulation
1968-08-13,2.3360643,simulation
1968-08-14,2.3088975,simulation
1968-08-15,3.0276,simulation
1968-08-16,3.7107,simulation
1968-08-17,5.094,simulation
1968-08-18,4.6411,simulation
1968-08-19,2.8605,simulation
1968-08-20,2.9828,simulation
1968-08-21,5.474799,simulation
1968-08-22,5.888299,simulation
1968-08-23,5.977001,simulation
1968-08-24,5.1353,simulation
1968-08-25,4.9464,simulation
1968-08-26,6.5533004,simulation
1968-08-27,6.944099,simulation
1968-08-28,5.747399,simulation
1968-08-29,3.1775997,simulation
1968-08-30,2.419934,simulation
1968-08-31,2.989,simulation
1968-09-01,5.6422997,simulation
1968-09-02,1.153861,simulation
1968-09-03,0.72289413,simulation
1968-09-04,2.0018153,simulation
1968-09-05,2.3481376,simulation
1968-09-06,3.8769,simulation
1968-09-07,4.9161005,simulation
1968-09-08,6.0108004,simulation
1968-09-09,1.8492606,simulation
1968-09-10,5.3269005,simulation
1968-09-11,2.9819,simulation
1968-09-12,5.6779995,simulation
1968-09-13,5.5026007,simulation
1968-09-14,2.3913405,simulation
1968-09-15,0.75632817,simulation
1968-09-16,1.3813709,simulation
1968-09-17,1.0959383,simulation
1968-09-18,4.7541995,simulation
1968-09-19,5.0983,simulation
1968-09-20,4.8297005,simulation
1968-09-21,5.1761994,simulation
1968-09-22,5.1238995,simulation
1968-09-23,5.5753994,simulation
1968-09-24,4.2749004,simulation
1968-09-25,1.5559052,simulation
1968-09-26,0.76565814,simulation
1968-09-27,5.3342,simulation
1968-09-28,4.8256993,simulation
1968-09-29,3.6975,simulation
1968-09-30,4.7254,simulation
1968-10-01,4.3398,simulation
1968-10-02,4.6487,simulation
1968-10-03,1.55597,simulation
1968-10-04,5.2789,simulation
1968-10-05,1.9152414,simulation
1968-10-06,0.6036515,simulation
1968-10-07,0.48101404,simulation
1968-10-08,1.0281389,simulation
1968-10-09,2.0585864,simulation
1968-10-10,0.4850431,simulation
1968-10-11,0.6235134,simulation
1968-10-12,2.9252,simulation
1968-10-13,1.5849282,simulation
1968-10-14,3.4281,simulation
1968-10-15,4.6175,simulation
1968-10-16,2.9663,simulation
1968-10-17,1.3605391,simulation
1968-10-18,4.1267,simulation
1968-10-19,4.2414,simulation
1968-10-20,1.0916637,simulation
1968-10-21,2.8957,simulation
1968-10-22,0.88019913,simulation
1968-10-23,3.8345,simulation
1968-10-24,3.2969,simulation
1968-10-25,3.3319,simulation
1968-10-26,3.2326,simulation
1968-10-27,3.7816002,simulation
1968-10-28,3.5198,simulation
1968-10-29,2.9582,simulation
1968-10-30,3.2084,simulation
1968-10-31,3.1444,simulation
1968-11-01,3.5052,simulation
1968-11-02,3.408,simulation
1968-11-03,0.4224656,simulation
1968-11-04,0.39717582,simulation
1968-11-05,0.42247212,simulation
1968-11-06,0.2999,simulation
1968-11-07,0.4373459,simulation
1968-11-08,1.1586392,simulation
1968-11-09,0.43499887,simulation
1968-11-10,0.844303,simulation
1968-11-11,0.41979173,simulation
1968-11-12,0.59449005,simulation
1968-11-13,1.3704176,simulation
1968-11-14,1.3071328,simulation
1968-11-15,0.80215514,simulation
1968-11-16,2.5416765,simulation
1968-11-17,0.6200304,simulation
1968-11-18,2.692,simulation
1968-11-19,1.8022087,simulation
1968-11-20,1.4226238,simulation
1968-11-21,1.8994763,simulation
1968-11-22,1.2226224,simulation
1968-11-23,0.6289959,simulation
1968-11-24,0.5035383,simulation
1968-11-25,1.7124609,simulation
1968-11-26,0.81652623,simulation
1968-11-27,0.96640307,simulation
1968-11-28,3.0706,simulation
1968-11-29,0.6214137,simulation
1968-11-30,0.5343015,simulation
1968-12-01,0.3966,simulation
1968-12-02,0.62406224,simulation
1968-12-03,0.52940285,simulation
1968-12-04,1.9692645,simulation
1968-12-05,1.7661862,simulation
1968-12-06,0.41760004,simulation
1968-12-07,2.5268,simulation
1968-12-08,1.4313154,simulation
1968-12-09,0.707741,simulation
1968-12-10,1.0734211,simulation
1968-12-11,0.78451157,simulation
1968-12-12,1.0458635,simulation
1968-12-13,0.6329485,simulation
1968-12-14,1.9755065,simulation
1968-12-15,1.0384687,simulation
1968-12-16,0.6920382,simulation
1968-12-17,1.0681653,simulation
1968-12-18,0.70406264,simulation
1968-12-19,0.83639884,simulation
1968-12-20,0.70645505,simulation
1968-12-21,0.3878,simulation
1968-12-22,0.5634,simulation
1968-12-23,2.0102,simulation
1968-12-24,1.1457424,simulation
1968-12-25,1.2653686,simulation
1968-12-26,0.99239916,simulation
1968-12-27,0.67773134,simulation
1968-12-28,1.6958883,simulation
1968-12-29,0.9002824,simulation
1968-12-30,0.3245,simulation
1968-12-31,0.3169,simulation
1969-01-01,1.026207,simulation
1969-01-02,0.3125,simulation
1969-01-03,0.2715,simulation
1969-01-04,0.92852217,simulation
1969-01-05,0.7593775,simulation
1969-01-06,0.7541462,simulation
1969-01-07,0.6406744,simulation
1969-01-08,1.0272534,simulation
1969-01-09,0.9722153,simulation
1969-01-10,1.0299401,simulation
1969-01-11,1.1952683,simulation
1969-01-12,0.66995543,simulation
1969-01-13,1.1160306,simulation
1969-01-14,1.1695997,simulation
1969-01-15,1.3742976,simulation
1969-01-16,0.6495046,simulation
1969-01-17,0.5288,simulation
1969-01-18,0.4147,simulation
1969-01-19,0.335,simulation
1969-01-20,0.2274,simulation
1969-01-21,0.42669997,simulation
1969-01-22,0.4824,simulation
1969-01-23,1.1763037,simulation
1969-01-24,0.6572717,simulation
1969-01-25,1.1149328,simulation
1969-01-26,0.90533763,simulation
1969-01-27,1.3025311,simulation
1969-01-28,0.61565727,simulation
1969-01-29,0.72414273,simulation
1969-01-30,0.6612026,simulation
1969-01-31,0.3725,simulation
1969-02-01,0.62242335,simulation
1969-02-02,0.63059455,simulation
1969-02-03,2.1854,simulation
1969-02-04,1.4693362,simulation
1969-02-05,0.77237594,simulation
1969-02-06,1.4331275,simulation
1969-02-07,0.6830189,simulation
1969-02-08,2.2206,simulation
1969-02-09,1.123756,simulation
1969-02-10,0.6538689,simulation
1969-02-11,1.5184948,simulation
1969-02-12,2.6641,simulation
1969-02-13,2.7535,simulation
1969-02-14,0.9241966,simulation
1969-02-15,0.249,simulation
1969-02-16,0.3448,simulation
1969-02-17,0.5567,simulation
1969-02-18,2.4427,simulation
1969-02-19,1.3720423,simulation
1969-02-20,0.92044693,simulation
1969-02-21,1.0127586,simulation
1969-02-22,0.3998,simulation
1969-02-23,1.1646817,simulation
1969-02-24,2.4841,simulation
1969-02-25,2.6203,simulation
1969-02-26,2.3415,simulation
1969-02-27,2.2543,simulation
1969-02-28,2.4791,simulation
1969-03-01,0.65180695,simulation
1969-03-02,2.7242,simulation
1969-03-03,0.3434,simulation
1969-03-04,2.912,simulation
1969-03-05,0.912958,simulation
1969-03-06,0.35300002,simulation
1969-03-07,1.9297746,simulation
1969-03-08,1.0841981,simulation
1969-03-09,2.1664,simulation
1969-03-10,2.5399,simulation
1969-03-11,1.9370948,simulation
1969-03-12,0.84624213,simulation
1969-03-13,2.8439999,simulation
1969-03-14,0.97662944,simulation
1969-03-15,0.91258603,simulation
1969-03-16,0.4264,simulation
1969-03-17,0.58064824,simulation
1969-03-18,0.5295,simulation
1969-03-19,4.1516,simulation
1969-03-20,3.1690001,simulation
1969-03-21,4.0054,simulation
1969-03-22,2.3219,simulation
1969-03-23,1.152419,simulation
1969-03-24,4.848,simulation
1969-03-25,1.6794556,simulation
1969-03-26,4.2330995,simulation
1969-03-27,2.8056,simulation
1969-03-28,4.6541,simulation
1969-03-29,3.5528998,simulation
1969-03-30,0.6223924,simulation
1969-03-31,2.2412,simulation
1969-04-01,4.7309003,simulation
1969-04-02,2.1773,simulation
1969-04-03,2.572,simulation
1969-04-04,2.2528,simulation
1969-04-05,0.8346805,simulation
1969-04-06,0.6932809,simulation
1969-04-07,3.1404,simulation
1969-04-08,1.4472041,simulation
1969-04-09,2.0309534,simulation
1969-04-10,1.6855905,simulation
1969-04-11,4.0831,simulation
1969-04-12,1.436922,simulation
1969-04-13,0.67104256,simulation
1969-04-14,2.6441,simulation
1969-04-15,2.8576,simulation
1969-04-16,1.9483001,simulation
1969-04-17,0.6865306,simulation
1969-04-18,3.0662,simulation
1969-04-19,1.411289,simulation
1969-04-20,2.3829,simulation
1969-04-21,5.3281007,simulation
1969-04-22,6.087199,simulation
1969-04-23,5.6125016,simulation
1969-04-24,5.5727005,simulation
1969-04-25,5.6596007,simulation
1969-04-26,6.5615015,simulation
1969-04-27,4.4842,simulation
1969-04-28,2.1722171,simulation
1969-04-29,5.3479,simulation
1969-04-30,6.0468993,simulation
1969-05-01,2.7976,simulation
1969-05-02,4.9383993,simulation
1969-05-03,3.4055,simulation
1969-05-04,1.5435771,simulation
1969-05-05,4.675899,simulation
1969-05-06,1.3964384,simulation
1969-05-07,1.0061213,simulation
1969-05-08,0.6496732,simulation
1969-05-09,6.892501,simulation
1969-05-10,6.7331004,simulation
1969-05-11,5.2885003,simulation
1969-05-12,6.432801,simulation
1969-05-13,3.6538997,simulation
1969-05-14,1.3340056,simulation
1969-05-15,2.262,simulation
1969-05-16,1.482617,simulation
1969-05-17,0.75046027,simulation
1969-05-18,3.0392,simulation
1969-05-19,2.9339,simulation
1969-05-20,5.7292004,simulation
1969-05-21,6.950199,simulation
1969-05-22,6.666499,simulation
1969-05-23,6.5334997,simulation
1969-05-24,3.1154,simulation
1969-05-25,2.399,simulation
1969-05-26,5.3186007,simulation
1969-05-27,4.8792,simulation
1969-05-28,5.3614993,simulation
1969-05-29,5.9017,simulation
1969-05-30,5.273799,simulation
1969-05-31,6.5806994,simulation
1969-06-01,6.4513993,simulation
1969-06-02,1.3626591,simulation
1969-06-03,4.5121007,simulation
1969-06-04,1.6505505,simulation
1969-06-05,4.0684,simulation
1969-06-06,7.3805995,simulation
1969-06-07,6.776301,simulation
1969-06-08,4.8236995,simulation
1969-06-09,6.0186996,simulation
1969-06-10,6.573701,simulation
1969-06-11,6.468099,simulation
1969-06-12,5.7766995,simulation
1969-06-13,5.9556994,simulation
1969-06-14,6.0337005,simulation
1969-06-15,5.0936003,simulation
1969-06-16,4.6481,simulation
1969-06-17,7.291199,simulation
1969-06-18,6.177799,simulation
1969-06-19,3.2163,simulation
1969-06-20,3.9238,simulation
1969-06-21,4.6771,simulation
1969-06-22,6.2236,simulation
1969-06-23,5.1269,simulation
1969-06-24,3.3498998,simulation
1969-06-25,5.9324994,simulation
1969-06-26,5.1464,simulation
1969-06-27,6.0928993,simulation
1969-06-28,7.105,simulation
1969-06-29,8.001798,simulation
1969-06-30,7.2403984,simulation
1969-07-01,4.8037,simulation
1969-07-02,6.788001,simulation
1969-07-03,7.7995996,simulation
1969-07-04,8.2421,simulation
1969-07-05,5.8676996,simulation
1969-07-06,3.9820004,simulation
1969-07-07,5.0135,simulation
1969-07-08,5.7584996,simulation
1969-07-09,5.0694,simulation
1969-07-10,4.197,simulation
1969-07-11,4.8889995,simulation
1969-07-12,3.7707,simulation
1969-07-13,5.6283994,simulation
1969-07-14,5.9763,simulation
1969-07-15,6.1100006,simulation
1969-07-16,4.0805,simulation
1969-07-17,1.3969884,simulation
1969-07-18,0.67223907,simulation
1969-07-19,2.0771356,simulation
1969-07-20,5.649901,simulation
1969-07-21,5.7543993,simulation
1969-07-22,4.4320993,simulation
1969-07-23,3.2237,simulation
1969-07-24,3.9547,simulation
1969-07-25,2.0285432,simulation
1969-07-26,0.76597655,simulation
1969-07-27,1.6874999,simulation
1969-07-28,3.3649004,simulation
1969-07-29,4.7322,simulation
1969-07-30,4.9826007,simulation
1969-07-31,3.9518,simulation
1969-08-01,3.8521,simulation
1969-08-02,5.5399,simulation
1969-08-03,5.5229006,simulation
1969-08-04,6.4109983,simulation
1969-08-05,4.8447003,simulation
1969-08-06,6.3683,simulation
1969-08-07,5.8419995,simulation
1969-08-08,6.3536005,simulation
1969-08-09,5.3666,simulation
1969-08-10,4.155,simulation
1969-08-11,7.3457994,simulation
1969-08-12,6.347201,simulation
1969-08-13,6.2910013,simulation
1969-08-14,3.0442,simulation
1969-08-15,5.1408997,simulation
1969-08-16,5.0576997,simulation
1969-08-17,3.2532,simulation
1969-08-18,0.68277574,simulation
1969-08-19,3.6693,simulation
1969-08-20,5.042901,simulation
1969-08-21,4.6839995,simulation
1969-08-22,3.782,simulation
1969-08-23,0.6578181,simulation
1969-08-24,1.8108687,simulation
1969-08-25,3.3245,simulation
1969-08-26,2.5683,simulation
1969-08-27,2.7539,simulation
1969-08-28,6.7261977,simulation
1969-08-29,6.3548994,simulation
1969-08-30,5.8840003,simulation
1969-08-31,0.9610189,simulation
1969-09-01,1.750664,simulation
1969-09-02,4.8094006,simulation
1969-09-03,1.8390561,simulation
1969-09-04,2.7437,simulation
1969-09-05,1.6332625,simulation
1969-09-06,4.6647997,simulation
1969-09-07,4.5137,simulation
1969-09-08,2.3986814,simulation
1969-09-09,3.8617,simulation
1969-09-10,2.9603,simulation
1969-09-11,1.3134475,simulation
1969-09-12,5.6008,simulation
1969-09-13,5.5346003,simulation
1969-09-14,3.3622,simulation
1969-09-15,5.1379995,simulation
1969-09-16,4.5277,simulation
1969-09-17,3.1395,simulation
1969-09-18,4.3137,simulation
1969-09-19,1.5853388,simulation
1969-09-20,0.62135315,simulation
1969-09-21,0.69374555,simulation
1969-09-22,0.632554,simulation
1969-09-23,0.8008371,simulation
1969-09-24,2.6195512,simulation
1969-09-25,4.5043006,simulation
1969-09-26,5.3651004,simulation
1969-09-27,5.210901,simulation
1969-09-28,5.3117003,simulation
1969-09-29,5.534399,simulation
1969-09-30,2.1581056,simulation
1969-10-01,0.51643556,simulation
1969-10-02,3.3526,simulation
1969-10-03,3.3662,simulation
1969-10-04,3.9015,simulation
1969-10-05,3.5171,simulation
1969-10-06,0.56870216,simulation
1969-10-07,0.56187165,simulation
1969-10-08,1.8652179,simulation
1969-10-09,4.2079,simulation
1969-10-10,1.3904414,simulation
1969-10-11,3.0296,simulation
1969-10-12,3.3876,simulation
1969-10-13,0.77816993,simulation
1969-10-14,0.5230623,simulation
1969-10-15,0.5302273,simulation
1969-10-16,3.3973,simulation
1969-10-17,3.9286,simulation
1969-10-18,4.1296,simulation
1969-10-19,3.9221,simulation
1969-10-20,0.4657569,simulation
1969-10-21,0.5219045,simulation
1969-10-22,4.2582006,simulation
1969-10-23,4.4508,simulation
1969-10-24,0.6887714,simulation
1969-10-25,2.5573444,simulation
1969-10-26,2.82,simulation
1969-10-27,2.6784177,simulation
1969-10-28,2.9654,simulation
1969-10-29,1.6251684,simulation
1969-10-30,2.7087219,simulation
1969-10-31,0.42214972,simulation
1969-11-01,0.36937472,simulation
1969-11-02,2.84,simulation
1969-11-03,0.64099604,simulation
1969-11-04,0.6028621,simulation
1969-11-05,2.092382,simulation
1969-11-06,1.4770468,simulation
1969-11-07,0.9697995,simulation
1969-11-08,1.4345272,simulation
1969-11-09,2.5085218,simulation
1969-11-10,2.8379972,simulation
1969-11-11,2.4562092,simulation
1969-11-12,2.0370305,simulation
1969-11-13,0.5473221,simulation
1969-11-14,1.6690823,simulation
1969-11-15,1.3984983,simulation
1969-11-16,1.6161128,simulation
1969-11-17,2.338746,simulation
1969-11-18,0.5578809,simulation
1969-11-19,2.3551948,simulation
1969-11-20,1.7178499,simulation
1969-11-21,1.9509336,simulation
1969-11-22,1.7884839,simulation
1969-11-23,0.6413578,simulation
1969-11-24,0.98473567,simulation
1969-11-25,0.5821983,simulation
1969-11-26,0.4155682,simulation
1969-11-27,0.2498,simulation
1969-11-28,0.8039881,simulation
1969-11-29,0.6843597,simulation
1969-11-30,1.2808785,simulation
1969-12-01,1.7418115,simulation
1969-12-02,1.3794545,simulation
1969-12-03,1.8053684,simulation
1969-12-04,1.5195527,simulation
1969-12-05,0.56669986,simulation
1969-12-06,0.2594,simulation
1969-12-07,0.45513678,simulation
1969-12-08,0.2996,simulation
1969-12-09,0.48639384,simulation
1969-12-10,0.63665324,simulation
1969-12-11,0.727438,simulation
1969-12-12,1.0827782,simulation
1969-12-13,1.2457498,simulation
1969-12-14,1.6076845,simulation
1969-12-15,1.2196592,simulation
1969-12-16,1.1222069,simulation
1969-12-17,0.8856991,simulation
1969-12-18,0.60927904,simulation
1969-12-19,0.398,simulation
1969-12-20,0.5744797,simulation
1969-12-21,0.3242,simulation
1969-12-22,0.68984944,simulation
1969-12-23,1.4903581,simulation
1969-12-24,1.0599918,simulation
1969-12-25,0.52983564,simulation
1969-12-26,1.0457542,simulation
1969-12-27,1.282379,simulation
1969-12-28,0.9345968,simulation
1969-12-29,0.5624523,simulation
1969-12-30,0.1102,simulation
1969-12-31,0.15389998,simulation
1970-01-01,0.9279595,simulation
1970-01-02,0.88487566,simulation
1970-01-03,0.7322007,simulation
1970-01-04,0.7762573,simulation
1970-01-05,0.53760415,simulation
1970-01-06,0.14070001,simulation
1970-01-07,0.8754291,simulation
1970-01-08,0.90896803,simulation
1970-01-09,0.8057392,simulation
1970-01-10,0.67001784,simulation
1970-01-11,0.08539999,simulation
1970-01-12,0.16150002,simulation
1970-01-13,1.0637028,simulation
1970-01-14,0.75114596,simulation
1970-01-15,0.7193763,simulation
1970-01-16,0.524,simulation
1970-01-17,0.2422,simulation
1970-01-18,0.19549999,simulation
1970-01-19,0.13679999,simulation
1970-01-20,0.128,simulation
1970-01-21,0.82492304,simulation
1970-01-22,0.8317406,simulation
1970-01-23,0.7420586,simulation
1970-01-24,1.754137,simulation
1970-01-25,0.7154267,simulation
1970-01-26,1.3704737,simulation
1970-01-27,2.060905,simulation
1970-01-28,1.0372083,simulation
1970-01-29,1.0603403,simulation
1970-01-30,2.3624,simulation
1970-01-31,1.3224038,simulation
1970-02-01,0.615639,simulation
1970-02-02,1.4794911,simulation
1970-02-03,1.7950256,simulation
1970-02-04,1.3464434,simulation
1970-02-05,0.7346943,simulation
1970-02-06,0.8552566,simulation
1970-02-07,1.3936839,simulation
1970-02-08,0.6642654,simulation
1970-02-09,2.1627,simulation
1970-02-10,2.2858,simulation
1970-02-11,1.9542136,simulation
1970-02-12,2.4674,simulation
1970-02-13,0.7477956,simulation
1970-02-14,0.78377134,simulation
1970-02-15,0.66932195,simulation
1970-02-16,0.2741,simulation
1970-02-17,1.9402744,simulation
1970-02-18,3.0874,simulation
1970-02-19,2.8225002,simulation
1970-02-20,3.0901,simulation
1970-02-21,2.5345,simulation
1970-02-22,1.7881166,simulation
1970-02-23,0.5484385,simulation
1970-02-24,0.2567,simulation
1970-02-25,0.63883877,simulation
1970-02-26,2.509,simulation
1970-02-27,2.4293,simulation
1970-02-28,1.0498947,simulation
1970-03-01,2.2866,simulation
1970-03-02,1.3522967,simulation
1970-03-03,0.6279606,simulation
1970-03-04,0.4003,simulation
1970-03-05,0.4961,simulation
1970-03-06,1.0151156,simulation
1970-03-07,0.545,simulation
1970-03-08,0.82009345,simulation
1970-03-09,3.8367002,simulation
1970-03-10,2.9111,simulation
1970-03-11,0.4128,simulation
1970-03-12,0.39959997,simulation
1970-03-13,1.1196594,simulation
1970-03-14,2.8056,simulation
1970-03-15,3.4157,simulation
1970-03-16,2.2497,simulation
1970-03-17,1.3903424,simulation
1970-03-18,2.5166,simulation
1970-03-19,0.5917229,simulation
1970-03-20,0.75417525,simulation
1970-03-21,0.2518,simulation
1970-03-22,1.0497165,simulation
1970-03-23,3.5125,simulation
1970-03-24,5.4023995,simulation
1970-03-25,3.6201003,simulation
1970-03-26,2.2732,simulation
1970-03-27,3.5859003,simulation
1970-03-28,1.2597575,simulation
1970-03-29,1.2298756,simulation
1970-03-30,1.2462039,simulation
1970-03-31,2.3109,simulation
1970-04-01,3.1685,simulation
1970-04-02,4.797901,simulation
1970-04-03,4.4523,simulation
1970-04-04,2.3547,simulation
1970-04-05,1.3678918,simulation
1970-04-06,5.0511994,simulation
1970-04-07,4.4783006,simulation
1970-04-08,4.0827,simulation
1970-04-09,0.92403185,simulation
1970-04-10,0.55083066,simulation
1970-04-11,0.47529998,simulation
1970-04-12,2.0212762,simulation
1970-04-13,2.7468,simulation
1970-04-14,5.462499,simulation
1970-04-15,3.3939,simulation
1970-04-16,0.81425893,simulation
1970-04-17,1.5077991,simulation
1970-04-18,1.7452574,simulation
1970-04-19,1.3551215,simulation
1970-04-20,4.5077,simulation
1970-04-21,6.2371,simulation
1970-04-22,3.1912,simulation
1970-04-23,3.2509,simulation
1970-04-24,1.0450402,simulation
1970-04-25,1.203478,simulation
1970-04-26,0.96723145,simulation
1970-04-27,1.7516422,simulation
1970-04-28,2.3285,simulation
1970-04-29,2.4011,simulation
1970-04-30,4.647299,simulation
1970-05-01,1.6861417,simulation
1970-05-02,0.5771433,simulation
1970-05-03,1.2973487,simulation
1970-05-04,5.7651005,simulation
1970-05-05,5.9787993,simulation
1970-05-06,5.0526004,simulation
1970-05-07,5.1641994,simulation
1970-05-08,7.1762023,simulation
1970-05-09,2.9631,simulation
1970-05-10,3.3758,simulation
1970-05-11,3.7948,simulation
1970-05-12,4.5334005,simulation
1970-05-13,4.1937,simulation
1970-05-14,5.5347,simulation
1970-05-15,4.6361,simulation
1970-05-16,1.0773635,simulation
1970-05-17,4.817,simulation
1970-05-18,5.2246995,simulation
1970-05-19,3.0513,simulation
1970-05-20,2.3622,simulation
1970-05-21,4.5656004,simulation
1970-05-22,4.787099,simulation
1970-05-23,4.0123,simulation
1970-05-24,5.6060014,simulation
1970-05-25,4.2767,simulation
1970-05-26,5.4420996,simulation
1970-05-27,4.9362,simulation
1970-05-28,3.8128,simulation
1970-05-29,2.7849,simulation
1970-05-30,0.796144,simulation
1970-05-31,2.7013,simulation
1970-06-01,0.83846414,simulation
1970-06-02,0.7913795,simulation
1970-06-03,4.3796,simulation
1970-06-04,3.9533997,simulation
1970-06-05,4.8186007,simulation
1970-06-06,4.1156,simulation
1970-06-07,5.786201,simulation
1970-06-08,6.202799,simulation
1970-06-09,4.713,simulation
1970-06-10,1.6597466,simulation
1970-06-11,4.7796,simulation
1970-06-12,3.3937,simulation
1970-06-13,3.4901001,simulation
1970-06-14,2.8922,simulation
1970-06-15,2.5609999,simulation
1970-06-16,5.2771997,simulation
1970-06-17,6.8726997,simulation
1970-06-18,7.0437007,simulation
1970-06-19,6.8373003,simulation
1970-06-20,5.3232,simulation
1970-06-21,4.4247,simulation
1970-06-22,4.2736,simulation
1970-06-23,3.4487,simulation
1970-06-24,0.6530489,simulation
1970-06-25,1.7998604,simulation
1970-06-26,4.8892,simulation
1970-06-27,2.4105918,simulation
1970-06-28,6.3714004,simulation
1970-06-29,6.344,simulation
1970-06-30,6.6705003,simulation
1970-07-01,4.7724,simulation
1970-07-02,6.513899,simulation
1970-07-03,5.728501,simulation
1970-07-04,3.724,simulation
1970-07-05,5.2491,simulation
1970-07-06,5.7077,simulation
1970-07-07,6.880999,simulation
1970-07-08,0.9117169,simulation
1970-07-09,3.087,simulation
1970-07-10,4.4339,simulation
1970-07-11,3.3402,simulation
1970-07-12,4.1316996,simulation
1970-07-13,4.1865,simulation
1970-07-14,5.7039,simulation
1970-07-15,2.8285,simulation
1970-07-16,2.357344,simulation
1970-07-17,2.6636,simulation
1970-07-18,5.0762997,simulation
1970-07-19,3.5173998,simulation
1970-07-20,2.3688095,simulation
1970-07-21,0.5469499,simulation
1970-07-22,0.6483957,simulation
1970-07-23,2.7379,simulation
1970-07-24,2.9694,simulation
1970-07-25,0.8268845,simulation
1970-07-26,4.0016,simulation
1970-07-27,5.0120997,simulation
1970-07-28,3.9702,simulation
1970-07-29,5.2221,simulation
1970-07-30,5.9667993,simulation
1970-07-31,5.8562007,simulation
1970-08-01,5.499801,simulation
1970-08-02,5.3545,simulation
1970-08-03,4.6720004,simulation
1970-08-04,3.1818,simulation
1970-08-05,3.9324,simulation
1970-08-06,3.4006,simulation
1970-08-07,2.437576,simulation
1970-08-08,1.5267234,simulation
1970-08-09,2.4296,simulation
1970-08-10,0.72015953,simulation
1970-08-11,3.3499,simulation
1970-08-12,2.721,simulation
1970-08-13,4.8535,simulation
1970-08-14,5.3076005,simulation
1970-08-15,4.9610996,simulation
1970-08-16,3.571,simulation
1970-08-17,3.2204998,simulation
1970-08-18,2.9771,simulation
1970-08-19,2.7987998,simulation
1970-08-20,3.598,simulation
1970-08-21,2.8657997,simulation
1970-08-22,2.9474,simulation
1970-08-23,1.1914134,simulation
1970-08-24,3.2302,simulation
1970-08-25,5.1505003,simulation
1970-08-26,3.4653997,simulation
1970-08-27,1.9407287,simulation
1970-08-28,2.46,simulation
1970-08-29,2.3858,simulation
1970-08-30,4.3014,simulation
1970-08-31,3.3325,simulation
1970-09-01,2.7130997,simulation
1970-09-02,3.0003,simulation
1970-09-03,1.4782704,simulation
1970-09-04,3.2696,simulation
1970-09-05,3.8013003,simulation
1970-09-06,4.9301996,simulation
1970-09-07,4.1296,simulation
1970-09-08,2.7009,simulation
1970-09-09,5.2388,simulation
1970-09-10,4.9664,simulation
1970-09-11,3.7843,simulation
1970-09-12,4.3325,simulation
1970-09-13,5.1371,simulation
1970-09-14,5.8366003,simulation
1970-09-15,4.7723994,simulation
1970-09-16,3.5092,simulation
1970-09-17,3.3942,simulation
1970-09-18,3.7414,simulation
1970-09-19,5.1389003,simulation
1970-09-20,4.5156007,simulation
1970-09-21,4.461,simulation
1970-09-22,4.4160995,simulation
1970-09-23,1.5074545,simulation
1970-09-24,1.1863146,simulation
1970-09-25,1.3058475,simulation
1970-09-26,4.109,simulation
1970-09-27,0.72235477,simulation
1970-09-28,4.6458993,simulation
1970-09-29,4.9912,simulation
1970-09-30,4.6265006,simulation
1970-10-01,4.5142,simulation
1970-10-02,2.7987998,simulation
1970-10-03,3.3841999,simulation
1970-10-04,5.0566993,simulation
1970-10-05,2.279293,simulation
1970-10-06,0.8223305,simulation
1970-10-07,0.63154507,simulation
1970-10-08,2.1548698,simulation
1970-10-09,3.1157,simulation
1970-10-10,3.7865999,simulation
1970-10-11,1.327314,simulation
1970-10-12,0.5028419,simulation
1970-10-13,1.0029794,simulation
1970-10-14,2.3182,simulation
1970-10-15,0.6496887,simulation
1970-10-16,4.0969005,simulation
1970-10-17,2.2045,simulation
1970-10-18,0.5938306,simulation
1970-10-19,0.47289997,simulation
1970-10-20,0.4577,simulation
1970-10-21,0.8912473,simulation
1970-10-22,3.2924001,simulation
1970-10-23,0.7760536,simulation
1970-10-24,2.2965,simulation
1970-10-25,2.957,simulation
1970-10-26,3.7706,simulation
1970-10-27,1.7663845,simulation
1970-10-28,0.59641963,simulation
1970-10-29,1.9251864,simulation
1970-10-30,2.9078,simulation
1970-10-31,2.9802,simulation
1970-11-01,1.3004142,simulation
1970-11-02,0.7492043,simulation
1970-11-03,1.4874951,simulation
1970-11-04,0.9998433,simulation
1970-11-05,2.5569,simulation
1970-11-06,2.7749,simulation
1970-11-07,2.469,simulation
1970-11-08,2.2395,simulation
1970-11-09,0.88985443,simulation
1970-11-10,1.9934074,simulation
1970-11-11,0.61871195,simulation
1970-11-12,0.3706,simulation
1970-11-13,1.1326021,simulation
1970-11-14,0.14179999,simulation
1970-11-15,0.62155,simulation
1970-11-16,1.8880897,simulation
1970-11-17,1.1640128,simulation
1970-11-18,2.4118,simulation
1970-11-19,0.80390316,simulation
1970-11-20,2.5504,simulation
1970-11-21,2.2208,simulation
1970-11-22,0.7895397,simulation
1970-11-23,2.6772,simulation
1970-11-24,1.3890977,simulation
1970-11-25,1.4279711,simulation
1970-11-26,1.5223286,simulation
1970-11-27,0.829513,simulation
1970-11-28,0.5069,simulation
1970-11-29,1.2037973,simulation
1970-11-30,1.7981408,simulation
1970-12-01,0.9784125,simulation
1970-12-02,0.7377401,simulation
1970-12-03,0.55212224,simulation
1970-12-04,2.8641002,simulation
1970-12-05,0.88947815,simulation
1970-12-06,2.9922,simulation
1970-12-07,1.8886012,simulation
1970-12-08,1.6645666,simulation
1970-12-09,1.0623009,simulation
1970-12-10,0.8858293,simulation
1970-12-11,0.469,simulation
1970-12-12,0.4881,simulation
1970-12-13,0.54749846,simulation
1970-12-14,0.903191,simulation
1970-12-15,0.489,simulation
1970-12-16,0.85168916,simulation
1970-12-17,1.3459859,simulation
1970-12-18,0.8447597,simulation
1970-12-19,0.6197755,simulation
1970-12-20,0.57377416,simulation
1970-12-21,1.6790739,simulation
1970-12-22,0.75696456,simulation
1970-12-23,0.73074055,simulation
1970-12-24,1.8840312,simulation
1970-12-25,1.1112264,simulation
1970-12-26,1.0781074,simulation
1970-12-27,1.2397407,simulation
1970-12-28,0.6385718,simulation
1970-12-29,0.3009,simulation
1970-12-30,0.2601,simulation
1970-12-31,0.4956,simulation
1971-01-01,1.1741838,simulation
1971-01-02,1.3497261,simulation
1971-01-03,1.2688423,simulation
1971-01-04,0.74873996,simulation
1971-01-05,0.83306444,simulation
1971-01-06,1.0435498,simulation
1971-01-07,0.64953524,simulation
1971-01-08,0.1068,simulation
1971-01-09,0.16080001,simulation
1971-01-10,0.2998,simulation
1971-01-11,0.8192067,simulation
1971-01-12,0.5988114,simulation
1971-01-13,0.3928,simulation
1971-01-14,0.653464,simulation
1971-01-15,0.9546789,simulation
1971-01-16,0.9923074,simulation
1971-01-17,1.0862635,simulation
1971-01-18,0.4563,simulation
1971-01-19,1.7711829,simulation
1971-01-20,1.1696439,simulation
1971-01-21,1.4162899,simulation
1971-01-22,0.79346794,simulation
1971-01-23,0.55056417,simulation
1971-01-24,0.5133,simulation
1971-01-25,0.62862736,simulation
1971-01-26,2.9583,simulation
1971-01-27,2.1213,simulation
1971-01-28,1.7414348,simulation
1971-01-29,1.0431323,simulation
1971-01-30,0.97712046,simulation
1971-01-31,0.85236657,simulation
1971-02-01,2.3196,simulation
1971-02-02,1.1460406,simulation
1971-02-03,0.95872223,simulation
1971-02-04,0.47680002,simulation
1971-02-05,2.2568,simulation
1971-02-06,2.3085,simulation
1971-02-07,0.9825926,simulation
1971-02-08,0.745502,simulation
1971-02-09,1.0113847,simulation
1971-02-10,1.6511467,simulation
1971-02-11,2.1141,simulation
1971-02-12,0.55967695,simulation
1971-02-13,0.9978391,simulation
1971-02-14,1.9280846,simulation
1971-02-15,1.5139536,simulation
1971-02-16,2.5043,simulation
1971-02-17,2.4088,simulation
1971-02-18,2.1564,simulation
1971-02-19,0.9261078,simulation
1971-02-20,0.9913279,simulation
1971-02-21,0.86077815,simulation
1971-02-22,2.84,simulation
1971-02-23,2.9449,simulation
1971-02-24,1.6638508,simulation
1971-02-25,2.703,simulation
1971-02-26,0.6093581,simulation
1971-02-27,3.9111,simulation
1971-02-28,0.9257968,simulation
1971-03-01,0.5458,simulation
1971-03-02,0.22109999,simulation
1971-03-03,0.68,simulation
1971-03-04,2.6711,simulation
1971-03-05,2.6812,simulation
1971-03-06,1.0078554,simulation
1971-03-07,2.9972,simulation
1971-03-08,3.0683,simulation
1971-03-09,2.6968,simulation
1971-03-10,2.597,simulation
1971-03-11,3.5209,simulation
1971-03-12,1.3223985,simulation
1971-03-13,0.4363,simulation
1971-03-14,1.709663,simulation
1971-03-15,5.2281,simulation
1971-03-16,4.3654,simulation
1971-03-17,3.9453,simulation
1971-03-18,2.4945,simulation
1971-03-19,4.6876993,simulation
1971-03-20,4.0383,simulation
1971-03-21,1.0393347,simulation
1971-03-22,1.6579194,simulation
1971-03-23,1.6381232,simulation
1971-03-24,3.7448003,simulation
1971-03-25,0.75599325,simulation
1971-03-26,0.6370241,simulation
1971-03-27,4.1512,simulation
1971-03-28,0.860471,simulation
1971-03-29,4.2643003,simulation
1971-03-30,4.4161,simulation
1971-03-31,3.8232,simulation
1971-04-01,0.8932264,simulation
1971-04-02,4.676199,simulation
1971-04-03,4.6658006,simulation
1971-04-04,4.4438,simulation
1971-04-05,2.1461,simulation
1971-04-06,2.2039,simulation
1971-04-07,4.7509995,simulation
1971-04-08,4.1893,simulation
1971-04-09,5.4130993,simulation
1971-04-10,4.8297005,simulation
1971-04-11,5.7136006,simulation
1971-04-12,6.5105014,simulation
1971-04-13,4.8709,simulation
1971-04-14,4.6008,simulation
1971-04-15,3.9534,simulation
1971-04-16,4.5624,simulation
1971-04-17,2.8545,simulation
1971-04-18,1.4485643,simulation
1971-04-19,5.5313,simulation
1971-04-20,1.2749753,simulation
1971-04-21,0.85886884,simulation
1971-04-22,0.7568399,simulation
1971-04-23,3.3255,simulation
1971-04-24,5.874299,simulation
1971-04-25,3.6241,simulation
1971-04-26,1.9472327,simulation
1971-04-27,1.1386791,simulation
1971-04-28,5.3359003,simulation
1971-04-29,0.8642978,simulation
1971-04-30,0.3656,simulation
1971-05-01,5.4137006,simulation
1971-05-02,3.4494,simulation
1971-05-03,3.6206,simulation
1971-05-04,5.6469994,simulation
1971-05-05,1.7695177,simulation
1971-05-06,1.6426433,simulation
1971-05-07,2.1536746,simulation
1971-05-08,3.7005,simulation
1971-05-09,0.77441186,simulation
1971-05-10,1.1916988,simulation
1971-05-11,1.198192,simulation
1971-05-12,0.4474,simulation
1971-05-13,0.8005349,simulation
1971-05-14,3.3708997,simulation
1971-05-15,4.0355,simulation
1971-05-16,6.1188,simulation
1971-05-17,6.790901,simulation
1971-05-18,4.9766006,simulation
1971-05-19,2.7352,simulation
1971-05-20,1.0669289,simulation
1971-05-21,6.8807025,simulation
1971-05-22,3.7031,simulation
1971-05-23,4.3495,simulation
1971-05-24,1.934316,simulation
1971-05-25,5.6909995,simulation
1971-05-26,5.9808993,simulation
1971-05-27,1.5897735,simulation
1971-05-28,2.2325,simulation
1971-05-29,5.472199,simulation
1971-05-30,4.7765,simulation
1971-05-31,4.6653004,simulation
1971-06-01,4.0894,simulation
1971-06-02,5.6424003,simulation
1971-06-03,5.4348,simulation
1971-06-04,6.0405,simulation
1971-06-05,6.104499,simulation
1971-06-06,3.0039,simulation
1971-06-07,2.8081,simulation
1971-06-08,5.6951,simulation
1971-06-09,4.203,simulation
1971-06-10,3.8671997,simulation
1971-06-11,5.4049,simulation
1971-06-12,4.6185994,simulation
1971-06-13,4.8221006,simulation
1971-06-14,7.5940995,simulation
1971-06-15,6.5196996,simulation
1971-06-16,5.848199,simulation
1971-06-17,4.0774007,simulation
1971-06-18,5.7965007,simulation
1971-06-19,3.8471003,simulation
1971-06-20,4.0018,simulation
1971-06-21,3.243,simulation
1971-06-22,3.4933,simulation
1971-06-23,5.9651003,simulation
1971-06-24,5.631199,simulation
1971-06-25,4.3695,simulation
1971-06-26,5.9982004,simulation
1971-06-27,2.0636122,simulation
1971-06-28,4.7473,simulation
1971-06-29,4.653,simulation
1971-06-30,3.316,simulation
1971-07-01,3.6587,simulation
1971-07-02,1.3779739,simulation
1971-07-03,3.3906,simulation
1971-07-04,3.6853004,simulation
1971-07-05,4.3258,simulation
1971-07-06,2.8262,simulation
1971-07-07,3.2819,simulation
1971-07-08,4.0634003,simulation
1971-07-09,5.3962007,simulation
1971-07-10,3.1849003,simulation
1971-07-11,5.6386,simulation
1971-07-12,5.0225005,simulation
1971-07-13,4.8818994,simulation
1971-07-14,4.39,simulation
1971-07-15,6.2277,simulation
1971-07-16,5.811601,simulation
1971-07-17,2.17352,simulation
1971-07-18,5.2147994,simulation
1971-07-19,4.8657007,simulation
1971-07-20,1.0855277,simulation
1971-07-21,4.8025,simulation
1971-07-22,6.1870995,simulation
1971-07-23,1.2205997,simulation
1971-07-24,1.1063519,simulation
1971-07-25,0.846255,simulation
1971-07-26,2.0677996,simulation
1971-07-27,1.250466,simulation
1971-07-28,2.0287337,simulation
1971-07-29,1.741642,simulation
1971-07-30,2.1597433,simulation
1971-07-31,0.81603456,simulation
1971-08-01,1.3519143,simulation
1971-08-02,1.1575125,simulation
1971-08-03,3.2,simulation
1971-08-04,4.1412997,simulation
1971-08-05,4.3963,simulation
1971-08-06,2.6044,simulation
1971-08-07,2.4053,simulation
1971-08-08,3.5688,simulation
1971-08-09,1.8761704,simulation
1971-08-10,2.5729,simulation
1971-08-11,3.6916003,simulation
1971-08-12,4.9816,simulation
1971-08-13,5.5777006,simulation
1971-08-14,5.0547996,simulation
1971-08-15,5.0920005,simulation
1971-08-16,5.5328,simulation
1971-08-17,4.2361007,simulation
1971-08-18,5.0971,simulation
1971-08-19,5.0928,simulation
1971-08-20,5.283501,simulation
1971-08-21,2.9116,simulation
1971-08-22,2.8252,simulation
1971-08-23,1.7527554,simulation
1971-08-24,4.6161,simulation
1971-08-25,4.0429997,simulation
1971-08-26,5.5778995,simulation
1971-08-27,6.0932994,simulation
1971-08-28,5.7040987,simulation
1971-08-29,6.1224995,simulation
1971-08-30,0.9344377,simulation
1971-08-31,1.3858836,simulation
1971-09-01,0.6325589,simulation
1971-09-02,1.8341881,simulation
1971-09-03,3.5513,simulation
1971-09-04,3.0330997,simulation
1971-09-05,1.3896722,simulation
1971-09-06,2.9362001,simulation
1971-09-07,4.8854995,simulation
1971-09-08,4.5743,simulation
1971-09-09,3.2998,simulation
1971-09-10,3.4123,simulation
1971-09-11,1.5604193,simulation
1971-09-12,4.4436,simulation
1971-09-13,5.7936997,simulation
1971-09-14,5.930601,simulation
1971-09-15,2.5046997,simulation
1971-09-16,0.48501608,simulation
1971-09-17,1.1818218,simulation
1971-09-18,2.8572,simulation
1971-09-19,0.7465447,simulation
1971-09-20,0.5959829,simulation
1971-09-21,1.561043,simulation
1971-09-22,4.0109,simulation
1971-09-23,2.2238,simulation
1971-09-24,2.8697999,simulation
1971-09-25,3.4045002,simulation
1971-09-26,1.9489142,simulation
1971-09-27,1.8951851,simulation
1971-09-28,4.1909995,simulation
1971-09-29,4.3713007,simulation
1971-09-30,4.1349006,simulation
1971-10-01,4.3815,simulation
1971-10-02,4.2754993,simulation
1971-10-03,3.5257,simulation
1971-10-04,2.4501,simulation
1971-10-05,1.2747362,simulation
1971-10-06,3.7394,simulation
1971-10-07,4.7646,simulation
1971-10-08,3.6881,simulation
1971-10-09,0.7881949,simulation
1971-10-10,4.4106007,simulation
1971-10-11,3.8871,simulation
1971-10-12,3.5906,simulation
1971-10-13,0.82722557,simulation
1971-10-14,2.7233,simulation
1971-10-15,2.5054,simulation
1971-10-16,1.9924445,simulation
1971-10-17,1.435752,simulation
1971-10-18,0.70694345,simulation
1971-10-19,4.2516994,simulation
1971-10-20,0.55055475,simulation
1971-10-21,0.5766534,simulation
1971-10-22,1.3248925,simulation
1971-10-23,1.982454,simulation
1971-10-24,0.5122099,simulation
1971-10-25,1.8519084,simulation
1971-10-26,2.8308003,simulation
1971-10-27,3.5578997,simulation
1971-10-28,3.0051,simulation
1971-10-29,3.8916,simulation
1971-10-30,1.1620675,simulation
1971-10-31,0.6673948,simulation
1971-11-01,2.3116279,simulation
1971-11-02,0.78926855,simulation
1971-11-03,4.0743,simulation
1971-11-04,2.9959,simulation
1971-11-05,3.1599,simulation
1971-11-06,0.89215755,simulation
1971-11-07,3.5844,simulation
1971-11-08,2.7217,simulation
1971-11-09,0.4795456,simulation
1971-11-10,2.0631962,simulation
1971-11-11,2.3003628,simulation
1971-11-12,2.662,simulation
1971-11-13,1.1715955,simulation
1971-11-14,0.664956,simulation
1971-11-15,1.8587185,simulation
1971-11-16,2.5168,simulation
1971-11-17,1.4766493,simulation
1971-11-18,1.6696181,simulation
1971-11-19,0.42392784,simulation
1971-11-20,2.129716,simulation
1971-11-21,2.8991,simulation
1971-11-22,1.648228,simulation
1971-11-23,0.3061,simulation
1971-11-24,0.49507427,simulation
1971-11-25,0.6486443,simulation
1971-11-26,0.45001915,simulation
1971-11-27,1.9411386,simulation
1971-11-28,0.5284217,simulation
1971-11-29,1.7396427,simulation
1971-11-30,1.4023688,simulation
1971-12-01,0.45375746,simulation
1971-12-02,0.47191492,simulation
1971-12-03,0.16719998,simulation
1971-12-04,0.20009999,simulation
1971-12-05,0.1436,simulation
1971-12-06,0.19820002,simulation
1971-12-07,0.4237,simulation
1971-12-08,0.6900276,simulation
1971-12-09,1.036399,simulation
1971-12-10,1.1351688,simulation
1971-12-11,1.074789,simulation
1971-12-12,0.7079744,simulation
1971-12-13,0.3596,simulation
1971-12-14,0.72134,simulation
1971-12-15,0.6947117,simulation
1971-12-16,1.01293,simulation
1971-12-17,0.5511,simulation
1971-12-18,2.099,simulation
1971-12-19,0.68993515,simulation
1971-12-20,1.5368365,simulation
1971-12-21,1.5496669,simulation
1971-12-22,1.8413258,simulation
1971-12-23,1.115997,simulation
1971-12-24,0.67469865,simulation
1971-12-25,0.90009135,simulation
1971-12-26,0.7558583,simulation
1971-12-27,0.69505537,simulation
1971-12-28,0.2771,simulation
1971-12-29,0.3868,simulation
1971-12-30,0.5980663,simulation
1971-12-31,0.9468442,simulation
1972-01-01,0.7670794,simulation
1972-01-02,0.59666365,simulation
1972-01-03,0.2856,simulation
1972-01-04,0.18920001,simulation
1972-01-05,0.44480002,simulation
1972-01-06,0.94031453,simulation
1972-01-07,1.1621126,simulation
1972-01-08,1.6798718,simulation
1972-01-09,0.6211985,simulation
1972-01-10,0.6146,simulation
1972-01-11,0.7751928,simulation
1972-01-12,2.1302,simulation
1972-01-13,1.3874843,simulation
1972-01-14,1.6153663,simulation
1972-01-15,2.1821,simulation
1972-01-16,1.4030325,simulation
1972-01-17,1.6616361,simulation
1972-01-18,1.241249,simulation
1972-01-19,0.86233693,simulation
1972-01-20,0.3196,simulation
1972-01-21,0.2694,simulation
1972-01-22,0.572,simulation
1972-01-23,0.8133924,simulation
1972-01-24,2.2277,simulation
1972-01-25,3.3917003,simulation
1972-01-26,1.4481295,simulation
1972-01-27,0.6295379,simulation
1972-01-28,0.20649998,simulation
1972-01-29,0.07299999,simulation
1972-01-30,0.3782,simulation
1972-01-31,1.2712287,simulation
1972-02-01,0.4646,simulation
1972-02-02,0.12650001,simulation
1972-02-03,0.77840185,simulation
1972-02-04,1.8355898,simulation
1972-02-05,1.8416487,simulation
1972-02-06,0.7794978,simulation
1972-02-07,0.4425,simulation
1972-02-08,1.242753,simulation
1972-02-09,1.9249482,simulation
1972-02-10,0.97247773,simulation
1972-02-11,1.0074121,simulation
1972-02-12,0.73312545,simulation
1972-02-13,1.365971,simulation
1972-02-14,1.5402544,simulation
1972-02-15,0.66378385,simulation
1972-02-16,0.75450414,simulation
1972-02-17,1.92274,simulation
1972-02-18,3.3149,simulation
1972-02-19,3.4400997,simulation
1972-02-20,1.1903718,simulation
1972-02-21,2.5452,simulation
1972-02-22,0.5740655,simulation
1972-02-23,1.781753,simulation
1972-02-24,2.1733,simulation
1972-02-25,1.3434908,simulation
1972-02-26,0.79770225,simulation
1972-02-27,0.92290455,simulation
1972-02-28,3.2963998,simulation
1972-02-29,1.011261,simulation
1972-03-01,1.131473,simulation
1972-03-02,0.48780003,simulation
1972-03-03,0.6828315,simulation
1972-03-04,1.3924111,simulation
1972-03-05,3.9492,simulation
1972-03-06,3.3895998,simulation
1972-03-07,1.6755632,simulation
1972-03-08,2.8264,simulation
1972-03-09,3.7747,simulation
1972-03-10,3.6332,simulation
1972-03-11,4.5419006,simulation
1972-03-12,3.956,simulation
1972-03-13,2.3844,simulation
1972-03-14,3.4932,simulation
1972-03-15,2.7993,simulation
1972-03-16,3.885,simulation
1972-03-17,4.0456,simulation
1972-03-18,1.6472101,simulation
1972-03-19,3.8897,simulation
1972-03-20,2.6669,simulation
1972-03-21,1.6361662,simulation
1972-03-22,5.2292995,simulation
1972-03-23,4.9452,simulation
1972-03-24,1.4658271,simulation
1972-03-25,1.1036835,simulation
1972-03-26,1.3163658,simulation
1972-03-27,1.9398569,simulation
1972-03-28,4.2840996,simulation
1972-03-29,2.13293,simulation
1972-03-30,2.2901,simulation
1972-03-31,3.3249998,simulation
1972-04-01,3.3853,simulation
1972-04-02,4.3836,simulation
1972-04-03,4.1512,simulation
1972-04-04,0.9696859,simulation
1972-04-05,2.7266,simulation
1972-04-06,1.0455331,simulation
1972-04-07,3.7325003,simulation
1972-04-08,2.2848,simulation
1972-04-09,4.8218,simulation
1972-04-10,4.4667997,simulation
1972-04-11,1.2975637,simulation
1972-04-12,2.4377,simulation
1972-04-13,4.4923,simulation
1972-04-14,4.3798,simulation
1972-04-15,3.9264998,simulation
1972-04-16,6.356299,simulation
1972-04-17,6.0282,simulation
1972-04-18,5.7586994,simulation
1972-04-19,5.1337996,simulation
1972-04-20,2.6619,simulation
1972-04-21,1.3335093,simulation
1972-04-22,5.5398993,simulation
1972-04-23,5.8760996,simulation
1972-04-24,5.6547995,simulation
1972-04-25,5.791899,simulation
1972-04-26,2.5224,simulation
1972-04-27,3.2335,simulation
1972-04-28,0.9509414,simulation
1972-04-29,1.7782475,simulation
1972-04-30,2.8451,simulation
1972-05-01,2.8142,simulation
1972-05-02,0.6653146,simulation
1972-05-03,3.0962,simulation
1972-05-04,6.1782,simulation
1972-05-05,3.9042,simulation
1972-05-06,3.5491,simulation
1972-05-07,0.6119305,simulation
1972-05-08,2.3824,simulation
1972-05-09,4.3195,simulation
1972-05-10,2.2012193,simulation
1972-05-11,1.086759,simulation
1972-05-12,0.6721491,simulation
1972-05-13,2.3377,simulation
1972-05-14,3.5984998,simulation
1972-05-15,5.4531007,simulation
1972-05-16,6.4044,simulation
1972-05-17,3.3763,simulation
1972-05-18,6.0026,simulation
1972-05-19,6.702801,simulation
1972-05-20,6.207099,simulation
1972-05-21,6.6957994,simulation
1972-05-22,6.8057,simulation
1972-05-23,5.7853003,simulation
1972-05-24,3.1930997,simulation
1972-05-25,6.6698003,simulation
1972-05-26,5.2315993,simulation
1972-05-27,3.9579,simulation
1972-05-28,4.6115,simulation
1972-05-29,3.8086,simulation
1972-05-30,3.3218,simulation
1972-05-31,2.8648,simulation
1972-06-01,6.8145976,simulation
1972-06-02,7.0232,simulation
1972-06-03,7.406602,simulation
1972-06-04,6.456899,simulation
1972-06-05,7.175801,simulation
1972-06-06,7.296602,simulation
1972-06-07,6.597802,simulation
1972-06-08,5.1705,simulation
1972-06-09,2.8323,simulation
1972-06-10,1.8509662,simulation
1972-06-11,3.59,simulation
1972-06-12,5.3861,simulation
1972-06-13,4.8117003,simulation
1972-06-14,3.1748,simulation
1972-06-15,1.053307,simulation
1972-06-16,0.64259094,simulation
1972-06-17,2.2165577,simulation
1972-06-18,6.7187986,simulation
1972-06-19,3.4484,simulation
1972-06-20,6.6549983,simulation
1972-06-21,5.3572,simulation
1972-06-22,2.354619,simulation
1972-06-23,5.0495,simulation
1972-06-24,3.6945,simulation
1972-06-25,0.6992288,simulation
1972-06-26,3.0807,simulation
1972-06-27,4.922,simulation
1972-06-28,4.857099,simulation
1972-06-29,0.9115978,simulation
1972-06-30,4.3447003,simulation
1972-07-01,3.1296,simulation
1972-07-02,4.8639,simulation
1972-07-03,4.4610996,simulation
1972-07-04,0.85024524,simulation
1972-07-05,1.118462,simulation
1972-07-06,6.142101,simulation
1972-07-07,6.1579995,simulation
1972-07-08,5.4922004,simulation
1972-07-09,3.678,simulation
1972-07-10,5.691399,simulation
1972-07-11,6.5851974,simulation
1972-07-12,5.0086007,simulation
1972-07-13,3.4458,simulation
1972-07-14,3.3278,simulation
1972-07-15,3.2702,simulation
1972-07-16,3.7759,simulation
1972-07-17,4.4916,simulation
1972-07-18,4.3490996,simulation
1972-07-19,5.1455,simulation
1972-07-20,5.8962994,simulation
1972-07-21,6.1132016,simulation
1972-07-22,5.4417996,simulation
1972-07-23,4.5945,simulation
1972-07-24,5.1847,simulation
1972-07-25,5.0787997,simulation
1972-07-26,3.3465,simulation
1972-07-27,4.1229997,simulation
1972-07-28,3.9798,simulation
1972-07-29,1.2781515,simulation
1972-07-30,1.9487,simulation
1972-07-31,3.2994,simulation
1972-08-01,4.9781003,simulation
1972-08-02,4.6157002,simulation
1972-08-03,5.8951993,simulation
1972-08-04,5.0088005,simulation
1972-08-05,5.7482,simulation
1972-08-06,6.8429003,simulation
1972-08-07,8.0504,simulation
1972-08-08,4.7023,simulation
1972-08-09,5.803,simulation
1972-08-10,3.6257,simulation
1972-08-11,4.0427,simulation
1972-08-12,3.9353,simulation
1972-08-13,1.5305939,simulation
1972-08-14,5.5115004,simulation
1972-08-15,4.9737,simulation
1972-08-16,5.958399,simulation
1972-08-17,5.5464,simulation
1972-08-18,6.0268,simulation
1972-08-19,5.6075006,simulation
1972-08-20,6.2831006,simulation
1972-08-21,6.1662006,simulation
1972-08-22,4.5835,simulation
1972-08-23,4.8445,simulation
1972-08-24,4.8796,simulation
1972-08-25,4.6014,simulation
1972-08-26,3.3467,simulation
1972-08-27,5.2559004,simulation
1972-08-28,5.8829007,simulation
1972-08-29,4.5905,simulation
1972-08-30,6.2344003,simulation
1972-08-31,5.0251994,simulation
1972-09-01,5.750699,simulation
1972-09-02,5.4268,simulation
1972-09-03,4.8398,simulation
1972-09-04,4.1078,simulation
1972-09-05,1.5279261,simulation
1972-09-06,3.6104,simulation
1972-09-07,3.1013,simulation
1972-09-08,4.1226,simulation
1972-09-09,4.4085,simulation
1972-09-10,5.7796993,simulation
1972-09-11,5.5470996,simulation
1972-09-12,6.7028995,simulation
1972-09-13,6.4035997,simulation
1972-09-14,6.081001,simulation
1972-09-15,5.6187997,simulation
1972-09-16,4.5597,simulation
1972-09-17,2.2691255,simulation
1972-09-18,3.6566,simulation
1972-09-19,4.9094,simulation
1972-09-20,5.8051,simulation
1972-09-21,4.3838,simulation
1972-09-22,1.221947,simulation
1972-09-23,3.4852,simulation
1972-09-24,4.6752,simulation
1972-09-25,2.511511,simulation
1972-09-26,1.2538723,simulation
1972-09-27,2.6658669,simulation
1972-09-28,1.4461546,simulation
1972-09-29,2.6600175,simulation
1972-09-30,3.1546,simulation
1972-10-01,4.6891,simulation
1972-10-02,4.4704,simulation
1972-10-03,2.0245667,simulation
1972-10-04,3.2179,simulation
1972-10-05,3.7932997,simulation
1972-10-06,2.4802735,simulation
1972-10-07,1.3436506,simulation
1972-10-08,3.1863,simulation
1972-10-09,4.5771,simulation
1972-10-10,4.9840007,simulation
1972-10-11,4.5718,simulation
1972-10-12,2.8985622,simulation
1972-10-13,3.2851,simulation
1972-10-14,4.1649,simulation
1972-10-15,3.1125998,simulation
1972-10-16,4.0479,simulation
1972-10-17,4.0423,simulation
1972-10-18,2.1592522,simulation
1972-10-19,0.46053225,simulation
1972-10-20,1.0657437,simulation
1972-10-21,1.8217809,simulation
1972-10-22,0.86542547,simulation
1972-10-23,0.83565164,simulation
1972-10-24,1.2508357,simulation
1972-10-25,0.6529279,simulation
1972-10-26,0.5167575,simulation
1972-10-27,0.51467466,simulation
1972-10-28,0.45323974,simulation
1972-10-29,0.5914538,simulation
1972-10-30,1.1889061,simulation
1972-10-31,1.9040852,simulation
1972-11-01,2.3383842,simulation
1972-11-02,1.0055215,simulation
1972-11-03,1.3507215,simulation
1972-11-04,3.3874002,simulation
1972-11-05,1.326788,simulation
1972-11-06,1.5863149,simulation
1972-11-07,0.81697947,simulation
1972-11-08,2.7727,simulation
1972-11-09,0.9141938,simulation
1972-11-10,2.3104143,simulation
1972-11-11,0.51480585,simulation
1972-11-12,2.9361,simulation
1972-11-13,0.46758577,simulation
1972-11-14,0.92969054,simulation
1972-11-15,0.5821882,simulation
1972-11-16,0.4174966,simulation
1972-11-17,0.707733,simulation
1972-11-18,0.44283506,simulation
1972-11-19,0.5121005,simulation
1972-11-20,0.5528166,simulation
1972-11-21,0.5164566,simulation
1972-11-22,0.5997949,simulation
1972-11-23,0.6275607,simulation
1972-11-24,0.5216514,simulation
1972-11-25,0.41240934,simulation
1972-11-26,2.4862275,simulation
1972-11-27,1.8533028,simulation
1972-11-28,0.9649084,simulation
1972-11-29,0.58624476,simulation
1972-11-30,0.9352564,simulation
1972-12-01,1.5636585,simulation
1972-12-02,1.5696679,simulation
1972-12-03,1.1079967,simulation
1972-12-04,0.7170812,simulation
1972-12-05,0.47775304,simulation
1972-12-06,0.5746221,simulation
1972-12-07,0.9180957,simulation
1972-12-08,0.63210917,simulation
1972-12-09,0.83382124,simulation
1972-12-10,0.48451632,simulation
1972-12-11,0.2409,simulation
1972-12-12,0.6651638,simulation
1972-12-13,0.3427,simulation
1972-12-14,0.2181,simulation
1972-12-15,0.5436301,simulation
1972-12-16,1.7271065,simulation
1972-12-17,1.099586,simulation
1972-12-18,1.2140069,simulation
1972-12-19,0.68500584,simulation
1972-12-20,0.1769,simulation
1972-12-21,0.2813,simulation
1972-12-22,0.4109,simulation
1972-12-23,0.2995,simulation
1972-12-24,0.84305006,simulation
1972-12-25,0.8864671,simulation
1972-12-26,0.59574145,simulation
1972-12-27,1.3693656,simulation
1972-12-28,1.2939343,simulation
1972-12-29,0.914788,simulation
1972-12-30,0.7098213,simulation
1972-12-31,0.9876479,simulation
1973-01-01,0.72311234,simulation
1973-01-02,0.74244034,simulation
1973-01-03,0.4079,simulation
1973-01-04,0.68458426,simulation
1973-01-05,0.3323,simulation
1973-01-06,0.5024,simulation
1973-01-07,0.37760004,simulation
1973-01-08,0.3513,simulation
1973-01-09,0.4605,simulation
1973-01-10,0.56,simulation
1973-01-11,0.7984383,simulation
1973-01-12,0.94089174,simulation
1973-01-13,0.7471126,simulation
1973-01-14,1.124771,simulation
1973-01-15,1.859531,simulation
1973-01-16,1.8739846,simulation
1973-01-17,0.73910624,simulation
1973-01-18,0.71008825,simulation
1973-01-19,2.1936,simulation
1973-01-20,0.90715176,simulation
1973-01-21,1.6104842,simulation
1973-01-22,2.6594,simulation
1973-01-23,1.2952404,simulation
1973-01-24,1.4748158,simulation
1973-01-25,0.7748,simulation
1973-01-26,0.6259863,simulation
1973-01-27,1.7527457,simulation
1973-01-28,0.5169,simulation
1973-01-29,1.0358298,simulation
1973-01-30,0.72026676,simulation
1973-01-31,0.6896251,simulation
1973-02-01,0.86599624,simulation
1973-02-02,2.2774,simulation
1973-02-03,2.3626,simulation
1973-02-04,1.87433,simulation
1973-02-05,1.7292676,simulation
1973-02-06,0.6876814,simulation
1973-02-07,0.7145058,simulation
1973-02-08,0.4538,simulation
1973-02-09,0.79380006,simulation
1973-02-10,1.7153172,simulation
1973-02-11,1.071011,simulation
1973-02-12,0.95627266,simulation
1973-02-13,0.6931578,simulation
1973-02-14,0.4629,simulation
1973-02-15,1.6482085,simulation
1973-02-16,1.220219,simulation
1973-02-17,0.6685385,simulation
1973-02-18,1.7410032,simulation
1973-02-19,1.3394896,simulation
1973-02-20,1.2711397,simulation
1973-02-21,0.72117084,simulation
1973-02-22,1.327901,simulation
1973-02-23,1.8178744,simulation
1973-02-24,2.272,simulation
1973-02-25,2.1364,simulation
1973-02-26,2.1594,simulation
1973-02-27,2.8622003,simulation
1973-02-28,2.5957,simulation
1973-03-01,0.9603865,simulation
1973-03-02,1.3103203,simulation
1973-03-03,2.314,simulation
1973-03-04,1.926082,simulation
1973-03-05,0.88204587,simulation
1973-03-06,1.7596502,simulation
1973-03-07,3.7442002,simulation
1973-03-08,0.63720614,simulation
1973-03-09,2.1584,simulation
1973-03-10,1.0141977,simulation
1973-03-11,3.0044,simulation
1973-03-12,3.7202003,simulation
1973-03-13,1.1239201,simulation
1973-03-14,1.9160131,simulation
1973-03-15,1.7164322,simulation
1973-03-16,0.7800556,simulation
1973-03-17,3.5137,simulation
1973-03-18,3.4238997,simulation
1973-03-19,2.3734,simulation
1973-03-20,1.353163,simulation
1973-03-21,2.199,simulation
1973-03-22,2.3032,simulation
1973-03-23,3.5667,simulation
1973-03-24,0.8328175,simulation
1973-03-25,3.7768998,simulation
1973-03-26,1.113676,simulation
1973-03-27,1.5469381,simulation
1973-03-28,2.5309,simulation
1973-03-29,0.77690226,simulation
1973-03-30,0.69014376,simulation
1973-03-31,3.5815,simulation
1973-04-01,5.586199,simulation
1973-04-02,2.2963,simulation
1973-04-03,0.9112723,simulation
1973-04-04,1.231708,simulation
1973-04-05,3.554,simulation
1973-04-06,1.141292,simulation
1973-04-07,0.6803438,simulation
1973-04-08,4.750401,simulation
1973-04-09,3.2372,simulation
1973-04-10,4.8882003,simulation
1973-04-11,4.4743,simulation
1973-04-12,4.9835,simulation
1973-04-13,4.3584003,simulation
1973-04-14,5.0521007,simulation
1973-04-15,2.0473125,simulation
1973-04-16,0.92512745,simulation
1973-04-17,1.0868735,simulation
1973-04-18,3.4731998,simulation
1973-04-19,2.1149,simulation
1973-04-20,4.5685,simulation
1973-04-21,3.3739002,simulation
1973-04-22,2.6876,simulation
1973-04-23,1.4740374,simulation
1973-04-24,1.7768905,simulation
1973-04-25,2.1424,simulation
1973-04-26,2.1546,simulation
1973-04-27,3.7195997,simulation
1973-04-28,5.700801,simulation
1973-04-29,6.0831003,simulation
1973-04-30,3.8533,simulation
1973-05-01,2.0698,simulation
1973-05-02,2.4044,simulation
1973-05-03,4.2447996,simulation
1973-05-04,6.046801,simulation
1973-05-05,6.0600986,simulation
1973-05-06,1.3954543,simulation
1973-05-07,1.2596852,simulation
1973-05-08,6.3825994,simulation
1973-05-09,6.5848017,simulation
1973-05-10,7.373001,simulation
1973-05-11,4.7999,simulation
1973-05-12,1.3053528,simulation
1973-05-13,4.5747995,simulation
1973-05-14,5.684801,simulation
1973-05-15,3.9376001,simulation
1973-05-16,6.625502,simulation
1973-05-17,6.8161006,simulation
1973-05-18,4.3857,simulation
1973-05-19,7.301001,simulation
1973-05-20,3.2631,simulation
1973-05-21,3.0998,simulation
1973-05-22,3.7772,simulation
1973-05-23,3.8837,simulation
1973-05-24,5.212401,simulation
1973-05-25,4.1908,simulation
1973-05-26,2.673,simulation
1973-05-27,1.8074377,simulation
1973-05-28,7.4111977,simulation
1973-05-29,6.1603007,simulation
1973-05-30,6.1726995,simulation
1973-05-31,4.8335,simulation
1973-06-01,1.5416651,simulation
1973-06-02,4.1118,simulation
1973-06-03,5.3880997,simulation
1973-06-04,3.5940998,simulation
1973-06-05,3.5123,simulation
1973-06-06,2.4078,simulation
1973-06-07,2.3491,simulation
1973-06-08,3.3123,simulation
1973-06-09,3.7405,simulation
1973-06-10,3.467,simulation
1973-06-11,1.9165109,simulation
1973-06-12,3.3458,simulation
1973-06-13,4.2483,simulation
1973-06-14,4.0644,simulation
1973-06-15,3.0038,simulation
1973-06-16,3.4303,simulation
1973-06-17,4.6330004,simulation
1973-06-18,6.0608997,simulation
1973-06-19,5.5802007,simulation
1973-06-20,4.0147,simulation
1973-06-21,4.0481,simulation
1973-06-22,4.07,simulation
1973-06-23,2.7778003,simulation
1973-06-24,3.1635,simulation
1973-06-25,7.846798,simulation
1973-06-26,4.8354993,simulation
1973-06-27,4.1070004,simulation
1973-06-28,4.412,simulation
1973-06-29,6.3331013,simulation
1973-06-30,2.7718,simulation
1973-07-01,5.0611005,simulation
1973-07-02,5.644199,simulation
1973-07-03,3.5429,simulation
1973-07-04,4.7185,simulation
1973-07-05,3.175,simulation
1973-07-06,1.3149433,simulation
1973-07-07,2.7194002,simulation
1973-07-08,5.1115,simulation
1973-07-09,6.424799,simulation
1973-07-10,5.7985992,simulation
1973-07-11,4.8368,simulation
1973-07-12,7.7576976,simulation
1973-07-13,6.4136,simulation
1973-07-14,5.9186993,simulation
1973-07-15,6.311201,simulation
1973-07-16,5.4957004,simulation
1973-07-17,3.0691,simulation
1973-07-18,3.186,simulation
1973-07-19,3.8350003,simulation
1973-07-20,4.2697,simulation
1973-07-21,5.031999,simulation
1973-07-22,4.478,simulation
1973-07-23,6.771097,simulation
1973-07-24,5.3069,simulation
1973-07-25,2.7617002,simulation
1973-07-26,1.7727922,simulation
1973-07-27,3.1675,simulation
1973-07-28,6.2865005,simulation
1973-07-29,3.122,simulation
1973-07-30,3.6587,simulation
1973-07-31,2.8677,simulation
1973-08-01,1.3389049,simulation
1973-08-02,5.2862005,simulation
1973-08-03,6.007101,simulation
1973-08-04,5.6670985,simulation
1973-08-05,5.2995996,simulation
1973-08-06,4.2444,simulation
1973-08-07,4.6031003,simulation
1973-08-08,6.4569016,simulation
1973-08-09,6.161,simulation
1973-08-10,5.7625,simulation
1973-08-11,5.7199,simulation
1973-08-12,4.1277,simulation
1973-08-13,3.6403,simulation
1973-08-14,3.5807,simulation
1973-08-15,4.8583,simulation
1973-08-16,2.7087,simulation
1973-08-17,1.4014663,simulation
1973-08-18,1.7705477,simulation
1973-08-19,5.573999,simulation
1973-08-20,6.4425,simulation
1973-08-21,7.3899994,simulation
1973-08-22,7.185698,simulation
1973-08-23,6.3671985,simulation
1973-08-24,5.9465,simulation
1973-08-25,5.045901,simulation
1973-08-26,5.465699,simulation
1973-08-27,5.4279995,simulation
1973-08-28,5.1134005,simulation
1973-08-29,3.6734,simulation
1973-08-30,4.6966,simulation
1973-08-31,5.2367997,simulation
1973-09-01,1.4423656,simulation
1973-09-02,0.9239819,simulation
1973-09-03,3.1345,simulation
1973-09-04,2.0586824,simulation
1973-09-05,1.0047258,simulation
1973-09-06,0.87388086,simulation
1973-09-07,1.62133,simulation
1973-09-08,4.9053993,simulation
1973-09-09,3.9911003,simulation
1973-09-10,2.0253537,simulation
1973-09-11,0.7777419,simulation
1973-09-12,1.2297282,simulation
1973-09-13,0.95430773,simulation
1973-09-14,2.5949,simulation
1973-09-15,4.4981003,simulation
1973-09-16,4.0433006,simulation
1973-09-17,3.0686,simulation
1973-09-18,3.6663,simulation
1973-09-19,5.1113997,simulation
1973-09-20,5.336099,simulation
1973-09-21,5.676601,simulation
1973-09-22,4.6745005,simulation
1973-09-23,3.1363,simulation
1973-09-24,2.8995998,simulation
1973-09-25,3.7682,simulation
1973-09-26,3.4278,simulation
1973-09-27,1.1189007,simulation
1973-09-28,1.8149875,simulation
1973-09-29,2.3689,simulation
1973-09-30,1.280941,simulation
1973-10-01,2.5332,simulation
1973-10-02,2.233072,simulation
1973-10-03,3.5997002,simulation
1973-10-04,3.9797003,simulation
1973-10-05,4.8458,simulation
1973-10-06,3.3751001,simulation
1973-10-07,4.6844006,simulation
1973-10-08,3.5834,simulation
1973-10-09,3.7897,simulation
1973-10-10,4.1568,simulation
1973-10-11,3.8007998,simulation
1973-10-12,4.4178996,simulation
1973-10-13,1.990535,simulation
1973-10-14,0.556903,simulation
1973-10-15,0.62481964,simulation
1973-10-16,0.5642715,simulation
1973-10-17,4.6918,simulation
1973-10-18,3.8827,simulation
1973-10-19,3.7563,simulation
1973-10-20,2.9942,simulation
1973-10-21,3.8046,simulation
1973-10-22,3.9652,simulation
1973-10-23,3.768,simulation
1973-10-24,3.728,simulation
1973-10-25,3.6217003,simulation
1973-10-26,3.238,simulation
1973-10-27,2.7962,simulation
1973-10-28,2.6748,simulation
1973-10-29,2.8432,simulation
1973-10-30,2.9762,simulation
1973-10-31,0.72630817,simulation
1973-11-01,3.1282997,simulation
1973-11-02,2.0841117,simulation
1973-11-03,2.0649,simulation
1973-11-04,1.5997765,simulation
1973-11-05,0.5545231,simulation
1973-11-06,2.6347,simulation
1973-11-07,0.2193,simulation
1973-11-08,0.9748674,simulation
1973-11-09,1.1278545,simulation
1973-11-10,3.0302002,simulation
1973-11-11,2.5277,simulation
1973-11-12,2.7509,simulation
1973-11-13,2.7186,simulation
1973-11-14,2.3169026,simulation
1973-11-15,1.0290102,simulation
1973-11-16,3.0362,simulation
1973-11-17,2.6165,simulation
1973-11-18,2.0227463,simulation
1973-11-19,1.3014655,simulation
1973-11-20,1.2065442,simulation
1973-11-21,2.1856098,simulation
1973-11-22,0.9397216,simulation
1973-11-23,0.98710275,simulation
1973-11-24,2.0153775,simulation
1973-11-25,0.94443583,simulation
1973-11-26,1.3917557,simulation
1973-11-27,1.251747,simulation
1973-11-28,1.4882035,simulation
1973-11-29,2.2075,simulation
1973-11-30,2.2375,simulation
1973-12-01,2.2174,simulation
1973-12-02,2.5135,simulation
1973-12-03,2.8321,simulation
1973-12-04,2.9843,simulation
1973-12-05,1.6703598,simulation
1973-12-06,2.2416,simulation
1973-12-07,1.6230671,simulation
1973-12-08,0.6923551,simulation
1973-12-09,0.76448935,simulation
1973-12-10,1.7080464,simulation
1973-12-11,1.7499963,simulation
1973-12-12,1.7447954,simulation
1973-12-13,3.4524,simulation
1973-12-14,1.9823647,simulation
1973-12-15,0.68503034,simulation
1973-12-16,0.8438619,simulation
1973-12-17,1.4758757,simulation
1973-12-18,2.3248,simulation
1973-12-19,1.5784823,simulation
1973-12-20,0.5503,simulation
1973-12-21,0.9134502,simulation
1973-12-22,1.3745855,simulation
1973-12-23,1.2641675,simulation
1973-12-24,0.9668123,simulation
1973-12-25,0.43529996,simulation
1973-12-26,1.2990946,simulation
1973-12-27,2.0565,simulation
1973-12-28,2.2044,simulation
1973-12-29,1.6222136,simulation
1973-12-30,0.7928818,simulation
1973-12-31,0.614157,simulation
1974-01-01,0.85338634,simulation
1974-01-02,0.3602,simulation
1974-01-03,0.3336,simulation
1974-01-04,0.2957,simulation
1974-01-05,0.2104,simulation
1974-01-06,0.3657,simulation
1974-01-07,0.97011644,simulation
1974-01-08,0.5078,simulation
1974-01-09,0.7443683,simulation
1974-01-10,1.6620446,simulation
1974-01-11,0.4813,simulation
1974-01-12,1.0165684,simulation
1974-01-13,0.87130505,simulation
1974-01-14,0.5651,simulation
1974-01-15,1.4323055,simulation
1974-01-16,0.34,simulation
1974-01-17,0.99074215,simulation
1974-01-18,1.1361837,simulation
1974-01-19,0.9267266,simulation
1974-01-20,1.0387115,simulation
1974-01-21,1.5471396,simulation
1974-01-22,2.1975,simulation
1974-01-23,0.3395,simulation
1974-01-24,0.1814,simulation
1974-01-25,0.1665,simulation
1974-01-26,0.8433223,simulation
1974-01-27,1.9665,simulation
1974-01-28,1.2202901,simulation
1974-01-29,1.7296249,simulation
1974-01-30,2.377,simulation
1974-01-31,2.0985,simulation
1974-02-01,0.63394433,simulation
1974-02-02,1.2030531,simulation
1974-02-03,0.6660068,simulation
1974-02-04,1.9355024,simulation
1974-02-05,2.8899999,simulation
1974-02-06,0.5456,simulation
1974-02-07,0.3889,simulation
1974-02-08,0.6244669,simulation
1974-02-09,1.2857281,simulation
1974-02-10,2.1115,simulation
1974-02-11,2.3966,simulation
1974-02-12,3.0349002,simulation
1974-02-13,1.9999912,simulation
1974-02-14,0.7107189,simulation
1974-02-15,0.2058,simulation
1974-02-16,0.7294593,simulation
1974-02-17,2.5694,simulation
1974-02-18,1.1540452,simulation
1974-02-19,1.5577644,simulation
1974-02-20,3.1451,simulation
1974-02-21,0.9223983,simulation
1974-02-22,1.3445047,simulation
1974-02-23,1.7864288,simulation
1974-02-24,2.1437,simulation
1974-02-25,2.6741,simulation
1974-02-26,2.5023,simulation
1974-02-27,3.3688,simulation
1974-02-28,2.2406,simulation
1974-03-01,1.3594983,simulation
1974-03-02,2.2612,simulation
1974-03-03,3.32,simulation
1974-03-04,2.6784,simulation
1974-03-05,3.3059998,simulation
1974-03-06,2.9383,simulation
1974-03-07,3.285,simulation
1974-03-08,3.9133,simulation
1974-03-09,2.1078548,simulation
1974-03-10,1.0388182,simulation
1974-03-11,0.74482465,simulation
1974-03-12,2.7464,simulation
1974-03-13,0.6966809,simulation
1974-03-14,3.5205,simulation
1974-03-15,1.0980098,simulation
1974-03-16,3.3616,simulation
1974-03-17,3.3541,simulation
1974-03-18,2.6112,simulation
1974-03-19,1.648118,simulation
1974-03-20,1.9157916,simulation
1974-03-21,0.7019404,simulation
1974-03-22,3.7490997,simulation
1974-03-23,2.6608,simulation
1974-03-24,1.0913433,simulation
1974-03-25,0.7281998,simulation
1974-03-26,0.4759,simulation
1974-03-27,0.8152325,simulation
1974-03-28,0.9101299,simulation
1974-03-29,5.496801,simulation
1974-03-30,5.2262,simulation
1974-03-31,5.949799,simulation
1974-04-01,3.2184,simulation
1974-04-02,5.6952004,simulation
1974-04-03,3.2869,simulation
1974-04-04,2.1365,simulation
1974-04-05,4.8081007,simulation
1974-04-06,4.4041996,simulation
1974-04-07,2.8987,simulation
1974-04-08,3.6529999,simulation
1974-04-09,5.0306,simulation
1974-04-10,4.7963996,simulation
1974-04-11,3.071,simulation
1974-04-12,0.5918083,simulation
1974-04-13,0.7209,simulation
1974-04-14,2.4793,simulation
1974-04-15,2.069,simulation
1974-04-16,5.2423997,simulation
1974-04-17,5.3120995,simulation
1974-04-18,5.0043993,simulation
1974-04-19,2.9486,simulation
1974-04-20,5.1937995,simulation
1974-04-21,3.0344,simulation
1974-04-22,0.8130061,simulation
1974-04-23,4.1025996,simulation
1974-04-24,5.4293,simulation
1974-04-25,4.7429996,simulation
1974-04-26,5.1958,simulation
1974-04-27,5.0441,simulation
1974-04-28,5.4943013,simulation
1974-04-29,4.1023,simulation
1974-04-30,3.0474997,simulation
1974-05-01,1.6204444,simulation
1974-05-02,3.9968998,simulation
1974-05-03,5.0212007,simulation
1974-05-04,2.4693,simulation
1974-05-05,1.589885,simulation
1974-05-06,4.5082994,simulation
1974-05-07,5.9881005,simulation
1974-05-08,3.6883,simulation
1974-05-09,4.2779,simulation
1974-05-10,1.4947939,simulation
1974-05-11,0.6000452,simulation
1974-05-12,6.4927998,simulation
1974-05-13,7.1198983,simulation
1974-05-14,6.517201,simulation
1974-05-15,1.4460629,simulation
1974-05-16,4.541,simulation
1974-05-17,4.526,simulation
1974-05-18,4.2653,simulation
1974-05-19,5.9232993,simulation
1974-05-20,3.4384,simulation
1974-05-21,2.447,simulation
1974-05-22,0.59980446,simulation
1974-05-23,3.3773,simulation
1974-05-24,5.0954,simulation
1974-05-25,4.5833,simulation
1974-05-26,2.4885,simulation
1974-05-27,4.7521996,simulation
1974-05-28,6.4191995,simulation
1974-05-29,3.9319,simulation
1974-05-30,3.7532,simulation
1974-05-31,2.9083,simulation
1974-06-01,1.3049823,simulation
1974-06-02,3.0423996,simulation
1974-06-03,4.3256006,simulation
1974-06-04,5.2161,simulation
1974-06-05,2.9575,simulation
1974-06-06,2.4907,simulation
1974-06-07,2.9044,simulation
1974-06-08,2.2645,simulation
1974-06-09,5.6687007,simulation
1974-06-10,2.8347,simulation
1974-06-11,6.9144983,simulation
1974-06-12,2.7926002,simulation
1974-06-13,3.5512998,simulation
1974-06-14,6.0592012,simulation
1974-06-15,1.8862637,simulation
1974-06-16,4.0715995,simulation
1974-06-17,6.1962013,simulation
1974-06-18,2.5867,simulation
1974-06-19,6.2458005,simulation
1974-06-20,6.0702987,simulation
1974-06-21,6.631601,simulation
1974-06-22,7.1192026,simulation
1974-06-23,1.1896983,simulation
1974-06-24,5.757401,simulation
1974-06-25,6.517201,simulation
1974-06-26,6.580703,simulation
1974-06-27,6.3401995,simulation
1974-06-28,6.5734005,simulation
1974-06-29,5.5873995,simulation
1974-06-30,6.1761994,simulation
1974-07-01,5.8957005,simulation
1974-07-02,5.5189,simulation
1974-07-03,6.2656994,simulation
1974-07-04,4.9742002,simulation
1974-07-05,2.2158344,simulation
1974-07-06,2.6824002,simulation
1974-07-07,5.550301,simulation
1974-07-08,5.2190003,simulation
1974-07-09,4.6666007,simulation
1974-07-10,5.6952996,simulation
1974-07-11,7.387402,simulation
1974-07-12,6.0600996,simulation
1974-07-13,5.7455015,simulation
1974-07-14,4.731,simulation
1974-07-15,5.0532,simulation
1974-07-16,4.1826,simulation
1974-07-17,7.1351,simulation
1974-07-18,2.4989839,simulation
1974-07-19,6.1240005,simulation
1974-07-20,5.614,simulation
1974-07-21,6.766802,simulation
1974-07-22,5.983601,simulation
1974-07-23,0.8945484,simulation
1974-07-24,0.83694637,simulation
1974-07-25,2.8676,simulation
1974-07-26,1.0914445,simulation
1974-07-27,3.4261,simulation
1974-07-28,4.6865,simulation
1974-07-29,7.1319017,simulation
1974-07-30,5.3342,simulation
1974-07-31,4.1748,simulation
1974-08-01,3.6549,simulation
1974-08-02,2.5952003,simulation
1974-08-03,4.0994005,simulation
1974-08-04,3.1967,simulation
1974-08-05,6.2885,simulation
1974-08-06,4.2088,simulation
1974-08-07,0.9661411,simulation
1974-08-08,1.5999401,simulation
1974-08-09,3.7517,simulation
1974-08-10,5.5377,simulation
1974-08-11,4.3072,simulation
1974-08-12,5.334899,simulation
1974-08-13,3.3222,simulation
1974-08-14,3.2444,simulation
1974-08-15,4.6422005,simulation
1974-08-16,4.4676,simulation
1974-08-17,3.0505,simulation
1974-08-18,3.5699,simulation
1974-08-19,4.8548007,simulation
1974-08-20,4.4271,simulation
1974-08-21,6.0718994,simulation
1974-08-22,3.3295,simulation
1974-08-23,5.4675994,simulation
1974-08-24,5.4798985,simulation
1974-08-25,5.1268997,simulation
1974-08-26,3.7792,simulation
1974-08-27,3.6701,simulation
1974-08-28,2.4406352,simulation
1974-08-29,2.872,simulation
1974-08-30,3.2752,simulation
1974-08-31,2.349416,simulation
1974-09-01,1.8312378,simulation
1974-09-02,1.8950173,simulation
1974-09-03,0.71309495,simulation
1974-09-04,3.0459003,simulation
1974-09-05,3.684,simulation
1974-09-06,0.74827105,simulation
1974-09-07,0.63174546,simulation
1974-09-08,1.0264845,simulation
1974-09-09,2.5267,simulation
1974-09-10,2.8264,simulation
1974-09-11,2.7359,simulation
1974-09-12,0.724438,simulation
1974-09-13,1.9708686,simulation
1974-09-14,0.8291506,simulation
1974-09-15,3.7624002,simulation
1974-09-16,4.8530993,simulation
1974-09-17,3.571,simulation
1974-09-18,5.6634,simulation
1974-09-19,5.3587003,simulation
1974-09-20,4.1376,simulation
1974-09-21,4.3836007,simulation
1974-09-22,5.2482996,simulation
1974-09-23,2.7806997,simulation
1974-09-24,1.7680202,simulation
1974-09-25,0.61420697,simulation
1974-09-26,0.53272516,simulation
1974-09-27,1.2107502,simulation
1974-09-28,1.1855465,simulation
1974-09-29,3.5036,simulation
1974-09-30,4.8008,simulation
1974-10-01,4.7316995,simulation
1974-10-02,4.7028,simulation
1974-10-03,4.2241993,simulation
1974-10-04,4.0335994,simulation
1974-10-05,4.2453995,simulation
1974-10-06,4.1097,simulation
1974-10-07,4.3705,simulation
1974-10-08,3.5934997,simulation
1974-10-09,1.4470657,simulation
1974-10-10,4.2338,simulation
1974-10-11,4.1519,simulation
1974-10-12,1.8730927,simulation
1974-10-13,1.1415625,simulation
1974-10-14,2.9842997,simulation
1974-10-15,0.54137677,simulation
1974-10-16,3.8881998,simulation
1974-10-17,3.7408001,simulation
1974-10-18,3.5866,simulation
1974-10-19,4.3166,simulation
1974-10-20,3.6594002,simulation
1974-10-21,2.9392,simulation
1974-10-22,3.8843,simulation
1974-10-23,1.945149,simulation
1974-10-24,3.455,simulation
1974-10-25,1.0258385,simulation
1974-10-26,3.3664,simulation
1974-10-27,3.6768,simulation
1974-10-28,1.2839986,simulation
1974-10-29,1.0549634,simulation
1974-10-30,1.9079016,simulation
1974-10-31,2.3797,simulation
1974-11-01,0.8122443,simulation
1974-11-02,2.046686,simulation
1974-11-03,2.3754,simulation
1974-11-04,0.96167016,simulation
1974-11-05,1.3164827,simulation
1974-11-06,1.5169029,simulation
1974-11-07,0.72885716,simulation
1974-11-08,0.4571,simulation
1974-11-09,1.9655335,simulation
1974-11-10,2.8378,simulation
1974-11-11,0.87150335,simulation
1974-11-12,3.1649,simulation
1974-11-13,2.7982,simulation
1974-11-14,0.5021406,simulation
1974-11-15,1.7819817,simulation
1974-11-16,0.6739813,simulation
1974-11-17,0.3226,simulation
1974-11-18,0.2874,simulation
1974-11-19,0.72294617,simulation
1974-11-20,2.8859,simulation
1974-11-21,2.1495,simulation
1974-11-22,2.7193,simulation
1974-11-23,2.8138,simulation
1974-11-24,2.0017972,simulation
1974-11-25,2.5122,simulation
1974-11-26,2.0149066,simulation
1974-11-27,2.0026908,simulation
1974-11-28,1.4004796,simulation
1974-11-29,1.3575453,simulation
1974-11-30,0.59479684,simulation
1974-12-01,0.80568665,simulation
1974-12-02,1.6966152,simulation
1974-12-03,1.4271528,simulation
1974-12-04,1.2468107,simulation
1974-12-05,1.4984362,simulation
1974-12-06,0.4876,simulation
1974-12-07,0.66516006,simulation
1974-12-08,0.7198316,simulation
1974-12-09,1.1470861,simulation
1974-12-10,0.8012211,simulation
1974-12-11,0.9737014,simulation
1974-12-12,0.6849921,simulation
1974-12-13,0.8766291,simulation
1974-12-14,1.3073438,simulation
1974-12-15,0.8684298,simulation
1974-12-16,1.3243067,simulation
1974-12-17,0.89958256,simulation
1974-12-18,1.4323928,simulation
1974-12-19,0.5362,simulation
1974-12-20,0.6084457,simulation
1974-12-21,1.7645569,simulation
1974-12-22,1.8420777,simulation
1974-12-23,0.5184,simulation
1974-12-24,0.5945,simulation
1974-12-25,0.4154,simulation
1974-12-26,0.5705,simulation
1974-12-27,0.3421,simulation
1974-12-28,0.040400002,simulation
1974-12-29,0.38040003,simulation
1974-12-30,0.61424726,simulation
1974-12-31,0.641882,simulation
1975-01-01,0.7199242,simulation
1975-01-02,1.8165002,simulation
1975-01-03,0.3933,simulation
1975-01-04,1.2935234,simulation
1975-01-05,0.7612728,simulation
1975-01-06,1.0834714,simulation
1975-01-07,0.5572089,simulation
1975-01-08,0.84622234,simulation
1975-01-09,0.85726595,simulation
1975-01-10,0.60665625,simulation
1975-01-11,1.9896,simulation
1975-01-12,0.5096,simulation
1975-01-13,1.282891,simulation
1975-01-14,1.005931,simulation
1975-01-15,1.6272029,simulation
1975-01-16,0.5688,simulation
1975-01-17,0.4227,simulation
1975-01-18,0.96687347,simulation
1975-01-19,0.65404975,simulation
1975-01-20,1.1399448,simulation
1975-01-21,0.8248854,simulation
1975-01-22,0.68990546,simulation
1975-01-23,0.73215675,simulation
1975-01-24,0.1907,simulation
1975-01-25,2.1283,simulation
1975-01-26,2.1948,simulation
1975-01-27,2.4558,simulation
1975-01-28,1.0326986,simulation
1975-01-29,0.84432364,simulation
1975-01-30,0.4772,simulation
1975-01-31,1.0570893,simulation
1975-02-01,0.5895359,simulation
1975-02-02,0.219,simulation
1975-02-03,0.15859999,simulation
1975-02-04,0.1387,simulation
1975-02-05,0.9294505,simulation
1975-02-06,0.46359998,simulation
1975-02-07,1.323229,simulation
1975-02-08,1.8055329,simulation
1975-02-09,0.42339998,simulation
1975-02-10,0.3167,simulation
1975-02-11,0.4566,simulation
1975-02-12,0.5796565,simulation
1975-02-13,1.7581584,simulation
1975-02-14,2.6973,simulation
1975-02-15,0.83624244,simulation
1975-02-16,1.4626378,simulation
1975-02-17,0.9888845,simulation
1975-02-18,0.7367676,simulation
1975-02-19,0.82620364,simulation
1975-02-20,0.9473822,simulation
1975-02-21,3.5718,simulation
1975-02-22,0.8790741,simulation
1975-02-23,0.7274246,simulation
1975-02-24,2.8359,simulation
1975-02-25,3.1588,simulation
1975-02-26,2.9751003,simulation
1975-02-27,1.8054183,simulation
1975-02-28,0.4951,simulation
1975-03-01,2.0686905,simulation
1975-03-02,2.5694,simulation
1975-03-03,1.1494298,simulation
1975-03-04,0.5126,simulation
1975-03-05,2.3465,simulation
1975-03-06,0.61860824,simulation
1975-03-07,1.6765667,simulation
1975-03-08,3.7129002,simulation
1975-03-09,1.2946347,simulation
1975-03-10,1.044978,simulation
1975-03-11,0.82759255,simulation
1975-03-12,2.5238,simulation
1975-03-13,0.261,simulation
1975-03-14,1.7533362,simulation
1975-03-15,0.8064835,simulation
1975-03-16,0.4254,simulation
1975-03-17,0.6297383,simulation
1975-03-18,2.2779,simulation
1975-03-19,3.8258002,simulation
1975-03-20,2.7761,simulation
1975-03-21,3.3599,simulation
1975-03-22,1.3261521,simulation
1975-03-23,1.0950184,simulation
1975-03-24,4.6306005,simulation
1975-03-25,4.42,simulation
1975-03-26,4.2892003,simulation
1975-03-27,2.6317,simulation
1975-03-28,1.2101882,simulation
1975-03-29,0.5362,simulation
1975-03-30,1.2818134,simulation
1975-03-31,1.8095827,simulation
1975-04-01,1.0218683,simulation
1975-04-02,0.6872904,simulation
1975-04-03,3.8745003,simulation
1975-04-04,2.0716,simulation
1975-04-05,2.6094,simulation
1975-04-06,3.2100003,simulation
1975-04-07,1.0474722,simulation
1975-04-08,0.5308,simulation
1975-04-09,0.71272033,simulation
1975-04-10,0.5840575,simulation
1975-04-11,4.376,simulation
1975-04-12,4.7787004,simulation
1975-04-13,0.9644312,simulation
1975-04-14,0.4067,simulation
1975-04-15,3.7456,simulation
1975-04-16,3.4181,simulation
1975-04-17,2.2312,simulation
1975-04-18,2.6857,simulation
1975-04-19,0.9260686,simulation
1975-04-20,1.5528251,simulation
1975-04-21,4.798901,simulation
1975-04-22,3.4577,simulation
1975-04-23,1.5410041,simulation
1975-04-24,3.5331,simulation
1975-04-25,3.1755,simulation
1975-04-26,3.3655,simulation
1975-04-27,3.0711,simulation
1975-04-28,1.4169301,simulation
1975-04-29,0.8181263,simulation
1975-04-30,0.7468769,simulation
1975-05-01,3.3537002,simulation
1975-05-02,2.377,simulation
1975-05-03,0.7738293,simulation
1975-05-04,3.8314,simulation
1975-05-05,2.9898,simulation
1975-05-06,0.9060576,simulation
1975-05-07,0.9166222,simulation
1975-05-08,1.5602608,simulation
1975-05-09,0.97578603,simulation
1975-05-10,2.4354,simulation
1975-05-11,3.7876003,simulation
1975-05-12,5.1598997,simulation
1975-05-13,3.9306,simulation
1975-05-14,1.0321993,simulation
1975-05-15,2.1435,simulation
1975-05-16,2.7862,simulation
1975-05-17,2.9579,simulation
1975-05-18,5.2734995,simulation
1975-05-19,5.8855987,simulation
1975-05-20,5.6882,simulation
1975-05-21,5.3736,simulation
1975-05-22,7.020101,simulation
1975-05-23,6.1993,simulation
1975-05-24,4.5933,simulation
1975-05-25,3.4075,simulation
1975-05-26,4.653799,simulation
1975-05-27,5.495999,simulation
1975-05-28,4.7988,simulation
1975-05-29,2.0665386,simulation
1975-05-30,1.1116923,simulation
1975-05-31,2.4067,simulation
1975-06-01,4.9606004,simulation
1975-06-02,7.095897,simulation
1975-06-03,6.721199,simulation
1975-06-04,6.158299,simulation
1975-06-05,3.5703,simulation
1975-06-06,2.2896557,simulation
1975-06-07,1.9606695,simulation
1975-06-08,1.0538095,simulation
1975-06-09,1.1621909,simulation
1975-06-10,1.0968944,simulation
1975-06-11,1.0754458,simulation
1975-06-12,2.9895,simulation
1975-06-13,5.9455996,simulation
1975-06-14,2.8933,simulation
1975-06-15,2.5673,simulation
1975-06-16,6.0500007,simulation
1975-06-17,6.1314993,simulation
1975-06-18,4.1964,simulation
1975-06-19,5.9553003,simulation
1975-06-20,5.9734006,simulation
1975-06-21,5.2381,simulation
1975-06-22,5.1596,simulation
1975-06-23,5.7697,simulation
1975-06-24,5.5970016,simulation
1975-06-25,6.7368994,simulation
1975-06-26,5.634999,simulation
1975-06-27,3.9617,simulation
1975-06-28,4.683,simulation
1975-06-29,4.1565,simulation
1975-06-30,3.6607997,simulation
1975-07-01,5.9184995,simulation
1975-07-02,4.97,simulation
1975-07-03,3.6019,simulation
1975-07-04,5.2428994,simulation
1975-07-05,6.2836003,simulation
1975-07-06,4.5991,simulation
1975-07-07,5.8758993,simulation
1975-07-08,1.8119015,simulation
1975-07-09,5.2144,simulation
1975-07-10,3.0075,simulation
1975-07-11,2.4905,simulation
1975-07-12,5.6367006,simulation
1975-07-13,5.6758986,simulation
1975-07-14,2.056652,simulation
1975-07-15,3.156,simulation
1975-07-16,4.089,simulation
1975-07-17,3.6459,simulation
1975-07-18,3.7475,simulation
1975-07-19,2.8541,simulation
1975-07-20,3.131,simulation
1975-07-21,3.5548,simulation
1975-07-22,4.2690997,simulation
1975-07-23,4.7673,simulation
1975-07-24,3.9124997,simulation
1975-07-25,1.8450212,simulation
1975-07-26,2.881,simulation
1975-07-27,3.9711,simulation
1975-07-28,2.7311,simulation
1975-07-29,2.6024,simulation
1975-07-30,0.9355044,simulation
1975-07-31,1.6730976,simulation
1975-08-01,0.9075578,simulation
1975-08-02,2.3619,simulation
1975-08-03,2.5322,simulation
1975-08-04,1.6615,simulation
1975-08-05,2.1981,simulation
1975-08-06,5.2843995,simulation
1975-08-07,3.1776,simulation
1975-08-08,4.518,simulation
1975-08-09,1.2549965,simulation
1975-08-10,1.9722382,simulation
1975-08-11,3.4151,simulation
1975-08-12,3.8256,simulation
1975-08-13,4.0269995,simulation
1975-08-14,4.858401,simulation
1975-08-15,4.3692,simulation
1975-08-16,3.8895998,simulation
1975-08-17,4.2106,simulation
1975-08-18,3.7912,simulation
1975-08-19,4.0922,simulation
1975-08-20,4.8623004,simulation
1975-08-21,4.7516,simulation
1975-08-22,4.7422,simulation
1975-08-23,4.2869,simulation
1975-08-24,4.9946,simulation
1975-08-25,4.4589,simulation
1975-08-26,5.3262,simulation
1975-08-27,5.917701,simulation
1975-08-28,5.9345007,simulation
1975-08-29,4.7871,simulation
1975-08-30,5.2435994,simulation
1975-08-31,5.3418994,simulation
1975-09-01,5.667201,simulation
1975-09-02,6.4620986,simulation
1975-09-03,6.7164974,simulation
1975-09-04,5.7906995,simulation
1975-09-05,3.218,simulation
1975-09-06,0.7935114,simulation
1975-09-07,1.2858238,simulation
1975-09-08,1.9412161,simulation
1975-09-09,2.9172,simulation
1975-09-10,4.3959994,simulation
1975-09-11,3.5958998,simulation
1975-09-12,3.0624,simulation
1975-09-13,4.1299996,simulation
1975-09-14,3.2319999,simulation
1975-09-15,1.3494208,simulation
1975-09-16,0.70078605,simulation
1975-09-17,1.1042255,simulation
1975-09-18,4.172,simulation
1975-09-19,4.0544,simulation
1975-09-20,3.6126,simulation
1975-09-21,5.106,simulation
1975-09-22,0.71638227,simulation
1975-09-23,1.1987232,simulation
1975-09-24,3.2049,simulation
1975-09-25,3.9570003,simulation
1975-09-26,4.0645,simulation
1975-09-27,4.2278996,simulation
1975-09-28,4.2729993,simulation
1975-09-29,4.318,simulation
1975-09-30,0.99797404,simulation
1975-10-01,0.69099396,simulation
1975-10-02,4.9018993,simulation
1975-10-03,3.4206,simulation
1975-10-04,1.2571801,simulation
1975-10-05,0.45129997,simulation
1975-10-06,0.4151,simulation
1975-10-07,0.3212,simulation
1975-10-08,3.0895998,simulation
1975-10-09,4.0509,simulation
1975-10-10,4.3064,simulation
1975-10-11,4.4172006,simulation
1975-10-12,4.2138996,simulation
1975-10-13,4.4274,simulation
1975-10-14,4.0932994,simulation
1975-10-15,1.3346527,simulation
1975-10-16,0.2826,simulation
1975-10-17,0.69739175,simulation
1975-10-18,2.7237,simulation
1975-10-19,3.2601,simulation
1975-10-20,3.417,simulation
1975-10-21,3.6261,simulation
1975-10-22,2.3599,simulation
1975-10-23,1.5201472,simulation
1975-10-24,1.7168683,simulation
1975-10-25,0.58566695,simulation
1975-10-26,0.2407,simulation
1975-10-27,0.5149,simulation
1975-10-28,2.6326,simulation
1975-10-29,2.6886,simulation
1975-10-30,3.7405999,simulation
1975-10-31,2.8343,simulation
1975-11-01,3.635,simulation
1975-11-02,3.232,simulation
1975-11-03,2.0956087,simulation
1975-11-04,0.6160472,simulation
1975-11-05,0.60357744,simulation
1975-11-06,0.3316,simulation
1975-11-07,0.72977793,simulation
1975-11-08,1.0871413,simulation
1975-11-09,0.6261761,simulation
1975-11-10,0.93789726,simulation
1975-11-11,1.5179379,simulation
1975-11-12,3.5501,simulation
1975-11-13,2.6555,simulation
1975-11-14,1.6937209,simulation
1975-11-15,2.2861,simulation
1975-11-16,2.4237,simulation
1975-11-17,2.4268,simulation
1975-11-18,1.2520565,simulation
1975-11-19,2.8748,simulation
1975-11-20,0.6780321,simulation
1975-11-21,1.9126809,simulation
1975-11-22,0.82210493,simulation
1975-11-23,0.4869,simulation
1975-11-24,0.5014194,simulation
1975-11-25,1.2540159,simulation
1975-11-26,0.406,simulation
1975-11-27,1.2286868,simulation
1975-11-28,0.8495725,simulation
1975-11-29,0.8833321,simulation
1975-11-30,0.5730258,simulation
1975-12-01,1.8116449,simulation
1975-12-02,1.3372236,simulation
1975-12-03,1.5990305,simulation
1975-12-04,0.9696441,simulation
1975-12-05,0.9754755,simulation
1975-12-06,0.335,simulation
1975-12-07,0.110400006,simulation
1975-12-08,0.2293,simulation
1975-12-09,0.81746614,simulation
1975-12-10,1.074306,simulation
1975-12-11,1.7966789,simulation
1975-12-12,1.0181406,simulation
1975-12-13,1.6417303,simulation
1975-12-14,1.1425952,simulation
1975-12-15,0.6131778,simulation
1975-12-16,0.037999995,simulation
1975-12-17,0.3331,simulation
1975-12-18,0.80508465,simulation
1975-12-19,0.6937439,simulation
1975-12-20,0.8437033,simulation
1975-12-21,0.9291544,simulation
1975-12-22,0.703858,simulation
1975-12-23,1.205307,simulation
1975-12-24,0.697693,simulation
1975-12-25,0.20599999,simulation
1975-12-26,0.3071,simulation
1975-12-27,0.79004276,simulation
1975-12-28,1.1135712,simulation
1975-12-29,0.3,simulation
1975-12-30,0.0051999893,simulation
1975-12-31,0.742545,simulation
1976-01-01,1.4723154,simulation
1976-01-02,1.023382,simulation
1976-01-03,0.5623,simulation
1976-01-04,0.8174261,simulation
1976-01-05,0.6661236,simulation
1976-01-06,1.7044928,simulation
1976-01-07,0.1628,simulation
1976-01-08,0.700904,simulation
1976-01-09,0.9476988,simulation
1976-01-10,1.1816242,simulation
1976-01-11,0.44680002,simulation
1976-01-12,0.009300005,simulation
1976-01-13,0.55750084,simulation
1976-01-14,1.5684386,simulation
1976-01-15,1.2859873,simulation
1976-01-16,1.0260357,simulation
1976-01-17,1.6575145,simulation
1976-01-18,1.1935444,simulation
1976-01-19,2.337,simulation
1976-01-20,0.3639,simulation
1976-01-21,1.5772489,simulation
1976-01-22,1.4592787,simulation
1976-01-23,2.2599,simulation
1976-01-24,0.5895756,simulation
1976-01-25,0.41849998,simulation
1976-01-26,0.1788,simulation
1976-01-27,1.7180129,simulation
1976-01-28,1.5863199,simulation
1976-01-29,2.1535,simulation
1976-01-30,2.4888,simulation
1976-01-31,0.56103575,simulation
1976-02-01,2.4829,simulation
1976-02-02,1.8093698,simulation
1976-02-03,2.2421,simulation
1976-02-04,0.70814836,simulation
1976-02-05,0.8191334,simulation
1976-02-06,0.2461,simulation
1976-02-07,1.2594966,simulation
1976-02-08,1.7868111,simulation
1976-02-09,2.0440686,simulation
1976-02-10,0.8597863,simulation
1976-02-11,0.5956462,simulation
1976-02-12,0.8887346,simulation
1976-02-13,1.1580796,simulation
1976-02-14,1.379671,simulation
1976-02-15,0.61160976,simulation
1976-02-16,1.3896861,simulation
1976-02-17,2.4305,simulation
1976-02-18,3.3132997,simulation
1976-02-19,3.0932,simulation
1976-02-20,2.0853188,simulation
1976-02-21,0.8528945,simulation
1976-02-22,0.7665938,simulation
1976-02-23,2.4955,simulation
1976-02-24,3.157,simulation
1976-02-25,2.2735,simulation
1976-02-26,2.9339,simulation
1976-02-27,3.0355,simulation
1976-02-28,3.0116,simulation
1976-02-29,1.0859865,simulation
1976-03-01,2.9298003,simulation
1976-03-02,0.7686479,simulation
1976-03-03,0.89855486,simulation
1976-03-04,3.0963,simulation
1976-03-05,0.87621343,simulation
1976-03-06,0.2005,simulation
1976-03-07,1.1420034,simulation
1976-03-08,0.647268,simulation
1976-03-09,0.4681,simulation
1976-03-10,2.4269,simulation
1976-03-11,1.5317802,simulation
1976-03-12,0.6463632,simulation
1976-03-13,0.71153086,simulation
1976-03-14,0.12120001,simulation
1976-03-15,0.087299995,simulation
1976-03-16,1.0729117,simulation
1976-03-17,3.1306,simulation
1976-03-18,2.6537,simulation
1976-03-19,1.7759161,simulation
1976-03-20,1.9971266,simulation
1976-03-21,3.6095,simulation
1976-03-22,2.9672,simulation
1976-03-23,3.9973,simulation
1976-03-24,0.63360155,simulation
1976-03-25,0.5427,simulation
1976-03-26,0.79663324,simulation
1976-03-27,4.6830006,simulation
1976-03-28,1.2817119,simulation
1976-03-29,1.0248698,simulation
1976-03-30,0.3218,simulation
1976-03-31,0.94093263,simulation
1976-04-01,4.2663,simulation
1976-04-02,4.5826006,simulation
1976-04-03,2.5556,simulation
1976-04-04,2.4841,simulation
1976-04-05,1.3544595,simulation
1976-04-06,3.625,simulation
1976-04-07,3.5928,simulation
1976-04-08,2.5422,simulation
1976-04-09,4.8660007,simulation
1976-04-10,1.7829736,simulation
1976-04-11,5.2459,simulation
1976-04-12,4.8932,simulation
1976-04-13,0.8819018,simulation
1976-04-14,3.5157,simulation
1976-04-15,4.6237993,simulation
1976-04-16,2.6812,simulation
1976-04-17,4.6364,simulation
1976-04-18,3.4814003,simulation
1976-04-19,3.6726,simulation
1976-04-20,1.2812816,simulation
1976-04-21,4.9235997,simulation
1976-04-22,5.6741,simulation
1976-04-23,4.3719006,simulation
1976-04-24,0.8187148,simulation
1976-04-25,4.8604007,simulation
1976-04-26,2.8717,simulation
1976-04-27,4.6518006,simulation
1976-04-28,2.8548,simulation
1976-04-29,1.777005,simulation
1976-04-30,0.50609255,simulation
1976-05-01,2.6369,simulation
1976-05-02,5.1780005,simulation
1976-05-03,5.819899,simulation
1976-05-04,5.6206,simulation
1976-05-05,5.2816,simulation
1976-05-06,2.6805,simulation
1976-05-07,0.45527014,simulation
1976-05-08,1.0847932,simulation
1976-05-09,2.395,simulation
1976-05-10,0.9425402,simulation
1976-05-11,1.8116639,simulation
1976-05-12,4.6072,simulation
1976-05-13,0.63631433,simulation
1976-05-14,0.74041235,simulation
1976-05-15,2.679,simulation
1976-05-16,3.1948,simulation
1976-05-17,4.1124997,simulation
1976-05-18,5.9419994,simulation
1976-05-19,5.9222994,simulation
1976-05-20,3.7206,simulation
1976-05-21,2.1528,simulation
1976-05-22,0.9634336,simulation
1976-05-23,5.172299,simulation
1976-05-24,3.4459,simulation
1976-05-25,5.961299,simulation
1976-05-26,0.94435215,simulation
1976-05-27,0.80348814,simulation
1976-05-28,0.93593585,simulation
1976-05-29,4.8673997,simulation
1976-05-30,5.8937993,simulation
1976-05-31,1.2006652,simulation
1976-06-01,1.0080752,simulation
1976-06-02,3.5781,simulation
1976-06-03,3.8444,simulation
1976-06-04,5.3063006,simulation
1976-06-05,1.0001389,simulation
1976-06-06,5.2798,simulation
1976-06-07,6.7922993,simulation
1976-06-08,5.6379004,simulation
1976-06-09,6.054599,simulation
1976-06-10,6.44,simulation
1976-06-11,6.8743005,simulation
1976-06-12,6.798898,simulation
1976-06-13,7.0087996,simulation
1976-06-14,7.1731977,simulation
1976-06-15,5.832699,simulation
1976-06-16,0.8717074,simulation
1976-06-17,1.8239926,simulation
1976-06-18,2.765,simulation
1976-06-19,1.1745749,simulation
1976-06-20,5.8952003,simulation
1976-06-21,6.5078998,simulation
1976-06-22,3.6251,simulation
1976-06-23,5.6601,simulation
1976-06-24,3.1137002,simulation
1976-06-25,4.2416,simulation
1976-06-26,2.9761,simulation
1976-06-27,2.8365002,simulation
1976-06-28,2.5912,simulation
1976-06-29,6.0673,simulation
1976-06-30,2.8093,simulation
1976-07-01,2.7453997,simulation
1976-07-02,3.3935,simulation
1976-07-03,3.9501,simulation
1976-07-04,0.611829,simulation
1976-07-05,0.6238662,simulation
1976-07-06,4.3044,simulation
1976-07-07,5.4309,simulation
1976-07-08,4.4579005,simulation
1976-07-09,6.017501,simulation
1976-07-10,5.4553013,simulation
1976-07-11,5.9128985,simulation
1976-07-12,6.019999,simulation
1976-07-13,5.9241004,simulation
1976-07-14,4.5804996,simulation
1976-07-15,4.5163994,simulation
1976-07-16,5.2083,simulation
1976-07-17,1.8403149,simulation
1976-07-18,5.4285994,simulation
1976-07-19,4.7808,simulation
1976-07-20,6.608899,simulation
1976-07-21,6.1106,simulation
1976-07-22,6.1784,simulation
1976-07-23,6.532701,simulation
1976-07-24,6.2886987,simulation
1976-07-25,3.952,simulation
1976-07-26,6.6936,simulation
1976-07-27,5.1879005,simulation
1976-07-28,3.0366,simulation
1976-07-29,5.5188003,simulation
1976-07-30,4.5717,simulation
1976-07-31,4.7878003,simulation
1976-08-01,2.8865998,simulation
1976-08-02,2.9822,simulation
1976-08-03,6.9444003,simulation
1976-08-04,4.8676996,simulation
1976-08-05,5.6768007,simulation
1976-08-06,3.8779,simulation
1976-08-07,5.6914,simulation
1976-08-08,5.3706994,simulation
1976-08-09,6.880499,simulation
1976-08-10,6.5892005,simulation
1976-08-11,6.5233994,simulation
1976-08-12,6.0773005,simulation
1976-08-13,4.744601,simulation
1976-08-14,4.9077,simulation
1976-08-15,5.4243994,simulation
1976-08-16,4.929199,simulation
1976-08-17,6.399299,simulation
1976-08-18,6.3368,simulation
1976-08-19,6.691999,simulation
1976-08-20,6.7116985,simulation
1976-08-21,5.0739007,simulation
1976-08-22,2.7636,simulation
1976-08-23,5.9009,simulation
1976-08-24,3.8581,simulation
1976-08-25,4.9775996,simulation
1976-08-26,4.1102,simulation
1976-08-27,1.0963247,simulation
1976-08-28,1.990538,simulation
1976-08-29,4.5852,simulation
1976-08-30,2.0346184,simulation
1976-08-31,3.7276,simulation
1976-09-01,1.1776627,simulation
1976-09-02,1.2291691,simulation
1976-09-03,1.7923576,simulation
1976-09-04,1.4650412,simulation
1976-09-05,3.1583,simulation
1976-09-06,3.5758,simulation
1976-09-07,0.76700807,simulation
1976-09-08,1.6066152,simulation
1976-09-09,2.6586,simulation
1976-09-10,2.9399,simulation
1976-09-11,5.0824,simulation
1976-09-12,5.5584016,simulation
1976-09-13,5.7184005,simulation
1976-09-14,4.5460005,simulation
1976-09-15,5.0313005,simulation
1976-09-16,5.1422997,simulation
1976-09-17,4.3141994,simulation
1976-09-18,2.0432358,simulation
1976-09-19,3.3878,simulation
1976-09-20,2.0529296,simulation
1976-09-21,2.2458973,simulation
1976-09-22,5.2235,simulation
1976-09-23,4.6173,simulation
1976-09-24,3.8827,simulation
1976-09-25,1.9175497,simulation
1976-09-26,2.7625,simulation
1976-09-27,0.8554603,simulation
1976-09-28,0.46114618,simulation
1976-09-29,0.5526798,simulation
1976-09-30,3.4217,simulation
1976-10-01,4.6391,simulation
1976-10-02,4.867401,simulation
1976-10-03,4.6175,simulation
1976-10-04,4.3495,simulation
1976-10-05,3.1829,simulation
1976-10-06,0.42344248,simulation
1976-10-07,0.48915613,simulation
1976-10-08,0.4911262,simulation
1976-10-09,3.7924,simulation
1976-10-10,3.8811,simulation
1976-10-11,4.0289,simulation
1976-10-12,3.9601,simulation
1976-10-13,3.6135998,simulation
1976-10-14,3.863,simulation
1976-10-15,2.8602,simulation
1976-10-16,0.54831064,simulation
1976-10-17,4.0918,simulation
1976-10-18,3.5807998,simulation
1976-10-19,0.71116567,simulation
1976-10-20,0.9436315,simulation
1976-10-21,2.9501,simulation
1976-10-22,3.2114,simulation
1976-10-23,2.2650528,simulation
1976-10-24,0.47948676,simulation
1976-10-25,0.5717863,simulation
1976-10-26,0.8816014,simulation
1976-10-27,0.90270704,simulation
1976-10-28,0.7115909,simulation
1976-10-29,0.5909233,simulation
1976-10-30,0.60259104,simulation
1976-10-31,1.972909,simulation
1976-11-01,2.8859,simulation
1976-11-02,2.4163706,simulation
1976-11-03,2.7588,simulation
1976-11-04,1.9115927,simulation
1976-11-05,2.2952988,simulation
1976-11-06,2.9203,simulation
1976-11-07,3.0156,simulation
1976-11-08,2.6466,simulation
1976-11-09,3.2682,simulation
1976-11-10,0.6418401,simulation
1976-11-11,0.3712,simulation
1976-11-12,2.4251885,simulation
1976-11-13,0.6667875,simulation
1976-11-14,0.1497,simulation
1976-11-15,0.19680001,simulation
1976-11-16,0.42105302,simulation
1976-11-17,0.5112773,simulation
1976-11-18,1.0642766,simulation
1976-11-19,0.4057,simulation
1976-11-20,0.13999999,simulation
1976-11-21,2.5388,simulation
1976-11-22,1.488057,simulation
1976-11-23,0.884072,simulation
1976-11-24,1.894629,simulation
1976-11-25,0.9925037,simulation
1976-11-26,0.46513498,simulation
1976-11-27,0.3877,simulation
1976-11-28,0.2446,simulation
1976-11-29,0.78690904,simulation
1976-11-30,1.0350949,simulation
1976-12-01,1.429681,simulation
1976-12-02,1.0849785,simulation
1976-12-03,1.2964748,simulation
1976-12-04,1.3252665,simulation
1976-12-05,1.4262193,simulation
1976-12-06,0.3679,simulation
1976-12-07,0.3534,simulation
1976-12-08,1.2121705,simulation
1976-12-09,1.6255285,simulation
1976-12-10,0.59700316,simulation
1976-12-11,0.16669999,simulation
1976-12-12,0.073800005,simulation
1976-12-13,0.5826386,simulation
1976-12-14,0.5315072,simulation
1976-12-15,0.2971,simulation
1976-12-16,1.5438875,simulation
1976-12-17,1.2513055,simulation
1976-12-18,1.4512105,simulation
1976-12-19,0.7319027,simulation
1976-12-20,0.69539857,simulation
1976-12-21,1.328347,simulation
1976-12-22,0.4051,simulation
1976-12-23,0.49849996,simulation
1976-12-24,0.9036549,simulation
1976-12-25,0.2771,simulation
1976-12-26,1.9398093,simulation
1976-12-27,1.5791678,simulation
1976-12-28,0.90179336,simulation
1976-12-29,1.5678282,simulation
1976-12-30,0.8584529,simulation
1976-12-31,1.1832646,simulation
1977-01-01,0.930453,simulation
1977-01-02,0.61446166,simulation
1977-01-03,0.086399995,simulation
1977-01-04,0.1616,simulation
1977-01-05,0.7230146,simulation
1977-01-06,0.17430001,simulation
1977-01-07,0.5509,simulation
1977-01-08,0.5324,simulation
1977-01-09,0.2899,simulation
1977-01-10,1.059174,simulation
1977-01-11,0.8796636,simulation
1977-01-12,0.76505935,simulation
1977-01-13,0.80776936,simulation
1977-01-14,0.283,simulation
1977-01-15,1.133814,simulation
1977-01-16,0.9437348,simulation
1977-01-17,0.9268623,simulation
1977-01-18,0.63399327,simulation
1977-01-19,0.7949985,simulation
1977-01-20,1.7889165,simulation
1977-01-21,1.3195777,simulation
1977-01-22,0.7749203,simulation
1977-01-23,0.7449451,simulation
1977-01-24,0.21720001,simulation
1977-01-25,1.3558334,simulation
1977-01-26,1.0158201,simulation
1977-01-27,0.6721693,simulation
1977-01-28,1.329499,simulation
1977-01-29,1.4516397,simulation
1977-01-30,0.47760004,simulation
1977-01-31,1.1933397,simulation
1977-02-01,0.7796957,simulation
1977-02-02,1.9088644,simulation
1977-02-03,0.3579,simulation
1977-02-04,1.2946596,simulation
1977-02-05,2.6124,simulation
1977-02-06,2.1064746,simulation
1977-02-07,2.2389,simulation
1977-02-08,0.7119122,simulation
1977-02-09,2.2077,simulation
1977-02-10,2.2597,simulation
1977-02-11,0.84797984,simulation
1977-02-12,0.3861,simulation
1977-02-13,2.6033,simulation
1977-02-14,3.1304,simulation
1977-02-15,1.2989975,simulation
1977-02-16,1.9227537,simulation
1977-02-17,2.007888,simulation
1977-02-18,1.5005411,simulation
1977-02-19,2.1630175,simulation
1977-02-20,2.96,simulation
1977-02-21,3.2432997,simulation
1977-02-22,3.2723997,simulation
1977-02-23,1.0802617,simulation
1977-02-24,2.1767,simulation
1977-02-25,5.0233,simulation
1977-02-26,1.2405875,simulation
1977-02-27,1.2643634,simulation
1977-02-28,2.4099,simulation
1977-03-01,3.0970001,simulation
1977-03-02,2.3666,simulation
1977-03-03,1.0324452,simulation
1977-03-04,1.8146758,simulation
1977-03-05,0.559,simulation
1977-03-06,0.5305,simulation
1977-03-07,3.2525,simulation
1977-03-08,2.6605,simulation
1977-03-09,1.0393392,simulation
1977-03-10,0.73246896,simulation
1977-03-11,0.8141335,simulation
1977-03-12,2.0315,simulation
1977-03-13,4.4716,simulation
1977-03-14,4.6248994,simulation
1977-03-15,1.9907494,simulation
1977-03-16,3.2596,simulation
1977-03-17,1.8681011,simulation
1977-03-18,3.2639,simulation
1977-03-19,1.5151731,simulation
1977-03-20,2.8171,simulation
1977-03-21,0.65801936,simulation
1977-03-22,4.3887,simulation
1977-03-23,3.936,simulation
1977-03-24,0.8526314,simulation
1977-03-25,2.4218,simulation
1977-03-26,1.7778339,simulation
1977-03-27,0.9795992,simulation
1977-03-28,4.0084004,simulation
1977-03-29,0.76407164,simulation
1977-03-30,2.1552,simulation
1977-03-31,3.1932,simulation
1977-04-01,0.6848822,simulation
1977-04-02,1.5147345,simulation
1977-04-03,1.3099993,simulation
1977-04-04,0.7219534,simulation
1977-04-05,4.9577994,simulation
1977-04-06,4.7340007,simulation
1977-04-07,5.658199,simulation
1977-04-08,5.0924993,simulation
1977-04-09,5.671601,simulation
1977-04-10,5.8558993,simulation
1977-04-11,5.7620015,simulation
1977-04-12,5.7029996,simulation
1977-04-13,5.3337,simulation
1977-04-14,5.0700006,simulation
1977-04-15,4.5212,simulation
1977-04-16,5.469901,simulation
1977-04-17,2.8175004,simulation
1977-04-18,1.2049096,simulation
1977-04-19,1.7928065,simulation
1977-04-20,0.9060304,simulation
1977-04-21,0.5624838,simulation
1977-04-22,1.9543,simulation
1977-04-23,2.9853,simulation
1977-04-24,1.8982444,simulation
1977-04-25,5.2639003,simulation
1977-04-26,4.6133995,simulation
1977-04-27,5.841701,simulation
1977-04-28,4.6687,simulation
1977-04-29,5.9348016,simulation
1977-04-30,6.2295,simulation
1977-05-01,2.3203,simulation
1977-05-02,0.777779,simulation
1977-05-03,2.2438,simulation
1977-05-04,2.2386,simulation
1977-05-05,3.4866998,simulation
1977-05-06,3.2815998,simulation
1977-05-07,2.0317478,simulation
1977-05-08,4.0679,simulation
1977-05-09,3.6077003,simulation
1977-05-10,6.499499,simulation
1977-05-11,4.5775,simulation
1977-05-12,4.8180995,simulation
1977-05-13,3.8894,simulation
1977-05-14,3.3086002,simulation
1977-05-15,3.9302,simulation
1977-05-16,4.4013996,simulation
1977-05-17,3.5399,simulation
1977-05-18,5.1819997,simulation
1977-05-19,5.9508986,simulation
1977-05-20,4.0151,simulation
1977-05-21,3.8925,simulation
1977-05-22,4.0426993,simulation
1977-05-23,5.0252995,simulation
1977-05-24,5.2136993,simulation
1977-05-25,5.3506002,simulation
1977-05-26,4.6879005,simulation
1977-05-27,5.7382007,simulation
1977-05-28,5.875699,simulation
1977-05-29,6.3874984,simulation
1977-05-30,6.823998,simulation
1977-05-31,4.8632,simulation
1977-06-01,4.8686,simulation
1977-06-02,6.4786005,simulation
1977-06-03,7.3876987,simulation
1977-06-04,6.696702,simulation
1977-06-05,5.648099,simulation
1977-06-06,8.365502,simulation
1977-06-07,7.338901,simulation
1977-06-08,7.3536987,simulation
1977-06-09,7.7399,simulation
1977-06-10,7.7477007,simulation
1977-06-11,7.5122023,simulation
1977-06-12,7.8519015,simulation
1977-06-13,3.6977,simulation
1977-06-14,1.0210283,simulation
1977-06-15,3.0384,simulation
1977-06-16,4.0364,simulation
1977-06-17,3.9965,simulation
1977-06-18,6.175901,simulation
1977-06-19,4.5345,simulation
1977-06-20,4.7429,simulation
1977-06-21,7.102099,simulation
1977-06-22,7.747699,simulation
1977-06-23,6.760502,simulation
1977-06-24,6.7673984,simulation
1977-06-25,6.6118,simulation
1977-06-26,6.114,simulation
1977-06-27,6.3229,simulation
1977-06-28,6.966699,simulation
1977-06-29,5.805301,simulation
1977-06-30,6.4351,simulation
1977-07-01,6.1752996,simulation
1977-07-02,3.8198,simulation
1977-07-03,4.2208,simulation
1977-07-04,6.201201,simulation
1977-07-05,7.8757005,simulation
1977-07-06,6.495,simulation
1977-07-07,4.8672,simulation
1977-07-08,5.1734,simulation
1977-07-09,3.9142,simulation
1977-07-10,2.248109,simulation
1977-07-11,1.1961722,simulation
1977-07-12,2.4379005,simulation
1977-07-13,5.0493,simulation
1977-07-14,7.2026997,simulation
1977-07-15,6.270299,simulation
1977-07-16,7.1564994,simulation
1977-07-17,5.7306986,simulation
1977-07-18,5.2812,simulation
1977-07-19,3.4053,simulation
1977-07-20,3.6016,simulation
1977-07-21,3.0694997,simulation
1977-07-22,4.0753,simulation
1977-07-23,4.3179,simulation
1977-07-24,4.6937,simulation
1977-07-25,3.9457,simulation
1977-07-26,0.8902341,simulation
1977-07-27,2.230158,simulation
1977-07-28,1.077428,simulation
1977-07-29,3.8825,simulation
1977-07-30,1.9153287,simulation
1977-07-31,3.2945,simulation
1977-08-01,3.1317,simulation
1977-08-02,3.4437,simulation
1977-08-03,4.2578998,simulation
1977-08-04,2.6485,simulation
1977-08-05,3.4926,simulation
1977-08-06,4.6305,simulation
1977-08-07,6.765798,simulation
1977-08-08,6.2488995,simulation
1977-08-09,5.8213,simulation
1977-08-10,5.8406005,simulation
1977-08-11,4.7128,simulation
1977-08-12,5.2888994,simulation
1977-08-13,5.6814,simulation
1977-08-14,5.313399,simulation
1977-08-15,4.3778,simulation
1977-08-16,4.8943,simulation
1977-08-17,2.3041334,simulation
1977-08-18,0.8575173,simulation
1977-08-19,1.7769215,simulation
1977-08-20,2.6929,simulation
1977-08-21,3.4475,simulation
1977-08-22,3.4095,simulation
1977-08-23,3.7841,simulation
1977-08-24,4.2512,simulation
1977-08-25,2.511693,simulation
1977-08-26,3.5704,simulation
1977-08-27,4.4087005,simulation
1977-08-28,3.0551,simulation
1977-08-29,5.549899,simulation
1977-08-30,6.2508,simulation
1977-08-31,6.7518015,simulation
1977-09-01,6.3345003,simulation
1977-09-02,6.4855003,simulation
1977-09-03,5.635599,simulation
1977-09-04,1.1616853,simulation
1977-09-05,0.6783001,simulation
1977-09-06,0.62621266,simulation
1977-09-07,2.4651,simulation
1977-09-08,4.6023,simulation
1977-09-09,0.83427733,simulation
1977-09-10,1.7808433,simulation
1977-09-11,5.3905,simulation
1977-09-12,4.7055993,simulation
1977-09-13,2.6338997,simulation
1977-09-14,1.8462012,simulation
1977-09-15,0.71745247,simulation
1977-09-16,1.1500758,simulation
1977-09-17,2.7722,simulation
1977-09-18,2.4122,simulation
1977-09-19,1.1419402,simulation
1977-09-20,3.6269,simulation
1977-09-21,5.0846996,simulation
1977-09-22,4.5052,simulation
1977-09-23,2.9432003,simulation
1977-09-24,2.6175,simulation
1977-09-25,2.62,simulation
1977-09-26,3.2741,simulation
1977-09-27,2.6874003,simulation
1977-09-28,2.44,simulation
1977-09-29,1.0353436,simulation
1977-09-30,3.6795003,simulation
1977-10-01,2.8423998,simulation
1977-10-02,0.7250225,simulation
1977-10-03,4.8214,simulation
1977-10-04,2.8674,simulation
1977-10-05,1.8747658,simulation
1977-10-06,3.7084,simulation
1977-10-07,1.0757593,simulation
1977-10-08,0.60796934,simulation
1977-10-09,4.2376,simulation
1977-10-10,1.0393416,simulation
1977-10-11,0.81166065,simulation
1977-10-12,4.1289,simulation
1977-10-13,3.5965002,simulation
1977-10-14,3.4842,simulation
1977-10-15,2.3111,simulation
1977-10-16,3.4696002,simulation
1977-10-17,3.5451002,simulation
1977-10-18,3.9967997,simulation
1977-10-19,4.0347004,simulation
1977-10-20,0.93706083,simulation
1977-10-21,3.5173,simulation
1977-10-22,3.7646,simulation
1977-10-23,2.5296,simulation
1977-10-24,0.7837214,simulation
1977-10-25,0.8061931,simulation
1977-10-26,1.6249076,simulation
1977-10-27,3.4251,simulation
1977-10-28,0.7882134,simulation
1977-10-29,1.5226107,simulation
1977-10-30,2.6843,simulation
1977-10-31,1.2078913,simulation
1977-11-01,2.6869,simulation
1977-11-02,0.6692186,simulation
1977-11-03,1.9076899,simulation
1977-11-04,0.4349,simulation
1977-11-05,0.84014976,simulation
1977-11-06,0.6849294,simulation
1977-11-07,0.9847957,simulation
1977-11-08,2.9475,simulation
1977-11-09,1.2252064,simulation
1977-11-10,3.1468,simulation
1977-11-11,2.6989,simulation
1977-11-12,2.5895,simulation
1977-11-13,1.1748364,simulation
1977-11-14,2.7248,simulation
1977-11-15,0.8986121,simulation
1977-11-16,1.5023942,simulation
1977-11-17,1.6813883,simulation
1977-11-18,1.2667346,simulation
1977-11-19,0.6963463,simulation
1977-11-20,0.90876126,simulation
1977-11-21,0.4964,simulation
1977-11-22,0.24559999,simulation
1977-11-23,0.2773,simulation
1977-11-24,0.49860004,simulation
1977-11-25,0.8375136,simulation
1977-11-26,2.0155938,simulation
1977-11-27,1.0141472,simulation
1977-11-28,0.3056,simulation
1977-11-29,0.9331207,simulation
1977-11-30,0.46300003,simulation
1977-12-01,0.8062485,simulation
1977-12-02,1.3510729,simulation
1977-12-03,1.3618752,simulation
1977-12-04,1.223267,simulation
1977-12-05,3.0925,simulation
1977-12-06,2.0758,simulation
1977-12-07,1.5651529,simulation
1977-12-08,1.764927,simulation
1977-12-09,2.1614,simulation
1977-12-10,1.6233877,simulation
1977-12-11,1.391311,simulation
1977-12-12,1.653002,simulation
1977-12-13,0.6127939,simulation
1977-12-14,0.5013,simulation
1977-12-15,0.85635877,simulation
1977-12-16,1.1533425,simulation
1977-12-17,1.5534195,simulation
1977-12-18,2.1817,simulation
1977-12-19,1.2719864,simulation
1977-12-20,1.9457406,simulation
1977-12-21,1.1027853,simulation
1977-12-22,0.9578849,simulation
1977-12-23,0.75691366,simulation
1977-12-24,0.8518101,simulation
1977-12-25,1.9601806,simulation
1977-12-26,1.1529135,simulation
1977-12-27,1.1778519,simulation
1977-12-28,0.58122855,simulation
1977-12-29,0.47490004,simulation
1977-12-30,0.16430001,simulation
1977-12-31,0.4883,simulation
1978-01-01,0.7860404,simulation
1978-01-02,0.7720406,simulation
1978-01-03,1.0148298,simulation
1978-01-04,0.96377474,simulation
1978-01-05,0.710552,simulation
1978-01-06,0.7823621,simulation
1978-01-07,0.64139485,simulation
1978-01-08,0.5683519,simulation
1978-01-09,1.2652084,simulation
1978-01-10,1.1339736,simulation
1978-01-11,0.72493374,simulation
1978-01-12,0.4322,simulation
1978-01-13,0.3028,simulation
1978-01-14,0.4788,simulation
1978-01-15,0.7091095,simulation
1978-01-16,0.7835375,simulation
1978-01-17,0.436,simulation
1978-01-18,0.3418,simulation
1978-01-19,0.21050002,simulation
1978-01-20,0.2756,simulation
1978-01-21,0.4225,simulation
1978-01-22,0.7360315,simulation
1978-01-23,0.6419062,simulation
1978-01-24,0.3562,simulation
1978-01-25,0.3416,simulation
1978-01-26,1.998,simulation
1978-01-27,1.2467179,simulation
1978-01-28,1.1538984,simulation
1978-01-29,1.5780978,simulation
1978-01-30,0.4035,simulation
1978-01-31,0.4981,simulation
1978-02-01,0.15870002,simulation
1978-02-02,0.3375,simulation
1978-02-03,0.6964794,simulation
1978-02-04,1.6043893,simulation
1978-02-05,1.5950986,simulation
1978-02-06,1.1809194,simulation
1978-02-07,0.8809259,simulation
1978-02-08,0.7794434,simulation
1978-02-09,0.6953425,simulation
1978-02-10,1.2047919,simulation
1978-02-11,1.8734685,simulation
1978-02-12,2.1735,simulation
1978-02-13,2.8785,simulation
1978-02-14,1.0775567,simulation
1978-02-15,0.83028877,simulation
1978-02-16,2.2841,simulation
1978-02-17,2.2253,simulation
1978-02-18,0.54464024,simulation
1978-02-19,1.5270137,simulation
1978-02-20,1.3864563,simulation
1978-02-21,0.7048849,simulation
1978-02-22,1.9468268,simulation
1978-02-23,2.5071,simulation
1978-02-24,2.5271,simulation
1978-02-25,1.2014709,simulation
1978-02-26,2.3734,simulation
1978-02-27,0.98156244,simulation
1978-02-28,0.5544578,simulation
1978-03-01,0.5860933,simulation
1978-03-02,0.4236,simulation
1978-03-03,0.41179997,simulation
1978-03-04,1.2184432,simulation
1978-03-05,2.6205,simulation
1978-03-06,1.1781478,simulation
1978-03-07,0.1577,simulation
1978-03-08,0.17400001,simulation
1978-03-09,0.1261,simulation
1978-03-10,1.0994428,simulation
1978-03-11,2.7893002,simulation
1978-03-12,1.4674475,simulation
1978-03-13,0.7534739,simulation
1978-03-14,3.8774,simulation
1978-03-15,2.0038157,simulation
1978-03-16,1.8619087,simulation
1978-03-17,3.4831002,simulation
1978-03-18,4.3187995,simulation
1978-03-19,4.9710007,simulation
1978-03-20,1.4283444,simulation
1978-03-21,0.72644174,simulation
1978-03-22,3.8393002,simulation
1978-03-23,3.2036998,simulation
1978-03-24,0.717286,simulation
1978-03-25,0.6942966,simulation
1978-03-26,0.59585375,simulation
1978-03-27,2.5624,simulation
1978-03-28,3.8635,simulation
1978-03-29,3.168,simulation
1978-03-30,3.5792003,simulation
1978-03-31,5.1514006,simulation
1978-04-01,6.0619016,simulation
1978-04-02,3.9336,simulation
1978-04-03,2.2022247,simulation
1978-04-04,2.9169,simulation
1978-04-05,4.8984995,simulation
1978-04-06,1.3534425,simulation
1978-04-07,4.0924,simulation
1978-04-08,3.8368,simulation
1978-04-09,1.4392004,simulation
1978-04-10,0.79303557,simulation
1978-04-11,0.419,simulation
1978-04-12,0.39700004,simulation
1978-04-13,3.9408,simulation
1978-04-14,2.491,simulation
1978-04-15,5.4597993,simulation
1978-04-16,1.7315097,simulation
1978-04-17,2.4056,simulation
1978-04-18,3.4700003,simulation
1978-04-19,5.2878,simulation
1978-04-20,3.6318998,simulation
1978-04-21,5.1688995,simulation
1978-04-22,5.8614993,simulation
1978-04-23,1.613859,simulation
1978-04-24,2.482,simulation
1978-04-25,3.7588,simulation
1978-04-26,6.0306997,simulation
1978-04-27,5.1379004,simulation
1978-04-28,5.3531,simulation
1978-04-29,3.8769,simulation
1978-04-30,1.2371968,simulation
1978-05-01,1.6240456,simulation
1978-05-02,1.8357661,simulation
1978-05-03,0.491,simulation
1978-05-04,0.94951385,simulation
1978-05-05,5.0883994,simulation
1978-05-06,0.7737977,simulation
1978-05-07,0.6320891,simulation
1978-05-08,0.65668106,simulation
1978-05-09,5.8958006,simulation
1978-05-10,5.1632004,simulation
1978-05-11,2.5977,simulation
1978-05-12,3.2239,simulation
1978-05-13,7.0747013,simulation
1978-05-14,6.9546995,simulation
1978-05-15,4.6786003,simulation
1978-05-16,4.3743,simulation
1978-05-17,1.8299628,simulation
1978-05-18,2.6992,simulation
1978-05-19,1.9284495,simulation
1978-05-20,3.8136997,simulation
1978-05-21,4.6198997,simulation
1978-05-22,3.6693,simulation
1978-05-23,4.6818995,simulation
1978-05-24,5.697001,simulation
1978-05-25,6.068499,simulation
1978-05-26,6.687501,simulation
1978-05-27,6.735502,simulation
1978-05-28,2.948,simulation
1978-05-29,3.3763,simulation
1978-05-30,2.6381,simulation
1978-05-31,5.2064996,simulation
1978-06-01,3.1633,simulation
1978-06-02,1.983401,simulation
1978-06-03,2.6514,simulation
1978-06-04,5.9238,simulation
1978-06-05,3.5858,simulation
1978-06-06,2.4006,simulation
1978-06-07,1.3331252,simulation
1978-06-08,2.7738,simulation
1978-06-09,3.9934,simulation
1978-06-10,5.5503006,simulation
1978-06-11,4.3933,simulation
1978-06-12,3.7276,simulation
1978-06-13,3.6653,simulation
1978-06-14,6.8407016,simulation
1978-06-15,6.8165,simulation
1978-06-16,5.3363,simulation
1978-06-17,7.0251026,simulation
1978-06-18,5.3585005,simulation
1978-06-19,3.2043,simulation
1978-06-20,5.1754994,simulation
1978-06-21,5.5017,simulation
1978-06-22,6.0752,simulation
1978-06-23,6.5208,simulation
1978-06-24,5.344299,simulation
1978-06-25,5.5584993,simulation
1978-06-26,6.755499,simulation
1978-06-27,6.4360995,simulation
1978-06-28,6.6705,simulation
1978-06-29,3.9682,simulation
1978-06-30,5.9223013,simulation
1978-07-01,5.231901,simulation
1978-07-02,7.1952977,simulation
1978-07-03,6.4393,simulation
1978-07-04,6.7238007,simulation
1978-07-05,5.9764996,simulation
1978-07-06,5.5629,simulation
1978-07-07,4.4230995,simulation
1978-07-08,5.8803997,simulation
1978-07-09,6.3905015,simulation
1978-07-10,3.7529998,simulation
1978-07-11,4.9896,simulation
1978-07-12,4.7246,simulation
1978-07-13,4.3752,simulation
1978-07-14,2.6643,simulation
1978-07-15,2.2339542,simulation
1978-07-16,6.0882998,simulation
1978-07-17,7.5044994,simulation
1978-07-18,6.9737024,simulation
1978-07-19,6.7180986,simulation
1978-07-20,6.675301,simulation
1978-07-21,4.5651,simulation
1978-07-22,3.8141,simulation
1978-07-23,4.743001,simulation
1978-07-24,5.1357,simulation
1978-07-25,5.7421007,simulation
1978-07-26,4.2839,simulation
1978-07-27,2.1086283,simulation
1978-07-28,2.6368,simulation
1978-07-29,5.8076997,simulation
1978-07-30,4.6667,simulation
1978-07-31,5.7347994,simulation
1978-08-01,5.806801,simulation
1978-08-02,5.9062004,simulation
1978-08-03,7.1783,simulation
1978-08-04,7.0083985,simulation
1978-08-05,6.066099,simulation
1978-08-06,3.0612,simulation
1978-08-07,2.2020726,simulation
1978-08-08,0.7758323,simulation
1978-08-09,0.56622607,simulation
1978-08-10,2.6581,simulation
1978-08-11,1.7002105,simulation
1978-08-12,4.0659,simulation
1978-08-13,2.836,simulation
1978-08-14,2.836,simulation
1978-08-15,3.6405,simulation
1978-08-16,5.3685,simulation
1978-08-17,6.4853,simulation
1978-08-18,5.7811,simulation
1978-08-19,5.7408996,simulation
1978-08-20,5.1605,simulation
1978-08-21,6.2402,simulation
1978-08-22,5.9708,simulation
1978-08-23,5.8337,simulation
1978-08-24,4.3644,simulation
1978-08-25,6.0081005,simulation
1978-08-26,6.1901994,simulation
1978-08-27,5.6158004,simulation
1978-08-28,1.4754623,simulation
1978-08-29,0.82552665,simulation
1978-08-30,1.9318795,simulation
1978-08-31,4.0115,simulation
1978-09-01,1.6135262,simulation
1978-09-02,3.2597,simulation
1978-09-03,4.1881,simulation
1978-09-04,6.612102,simulation
1978-09-05,6.1035004,simulation
1978-09-06,5.2483,simulation
1978-09-07,5.3539,simulation
1978-09-08,5.2008,simulation
1978-09-09,2.5614893,simulation
1978-09-10,3.0936,simulation
1978-09-11,2.1501837,simulation
1978-09-12,1.8311539,simulation
1978-09-13,0.5846762,simulation
1978-09-14,1.4096916,simulation
1978-09-15,1.2976996,simulation
1978-09-16,3.431,simulation
1978-09-17,4.8743997,simulation
1978-09-18,4.7379994,simulation
1978-09-19,5.145,simulation
1978-09-20,5.2442007,simulation
1978-09-21,5.3720007,simulation
1978-09-22,5.1807,simulation
1978-09-23,4.9580007,simulation
1978-09-24,4.6853,simulation
1978-09-25,1.6446898,simulation
1978-09-26,0.96297485,simulation
1978-09-27,0.44086978,simulation
1978-09-28,0.42125353,simulation
1978-09-29,3.117,simulation
1978-09-30,2.3358924,simulation
1978-10-01,4.9893007,simulation
1978-10-02,4.5724,simulation
1978-10-03,3.2328,simulation
1978-10-04,4.9535003,simulation
1978-10-05,1.1426722,simulation
1978-10-06,4.8662,simulation
1978-10-07,4.0973,simulation
1978-10-08,4.0887,simulation
1978-10-09,2.7374058,simulation
1978-10-10,3.6622,simulation
1978-10-11,3.3868,simulation
1978-10-12,3.9071,simulation
1978-10-13,1.9185709,simulation
1978-10-14,3.941,simulation
1978-10-15,3.5749,simulation
1978-10-16,4.4492,simulation
1978-10-17,3.8088999,simulation
1978-10-18,3.5534,simulation
1978-10-19,3.2309,simulation
1978-10-20,3.8609,simulation
1978-10-21,3.9446,simulation
1978-10-22,3.8834999,simulation
1978-10-23,3.7048,simulation
1978-10-24,3.5363,simulation
1978-10-25,3.6195,simulation
1978-10-26,1.0404321,simulation
1978-10-27,1.0334325,simulation
1978-10-28,2.164944,simulation
1978-10-29,3.7395,simulation
1978-10-30,1.3165294,simulation
1978-10-31,3.3268,simulation
1978-11-01,3.385,simulation
1978-11-02,3.3829,simulation
1978-11-03,3.3088,simulation
1978-11-04,3.2319,simulation
1978-11-05,1.7969247,simulation
1978-11-06,0.87592727,simulation
1978-11-07,0.2745561,simulation
1978-11-08,1.116918,simulation
1978-11-09,1.149973,simulation
1978-11-10,1.6581712,simulation
1978-11-11,1.1480381,simulation
1978-11-12,1.1982256,simulation
1978-11-13,1.0568264,simulation
1978-11-14,0.5823924,simulation
1978-11-15,0.35973,simulation
1978-11-16,0.7193357,simulation
1978-11-17,0.7750803,simulation
1978-11-18,0.48539057,simulation
1978-11-19,0.7870886,simulation
1978-11-20,1.2722894,simulation
1978-11-21,0.6589188,simulation
1978-11-22,0.49450332,simulation
1978-11-23,0.6672967,simulation
1978-11-24,0.82031167,simulation
1978-11-25,1.1532952,simulation
1978-11-26,0.6676871,simulation
1978-11-27,0.3482887,simulation
1978-11-28,0.6019857,simulation
1978-11-29,0.2285,simulation
1978-11-30,0.35109115,simulation
1978-12-01,0.8909215,simulation
1978-12-02,1.0513232,simulation
1978-12-03,1.0677816,simulation
1978-12-04,0.2251,simulation
1978-12-05,1.1832703,simulation
1978-12-06,1.2170014,simulation
1978-12-07,0.7361904,simulation
1978-12-08,0.49698055,simulation
1978-12-09,0.4482338,simulation
1978-12-10,0.8505844,simulation
1978-12-11,0.9024825,simulation
1978-12-12,1.0210073,simulation
1978-12-13,0.9534311,simulation
1978-12-14,0.6388397,simulation
1978-12-15,0.70345455,simulation
1978-12-16,0.44194257,simulation
1978-12-17,1.5445919,simulation
1978-12-18,0.81058395,simulation
1978-12-19,0.6437427,simulation
1978-12-20,0.9959958,simulation
1978-12-21,1.2281072,simulation
1978-12-22,0.9942113,simulation
1978-12-23,0.7575788,simulation
1978-12-24,0.4435,simulation
1978-12-25,0.97344095,simulation
1978-12-26,1.2843742,simulation
1978-12-27,0.8947517,simulation
1978-12-28,1.6589357,simulation
1978-12-29,0.6350194,simulation
1978-12-30,0.088900015,simulation
1978-12-31,0.3665,simulation
1979-01-01,0.2486,simulation
1979-01-02,0.79867697,simulation
1979-01-03,0.48740003,simulation
1979-01-04,0.65863186,simulation
1979-01-05,0.66263306,simulation
1979-01-06,0.096599996,simulation
1979-01-07,0.1737,simulation
1979-01-08,0.94725657,simulation
1979-01-09,0.84916586,simulation
1979-01-10,0.5479,simulation
1979-01-11,0.7080251,simulation
1979-01-12,0.4536,simulation
1979-01-13,0.1882,simulation
1979-01-14,0.72707176,simulation
1979-01-15,0.5538426,simulation
1979-01-16,0.5710355,simulation
1979-01-17,0.5814909,simulation
1979-01-18,0.0941,simulation
1979-01-19,0.1804,simulation
1979-01-20,0.2865,simulation
1979-01-21,0.4833,simulation
1979-01-22,0.5924,simulation
1979-01-23,0.4901,simulation
1979-01-24,1.6849476,simulation
1979-01-25,0.39609998,simulation
1979-01-26,0.1792,simulation
1979-01-27,0.3225,simulation
1979-01-28,0.83507127,simulation
1979-01-29,0.5316,simulation
1979-01-30,0.17279999,simulation
1979-01-31,0.581,simulation
1979-02-01,0.63497424,simulation
1979-02-02,1.129212,simulation
1979-02-03,0.07090001,simulation
1979-02-04,0.4571,simulation
1979-02-05,0.6279666,simulation
1979-02-06,0.2142,simulation
1979-02-07,0.2799,simulation
1979-02-08,0.9870445,simulation
1979-02-09,1.0592014,simulation
1979-02-10,1.4552249,simulation
1979-02-11,1.476812,simulation
1979-02-12,1.0412264,simulation
1979-02-13,0.6493559,simulation
1979-02-14,1.0492822,simulation
1979-02-15,1.3235378,simulation
1979-02-16,0.6714945,simulation
1979-02-17,0.4155,simulation
1979-02-18,0.11279999,simulation
1979-02-19,1.3119068,simulation
1979-02-20,0.3401,simulation
1979-02-21,0.2889,simulation
1979-02-22,0.534,simulation
1979-02-23,0.5302,simulation
1979-02-24,0.5559,simulation
1979-02-25,0.6863,simulation
1979-02-26,2.923,simulation
1979-02-27,1.0522951,simulation
1979-02-28,0.80844057,simulation
1979-03-01,2.4647,simulation
1979-03-02,0.6258431,simulation
1979-03-03,0.4173,simulation
1979-03-04,1.7816001,simulation
1979-03-05,2.692,simulation
1979-03-06,3.0717,simulation
1979-03-07,1.3802116,simulation
1979-03-08,2.8987,simulation
1979-03-09,3.8161,simulation
1979-03-10,0.2923,simulation
1979-03-11,2.5025,simulation
1979-03-12,3.7944,simulation
1979-03-13,2.6863,simulation
1979-03-14,4.634,simulation
1979-03-15,3.2933,simulation
1979-03-16,1.3086916,simulation
1979-03-17,3.5757,simulation
1979-03-18,2.4627,simulation
1979-03-19,3.5688999,simulation
1979-03-20,1.0629803,simulation
1979-03-21,1.3423417,simulation
1979-03-22,0.62356406,simulation
1979-03-23,3.0623,simulation
1979-03-24,3.7866,simulation
1979-03-25,4.1204,simulation
1979-03-26,3.9018998,simulation
1979-03-27,3.7752,simulation
1979-03-28,4.3370004,simulation
1979-03-29,1.713911,simulation
1979-03-30,1.3853627,simulation
1979-03-31,0.6478328,simulation
1979-04-01,2.9616003,simulation
1979-04-02,0.53417784,simulation
1979-04-03,0.71698487,simulation
1979-04-04,2.0178,simulation
1979-04-05,4.5483003,simulation
1979-04-06,4.757901,simulation
1979-04-07,3.9599004,simulation
1979-04-08,0.5904078,simulation
1979-04-09,3.2635,simulation
1979-04-10,1.5678494,simulation
1979-04-11,2.2241,simulation
1979-04-12,0.7826312,simulation
1979-04-13,1.3163882,simulation
1979-04-14,5.4987984,simulation
1979-04-15,5.5474,simulation
1979-04-16,5.7661986,simulation
1979-04-17,3.6657,simulation
1979-04-18,1.1456481,simulation
1979-04-19,1.6352681,simulation
1979-04-20,0.84208584,simulation
1979-04-21,0.79074883,simulation
1979-04-22,0.7300322,simulation
1979-04-23,0.7042887,simulation
1979-04-24,0.7509495,simulation
1979-04-25,0.9294276,simulation
1979-04-26,2.7794,simulation
1979-04-27,3.3044002,simulation
1979-04-28,5.1887007,simulation
1979-04-29,0.76471347,simulation
1979-04-30,4.1309,simulation
1979-05-01,2.3857,simulation
1979-05-02,1.2266743,simulation
1979-05-03,1.3464657,simulation
1979-05-04,0.5768852,simulation
1979-05-05,0.6739845,simulation
1979-05-06,4.1153007,simulation
1979-05-07,4.4067006,simulation
1979-05-08,3.5378,simulation
1979-05-09,3.1268997,simulation
1979-05-10,4.0726,simulation
1979-05-11,2.5846,simulation
1979-05-12,1.5755879,simulation
1979-05-13,1.8881401,simulation
1979-05-14,6.070401,simulation
1979-05-15,6.3909993,simulation
1979-05-16,6.8683996,simulation
1979-05-17,6.6828003,simulation
1979-05-18,4.7682996,simulation
1979-05-19,4.0853,simulation
1979-05-20,3.9319,simulation
1979-05-21,1.6278523,simulation
1979-05-22,2.7276,simulation
1979-05-23,0.7867873,simulation
1979-05-24,4.4196,simulation
1979-05-25,6.1384997,simulation
1979-05-26,6.2801013,simulation
1979-05-27,2.5933,simulation
1979-05-28,2.323,simulation
1979-05-29,1.0890938,simulation
1979-05-30,0.6957335,simulation
1979-05-31,1.72373,simulation
1979-06-01,4.5077,simulation
1979-06-02,2.7653,simulation
1979-06-03,2.6873,simulation
1979-06-04,3.7603,simulation
1979-06-05,1.6742532,simulation
1979-06-06,3.2187998,simulation
1979-06-07,2.3292,simulation
1979-06-08,5.9724,simulation
1979-06-09,5.3656,simulation
1979-06-10,3.9181,simulation
1979-06-11,7.254601,simulation
1979-06-12,6.8672,simulation
1979-06-13,6.5870023,simulation
1979-06-14,6.727703,simulation
1979-06-15,4.9786005,simulation
1979-06-16,6.1428003,simulation
1979-06-17,6.159301,simulation
1979-06-18,6.8993993,simulation
1979-06-19,7.3146977,simulation
1979-06-20,7.0722985,simulation
1979-06-21,1.0357399,simulation
1979-06-22,3.6745,simulation
1979-06-23,3.7027,simulation
1979-06-24,3.5532,simulation
1979-06-25,1.4162356,simulation
1979-06-26,2.8473,simulation
1979-06-27,4.7613997,simulation
1979-06-28,5.6691995,simulation
1979-06-29,2.3391383,simulation
1979-06-30,4.415,simulation
1979-07-01,4.0903,simulation
1979-07-02,5.4255996,simulation
1979-07-03,6.337899,simulation
1979-07-04,6.996298,simulation
1979-07-05,5.7457995,simulation
1979-07-06,4.0521,simulation
1979-07-07,1.0681306,simulation
1979-07-08,1.64456,simulation
1979-07-09,1.741836,simulation
1979-07-10,0.932126,simulation
1979-07-11,0.62877256,simulation
1979-07-12,5.2380996,simulation
1979-07-13,2.4758,simulation
1979-07-14,1.652069,simulation
1979-07-15,5.0711994,simulation
1979-07-16,4.8814993,simulation
1979-07-17,5.0985994,simulation
1979-07-18,3.2807002,simulation
1979-07-19,2.5152,simulation
1979-07-20,0.81724584,simulation
1979-07-21,1.4970691,simulation
1979-07-22,4.4676,simulation
1979-07-23,2.141,simulation
1979-07-24,2.3219,simulation
1979-07-25,1.3623029,simulation
1979-07-26,2.3059,simulation
1979-07-27,2.5663,simulation
1979-07-28,2.7755,simulation
1979-07-29,4.7119994,simulation
1979-07-30,5.780401,simulation
1979-07-31,5.7192993,simulation
1979-08-01,5.3467994,simulation
1979-08-02,3.1767,simulation
1979-08-03,3.6725998,simulation
1979-08-04,5.2568994,simulation
1979-08-05,5.949801,simulation
1979-08-06,6.3465004,simulation
1979-08-07,6.7318015,simulation
1979-08-08,6.371499,simulation
1979-08-09,5.9468,simulation
1979-08-10,5.5970993,simulation
1979-08-11,2.7573,simulation
1979-08-12,3.4384,simulation
1979-08-13,4.5391,simulation
1979-08-14,5.2841005,simulation
1979-08-15,5.435099,simulation
1979-08-16,5.3792005,simulation
1979-08-17,6.449601,simulation
1979-08-18,5.3346,simulation
1979-08-19,5.9362006,simulation
1979-08-20,3.5037997,simulation
1979-08-21,4.5519,simulation
1979-08-22,2.9600003,simulation
1979-08-23,2.3047,simulation
1979-08-24,2.846,simulation
1979-08-25,1.8987012,simulation
1979-08-26,2.7966003,simulation
1979-08-27,3.8339002,simulation
1979-08-28,4.8065,simulation
1979-08-29,4.9474,simulation
1979-08-30,5.6359997,simulation
1979-08-31,5.5954003,simulation
1979-09-01,4.4809,simulation
1979-09-02,1.1327223,simulation
1979-09-03,1.7303591,simulation
1979-09-04,4.7791,simulation
1979-09-05,4.3744,simulation
1979-09-06,3.9461002,simulation
1979-09-07,4.4826,simulation
1979-09-08,6.6596007,simulation
1979-09-09,5.3961,simulation
1979-09-10,6.3874993,simulation
1979-09-11,6.572998,simulation
1979-09-12,1.7515873,simulation
1979-09-13,0.869902,simulation
1979-09-14,3.9972994,simulation
1979-09-15,5.935799,simulation
1979-09-16,1.8207877,simulation
1979-09-17,0.5759226,simulation
1979-09-18,0.6448125,simulation
1979-09-19,0.694325,simulation
1979-09-20,0.6248318,simulation
1979-09-21,2.1934,simulation
1979-09-22,4.745,simulation
1979-09-23,5.3466997,simulation
1979-09-24,3.453,simulation
1979-09-25,2.8514,simulation
1979-09-26,1.3111765,simulation
1979-09-27,2.4219,simulation
1979-09-28,3.74,simulation
1979-09-29,3.7769,simulation
1979-09-30,4.324,simulation
1979-10-01,4.8033996,simulation
1979-10-02,5.172699,simulation
1979-10-03,4.689899,simulation
1979-10-04,2.461,simulation
1979-10-05,4.1759,simulation
1979-10-06,3.0692,simulation
1979-10-07,4.5163994,simulation
1979-10-08,4.9973,simulation
1979-10-09,2.7096002,simulation
1979-10-10,2.3405,simulation
1979-10-11,3.9001,simulation
1979-10-12,4.6496997,simulation
1979-10-13,4.0615997,simulation
1979-10-14,4.1355996,simulation
1979-10-15,3.5093,simulation
1979-10-16,2.7274,simulation
1979-10-17,3.5796,simulation
1979-10-18,3.498,simulation
1979-10-19,4.0127,simulation
1979-10-20,2.707,simulation
1979-10-21,1.5583338,simulation
1979-10-22,0.71885574,simulation
1979-10-23,3.6348999,simulation
1979-10-24,2.8168,simulation
1979-10-25,3.1618998,simulation
1979-10-26,3.3361003,simulation
1979-10-27,3.6566,simulation
1979-10-28,3.2182,simulation
1979-10-29,0.8183783,simulation
1979-10-30,1.3857625,simulation
1979-10-31,0.6061756,simulation
1979-11-01,1.7853324,simulation
1979-11-02,3.3552,simulation
1979-11-03,2.4875,simulation
1979-11-04,2.7487,simulation
1979-11-05,1.4742972,simulation
1979-11-06,0.7636299,simulation
1979-11-07,2.6435,simulation
1979-11-08,0.7961147,simulation
1979-11-09,0.7861598,simulation
1979-11-10,0.506,simulation
1979-11-11,0.8361259,simulation
1979-11-12,2.176,simulation
1979-11-13,2.2723,simulation
1979-11-14,2.0488753,simulation
1979-11-15,2.0042481,simulation
1979-11-16,2.4651,simulation
1979-11-17,1.9789599,simulation
1979-11-18,1.7620775,simulation
1979-11-19,2.507,simulation
1979-11-20,1.2876699,simulation
1979-11-21,1.2336444,simulation
1979-11-22,0.56384075,simulation
1979-11-23,0.14609998,simulation
1979-11-24,0.9168068,simulation
1979-11-25,0.2269,simulation
1979-11-26,1.9667,simulation
1979-11-27,1.5305843,simulation
1979-11-28,2.4459,simulation
1979-11-29,1.6486245,simulation
1979-11-30,0.7624519,simulation
1979-12-01,1.326527,simulation
1979-12-02,1.7011887,simulation
1979-12-03,0.6312845,simulation
1979-12-04,1.3619758,simulation
1979-12-05,1.7125238,simulation
1979-12-06,0.4629,simulation
1979-12-07,1.5577148,simulation
1979-12-08,1.9367956,simulation
1979-12-09,1.9039224,simulation
1979-12-10,1.996527,simulation
1979-12-11,0.96879834,simulation
1979-12-12,0.5966233,simulation
1979-12-13,0.18899998,simulation
1979-12-14,0.8411298,simulation
1979-12-15,0.531,simulation
1979-12-16,0.80674016,simulation
1979-12-17,1.1691504,simulation
1979-12-18,1.0517393,simulation
1979-12-19,0.740323,simulation
1979-12-20,0.5113,simulation
1979-12-21,0.9111745,simulation
1979-12-22,0.5212,simulation
1979-12-23,0.53,simulation
1979-12-24,0.9895142,simulation
1979-12-25,1.8080565,simulation
1979-12-26,0.9807903,simulation
1979-12-27,0.71032,simulation
1979-12-28,0.6307163,simulation
1979-12-29,0.2812,simulation
1979-12-30,0.3532,simulation
1979-12-31,0.46090004,simulation
1980-01-01,1.254891,simulation
1980-01-02,0.83767426,simulation
1980-01-03,0.5019,simulation
1980-01-04,0.4252,simulation
1980-01-05,0.57710314,simulation
1980-01-06,1.4902843,simulation
1980-01-07,0.43569997,simulation
1980-01-08,0.1803,simulation
1980-01-09,0.2303,simulation
1980-01-10,0.3261,simulation
1980-01-11,0.7791235,simulation
1980-01-12,1.9120998,simulation
1980-01-13,0.6880459,simulation
1980-01-14,0.20259999,simulation
1980-01-15,0.618006,simulation
1980-01-16,0.3018,simulation
1980-01-17,0.13490002,simulation
1980-01-18,0.2644,simulation
1980-01-19,0.7175881,simulation
1980-01-20,0.5707,simulation
1980-01-21,0.69241273,simulation
1980-01-22,0.2775,simulation
1980-01-23,1.8301691,simulation
1980-01-24,1.3125706,simulation
1980-01-25,0.6399384,simulation
1980-01-26,0.118099995,simulation
1980-01-27,0.1903,simulation
1980-01-28,0.5262,simulation
1980-01-29,0.3404,simulation
1980-01-30,0.6555169,simulation
1980-01-31,0.62680393,simulation
1980-02-01,1.6300985,simulation
1980-02-02,0.6775365,simulation
1980-02-03,1.0871996,simulation
1980-02-04,1.0535177,simulation
1980-02-05,0.67927784,simulation
1980-02-06,1.9287491,simulation
1980-02-07,1.2112283,simulation
1980-02-08,0.64331526,simulation
1980-02-09,0.1919,simulation
1980-02-10,0.4258,simulation
1980-02-11,0.4624,simulation
1980-02-12,0.6879448,simulation
1980-02-13,0.72755665,simulation
1980-02-14,2.4107,simulation
1980-02-15,0.6829538,simulation
1980-02-16,0.6096416,simulation
1980-02-17,1.9515749,simulation
1980-02-18,1.4332008,simulation
1980-02-19,0.93797827,simulation
1980-02-20,2.7603,simulation
1980-02-21,0.7523135,simulation
1980-02-22,2.573,simulation
1980-02-23,2.4278,simulation
1980-02-24,2.565,simulation
1980-02-25,3.3636997,simulation
1980-02-26,2.8308,simulation
1980-02-27,3.0277,simulation
1980-02-28,4.1984,simulation
1980-02-29,0.7828878,simulation
1980-03-01,0.5286617,simulation
1980-03-02,2.3622,simulation
1980-03-03,2.4459,simulation
1980-03-04,0.6724501,simulation
1980-03-05,1.0741588,simulation
1980-03-06,2.5067,simulation
1980-03-07,0.6430787,simulation
1980-03-08,1.6269972,simulation
1980-03-09,1.3586662,simulation
1980-03-10,1.8044105,simulation
1980-03-11,1.0023193,simulation
1980-03-12,0.4652,simulation
1980-03-13,1.1209965,simulation
1980-03-14,2.1045232,simulation
1980-03-15,1.5369432,simulation
1980-03-16,0.94530755,simulation
1980-03-17,0.5987467,simulation
1980-03-18,4.0201,simulation
1980-03-19,0.5534,simulation
1980-03-20,0.6707063,simulation
1980-03-21,4.6171007,simulation
1980-03-22,4.1395006,simulation
1980-03-23,1.4481262,simulation
1980-03-24,3.2065003,simulation
1980-03-25,1.0146393,simulation
1980-03-26,0.3438,simulation
1980-03-27,0.4391,simulation
1980-03-28,0.6547,simulation
1980-03-29,0.5398,simulation
1980-03-30,4.1659,simulation
1980-03-31,1.9979999,simulation
1980-04-01,3.8990996,simulation
1980-04-02,0.65608937,simulation
1980-04-03,0.5057,simulation
1980-04-04,4.8041,simulation
1980-04-05,4.1812,simulation
1980-04-06,4.0446005,simulation
1980-04-07,2.0213232,simulation
1980-04-08,5.1534,simulation
1980-04-09,5.4750004,simulation
1980-04-10,5.4359994,simulation
1980-04-11,0.9624275,simulation
1980-04-12,0.4655,simulation
1980-04-13,0.4565,simulation
1980-04-14,1.4386108,simulation
1980-04-15,4.9567995,simulation
1980-04-16,4.7510004,simulation
1980-04-17,3.3695,simulation
1980-04-18,1.0991416,simulation
1980-04-19,3.5339,simulation
1980-04-20,5.1602,simulation
1980-04-21,5.319,simulation
1980-04-22,6.2061996,simulation
1980-04-23,4.6886997,simulation
1980-04-24,4.6536007,simulation
1980-04-25,1.2796082,simulation
1980-04-26,2.9323,simulation
1980-04-27,0.90634614,simulation
1980-04-28,4.5055995,simulation
1980-04-29,6.2228,simulation
1980-04-30,1.7279427,simulation
1980-05-01,0.70636606,simulation
1980-05-02,1.4276999,simulation
1980-05-03,2.5113,simulation
1980-05-04,4.3177996,simulation
1980-05-05,4.8596,simulation
1980-05-06,5.3161,simulation
1980-05-07,1.2787931,simulation
1980-05-08,1.4010398,simulation
1980-05-09,6.5178003,simulation
1980-05-10,6.640998,simulation
1980-05-11,5.6995993,simulation
1980-05-12,2.4568,simulation
1980-05-13,0.9153083,simulation
1980-05-14,0.95374036,simulation
1980-05-15,0.9673871,simulation
1980-05-16,0.7125183,simulation
1980-05-17,2.2036,simulation
1980-05-18,4.0281997,simulation
1980-05-19,0.69463146,simulation
1980-05-20,2.3042,simulation
1980-05-21,2.8124,simulation
1980-05-22,2.5249,simulation
1980-05-23,4.5795,simulation
1980-05-24,5.7658,simulation
1980-05-25,4.561,simulation
1980-05-26,6.8215017,simulation
1980-05-27,6.0811996,simulation
1980-05-28,5.1707,simulation
1980-05-29,5.088,simulation
1980-05-30,2.8956,simulation
1980-05-31,5.8685,simulation
1980-06-01,6.0162,simulation
1980-06-02,5.440499,simulation
1980-06-03,5.1911,simulation
1980-06-04,6.0106,simulation
1980-06-05,4.9314,simulation
1980-06-06,6.0186005,simulation
1980-06-07,3.3108003,simulation
1980-06-08,2.7693,simulation
1980-06-09,2.8718,simulation
1980-06-10,7.1421986,simulation
1980-06-11,7.0297995,simulation
1980-06-12,6.5936,simulation
1980-06-13,7.103502,simulation
1980-06-14,7.3978996,simulation
1980-06-15,7.605201,simulation
1980-06-16,7.8028007,simulation
1980-06-17,6.840801,simulation
1980-06-18,3.3434,simulation
1980-06-19,2.3191519,simulation
1980-06-20,1.1907831,simulation
1980-06-21,3.2758,simulation
1980-06-22,4.4020996,simulation
1980-06-23,2.6293004,simulation
1980-06-24,0.9463219,simulation
1980-06-25,2.9238,simulation
1980-06-26,3.9543,simulation
1980-06-27,5.7648005,simulation
1980-06-28,4.4466,simulation
1980-06-29,2.360326,simulation
1980-06-30,6.8029985,simulation
1980-07-01,7.8493996,simulation
1980-07-02,6.951501,simulation
1980-07-03,5.2074003,simulation
1980-07-04,7.616201,simulation
1980-07-05,6.7130995,simulation
1980-07-06,7.0277987,simulation
1980-07-07,6.3925,simulation
1980-07-08,2.6589,simulation
1980-07-09,7.2923,simulation
1980-07-10,6.9507017,simulation
1980-07-11,8.152501,simulation
1980-07-12,7.9646,simulation
1980-07-13,8.6189,simulation
1980-07-14,8.673702,simulation
1980-07-15,8.326701,simulation
1980-07-16,7.0485983,simulation
1980-07-17,5.0613,simulation
1980-07-18,4.5191,simulation
1980-07-19,6.8008976,simulation
1980-07-20,3.2476,simulation
1980-07-21,0.9158695,simulation
1980-07-22,1.0275543,simulation
1980-07-23,2.5926003,simulation
1980-07-24,4.7996993,simulation
1980-07-25,4.9155006,simulation
1980-07-26,4.3978,simulation
1980-07-27,1.5177362,simulation
1980-07-28,3.1049998,simulation
1980-07-29,6.1053,simulation
1980-07-30,7.5201015,simulation
1980-07-31,6.713601,simulation
1980-08-01,6.768402,simulation
1980-08-02,6.1188006,simulation
1980-08-03,4.0658,simulation
1980-08-04,4.6579,simulation
1980-08-05,5.569399,simulation
1980-08-06,6.5687003,simulation
1980-08-07,7.077502,simulation
1980-08-08,7.3234,simulation
1980-08-09,4.2306995,simulation
1980-08-10,2.3365166,simulation
1980-08-11,2.5307772,simulation
1980-08-12,6.1102,simulation
1980-08-13,5.9543,simulation
1980-08-14,5.6782,simulation
1980-08-15,6.0899005,simulation
1980-08-16,4.6345,simulation
1980-08-17,5.1075,simulation
1980-08-18,5.8815,simulation
1980-08-19,5.9676995,simulation
1980-08-20,6.0593,simulation
1980-08-21,7.217198,simulation
1980-08-22,8.362299,simulation
1980-08-23,7.118298,simulation
1980-08-24,6.1246996,simulation
1980-08-25,5.954899,simulation
1980-08-26,5.567999,simulation
1980-08-27,1.7855182,simulation
1980-08-28,3.0028,simulation
1980-08-29,4.5037,simulation
1980-08-30,4.166,simulation
1980-08-31,5.656601,simulation
1980-09-01,5.3441005,simulation
1980-09-02,4.4268,simulation
1980-09-03,5.9582005,simulation
1980-09-04,4.6245,simulation
1980-09-05,3.2137,simulation
1980-09-06,1.8719319,simulation
1980-09-07,5.4164996,simulation
1980-09-08,4.3814,simulation
1980-09-09,5.848801,simulation
1980-09-10,6.2251997,simulation
1980-09-11,5.5862,simulation
1980-09-12,5.3676,simulation
1980-09-13,5.486,simulation
1980-09-14,5.711701,simulation
1980-09-15,6.4159007,simulation
1980-09-16,5.6193995,simulation
1980-09-17,0.52497524,simulation
1980-09-18,1.5166204,simulation
1980-09-19,0.7398916,simulation
1980-09-20,1.4957136,simulation
1980-09-21,2.7893991,simulation
1980-09-22,4.5137,simulation
1980-09-23,4.6102,simulation
1980-09-24,2.6969266,simulation
1980-09-25,3.117368,simulation
1980-09-26,1.1941578,simulation
1980-09-27,2.401411,simulation
1980-09-28,0.68436944,simulation
1980-09-29,0.41281286,simulation
1980-09-30,0.44389164,simulation
1980-10-01,1.7073233,simulation
1980-10-02,3.9327,simulation
1980-10-03,3.6213,simulation
1980-10-04,4.3011,simulation
1980-10-05,4.816,simulation
1980-10-06,4.2538,simulation
1980-10-07,4.0245,simulation
1980-10-08,4.3219,simulation
1980-10-09,3.9784,simulation
1980-10-10,3.9767003,simulation
1980-10-11,4.925,simulation
1980-10-12,4.079,simulation
1980-10-13,3.8169,simulation
1980-10-14,4.0225,simulation
1980-10-15,3.9187002,simulation
1980-10-16,0.9031442,simulation
1980-10-17,0.44360715,simulation
1980-10-18,0.37605903,simulation
1980-10-19,0.875148,simulation
1980-10-20,0.58900565,simulation
1980-10-21,2.5433655,simulation
1980-10-22,3.6413,simulation
1980-10-23,3.5524,simulation
1980-10-24,1.1191823,simulation
1980-10-25,3.1377,simulation
1980-10-26,1.0681978,simulation
1980-10-27,0.70975995,simulation
1980-10-28,0.3796652,simulation
1980-10-29,0.39220348,simulation
1980-10-30,2.8656,simulation
1980-10-31,2.7298696,simulation
1980-11-01,0.57266885,simulation
1980-11-02,0.6038769,simulation
1980-11-03,0.72187346,simulation
1980-11-04,2.1582408,simulation
1980-11-05,2.9029,simulation
1980-11-06,3.1555,simulation
1980-11-07,3.6437,simulation
1980-11-08,3.1346,simulation
1980-11-09,1.3586295,simulation
1980-11-10,0.85580915,simulation
1980-11-11,2.560308,simulation
1980-11-12,1.4739245,simulation
1980-11-13,1.1689917,simulation
1980-11-14,1.101321,simulation
1980-11-15,0.2797,simulation
1980-11-16,0.37537292,simulation
1980-11-17,0.39400348,simulation
1980-11-18,0.4749368,simulation
1980-11-19,0.9555669,simulation
1980-11-20,0.57833296,simulation
1980-11-21,0.604554,simulation
1980-11-22,0.49126583,simulation
1980-11-23,0.1741,simulation
1980-11-24,0.4637812,simulation
1980-11-25,1.1282665,simulation
1980-11-26,0.376,simulation
1980-11-27,0.4008,simulation
1980-11-28,0.84763557,simulation
1980-11-29,2.0526588,simulation
1980-11-30,2.236045,simulation
1980-12-01,1.4049937,simulation
1980-12-02,0.6537597,simulation
1980-12-03,1.9337065,simulation
1980-12-04,1.5882096,simulation
1980-12-05,1.1399094,simulation
1980-12-06,1.1015208,simulation
1980-12-07,0.8631862,simulation
1980-12-08,1.1379973,simulation
1980-12-09,0.4229,simulation
1980-12-10,0.5607933,simulation
1980-12-11,0.872774,simulation
1980-12-12,1.5246425,simulation
1980-12-13,0.7529115,simulation
1980-12-14,0.8423323,simulation
1980-12-15,1.2310156,simulation
1980-12-16,0.88574797,simulation
1980-12-17,1.403656,simulation
1980-12-18,2.3302,simulation
1980-12-19,0.49602506,simulation
1980-12-20,0.9489658,simulation
1980-12-21,1.2514056,simulation
1980-12-22,0.5655088,simulation
1980-12-23,0.6882136,simulation
1980-12-24,0.9985536,simulation
1980-12-25,1.3005139,simulation
1980-12-26,0.5305893,simulation
1980-12-27,1.2557032,simulation
1980-12-28,0.990606,simulation
1980-12-29,1.1928188,simulation
1980-12-30,1.0196235,simulation
1980-12-31,1.0873743,simulation
1981-01-01,1.28775,simulation
1981-01-02,1.1326535,simulation
1981-01-03,1.3737763,simulation
1981-01-04,1.8920962,simulation
1981-01-05,0.84705687,simulation
1981-01-06,0.6106054,simulation
1981-01-07,0.74200755,simulation
1981-01-08,0.8073581,simulation
1981-01-09,0.83927995,simulation
1981-01-10,1.6392136,simulation
1981-01-11,0.67468303,simulation
1981-01-12,1.1601716,simulation
1981-01-13,1.7714822,simulation
1981-01-14,1.1033031,simulation
1981-01-15,1.3526919,simulation
1981-01-16,1.3640068,simulation
1981-01-17,1.229643,simulation
1981-01-18,1.0284835,simulation
1981-01-19,0.75244415,simulation
1981-01-20,0.293,simulation
1981-01-21,0.37159997,simulation
1981-01-22,0.346,simulation
1981-01-23,1.3551352,simulation
1981-01-24,1.6931269,simulation
1981-01-25,1.815183,simulation
1981-01-26,0.8878046,simulation
1981-01-27,0.49385756,simulation
1981-01-28,1.9924994,simulation
1981-01-29,2.037533,simulation
1981-01-30,0.60927165,simulation
1981-01-31,0.6296141,simulation
1981-02-01,0.5191353,simulation
1981-02-02,1.4389273,simulation
1981-02-03,1.2258489,simulation
1981-02-04,0.8173973,simulation
1981-02-05,0.59261686,simulation
1981-02-06,0.5524378,simulation
1981-02-07,0.3347,simulation
1981-02-08,1.4240361,simulation
1981-02-09,1.3048048,simulation
1981-02-10,0.5856041,simulation
1981-02-11,1.657748,simulation
1981-02-12,1.0511235,simulation
1981-02-13,1.0052401,simulation
1981-02-14,0.88618165,simulation
1981-02-15,0.514,simulation
1981-02-16,0.4692,simulation
1981-02-17,0.6047432,simulation
1981-02-18,0.56609464,simulation
1981-02-19,1.504703,simulation
1981-02-20,3.324,simulation
1981-02-21,1.0606577,simulation
1981-02-22,1.4814153,simulation
1981-02-23,3.6378,simulation
1981-02-24,3.2706,simulation
1981-02-25,1.4833046,simulation
1981-02-26,3.5148,simulation
1981-02-27,3.7636,simulation
1981-02-28,2.2134774,simulation
1981-03-01,0.5171014,simulation
1981-03-02,2.6835,simulation
1981-03-03,0.97118556,simulation
1981-03-04,0.7069626,simulation
1981-03-05,3.1789002,simulation
1981-03-06,2.5505,simulation
1981-03-07,1.7690121,simulation
1981-03-08,2.05996,simulation
1981-03-09,3.4929,simulation
1981-03-10,1.4807715,simulation
1981-03-11,2.9079,simulation
1981-03-12,1.731187,simulation
1981-03-13,1.1121417,simulation
1981-03-14,4.1905,simulation
1981-03-15,2.6282,simulation
1981-03-16,4.5265007,simulation
1981-03-17,4.2647,simulation
1981-03-18,2.6172,simulation
1981-03-19,4.3338995,simulation
1981-03-20,3.3259,simulation
1981-03-21,0.91637033,simulation
1981-03-22,0.87982285,simulation
1981-03-23,3.9565995,simulation
1981-03-24,4.1329,simulation
1981-03-25,2.2117,simulation
1981-03-26,4.5208993,simulation
1981-03-27,2.9289,simulation
1981-03-28,1.9035472,simulation
1981-03-29,0.99188054,simulation
1981-03-30,5.5151,simulation
1981-03-31,3.0256002,simulation
1981-04-01,3.1157,simulation
1981-04-02,4.5207,simulation
1981-04-03,2.3392,simulation
1981-04-04,3.582,simulation
1981-04-05,5.2019997,simulation
1981-04-06,4.7220993,simulation
1981-04-07,2.5447,simulation
1981-04-08,1.5777255,simulation
1981-04-09,2.712,simulation
1981-04-10,3.8539,simulation
1981-04-11,1.8097492,simulation
1981-04-12,2.4478,simulation
1981-04-13,3.1966999,simulation
1981-04-14,2.664,simulation
1981-04-15,5.835901,simulation
1981-04-16,2.445,simulation
1981-04-17,2.9107,simulation
1981-04-18,1.5702755,simulation
1981-04-19,2.6071,simulation
1981-04-20,3.4360998,simulation
1981-04-21,4.2179,simulation
1981-04-22,1.1453071,simulation
1981-04-23,0.8976742,simulation
1981-04-24,1.9378479,simulation
1981-04-25,2.3274,simulation
1981-04-26,6.1815004,simulation
1981-04-27,6.4281993,simulation
1981-04-28,1.1481243,simulation
1981-04-29,2.0679188,simulation
1981-04-30,1.8159574,simulation
1981-05-01,1.868847,simulation
1981-05-02,4.4244,simulation
1981-05-03,3.205,simulation
1981-05-04,2.2728684,simulation
1981-05-05,0.83083814,simulation
1981-05-06,0.83870614,simulation
1981-05-07,0.84724116,simulation
1981-05-08,2.2035897,simulation
1981-05-09,1.1424378,simulation
1981-05-10,3.9022002,simulation
1981-05-11,3.6121,simulation
1981-05-12,6.3190007,simulation
1981-05-13,6.0521007,simulation
1981-05-14,3.3895,simulation
1981-05-15,6.165599,simulation
1981-05-16,1.1892924,simulation
1981-05-17,5.504299,simulation
1981-05-18,3.8639,simulation
1981-05-19,5.0739007,simulation
1981-05-20,0.98006904,simulation
1981-05-21,5.3050003,simulation
1981-05-22,3.6427002,simulation
1981-05-23,2.0454938,simulation
1981-05-24,3.8198,simulation
1981-05-25,2.6455998,simulation
1981-05-26,3.1147997,simulation
1981-05-27,2.3846,simulation
1981-05-28,6.721599,simulation
1981-05-29,5.563699,simulation
1981-05-30,3.2759,simulation
1981-05-31,3.4915,simulation
1981-06-01,3.0001,simulation
1981-06-02,2.9129,simulation
1981-06-03,2.4977,simulation
1981-06-04,1.053939,simulation
1981-06-05,0.9713233,simulation
1981-06-06,4.0032,simulation
1981-06-07,2.8165998,simulation
1981-06-08,3.9435,simulation
1981-06-09,4.3217006,simulation
1981-06-10,3.9977996,simulation
1981-06-11,2.4694,simulation
1981-06-12,2.7417998,simulation
1981-06-13,4.3542,simulation
1981-06-14,5.892801,simulation
1981-06-15,5.8817005,simulation
1981-06-16,6.129799,simulation
1981-06-17,4.1854,simulation
1981-06-18,7.5365024,simulation
1981-06-19,5.5759,simulation
1981-06-20,4.0977993,simulation
1981-06-21,7.321,simulation
1981-06-22,6.5868006,simulation
1981-06-23,6.0999994,simulation
1981-06-24,2.7308,simulation
1981-06-25,3.9898,simulation
1981-06-26,5.644801,simulation
1981-06-27,6.096899,simulation
1981-06-28,7.2014985,simulation
1981-06-29,5.1988997,simulation
1981-06-30,5.9353995,simulation
1981-07-01,0.5764973,simulation
1981-07-02,1.4570038,simulation
1981-07-03,2.8998,simulation
1981-07-04,2.155035,simulation
1981-07-05,1.1788033,simulation
1981-07-06,2.5924,simulation
1981-07-07,5.4702992,simulation
1981-07-08,5.5153985,simulation
1981-07-09,7.276103,simulation
1981-07-10,6.4088016,simulation
1981-07-11,4.7387996,simulation
1981-07-12,6.2483,simulation
1981-07-13,6.548998,simulation
1981-07-14,6.087901,simulation
1981-07-15,6.7773013,simulation
1981-07-16,5.9761987,simulation
1981-07-17,5.571899,simulation
1981-07-18,5.9176,simulation
1981-07-19,6.7783012,simulation
1981-07-20,7.0687,simulation
1981-07-21,5.712701,simulation
1981-07-22,7.0860014,simulation
1981-07-23,7.575498,simulation
1981-07-24,7.5998015,simulation
1981-07-25,4.6506,simulation
1981-07-26,5.492899,simulation
1981-07-27,5.5737987,simulation
1981-07-28,5.3096,simulation
1981-07-29,3.9144,simulation
1981-07-30,5.9052,simulation
1981-07-31,7.118701,simulation
1981-08-01,5.5716004,simulation
1981-08-02,5.792601,simulation
1981-08-03,5.4203,simulation
1981-08-04,4.3476005,simulation
1981-08-05,6.0434995,simulation
1981-08-06,3.9822,simulation
1981-08-07,4.3389,simulation
1981-08-08,4.6458,simulation
1981-08-09,5.5089006,simulation
1981-08-10,4.475,simulation
1981-08-11,6.5322,simulation
1981-08-12,6.6475983,simulation
1981-08-13,6.1988006,simulation
1981-08-14,4.4013004,simulation
1981-08-15,6.687599,simulation
1981-08-16,3.7258,simulation
1981-08-17,1.5353725,simulation
1981-08-18,3.6554003,simulation
1981-08-19,0.88460904,simulation
1981-08-20,1.2406564,simulation
1981-08-21,2.1056874,simulation
1981-08-22,1.0557442,simulation
1981-08-23,3.6852,simulation
1981-08-24,4.1744995,simulation
1981-08-25,6.3484006,simulation
1981-08-26,6.5148997,simulation
1981-08-27,5.802101,simulation
1981-08-28,1.6091006,simulation
1981-08-29,1.365118,simulation
1981-08-30,4.2723,simulation
1981-08-31,1.6604711,simulation
1981-09-01,1.1489757,simulation
1981-09-02,1.1168648,simulation
1981-09-03,0.53845257,simulation
1981-09-04,1.8797767,simulation
1981-09-05,6.2280984,simulation
1981-09-06,5.1582007,simulation
1981-09-07,5.4228,simulation
1981-09-08,2.3132777,simulation
1981-09-09,6.218,simulation
1981-09-10,5.8536005,simulation
1981-09-11,5.9741993,simulation
1981-09-12,4.4515996,simulation
1981-09-13,3.0257,simulation
1981-09-14,2.7768002,simulation
1981-09-15,0.59266347,simulation
1981-09-16,3.2087,simulation
1981-09-17,5.2015,simulation
1981-09-18,5.148299,simulation
1981-09-19,4.6677,simulation
1981-09-20,3.238,simulation
1981-09-21,4.7093,simulation
1981-09-22,5.1757994,simulation
1981-09-23,5.6559,simulation
1981-09-24,4.7668004,simulation
1981-09-25,4.8253007,simulation
1981-09-26,4.1088,simulation
1981-09-27,4.7055,simulation
1981-09-28,5.3481007,simulation
1981-09-29,5.6649995,simulation
1981-09-30,5.4228997,simulation
1981-10-01,2.8239229,simulation
1981-10-02,6.0874,simulation
1981-10-03,4.0703,simulation
1981-10-04,5.0518,simulation
1981-10-05,5.342,simulation
1981-10-06,2.3047326,simulation
1981-10-07,1.0414279,simulation
1981-10-08,0.347407,simulation
1981-10-09,0.39434117,simulation
1981-10-10,0.6813806,simulation
1981-10-11,0.89281654,simulation
1981-10-12,0.50974536,simulation
1981-10-13,4.0368,simulation
1981-10-14,1.2612528,simulation
1981-10-15,2.251259,simulation
1981-10-16,2.2632267,simulation
1981-10-17,3.5095,simulation
1981-10-18,1.40452,simulation
1981-10-19,3.9338,simulation
1981-10-20,3.4833,simulation
1981-10-21,1.4351938,simulation
1981-10-22,0.8184415,simulation
1981-10-23,0.97891474,simulation
1981-10-24,1.6143116,simulation
1981-10-25,0.38318452,simulation
1981-10-26,0.3927558,simulation
1981-10-27,1.6424483,simulation
1981-10-28,1.3595904,simulation
1981-10-29,3.0605,simulation
1981-10-30,1.8670317,simulation
1981-10-31,2.0064871,simulation
1981-11-01,0.86962664,simulation
1981-11-02,0.6792648,simulation
1981-11-03,1.7570456,simulation
1981-11-04,1.1747696,simulation
1981-11-05,1.5265107,simulation
1981-11-06,3.2951,simulation
1981-11-07,2.0101354,simulation
1981-11-08,2.9694,simulation
1981-11-09,0.46417603,simulation
1981-11-10,1.8009114,simulation
1981-11-11,2.8015003,simulation
1981-11-12,0.80668974,simulation
1981-11-13,0.7467769,simulation
1981-11-14,2.2009552,simulation
1981-11-15,1.137953,simulation
1981-11-16,0.7979413,simulation
1981-11-17,1.826077,simulation
1981-11-18,2.2754066,simulation
1981-11-19,1.4155108,simulation
1981-11-20,1.9345146,simulation
1981-11-21,0.9690164,simulation
1981-11-22,1.2329885,simulation
1981-11-23,1.0279716,simulation
1981-11-24,1.5736169,simulation
1981-11-25,2.2672381,simulation
1981-11-26,0.9543637,simulation
1981-11-27,0.49397165,simulation
1981-11-28,0.9488096,simulation
1981-11-29,0.7264008,simulation
1981-11-30,0.7348625,simulation
1981-12-01,1.9146417,simulation
1981-12-02,1.4188612,simulation
1981-12-03,2.6485,simulation
1981-12-04,2.9015996,simulation
1981-12-05,1.2748111,simulation
1981-12-06,0.525729,simulation
1981-12-07,1.698753,simulation
1981-12-08,2.7435,simulation
1981-12-09,2.0748315,simulation
1981-12-10,1.3093885,simulation
1981-12-11,0.6369178,simulation
1981-12-12,0.33999997,simulation
1981-12-13,0.2142,simulation
1981-12-14,0.2348,simulation
1981-12-15,1.2642426,simulation
1981-12-16,1.5660534,simulation
1981-12-17,0.6612494,simulation
1981-12-18,1.4263595,simulation
1981-12-19,0.9407142,simulation
1981-12-20,0.8328921,simulation
1981-12-21,0.6548794,simulation
1981-12-22,1.0198727,simulation
1981-12-23,0.6339243,simulation
1981-12-24,0.45938554,simulation
1981-12-25,0.78986114,simulation
1981-12-26,0.5262362,simulation
1981-12-27,1.066113,simulation
1981-12-28,0.80361587,simulation
1981-12-29,1.1520203,simulation
1981-12-30,0.6608001,simulation
1981-12-31,0.1892,simulation
1982-01-01,0.1546,simulation
1982-01-02,0.2534,simulation
1982-01-03,0.68289196,simulation
1982-01-04,2.7182,simulation
1982-01-05,1.8928242,simulation
1982-01-06,0.8002036,simulation
1982-01-07,0.45960003,simulation
1982-01-08,0.909725,simulation
1982-01-09,1.4512532,simulation
1982-01-10,1.5456176,simulation
1982-01-11,0.9064385,simulation
1982-01-12,0.40089998,simulation
1982-01-13,0.1814,simulation
1982-01-14,0.5873747,simulation
1982-01-15,1.2146952,simulation
1982-01-16,0.92690474,simulation
1982-01-17,1.0779567,simulation
1982-01-18,0.71314144,simulation
1982-01-19,1.3800027,simulation
1982-01-20,0.6444541,simulation
1982-01-21,0.5727909,simulation
1982-01-22,0.91085386,simulation
1982-01-23,0.9301484,simulation
1982-01-24,1.8092687,simulation
1982-01-25,1.3891054,simulation
1982-01-26,2.1644,simulation
1982-01-27,2.4822,simulation
1982-01-28,0.7118397,simulation
1982-01-29,1.7339282,simulation
1982-01-30,1.1794063,simulation
1982-01-31,0.6742493,simulation
1982-02-01,0.93528944,simulation
1982-02-02,0.3122,simulation
1982-02-03,0.38790002,simulation
1982-02-04,0.5753,simulation
1982-02-05,0.7087256,simulation
1982-02-06,0.5034,simulation
1982-02-07,1.4725955,simulation
1982-02-08,0.9960154,simulation
1982-02-09,0.4584,simulation
1982-02-10,1.6244844,simulation
1982-02-11,2.4512,simulation
1982-02-12,0.5857078,simulation
1982-02-13,0.7114788,simulation
1982-02-14,1.0230521,simulation
1982-02-15,0.70896703,simulation
1982-02-16,1.5132247,simulation
1982-02-17,1.0021623,simulation
1982-02-18,1.4536871,simulation
1982-02-19,2.1924,simulation
1982-02-20,1.4516537,simulation
1982-02-21,3.9493,simulation
1982-02-22,3.3127,simulation
1982-02-23,3.6328003,simulation
1982-02-24,2.7271,simulation
1982-02-25,1.4715942,simulation
1982-02-26,0.60760623,simulation
1982-02-27,0.4165,simulation
1982-02-28,0.45500004,simulation
1982-03-01,2.0884,simulation
1982-03-02,2.8215,simulation
1982-03-03,1.4252989,simulation
1982-03-04,1.5885643,simulation
1982-03-05,1.3327951,simulation
1982-03-06,0.580751,simulation
1982-03-07,2.9269,simulation
1982-03-08,3.2037,simulation
1982-03-09,1.5668166,simulation
1982-03-10,2.7661,simulation
1982-03-11,1.1758193,simulation
1982-03-12,1.7711259,simulation
1982-03-13,0.91291875,simulation
1982-03-14,2.1461892,simulation
1982-03-15,2.9434998,simulation
1982-03-16,2.4975,simulation
1982-03-17,1.4364018,simulation
1982-03-18,2.348,simulation
1982-03-19,4.5801,simulation
1982-03-20,3.2285998,simulation
1982-03-21,0.5410571,simulation
1982-03-22,0.55574167,simulation
1982-03-23,2.1774,simulation
1982-03-24,0.5633868,simulation
1982-03-25,2.2345,simulation
1982-03-26,4.2370005,simulation
1982-03-27,1.6826329,simulation
1982-03-28,3.4903002,simulation
1982-03-29,2.3296,simulation
1982-03-30,1.3552047,simulation
1982-03-31,1.4241872,simulation
1982-04-01,2.4477,simulation
1982-04-02,2.0977933,simulation
1982-04-03,4.9101005,simulation
1982-04-04,1.5734633,simulation
1982-04-05,2.3046,simulation
1982-04-06,4.5290995,simulation
1982-04-07,3.3967,simulation
1982-04-08,1.4986795,simulation
1982-04-09,3.4701,simulation
1982-04-10,1.6612442,simulation
1982-04-11,5.0003004,simulation
1982-04-12,4.4147997,simulation
1982-04-13,2.0467734,simulation
1982-04-14,1.6265537,simulation
1982-04-15,0.9402392,simulation
1982-04-16,2.8345,simulation
1982-04-17,1.0379214,simulation
1982-04-18,3.7145,simulation
1982-04-19,1.0336773,simulation
1982-04-20,0.983028,simulation
1982-04-21,0.76116174,simulation
1982-04-22,1.6454002,simulation
1982-04-23,5.0157995,simulation
1982-04-24,2.8421,simulation
1982-04-25,2.6178,simulation
1982-04-26,3.8091998,simulation
1982-04-27,2.7941,simulation
1982-04-28,4.2625,simulation
1982-04-29,2.1157,simulation
1982-04-30,1.3951629,simulation
1982-05-01,1.4312662,simulation
1982-05-02,1.3808137,simulation
1982-05-03,5.2797003,simulation
1982-05-04,5.5226,simulation
1982-05-05,4.2419,simulation
1982-05-06,3.4285,simulation
1982-05-07,0.86935157,simulation
1982-05-08,5.8046,simulation
1982-05-09,6.3410997,simulation
1982-05-10,3.7899003,simulation
1982-05-11,5.6622996,simulation
1982-05-12,3.0684,simulation
1982-05-13,4.1775,simulation
1982-05-14,1.3772932,simulation
1982-05-15,4.5015,simulation
1982-05-16,5.9636,simulation
1982-05-17,5.1591997,simulation
1982-05-18,2.4447,simulation
1982-05-19,4.5487003,simulation
1982-05-20,4.7871995,simulation
1982-05-21,6.2104006,simulation
1982-05-22,3.5588,simulation
1982-05-23,4.5535,simulation
1982-05-24,3.7587,simulation
1982-05-25,4.1741004,simulation
1982-05-26,2.7502,simulation
1982-05-27,4.9157,simulation
1982-05-28,3.2559,simulation
1982-05-29,6.448899,simulation
1982-05-30,6.7137,simulation
1982-05-31,3.9476,simulation
1982-06-01,4.3329,simulation
1982-06-02,6.8881025,simulation
1982-06-03,6.042499,simulation
1982-06-04,5.0729995,simulation
1982-06-05,5.5762987,simulation
1982-06-06,6.1202,simulation
1982-06-07,6.209099,simulation
1982-06-08,4.4317007,simulation
1982-06-09,6.2378016,simulation
1982-06-10,4.6283,simulation
1982-06-11,5.217,simulation
1982-06-12,3.5095,simulation
1982-06-13,2.5121095,simulation
1982-06-14,6.314399,simulation
1982-06-15,4.9487996,simulation
1982-06-16,0.8489303,simulation
1982-06-17,4.2481003,simulation
1982-06-18,5.6755996,simulation
1982-06-19,3.393,simulation
1982-06-20,5.2832994,simulation
1982-06-21,2.9338,simulation
1982-06-22,1.9060191,simulation
1982-06-23,6.5219,simulation
1982-06-24,6.0535994,simulation
1982-06-25,3.0446,simulation
1982-06-26,2.0668168,simulation
1982-06-27,1.2657881,simulation
1982-06-28,2.6197,simulation
1982-06-29,1.9911009,simulation
1982-06-30,3.4388,simulation
1982-07-01,4.7499,simulation
1982-07-02,6.5762014,simulation
1982-07-03,7.4981,simulation
1982-07-04,4.5322995,simulation
1982-07-05,6.754201,simulation
1982-07-06,4.938701,simulation
1982-07-07,5.8997006,simulation
1982-07-08,4.2903996,simulation
1982-07-09,3.3173,simulation
1982-07-10,5.4806,simulation
1982-07-11,5.235601,simulation
1982-07-12,3.0592,simulation
1982-07-13,2.7478,simulation
1982-07-14,4.0397,simulation
1982-07-15,4.1276,simulation
1982-07-16,4.2536993,simulation
1982-07-17,4.0358,simulation
1982-07-18,6.0968003,simulation
1982-07-19,5.8546987,simulation
1982-07-20,5.0598,simulation
1982-07-21,5.831301,simulation
1982-07-22,4.8944,simulation
1982-07-23,4.6282,simulation
1982-07-24,4.6946006,simulation
1982-07-25,3.7224,simulation
1982-07-26,5.385001,simulation
1982-07-27,5.3477,simulation
1982-07-28,3.3129003,simulation
1982-07-29,3.3658,simulation
1982-07-30,2.0652544,simulation
1982-07-31,2.3106,simulation
1982-08-01,0.66437167,simulation
1982-08-02,2.1951,simulation
1982-08-03,5.8061996,simulation
1982-08-04,5.504201,simulation
1982-08-05,5.8793,simulation
1982-08-06,1.1398158,simulation
1982-08-07,4.933199,simulation
1982-08-08,4.5001,simulation
1982-08-09,3.9283,simulation
1982-08-10,5.0634,simulation
1982-08-11,2.6872,simulation
1982-08-12,3.7425,simulation
1982-08-13,3.1567,simulation
1982-08-14,1.2095226,simulation
1982-08-15,3.1049,simulation
1982-08-16,1.2342024,simulation
1982-08-17,2.4159,simulation
1982-08-18,4.8751993,simulation
1982-08-19,6.1173987,simulation
1982-08-20,5.7757993,simulation
1982-08-21,4.883,simulation
1982-08-22,4.5845,simulation
1982-08-23,5.8850007,simulation
1982-08-24,5.809799,simulation
1982-08-25,7.166801,simulation
1982-08-26,6.604199,simulation
1982-08-27,6.459801,simulation
1982-08-28,3.4909,simulation
1982-08-29,5.5095987,simulation
1982-08-30,3.8415,simulation
1982-08-31,5.04,simulation
1982-09-01,5.0079,simulation
1982-09-02,5.7973,simulation
1982-09-03,3.1239,simulation
1982-09-04,4.562,simulation
1982-09-05,6.0568995,simulation
1982-09-06,5.322599,simulation
1982-09-07,5.553801,simulation
1982-09-08,3.3096,simulation
1982-09-09,1.5860645,simulation
1982-09-10,0.77860814,simulation
1982-09-11,0.92625463,simulation
1982-09-12,0.94488007,simulation
1982-09-13,3.2669,simulation
1982-09-14,3.6258,simulation
1982-09-15,4.1300993,simulation
1982-09-16,6.0295,simulation
1982-09-17,3.8284,simulation
1982-09-18,4.9497,simulation
1982-09-19,2.8116,simulation
1982-09-20,1.0733383,simulation
1982-09-21,4.6964,simulation
1982-09-22,4.8602,simulation
1982-09-23,4.8400993,simulation
1982-09-24,1.209962,simulation
1982-09-25,3.6114,simulation
1982-09-26,1.9789422,simulation
1982-09-27,3.8847,simulation
1982-09-28,5.2008,simulation
1982-09-29,4.3767,simulation
1982-09-30,5.1706,simulation
1982-10-01,4.5911,simulation
1982-10-02,3.7254,simulation
1982-10-03,3.3204,simulation
1982-10-04,4.9483,simulation
1982-10-05,3.4896,simulation
1982-10-06,0.5807259,simulation
1982-10-07,0.45128456,simulation
1982-10-08,0.88316596,simulation
1982-10-09,3.0585,simulation
1982-10-10,2.3370302,simulation
1982-10-11,2.4503262,simulation
1982-10-12,0.5903197,simulation
1982-10-13,0.5068305,simulation
1982-10-14,3.9458,simulation
1982-10-15,4.0517,simulation
1982-10-16,4.3106003,simulation
1982-10-17,1.0064534,simulation
1982-10-18,2.7973,simulation
1982-10-19,3.6151,simulation
1982-10-20,0.8716573,simulation
1982-10-21,3.814,simulation
1982-10-22,3.3138998,simulation
1982-10-23,3.3343,simulation
1982-10-24,3.5556,simulation
1982-10-25,2.7493,simulation
1982-10-26,2.9411998,simulation
1982-10-27,3.5181,simulation
1982-10-28,3.4278998,simulation
1982-10-29,1.0900699,simulation
1982-10-30,2.299523,simulation
1982-10-31,1.7258817,simulation
1982-11-01,1.7376702,simulation
1982-11-02,1.1101645,simulation
1982-11-03,0.54134,simulation
1982-11-04,3.3587,simulation
1982-11-05,2.4964,simulation
1982-11-06,2.6612,simulation
1982-11-07,2.9165,simulation
1982-11-08,1.8119038,simulation
1982-11-09,1.0743074,simulation
1982-11-10,2.7896,simulation
1982-11-11,0.91551614,simulation
1982-11-12,0.9445824,simulation
1982-11-13,2.6864002,simulation
1982-11-14,0.6708445,simulation
1982-11-15,2.1817648,simulation
1982-11-16,0.9634273,simulation
1982-11-17,0.38570002,simulation
1982-11-18,0.4679402,simulation
1982-11-19,0.4611,simulation
1982-11-20,0.7526938,simulation
1982-11-21,0.57584465,simulation
1982-11-22,0.68111604,simulation
1982-11-23,0.9224328,simulation
1982-11-24,1.2132192,simulation
1982-11-25,0.9031223,simulation
1982-11-26,1.1210878,simulation
1982-11-27,0.60074157,simulation
1982-11-28,0.6595462,simulation
1982-11-29,2.3751,simulation
1982-11-30,0.39119998,simulation
1982-12-01,1.1016932,simulation
1982-12-02,1.4681338,simulation
1982-12-03,1.0327373,simulation
1982-12-04,0.5433,simulation
1982-12-05,2.1812,simulation
1982-12-06,1.9805,simulation
1982-12-07,2.0648,simulation
1982-12-08,1.0973499,simulation
1982-12-09,1.4236405,simulation
1982-12-10,0.3426,simulation
1982-12-11,0.3899,simulation
1982-12-12,1.0139606,simulation
1982-12-13,0.8356763,simulation
1982-12-14,0.9857956,simulation
1982-12-15,0.6241381,simulation
1982-12-16,1.3273233,simulation
1982-12-17,1.3937622,simulation
1982-12-18,1.8421252,simulation
1982-12-19,2.6787,simulation
1982-12-20,1.9863715,simulation
1982-12-21,1.7524471,simulation
1982-12-22,0.9060552,simulation
1982-12-23,1.5342802,simulation
1982-12-24,1.024595,simulation
1982-12-25,0.80100834,simulation
1982-12-26,0.67723006,simulation
1982-12-27,1.1237649,simulation
1982-12-28,0.97159296,simulation
1982-12-29,1.0825136,simulation
1982-12-30,1.1360067,simulation
1982-12-31,1.0712339,simulation
1983-01-01,0.4056,simulation
1983-01-02,0.3901,simulation
1983-01-03,0.6126,simulation
1983-01-04,1.1904483,simulation
1983-01-05,0.7302978,simulation
1983-01-06,1.5442398,simulation
1983-01-07,0.7383169,simulation
1983-01-08,0.7379285,simulation
1983-01-09,0.4061,simulation
1983-01-10,0.7781162,simulation
1983-01-11,2.4854,simulation
1983-01-12,1.9552389,simulation
1983-01-13,1.0082552,simulation
1983-01-14,2.0192075,simulation
1983-01-15,1.5884346,simulation
1983-01-16,1.0093689,simulation
1983-01-17,1.2947248,simulation
1983-01-18,0.98750913,simulation
1983-01-19,0.7322074,simulation
1983-01-20,0.001799995,simulation
1983-01-21,0.00949999,simulation
1983-01-22,0.1311,simulation
1983-01-23,0.4077,simulation
1983-01-24,0.9986394,simulation
1983-01-25,1.1287655,simulation
1983-01-26,0.5972928,simulation
1983-01-27,0.37950003,simulation
1983-01-28,0.1791,simulation
1983-01-29,0.6576405,simulation
1983-01-30,0.9303617,simulation
1983-01-31,0.60338384,simulation
1983-02-01,0.258,simulation
1983-02-02,0.7267296,simulation
1983-02-03,1.5405848,simulation
1983-02-04,0.8522505,simulation
1983-02-05,0.3,simulation
1983-02-06,0.2138,simulation
1983-02-07,0.95670474,simulation
1983-02-08,1.8919913,simulation
1983-02-09,0.22519998,simulation
1983-02-10,0.1738,simulation
1983-02-11,0.47790003,simulation
1983-02-12,0.3274,simulation
1983-02-13,1.1327426,simulation
1983-02-14,2.157,simulation
1983-02-15,2.1818,simulation
1983-02-16,0.71321934,simulation
1983-02-17,2.4238,simulation
1983-02-18,1.8290931,simulation
1983-02-19,2.9948,simulation
1983-02-20,2.3093,simulation
1983-02-21,1.4953994,simulation
1983-02-22,0.5818341,simulation
1983-02-23,0.593519,simulation
1983-02-24,2.3239,simulation
1983-02-25,2.6787,simulation
1983-02-26,1.1828562,simulation
1983-02-27,0.90536946,simulation
1983-02-28,0.2569,simulation
1983-03-01,2.882,simulation
1983-03-02,1.6667064,simulation
1983-03-03,2.09325,simulation
1983-03-04,2.1832,simulation
1983-03-05,0.89476085,simulation
1983-03-06,4.9489994,simulation
1983-03-07,3.9180002,simulation
1983-03-08,2.6891,simulation
1983-03-09,2.2759,simulation
1983-03-10,1.5078793,simulation
1983-03-11,1.6470509,simulation
1983-03-12,2.4602,simulation
1983-03-13,1.7733754,simulation
1983-03-14,3.2288,simulation
1983-03-15,0.916519,simulation
1983-03-16,0.3724,simulation
1983-03-17,0.5676963,simulation
1983-03-18,3.6519,simulation
1983-03-19,3.941,simulation
1983-03-20,0.74970657,simulation
1983-03-21,0.7066529,simulation
1983-03-22,2.6279,simulation
1983-03-23,0.5873053,simulation
1983-03-24,0.83016616,simulation
1983-03-25,3.8552,simulation
1983-03-26,0.7009458,simulation
1983-03-27,5.058001,simulation
1983-03-28,3.5102003,simulation
1983-03-29,4.0849,simulation
1983-03-30,0.7098738,simulation
1983-03-31,2.5839,simulation
1983-04-01,2.9969003,simulation
1983-04-02,2.4688,simulation
1983-04-03,4.663701,simulation
1983-04-04,1.9671571,simulation
1983-04-05,0.7046035,simulation
1983-04-06,0.6782203,simulation
1983-04-07,0.4658,simulation
1983-04-08,0.3752,simulation
1983-04-09,2.3134,simulation
1983-04-10,4.3359995,simulation
1983-04-11,5.3366995,simulation
1983-04-12,6.2060995,simulation
1983-04-13,4.1442003,simulation
1983-04-14,3.8292003,simulation
1983-04-15,5.4738994,simulation
1983-04-16,5.0428004,simulation
1983-04-17,4.8935995,simulation
1983-04-18,2.1406,simulation
1983-04-19,1.3909386,simulation
1983-04-20,3.7533998,simulation
1983-04-21,3.4586,simulation
1983-04-22,0.7007869,simulation
1983-04-23,2.1958,simulation
1983-04-24,4.595,simulation
1983-04-25,5.3639007,simulation
1983-04-26,5.8549013,simulation
1983-04-27,5.8922987,simulation
1983-04-28,2.1020322,simulation
1983-04-29,1.2833308,simulation
1983-04-30,2.4359,simulation
1983-05-01,2.6625,simulation
1983-05-02,1.637671,simulation
1983-05-03,1.1422617,simulation
1983-05-04,5.8087006,simulation
1983-05-05,5.8895006,simulation
1983-05-06,7.0715017,simulation
1983-05-07,3.373,simulation
1983-05-08,4.3480005,simulation
1983-05-09,5.0588994,simulation
1983-05-10,3.7105,simulation
1983-05-11,1.835654,simulation
1983-05-12,6.130899,simulation
1983-05-13,5.1238995,simulation
1983-05-14,3.0781,simulation
1983-05-15,0.59895086,simulation
1983-05-16,2.7318,simulation
1983-05-17,6.1668997,simulation
1983-05-18,1.7437581,simulation
1983-05-19,2.3628,simulation
1983-05-20,0.9937939,simulation
1983-05-21,0.9491088,simulation
1983-05-22,2.6155,simulation
1983-05-23,5.016201,simulation
1983-05-24,6.6290984,simulation
1983-05-25,2.9823,simulation
1983-05-26,5.3896003,simulation
1983-05-27,5.4952984,simulation
1983-05-28,3.6931,simulation
1983-05-29,2.6962,simulation
1983-05-30,6.5536,simulation
1983-05-31,1.3926848,simulation
1983-06-01,4.3239,simulation
1983-06-02,5.4328,simulation
1983-06-03,5.736399,simulation
1983-06-04,2.1128328,simulation
1983-06-05,1.3462849,simulation
1983-06-06,1.4264845,simulation
1983-06-07,2.5307,simulation
1983-06-08,6.367199,simulation
1983-06-09,6.622798,simulation
1983-06-10,6.4192996,simulation
1983-06-11,4.774699,simulation
1983-06-12,4.5047,simulation
1983-06-13,6.1228995,simulation
1983-06-14,4.0699005,simulation
1983-06-15,4.1837006,simulation
1983-06-16,2.7387998,simulation
1983-06-17,0.80291253,simulation
1983-06-18,0.8480402,simulation
1983-06-19,2.0163145,simulation
1983-06-20,3.6551,simulation
1983-06-21,0.7030816,simulation
1983-06-22,1.671995,simulation
1983-06-23,3.0959997,simulation
1983-06-24,2.126493,simulation
1983-06-25,1.9233297,simulation
1983-06-26,2.6044,simulation
1983-06-27,2.2703,simulation
1983-06-28,3.7326999,simulation
1983-06-29,2.3875,simulation
1983-06-30,3.9998,simulation
1983-07-01,5.952198,simulation
1983-07-02,4.1410003,simulation
1983-07-03,4.9909,simulation
1983-07-04,4.9867,simulation
1983-07-05,2.1241546,simulation
1983-07-06,7.0307994,simulation
1983-07-07,6.7639008,simulation
1983-07-08,6.0395994,simulation
1983-07-09,6.906597,simulation
1983-07-10,6.8331995,simulation
1983-07-11,6.6641,simulation
1983-07-12,6.1057005,simulation
1983-07-13,5.1420994,simulation
1983-07-14,5.3893,simulation
1983-07-15,3.6466,simulation
1983-07-16,1.8692441,simulation
1983-07-17,2.8108,simulation
1983-07-18,3.1436,simulation
1983-07-19,4.2276,simulation
1983-07-20,6.661201,simulation
1983-07-21,4.994799,simulation
1983-07-22,4.3459,simulation
1983-07-23,6.8307996,simulation
1983-07-24,6.8323007,simulation
1983-07-25,6.2104,simulation
1983-07-26,3.1638997,simulation
1983-07-27,4.5512,simulation
1983-07-28,3.6516,simulation
1983-07-29,5.0915995,simulation
1983-07-30,6.111499,simulation
1983-07-31,3.8294,simulation
1983-08-01,0.97321296,simulation
1983-08-02,0.5644481,simulation
1983-08-03,2.938,simulation
1983-08-04,4.0969005,simulation
1983-08-05,4.3863006,simulation
1983-08-06,5.5208,simulation
1983-08-07,3.9751,simulation
1983-08-08,4.6994,simulation
1983-08-09,5.9508,simulation
1983-08-10,5.4819994,simulation
1983-08-11,6.4163013,simulation
1983-08-12,3.8285,simulation
1983-08-13,1.7785411,simulation
1983-08-14,6.4991994,simulation
1983-08-15,5.8797,simulation
1983-08-16,5.6936,simulation
1983-08-17,4.1975994,simulation
1983-08-18,6.1436,simulation
1983-08-19,6.0104,simulation
1983-08-20,5.6322994,simulation
1983-08-21,6.2298994,simulation
1983-08-22,3.9254,simulation
1983-08-23,5.4972005,simulation
1983-08-24,6.4141006,simulation
1983-08-25,6.4043016,simulation
1983-08-26,2.1959243,simulation
1983-08-27,3.366,simulation
1983-08-28,5.2694,simulation
1983-08-29,4.8433995,simulation
1983-08-30,6.6285,simulation
1983-08-31,2.947,simulation
1983-09-01,3.9942,simulation
1983-09-02,4.9352,simulation
1983-09-03,4.1459,simulation
1983-09-04,3.6224,simulation
1983-09-05,1.3190979,simulation
1983-09-06,0.80492574,simulation
1983-09-07,1.4587563,simulation
1983-09-08,1.9674628,simulation
1983-09-09,5.6603994,simulation
1983-09-10,5.6205006,simulation
1983-09-11,1.8754163,simulation
1983-09-12,0.44914836,simulation
1983-09-13,1.2420678,simulation
1983-09-14,4.9424,simulation
1983-09-15,5.375101,simulation
1983-09-16,5.4134,simulation
1983-09-17,5.6444,simulation
1983-09-18,4.2750006,simulation
1983-09-19,0.66013,simulation
1983-09-20,0.796252,simulation
1983-09-21,2.8213,simulation
1983-09-22,4.6087003,simulation
1983-09-23,4.7847004,simulation
1983-09-24,4.9914,simulation
1983-09-25,3.7988002,simulation
1983-09-26,3.7891,simulation
1983-09-27,4.0488,simulation
1983-09-28,4.754801,simulation
1983-09-29,4.4807,simulation
1983-09-30,4.6921,simulation
1983-10-01,4.6775,simulation
1983-10-02,4.8687,simulation
1983-10-03,3.836,simulation
1983-10-04,2.1253293,simulation
1983-10-05,4.372,simulation
1983-10-06,1.4152256,simulation
1983-10-07,1.7103052,simulation
1983-10-08,2.7355604,simulation
1983-10-09,4.0883,simulation
1983-10-10,0.68104815,simulation
1983-10-11,0.56197757,simulation
1983-10-12,0.349972,simulation
1983-10-13,3.4228,simulation
1983-10-14,3.5762,simulation
1983-10-15,3.4154,simulation
1983-10-16,2.0647957,simulation
1983-10-17,4.0733,simulation
1983-10-18,1.1398603,simulation
1983-10-19,3.1554,simulation
1983-10-20,2.4075923,simulation
1983-10-21,0.6785282,simulation
1983-10-22,0.4882278,simulation
1983-10-23,0.43130893,simulation
1983-10-24,0.6465433,simulation
1983-10-25,0.7340386,simulation
1983-10-26,3.4141,simulation
1983-10-27,3.1686,simulation
1983-10-28,3.223,simulation
1983-10-29,0.7279641,simulation
1983-10-30,3.2351,simulation
1983-10-31,0.7221435,simulation
1983-11-01,1.10639,simulation
1983-11-02,3.3928,simulation
1983-11-03,1.0699869,simulation
1983-11-04,0.3766818,simulation
1983-11-05,2.8317,simulation
1983-11-06,0.7179076,simulation
1983-11-07,0.39023584,simulation
1983-11-08,2.3689947,simulation
1983-11-09,0.9980929,simulation
1983-11-10,1.0012312,simulation
1983-11-11,0.48751822,simulation
1983-11-12,1.6573415,simulation
1983-11-13,0.35391343,simulation
1983-11-14,1.0336728,simulation
1983-11-15,2.7433803,simulation
1983-11-16,1.5484341,simulation
1983-11-17,1.8016543,simulation
1983-11-18,1.6665326,simulation
1983-11-19,1.1853111,simulation
1983-11-20,2.1138604,simulation
1983-11-21,2.5738833,simulation
1983-11-22,0.362,simulation
1983-11-23,0.45626014,simulation
1983-11-24,0.69277436,simulation
1983-11-25,1.6975642,simulation
1983-11-26,0.74123585,simulation
1983-11-27,0.3436,simulation
1983-11-28,2.0223927,simulation
1983-11-29,1.3427638,simulation
1983-11-30,0.59590703,simulation
1983-12-01,0.5753798,simulation
1983-12-02,0.81670165,simulation
1983-12-03,0.7541672,simulation
1983-12-04,0.78036505,simulation
1983-12-05,0.6727004,simulation
1983-12-06,1.3386047,simulation
1983-12-07,1.5495516,simulation
1983-12-08,1.1013161,simulation
1983-12-09,1.1743709,simulation
1983-12-10,0.8903398,simulation
1983-12-11,1.4360163,simulation
1983-12-12,0.61840785,simulation
1983-12-13,0.3966,simulation
1983-12-14,0.77674514,simulation
1983-12-15,1.919296,simulation
1983-12-16,0.6883314,simulation
1983-12-17,1.0819404,simulation
1983-12-18,2.0624933,simulation
1983-12-19,0.67648035,simulation
1983-12-20,0.56008804,simulation
1983-12-21,0.6205537,simulation
1983-12-22,0.2682,simulation
1983-12-23,0.3726,simulation
1983-12-24,0.91673654,simulation
1983-12-25,0.5996202,simulation
1983-12-26,0.68674827,simulation
1983-12-27,0.49929997,simulation
1983-12-28,0.2908,simulation
1983-12-29,1.3617377,simulation
1983-12-30,1.2060333,simulation
1983-12-31,0.98222834,simulation
1984-01-01,1.0326207,simulation
1984-01-02,0.62656903,simulation
1984-01-03,0.7954028,simulation
1984-01-04,0.9295138,simulation
1984-01-05,1.2800223,simulation
1984-01-06,1.5551524,simulation
1984-01-07,0.8950604,simulation
1984-01-08,1.7140021,simulation
1984-01-09,0.8601679,simulation
1984-01-10,0.565486,simulation
1984-01-11,1.3632903,simulation
1984-01-12,0.6369732,simulation
1984-01-13,0.4443,simulation
1984-01-14,0.6767922,simulation
1984-01-15,0.09089998,simulation
1984-01-16,0.1293,simulation
1984-01-17,0.1849,simulation
1984-01-18,0.127,simulation
1984-01-19,1.2165548,simulation
1984-01-20,0.823656,simulation
1984-01-21,1.2736113,simulation
1984-01-22,1.0494013,simulation
1984-01-23,0.5803471,simulation
1984-01-24,0.047199994,simulation
1984-01-25,0.1669,simulation
1984-01-26,0.3887,simulation
1984-01-27,1.520938,simulation
1984-01-28,0.4817,simulation
1984-01-29,1.8805455,simulation
1984-01-30,2.3041,simulation
1984-01-31,0.84840494,simulation
1984-02-01,0.9441074,simulation
1984-02-02,2.2905,simulation
1984-02-03,1.0818094,simulation
1984-02-04,2.0330431,simulation
1984-02-05,2.4581,simulation
1984-02-06,1.5518757,simulation
1984-02-07,1.6208947,simulation
1984-02-08,2.2344,simulation
1984-02-09,1.1326724,simulation
1984-02-10,0.5816429,simulation
1984-02-11,1.382443,simulation
1984-02-12,0.5554293,simulation
1984-02-13,1.1902521,simulation
1984-02-14,2.5508,simulation
1984-02-15,2.7358,simulation
1984-02-16,1.6804705,simulation
1984-02-17,2.4411,simulation
1984-02-18,1.1410927,simulation
1984-02-19,0.69703144,simulation
1984-02-20,0.95095265,simulation
1984-02-21,1.0845828,simulation
1984-02-22,1.1482828,simulation
1984-02-23,3.11,simulation
1984-02-24,1.974373,simulation
1984-02-25,2.9576,simulation
1984-02-26,1.359552,simulation
1984-02-27,0.4053,simulation
1984-02-28,0.8143205,simulation
1984-02-29,2.0396914,simulation
1984-03-01,2.6128,simulation
1984-03-02,0.63331723,simulation
1984-03-03,0.2229,simulation
1984-03-04,1.1922541,simulation
1984-03-05,0.1746,simulation
1984-03-06,0.6386,simulation
1984-03-07,2.7893,simulation
1984-03-08,3.7782,simulation
1984-03-09,3.0989,simulation
1984-03-10,1.3905193,simulation
1984-03-11,3.4539,simulation
1984-03-12,0.92148197,simulation
1984-03-13,2.1429,simulation
1984-03-14,3.4997,simulation
1984-03-15,3.1134,simulation
1984-03-16,1.6007596,simulation
1984-03-17,2.5206,simulation
1984-03-18,2.5204,simulation
1984-03-19,1.0567954,simulation
1984-03-20,0.60213405,simulation
1984-03-21,4.4112,simulation
1984-03-22,4.4615993,simulation
1984-03-23,3.9968,simulation
1984-03-24,0.80437446,simulation
1984-03-25,3.632,simulation
1984-03-26,0.7741159,simulation
1984-03-27,0.8694409,simulation
1984-03-28,0.8824328,simulation
1984-03-29,2.8048,simulation
1984-03-30,2.3258,simulation
1984-03-31,3.7191002,simulation
1984-04-01,4.2638,simulation
1984-04-02,1.6954037,simulation
1984-04-03,4.3463,simulation
1984-04-04,4.2526,simulation
1984-04-05,3.7045,simulation
1984-04-06,4.8266,simulation
1984-04-07,1.3874097,simulation
1984-04-08,0.57533973,simulation
1984-04-09,1.0566316,simulation
1984-04-10,1.2332393,simulation
1984-04-11,3.0153,simulation
1984-04-12,2.1661365,simulation
1984-04-13,3.5288002,simulation
1984-04-14,3.1148,simulation
1984-04-15,2.4194,simulation
1984-04-16,2.705,simulation
1984-04-17,3.7369,simulation
1984-04-18,5.0552,simulation
1984-04-19,0.753301,simulation
1984-04-20,4.4235997,simulation
1984-04-21,1.7143399,simulation
1984-04-22,1.7101355,simulation
1984-04-23,4.9598,simulation
1984-04-24,5.7600985,simulation
1984-04-25,6.7137,simulation
1984-04-26,1.2169777,simulation
1984-04-27,2.4889,simulation
1984-04-28,0.9727819,simulation
1984-04-29,0.993464,simulation
1984-04-30,1.0114433,simulation
1984-05-01,0.56778306,simulation
1984-05-02,3.029,simulation
1984-05-03,1.298957,simulation
1984-05-04,6.097201,simulation
1984-05-05,2.051814,simulation
1984-05-06,2.6861,simulation
1984-05-07,4.6193995,simulation
1984-05-08,1.6681879,simulation
1984-05-09,6.0565996,simulation
1984-05-10,6.5003,simulation
1984-05-11,6.663597,simulation
1984-05-12,5.3637004,simulation
1984-05-13,5.971599,simulation
1984-05-14,4.9985003,simulation
1984-05-15,5.255901,simulation
1984-05-16,5.3968005,simulation
1984-05-17,5.2091002,simulation
1984-05-18,5.1305995,simulation
1984-05-19,5.3929,simulation
1984-05-20,0.8133704,simulation
1984-05-21,0.8293358,simulation
1984-05-22,1.3269178,simulation
1984-05-23,3.5559003,simulation
1984-05-24,5.0088997,simulation
1984-05-25,5.0039005,simulation
1984-05-26,3.9183,simulation
1984-05-27,4.1408,simulation
1984-05-28,3.9669998,simulation
1984-05-29,3.2324,simulation
1984-05-30,6.566302,simulation
1984-05-31,6.4349008,simulation
1984-06-01,6.7084007,simulation
1984-06-02,6.8638983,simulation
1984-06-03,6.634599,simulation
1984-06-04,6.3235006,simulation
1984-06-05,5.6023993,simulation
1984-06-06,1.4990231,simulation
1984-06-07,3.0964,simulation
1984-06-08,6.0832996,simulation
1984-06-09,5.4979005,simulation
1984-06-10,6.0916996,simulation
1984-06-11,6.1971993,simulation
1984-06-12,6.0152016,simulation
1984-06-13,6.053601,simulation
1984-06-14,6.7896004,simulation
1984-06-15,6.4302,simulation
1984-06-16,3.5225,simulation
1984-06-17,5.4894,simulation
1984-06-18,6.2310004,simulation
1984-06-19,6.6986017,simulation
1984-06-20,6.6598015,simulation
1984-06-21,5.1164002,simulation
1984-06-22,6.1918,simulation
1984-06-23,6.1006,simulation
1984-06-24,3.2227,simulation
1984-06-25,8.085502,simulation
1984-06-26,3.805,simulation
1984-06-27,2.1032612,simulation
1984-06-28,1.7238891,simulation
1984-06-29,0.9407237,simulation
1984-06-30,3.9825,simulation
1984-07-01,4.8327,simulation
1984-07-02,4.8777,simulation
1984-07-03,4.9468994,simulation
1984-07-04,5.574,simulation
1984-07-05,4.4479,simulation
1984-07-06,4.1365004,simulation
1984-07-07,4.9642005,simulation
1984-07-08,4.2782,simulation
1984-07-09,6.3390994,simulation
1984-07-10,6.4660006,simulation
1984-07-11,6.7280016,simulation
1984-07-12,5.3461003,simulation
1984-07-13,1.3053241,simulation
1984-07-14,1.6130004,simulation
1984-07-15,4.9649,simulation
1984-07-16,1.6649356,simulation
1984-07-17,1.2795279,simulation
1984-07-18,5.1025996,simulation
1984-07-19,5.9083996,simulation
1984-07-20,6.9329014,simulation
1984-07-21,6.6516,simulation
1984-07-22,7.0903025,simulation
1984-07-23,3.1248,simulation
1984-07-24,3.6287,simulation
1984-07-25,4.5318,simulation
1984-07-26,5.5100994,simulation
1984-07-27,3.3106,simulation
1984-07-28,1.5650233,simulation
1984-07-29,4.4002,simulation
1984-07-30,3.8487,simulation
1984-07-31,3.174,simulation
1984-08-01,0.9181869,simulation
1984-08-02,0.6809036,simulation
1984-08-03,1.0142676,simulation
1984-08-04,1.410291,simulation
1984-08-05,1.5513891,simulation
1984-08-06,3.15,simulation
1984-08-07,1.6886427,simulation
1984-08-08,2.4911,simulation
1984-08-09,3.6397,simulation
1984-08-10,3.515,simulation
1984-08-11,2.098825,simulation
1984-08-12,4.9598,simulation
1984-08-13,1.243691,simulation
1984-08-14,1.474896,simulation
1984-08-15,3.4772,simulation
1984-08-16,5.2518005,simulation
1984-08-17,3.4151,simulation
1984-08-18,6.0552006,simulation
1984-08-19,2.601,simulation
1984-08-20,3.0185,simulation
1984-08-21,5.589101,simulation
1984-08-22,4.8441005,simulation
1984-08-23,4.5233994,simulation
1984-08-24,5.1921005,simulation
1984-08-25,4.4174,simulation
1984-08-26,3.0449,simulation
1984-08-27,3.0281,simulation
1984-08-28,2.539,simulation
1984-08-29,1.1338861,simulation
1984-08-30,2.37,simulation
1984-08-31,2.3108082,simulation
1984-09-01,5.9715004,simulation
1984-09-02,4.4077,simulation
1984-09-03,3.4548,simulation
1984-09-04,1.7064254,simulation
1984-09-05,6.1495004,simulation
1984-09-06,6.168,simulation
1984-09-07,6.3120995,simulation
1984-09-08,4.3229,simulation
1984-09-09,1.651189,simulation
1984-09-10,3.5664,simulation
1984-09-11,4.5806,simulation
1984-09-12,4.7352996,simulation
1984-09-13,5.9257994,simulation
1984-09-14,5.0600996,simulation
1984-09-15,3.2546,simulation
1984-09-16,6.5517993,simulation
1984-09-17,3.7251,simulation
1984-09-18,2.6414,simulation
1984-09-19,5.954599,simulation
1984-09-20,4.8764,simulation
1984-09-21,4.2074003,simulation
1984-09-22,1.3758376,simulation
1984-09-23,3.8113,simulation
1984-09-24,3.5144,simulation
1984-09-25,4.7601,simulation
1984-09-26,3.7623,simulation
1984-09-27,5.2181005,simulation
1984-09-28,4.1791,simulation
1984-09-29,3.0911,simulation
1984-09-30,2.8419,simulation
1984-10-01,4.1849,simulation
1984-10-02,4.1036,simulation
1984-10-03,3.3486998,simulation
1984-10-04,0.7517349,simulation
1984-10-05,1.1005523,simulation
1984-10-06,0.915656,simulation
1984-10-07,1.0554925,simulation
1984-10-08,0.42993253,simulation
1984-10-09,0.82466584,simulation
1984-10-10,0.67820364,simulation
1984-10-11,3.7176,simulation
1984-10-12,1.7053192,simulation
1984-10-13,3.6678,simulation
1984-10-14,0.89487046,simulation
1984-10-15,2.4018931,simulation
1984-10-16,3.0344,simulation
1984-10-17,0.54897135,simulation
1984-10-18,1.2114408,simulation
1984-10-19,0.6094434,simulation
1984-10-20,0.88291156,simulation
1984-10-21,0.55258894,simulation
1984-10-22,0.5031,simulation
1984-10-23,0.5541,simulation
1984-10-24,0.89008266,simulation
1984-10-25,2.173,simulation
1984-10-26,2.7904,simulation
1984-10-27,2.6413,simulation
1984-10-28,2.0475,simulation
1984-10-29,2.5674,simulation
1984-10-30,3.3738,simulation
1984-10-31,4.0259,simulation
1984-11-01,1.5511922,simulation
1984-11-02,0.577,simulation
1984-11-03,1.3844281,simulation
1984-11-04,0.89541954,simulation
1984-11-05,2.8151,simulation
1984-11-06,2.6986,simulation
1984-11-07,1.002111,simulation
1984-11-08,2.4301,simulation
1984-11-09,2.9516,simulation
1984-11-10,2.041922,simulation
1984-11-11,1.4856718,simulation
1984-11-12,1.6184107,simulation
1984-11-13,2.0791657,simulation
1984-11-14,2.1737,simulation
1984-11-15,1.1553288,simulation
1984-11-16,1.547915,simulation
1984-11-17,1.1231233,simulation
1984-11-18,0.9418733,simulation
1984-11-19,0.4912,simulation
1984-11-20,2.2663,simulation
1984-11-21,0.88013333,simulation
1984-11-22,1.7878336,simulation
1984-11-23,0.8851407,simulation
1984-11-24,1.5067846,simulation
1984-11-25,1.8000865,simulation
1984-11-26,0.74565333,simulation
1984-11-27,0.5032,simulation
1984-11-28,1.9091231,simulation
1984-11-29,2.1107,simulation
1984-11-30,1.2758478,simulation
1984-12-01,1.4638879,simulation
1984-12-02,0.20709999,simulation
1984-12-03,1.8518196,simulation
1984-12-04,0.5574,simulation
1984-12-05,0.091499984,simulation
1984-12-06,1.1701734,simulation
1984-12-07,1.3506294,simulation
1984-12-08,1.1608267,simulation
1984-12-09,0.82683396,simulation
1984-12-10,1.5777004,simulation
1984-12-11,1.4654835,simulation
1984-12-12,0.6913453,simulation
1984-12-13,1.0733072,simulation
1984-12-14,0.79400694,simulation
1984-12-15,1.6543331,simulation
1984-12-16,1.2848548,simulation
1984-12-17,0.8484794,simulation
1984-12-18,0.86541945,simulation
1984-12-19,0.5534749,simulation
1984-12-20,0.4231,simulation
1984-12-21,0.6384734,simulation
1984-12-22,1.7412202,simulation
1984-12-23,0.67924434,simulation
1984-12-24,1.1008904,simulation
1984-12-25,0.7839319,simulation
1984-12-26,1.1950592,simulation
1984-12-27,0.642846,simulation
1984-12-28,0.75524336,simulation
1984-12-29,0.720462,simulation
1984-12-30,1.019579,simulation
1984-12-31,0.6388747,simulation
1985-01-01,0.55727315,simulation
1985-01-02,0.47510004,simulation
1985-01-03,0.2026,simulation
1985-01-04,0.4906,simulation
1985-01-05,0.9685247,simulation
1985-01-06,0.71411467,simulation
1985-01-07,1.4840673,simulation
1985-01-08,0.8430438,simulation
1985-01-09,0.88527036,simulation
1985-01-10,0.8031592,simulation
1985-01-11,0.6245077,simulation
1985-01-12,0.8631367,simulation
1985-01-13,0.6004809,simulation
1985-01-14,0.75595707,simulation
1985-01-15,0.7719787,simulation
1985-01-16,0.6405436,simulation
1985-01-17,0.2136,simulation
1985-01-18,1.4292579,simulation
1985-01-19,2.1761,simulation
1985-01-20,0.7829188,simulation
1985-01-21,0.7866639,simulation
1985-01-22,0.78153807,simulation
1985-01-23,0.65905064,simulation
1985-01-24,0.8076474,simulation
1985-01-25,2.3539,simulation
1985-01-26,1.566488,simulation
1985-01-27,0.4004,simulation
1985-01-28,0.2972,simulation
1985-01-29,1.6031638,simulation
1985-01-30,0.1874,simulation
1985-01-31,0.1339,simulation
1985-02-01,0.12129998,simulation
1985-02-02,0.1432,simulation
1985-02-03,0.3211,simulation
1985-02-04,0.3426,simulation
1985-02-05,0.040199995,simulation
1985-02-06,0.418,simulation
1985-02-07,0.71530026,simulation
1985-02-08,2.0061,simulation
1985-02-09,2.2059,simulation
1985-02-10,1.2382973,simulation
1985-02-11,0.4317,simulation
1985-02-12,2.4744,simulation
1985-02-13,1.9769,simulation
1985-02-14,1.13514,simulation
1985-02-15,2.1429,simulation
1985-02-16,2.6615,simulation
1985-02-17,2.3817,simulation
1985-02-18,1.2458647,simulation
1985-02-19,0.5630331,simulation
1985-02-20,1.8770941,simulation
1985-02-21,2.1995,simulation
1985-02-22,1.2695293,simulation
1985-02-23,1.0772071,simulation
1985-02-24,0.3591,simulation
1985-02-25,0.2258,simulation
1985-02-26,0.39519998,simulation
1985-02-27,0.3385,simulation
1985-02-28,1.7789842,simulation
1985-03-01,0.3453,simulation
1985-03-02,1.4228616,simulation
1985-03-03,2.408,simulation
1985-03-04,2.1785,simulation
1985-03-05,3.0386002,simulation
1985-03-06,4.0074,simulation
1985-03-07,2.7068,simulation
1985-03-08,0.78363883,simulation
1985-03-09,1.4340043,simulation
1985-03-10,2.6168,simulation
1985-03-11,2.3075,simulation
1985-03-12,1.3102039,simulation
1985-03-13,1.1325257,simulation
1985-03-14,0.98387694,simulation
1985-03-15,2.4264,simulation
1985-03-16,0.78527284,simulation
1985-03-17,3.6558,simulation
1985-03-18,3.9425,simulation
1985-03-19,4.5758,simulation
1985-03-20,1.223766,simulation
1985-03-21,0.8255624,simulation
1985-03-22,0.5409704,simulation
1985-03-23,2.3995,simulation
1985-03-24,4.374,simulation
1985-03-25,4.8483,simulation
1985-03-26,3.1354,simulation
1985-03-27,0.5719312,simulation
1985-03-28,3.6327,simulation
1985-03-29,3.4218998,simulation
1985-03-30,2.4863,simulation
1985-03-31,2.8612,simulation
1985-04-01,3.5422,simulation
1985-04-02,4.2358,simulation
1985-04-03,5.8068,simulation
1985-04-04,5.2243004,simulation
1985-04-05,0.9748541,simulation
1985-04-06,4.5708,simulation
1985-04-07,5.4181995,simulation
1985-04-08,4.0793,simulation
1985-04-09,4.6614,simulation
1985-04-10,3.888,simulation
1985-04-11,1.9180963,simulation
1985-04-12,0.6126727,simulation
1985-04-13,2.1809077,simulation
1985-04-14,1.0572219,simulation
1985-04-15,1.5124371,simulation
1985-04-16,5.1064997,simulation
1985-04-17,5.4481,simulation
1985-04-18,5.2945,simulation
1985-04-19,4.4898996,simulation
1985-04-20,3.2909,simulation
1985-04-21,4.8036,simulation
1985-04-22,3.6382,simulation
1985-04-23,2.5792,simulation
1985-04-24,2.9061,simulation
1985-04-25,2.759,simulation
1985-04-26,0.9123514,simulation
1985-04-27,2.2281604,simulation
1985-04-28,2.3529,simulation
1985-04-29,5.6817017,simulation
1985-04-30,3.6569002,simulation
1985-05-01,1.4244846,simulation
1985-05-02,3.277,simulation
1985-05-03,2.2575,simulation
1985-05-04,4.2780004,simulation
1985-05-05,4.7258,simulation
1985-05-06,2.6074,simulation
1985-05-07,4.7602997,simulation
1985-05-08,2.8401,simulation
1985-05-09,0.7109911,simulation
1985-05-10,3.0054002,simulation
1985-05-11,1.601422,simulation
1985-05-12,4.5546,simulation
1985-05-13,4.4313993,simulation
1985-05-14,3.212,simulation
1985-05-15,6.155101,simulation
1985-05-16,7.0744996,simulation
1985-05-17,4.5709996,simulation
1985-05-18,2.3476868,simulation
1985-05-19,3.7105,simulation
1985-05-20,4.4820004,simulation
1985-05-21,1.5111942,simulation
1985-05-22,4.8483,simulation
1985-05-23,2.5033,simulation
1985-05-24,6.7018,simulation
1985-05-25,6.4935985,simulation
1985-05-26,6.9493,simulation
1985-05-27,3.7002,simulation
1985-05-28,5.1349998,simulation
1985-05-29,6.224701,simulation
1985-05-30,4.254,simulation
1985-05-31,5.2642,simulation
1985-06-01,6.228501,simulation
1985-06-02,5.820901,simulation
1985-06-03,5.9496,simulation
1985-06-04,7.979399,simulation
1985-06-05,4.5552,simulation
1985-06-06,3.5689998,simulation
1985-06-07,3.6933,simulation
1985-06-08,5.1894007,simulation
1985-06-09,6.2478995,simulation
1985-06-10,4.0994,simulation
1985-06-11,0.9504638,simulation
1985-06-12,2.34576,simulation
1985-06-13,3.7324,simulation
1985-06-14,3.8184,simulation
1985-06-15,2.9699,simulation
1985-06-16,4.8182993,simulation
1985-06-17,3.9503,simulation
1985-06-18,0.51020795,simulation
1985-06-19,0.5708419,simulation
1985-06-20,6.079601,simulation
1985-06-21,4.1937,simulation
1985-06-22,5.4146,simulation
1985-06-23,5.5284014,simulation
1985-06-24,6.315199,simulation
1985-06-25,6.4705,simulation
1985-06-26,5.3598995,simulation
1985-06-27,4.7758,simulation
1985-06-28,4.3318,simulation
1985-06-29,3.0462997,simulation
1985-06-30,5.7403,simulation
1985-07-01,4.2499995,simulation
1985-07-02,3.2653,simulation
1985-07-03,3.3046,simulation
1985-07-04,3.1447,simulation
1985-07-05,0.6548553,simulation
1985-07-06,1.6869386,simulation
1985-07-07,1.5117128,simulation
1985-07-08,3.4324,simulation
1985-07-09,6.644702,simulation
1985-07-10,5.2812,simulation
1985-07-11,4.1366,simulation
1985-07-12,6.5895996,simulation
1985-07-13,6.2231,simulation
1985-07-14,6.107701,simulation
1985-07-15,4.5642,simulation
1985-07-16,1.998991,simulation
1985-07-17,4.2826,simulation
1985-07-18,6.2641993,simulation
1985-07-19,5.0177,simulation
1985-07-20,3.28,simulation
1985-07-21,3.1883,simulation
1985-07-22,0.830708,simulation
1985-07-23,0.7225955,simulation
1985-07-24,1.782472,simulation
1985-07-25,2.4522843,simulation
1985-07-26,3.1437,simulation
1985-07-27,2.9502,simulation
1985-07-28,1.265061,simulation
1985-07-29,4.5537004,simulation
1985-07-30,6.1488996,simulation
1985-07-31,4.1509,simulation
1985-08-01,7.022802,simulation
1985-08-02,1.6215316,simulation
1985-08-03,2.9773,simulation
1985-08-04,2.2395759,simulation
1985-08-05,3.2085,simulation
1985-08-06,1.804275,simulation
1985-08-07,1.1402667,simulation
1985-08-08,5.4206,simulation
1985-08-09,6.5330005,simulation
1985-08-10,6.140799,simulation
1985-08-11,5.4619,simulation
1985-08-12,6.307799,simulation
1985-08-13,4.4051995,simulation
1985-08-14,4.0155,simulation
1985-08-15,0.7763734,simulation
1985-08-16,1.2037666,simulation
1985-08-17,3.2312,simulation
1985-08-18,4.1905,simulation
1985-08-19,4.6280003,simulation
1985-08-20,1.4710653,simulation
1985-08-21,3.2619,simulation
1985-08-22,4.5633,simulation
1985-08-23,5.6620007,simulation
1985-08-24,3.736,simulation
1985-08-25,1.5211401,simulation
1985-08-26,3.6924,simulation
1985-08-27,1.9578474,simulation
1985-08-28,4.0272994,simulation
1985-08-29,3.4989,simulation
1985-08-30,5.1666,simulation
1985-08-31,6.0285997,simulation
1985-09-01,6.7651014,simulation
1985-09-02,1.7752992,simulation
1985-09-03,1.3411245,simulation
1985-09-04,2.7954998,simulation
1985-09-05,3.595,simulation
1985-09-06,4.7938004,simulation
1985-09-07,4.5880995,simulation
1985-09-08,3.917,simulation
1985-09-09,4.3726,simulation
1985-09-10,5.310301,simulation
1985-09-11,4.8985,simulation
1985-09-12,6.1983,simulation
1985-09-13,5.1754994,simulation
1985-09-14,1.8611563,simulation
1985-09-15,4.8839006,simulation
1985-09-16,5.066701,simulation
1985-09-17,5.3867993,simulation
1985-09-18,5.3488,simulation
1985-09-19,4.8581,simulation
1985-09-20,4.999301,simulation
1985-09-21,5.3621993,simulation
1985-09-22,3.2655,simulation
1985-09-23,0.6035027,simulation
1985-09-24,1.1857728,simulation
1985-09-25,2.171905,simulation
1985-09-26,3.2266998,simulation
1985-09-27,4.4061,simulation
1985-09-28,3.3145,simulation
1985-09-29,2.6355,simulation
1985-09-30,0.50353765,simulation
1985-10-01,0.5737288,simulation
1985-10-02,1.0642316,simulation
1985-10-03,2.937,simulation
1985-10-04,3.8534997,simulation
1985-10-05,5.0265,simulation
1985-10-06,3.8768,simulation
1985-10-07,3.4569,simulation
1985-10-08,3.8697,simulation
1985-10-09,1.5441906,simulation
1985-10-10,3.8383,simulation
1985-10-11,3.842,simulation
1985-10-12,2.9630003,simulation
1985-10-13,1.7036264,simulation
1985-10-14,1.9628077,simulation
1985-10-15,0.44042027,simulation
1985-10-16,0.4657421,simulation
1985-10-17,0.9501849,simulation
1985-10-18,0.66687185,simulation
1985-10-19,1.2415142,simulation
1985-10-20,1.0913808,simulation
1985-10-21,0.6636193,simulation
1985-10-22,0.3467,simulation
1985-10-23,0.58437735,simulation
1985-10-24,0.5419766,simulation
1985-10-25,0.9539401,simulation
1985-10-26,0.76719785,simulation
1985-10-27,0.3726,simulation
1985-10-28,0.6007045,simulation
1985-10-29,0.665439,simulation
1985-10-30,0.3008,simulation
1985-10-31,0.3547,simulation
1985-11-01,0.4285,simulation
1985-11-02,0.3256,simulation
1985-11-03,0.94700307,simulation
1985-11-04,2.9669,simulation
1985-11-05,2.5702,simulation
1985-11-06,2.7812,simulation
1985-11-07,0.94150776,simulation
1985-11-08,2.9376,simulation
1985-11-09,3.2443,simulation
1985-11-10,1.8207625,simulation
1985-11-11,0.77692664,simulation
1985-11-12,2.5196,simulation
1985-11-13,0.6517849,simulation
1985-11-14,0.3007,simulation
1985-11-15,0.640885,simulation
1985-11-16,0.5469508,simulation
1985-11-17,0.83982235,simulation
1985-11-18,2.1048417,simulation
1985-11-19,0.83352226,simulation
1985-11-20,1.0967566,simulation
1985-11-21,0.5745235,simulation
1985-11-22,1.1460243,simulation
1985-11-23,0.85225755,simulation
1985-11-24,0.6106486,simulation
1985-11-25,0.6253291,simulation
1985-11-26,0.8521559,simulation
1985-11-27,0.6939316,simulation
1985-11-28,0.3319,simulation
1985-11-29,0.3356,simulation
1985-11-30,0.6886437,simulation
1985-12-01,0.6801315,simulation
1985-12-02,1.3860635,simulation
1985-12-03,1.6448139,simulation
1985-12-04,1.2483135,simulation
1985-12-05,0.8952409,simulation
1985-12-06,1.7172354,simulation
1985-12-07,0.7113227,simulation
1985-12-08,1.2401631,simulation
1985-12-09,1.2985708,simulation
1985-12-10,1.1168952,simulation
1985-12-11,0.5185,simulation
1985-12-12,0.1142,simulation
1985-12-13,0.4431,simulation
1985-12-14,1.0984447,simulation
1985-12-15,0.8989516,simulation
1985-12-16,1.1666945,simulation
1985-12-17,0.6864054,simulation
1985-12-18,0.5956098,simulation
1985-12-19,1.2296983,simulation
1985-12-20,1.3497671,simulation
1985-12-21,0.8512603,simulation
1985-12-22,2.1314173,simulation
1985-12-23,1.7116023,simulation
1985-12-24,1.1373156,simulation
1985-12-25,1.223537,simulation
1985-12-26,1.2866429,simulation
1985-12-27,0.3075,simulation
1985-12-28,0.63689137,simulation
1985-12-29,1.2009244,simulation
1985-12-30,1.836472,simulation
1985-12-31,0.6780381,simulation
1986-01-01,0.7213793,simulation
1986-01-02,0.6757012,simulation
1986-01-03,0.61814076,simulation
1986-01-04,0.8112304,simulation
1986-01-05,1.7570541,simulation
1986-01-06,0.5838779,simulation
1986-01-07,0.9372484,simulation
1986-01-08,1.1083478,simulation
1986-01-09,0.63684493,simulation
1986-01-10,0.6740758,simulation
1986-01-11,1.49796,simulation
1986-01-12,1.7169663,simulation
1986-01-13,2.3348,simulation
1986-01-14,2.061399,simulation
1986-01-15,1.1704478,simulation
1986-01-16,0.76456046,simulation
1986-01-17,0.4627,simulation
1986-01-18,0.6602777,simulation
1986-01-19,1.8602611,simulation
1986-01-20,1.0585375,simulation
1986-01-21,0.8976128,simulation
1986-01-22,0.6975539,simulation
1986-01-23,1.9654369,simulation
1986-01-24,2.0162241,simulation
1986-01-25,0.3151,simulation
1986-01-26,1.5623401,simulation
1986-01-27,1.9253895,simulation
1986-01-28,2.3155,simulation
1986-01-29,1.110458,simulation
1986-01-30,2.043677,simulation
1986-01-31,2.4756,simulation
1986-02-01,2.153687,simulation
1986-02-02,1.1075168,simulation
1986-02-03,0.75583184,simulation
1986-02-04,0.6423849,simulation
1986-02-05,1.0200353,simulation
1986-02-06,2.4893,simulation
1986-02-07,2.4037,simulation
1986-02-08,2.4838,simulation
1986-02-09,0.74335897,simulation
1986-02-10,0.2167,simulation
1986-02-11,0.43720004,simulation
1986-02-12,1.174681,simulation
1986-02-13,1.9846494,simulation
1986-02-14,0.90716434,simulation
1986-02-15,2.5056,simulation
1986-02-16,1.2556257,simulation
1986-02-17,0.8850734,simulation
1986-02-18,0.8470094,simulation
1986-02-19,1.0518124,simulation
1986-02-20,1.4637567,simulation
1986-02-21,0.3945,simulation
1986-02-22,0.5647622,simulation
1986-02-23,2.652,simulation
1986-02-24,3.4167998,simulation
1986-02-25,2.5297,simulation
1986-02-26,3.5312,simulation
1986-02-27,1.620295,simulation
1986-02-28,0.9978584,simulation
1986-03-01,2.561,simulation
1986-03-02,3.5381,simulation
1986-03-03,2.124241,simulation
1986-03-04,3.5428,simulation
1986-03-05,3.6498,simulation
1986-03-06,4.1360006,simulation
1986-03-07,3.3840003,simulation
1986-03-08,1.9716598,simulation
1986-03-09,3.7019,simulation
1986-03-10,2.1382065,simulation
1986-03-11,1.1767473,simulation
1986-03-12,0.727431,simulation
1986-03-13,0.7471297,simulation
1986-03-14,1.128497,simulation
1986-03-15,2.2314,simulation
1986-03-16,2.9153001,simulation
1986-03-17,2.4657,simulation
1986-03-18,1.5811136,simulation
1986-03-19,0.8551404,simulation
1986-03-20,3.2557,simulation
1986-03-21,3.6463,simulation
1986-03-22,3.4887,simulation
1986-03-23,3.5837,simulation
1986-03-24,4.4029007,simulation
1986-03-25,5.2003994,simulation
1986-03-26,1.2706673,simulation
1986-03-27,4.6387,simulation
1986-03-28,4.8924003,simulation
1986-03-29,4.9961,simulation
1986-03-30,4.0617,simulation
1986-03-31,4.6422,simulation
1986-04-01,2.6886003,simulation
1986-04-02,5.0192995,simulation
1986-04-03,4.3501,simulation
1986-04-04,3.4313,simulation
1986-04-05,1.7581706,simulation
1986-04-06,1.6744126,simulation
1986-04-07,2.8886,simulation
1986-04-08,1.7169405,simulation
1986-04-09,4.9845,simulation
1986-04-10,1.0616655,simulation
1986-04-11,4.0035,simulation
1986-04-12,0.6543194,simulation
1986-04-13,3.4154997,simulation
1986-04-14,1.673742,simulation
1986-04-15,6.1426997,simulation
1986-04-16,5.4990005,simulation
1986-04-17,3.4282002,simulation
1986-04-18,5.2582,simulation
1986-04-19,1.326758,simulation
1986-04-20,1.0863795,simulation
1986-04-21,3.6638002,simulation
1986-04-22,4.7818,simulation
1986-04-23,5.386501,simulation
1986-04-24,5.0065,simulation
1986-04-25,6.2039995,simulation
1986-04-26,5.8623,simulation
1986-04-27,1.5281031,simulation
1986-04-28,4.2457,simulation
1986-04-29,1.9052083,simulation
1986-04-30,2.9732,simulation
1986-05-01,1.3410841,simulation
1986-05-02,2.154234,simulation
1986-05-03,5.490399,simulation
1986-05-04,6.4475,simulation
1986-05-05,3.4897,simulation
1986-05-06,2.426165,simulation
1986-05-07,2.5731,simulation
1986-05-08,2.8706,simulation
1986-05-09,4.6105,simulation
1986-05-10,1.865008,simulation
1986-05-11,0.7342341,simulation
1986-05-12,4.0366,simulation
1986-05-13,5.524101,simulation
1986-05-14,4.8178,simulation
1986-05-15,1.2651081,simulation
1986-05-16,4.3997,simulation
1986-05-17,2.8039,simulation
1986-05-18,0.6562235,simulation
1986-05-19,2.6302,simulation
1986-05-20,4.163,simulation
1986-05-21,4.7435,simulation
1986-05-22,5.6671996,simulation
1986-05-23,4.1512,simulation
1986-05-24,2.9164,simulation
1986-05-25,0.9954902,simulation
1986-05-26,1.1252514,simulation
1986-05-27,0.69959044,simulation
1986-05-28,2.0786693,simulation
1986-05-29,3.3797,simulation
1986-05-30,2.2868,simulation
1986-05-31,0.8169823,simulation
1986-06-01,3.0693,simulation
1986-06-02,2.6765,simulation
1986-06-03,3.3223,simulation
1986-06-04,2.3906,simulation
1986-06-05,3.7544,simulation
1986-06-06,2.4927,simulation
1986-06-07,3.2035997,simulation
1986-06-08,3.8112,simulation
1986-06-09,2.7078,simulation
1986-06-10,2.0826037,simulation
1986-06-11,5.4465,simulation
1986-06-12,5.0983996,simulation
1986-06-13,6.0907984,simulation
1986-06-14,6.5178013,simulation
1986-06-15,6.6338,simulation
1986-06-16,3.8843,simulation
1986-06-17,5.6157994,simulation
1986-06-18,6.0552998,simulation
1986-06-19,7.496101,simulation
1986-06-20,7.0713015,simulation
1986-06-21,7.3486996,simulation
1986-06-22,7.5784025,simulation
1986-06-23,6.820101,simulation
1986-06-24,6.4672995,simulation
1986-06-25,6.2115006,simulation
1986-06-26,6.4128,simulation
1986-06-27,3.9151,simulation
1986-06-28,1.229271,simulation
1986-06-29,1.3546766,simulation
1986-06-30,2.4283645,simulation
1986-07-01,5.3854,simulation
1986-07-02,2.5637,simulation
1986-07-03,6.4316006,simulation
1986-07-04,7.054102,simulation
1986-07-05,6.456999,simulation
1986-07-06,5.9275994,simulation
1986-07-07,6.797401,simulation
1986-07-08,5.5513015,simulation
1986-07-09,7.278498,simulation
1986-07-10,6.5747,simulation
1986-07-11,4.2592,simulation
1986-07-12,5.408,simulation
1986-07-13,7.5523977,simulation
1986-07-14,4.8228993,simulation
1986-07-15,2.2777503,simulation
1986-07-16,1.8856221,simulation
1986-07-17,1.0294411,simulation
1986-07-18,6.2667003,simulation
1986-07-19,6.466299,simulation
1986-07-20,6.825001,simulation
1986-07-21,4.4451,simulation
1986-07-22,1.8026586,simulation
1986-07-23,5.942701,simulation
1986-07-24,4.5557,simulation
1986-07-25,6.0999002,simulation
1986-07-26,6.3277016,simulation
1986-07-27,3.714,simulation
1986-07-28,4.8344007,simulation
1986-07-29,7.556399,simulation
1986-07-30,7.083602,simulation
1986-07-31,7.296301,simulation
1986-08-01,6.873998,simulation
1986-08-02,3.1305,simulation
1986-08-03,6.6652017,simulation
1986-08-04,4.4493,simulation
1986-08-05,5.2199,simulation
1986-08-06,4.6563,simulation
1986-08-07,4.4544,simulation
1986-08-08,1.920631,simulation
1986-08-09,5.739199,simulation
1986-08-10,4.27,simulation
1986-08-11,0.71319985,simulation
1986-08-12,4.1002,simulation
1986-08-13,5.6946993,simulation
1986-08-14,5.2426996,simulation
1986-08-15,3.9579,simulation
1986-08-16,4.2864,simulation
1986-08-17,4.2607,simulation
1986-08-18,6.514001,simulation
1986-08-19,6.627099,simulation
1986-08-20,6.8095016,simulation
1986-08-21,5.6413007,simulation
1986-08-22,3.5178,simulation
1986-08-23,5.0645995,simulation
1986-08-24,6.6227,simulation
1986-08-25,6.9496,simulation
1986-08-26,5.5052004,simulation
1986-08-27,3.0086498,simulation
1986-08-28,0.93404764,simulation
1986-08-29,4.4347,simulation
1986-08-30,4.0903,simulation
1986-08-31,2.0328956,simulation
1986-09-01,0.8482111,simulation
1986-09-02,1.4941573,simulation
1986-09-03,2.0703263,simulation
1986-09-04,1.8854268,simulation
1986-09-05,2.9957,simulation
1986-09-06,1.7146094,simulation
1986-09-07,4.0392,simulation
1986-09-08,6.2536993,simulation
1986-09-09,5.3534,simulation
1986-09-10,4.6924,simulation
1986-09-11,3.1961,simulation
1986-09-12,0.84597,simulation
1986-09-13,5.3760004,simulation
1986-09-14,3.6599,simulation
1986-09-15,4.0661,simulation
1986-09-16,4.2843,simulation
1986-09-17,4.6755,simulation
1986-09-18,2.5850296,simulation
1986-09-19,2.9546,simulation
1986-09-20,2.9362,simulation
1986-09-21,0.991037,simulation
1986-09-22,0.8704997,simulation
1986-09-23,4.8463,simulation
1986-09-24,4.3588,simulation
1986-09-25,4.8099003,simulation
1986-09-26,4.7079,simulation
1986-09-27,4.5079,simulation
1986-09-28,5.0427003,simulation
1986-09-29,4.5984,simulation
1986-09-30,4.0068,simulation
1986-10-01,1.8499546,simulation
1986-10-02,2.717597,simulation
1986-10-03,3.2569,simulation
1986-10-04,3.7039,simulation
1986-10-05,3.4791,simulation
1986-10-06,1.4393171,simulation
1986-10-07,1.495769,simulation
1986-10-08,0.92687,simulation
1986-10-09,0.35415035,simulation
1986-10-10,0.95662063,simulation
1986-10-11,0.442032,simulation
1986-10-12,0.34374657,simulation
1986-10-13,0.2936,simulation
1986-10-14,1.4411957,simulation
1986-10-15,3.1689003,simulation
1986-10-16,3.5464,simulation
1986-10-17,3.4286003,simulation
1986-10-18,3.4547,simulation
1986-10-19,3.7431,simulation
1986-10-20,3.4151,simulation
1986-10-21,1.7666442,simulation
1986-10-22,0.6805681,simulation
1986-10-23,0.5115993,simulation
1986-10-24,0.41650268,simulation
1986-10-25,0.73626405,simulation
1986-10-26,1.9732572,simulation
1986-10-27,1.7214196,simulation
1986-10-28,2.9166,simulation
1986-10-29,2.561346,simulation
1986-10-30,2.9175,simulation
1986-10-31,2.3959749,simulation
1986-11-01,0.46586737,simulation
1986-11-02,1.4049802,simulation
1986-11-03,0.6394522,simulation
1986-11-04,0.55417806,simulation
1986-11-05,0.5259015,simulation
1986-11-06,0.6058997,simulation
1986-11-07,0.7081101,simulation
1986-11-08,1.3343744,simulation
1986-11-09,1.478035,simulation
1986-11-10,1.7114608,simulation
1986-11-11,0.47820148,simulation
1986-11-12,0.82021767,simulation
1986-11-13,1.1220026,simulation
1986-11-14,0.61870027,simulation
1986-11-15,0.5774975,simulation
1986-11-16,0.45789114,simulation
1986-11-17,0.7837648,simulation
1986-11-18,0.6585647,simulation
1986-11-19,1.0444318,simulation
1986-11-20,1.7918473,simulation
1986-11-21,2.1472855,simulation
1986-11-22,0.3677,simulation
1986-11-23,0.48980004,simulation
1986-11-24,0.2578,simulation
1986-11-25,0.372,simulation
1986-11-26,0.6827,simulation
1986-11-27,0.4206,simulation
1986-11-28,0.2984,simulation
1986-11-29,0.4191,simulation
1986-11-30,0.2622,simulation
1986-12-01,0.24029998,simulation
1986-12-02,1.1057355,simulation
1986-12-03,1.2640883,simulation
1986-12-04,0.720585,simulation
1986-12-05,1.5393498,simulation
1986-12-06,1.3743515,simulation
1986-12-07,0.6227854,simulation
1986-12-08,0.8970507,simulation
1986-12-09,0.3872,simulation
1986-12-10,0.2367,simulation
1986-12-11,0.3131,simulation
1986-12-12,0.9162969,simulation
1986-12-13,0.7463505,simulation
1986-12-14,0.507,simulation
1986-12-15,0.22270001,simulation
1986-12-16,0.3862,simulation
1986-12-17,0.134,simulation
1986-12-18,0.21,simulation
1986-12-19,0.5436,simulation
1986-12-20,0.79038435,simulation
1986-12-21,0.6376946,simulation
1986-12-22,0.6419884,simulation
1986-12-23,0.1613,simulation
1986-12-24,0.1806,simulation
1986-12-25,0.4241,simulation
1986-12-26,0.5119,simulation
1986-12-27,0.90828526,simulation
1986-12-28,0.387,simulation
1986-12-29,0.708449,simulation
1986-12-30,0.8697551,simulation
1986-12-31,0.379,simulation
1987-01-01,1.08389,simulation
1987-01-02,1.0733795,simulation
1987-01-03,0.667267,simulation
1987-01-04,0.6233158,simulation
1987-01-05,1.2074875,simulation
1987-01-06,0.66327703,simulation
1987-01-07,0.5790907,simulation
1987-01-08,0.8018941,simulation
1987-01-09,0.5952878,simulation
1987-01-10,0.75771505,simulation
1987-01-11,1.1801889,simulation
1987-01-12,1.5835466,simulation
1987-01-13,0.6363563,simulation
1987-01-14,0.1765,simulation
1987-01-15,0.1252,simulation
1987-01-16,0.1883,simulation
1987-01-17,0.1953,simulation
1987-01-18,0.13559999,simulation
1987-01-19,1.6057155,simulation
1987-01-20,0.6103,simulation
1987-01-21,0.4967,simulation
1987-01-22,0.9493693,simulation
1987-01-23,1.7815998,simulation
1987-01-24,0.69693035,simulation
1987-01-25,0.2373,simulation
1987-01-26,0.9815975,simulation
1987-01-27,1.2989159,simulation
1987-01-28,1.5066675,simulation
1987-01-29,1.2913777,simulation
1987-01-30,3.0513,simulation
1987-01-31,1.0677991,simulation
1987-02-01,0.8876141,simulation
1987-02-02,0.4985,simulation
1987-02-03,0.62869835,simulation
1987-02-04,0.6713054,simulation
1987-02-05,0.61893404,simulation
1987-02-06,0.16129999,simulation
1987-02-07,2.5926,simulation
1987-02-08,3.0779002,simulation
1987-02-09,2.6167,simulation
1987-02-10,1.1079259,simulation
1987-02-11,1.2952846,simulation
1987-02-12,2.0301871,simulation
1987-02-13,2.8106,simulation
1987-02-14,2.764,simulation
1987-02-15,0.5324,simulation
1987-02-16,0.3602,simulation
1987-02-17,0.4824,simulation
1987-02-18,0.605718,simulation
1987-02-19,0.932997,simulation
1987-02-20,0.4671,simulation
1987-02-21,0.2085,simulation
1987-02-22,0.3216,simulation
1987-02-23,0.6405,simulation
1987-02-24,0.5729,simulation
1987-02-25,0.7157861,simulation
1987-02-26,0.2747,simulation
1987-02-27,0.2815,simulation
1987-02-28,2.3767,simulation
1987-03-01,1.4803958,simulation
1987-03-02,2.784,simulation
1987-03-03,2.2553,simulation
1987-03-04,3.9348998,simulation
1987-03-05,3.0295,simulation
1987-03-06,3.1151,simulation
1987-03-07,0.69966567,simulation
1987-03-08,0.2759,simulation
1987-03-09,2.452,simulation
1987-03-10,0.7774813,simulation
1987-03-11,0.62138003,simulation
1987-03-12,2.1377,simulation
1987-03-13,3.3568,simulation
1987-03-14,4.1497,simulation
1987-03-15,1.2387313,simulation
1987-03-16,3.1062002,simulation
1987-03-17,1.6126833,simulation
1987-03-18,2.7999,simulation
1987-03-19,3.4257998,simulation
1987-03-20,3.3032997,simulation
1987-03-21,4.4649,simulation
1987-03-22,2.9964998,simulation
1987-03-23,3.9913,simulation
1987-03-24,3.8624,simulation
1987-03-25,2.3284,simulation
1987-03-26,1.3094926,simulation
1987-03-27,1.2350541,simulation
1987-03-28,4.9869,simulation
1987-03-29,1.4964848,simulation
1987-03-30,0.49520004,simulation
1987-03-31,3.3831997,simulation
1987-04-01,4.5458,simulation
1987-04-02,0.8847387,simulation
1987-04-03,0.86104983,simulation
1987-04-04,3.95,simulation
1987-04-05,4.3019,simulation
1987-04-06,4.0091996,simulation
1987-04-07,3.5016,simulation
1987-04-08,4.1324,simulation
1987-04-09,4.8784003,simulation
1987-04-10,5.6235995,simulation
1987-04-11,3.9519997,simulation
1987-04-12,4.6926,simulation
1987-04-13,1.9949517,simulation
1987-04-14,5.458001,simulation
1987-04-15,1.3048234,simulation
1987-04-16,4.0931005,simulation
1987-04-17,4.9803,simulation
1987-04-18,5.8971,simulation
1987-04-19,6.1463,simulation
1987-04-20,6.263601,simulation
1987-04-21,6.4178996,simulation
1987-04-22,1.3043694,simulation
1987-04-23,6.2928996,simulation
1987-04-24,6.107501,simulation
1987-04-25,6.321101,simulation
1987-04-26,6.2310004,simulation
1987-04-27,6.5726013,simulation
1987-04-28,6.9577017,simulation
1987-04-29,6.4323997,simulation
1987-04-30,4.3862,simulation
1987-05-01,6.2196007,simulation
1987-05-02,1.3557788,simulation
1987-05-03,0.83111703,simulation
1987-05-04,1.7350601,simulation
1987-05-05,1.9527436,simulation
1987-05-06,0.9725295,simulation
1987-05-07,1.068177,simulation
1987-05-08,6.137801,simulation
1987-05-09,4.2177,simulation
1987-05-10,1.1665255,simulation
1987-05-11,2.2685,simulation
1987-05-12,1.8825529,simulation
1987-05-13,2.0987,simulation
1987-05-14,1.1801888,simulation
1987-05-15,2.3153,simulation
1987-05-16,2.7783,simulation
1987-05-17,1.2116338,simulation
1987-05-18,2.1041,simulation
1987-05-19,1.9169576,simulation
1987-05-20,3.4112,simulation
1987-05-21,4.9193997,simulation
1987-05-22,4.2175,simulation
1987-05-23,4.6706004,simulation
1987-05-24,2.4485,simulation
1987-05-25,3.2264998,simulation
1987-05-26,5.828201,simulation
1987-05-27,6.3694005,simulation
1987-05-28,3.8631,simulation
1987-05-29,3.1989,simulation
1987-05-30,3.6704,simulation
1987-05-31,5.6595993,simulation
1987-06-01,6.4757004,simulation
1987-06-02,4.5944,simulation
1987-06-03,4.0063,simulation
1987-06-04,2.4498,simulation
1987-06-05,5.7984996,simulation
1987-06-06,6.9161983,simulation
1987-06-07,6.467799,simulation
1987-06-08,6.0611997,simulation
1987-06-09,3.1501002,simulation
1987-06-10,1.3993049,simulation
1987-06-11,3.7914,simulation
1987-06-12,0.71694684,simulation
1987-06-13,0.75883675,simulation
1987-06-14,2.3031,simulation
1987-06-15,2.4446,simulation
1987-06-16,4.6988997,simulation
1987-06-17,2.2136433,simulation
1987-06-18,2.3668,simulation
1987-06-19,0.9700763,simulation
1987-06-20,3.5467,simulation
1987-06-21,2.6396,simulation
1987-06-22,4.3011994,simulation
1987-06-23,5.716101,simulation
1987-06-24,4.9542003,simulation
1987-06-25,4.2756,simulation
1987-06-26,4.9524007,simulation
1987-06-27,5.7517996,simulation
1987-06-28,7.5252013,simulation
1987-06-29,7.641501,simulation
1987-06-30,4.2904,simulation
1987-07-01,2.3628,simulation
1987-07-02,2.8025,simulation
1987-07-03,4.4898,simulation
1987-07-04,3.6937,simulation
1987-07-05,5.5554,simulation
1987-07-06,3.4327,simulation
1987-07-07,1.9497501,simulation
1987-07-08,3.14,simulation
1987-07-09,3.8186,simulation
1987-07-10,3.1448,simulation
1987-07-11,5.8858995,simulation
1987-07-12,7.0501995,simulation
1987-07-13,3.1575,simulation
1987-07-14,3.4099,simulation
1987-07-15,4.5085,simulation
1987-07-16,7.5075974,simulation
1987-07-17,7.1923985,simulation
1987-07-18,7.0556006,simulation
1987-07-19,6.353999,simulation
1987-07-20,7.0591016,simulation
1987-07-21,1.0415239,simulation
1987-07-22,2.7097998,simulation
1987-07-23,3.983,simulation
1987-07-24,3.3465,simulation
1987-07-25,2.8979,simulation
1987-07-26,6.0247,simulation
1987-07-27,7.0678005,simulation
1987-07-28,6.8961015,simulation
1987-07-29,7.702198,simulation
1987-07-30,7.2734,simulation
1987-07-31,6.7797,simulation
1987-08-01,6.7729015,simulation
1987-08-02,3.0526,simulation
1987-08-03,5.2394004,simulation
1987-08-04,1.6393156,simulation
1987-08-05,3.1954,simulation
1987-08-06,1.9204402,simulation
1987-08-07,5.2485995,simulation
1987-08-08,6.1982994,simulation
1987-08-09,5.4844003,simulation
1987-08-10,2.075585,simulation
1987-08-11,1.2120943,simulation
1987-08-12,1.0590788,simulation
1987-08-13,1.006472,simulation
1987-08-14,0.83910507,simulation
1987-08-15,3.8629,simulation
1987-08-16,3.6133,simulation
1987-08-17,1.4697554,simulation
1987-08-18,3.3985,simulation
1987-08-19,3.5198,simulation
1987-08-20,6.6029987,simulation
1987-08-21,7.0642014,simulation
1987-08-22,6.6333,simulation
1987-08-23,6.770701,simulation
1987-08-24,7.078699,simulation
1987-08-25,6.632802,simulation
1987-08-26,6.103201,simulation
1987-08-27,3.8219,simulation
1987-08-28,3.953,simulation
1987-08-29,4.5364,simulation
1987-08-30,0.9945116,simulation
1987-08-31,0.72253907,simulation
1987-09-01,3.8805,simulation
1987-09-02,6.4588003,simulation
1987-09-03,6.619199,simulation
1987-09-04,6.0799003,simulation
1987-09-05,5.9952006,simulation
1987-09-06,1.7735658,simulation
1987-09-07,1.2560583,simulation
1987-09-08,4.4853997,simulation
1987-09-09,4.8703,simulation
1987-09-10,4.668,simulation
1987-09-11,2.3926039,simulation
1987-09-12,2.4461243,simulation
1987-09-13,3.8916,simulation
1987-09-14,4.8267,simulation
1987-09-15,3.2648997,simulation
1987-09-16,1.0151104,simulation
1987-09-17,1.2873366,simulation
1987-09-18,1.065976,simulation
1987-09-19,0.60813814,simulation
1987-09-20,5.4115,simulation
1987-09-21,4.9054008,simulation
1987-09-22,4.8070993,simulation
1987-09-23,4.7980003,simulation
1987-09-24,4.9016,simulation
1987-09-25,4.719,simulation
1987-09-26,2.9771,simulation
1987-09-27,3.0291,simulation
1987-09-28,3.9099,simulation
1987-09-29,0.62674004,simulation
1987-09-30,5.3121,simulation
1987-10-01,4.8396,simulation
1987-10-02,5.2173996,simulation
1987-10-03,5.2394,simulation
1987-10-04,4.1222,simulation
1987-10-05,4.2593994,simulation
1987-10-06,4.6488,simulation
1987-10-07,4.3748,simulation
1987-10-08,4.0038,simulation
1987-10-09,3.7575,simulation
1987-10-10,4.3938,simulation
1987-10-11,4.4275,simulation
1987-10-12,3.8993,simulation
1987-10-13,4.0254,simulation
1987-10-14,4.0627,simulation
1987-10-15,3.0987,simulation
1987-10-16,3.1841,simulation
1987-10-17,3.354,simulation
1987-10-18,2.9724,simulation
1987-10-19,1.2770678,simulation
1987-10-20,0.6918305,simulation
1987-10-21,3.8391,simulation
1987-10-22,3.1104,simulation
1987-10-23,3.0903,simulation
1987-10-24,0.61152667,simulation
1987-10-25,0.632732,simulation
1987-10-26,0.45208082,simulation
1987-10-27,3.1715,simulation
1987-10-28,3.2363,simulation
1987-10-29,3.1676,simulation
1987-10-30,3.8578,simulation
1987-10-31,3.622,simulation
1987-11-01,3.5877,simulation
1987-11-02,3.442,simulation
1987-11-03,2.5043201,simulation
1987-11-04,0.51312953,simulation
1987-11-05,4.4175,simulation
1987-11-06,4.1195,simulation
1987-11-07,3.3662,simulation
1987-11-08,0.6909862,simulation
1987-11-09,0.3609574,simulation
1987-11-10,0.38600287,simulation
1987-11-11,1.8520336,simulation
1987-11-12,1.4551824,simulation
1987-11-13,0.52707666,simulation
1987-11-14,1.3765851,simulation
1987-11-15,1.0528861,simulation
1987-11-16,0.6552362,simulation
1987-11-17,1.1684992,simulation
1987-11-18,0.7301058,simulation
1987-11-19,0.94728965,simulation
1987-11-20,2.7201436,simulation
1987-11-21,1.579101,simulation
1987-11-22,2.7879,simulation
1987-11-23,2.994,simulation
1987-11-24,0.89649725,simulation
1987-11-25,1.3615974,simulation
1987-11-26,0.47825167,simulation
1987-11-27,0.1896,simulation
1987-11-28,0.8741319,simulation
1987-11-29,0.7424826,simulation
1987-11-30,0.8855586,simulation
1987-12-01,1.301587,simulation
1987-12-02,1.0614446,simulation
1987-12-03,0.6593402,simulation
1987-12-04,2.8749,simulation
1987-12-05,0.97357684,simulation
1987-12-06,0.8568074,simulation
1987-12-07,0.76378,simulation
1987-12-08,0.43413955,simulation
1987-12-09,0.43734923,simulation
1987-12-10,1.2143233,simulation
1987-12-11,0.7394382,simulation
1987-12-12,1.2048584,simulation
1987-12-13,1.135248,simulation
1987-12-14,0.72294056,simulation
1987-12-15,1.2044207,simulation
1987-12-16,1.3602297,simulation
1987-12-17,0.9791731,simulation
1987-12-18,0.48573786,simulation
1987-12-19,0.7527071,simulation
1987-12-20,0.77358496,simulation
1987-12-21,0.055500004,simulation
1987-12-22,0.62174433,simulation
1987-12-23,1.319333,simulation
1987-12-24,0.55058193,simulation
1987-12-25,0.7047669,simulation
1987-12-26,0.1667,simulation
1987-12-27,0.1808,simulation
1987-12-28,0.7698544,simulation
1987-12-29,0.8033771,simulation
1987-12-30,0.5711739,simulation
1987-12-31,0.3984,simulation
1988-01-01,0.21659999,simulation
1988-01-02,0.76222605,simulation
1988-01-03,0.41139996,simulation
1988-01-04,0.6634676,simulation
1988-01-05,0.9096425,simulation
1988-01-06,0.83587486,simulation
1988-01-07,0.13400002,simulation
1988-01-08,0.095099986,simulation
1988-01-09,0.1503,simulation
1988-01-10,0.5965769,simulation
1988-01-11,0.9593511,simulation
1988-01-12,0.6034109,simulation
1988-01-13,1.4839664,simulation
1988-01-14,0.8616788,simulation
1988-01-15,1.2584742,simulation
1988-01-16,0.7449778,simulation
1988-01-17,0.4025,simulation
1988-01-18,0.1809,simulation
1988-01-19,0.6184235,simulation
1988-01-20,1.1016722,simulation
1988-01-21,0.68151665,simulation
1988-01-22,1.0887364,simulation
1988-01-23,1.8369737,simulation
1988-01-24,0.4718,simulation
1988-01-25,1.2511148,simulation
1988-01-26,1.0485536,simulation
1988-01-27,1.2443858,simulation
1988-01-28,1.9867318,simulation
1988-01-29,0.98131305,simulation
1988-01-30,1.4511728,simulation
1988-01-31,0.55736834,simulation
1988-02-01,0.4019,simulation
1988-02-02,0.2617,simulation
1988-02-03,0.1585,simulation
1988-02-04,0.5355,simulation
1988-02-05,0.8332651,simulation
1988-02-06,1.9115342,simulation
1988-02-07,0.5581325,simulation
1988-02-08,0.9591708,simulation
1988-02-09,0.7895805,simulation
1988-02-10,2.3763,simulation
1988-02-11,0.2686,simulation
1988-02-12,1.4227293,simulation
1988-02-13,2.2653,simulation
1988-02-14,0.91737527,simulation
1988-02-15,0.7493706,simulation
1988-02-16,2.3557,simulation
1988-02-17,1.0884194,simulation
1988-02-18,0.279,simulation
1988-02-19,0.4362,simulation
1988-02-20,1.0112821,simulation
1988-02-21,2.3449,simulation
1988-02-22,3.9633005,simulation
1988-02-23,1.0287968,simulation
1988-02-24,2.9371,simulation
1988-02-25,2.7664,simulation
1988-02-26,2.1855,simulation
1988-02-27,0.679376,simulation
1988-02-28,3.4785,simulation
1988-02-29,2.6823,simulation
1988-03-01,2.5061,simulation
1988-03-02,1.062821,simulation
1988-03-03,1.058438,simulation
1988-03-04,0.6523718,simulation
1988-03-05,0.7692319,simulation
1988-03-06,2.473,simulation
1988-03-07,3.4114,simulation
1988-03-08,0.5137,simulation
1988-03-09,0.5528245,simulation
1988-03-10,2.558,simulation
1988-03-11,4.1948004,simulation
1988-03-12,0.69933707,simulation
1988-03-13,4.0173,simulation
1988-03-14,3.5957,simulation
1988-03-15,3.2130003,simulation
1988-03-16,3.3816,simulation
1988-03-17,3.5521998,simulation
1988-03-18,0.3116,simulation
1988-03-19,3.3738,simulation
1988-03-20,4.4815,simulation
1988-03-21,5.0152,simulation
1988-03-22,4.5245,simulation
1988-03-23,2.6096,simulation
1988-03-24,3.5579998,simulation
1988-03-25,0.47399998,simulation
1988-03-26,3.8044002,simulation
1988-03-27,4.8591,simulation
1988-03-28,2.7184,simulation
1988-03-29,2.3071,simulation
1988-03-30,0.2564,simulation
1988-03-31,0.57744586,simulation
1988-04-01,2.4515,simulation
1988-04-02,0.7794705,simulation
1988-04-03,0.9269553,simulation
1988-04-04,4.529,simulation
1988-04-05,5.8100996,simulation
1988-04-06,6.221199,simulation
1988-04-07,5.8404,simulation
1988-04-08,4.7088,simulation
1988-04-09,1.4558953,simulation
1988-04-10,1.5956435,simulation
1988-04-11,0.4925,simulation
1988-04-12,3.1368,simulation
1988-04-13,5.3318,simulation
1988-04-14,4.9404,simulation
1988-04-15,5.1072006,simulation
1988-04-16,3.4673,simulation
1988-04-17,3.6123,simulation
1988-04-18,1.266757,simulation
1988-04-19,2.7582,simulation
1988-04-20,5.4457016,simulation
1988-04-21,2.2769,simulation
1988-04-22,0.72142357,simulation
1988-04-23,0.69775736,simulation
1988-04-24,6.493399,simulation
1988-04-25,1.5378819,simulation
1988-04-26,5.8745,simulation
1988-04-27,5.953201,simulation
1988-04-28,4.7568994,simulation
1988-04-29,2.4096,simulation
1988-04-30,0.950429,simulation
1988-05-01,5.8690987,simulation
1988-05-02,6.3677993,simulation
1988-05-03,5.0728,simulation
1988-05-04,5.1925,simulation
1988-05-05,6.3028984,simulation
1988-05-06,4.9145,simulation
1988-05-07,1.7646699,simulation
1988-05-08,3.1341999,simulation
1988-05-09,3.8087,simulation
1988-05-10,5.700301,simulation
1988-05-11,4.9038997,simulation
1988-05-12,0.92809004,simulation
1988-05-13,5.8913994,simulation
1988-05-14,6.109099,simulation
1988-05-15,5.9269,simulation
1988-05-16,4.6489,simulation
1988-05-17,7.4566994,simulation
1988-05-18,6.897701,simulation
1988-05-19,6.4730015,simulation
1988-05-20,5.852601,simulation
1988-05-21,3.0201,simulation
1988-05-22,2.57,simulation
1988-05-23,4.6616,simulation
1988-05-24,0.8689304,simulation
1988-05-25,4.3858004,simulation
1988-05-26,7.197999,simulation
1988-05-27,7.0399017,simulation
1988-05-28,7.267099,simulation
1988-05-29,7.5740986,simulation
1988-05-30,7.277899,simulation
1988-05-31,6.748798,simulation
1988-06-01,6.2112994,simulation
1988-06-02,4.0312,simulation
1988-06-03,3.2916,simulation
1988-06-04,4.4112,simulation
1988-06-05,4.1099,simulation
1988-06-06,3.6502,simulation
1988-06-07,2.6742027,simulation
1988-06-08,7.638502,simulation
1988-06-09,3.731,simulation
1988-06-10,8.1738,simulation
1988-06-11,7.3759017,simulation
1988-06-12,7.059602,simulation
1988-06-13,7.723001,simulation
1988-06-14,7.0854015,simulation
1988-06-15,7.2680016,simulation
1988-06-16,6.4969997,simulation
1988-06-17,4.6451,simulation
1988-06-18,2.1055694,simulation
1988-06-19,3.3756,simulation
1988-06-20,6.8805995,simulation
1988-06-21,6.561501,simulation
1988-06-22,1.9244746,simulation
1988-06-23,1.7636135,simulation
1988-06-24,3.3716,simulation
1988-06-25,3.5599,simulation
1988-06-26,3.8156002,simulation
1988-06-27,6.3505006,simulation
1988-06-28,9.1148,simulation
1988-06-29,5.2419004,simulation
1988-06-30,3.6989002,simulation
1988-07-01,4.8128,simulation
1988-07-02,5.0516,simulation
1988-07-03,3.6821997,simulation
1988-07-04,3.6329,simulation
1988-07-05,0.70337605,simulation
1988-07-06,0.8736736,simulation
1988-07-07,1.8447233,simulation
1988-07-08,2.9914513,simulation
1988-07-09,2.3584647,simulation
1988-07-10,1.1721915,simulation
1988-07-11,3.2013,simulation
1988-07-12,4.8535,simulation
1988-07-13,2.0829887,simulation
1988-07-14,5.2438,simulation
1988-07-15,6.324101,simulation
1988-07-16,3.9554002,simulation
1988-07-17,2.483907,simulation
1988-07-18,3.1441,simulation
1988-07-19,3.9605002,simulation
1988-07-20,4.6009,simulation
1988-07-21,1.0335108,simulation
1988-07-22,1.9183918,simulation
1988-07-23,6.0855002,simulation
1988-07-24,6.958501,simulation
1988-07-25,3.5934,simulation
1988-07-26,1.2723631,simulation
1988-07-27,4.5122,simulation
1988-07-28,5.838599,simulation
1988-07-29,4.7664,simulation
1988-07-30,4.728,simulation
1988-07-31,5.8235006,simulation
1988-08-01,5.0325003,simulation
1988-08-02,5.7808995,simulation
1988-08-03,5.4792,simulation
1988-08-04,4.3971,simulation
1988-08-05,2.6670747,simulation
1988-08-06,1.9720513,simulation
1988-08-07,2.2291446,simulation
1988-08-08,5.193,simulation
1988-08-09,1.4727893,simulation
1988-08-10,3.338,simulation
1988-08-11,4.6816,simulation
1988-08-12,3.9031997,simulation
1988-08-13,5.9854,simulation
1988-08-14,6.372901,simulation
1988-08-15,5.7061,simulation
1988-08-16,3.9378,simulation
1988-08-17,3.7883997,simulation
1988-08-18,4.6482,simulation
1988-08-19,2.3756645,simulation
1988-08-20,2.4470837,simulation
1988-08-21,0.39008006,simulation
1988-08-22,2.128531,simulation
1988-08-23,1.3936735,simulation
1988-08-24,1.5332261,simulation
1988-08-25,6.9837985,simulation
1988-08-26,6.4915004,simulation
1988-08-27,6.1208997,simulation
1988-08-28,5.0148997,simulation
1988-08-29,3.4702,simulation
1988-08-30,2.942,simulation
1988-08-31,4.6534,simulation
1988-09-01,0.9953692,simulation
1988-09-02,0.7897895,simulation
1988-09-03,0.47107413,simulation
1988-09-04,1.2055982,simulation
1988-09-05,5.1566005,simulation
1988-09-06,6.2567,simulation
1988-09-07,5.8222995,simulation
1988-09-08,5.0783005,simulation
1988-09-09,4.3806,simulation
1988-09-10,1.6838975,simulation
1988-09-11,2.7848,simulation
1988-09-12,2.7325997,simulation
1988-09-13,3.5829,simulation
1988-09-14,5.1239,simulation
1988-09-15,1.0693916,simulation
1988-09-16,0.58809,simulation
1988-09-17,0.99325764,simulation
1988-09-18,1.8259002,simulation
1988-09-19,2.6515996,simulation
1988-09-20,3.446,simulation
1988-09-21,3.0184,simulation
1988-09-22,4.7803006,simulation
1988-09-23,4.3086,simulation
1988-09-24,2.9397,simulation
1988-09-25,1.9950267,simulation
1988-09-26,4.2386,simulation
1988-09-27,2.5648,simulation
1988-09-28,1.6380367,simulation
1988-09-29,1.0470002,simulation
1988-09-30,2.0676572,simulation
